"reaction","phi","rel_phi","mu","mu_norm","convergence","f.TS","f.ATPS","f.AAS","f.NTS","f.ADPS","f.RNAP","f.DNAP","f.R"
"TS",0.0679,1.00059980125811,1.01835607157002,0.999999763430555,4,1.24541756048199,12.2708780305669,0.586974421276532,3.6257187585075,0.138756467005104,0.404918587773097,0.118239958351496,9.03142219252432
"TS",0.0676729096989967,0.997253313628481,1.01835130224799,0.999995080077616,4,1.24589944881295,12.2949724373865,0.588928910103566,3.61757474598035,0.138744842688203,0.404212438737401,0.117559645853473,9.06505909390757
"TS",0.0674458193979933,0.993906825998855,1.01833143467998,0.999975570631106,4,1.24638464661083,12.3192323272933,0.590897354089447,3.60935637175624,0.13873381678835,0.403494535682784,0.116876694637325,9.09894529439765
"TS",0.06721872909699,0.99056033836923,1.01829631883904,0.999941087768366,4,1.24687102790447,12.3435513932338,0.592871123649547,3.60109962095485,0.138723443304738,0.402767972245933,0.116194133673763,9.13293232796624
"TS",0.0669916387959866,0.987213850739604,1.01824581668822,0.999891495940636,4,1.24735858231972,12.3679291153838,0.594850176599447,3.59280467422808,0.138713718345117,0.402032744372535,0.11551200173826,9.16701946662276
"TS",0.0667645484949833,0.983867363109978,1.0181797890365,0.999826658465859,4,1.24784731274739,12.3923656376017,0.59683450128056,3.58447176444274,0.138704651296059,0.401288873086213,0.114830310032266,9.2012066179333
"TS",0.0665374581939799,0.980520875480352,1.01809809674258,0.99974643871083,4,1.24833720858732,12.4168604279614,0.598824073305893,3.57610086600603,0.138696236354671,0.400536320970087,0.114149092992557,9.23549325193448
"TS",0.0663103678929766,0.977174387850727,1.01800060094984,0.999650700321873,4,1.24882826381595,12.4414131910335,0.60081884584325,3.56769234721262,0.138688471060132,0.399775121596079,0.113468387956224,9.26987868467649
"TS",0.0660832775919732,0.973827900221101,1.017887161278,0.999539305449126,4,1.24932047493632,12.4660237473249,0.602818807459586,3.55924624464222,0.138681358620212,0.399005255754077,0.112788216251283,9.30436268736119
"TS",0.0658561872909699,0.970481412591475,1.0177576372762,0.999412116173414,4,1.2498138365492,12.4906918266861,0.604823933679485,3.55076269325797,0.138674897078355,0.398226725287934,0.112108600420759,9.3389448402664
"TS",0.0656290969899666,0.967134924961849,1.01761188968141,0.999268995741991,4,1.2503083405705,12.5154170227497,0.606834176035611,3.54224202785228,0.138669086587465,0.397439550747263,0.111429579534038,9.37362437418562
"TS",0.0654020066889632,0.963788437332224,1.01744977734233,0.999109805547852,4,1.25080398135311,12.540199060946,0.608849511536816,3.53368434673685,0.138663926520918,0.396643727032859,0.110751176076886,9.4084009008173
"TS",0.0651749163879599,0.960441949702598,1.01727115955053,0.998934407418916,4,1.25130075270614,12.5650376276661,0.610869908806396,3.52508985615313,0.138659416374238,0.395839261508854,0.110073419680967,9.44327388044666
"TS",0.0649478260869565,0.957095462072972,1.01707589856258,0.99874266609463,4,1.25179863477733,12.5899317660071,0.612895302813114,3.51645874984873,0.138655554642246,0.395026155130019,0.109396342244803,9.47824211186486
"TS",0.0647207357859532,0.953748974443346,1.01686384293526,0.99853443286161,4,1.25229766077889,12.6148830374047,0.614925760270043,3.50779119426593,0.138652342882056,0.394204429746059,0.108719958142453,9.51330706196276
"TS",0.0644936454849498,0.95040248681372,1.01663486150494,0.998309578920489,4,1.25279778405483,12.6398892000896,0.616961147905921,3.49908741992019,0.138649777901242,0.393374079496046,0.108044308901096,9.54846614502922
"TS",0.0642665551839465,0.947055999184094,1.01638881111372,0.998067963693876,4,1.25329900683359,12.6649503411324,0.619001448976692,3.49034768753042,0.138647859517054,0.392535124950764,0.107369422933619,9.58371918570051
"TS",0.0640394648829431,0.943709511554469,1.01612554742465,0.99780944544653,4,1.253801328688,12.690066433637,0.621046643147391,3.48157215701543,0.138646586296291,0.391687567616738,0.106695328114766,9.61906599382328
"TS",0.0638123745819398,0.940363023924843,1.01584492775186,0.997533884064579,4,1.25430474003702,12.7152369983816,0.623096723257689,3.47276087619412,0.138645958200646,0.390831415684842,0.10602202771792,9.65450601632217
"TS",0.0635852842809365,0.937016536295217,1.01554681256836,0.997241142536049,4,1.25480923175553,12.7404615867182,0.625151609650869,3.46391428871904,0.138645972908593,0.389966690580814,0.105349578531787,9.69003833076397
"TS",0.0633581939799331,0.933670048665591,1.01523106037893,0.996931081916244,4,1.25531479460867,12.765739730397,0.627211271042883,3.45503257696451,0.138646629490132,0.389093406313591,0.104678001071511,9.72566226090328
"TS",0.0631311036789298,0.930323561035966,1.01489752689668,0.996603560519108,4,1.25582142523933,12.7910712605248,0.629275682534345,3.44611594835089,0.138647926584706,0.388211576988106,0.10400732055118,9.7613774187421
"TS",0.0629040133779264,0.92697707340634,1.01454606907336,0.996258437874895,4,1.2563291137275,12.8164556779114,0.631344813972991,3.43716448057394,0.138649862506878,0.387321198247713,0.103337555460695,9.79718319964135
"TS",0.0626769230769231,0.923630585776714,1.01417655764168,0.995895587046401,4,1.25683783643047,12.8418918145277,0.633418548848796,3.42817885349771,0.138652435941219,0.386422335533886,0.102668763646944,9.83307768646786
"TS",0.0624498327759197,0.920284098147088,1.01378882081729,0.995514839345788,4,1.25734762432089,12.8673812149445,0.63549701151734,3.41915855816239,0.138655644905161,0.385514929777387,0.102000918050928,9.86906302071957
"TS",0.0622227424749164,0.916937610517462,1.01338274808928,0.995116086254126,4,1.25785842789917,12.8929213982041,0.637579988746674,3.41010462570728,0.138659487895113,0.384599080480603,0.101334102711587,9.90513554499271
"TS",0.061995652173913,0.913591122887837,1.01295817813869,0.994699169360316,4,1.25837025999372,12.9185129983116,0.639667544819905,3.40101671371501,0.138663962964704,0.383674742364686,0.100668304042219,9.94129627710009
"TS",0.0617685618729097,0.910244635258211,1.01251497906821,0.994263959144553,4,1.25888310249602,12.9441551142842,0.641759581902268,3.39189544448589,0.138669068207175,0.382741978658465,0.100003573400866,9.97754363617026
"TS",0.0615414715719064,0.906898147628585,1.0120530059144,0.99381031325642,4,1.25939694845391,12.9698474116703,0.64385607322959,3.38274095745355,0.138674801542763,0.381800797394518,0.0993399299447523,10.0138771303551
"TS",0.061314381270903,0.903551659998959,1.01157211973966,0.993338095262736,4,1.25991178555502,12.9955892758098,0.645956962964075,3.37355356391666,0.138681160807298,0.380851226443072,0.0986774040162659,10.0502957978079
"TS",0.0610872909698997,0.900205172369334,1.0110721749553,0.992847162199098,4,1.26042761046048,13.0213805229992,0.648062224175384,3.36433349748221,0.138688144911762,0.3798932814434,0.0980160247593572,10.0867992061752
"TS",0.0608602006688963,0.896858684739708,1.01055302932649,0.992337374394525,4,1.26094441038059,13.0472205184148,0.650171817231641,3.35508086758363,0.138695748557168,0.378926984942819,0.0973557924801662,10.123386586607
"TS",0.060633110367893,0.893512197110082,1.01001454561306,0.991808597082672,4,1.26146217487456,13.0731087435027,0.652285676240133,3.34579616512809,0.138703972300499,0.377952370778988,0.0966967638574177,10.1600568871215
"TS",0.0604060200668896,0.890165709480456,1.00945658150322,0.991260690516959,4,1.26198089415912,13.0990447072162,0.654403761151683,3.33647959393796,0.138712812703504,0.376969462908554,0.0960389548681717,10.1968093884315
"TS",0.0601789297658863,0.886819221850831,1.00887899909214,0.990693519278368,4,1.26250055756431,13.1250278788447,0.656526010954246,3.32713157295326,0.138722267669097,0.375978306450678,0.0953823996198602,10.2336431065718
"TS",0.0599518394648829,0.883472734221205,1.00828164592437,0.990106933659517,4,1.26302115954779,13.1510579577047,0.658652430905895,3.31775191615305,0.138732333303791,0.374978871820455,0.0947270956842803,10.270557920035
"TS",0.0597247491638796,0.880126246591579,1.00766440486921,0.989500818641034,4,1.26354267400264,13.1771336991434,0.660782878307251,3.3083415560544,0.138743007843785,0.373971265518726,0.0940731091796979,10.3075515693806
"TS",0.0594976588628763,0.876779758961953,1.00702712068666,0.988875021781192,4,1.26406510360073,13.2032551756391,0.662917364592139,3.29890044502614,0.138754288397225,0.372955479374603,0.0934204432639619,10.3446241821826
"TS",0.0592705685618729,0.873433271332327,1.00636965246984,0.988229404713014,4,1.26458843742636,13.2294218695303,0.665055841856269,3.28942886668939,0.13876617205506,0.371931543653225,0.0927691225244316,10.3817749274458
"TS",0.0590434782608696,0.870086783702702,1.00569186841781,0.987563838011338,4,1.26511265876224,13.2556329370633,0.667198235549192,3.27992722487397,0.138778655655288,0.370899502304654,0.0921191793174932,10.4190025094393
"TS",0.0588163879598662,0.866740296073076,1.00499362982035,0.986878185466251,4,1.26563775662655,13.2818878307158,0.669344494555211,3.27039582519571,0.138791736264755,0.36985938930062,0.0914706386771278,10.4563060422382
"TS",0.0585892976588629,0.86339380844345,1.00427479570995,0.986172308651242,4,1.26616372157144,13.30818607634,0.671494575341351,3.26083493103855,0.138805410716362,0.368811234398073,0.0908235226617046,10.4936847625827
"TS",0.0583622073578595,0.860047320813824,1.00353523180712,0.98544607570727,4,1.2666905392174,13.3345269590621,0.673648414502959,3.25124489507806,0.138819676222637,0.367755076141001,0.0901778596603083,10.5311375624217
"TS",0.0581351170568562,0.856700833184199,1.00277480032356,0.98469935132972,4,1.26721819937526,13.3609099723543,0.675805958659443,3.24162607555647,0.138834527697235,0.366690962493443,0.0895336730199156,10.568663544721
"TS",0.0579080267558528,0.853354345554573,1.0019933582847,0.98393199512121,4,1.26774669349831,13.3873346741401,0.677967172655864,3.23197865971884,0.138849963894377,0.365618909848872,0.0888909824855141,10.6062620583679
"TS",0.0576809364548495,0.850007857924947,1.00119077795236,0.983143881646088,4,1.26827600402909,13.4138001903514,0.680131977025708,3.2223030968134,0.138865980372108,0.364538973313812,0.0882498192496289,10.6439317289057
"TS",0.0574538461538462,0.846661370295321,1.00036692517788,0.982334879173788,4,1.26880611782291,13.4403058790855,0.682300311831018,3.21259975003697,0.138882572710583,0.363451197560281,0.087610210171311,10.6816715150162
"TS",0.0572267558528428,0.843314882665696,0.999521669006007,0.981504859109582,4,1.26933701985164,13.4668509927499,0.684472109421821,3.20286898700596,0.138899739464007,0.362355625191729,0.0869721809022451,10.7194802565865
"TS",0.0569996655518395,0.83996839503607,0.998654857209689,0.980653671970372,4,1.2698687079836,13.4934353906329,0.686647363781753,3.19311086240779,0.138917475649546,0.361252269677232,0.0863357347395284,10.7573577537609
"TS",0.0567725752508361,0.836621907406444,0.997766383962573,0.979781213837373,4,1.27040115363969,13.5200576820515,0.688825942104974,3.18332613348569,0.138935781162514,0.360141217913412,0.0857009233065431,10.7953017754971
"TS",0.0565454849498328,0.833275419776818,0.996856095472727,0.978887333690818,4,1.27093435772695,13.5467178858987,0.691007836533081,3.17351493101876,0.138954641564406,0.359022490133514,0.085067764824721,10.833312220092
"TS",0.0563183946488294,0.829928932147192,0.995923864811539,0.977971906890041,4,1.27146830074406,13.5734150364948,0.693192981351089,3.1636775250161,0.138974060528932,0.357896132483396,0.0844362607241025,10.8713877866358
"TS",0.0560913043478261,0.826582444517567,0.994969566394915,0.977034810114651,4,1.27200296874331,13.6001484363638,0.695381297439201,3.15381444799368,0.138994034865799,0.35676219865892,0.0838064579323829,10.9095272101988
"TS",0.0558642140468227,0.823235956887941,0.993993071363513,0.976075916828055,4,1.27253834696992,13.6269173483996,0.697572721924051,3.14392604666177,0.139014558884237,0.355620739851121,0.0831783750778751,10.9477293626742
"TS",0.0556371237458194,0.819889469258315,0.992994241171911,0.97509509098217,4,1.27307442619546,13.6537213088868,0.699767214047297,3.13401257077793,0.139035628314475,0.354471791345933,0.0825520280636063,10.9859935074583
"TS",0.0554100334448161,0.816542981628689,0.991972957594055,0.97409221648202,4,1.27361118731392,13.6805593630321,0.701964687927658,3.12407450477547,0.13905723877823,0.353315416626708,0.0819274467816484,11.0243181498652
"TS",0.0551829431438127,0.813196493999063,0.990929089170875,0.973067164238138,4,1.27414861836894,13.7074309118628,0.70416508874397,3.11411217966952,0.139079385966918,0.352151661756443,0.0813046512230192,11.0627023263308
"TS",0.0549558528428094,0.809850006369438,0.989862510929392,0.972019811530241,4,1.27468670397707,13.7343351947839,0.706368348919781,3.10412598410174,0.139102065474424,0.350980579972858,0.0806836645039941,11.1011448446859
"TS",0.054728762541806,0.806503518739812,0.988773101942649,0.970950039611129,4,1.27522542761576,13.7612713805967,0.708574394497985,3.09411633869964,0.13912527258015,0.349802229431997,0.0800645109513949,11.1396444061733
"TS",0.0545016722408027,0.803157031110186,0.987658254501908,0.969855287777143,4,1.27576596731946,13.7882983659258,0.710788043815454,3.08406143227995,0.139149056085207,0.348614034967734,0.0794458515455121,11.1782851162565
"TS",0.0542745819397993,0.79981054348056,0.986525268126088,0.968742723970219,4,1.2763047439453,13.8152371962437,0.712994633127287,3.07402799272107,0.139173252565082,0.347423907096766,0.0788317780136317,11.2168109726375
"TS",0.054047491638796,0.796464055850935,0.985366613700336,0.967604954791052,4,1.27684530200377,13.8422651014359,0.715208656219448,3.06395034120269,0.139198015910288,0.346224083608404,0.0782182540884885,11.2554751018954
"TS",0.0538204013377926,0.793117568221309,0.984184621379744,0.966444268392682,4,1.27738644059305,13.8693220191157,0.717425239201567,3.05385040241879,0.139223287926897,0.345017156463905,0.0776066337012902,11.2941920681163
"TS",0.0535933110367893,0.789771080591683,0.982979189602055,0.965260565043556,4,1.27792814386714,13.8964071921228,0.719644262893977,3.04372911720227,0.139249064408746,0.34380326170789,0.0769969599535126,11.332960116823
"TS",0.053366220735786,0.786424592962057,0.981750193880885,0.96405372250121,4,1.27847039694194,13.9235198470267,0.721865675334402,3.03358670925732,0.139275340757054,0.342582432502156,0.0763892465765629,11.3717782119523
"TS",0.0531391304347826,0.783078105332431,0.980497519673545,0.962823628287636,4,1.27901318278117,13.9506591370145,0.72408940121277,3.0234236073576,0.139302110467555,0.341354731191838,0.0757835158393626,11.4106450305729
"TS",0.0529120401337793,0.779731617702806,0.979221041922806,0.961570159599817,4,1.27955648932492,13.9778244639913,0.726315385993625,3.01324015129919,0.139329370124757,0.340120210476362,0.0751797840545096,11.4495596013329
"TS",0.0526849498327759,0.77638513007318,0.977920654679283,0.960293212398151,4,1.2801002972012,14.0050148508798,0.728543543054891,3.00303683068379,0.139357113895098,0.338878941492009,0.0745780761390973,11.4885204024484
"TS",0.0524578595317726,0.773038642443554,0.976596247374371,0.95899267810708,4,1.28064458814498,14.0322294064958,0.730773796050426,2.99281406703566,0.139385336650264,0.337630987229812,0.0739784126469952,11.5275260716466
"TS",0.0522307692307692,0.769692154813928,0.975247698918195,0.957668437819425,4,1.28118936126453,14.0594680638711,0.733006072281369,2.98257267323448,0.139414034623145,0.336376467185071,0.0733808326851403,11.5665757102304
"TS",0.0520036789297659,0.766345667184303,0.973874887117565,0.956320371544583,4,1.28173457282763,14.0867286334451,0.735240365591018,2.97231163647251,0.139443198746095,0.335115248092755,0.0727852832022948,11.6056680644124
"TS",0.0517765886287625,0.762999179554677,0.972477730085206,0.954948398871331,4,1.28228022661838,14.114011325919,0.737476509378637,2.96203293584817,0.139472826741296,0.333847607860532,0.0721918634584248,11.644801331445
"TS",0.0515494983277592,0.759652691925051,0.971056106650138,0.953552400812849,4,1.2828262996324,14.1413149787231,0.73971447035398,2.95173638821315,0.139502913427618,0.332573528049454,0.0716005612977329,11.6839744849422
"TS",0.0513224080267559,0.756306204295425,0.969609909230589,0.952132271726572,4,1.28337277695077,14.1686388483032,0.741954172799155,2.94142248145052,0.139533449391918,0.331293084994831,0.0710113983649231,11.7231862536169
"TS",0.0510953177257525,0.7529597166658,0.968139024044167,0.950687899881085,4,1.28391964985469,14.1959824929974,0.744195550964143,2.93109177594449,0.139564436669236,0.330006368893009,0.0704243977531579,11.7624355938291
"TS",0.0508682274247492,0.749613229036174,0.966643361784439,0.949219197579744,4,1.28446688708371,14.223344351816,0.74643851950721,2.92074443929061,0.139595862976414,0.328713403626278,0.0698395678119913,11.801720711734
"TS",0.0506411371237458,0.746266741406548,0.965122802365282,0.947726046901028,4,1.28501448516082,14.2507242390708,0.748683020708336,2.91038106270782,0.139627725149897,0.327414285113968,0.0692569319392081,11.8410408085801
"TS",0.0504140468227425,0.742920253776922,0.96357727766721,0.946208380953336,4,1.28556240917238,14.2781204552762,0.750928937492934,2.90000210189223,0.139660016667015,0.326109081257274,0.0686765111904089,11.8803936398572
"TS",0.0501869565217391,0.739573766147296,0.962006646752579,0.944666061339483,4,1.28611066379958,14.3055331708804,0.753176248896116,2.88960793141995,0.139692732752057,0.324797859388818,0.0680983170838575,11.9197790055936
"TS",0.0499598662207358,0.736227278517671,0.960410861290199,0.943099040599473,4,1.28665920803124,14.3329604012014,0.755424813718123,2.87919912218983,0.139725864752451,0.323480707260105,0.0675223794099756,11.9591942457083
"TS",0.0497327759197324,0.732880790888045,0.95878978101284,0.941507180994451,4,1.28720804552314,14.3604022760062,0.757674614097526,2.86877599363865,0.139759413410596,0.32215767208155,0.0669486964980356,11.9986391695554
"TS",0.0495056856187291,0.729534303258419,0.95714330899698,0.939890387347984,4,1.28775715616543,14.3878577855625,0.759925581173002,2.85833883789206,0.13979336685097,0.320828816959109,0.0663772884539401,12.0381124281867
"TS",0.0492785953177258,0.726187815628793,0.955471405366503,0.938248620502741,4,1.28830650161742,14.4153250778046,0.762177566657933,2.84788837206341,0.1398277203847,0.319494244486159,0.0658081834890642,12.0776113481278
"TS",0.0490515050167224,0.722841327999168,0.953773929605741,0.936581742475909,4,1.28885609140769,14.4428045680414,0.76443054647262,2.83742510363774,0.139862470700196,0.318154044603765,0.0652413974124807,12.1171358499282
"TS",0.0488244147157191,0.719494840369542,0.952050817957777,0.934889690659817,4,1.28940588913121,14.4702944573044,0.766684429210715,2.8269492263602,0.139897606546872,0.316808244787013,0.0646769397459806,12.1566838541842
"TS",0.0485973244147157,0.716148352739916,0.950301960494562,0.933172357107917,4,1.28995589012009,14.4977944982432,0.768939152717658,2.81646128529647,0.139933125977847,0.315456951247708,0.0641148176770949,12.196254548542
"TS",0.0483702341137124,0.71280186511029,0.948527288484281,0.931429674327313,4,1.29050607237428,14.5253036176423,0.77119461901144,2.80596191551647,0.139969022638338,0.314100253679483,0.0635550657280359,12.2358461605577
"TS",0.048143143812709,0.709455377480664,0.946726700537001,0.929661542755672,4,1.29105641866857,14.5528209112827,0.773450776664227,2.79545121509656,0.140005289792967,0.31273817989708,0.0629976806052582,12.2754576470896
"TS",0.0479160535117057,0.706108889851039,0.944900162414748,0.927867928772172,4,1.29160689735261,14.5803448649766,0.775707484593767,2.78493003014617,0.140041920410307,0.311370861388418,0.0624426953126272,12.31508655914
"TS",0.0476889632107023,0.702762402221413,0.943047543834633,0.926048704442331,4,1.29215750785622,14.6078753874217,0.777964727216284,2.77439853783314,0.14007890940239,0.309998339405523,0.061890109903369,12.3547326240383
"TS",0.047461872909699,0.699415914591787,0.941168785659965,0.924203811695421,4,1.29270822166555,14.6354110844297,0.780222407537508,2.76385714552948,0.140116250026228,0.308620682978798,0.0613399373593888,12.3943939677315
"TS",0.0472347826086957,0.696069426962161,0.939263804894409,0.922333169031152,4,1.29325903455596,14.6629517260877,0.782480436660582,2.75330674829926,0.140153936239349,0.30723803711941,0.06079220969128,12.4340694381806
"TS",0.0470076923076923,0.692722939332535,0.937332533936407,0.920436710066515,4,1.29380991506078,14.6904957470077,0.784738745368622,2.74274737429983,0.140191961545557,0.305850416116521,0.0602469225045146,12.4737573691898
"TS",0.046780602006689,0.68937645170291,0.93537489810962,0.918514361471242,4,1.29436084935726,14.7180424604572,0.786997250881656,2.73217962869606,0.140230319647969,0.304457921947313,0.0597040951031347,12.5134564263358
"TS",0.0465535117056856,0.686029964073284,0.933390826361349,0.916566053473391,4,1.29491181970107,14.7455909731402,0.789255874472015,2.72160397109333,0.140269004195134,0.303060635021257,0.0591637403795913,12.5531652072418
"TS",0.0463264214046823,0.682683476443658,0.931380253076883,0.914591721640984,4,1.29546280610013,14.7731402979814,0.791514534255397,2.71102084940696,0.140308008744243,0.301658634112711,0.0586258704992039,12.5928822232394
"TS",0.0460993311036789,0.679336988814032,0.929343127499711,0.912591316132417,4,1.29601377040391,14.8006885209348,0.793773163225493,2.70043014105637,0.140347324639416,0.300251909948293,0.058090477757589,12.6326055983327
"TS",0.0458722408026756,0.675990501184407,0.927279328030348,0.91056471754009,4,1.29656475837405,14.8282379139016,0.796031656293757,2.68983401880897,0.140386951614726,0.298840810012866,0.0575576340283511,12.672335494096
"TS",0.0456451505016722,0.672644013554781,0.925188845303233,0.908511916667261,4,1.29711569605318,14.8557847874647,0.798289952431639,2.67923150174198,0.140426878148366,0.297425193137684,0.057027299590542,12.71206905199
"TS",0.0454180602006689,0.669297525925155,0.923071612706778,0.906432848103042,4,1.29766656652527,14.8833283202548,0.800547975277443,2.66862302867045,0.140467098210154,0.296005137794587,0.0564994852521702,12.7518049659937
"TS",0.0451909698996656,0.665951038295529,0.920927570787271,0.904327453465401,4,1.29821737145516,14.9108685709326,0.802805616346581,2.6580098361418,0.140507606548268,0.294580842985281,0.0559742345325115,12.7915420363791
"TS",0.0449638795986622,0.662604550665904,0.918756628487865,0.902195643338831,4,1.29876809045863,14.9384045305276,0.805062849354046,2.64739177184853,0.140548394975464,0.293152307761287,0.055451525979352,12.8312793691882
"TS",0.0447367892976589,0.659258063036278,0.916558753474486,0.900037385972093,4,1.29931870060457,14.9659350092764,0.807319574156585,2.63676939152208,0.140589458897719,0.291719622444297,0.0549313808340022,12.8710151500315
"TS",0.0445096989966555,0.655911575406652,0.914333943222492,0.897852678886051,4,1.29986917129062,14.9934585539594,0.809575655336093,2.62614347662965,0.140630789934582,0.290282917208219,0.0544138222440064,12.9107470603525
"TS",0.0442826086956522,0.652565087777026,0.912082080546614,0.895641407007755,4,1.30041950277104,15.0209751226597,0.811831083698405,2.61551416882506,0.140672382852014,0.288842233289863,0.0538988445441354,12.9504749165386
"TS",0.0440555183946488,0.6492186001474,0.909803153267296,0.893403558377187,4,1.30096966401534,15.0484831933763,0.814085749402947,2.60488196118426,0.140714230346307,0.287397659209573,0.0533864590499079,12.9901966237344
"TS",0.0438284280936455,0.645872112517775,0.907497083850474,0.891139056857869,4,1.30151964949752,15.0759824694365,0.816339597325086,2.59424734256822,0.140756326155849,0.285949280945235,0.0528766783773044,13.0299113741268
"TS",0.0436013377926421,0.642525624888149,0.905163869706186,0.888847899906525,4,1.30206943696392,15.1034718475883,0.818592499476487,2.58361120021988,0.140798666231083,0.284497250243354,0.0523695257138156,13.0696171069179
"TS",0.0433742474916388,0.639179137258523,0.902803418594178,0.886529996945571,4,1.30261900359636,15.1309501741337,0.820844455158137,2.57297305425746,0.140841236658403,0.283041512860577,0.0518649749459429,13.1093131122502
"TS",0.0431471571906355,0.635832649628897,0.900415732431018,0.884185349857028,4,1.30316833956276,15.1584169598586,0.823095316273445,2.5623342844717,0.140884037344754,0.281582290785019,0.0513630696330609,13.1489974678086
"TS",0.0429200668896321,0.632486161999272,0.898000778314917,0.881813926332177,4,1.30371741960263,15.1858709799449,0.82534500870319,2.55169513633926,0.140927061158222,0.280119635367223,0.0508638100633931,13.1886686416622
"TS",0.0426929765886288,0.629139674369646,0.895558472249379,0.879415643888594,4,1.30426622777558,15.2133113812759,0.827593523296471,2.54105540461188,0.140970298188207,0.278653538953988,0.0503671765034445,13.2283259572299
"TS",0.0424658862876254,0.62579318674002,0.893088833763753,0.876990521703602,4,1.30481474697841,15.2407373317203,0.829840708494914,2.53041631389487,0.141013741213589,0.27718419890673,0.0498732125692088,13.2679672946698
"TS",0.0422387959866221,0.622446699110394,0.890591802702242,0.87453850070574,4,1.30536296373694,15.268148175519,0.832086514431613,2.5197781024376,0.141057390997491,0.275711669720167,0.0493819066373667,13.307591720537
"TS",0.0420117056856187,0.619100211480769,0.888067381658142,0.872059583441559,4,1.30591085904721,15.2955429524048,0.834330832591131,2.50914155974781,0.141101243089374,0.274236078942103,0.0488932846184691,13.3471974244354
"TS",0.0417846153846154,0.615753723851143,0.885515486012701,0.869553686817595,4,1.30645840335273,15.3229201549714,0.836573683417113,2.49850585254045,0.141145269674073,0.272757339187604,0.0484073029833472,13.3867836989005
"TS",0.041557525083612,0.612407236221517,0.882936165047895,0.867020859227496,4,1.30700559358728,15.35027967876,0.838814859557806,2.4878730199315,0.141189480724361,0.271275767876487,0.0479240357531573,13.4263483406125
"TS",0.0413304347826087,0.609060748591891,0.880329341442893,0.864461024744172,4,1.30755240593657,15.3776202966136,0.841054384904722,2.47724248481254,0.141233864337495,0.269791293225636,0.0474434433870114,13.4658906641681
"TS",0.0411033444816054,0.605714260962265,0.877694993916522,0.861874162470053,4,1.3080988251355,15.4049412399,0.843292172462577,2.46661474095442,0.141278422476816,0.268304004439244,0.0469655320927226,13.5054093508648
"TS",0.040876254180602,0.60236777333264,0.875033155733186,0.859260305069937,4,1.30864483335557,15.4322416621797,0.845528077646125,2.45599089608101,0.141323150506465,0.266814094069137,0.0464903312426302,13.5449023917704
"TS",0.0406491638795987,0.599021285703014,0.872343764875356,0.856619391644188,4,1.30919041478884,15.4595207359582,0.847762104573407,2.44537082114075,0.14136801482399,0.265321561146656,0.0460178334376004,13.5843690659465
"TS",0.0404220735785953,0.595674798073388,0.869626817044558,0.853951417971813,4,1.30973555867307,15.4867779285908,0.849994138853322,2.43475530541323,0.141413046408036,0.26382654980253,0.0455480389622182,13.6238079924312
"TS",0.040194983277592,0.592328310443762,0.866882340085345,0.851256411395457,4,1.31028022485568,15.5140112439752,0.852224098303615,2.42414432702085,0.14145820362335,0.262329073963267,0.0450809467117752,13.6632171297551
"TS",0.0399678929765886,0.588981822814137,0.864110270761836,0.848534309819092,4,1.31082442728692,15.5412213621433,0.854451934587198,2.41353888037495,0.141503503622702,0.260829277874812,0.0446166085051446,13.7025961599968
"TS",0.0397408026755853,0.585635335184511,0.861310626654412,0.845785130506204,4,1.31136813041993,15.568406521056,0.856677571592215,2.40293893579545,0.141548928284656,0.259327221509241,0.0441549666932526,13.7419432831655
"TS",0.0395137123745819,0.582288847554885,0.858483442672827,0.843008907737285,4,1.3119113069782,15.5955654040176,0.858900909684763,2.3923449666844,0.141594478142612,0.257822966032162,0.0436960444010716,13.7812566216833
"TS",0.0392866220735786,0.578942359925259,0.85562856182318,0.840205487348316,4,1.31245399109701,15.6226995379141,0.861121975912731,2.38175748084074,0.141640150445562,0.256316623927019,0.043239841564454,13.8205372742633
"TS",0.0390595317725752,0.575595872295633,0.852746183487254,0.837375065127139,4,1.3129961010009,15.6498050334915,0.863340577867052,2.37117674146006,0.141685922900232,0.254808246983154,0.0427863739031105,13.8597808992344
"TS",0.0388324414715719,0.572249384666008,0.84983622475503,0.834517559658221,4,1.31353765319731,15.6768826614305,0.865556686325244,2.3606034471211,0.141731806050809,0.253297965599328,0.0423356322942655,13.8989875895643
"TS",0.0386053511705686,0.568902897036382,0.846898671116157,0.831632956692769,4,1.31407864933003,15.7039324658083,0.867770218967698,2.35003848185762,0.141777778697366,0.251785940471346,0.0418876504731762,13.9381564977482
"TS",0.0383782608695652,0.565556409406756,0.843933539975385,0.828721273321802,4,1.31461903975939,15.7309519887458,0.869981159276084,2.33948102714184,0.141823839021903,0.250272058270421,0.0414423862451804,13.9772858911701
"TS",0.0381511705685619,0.56220992177713,0.840940857770756,0.825782535506808,4,1.31515881889872,15.7579409313864,0.872189404109618,2.32893205359832,0.141869993297558,0.248756486126601,0.0409998507128655,14.0163744479744
"TS",0.0379240802675585,0.558863434147505,0.837920615939587,0.822816734839448,4,1.31569797885241,15.7848989349912,0.874394883437322,2.31839213424952,0.141916210239217,0.247239354924665,0.0405600604340891,14.0554212407866
"TS",0.0376969899665552,0.555516946517879,0.834872814080609,0.819823870925688,4,1.31623650254216,15.8118251091465,0.87659755453515,2.30786139593538,0.141962501543086,0.24572069202046,0.0401229930693637,14.0944251900449
"TS",0.0374698996655518,0.552170458888253,0.831797547674994,0.816804037525609,4,1.31677437801538,15.838718901015,0.878797252184364,2.29734127855834,0.142008860262864,0.244200714615616,0.0396887176464917,14.133384258055
"TS",0.0372428093645485,0.548823971258627,0.8286947432536,0.813757162494381,4,1.31731156837728,15.8655784212328,0.880994055705358,2.28683024544402,0.142055286983296,0.242679230158027,0.0392571287399405,14.1722980151479
"TS",0.0370157190635452,0.545477483629002,0.825564443494657,0.810683287740943,4,1.31784809781956,15.8924048906276,0.883187794945425,2.27633057473098,0.142101753057984,0.241156620564694,0.0388283249444522,14.2111654520381
"TS",0.0367886287625418,0.542130995999376,0.82240666415831,0.807582428741355,4,1.31838391385351,15.9191956869808,0.885378491763661,2.26584105021569,0.142148256499162,0.239632721513186,0.0384022292249766,14.249985059188
"TS",0.0365615384615385,0.53878450836975,0.819221504403805,0.804454682867475,4,1.31891900758607,15.945950393922,0.88756598392583,2.25536307127467,0.142194803952095,0.238107758234936,0.037978873144312,14.2887549636565
"TS",0.0363344481605351,0.535438020740124,0.816008815040084,0.801299903617478,4,1.31945339857176,15.9726699092138,0.889750326640568,2.24489653393278,0.142241389224885,0.236581721501387,0.0375582663764346,14.3274762121224
"TS",0.0361073578595318,0.532091533110498,0.812768813096356,0.798118304108529,4,1.3199870503034,15.9993525142397,0.89193130648772,2.23444294049911,0.142287997015751,0.235054888642744,0.037140424320035,14.3661454848632
"TS",0.0358802675585284,0.528745045480873,0.809501482397787,0.794909868457351,4,1.32051991092147,16.0259955627441,0.894108981684038,2.22400058352631,0.142334623051558,0.23352701057673,0.0367252761405872,14.4047617527022
"TS",0.0356531772575251,0.525398557851247,0.806206733342309,0.791674508676994,4,1.32105205032918,16.0526025164246,0.896283253973819,2.21357200601627,0.142381266011142,0.231998496946934,0.0363129061273683,14.4433260507158
"TS",0.0354260869565217,0.522052070221621,0.802884713661324,0.788412369835935,4,1.32158338175987,16.0791690971681,0.898454087205875,2.2031557657881,0.142427924604941,0.230469144715155,0.0359032437722116,14.4818353541663
"TS",0.0351989966555184,0.518705582591995,0.799535444969847,0.78512347315957,4,1.32211391172526,16.1056955833499,0.900621402023727,2.19275287597682,0.14247456623944,0.228939159539842,0.0354963077805446,14.5202889680868
"TS",0.0349719063545151,0.515359094962369,0.796158925140728,0.781807816559092,4,1.32264365381684,16.1321826846108,0.902785124282634,2.18236438761688,0.142521210564975,0.227408709602587,0.0350921118330587,14.5586865223301
"TS",0.0347448160535117,0.512012607332744,0.792755197178748,0.778465442264104,4,1.32317256247918,16.1586281013147,0.904945249398143,2.17198936255004,0.142567837237539,0.225877650686774,0.0346906531501287,14.5970265904702
"TS",0.0345177257525084,0.508666119703118,0.789324398704539,0.775096485414563,4,1.32370063830205,16.1850319042203,0.907101612224699,2.16162960415851,0.142614472918038,0.224346295298995,0.0342919046719445,14.6353073882873
"TS",0.034290635451505,0.505319632073492,0.785866476291531,0.771700893546939,4,1.32422786773274,16.2113933885201,0.909254255215034,2.1512844958131,0.142661066556089,0.222814574718982,0.0338959112558027,14.6735288312787
"TS",0.0340635451505017,0.501973144443866,0.78238146448597,0.768278700584765,4,1.32475422909099,16.2377114506483,0.911403138845608,2.14095388530103,0.142707629202619,0.221282502831396,0.0335025985782137,14.7116899271727
"TS",0.0338364548494983,0.498626656814241,0.778869454550844,0.764829996145975,4,1.32527973773413,16.2639868857529,0.913548123940949,2.13063963703338,0.142754154323503,0.219750398060824,0.0331120203308972,14.7497895986348
"TS",0.033609364548495,0.495280169184615,0.775330487327478,0.761354820335713,4,1.3258043407457,16.2902170446368,0.915689239374656,2.12034033331929,0.142800635718104,0.218218039604358,0.0327241285686097,14.7878265158978
"TS",0.0333822742474916,0.491933681554989,0.771764545345334,0.757853155998353,4,1.32632806630444,16.3164033002928,0.917826421329165,2.11005726415671,0.142847079714525,0.216685638613493,0.0323389575930974,14.825800805649
"TS",0.0331551839464883,0.488587193925363,0.768171808424518,0.754325179712666,4,1.32685087776341,16.342543888137,0.919959545795719,2.09979092080329,0.142893478961053,0.215153309681728,0.0319564945513919,14.8637101160459
"TS",0.032928093645485,0.485240706295738,0.764544239279,0.750762999068175,4,1.32737394318564,16.3686971596391,0.922093277302315,2.08951947011556,0.142939913543892,0.213617812463957,0.0315759243263991,14.9016379855856
"TS",0.0327010033444816,0.481894218666112,0.760905903222134,0.747190245590565,4,1.32789374430764,16.3946872143344,0.924213619145347,2.07930842677542,0.142986080738577,0.21208896081706,0.0311996638784876,14.9393329526716
"TS",0.0324739130434783,0.478547731036486,0.75723283859366,0.743583389538854,4,1.3284137963192,16.420689802486,0.926334445261854,2.06909358204951,0.143032242118093,0.210557272481626,0.0308252662500485,14.9770450178099
"TS",0.0322468227424749,0.47520124340686,0.753533204678699,0.739950443123523,4,1.32893286512685,16.4466432563038,0.928451067096412,2.05889554529018,0.143078387244211,0.209025631799016,0.0304535886947724,15.0146883567374
"TS",0.0320197324414716,0.471854755777234,0.749806947447792,0.736291353289018,4,1.32945098954642,16.4725494759047,0.930563452016612,2.04871563414899,0.143124423691096,0.207494459943725,0.0300845605798533,15.0522636886891
"TS",0.0317926421404682,0.468508268147609,0.746054151238673,0.732606202852849,4,1.32996815195395,16.4984075920864,0.932671554902,2.03855400132467,0.143170390365127,0.20596370644592,0.0297182299384157,15.0897699231081
"TS",0.0315655518394649,0.465161780517983,0.742274950340653,0.728895123683703,4,1.33048430967191,16.5242154799788,0.934775330133563,2.02841022732859,0.143216235204053,0.204433408694299,0.0293545255509053,15.1272053048072
"TS",0.0313384615384615,0.461815292888357,0.738469328021448,0.725158099350904,4,1.33099951805883,16.549975902965,0.936874677062838,2.01828646425605,0.143261995593772,0.202903857691983,0.0289935356800294,15.1645704884394
"TS",0.0311113712374582,0.458468805258731,0.734637381060826,0.721395224889722,4,1.3315137077151,16.5756853855354,0.938969644047045,2.00818082769331,0.143307656678921,0.201374795832805,0.0286351693070072,15.2018637872097
"TS",0.0308842809364549,0.455122317629105,0.730779175637568,0.717606565286037,4,1.33202688668471,16.6013443342235,0.94106016281721,1.99809423308967,0.143353204215709,0.199846400062185,0.0282794528000767,15.2390846785298
"TS",0.0306571906354515,0.45177582999948,0.726894780555375,0.713792188103334,4,1.33253903977866,16.6269519886824,0.943146203872088,1.98802667540042,0.143398642352642,0.198318679605755,0.0279263577175805,15.2762323819404
"TS",0.0304301003344482,0.448429342369854,0.722984244358093,0.709952141010434,4,1.33305020236642,16.6525101074181,0.945227667187504,1.9779799737622,0.143443947056273,0.196791975408561,0.0275759367167587,15.313306886479
"TS",0.0302030100334448,0.445082854740228,0.719047711654681,0.70608656600966,4,1.33356030832546,16.6780154164311,0.947304557490818,1.96795263600379,0.143489153621686,0.195266008160509,0.0272281268036879,15.3503062779126
"TS",0.0299759197324415,0.441736367110602,0.71508527777981,0.702195556717231,4,1.33406933807752,16.7034669424486,0.949376858534928,1.95794463923776,0.143534185446283,0.193740902873239,0.0268828932327167,15.387229608221
"TS",0.0297488294314381,0.438389879480977,0.711096665091791,0.698278840496071,4,1.3345774131127,16.7288706311355,0.951444550158345,1.94795849756019,0.143579111118737,0.19221696862233,0.0265403468540528,15.4240804881901
"TS",0.0295217391304348,0.435043391851351,0.707082475114291,0.694337008027122,4,1.33508434146886,16.7542170692228,0.953507542691467,1.93799129722532,0.143623878533441,0.190693838269629,0.0262003280960155,15.4608520729524
"TS",0.0292946488294314,0.431696904221725,0.703042506367165,0.690369861462008,4,1.33559024120082,16.7795120715099,0.95556579957661,1.92804600875708,0.143668509487676,0.189171963497253,0.0258629550586201,15.4975473938097
"TS",0.0290675585284281,0.428350416592099,0.698976843569501,0.686377483992716,4,1.33609508240953,16.8047541171402,0.95761929728983,1.91812196476166,0.143712984903507,0.187651320022654,0.0255281353003161,15.5341655630222
"TS",0.0283862876254181,0.418310953703222,0.68661747780085,0.674240901131529,4,1.33760424160974,16.8802120714168,0.963755513259085,1.88845674935037,0.143845564592575,0.183093396439463,0.0245385962086865,15.6436301332578
"TS",0.0281591973244147,0.414964466073596,0.682459133550501,0.670157512832777,4,1.33810359771541,16.9051798855325,0.965785302513437,1.87863911294318,0.143889317163931,0.181580945424171,0.0242147601879017,15.6798523305883
"TS",0.0279321070234114,0.41161797844397,0.678266308493933,0.666040265259235,4,1.33860299507465,16.9301497152255,0.967814707964906,1.86882277768459,0.143932919012968,0.180066797716801,0.0238928060602715,15.7160755048662
"TS",0.027705016722408,0.408271490814345,0.674048404755185,0.661898391057593,4,1.33910128107159,16.9550640574583,0.969839112273266,1.85902905946143,0.143976385435135,0.178554151146076,0.0235733789597492,15.7522174420187
"TS",0.0274779264214047,0.404925003184719,0.669795952322059,0.657722590916716,4,1.33959959855211,16.9799798981139,0.971862995622325,1.84923737003609,0.144019741063759,0.177039908416479,0.0232558269354985,15.7883590171645
"TS",0.0272508361204013,0.401578515555093,0.66553721919619,0.653540623295295,4,1.34009458087646,17.0047290068158,0.973873123686386,1.83950970609084,0.144062720710703,0.17553363232884,0.0229421435020386,15.8242604096916
"TS",0.027023745819398,0.398232027925467,0.661244305115522,0.649325090845553,4,1.34058950831007,17.0294753836281,0.975882697441295,1.82978273618947,0.144105598067212,0.174025561193067,0.0226302612575832,15.8601583668363
"TS",0.0267966555183946,0.394885540295841,0.65692666480699,0.645085277868886,4,1.34108333736599,17.0541668683056,0.97788715428231,1.82008023272468,0.144148269910774,0.172519413501861,0.0223209277178143,15.8959739009231
"TS",0.0265695652173913,0.391539052666216,0.652584189155019,0.640821077216574,4,1.34157599543654,17.0787997720104,0.979886746287605,1.81039813958068,0.144190764561506,0.171014526975942,0.0220140114475435,15.9317072414631
"TS",0.026342474916388,0.38819256503659,0.648217056995491,0.636532664500907,4,1.34206756598461,17.1033782889545,0.981881227378653,1.80074072046825,0.144233020442496,0.169511661429336,0.0217096352614623,15.9673584832811
"TS",0.0261153846153846,0.384846077406964,0.643825412791598,0.632220181581065,4,1.34255799287689,17.1278996426037,0.983870646706451,1.79110639744495,0.144275053409974,0.168010580416119,0.0214077061041409,16.0029263402003
"TS",0.0258882943143813,0.381499589777338,0.63940930585254,0.627883676877426,4,1.34304729223384,17.1523646052404,0.985854986464953,1.7814957081365,0.14431686185536,0.166511381616954,0.0211082427144997,16.0384110607024
"TS",0.0256612040133779,0.378153102147713,0.634968845309838,0.62352325755437,4,1.34353544147739,17.1767720529582,0.987834251336988,1.77190811405743,0.144358396331218,0.165014009379345,0.0208112567915456,16.0738120461959
"TS",0.0254341137123746,0.374806614518087,0.6305041472477,0.619139037603638,4,1.34402245678312,17.2011228147942,0.989808384476436,1.76234457033811,0.144399743250514,0.163518584888815,0.0205167117940043,16.1091291408201
"TS",0.0252070234113712,0.371460126888461,0.626015288956357,0.61473109292227,4,1.34450833380546,17.2254167006367,0.991777362711178,1.75280499167212,0.144440872944201,0.162025123695686,0.0202245992207904,16.1443622244599
"TS",0.0249799331103679,0.368113639258835,0.621502282034856,0.610299434900234,4,1.34499307411873,17.2496537028364,0.993741261775316,1.74328904863534,0.144481739113668,0.160533627296105,0.0199349258124209,16.1795117007179
"TS",0.0247528428093646,0.36476715162921,0.616965440427902,0.605844371823249,4,1.34547664020952,17.2738320396256,0.99569995551909,1.73379686958505,0.144522341307128,0.159044195401067,0.0196476323610085,16.2145755538927
"TS",0.0245257525083612,0.361420663999584,0.612404513809677,0.601365657877725,4,1.34595907834764,17.2979538958338,0.997653645750183,1.72432806209938,0.144562698728876,0.157556715946001,0.0193627062886259,16.2495564538748
"TS",0.0242986622073579,0.358074176369958,0.607820101221984,0.59686388130748,4,1.34644035179259,17.3220176074939,0.99960200053683,1.71488460911838,0.144602823671264,0.156071482130368,0.0190802251363817,16.2844506351279
"TS",0.0240715719063545,0.354727688740332,0.603211709283677,0.592338557624774,4,1.3469205330387,17.3460266514941,1.00154525369353,1.70546560493151,0.144642732106157,0.154588382149888,0.0188001414605691,16.3192626458955
"TS",0.0238444816053512,0.351381201110706,0.598579874979846,0.587790214135312,4,1.3473995333236,17.369976666355,1.0034833234977,1.69607057911437,0.14468224250222,0.153107533445901,0.0185224023672403,16.3539885651771
"TS",0.0236173913043478,0.348034713481081,0.593924616916716,0.583218869109931,4,1.34787735042599,17.3938675418789,1.00541624821482,1.68669874256861,0.144721595565491,0.15162856590818,0.0182470204511778,16.3886288292451
"TS",0.0233903010033445,0.344688225851455,0.589245855486741,0.578624444376046,4,1.34835408231402,17.4177041102047,1.00734394185534,1.67735307234165,0.14476058677129,0.150152213301823,0.0179740069744563,16.4231857065516
"TS",0.0231632107023411,0.341341738221829,0.584543889074474,0.5740072329397,4,1.34882955048078,17.4414775237461,1.00926664910437,1.66802770691519,0.144799311185541,0.148677424218303,0.0177032140392076,16.4576557830816
"TS",0.0229361204013378,0.337995250592203,0.579818551356663,0.56936707147569,4,1.3493040083083,17.4652003647955,1.01118401606944,1.65873093548665,0.144837776297548,0.147205570091083,0.0174348723824553,16.4920437800172
"TS",0.0227090301003345,0.334648762962578,0.575070525662223,0.564704630995631,4,1.34977718834821,17.4888594103431,1.01309622108878,1.64945587764767,0.144875914125273,0.145735607936771,0.0171687269204793,16.5263429382516
"TS",0.0224819397993311,0.331302275332952,0.57029931575511,0.560019424208347,4,1.35024936883862,17.5124683817018,1.01500310303936,1.6402096045182,0.144913837892028,0.144268533576306,0.0169050727061257,16.5605603217147
"TS",0.0222548494983278,0.327955787703326,0.565505240679726,0.55531176440733,4,1.35072029277632,17.5360146345878,1.01690502673482,1.63098353888571,0.144951432928708,0.142803181872904,0.0166435409613025,16.5946915269511
"TS",0.0220277591973244,0.3246093000737,0.560688430164547,0.550581778982642,4,1.35119011004447,17.559505511624,1.01880169915907,1.62178348289162,0.144988692360927,0.141340421526655,0.0163843618410623,16.628738327208
"TS",0.0218006688963211,0.321262812444075,0.555848933949252,0.545829516777382,4,1.35165880671093,17.5829403353369,1.020693187661,1.61260851910942,0.145025623065431,0.139880209726107,0.0161274215326133,16.6627009692154
"TS",0.0215735785953177,0.317916324814449,0.550986823052585,0.541055047530154,4,1.35212633770973,17.6063168545848,1.02257960181201,1.60345649708798,0.145062276368672,0.138422045450243,0.015872757313584,16.6965792055111
"TS",0.0213464882943144,0.314569837184823,0.546102347176957,0.536258616442372,4,1.35259276942621,17.6296384649016,1.02446076659431,1.59433081889389,0.145098632205167,0.13696667857748,0.0156202724772039,16.7303731542119
"TS",0.021119397993311,0.311223349555197,0.541195450684323,0.531440168878891,4,1.35305807671333,17.6529038189854,1.02633682006879,1.58522948858717,0.145134545003806,0.13551379345912,0.0153700883891062,16.764083594963
"TS",0.0208923076923077,0.307876861925571,0.536266400414277,0.526599966869407,4,1.35352226872796,17.6761134364858,1.02820764976592,1.57615347080773,0.145170230277748,0.134063376655699,0.0151221584546645,16.7977099008
"TS",0.0206652173913043,0.304530374295946,0.531315130267918,0.52173794550648,4,1.35398530719496,17.699265341601,1.03007352333695,1.56710019356497,0.145205464228131,0.132615317165117,0.014876352361882,16.8312527746272
"TS",0.020438127090301,0.30118388666632,0.526341895689438,0.51685435562981,4,1.35444725459118,17.7223627402521,1.03193416156688,1.55807266755727,0.145240438613839,0.131169838233163,0.0146328073127802,16.8647123718311
"TS",0.0202110367892977,0.297837399036694,0.521346604221762,0.511949106448901,4,1.35490811932556,17.7454059219802,1.03378975799103,1.54906972401818,0.145275190352226,0.129726803598665,0.0143914101719867,16.8980901557
"TS",0.0199839464882943,0.294490911407068,0.516329522201787,0.507022459499812,4,1.35536791622511,17.7683957990708,1.0356401667721,1.5400929884293,0.145309431228138,0.128286680992681,0.014152317255346,16.931385681108
"TS",0.019756856187291,0.291144423777442,0.511290738626079,0.502074502174907,4,1.35582652003873,17.7913259916919,1.0374857028441,1.53113680838731,0.145343418582409,0.126848447621182,0.013915169593554,16.9645977803368
"TS",0.0195297658862876,0.287797936147817,0.506230390222466,0.497105368737438,4,1.35628410191317,17.8142050956581,1.03932606636817,1.5222080473982,0.145376888152211,0.125413403644345,0.0136803207324899,16.997728744312
"TS",0.0193026755852843,0.284451448518191,0.501148473122226,0.492115055388415,4,1.35674066686377,17.837033343175,1.04116128964375,1.51330570911343,0.145410078775176,0.123981195459036,0.0134476452316672,17.0307795772799
"TS",0.0190755852842809,0.281104960888565,0.496045095154525,0.48710366801334,4,1.35719596855761,17.8597984126637,1.04299196089649,1.50441989618524,0.145442914928866,0.122550188216308,0.0132169615760342,17.0637475367415
"TS",0.0188484949832776,0.277758473258939,0.490920514543237,0.482071460181488,4,1.35765041128453,17.8825205607278,1.04481714098164,1.4955669363598,0.145475327692296,0.12112337366281,0.0129884760921803,17.0966372801017
"TS",0.0186214046822743,0.274411985629314,0.48577467733883,0.477018378915791,4,1.35810370085384,17.9051850433605,1.04663762006411,1.48673402674982,0.14550731847289,0.119698451643771,0.0127620771250401,17.1294463776468
"TS",0.0183943143812709,0.271065497999688,0.480607663158257,0.471944502398073,4,1.35855590786626,17.9277953674113,1.04845329896867,1.47792330040551,0.145539013116973,0.118275674499586,0.0125377390670119,17.1621762891625
"TS",0.0181672240802676,0.267719010370062,0.475419875719745,0.466850227069363,4,1.35900703699192,17.9503518903928,1.05026405243698,1.46913619194237,0.145570233118686,0.116855567300933,0.0123154562964328,17.1948259824023
"TS",0.0179401337792642,0.264372522740436,0.470211001010853,0.461735244577434,4,1.35945729226911,17.9728646128568,1.05206970131839,1.4603778401631,0.145601097056355,0.115438877445704,0.0120953153356102,17.22740072677
"TS",0.0177130434782609,0.261026035110811,0.464981279437708,0.456599790994985,4,1.35990641112617,17.9953205251168,1.05387085542572,1.4516382585172,0.145631533331281,0.11402389418783,0.0118771825932774,17.2598970062116
"TS",0.0174859531772575,0.257679547481185,0.45973112110473,0.451444269034128,4,1.36035465681311,18.0177328407657,1.05566671773988,1.44292878507211,0.145661589160323,0.112612585014981,0.0116612380949514,17.292317155703
"TS",0.0172588628762542,0.254333059851559,0.454460288161842,0.446268445132136,4,1.36080168620028,18.0400843143412,1.05745836915122,1.43423367286096,0.145691214112416,0.111202423242969,0.0114470212385882,17.324659153705
"TS",0.0170317725752508,0.250986572221933,0.449169086632905,0.44107261979666,4,1.36124783560522,18.0623918262344,1.05924501925139,1.42556653217179,0.145720366059826,0.109795603780607,0.0112350148811149,17.356926865001
"TS",0.0168046822742475,0.247640084592307,0.443857230281953,0.435856511951258,4,1.36169306518807,18.0846532582397,1.06102706202602,1.41692319694018,0.145749041259901,0.108391560483718,0.0110250200332314,17.3891223893569
"TS",0.0165775919732441,0.244293596962682,0.438525262761887,0.430620655449254,4,1.36213726703206,18.1068633516283,1.06280447094547,1.40830094127668,0.145777356610168,0.106989642311813,0.0108169906610374,17.4212428173064
"TS",0.0163505016722408,0.240947109333056,0.433173124038147,0.425364991338236,4,1.36258056390245,18.129028194911,1.0645772121888,1.39970304283464,0.145805249571636,0.105590551303425,0.0106109675414199,17.4532912464424
"TS",0.0161234113712375,0.23760062170343,0.427800923457158,0.420089626993613,4,1.36302307137972,18.1511535690612,1.06634507781851,1.39113345171183,0.145832524963705,0.104195142260701,0.0104070402003312,17.4852698729025
"TS",0.0158963210702341,0.234254134073804,0.42240875050396,0.414794650287419,4,1.36346431275347,18.1732156366497,1.06810919624141,1.38257254300087,0.145859629223135,0.102799577295123,0.0102048214399465,17.5171734247075
"TS",0.0156692307692308,0.230907646444178,0.416996714828319,0.409480168892935,4,1.36390485191264,18.1952425828392,1.06986845843966,1.37404187121896,0.145885979836275,0.101408277501564,0.0100045643645821,17.5490099134753
"TS",0.0154421404682274,0.227561158814553,0.411564949078961,0.404146313067837,4,1.3643445203848,18.2172260220412,1.07162320802261,1.36553392471275,0.14591196086462,0.100019401778843,0.00980642647447821,17.5807778832107
"TS",0.0152150501672241,0.224214671184927,0.406113492286808,0.398793121139496,4,1.36478348245197,18.2391741225503,1.07337326779906,1.35705403144885,0.145937325896916,0.0986342858054482,0.00961026843574531,17.6124806467665
"TS",0.0149879598662207,0.220868183555301,0.400642479723691,0.393420725941412,4,1.36522141271801,18.2610706358843,1.07511943304339,1.34858872319125,0.145962304602709,0.0972503000104451,0.00941588330328503,17.6441147753848
"TS",0.0147608695652174,0.217521695925675,0.39515200489392,0.388029219292438,4,1.36565840749662,18.2829204030274,1.07686158262338,1.3401409264892,0.145986768363269,0.0958680761740989,0.00922335192947036,17.6756825112477
"TS",0.0145337792642141,0.21417520829605,0.389642163008885,0.382618694687739,4,1.36609478839563,18.3047394196779,1.07859911007239,1.33172177776007,0.146010735843412,0.0944896355607718,0.00903279526335333,17.7071890584834
"TS",0.0143066889632107,0.210828720666424,0.384113056118734,0.377189252337963,4,1.36653008095801,18.3265040477535,1.08033318026598,1.32331210501112,0.146034307634882,0.0931114539775154,0.00884392200145646,17.7386293206764
"TS",0.0140795986622074,0.207482233036798,0.378564777963832,0.371740984293767,4,1.36696482604041,18.3482412992827,1.08206269813465,1.31493179028193,0.146057273229357,0.0917372614108135,0.00865707686357231,17.770011445604
"TS",0.013852508361204,0.204135745407172,0.372997425232707,0.366273985500824,4,1.36739883892082,18.3699419460194,1.08378820285261,1.30657263717854,0.146079508603406,0.090365818353946,0.00847203419985292,17.8013342107655
"TS",0.0136254180602007,0.200789257777547,0.36741109439206,0.360788350686982,4,1.36783197430928,18.3915987153068,1.08551011598172,1.29822747669228,0.146101422387466,0.0889952774388719,0.00828886759117633,17.8325969440897
"TS",0.0133983277591973,0.197442770147921,0.361805870117673,0.355284163001705,4,1.36826439885942,18.4132199380699,1.08722828082651,1.2899018428266,0.146122602572465,0.0876272709404373,0.00810744891739873,17.8638031375403
"TS",0.013171237458194,0.194096282518295,0.356181877700801,0.34976154547782,4,1.36869626792951,18.4348133965046,1.08894235103978,1.28160038391685,0.146143264353715,0.0862622855447693,0.00792790755004634,17.8949560174589
"TS",0.0129441471571906,0.190749794888669,0.350539169689482,0.344220549716163,4,1.36912742918348,18.4563714485694,1.09065290816993,1.27331560986459,0.146163398481115,0.0848990181813686,0.00775018118575211,17.9260551812974
"TS",0.0127170568561873,0.187403307259043,0.34487787446339,0.338661301782311,4,1.36955800192823,18.4779000963685,1.09235979169687,1.26505114305219,0.146182809502289,0.0835383775450959,0.00757428039196946,17.9571034906595
"TS",0.012489966555184,0.184056819629418,0.339198058521627,0.333083866976688,4,1.36998798742062,18.4993993710881,1.0940631751794,1.25680520280467,0.146201667181355,0.0821798361530838,0.00740013613358318,17.9881026105286
"TS",0.0120357859531773,0.177363844370166,0.327783249047219,0.321874814374473,4,1.37084656214179,18.5423281070839,1.09745920123149,1.24037687333201,0.146237422254408,0.0794708259556779,0.00705736369026807,18.049964482981
"TS",0.0118086956521739,0.17401735674054,0.322048435472945,0.316243373292425,4,1.3712745794288,18.5637289713114,1.09915357272508,1.23216913841855,0.14625449509701,0.0781157899663025,0.00688818774702733,18.0808231477594
"TS",0.0115816053511706,0.170670869110915,0.316295464647188,0.310594102251196,4,1.37170265040252,18.5851325201554,1.10084358164925,1.22399788141303,0.146270920877738,0.0767660787207599,0.00672122740165819,18.1116479327406
"TS",0.0111274247491639,0.163977893851663,0.304735374215366,0.299242387443589,4,1.37255689949067,18.6278449699631,1.10421642797906,1.20767860581393,0.146301456326964,0.0740683685639547,0.00639188588121561,18.1731767589872
"TS",0.0106732441471572,0.157284918592412,0.293103705695722,0.287820384774117,4,1.37340989373718,18.6704946821344,1.10757809201627,1.19142547565133,0.146328921405014,0.071378765386725,0.00606942656465584,18.2345752305929
"TS",0.0104461538461538,0.153938430962786,0.287261222640582,0.28208321500011,4,1.3738360675269,18.6918033459261,1.10925487987476,1.18332364019074,0.146341614791441,0.0700368817666847,0.00591088712390767,18.2652333238206
"TS",0.0102190635451505,0.15059194333316,0.281401075510572,0.276328699553816,4,1.37426227231067,18.7131136137252,1.11092873642415,1.17524431194847,0.146353828182483,0.0686979105424558,0.005754010685738,18.295870591541
"TS",0.00999197324414716,0.147245455703534,0.275523357035223,0.270556929493272,4,1.37468811221257,18.7344056106007,1.11260107637281,1.16717059183637,0.146364559278297,0.0673598031979956,0.00559883307272242,18.3264843609735
"TS",0.00976488294314382,0.143898968073908,0.269628217076069,0.264768051978696,4,1.37511318499396,18.75565927971,1.11427292200751,1.15908381591386,0.146374973300385,0.0660180375561264,0.00544484762941955,18.3570717517532
"TS",0.00953779264214047,0.140552480444283,0.263715408972171,0.258961824795317,4,1.37553895587434,18.7769477786726,1.11594114941581,1.15103578475884,0.146384847261034,0.0646820862020876,0.00529301701787694,18.3876566080352
"TS",0.00908361204013378,0.133859505185031,0.2518381289539,0.247298637880589,4,1.37639028166298,18.8195140840878,1.11927360445353,1.13496193997726,0.146400986372823,0.0620133497424546,0.00499361706283006,18.4487962392279
"TS",0.00885652173913044,0.130513017555405,0.245873645240475,0.24144166656287,4,1.37681599707746,18.8407998537764,1.12093813568134,1.12693456180127,0.146407389676614,0.0606798356260553,0.00484641415897645,18.4793606605509
"TS",0.0081752508361204,0.120473554666528,0.227877267968896,0.223769681766392,4,1.37809400500014,18.9047001332221,1.12592843616867,1.10286773272831,0.146422319175763,0.0566770325116694,0.00441375766623863,18.5710884165285
"TS",0.00794816053511706,0.117127067036902,0.221844718639771,0.217845871745103,4,1.37852063349473,18.9260316544249,1.12759119047953,1.09485196359425,0.146424766698185,0.0553438075629935,0.00427214419535035,18.60169321647
"TS",0.00749397993311037,0.110434091777651,0.209728682516009,0.205948232406832,4,1.37937615682212,18.968807842243,1.13091605127341,1.07884917033917,0.146426832339726,0.052679454190598,0.00399499641932808,18.6629956852278
"TS",0.00726688963210703,0.107087604148025,0.203645428244639,0.199974631421787,4,1.37980512804377,18.9902564021866,1.13257887456052,1.07085473587142,0.146426126843582,0.0513482364418167,0.00385850689628669,18.6937047862847
"TS",0.00681270903010034,0.100394628888773,0.191428739207576,0.187978153482461,4,1.38066554498746,19.0332772541188,1.13590850196306,1.05485408572774,0.146420811101379,0.0486828887531486,0.0035901696911943,18.7552698275737
"TS",0.00658561872909699,0.0970481412591475,0.185295385673825,0.181955356295883,4,1.38109746811218,19.0548734056025,1.13757549102237,1.04685164360644,0.146416784449017,0.0473488474229731,0.00345833079884044,18.7861459883295
"TS",0.00635852842809365,0.0937016536295217,0.17914540959075,0.175916236188613,4,1.38153038453842,19.0765192241701,1.13924560997542,1.03883319580076,0.146410483200927,0.0460129743657969,0.00332754433952077,18.8170927034886
"TS",0.00590434782608696,0.0870086783702702,0.166795777148123,0.163789211206044,4,1.38239935270737,19.119967635349,1.14259812478718,1.02271955895021,0.146393842478503,0.0433267807150573,0.00306982968979088,18.8792342836173
"TS",0.00567725752508361,0.0836621907406444,0.160596191837144,0.157701376098635,4,1.38283828826312,19.1419143938966,1.14427476227663,1.014715511828,0.146382430553791,0.0419940210137345,0.00294412139080802,18.910487669114
"TS",0.00545016722408027,0.0803157031110186,0.154365999373978,0.15158348554618,4,1.3832789442391,19.1639470528705,1.14596327527548,1.00662809374934,0.14636975514607,0.040646284873187,0.00281877278124578,18.9419181404487
"TS",0.00522307692307693,0.0769692154813929,0.148147398602118,0.145476977739788,4,1.38371911016792,19.1859555084478,1.14765143888616,0.998530350926696,0.146355560074619,0.0392962280470977,0.00269492695951571,18.9733356365421
"TS",0.00476889632107023,0.0702762402221413,0.135632690627623,0.133187852783128,4,1.38461121931466,19.2305609656723,1.15104879630525,0.982304009308631,0.146320177601823,0.0365938840222711,0.00245191872664378,19.0368272552986
"TS",0.00454180602006689,0.0669297525925155,0.129350601622019,0.127019001145834,4,1.38505856553974,19.2529282769715,1.15276791727324,0.974023981643065,0.146300181263602,0.0352128440359083,0.0023306915722033,19.0688139807306
"TS",0.00408762541806021,0.0602367773332641,0.116736855769453,0.114632623511641,4,1.38597051367488,19.2985256836209,1.15621659377747,0.957596843357959,0.146250640535393,0.0324796531645591,0.00209553269791398,19.1335671978577
"TS",0.00363344481605352,0.0535438020740125,0.104056767444513,0.1021810992568,4,1.38689804599036,19.3449023039334,1.15971807737677,0.940905689065664,0.146189291940526,0.0297049197585099,0.00186413627899383,19.1994219647629
"TS",0.00340635451505017,0.0501973144443867,0.0976917397579321,0.0959308039440842,4,1.38737343227812,19.3686716165196,1.16148027353728,0.93260588594301,0.146154699911723,0.0283274204505993,0.00175245885289953,19.2329169014405
"TS",0.00295217391304348,0.0435043391851351,0.0829992797515749,0.081503181876767,4,1.37750375483115,18.8751877421788,1.13354265470061,0.934709999058598,0.149319041665349,0.0258546363732805,0.00222649600273629,18.7192876462793
"TS",0.00227090301003345,0.0334648762962578,0.0656122073938176,0.0644295190098081,4,1.38985243096156,19.4926215481224,1.1706592160729,0.889239887469919,0.145909678013394,0.0211554189425483,0.00119934855766808,19.4077342689742
"TS",0.00158963210702341,0.0234254134073804,0.040576559488147,0.0398451494735188,4,1.34933081465027,17.466540704715,1.03928986442336,1.53379494322364,0.122762912440204,0.11463658140491,0.0175512811652671,16.6431433628579
"TS",0,0,1.90320838502404e-05,1.86890223166134e-05,4,1.28337995404573,14.168997694097,0.818423330057417,2.89913054544055,0.109745409154451,0.359813377502842,0.0727626690225852,11.8111192103335
"TS",0.0679,1.00059980125811,1.01835607164711,0.999999763506253,4,1.24541756340586,12.2708781702981,0.586974430677746,3.62571873491268,0.138756466956324,0.404918586697243,0.118239955957353,9.0314223633743
"TS",0.0699,1.03007254945422,1.0177672636139,0.999421568992222,4,1.24120670548311,12.0603352731369,0.569919372429251,3.69607672896933,0.138887372953254,0.410792340134889,0.12426926226654,8.73829489380271
"TS",0.0719,1.05954529765034,1.01610931419465,0.997793504827514,4,1.2370908150124,11.8545407651218,0.553294635692243,3.7633525682364,0.13906831061989,0.416000781859751,0.130305221791832,8.45326323643822
"TS",0.0739,1.08901804584645,1.01347149459781,0.9952032330685,4,1.23307164255613,11.6535821277371,0.537110720180176,3.82748193234574,0.139298302015546,0.42055398159868,0.136328498277995,8.17648589196799
"TS",0.0759,1.11849079404257,1.00993931377468,0.991734721330679,4,1.22915007583452,11.4575037941457,0.521374485096473,3.88842130866616,0.139575914281194,0.424466186090984,0.142320040486005,7.90805528833044
"TS",0.0779,1.14796354223868,1.00559413866181,0.987467869876418,4,1.22532632410691,11.2663162050577,0.506089658015039,3.94614730391389,0.139899184102714,0.427755761140127,0.148261082823523,7.64800806340636
"TS",0.0799,1.1774362904348,1.00051288019749,0.982478203291112,4,1.22159987047466,11.0799935228454,0.491257142723587,4.00065099745131,0.140265847110646,0.430443516874941,0.154133514089053,7.3963282311259
"TS",0.0819,1.20690903863091,0.99476787773828,0.976836756983185,4,1.2179696882729,10.8984844129094,0.476875403927629,4.0519395384488,0.140673175364585,0.432553284432175,0.159919769719985,7.15295701827979
"TS",0.0839,1.23638178682703,0.988426840622971,0.97061001980133,4,1.21443427324841,10.7217136420334,0.462940825101175,4.10003242458699,0.1411180882915,0.434110845264436,0.16560307166757,6.91779824803694
"TS",0.0859,1.26585453502314,0.981552779090189,0.963859866197403,4,1.2109916797955,10.5495839887453,0.449447840167203,4.1449605586106,0.141597221567696,0.435143533577437,0.171167579725833,6.69072124762324
"TS",0.0879,1.29532728321926,0.974204261507025,0.956643808818377,4,1.20763968285216,10.3819841423641,0.436389580313536,4.18676313949461,0.142106910983975,0.435679739917579,0.176598338136896,6.4715723420367
"TS",0.0899,1.32480003141537,0.966435424823025,0.949015008771892,4,1.20437578569724,10.2187892651284,0.423757855574028,4.22548783364553,0.142643240863003,0.435748596575866,0.181881529358387,6.2601752140892
"TS",0.0919,1.35427277961149,0.958296084672488,0.94102238374392,4,1.20119724304295,10.0598621514863,0.411543340085794,4.2611886670681,0.143202101891091,0.435379493525819,0.187004513958123,6.05633424220474
"TS",0.0939,1.3837455278076,0.949832151747125,0.932711016866119,4,1.19810121293289,9.90506064664049,0.399736116874764,4.29392418158342,0.143779197616936,0.434601797218037,0.19195578178173,5.85984415684822
"TS",0.0959,1.41321827600372,0.94108571362792,0.924122237072642,4,1.19508473935555,9.75423696780945,0.388325628718813,4.32375712689299,0.144370093955924,0.433444571046739,0.196725089894908,5.67048960048531
"TS",0.0979,1.44269102419983,0.932095237492566,0.915293818153687,4,1.19214478073622,9.60723903724326,0.377300828313446,4.35075318073356,0.144970264191902,0.431936288837665,0.201303479056637,5.48804780401519
"TS",0.0999,1.47216377239595,0.922895883806813,0.906260286792417,4,1.1892782850566,9.46391422317917,0.366650415245136,4.37498044299777,0.145575083299524,0.430104700057396,0.205683289510961,5.31229302573578
"TS",0.1019,1.50163652059206,0.913519605401618,0.897053019856208,4,1.18648216475021,9.32410824087368,0.356362811374947,4.39650861595818,0.14617991054948,0.427976589341213,0.209858173441018,5.14299617006796
"TS",0.1039,1.53110926878818,0.903995584002898,0.887700673057761,4,1.18375339613214,9.18766980801683,0.346426495554865,4.41540811437385,0.1467800841581,0.425577714171964,0.213823004433426,4.97993058568402
"TS",0.1059,1.56058201698429,0.89435027769101,0.878229227559102,4,1.18108898182158,9.0544490880322,0.33682989422222,4.43175009318169,0.147370970532005,0.422932675552064,0.217573929637311,4.82287036060015
"TS",0.1079,1.59005476518041,0.88460769129915,0.868662255495941,4,1.1784859952677,8.92429976382066,0.327561517597908,4.44560616368133,0.14794799691005,0.420064883045672,0.221108333663371,4.67159275819023
"TS",0.1099,1.61952751337652,0.874789578098891,0.85902111802773,4,1.17594156414877,8.79707818742745,0.318610032310282,4.45704662949742,0.148506656287487,0.41699640963646,0.224424614823126,4.52587912618925
"TS",0.1119,1.64900026157264,0.864915541009082,0.849325064722238,4,1.17345292640588,8.67264632848699,0.30996421338703,4.46614357484513,0.149042592949067,0.41374815963079,0.227522502471466,4.38551475416941
"TS",0.1139,1.67847300976875,0.855003389930023,0.83959158444862,4,1.17101742275632,8.55087114040283,0.301613163291623,4.472967303621,0.149551574368671,0.410339711446358,0.230402586414808,4.2502918745238
"TS",0.1159,1.70794575796487,0.845069140347034,0.829836404006151,4,1.16863249222592,8.43162461565753,0.293546184340184,4.4775880986063,0.15002955398778,0.406789391748152,0.233066471844521,4.12000786513751
"TS",0.1179,1.73741850616098,0.835127253635181,0.820073724097366,4,1.16629569839935,8.31478492290565,0.285752882855894,4.48007582985095,0.150472691309407,0.403114307814115,0.235516647133872,3.99446682379939
"TS",0.1199,1.7668912543571,0.82519067391065,0.810316255515163,4,1.16400470963068,8.20023548155906,0.278223104687803,4.48050002049919,0.150877385422328,0.399330350416869,0.237756431288637,3.87347849894249
"TS",0.1219,1.79636400255321,0.815271116086364,0.8005755020061,4,1.16175733961719,8.08786698115868,0.270947072046078,4.47892981590499,0.151240293369278,0.395452294653244,0.239789851991632,3.75686041761563
"TS",0.1239,1.82583675074933,0.805379044122291,0.790861738912744,4,1.15955152166082,7.97757608220566,0.263915281781812,4.47543427720766,0.151558363804676,0.391493806431274,0.241621621247294,3.64443621385212
"TS",0.1259,1.85530949894544,0.795523840643828,0.781184179734619,4,1.15738532358314,7.86926617735476,0.257118559870482,4.47008235356869,0.151828859983775,0.387467515504814,0.243257023485161,3.53603638677944
"TS",0.1279,1.88478224714156,0.78571389163218,0.771551059291992,4,1.15525694247019,7.76284712370185,0.250548052245047,4.46294288021323,0.152049367116374,0.383385051005844,0.244701857955809,3.43149806573342
"TS",0.1299,1.91425499533767,0.775956685728949,0.761969731240468,4,1.15316471712757,7.658235856384,0.244195225246048,4.45408508476249,0.152217852959356,0.379257144941368,0.245962341369381,3.330665039715
"TS",0.1319,1.94372774353379,0.766258883400385,0.752446735988513,4,1.15110711625728,7.55535581265211,0.238051862865472,4.44357836224304,0.152332610927115,0.375093636726053,0.247045095073635,3.23338746100164
"TS",0.1339,1.9732004917299,0.75662639836457,0.742987880656887,4,1.14908274285884,7.45413714290191,0.232110057696109,4.43149249089184,0.152392343882644,0.370903559062277,0.247957014847402,3.13952177158488
"TS",0.1359,2.00267323992602,0.747064463311083,0.73359830361368,4,1.14709032930895,7.35451646545209,0.226362209147989,4.4178975966632,0.152396097701999,0.366695188956098,0.248705255700102,3.04893049459015
"TS",0.1379,2.03214598812214,0.737577691481751,0.724282534945039,4,1.14512874276746,7.25643713844457,0.220801014909029,4.40286455050689,0.15234337955577,0.362476076209657,0.249297133898652,2.96148206132603
"TS",0.1399,2.06161873631825,0.728170132113677,0.715044550898822,4,1.14319695692273,7.1598478461543,0.215419459941425,4.38646392759882,0.152233978473964,0.358253119564725,0.249740066248617,2.87705053705035
"TS",0.1419,2.09109148451436,0.718845321156018,0.705887823687172,4,1.14129410949142,7.06470547457542,0.210210809423353,4.3687688064033,0.152068173410503,0.354032669567202,0.250041699606664,2.7955155657881
"TS",0.1439,2.12056423271048,0.709604028249364,0.696813109077577,4,1.13941892341881,6.97094617051374,0.205167361225359,4.34984479928232,0.151846414588344,0.349819330680304,0.250209483373765,2.71674252806427
"TS",0.1459,2.1500369809066,0.700455793142726,0.687829774860949,4,1.13757213416066,6.87860670800192,0.200286633131085,4.32977936273608,0.15156985447593,0.345621479688263,0.250250915868424,2.64067934724886
"TS",0.1479,2.17950972910271,0.69139597480073,0.678933263658583,4,1.13575176709696,6.78758835485608,0.195558952899625,4.30862998520234,0.151239516007988,0.341440656280436,0.25017353326018,2.56716260661479
"TS",0.1499,2.20898247729883,0.682428775161043,0.670127701666404,4,1.13395780256677,6.69789012834886,0.190979850602408,4.28647368352176,0.150857002393795,0.337282157859806,0.249984673513857,2.49611089506401
"TS",0.1519,2.23845522549494,0.673555776446616,0.661414642587111,4,1.13218983509665,6.60949175483642,0.186543846291715,4.26338216185885,0.150424107790713,0.33314980322444,0.249691560772154,2.42742783010714
"TS",0.1539,2.26792797369106,0.664778269071158,0.652795353574148,4,1.13044752986487,6.52237649327061,0.182245681840912,4.23942645406636,0.149942856765031,0.32904701469482,0.249301249353305,2.36102120655742
"TS",0.1559,2.29740072188717,0.656097278441722,0.644270841551163,4,1.12873061292281,6.43653064613845,0.17808031045182,4.21467664678577,0.149415469544049,0.324976846505956,0.248820596157108,2.29680280134224
"TS",0.1579,2.32687347008329,0.647513589279541,0.635841877094449,4,1.12703886220139,6.35194311007098,0.174042887856284,4.1892016310212,0.148844328915274,0.32094201112783,0.248256238981351,2.23468818577505
"TS",0.1599,2.3563462182794,0.639027768228739,0.627509016634125,4,1.12537209658991,6.26860482949368,0.170128763203748,4.1630687552542,0.148231942054855,0.316944901739747,0.247614571511564,2.17459654384342
"TS",0.1619,2.38581896647552,0.630640184498939,0.619272622724652,4,1.12373016653174,6.18650832659004,0.166333470597931,4.13634354266424,0.147580905639577,0.312987613746933,0.246901725424297,2.11645050058834
"TS",0.1639,2.41529171467163,0.622351028975635,0.611132882810731,4,1.12211294766992,6.10564738349996,0.162652720977139,4.10908954580723,0.146893876207031,0.309071969821989,0.246123567232033,2.06017596462378
"TS",0.1659,2.44476446286775,0.614160331760746,0.603089826451679,4,1.12052032979274,6.02601648964096,0.159082394456746,4.08136796539416,0.146173539406122,0.305199536949446,0.245285672421107,2.00570196858563
"TS",0.1679,2.47423721106386,0.606067978377393,0.595143341234113,4,1.11895221177895,5.94761058894745,0.155618533715957,4.05323755960046,0.145422574171186,0.301371644294953,0.244393333633998,1.95296052826995
"TS",0.1699,2.50370995925998,0.598073724676524,0.587293187409873,4,1.11740849538269,5.87042476913642,0.152257332378232,4.02475447614478,0.144643639739618,0.297589406695626,0.243451555128757,1.9018865057032
"TS",0.1719,2.53318270745609,0.590177210583629,0.57953901139495,4,1.11588907420343,5.7944537101753,0.148995138525045,3.99597185944474,0.143839324983237,0.293853727145689,0.242465035156871,1.85241747053669
"TS",0.1739,2.56265545565221,0.582377972719699,0.571880358162938,4,1.1143938431261,5.71969215633432,0.145828438112283,3.96694040218722,0.143012189163944,0.29016534477546,0.241438204656025,1.80449360156934
"TS",0.1759,2.59212820384832,0.574675456008341,0.564316682642937,4,1.11292267200735,5.6461336003721,0.142753853874679,3.93770724240263,0.142164653441072,0.286524800731804,0.240375179693886,1.75805753378699
"TS",0.1779,2.62160095204444,0.567069024326804,0.556847360178584,4,1.11147543119028,5.57377155950777,0.139768141319593,3.90831725193389,0.141299088023362,0.282932513280037,0.239279839722043,1.71305429562219
"TS",0.1799,2.65107370024055,0.559557970248499,0.54947169609496,4,1.11005196492065,5.50259824596055,0.136868178557593,3.87881188126465,0.140417738260805,0.279388740088081,0.238155758750657,1.6694311657751
"TS",0.1819,2.68054644843667,0.552139681786489,0.542187125487322,4,1.10865174581438,5.4325872920257,0.134050272410911,3.84922194438579,0.139522479733696,0.275892734785749,0.2370059459022,1.62712717089932
"TS",0.1839,2.71001919663278,0.544818861439103,0.534998266089433,4,1.10727565201012,5.36378260050551,0.131313620798663,3.81960669926843,0.13861606417802,0.272447163485966,0.23583444563155,1.58612510628649
"TS",0.1859,2.7394919448289,0.537587315851935,0.52789707223564,4,1.10592206738957,5.29610337091297,0.128652712909347,3.78996804561005,0.137699397389497,0.269048452284365,0.234642819575361,1.54633741258598
"TS",0.1879,2.76896469302501,0.530451363892793,0.52088974889343,4,1.10459214682315,5.22960734115551,0.12606754339519,3.76036726371422,0.136775226104489,0.265699868276937,0.233434980422734,1.50775933401683
"TS",0.1899,2.79843744122113,0.523404672836419,0.513970077487654,4,1.1032846187463,5.16423093732096,0.123553582503958,3.73080887248375,0.135844455781666,0.262398597462811,0.232212352712501,1.47031869269381
"TS",0.1919,2.82791018941724,0.516448065050741,0.507138865562701,4,1.10199956491981,5.09997824599453,0.12110902204667,3.70132594011179,0.134908847660164,0.259145166008801,0.230977486782685,1.43398426903233
"TS",0.1939,2.85738293761336,0.509580543487115,0.500395134042161,4,1.10073670873587,5.036835436789,0.118731491381287,3.67194142969104,0.133969816023335,0.255939188732316,0.229732399766462,1.39871670864078
"TS",0.1959,2.88685568580947,0.50279940827408,0.493736231720921,4,1.0994954539331,4.97477269564874,0.116418143877815,3.64266893510276,0.133028416956323,0.252779438393443,0.228478644338958,1.36446982495161
"TS",0.1979,2.91632843400559,0.496108679645214,0.487166106366114,4,1.09827641311664,4.9138206558328,0.114168497050089,3.61354877687411,0.13208654110749,0.249667770914126,0.227218815822277,1.33123268454335
"TS",0.1999,2.9458011822017,0.489502263767061,0.480678773988264,4,1.09707835339519,4.85391766974902,0.111978735477622,3.58457609632624,0.131144573587488,0.246601308188491,0.225953538610572,1.29894523364405
"TS",0.2019,2.97527393039782,0.482980793726134,0.474274856262225,4,1.09590125515307,4.79506275766636,0.109847404528225,3.55577311108555,0.13020373216887,0.243580266239049,0.224684522609996,1.26758254573532
"TS",0.2039,3.00474667859393,0.47654321352823,0.467953316228547,4,1.09474478376556,4.73723918828314,0.107772555824273,3.52715312283763,0.129264914631947,0.240604047512276,0.223413033300077,1.23711260523902
"TS",0.2059,3.03421942679005,0.470188464420656,0.461713114219011,4,1.09360859046832,4.68042952342294,0.105752316985333,3.49872755595878,0.128328912283207,0.237672022256584,0.222140198918806,1.20750467412061
"TS",0.2079,3.06369217498616,0.463913928911333,0.455551679922964,4,1.09249207956263,4.62460397767989,0.103784400849084,3.47050108186862,0.127396292407572,0.234782871126903,0.220866844965355,1.17872219061667
"TS",0.2099,3.09316492318228,0.457723224046855,0.449472565188171,4,1.09139568978675,4.56978448937045,0.10186853234172,3.44250193513759,0.126468315034847,0.231938036938167,0.219594724659906,1.15075806735846
"TS",0.2119,3.12263767137839,0.451610620634633,0.443470144093217,4,1.0903182607993,4.51591303997017,0.100001588240401,3.41471804032445,0.125544927242473,0.22913473391212,0.218323825583915,1.12356385625051
"TS",0.2139,3.15211041957451,0.44557662730383,0.437544916099003,4,1.08925970625543,4.46298531280776,0.0981824514242297,3.38716287629343,0.12462687176536,0.226372994851202,0.217055209675784,1.09712052520752
"TS",0.2159,3.18158316777062,0.439620200672891,0.431695856631377,4,1.0882196678994,4.41098339486087,0.0964095782148858,3.35984216631002,0.12371461089538,0.223652137776001,0.215789563750619,1.07140298703891
"TS",0.2179,3.21105591596674,0.433740304693117,0.425921948316867,4,1.08719778859362,4.35988942957912,0.0946814899642648,3.33276076342886,0.122808564481467,0.220971478091787,0.21452751492886,1.04638714222151
"TS",0.2199,3.24052866416285,0.42793591158871,0.420222181905777,4,1.08619371017803,4.30968550938583,0.0929967540185123,3.30592261085799,0.121909086540023,0.218330325769399,0.213269608571174,1.02204983289631
"TS",0.2219,3.27000141235897,0.422206003257095,0.41459555764727,4,1.08520707613458,4.26035380671532,0.0913539979811353,3.27933088748437,0.121016488302715,0.215727997163369,0.21201633909247,0.998368805972057
"TS",0.2239,3.29947416055508,0.416549571143816,0.40904108516652,4,1.08423753504184,4.21187675210163,0.0897518995696752,3.25298822139037,0.120131052400593,0.213163810782565,0.210768155231703,0.975322673022168
"TS",0.2259,3.3289469087512,0.410965617664525,0.403557784861068,4,1.08328473270105,4.16423663503728,0.0881891860355738,3.22689634003501,0.119253005947275,0.210637081814573,0.209525433753565,0.952890868192786
"TS",0.2279,3.35841965694731,0.405453156415402,0.39814468810745,4,1.08234832520264,4.11741626008916,0.0866646312002672,3.20105674297565,0.11838255479222,0.208147140700123,0.20828853439273,0.93105362249358
"TS",0.2299,3.38789240514343,0.400009860470684,0.392799509923744,4,1.08142774016631,4.07138701157592,0.0851766874068849,3.17546385070405,0.117519650913348,0.205692708983489,0.20705745296833,0.909786673137148
"TS",0.2319,3.41736515333954,0.394638823548954,0.38752528826292,4,1.08052332372459,4.02616618624334,0.0837253203007624,3.15013714930747,0.116665080099698,0.203274953969012,0.205833379635359,0.889087468772343
"TS",0.2339,3.44683790153566,0.389335038550166,0.382317106280072,4,1.07963405727491,3.98170286452046,0.0823083322021332,3.12505751431669,0.115818315615462,0.200891397074982,0.20461562691249,0.868922670542192
"TS",0.2359,3.47631064973177,0.384097620008393,0.37717409447018,4,1.07875962222554,3.93798111101444,0.0809246946820555,3.10022468948138,0.114979439293424,0.198541417139263,0.203404404753159,0.849275745461394
"TS",0.2379,3.50578339792789,0.37892954471378,0.37209917596546,4,1.07790034674496,3.89501733721525,0.0795744155171902,3.07565654784057,0.114149161489256,0.196226133909969,0.202200797593983,0.83014493374041
"TS",0.2399,3.535256146124,0.373824730100547,0.367086377841009,4,1.07705506004735,3.85275300217164,0.0782551636523371,3.05132783781217,0.113326715078138,0.193942614280215,0.20100377900575,0.811495404417196
"TS",0.2419,3.56472889432012,0.368787381871023,0.362139829989553,4,1.07622427266813,3.81121363339096,0.0769673150071698,3.02726052753849,0.112512899251713,0.191692501034924,0.199814592822695,0.793330683382697
"TS",0.2439,3.59420164251623,0.363811574355748,0.357253713554386,4,1.07540687684449,3.77034384325344,0.0757086690572815,3.00343048342972,0.111706990058739,0.189472975623663,0.198632264803661,0.775618062742141
"TS",0.2459,3.62367439071235,0.358901409831356,0.352432056866831,4,1.07460336030491,3.73016801524494,0.0744796074236812,2.97985841518005,0.110909722738926,0.18728563008591,0.19745796199636,0.758361215583939
"TS",0.2479,3.65314713890846,0.35405111642369,0.347669192093259,4,1.07381264562975,3.69063228225791,0.0732780526471692,2.95651987268127,0.110120344290836,0.185127719046422,0.196290653243633,0.741529381542611
"TS",0.2499,3.68261988710458,0.349264696574138,0.342969049529321,4,1.07303522989995,3.65176149500864,0.0721043893411866,2.93343589939182,0.109339603474792,0.18300082459321,0.195131549318445,0.7251263694625
"TS",0.2519,3.71209263530069,0.344536527929504,0.338326108167166,4,1.07227005029559,3.61350251619271,0.070956654752426,2.91058109409003,0.108566686718902,0.180902254993702,0.193979516982581,0.709123214338389
"TS",0.2539,3.74156538349681,0.33986935809002,0.333743066080345,4,1.07151741814928,3.57587090952836,0.0698349581903269,2.88797082444749,0.107802155549458,0.178833057761891,0.192835487146083,0.693519975004316
"TS",0.2559,3.77103813169292,0.335262333540616,0.329219085138768,4,1.07077703206423,3.53885160323364,0.068738546478807,2.86560144323147,0.107045901319924,0.176792646518371,0.191699392522046,0.678304672788355
"TS",0.2579,3.80051087988904,0.330711223869672,0.324750011185809,4,1.07004810154908,3.50240507756566,0.0676658972561221,2.84345496731715,0.106297366836781,0.17477900755448,0.190570474214336,0.663454792194585
"TS",0.2599,3.82998362808515,0.326218680148289,0.32033844750587,4,1.06933090841387,3.46654542034608,0.0666171376163167,2.82154499104717,0.105557023859539,0.172793130048509,0.189449546856172,0.648970738799253
"TS",0.2619,3.85945637628127,0.321782786458387,0.31598251271612,4,1.06862501836798,3.43125091952573,0.0655913371963161,2.79986341069394,0.104824620562745,0.170834003177847,0.188336319234847,0.634838274042883
"TS",0.2639,3.88892912447738,0.317403872278038,0.311682530355647,4,1.06793035803096,3.39651790154689,0.0645881032958185,2.77841290687749,0.104100267184969,0.168901616729561,0.187231050587148,0.621050687795649
"TS",0.2659,3.9184018726735,0.31307792634606,0.307434561467985,4,1.06724617116457,3.36230855869675,0.0636060751719267,2.75717482589985,0.103383356303238,0.16699404657001,0.18613289103374,0.607587994932046
"TS",0.2679,3.94787462086961,0.308807477974509,0.303241089773246,4,1.06657273575933,3.32863678758695,0.0626453978509771,2.73616223858185,0.102674319014565,0.165112258732691,0.185042627321943,0.594450978656077
"TS",0.2699,3.97734736906573,0.304591763335197,0.299101365211578,4,1.06590981923513,3.29549096177734,0.0617054820339752,2.71537241618353,0.101973092910756,0.163255775990739,0.183960235745814,0.581630292921998
"TS",0.2719,4.00682011726184,0.300426928144865,0.295011602974841,4,1.06525670060427,3.26283503028564,0.0607850707331263,2.69478687609733,0.101279053536686,0.161422758797694,0.18288484131127,0.569107632071368
"TS",0.2739,4.03629286545796,0.296315414476709,0.290974201116806,4,1.06461366447361,3.23068322347283,0.0598843220438425,2.67441878882691,0.100592664561576,0.159614155578296,0.181817246124618,0.556883999084361
"TS",0.2759,4.06576561365408,0.292256494235392,0.286988444666371,4,1.063980479208,3.19902396038719,0.0590027010313746,2.65426464825504,0.0999138004502242,0.15782950493732,0.180757352445393,0.544950950163991
"TS",0.2779,4.09523836185019,0.288246463425173,0.283050696393917,4,1.06335647824763,3.16782391404454,0.0581390467455225,2.63430723133857,0.0992418891233117,0.156067071198464,0.17970436301115,0.533291700413211
"TS",0.2799,4.1247111100463,0.28428768014462,0.279163271892266,4,1.06274191792933,3.1370958966421,0.0572935268298745,2.61455817130732,0.0985773188259902,0.15432775476258,0.178658964665824,0.521907406836025
"TS",0.2819,4.15418385824242,0.280378479024631,0.275324535811315,4,1.06213645020601,3.10682251170633,0.0564654490102521,2.59501000989047,0.0979198356956589,0.152610717410209,0.177620866579098,0.510787695105601
"TS",0.2839,4.18365660643853,0.276518213903953,0.271533853637145,4,1.06153987841045,3.07699392067646,0.0556543568574679,2.5756597728715,0.0972693450367851,0.150915556912804,0.176589983557916,0.499925377899102
"TS",0.2859,4.21312935463465,0.272706248107028,0.267790600170553,4,1.06095202304812,3.04760115264797,0.0548598070577978,2.55650513059075,0.0966257665827557,0.149241900993904,0.175566291007611,0.489313505516871
"TS",0.2879,4.24260210283076,0.268941955961494,0.264094161017189,4,1.06037269028819,3.0186345141531,0.0540813706066415,2.53754283091472,0.0959889811961307,0.14758935673916,0.174549682074738,0.478945346714702
"TS",0.2899,4.27207485102688,0.265225644437993,0.260444837614416,4,1.05980185287405,2.99009264370484,0.0533188201845019,2.51877530836249,0.0953590769238826,0.1459579723458,0.173540377117777,0.468816897597277
"TS",0.2919,4.301547599223,0.261553936633732,0.256839313929576,4,1.05923890575439,2.96194528791003,0.0525711876678685,2.50018559630573,0.0947354712234596,0.144346166745052,0.172537537740806,0.458914341738467
"TS",0.2939,4.33102034741911,0.257929005865073,0.253279724104062,4,1.05868411234555,2.93420561651603,0.0518386482942051,2.48178544148222,0.0941185620380628,0.142754809229714,0.171541873231147,0.449239090315765
"TS",0.2959,4.36049309561523,0.25434934110426,0.249764584347047,4,1.05813715509568,2.90685775486027,0.0511206380445383,2.46356704425433,0.0935080822031188,0.141183138834248,0.170553025191894,0.439782725456153
"TS",0.2979,4.38996584381134,0.250814363836671,0.246293326571885,4,1.05759787626701,2.87989381347864,0.0504167856432817,2.44552801420302,0.0929039192476692,0.139630828431183,0.169570951635314,0.430539524134514
"TS",0.2999,4.41943859200746,0.247324371771122,0.242866243121061,4,1.05706624940519,2.85331247025601,0.0497269114732412,2.42767015659734,0.0923061527706944,0.138097921491385,0.16859581178649,0.421506173354849
"TS",0.3019,4.44891134020357,0.24387620249358,0.239480228584421,4,1.05654172912772,2.82708645692278,0.049050156504427,2.40997781621703,0.0917142500000853,0.136582960464104,0.167626818030347,0.412670600801522
"TS",0.3039,4.47838408839969,0.240471905781806,0.236137295791599,4,1.05602455761368,2.80122788101707,0.0483866996237268,2.39246162941457,0.0911285467215712,0.13508676922628,0.166664621128402,0.404034297142244
"TS",0.3059,4.5078568365958,0.237110906158739,0.232836879638755,4,1.05551458705098,2.77572935254919,0.04773620638065,2.37511916119244,0.0905489706606828,0.133609031063988,0.165709151526781,0.395592069834442
"TS",0.3079,4.53732958479192,0.233790162786979,0.229575994100895,4,1.05501129999999,2.75056499948732,0.0470978791399705,2.35793527989864,0.089975001705025,0.13214834716276,0.164759646704948,0.387332763731174
"TS",0.3099,4.56680233298803,0.230511654249534,0.226356582096217,4,1.05451491449026,2.72574572441914,0.0464718990297841,2.34091941492797,0.0894069246228751,0.130705497680399,0.163816666211773,0.379257887062562
"TS",0.3119,4.59627508118415,0.227274026582712,0.223177314066807,4,1.05402519483711,2.70125974171071,0.0458578048151512,2.32406615602289,0.0888445887046092,0.129279861540863,0.162879992545397,0.371360759820625
"TS",0.3139,4.62574782938026,0.224076768509832,0.220037687951967,4,1.05354199590701,2.67709979461076,0.0452553122901786,2.30737256053405,0.0882878542703919,0.127871137356105,0.161949515527056,0.363636912236363
"TS",0.3159,4.65522057757638,0.22091937691586,0.216937209705531,4,1.05306518822764,2.65325941146252,0.04466414088891,2.29083629455146,0.0877366477392292,0.126479053313258,0.16102515898437,0.356082013311995
"TS",0.3179,4.68469332577249,0.217801355885469,0.213875392351257,4,1.05259465748103,2.62973287412067,0.044084020480076,2.27445565492532,0.087190910666378,0.125103348469444,0.160106893987084,0.348691863595032
"TS",0.3199,4.71416607396861,0.214722217099571,0.210851756372222,4,1.05213026948764,2.60651347456009,0.0435146863501547,2.25822785689808,0.0866505307051733,0.123743752423924,0.159194610674188,0.341462380245514
"TS",0.3219,4.74363882216472,0.211681479621335,0.207865829500689,4,1.05167190638644,2.58359531907103,0.0429558858156853,2.24215080025734,0.0861154305334975,0.12240000331341,0.158288248637341,0.334389604820718
"TS",0.3239,4.77311157036084,0.208678669462718,0.204917146292453,4,1.05121945171375,2.56097258571631,0.0424073686877295,2.2262223449453,0.0855855287213392,0.121071853162015,0.157387738624162,0.327469693404012
"TS",0.3259,4.80258431855695,0.205713319640509,0.202005248181877,4,1.05077279319284,2.53863966705475,0.0418688943459115,2.21044046179272,0.0850607527695553,0.119759054779688,0.156493019277844,0.320698914010624
"TS",0.3279,4.83205706675307,0.202785698128282,0.199130398312196,4,1.05033192865381,2.51659643268982,0.0413403596021286,2.19480690686884,0.0845411498875156,0.118461689165948,0.155604241797014,0.314075281274158
"TS",0.3299,4.86152981494918,0.199893168764467,0.196290008039792,4,1.04989642100453,2.49482105296661,0.0408211430719853,2.17930798282141,0.084026258281045,0.117178551363785,0.154720675686861,0.307590358516336
"TS",0.3319,4.8910025631453,0.197038176977879,0.193486478713569,4,1.0494665974099,2.47332987049309,0.0403115438864348,2.16395704389845,0.0835165050758635,0.115910693289572,0.153843133696958,0.301247209596597
"TS",0.3339,4.92047531134141,0.1942174268436,0.190716573819079,4,1.04904192947396,2.45209647284815,0.0398108354194378,2.14873699614883,0.0830113221190228,0.11465662274396,0.152970687086518,0.295036167293984
"TS",0.3359,4.94994805953753,0.191432613084996,0.187981957531567,4,1.04862262633131,2.43113131628114,0.0393191877860687,2.13365684912639,0.0825109891552481,0.113417053854195,0.152103891961453,0.2889587073133
"TS",0.3379,4.97942080773364,0.188682598613357,0.185281513258839,4,1.04820849461749,2.41042473098386,0.0388362722039685,2.11871144369265,0.0820153421667256,0.112191464536309,0.15124250407639,0.283010125221748
"TS",0.3399,5.00889355592976,0.185967636883944,0.182615489887514,4,1.04779953327824,2.38997666391196,0.0383620061769422,2.10390226988891,0.0815244103873849,0.110979939907541,0.150386655547095,0.277188809177926
"TS",0.3419,5.03836630412587,0.183285954789614,0.179982146271473,4,1.0473954444451,2.36977222225523,0.0378959610817457,2.08922009888374,0.0810378797255246,0.109781665063947,0.149535857037351,0.271488882727288
"TS",0.3439,5.06783905232199,0.180637826149493,0.177381751294132,4,1.04699623935031,2.34981196751594,0.0374380690337867,2.07466683218443,0.0805558060460309,0.108596741032084,0.148690261300122,0.265908933569682
"TS",0.3459,5.0973118005181,0.178022197720635,0.174813270697706,4,1.04660173239741,2.33008661873802,0.0369880354448177,2.06023718703302,0.0800780075325146,0.107424678905785,0.147849605370237,0.260444806603367
"TS",0.3479,5.12678454871422,0.175439979018127,0.172277597602879,4,1.04621203012037,2.31060150637797,0.0365459087594995,2.04593646628013,0.0796046507409257,0.106265866324703,0.147014233564415,0.255096504388345
"TS",0.3519,5.18573004510645,0.170372233728321,0.167301200611285,4,1.04544639544047,2.27231977204591,0.0356843478311215,2.01770372648269,0.0786706106033647,0.103986335529259,0.145358476673513,0.244732691934283
"TS",0.3539,5.21520279330256,0.167885938794144,0.164859722217424,4,1.04507030437323,2.25351521848498,0.0352645816615901,2.00376864569146,0.0782098270440676,0.10286525030805,0.144537986009985,0.239712090269052
"TS",0.3559,5.24467554149868,0.165430859078037,0.162448896373841,4,1.0446985903141,2.2349295158423,0.0348519445105322,1.98995222360333,0.0777531094113253,0.101756379467171,0.143722345517329,0.23479574360778
"TS",0.3579,5.27414828969479,0.163006623669969,0.16006835885632,4,1.04433117167182,2.21655858354734,0.0344462789165229,1.97625266039412,0.0773003934534148,0.100659544458704,0.142911488114168,0.229981272332681
"TS",0.3599,5.30362103789091,0.160613461368536,0.157718334339263,4,1.04396806085336,2.198403042663,0.034047536406827,1.96267167737547,0.0768517197438119,0.0995748328054808,0.142105553216017,0.225267526929717
"TS",0.3619,5.33309378608702,0.158249227366122,0.155396716676137,4,1.04360891769756,2.18044588496068,0.0336552697394001,1.94919781683376,0.0764067109989993,0.0985012782094281,0.141303897664331,0.220648754770245
"TS",0.3639,5.36256653428314,0.155915929517389,0.153105477529157,4,1.04325402886417,2.16270144320063,0.0332697282528923,1.93584303610501,0.0759657538714421,0.0974397857689808,0.140507270173108,0.21612737927204
"TS",0.3659,5.39203928247925,0.15361088273344,0.150841980209313,4,1.04290296793795,2.14514839690028,0.0328903866910831,1.92259244545204,0.0755283641536636,0.0963891252022584,0.139714813006572,0.211696739643266
"TS",0.3679,5.42151203067537,0.151335480009561,0.14860759260255,4,1.0425559236514,2.12779618286748,0.0325173954271336,1.90945424865993,0.0750947778065931,0.0953499297693021,0.138927059423687,0.207358109596489
"TS",0.3699,5.45098477887148,0.149089358012771,0.14640195792512,4,1.04221282916017,2.11064145804371,0.0321506164144732,1.89642710081737,0.0746649568694921,0.0943220361476499,0.138143961938292,0.203109394904594
"TS",0.3719,5.4804575270676,0.146871056342048,0.14422364210036,4,1.04187344522327,2.09367226117335,0.0317897374204612,1.88350300439271,0.0742386276620233,0.0933047749223694,0.137365073961723,0.198946495509851
"TS",0.3739,5.50993027526371,0.144680263557307,0.142072339302029,4,1.04153770866546,2.07688543330798,0.0314346359155283,1.87068058897952,0.073815735777533,0.0922980039462325,0.136590346026546,0.194867551177481
"TS",0.3759,5.53940302345983,0.142517746522678,0.139948802571198,4,1.041205727008,2.06028635031566,0.0310853668588655,1.85796504150516,0.0733964545042973,0.0913020778022019,0.135820122702476,0.190872725852184
"TS",0.3779,5.56887577165594,0.140382630331759,0.137852172772032,4,1.04087734950805,2.04386747548198,0.0307417194772953,1.84535159054926,0.0729806109178192,0.0903166010697739,0.135054150977203,0.186959161274298
"TS",0.3799,5.59834851985206,0.13827511903864,0.135782650280457,4,1.04055260007979,2.02763000399608,0.0304036604715542,1.83284220865026,0.0725682734399292,0.0893416721116491,0.134292580335565,0.183126025768641
"TS",0.3819,5.62782126804817,0.136193326297448,0.133738382752799,4,1.04023117013426,2.01155850691129,0.0300708264950667,1.82042592255709,0.0721590567934181,0.0883764221221707,0.133534778012971,0.179368735806962
"TS",0.3839,5.65729401624429,0.134138511773285,0.131720607148154,4,1.03991325141632,1.99566257095934,0.029743355296123,1.80811115343799,0.0717532532642557,0.0874214436885811,0.132781283049712,0.175688446412571
"TS",0.3859,5.6867667644404,0.13210984458412,0.129728507561497,4,1.03959870235101,1.97993511773302,0.029421053736555,1.79589334164939,0.0713506961717094,0.0864763612928234,0.132031852133689,0.172082558030123
"TS",0.3879,5.71623951263652,0.130107518981533,0.127762274742939,4,1.03928754230907,1.96437711547732,0.0291038955111083,1.78377415448547,0.070951430383089,0.0855412725424729,0.131286617313619,0.168550335565048
"TS",0.3899,5.74571226083263,0.128129743106951,0.125820149132934,4,1.03897948596733,1.94897429839633,0.0287915408212708,1.77174338405703,0.0705551178805423,0.0846153528581792,0.130544980354545,0.165087587187202
"TS",0.3919,5.77518500902875,0.12617771398192,0.123903306176196,4,1.03867471324281,1.93373566281107,0.0284841268900558,1.75980894178813,0.0701620148262315,0.083699166531537,0.129807455096683,0.161695405650036
"TS",0.3939,5.80465775722486,0.124251121013273,0.122011440878134,4,1.0383731669252,1.91865834626116,0.0281815464732575,1.74796945137466,0.0697720676777354,0.0827925920741995,0.129073990752103,0.158372246007271
"TS",0.3959,5.83413050542098,0.12234871275745,0.120143324352999,4,1.03807464589185,1.90373229459197,0.0278835551919786,1.73621787644333,0.0693850399998719,0.0818950460113036,0.128344176738894,0.155114990563282
"TS",0.3979,5.86360325361709,0.120470223238212,0.118298695418889,4,1.03777910208298,1.88895510536144,0.0275900620479544,1.72455313239125,0.0690008909059318,0.081006417555289,0.127617973577728,0.151922268058435
"TS",0.3999,5.89307600181321,0.118616771154614,0.116478652609825,4,1.03748670011684,1.87433500585867,0.0273011925621652,1.71298247601577,0.0686198449917044,0.0801272461660289,0.126895861800378,0.148795061108164
"TS",0.4019,5.92254875000933,0.116786225253415,0.114681103089326,4,1.0371971194603,1.85985597292904,0.0270165705601741,1.70149421041293,0.0682415394319451,0.0792565528743241,0.12617713682235,0.145728891393345
"TS",0.4039,5.95202149820544,0.114979693285814,0.112907134640898,4,1.0369105097352,1.84552548760982,0.0267363211604392,1.6900948476595,0.0678661547949739,0.0783948622159999,0.125462234852928,0.142724758084345
"TS",0.4059,5.98149424640156,0.1131964444257,0.111156029611885,4,1.03662675992814,1.83133799620576,0.0264602879006245,1.67878081485534,0.0674935788984529,0.0775418515832725,0.124750957241849,0.13978059966019
"TS",0.4079,6.01096699459767,0.111436211546854,0.109427525691135,4,1.03634582431899,1.81729122002095,0.0261883871150275,1.66755104553411,0.0671237721657695,0.0766974098867987,0.124043263442112,0.136895158047526
"TS",0.4099,6.04043974279379,0.109698731200021,0.107721364178179,4,1.03606765786514,1.80338289359998,0.0259205371231166,1.65640445479451,0.0667566916730016,0.0758614292109315,0.1233391111893,0.134067205620787
"TS",0.4119,6.0699124909899,0.107983742891879,0.106037289275199,4,1.03579222112432,1.78961105576854,0.0256566582278118,1.64534022617402,0.0663923142264061,0.075033806993684,0.122638477139999,0.131295543976905
"TS",0.4139,6.09938523918602,0.106291409860366,0.104375461277699,4,1.03551952908126,1.77597645403531,0.0253967377411327,1.63435959397896,0.0660306584851631,0.0742146341143035,0.121941454512378,0.12857967365103
"TS",0.4179,6.15833073557825,0.102971173819235,0.101115073925615,4,1.03498183051282,1.74909152261254,0.024888078647696,1.61262994874679,0.0653149051085409,0.0726000263804913,0.120557152993559,0.123306730497141
"TS",0.4199,6.18780348377436,0.101344017139457,0.0995172474479535,4,1.03471694188324,1.73584709416405,0.0246393853724901,1.60188703312038,0.0649609930092207,0.0718050006572953,0.119870307512982,0.120749428714728
"TS",0.4219,6.21727623197048,0.0997372889112728,0.0979394811902194,4,1.03445444221782,1.72272211035564,0.0243941669916746,1.59121604953766,0.0646094129163132,0.0710174298541783,0.119186432846426,0.118241565712248
"TS",0.4239,6.24674898016659,0.0981519600987831,0.0963827286144673,4,1.03419449043324,1.70972452227604,0.0241525383806331,1.58062409414527,0.064260391385995,0.0702378132762182,0.118506007256176,0.115784000783055
"TS",0.4259,6.27622172836271,0.0965877757973311,0.0948467394108067,4,1.0339370469848,1.69685234924048,0.0239144318865847,1.57011019919846,0.0639138952264717,0.0694660540300467,0.117828992627845,0.113375680357314
"TS",0.4279,6.30569447655882,0.0950433341986022,0.0933301370391234,4,1.03368188016538,1.68409400540508,0.0236796009912265,1.55966548883572,0.0635696217997928,0.0687014809538066,0.117154839512135,0.111013822522142
"TS",0.4299,6.33516722475494,0.0935195676831168,0.0918338370733761,4,1.03342915416174,1.67145770808628,0.0234481589204235,1.54929734658642,0.0632278277148072,0.0679445845167603,0.116484045759995,0.108699246546708
"TS",0.4319,6.36463997295105,0.0920158570571998,0.0903572314811232,4,1.03317875944077,1.65893797207443,0.0232199839537865,1.53900180071548,0.0628883610091477,0.0671950779113791,0.115816375595033,0.106430406797631
"TS",0.4339,6.39411272114717,0.0905319744762264,0.0889000965247376,4,1.03293066851387,1.64653342721236,0.022995012203783,1.52877836252116,0.0625512092553381,0.0664528798319038,0.115151824510154,0.104206377297736
"TS",0.4359,6.42358546934328,0.0890676947978771,0.0874622111201875,4,1.03268483585304,1.63424179240648,0.022773184692291,1.51862563484689,0.0622163129342984,0.0657178945358547,0.114490317153155,0.102026251111063
"TS",0.4379,6.4530582175394,0.0876227954814973,0.0860433567382098,4,1.03244124165802,1.62206208301993,0.0225544403213141,1.50854346551697,0.0618836819351144,0.0649900488591648,0.113831867952959,0.0998891441544455
"TS",0.4399,6.48253096573551,0.086197056669986,0.0846433174847226,4,1.03219984287376,1.60999214564794,0.0223387222778699,1.49853055302396,0.0615532510241502,0.0642692499160545,0.113176413764695,0.0977941899343446
"TS",0.4419,6.51200371393163,0.0847902609784894,0.083261879893328,4,1.03196061745781,1.59803087298292,0.0221259719474071,1.48858658512675,0.0612250231130404,0.0635554272343861,0.112523954749178,0.0957405431305556
"TS",0.4439,6.54147646212774,0.0834021936652671,0.0818988330930984,4,1.03172351927642,1.58617596118386,0.0219161347740558,1.47871007249897,0.0608989306243996,0.0628484877771564,0.111874412309313,0.0937273751133629
"TS",0.4459,6.57094921032386,0.0820326423155911,0.0805539684981728,4,1.03148852542916,1.57442627704408,0.0217091565055321,1.46890064867847,0.0605749686106634,0.0621483568965046,0.111227779260693,0.0917538775058346
"TS",0.4479,6.60042195851997,0.080681732794342,0.0792274097046631,4,1.0312556614866,1.56278307433033,0.0215050343245165,1.45915986638401,0.0602531758622458,0.0614551314268416,0.110584185851593,0.0898197381136509
"TS",0.4499,6.62989470671609,0.0793482508883595,0.0779179643861258,4,1.03102472828629,1.55123642084722,0.021303562490303,1.44947993714988,0.059933306221806,0.0607682186018872,0.109943131701046,0.0879227468718204
"TS",0.4519,6.6593674549122,0.0780329982340487,0.0766264197291234,4,1.03079586221298,1.53979311037413,0.0211048428244411,1.43986698582307,0.0596155429465481,0.060088058173601,0.109305044372655,0.086063583033776
"TS",0.4539,6.68884020310832,0.0767354365711356,0.0753522471757559,4,1.0305689839525,1.52844919773638,0.0209087765216919,1.43031823702169,0.0592998053334743,0.0594144020216319,0.108669756747187,0.0842410282231029
"TS",0.4559,6.71831295130443,0.0754553655220459,0.0740952499603414,4,1.03034406024869,1.51720301243137,0.0207153111167251,1.42083272406646,0.0589860502884661,0.0587471787514053,0.108037223530672,0.0824543580317786
"TS",0.4579,6.74778569950055,0.0741925869876459,0.0728552335545685,4,1.03012106549943,1.506053275129,0.0205244021791297,1.41140984642768,0.0586742601996395,0.0580863192336773,0.107407425715957,0.0807028643803628
"TS",0.4599,6.77725844769666,0.0729469050238934,0.0716320055463713,4,1.02989996999448,1.49499850968903,0.0203359993046766,1.40204879851726,0.0583643993910843,0.0574317480728044,0.106780326830483,0.0789858540388472
"TS",0.4619,6.80673119589278,0.0717181261664294,0.0704253759586692,4,1.02968074793209,1.48403739673088,0.0201500580186948,1.39274891145875,0.0580564465753542,0.056783398791172,0.106155900429277,0.0773026493404333
"TS",0.4639,6.83620394408889,0.0705060588000633,0.0692351566302182,4,1.02946337359871,1.47316868012031,0.019966534976212,1.38350956655734,0.0577503808368342,0.0561412036468545,0.105534122849042,0.0756525867503944
"TS",0.4659,6.86567669228501,0.0693105136592944,0.0680611617071102,4,1.02924782011088,1.46239100566365,0.0197853835483486,1.37433003593477,0.0574461718352028,0.0555050927561274,0.104914963312918,0.074035017078354
"TS",0.4679,6.89514944048112,0.0681315963194675,0.0669034948616487,4,1.02903411579894,1.45170578994981,0.0196066059160314,1.36521195846575,0.0571438738227233,0.0548751579380908,0.104298549946025,0.0724496975489584
"TS",0.4699,6.92462218867724,0.0669682433445187,0.0657611118266641,4,1.02882207641109,1.44110382087314,0.0194300252938824,1.35614788455837,0.0568432365394324,0.0542508649593743,0.103684397025331,0.0708948289142044
"TS",0.4719,6.95409493687335,0.0658211500534626,0.0646346953877457,4,1.02861183567008,1.43059178369002,0.0192557358925117,1.34714392233554,0.0565444609343069,0.0536326183049048,0.103072935155685,0.0693709800421457
"TS",0.4739,6.98356768506947,0.064689842621058,0.0635237802605568,4,1.02840331701789,1.42016585084371,0.01908365095549,1.33819720583268,0.0562474477132209,0.0530201971377024,0.102463986592154,0.067877162742739
"TS",0.4759,7.01304043326558,0.0635744190661991,0.0624284626971587,4,1.02819654734264,1.40982736713488,0.0189137735576986,1.32930928296497,0.0559522464560504,0.0524136919913727,0.101857674673671,0.0664131563344372
"TS",0.4779,7.0425131814617,0.0624741445171902,0.0613480210722354,4,1.02799140106515,1.39957005325623,0.0187459789963812,1.32047514690857,0.055658690493257,0.0518127380244969,0.101253673920278,0.0649776579199212
"TS",0.4799,7.07198592965781,0.0613888554064225,0.0602822947665551,4,1.0277878563085,1.38939281506144,0.0185802308288357,1.31169422012814,0.0553667590827393,0.0512172786020349,0.10065195975395,0.0635701300395207
"TS",0.4819,7.10145867785393,0.0603189210382877,0.0592316464276381,4,1.02758599292972,1.3792996470629,0.0184165746669604,1.3029703307574,0.0550765735968153,0.0506275543353186,0.10005281394919,0.0621907289714607
"TS",0.4839,7.13093142605004,0.0592641588993563,0.0581958968319386,4,1.02738578509047,1.36928925451617,0.0182549726410848,1.29430271753787,0.0547881083395361,0.0500434978036432,0.0994561972601376,0.060838898110688
"TS",0.4859,7.16040417424616,0.058223872110217,0.0571743616615974,4,1.02718711345001,1.359355672493,0.0180953074858617,1.28568659157879,0.0545012040712774,0.0494647635912167,0.0988617986725283,0.059513436934352
"TS",0.4879,7.18987692244227,0.0571979041014402,0.0561668871694167,4,1.02698995672004,1.3494978360174,0.0179375451046911,1.27712136422217,0.0542158367333724,0.0488912974327921,0.0982695913600711,0.0582138513747655
"TS",0.4899,7.21934967063839,0.0561866019560266,0.0551738141820761,4,1.02679439905451,1.3397199503266,0.0177817290229631,1.26861107227956,0.0539321473253102,0.0483233338607722,0.0976798700209189,0.0569402880958351
"TS",0.4919,7.2488224188345,0.0551895434695673,0.0541947281055838,4,1.02660035664238,1.33001783194338,0.0176277888857856,1.26015234895469,0.0536500049434726,0.0477606658825585,0.0970924198946281,0.0556919253751063
"TS",0.4939,7.27829516703062,0.0542065664852504,0.0532294697060741,4,1.02640781299359,1.32039064970935,0.0174756889495242,1.25174482104495,0.053369401730613,0.0472032417207345,0.0965072231746703,0.0544682807048904
"TS",0.4959,7.30776791522673,0.0532375105291859,0.0522778814022685,4,1.0262167561649,1.31083780832072,0.0173253961274154,1.24338834498842,0.0530903390217454,0.046651011921766,0.0959242917679882,0.0532688815806411
"TS",0.4979,7.33724066342285,0.0522822169051489,0.05133980735851,4,1.02602716203981,1.30135810200888,0.0171768793088222,1.23508216333163,0.0528127846995194,0.0461039218779083,0.0953435855617946,0.052093264540385
"TS",0.4999,7.36671341161896,0.0513407623335647,0.050415322912305,4,1.02583905797419,1.29195289870966,0.0170301428874033,1.22682779424214,0.0525367867216131,0.0455620550755386,0.0947652262031733,0.0509412609508363
"TS",0.5019,7.39618615981508,0.0504125206504609,0.0495038131865575,4,1.02565232017836,1.28261600893662,0.0168850855513803,1.2186200716518,0.0522621583129712,0.04502507996509,0.0941888661983338,0.0498118496077272
"TS",0.5039,7.42565890801119,0.0494973482052961,0.0486051371200889,4,1.02546696552187,1.27334827862278,0.0167416744947298,1.2104601954577,0.0519889832666645,0.0444929769601185,0.0936146013690011,0.0487046135658089
"TS",0.5059,7.45513165620731,0.0485955503435306,0.0477195945543758,4,1.0252830240968,1.26415120579427,0.0165999550511203,1.20234958165693,0.0517172452357507,0.0439659302876708,0.0930425503543519,0.0476196771969528
"TS",0.5079,7.48460440440342,0.0477067462641369,0.0468468115524936,4,1.02510046132952,1.25502306654417,0.0164598596028196,1.19428714487418,0.0514469535523004,0.0434437767639961,0.0924726448568314,0.0465563441864674
"TS",0.5099,7.51407715259954,0.0468307870779083,0.045986641909028,4,1.02491924958461,1.24596247983856,0.0163213610229982,1.18627191789862,0.0511780539912701,0.042926463513093,0.0919048351830869,0.0455142041573095
"TS",0.5119,7.54354990079565,0.0459677397495137,0.0451391513815808,4,1.02473941433799,1.23697071689688,0.0161844649247117,1.17830530410354,0.0509105940708693,0.0424140675489999,0.0913392332581807,0.0444931081407892
"TS",0.5139,7.57302264899177,0.0451168158044633,0.0443035657082554,4,1.02456081223886,1.22804061175941,0.0160490422033297,1.17038127130664,0.0506443768252386,0.0419061677750962,0.0907754261516107,0.0434919045001856
"TS",0.5159,7.60249539718788,0.0442785137424699,0.043480374403092,4,1.02438355157225,1.21917757966869,0.0159151679784162,1.16250485495156,0.0503795594099047,0.0414030923757437,0.0902137825025973,0.0425109653046499
"TS",0.5179,7.631968145384,0.0434526816040901,0.0426694282457819,4,1.02420761528499,1.21038076424807,0.0157828143871433,1.15467557578833,0.0501161263978845,0.0409047924996323,0.0896542839870012,0.0415498975311007
"TS",0.5199,7.66144089358011,0.0426385631968774,0.041869984674574,4,1.02403286660407,1.20164333019751,0.0156518567204315,1.14688766091015,0.0498538983170445,0.0404108605756764,0.0890965286481324,0.0406076172016866
"TS",0.5219,7.69091364177623,0.0418368327339673,0.0410827057496208,4,1.02385944561227,1.19297228061482,0.0155224026995731,1.13914753848794,0.0495930621827139,0.0399217323325883,0.088540992362192,0.03968470235019
"TS",0.5239,7.72038638997235,0.0410465499265232,0.0403066681311984,4,1.02368718244793,1.18435912250343,0.0153942942962917,1.1314479652414,0.0493333997687913,0.0394368885504307,0.0879871683962421,0.0387798742192511
"TS",0.5259,7.74985913816846,0.0402681749003883,0.0395423236511825,4,1.02351617762834,1.17580888132479,0.0152676063785175,1.12379362988646,0.0490750499431139,0.0389566420112038,0.0874354052806068,0.0378934683992125
"TS",0.5279,7.77933188636458,0.0395013732192577,0.0387893439016273,4,1.02334638349833,1.16731917369946,0.0151422800767293,1.11618269575452,0.0488179630238847,0.0384808369782268,0.0868855844634854,0.037024914441737
"TS",0.5299,7.80880463456069,0.0387460107592106,0.0380475971762537,4,1.02317777093505,1.15888854687008,0.0150182949815745,1.10861405323624,0.0485620813982448,0.0380094216152512,0.086337640014258,0.0361738760315476
"TS",0.5319,7.83827738275681,0.0380019548741848,0.0373169532200019,4,1.02301033266754,1.15051663259064,0.0148956261279434,1.10108763553451,0.0483074174576019,0.0375423606341529,0.0857915733201203,0.0353400242938698
"TS",0.5339,7.86775013095292,0.0372690742562801,0.0365972830918536,4,1.02284404961709,1.14220248075677,0.0147742511666542,1.09360281353616,0.0480539385268623,0.0370796100860814,0.0852473563419688,0.0345230362933972
"TS",0.5359,7.89722287914904,0.0365472389638227,0.0358884591923894,4,1.02267892045174,1.13394602858655,0.0146541479699796,1.0861598156296,0.0478016676912198,0.0366211379791698,0.0847050156076232,0.033722595964996
"TS",0.5379,7.92669562734515,0.0358363201609291,0.0351903550080485,4,1.02251491793556,1.12574590093777,0.0145352940135092,1.07875758243367,0.0475505483100536,0.0361668975583747,0.0841644916992462,0.0329383922330309
"TS",0.5399,7.95616837554127,0.0351361908052244,0.0345028457864497,4,1.02235203250772,1.11760163172611,0.0144176679485202,1.07139593182164,0.0473005851237734,0.0357168522626375,0.0836257757648603,0.0321701211313714
"TS",0.5419,7.98564112373738,0.0344467246156596,0.0338258075228145,4,1.02219025031115,1.10951251947524,0.0143012487436742,1.06407445480945,0.0470517579458936,0.0352709639192444,0.0830888551243447,0.0314174838094132
"TS",0.5439,8.0151138719335,0.0337677968126897,0.0331591176868031,4,1.02202955847493,1.10147792427116,0.0141860151988695,1.05679279050042,0.046804056990541,0.034829195098491,0.0825537113326753,0.0306801874173631
"TS",0.5459,8.04458662012961,0.0330992841175315,0.0325026552217854,4,1.02186994246913,1.09349712149861,0.0140719477471709,1.04955049308227,0.0465574653961221,0.0343915074071934,0.0820203236816801,0.0299579449092314
"TS",0.5479,8.07405936832572,0.0324410641357401,0.0318562999395295,4,1.02171138979432,1.08556949048005,0.0139590253527522,1.04234721458288,0.0463119681533009,0.0339578643601636,0.0814886806562565,0.0292504743891341
"TS",0.5499,8.10353211652184,0.0317931764718756,0.0312200907307061,4,1.02155392415397,1.07769620769804,0.0138472578489716,1.03518422545547,0.0460676068087562,0.0335283368385582,0.0809588859119861,0.0285576707091747
"TS",0.5519,8.13300486471796,0.0311550192540795,0.030593436572457,4,1.02139742129891,1.0698710649423,0.013736540938306,1.02805609834597,0.0458242008396683,0.0331025686410339,0.0804305490581233,0.0278787487357934
"TS",0.5539,8.16247761291407,0.0305271118535046,0.0299768474740456,4,1.02124201950016,1.0621009750076,0.0136269647762811,1.02096931324863,0.0455819657192886,0.0326809526374926,0.0799041624632726,0.027214121083195
"TS",0.5559,8.19195036111019,0.0299088620941528,0.0293697419337018,4,1.02108759222692,1.05437961136293,0.0135184322658954,1.0139183108429,0.0453407120407405,0.0322631314811979,0.0793793242150874,0.0265630230594156
"TS",0.5579,8.2214231093063,0.0293003119895023,0.028772161207593,4,1.02093416539517,1.04670826975819,0.0134109506434119,1.0069044609245,0.0451004863695694,0.0318491783119815,0.0788561456724508,0.0259253665322621
"TS",0.5599,8.25089585750242,0.0287011979052743,0.028183846413562,4,1.02078168902045,1.03908445094503,0.0133044749267457,0.999925667791846,0.0448612149416266,0.0314389589529677,0.0783344826286105,0.0253007457944757
"TS",0.5619,8.28036860569853,0.0281117053609049,0.027604979726977,4,1.02063022713843,1.03151135689921,0.0131990400014145,0.992985048677933,0.0446230029217655,0.0310326429571772,0.0778145784534099,0.0246892265180489
"TS",0.5639,8.30984135389465,0.0275315706371175,0.0270353021822152,4,1.02047972620437,1.02398630998299,0.0130946031804981,0.986080327275059,0.0443857684119206,0.0306300949308438,0.0772962739914906,0.0240904090079198
"TS",0.5659,8.33931410209076,0.0269608236036102,0.0264748431105606,4,1.02033022379818,1.01651118989949,0.0129911717112895,0.979213448397295,0.0441495897896328,0.0302313852707143,0.0767797248184087,0.023504201223268
"TS",0.5679,8.36878685028688,0.0263989289727096,0.0259230768731313,4,1.02018158197778,1.00907910018524,0.0128886533528218,0.972378208365271,0.0439142362210698,0.0298361771320294,0.0762644763437204,0.0229299347718827
"TS",0.5699,8.39825959848299,0.0258463390393072,0.0253804476120079,4,1.02003395130472,1.00169756523729,0.0127871314587571,0.965581743005238,0.0436799677511388,0.0294448417451366,0.07575107511834,0.022367955566324
"TS",0.5719,8.42773234667911,0.025302392717714,0.0248463061578567,4,1.01988716158448,0.994358074667841,0.0126864905370008,0.958816355191802,0.0434465047716742,0.0290569496843159,0.0752389515788917,0.0218174769158734
"TS",0.5739,8.45720509487522,0.0247673936389797,0.0243209506686465,4,1.01974132027416,0.98706601192466,0.0125867894935037,0.952087197574633,0.0432140339991619,0.0286727662850115,0.0747285038217402,0.0212786957593725
"TS",0.5759,8.48667784307134,0.0242410986681141,0.0238041423920003,4,1.01959637739216,0.97981886785316,0.01248798753544,0.945392119659063,0.042982475164673,0.0282921619402792,0.0742195815292358,0.0207512571205811
"TS",0.5779,8.51615059126745,0.0237234025030194,0.0232957779239362,4,1.01945232232929,0.972616114596358,0.0123900695606672,0.938730796475177,0.0427518191047875,0.0279151088814178,0.0737121678905641,0.0202349488464917
"TS",0.5799,8.54562333946357,0.0232142009371527,0.0227957549362791,4,1.0193091447457,0.96545723692266,0.012293018864561,0.932102916011464,0.0425220523394916,0.0275415758821786,0.073206250571024,0.019729562763469
"TS",0.5819,8.57509608765968,0.0227135149410799,0.0223040940215915,4,1.01916687114698,0.958343557342218,0.0121968475771785,0.925509866505187,0.0422932239898692,0.0271716253541932,0.0727019446966861,0.0192350168929776
"TS",0.5839,8.6045688358558,0.0222208698626659,0.021820329083548,4,1.01902538116945,0.951269058999288,0.0121014654677217,0.918946216909296,0.0420651411869619,0.0268049529249433,0.0721988451895349,0.0187507435560074
"TS",0.5859,8.63404158405191,0.0217365369464529,0.0213447264773909,4,1.01888477514128,0.944238757511222,0.0120069323983779,0.912416782594447,0.0418379739192004,0.0264418064819694,0.0716973297487372,0.0182769128924824
"TS",0.5879,8.66351433224803,0.0212602918886338,0.0208770659424861,4,1.01874500650636,0.937250322274247,0.0119132093266769,0.905919549768176,0.0416116499599879,0.0260820655112973,0.0711972540293874,0.0178132092851159
"TS",0.5899,8.69298708044414,0.0207921515065847,0.0204173639930691,4,1.0186061009743,0.930305048705766,0.0118203060033853,0.899455877698522,0.041386217363587,0.0257257911554491,0.0706987322507598,0.0173595551598428
"TS",0.5919,8.72245982864026,0.020331669323288,0.0199651822000634,4,1.0184679427172,0.923397133691595,0.011728138253946,0.893020504627447,0.0411614887384029,0.0253726904388307,0.0702013682485777,0.0169154275238145
"TS",0.5939,8.75193257683637,0.0198790962309007,0.0195207669331867,4,1.01833063434119,0.916531716757995,0.0116367622055659,0.886618378656474,0.0409376456778733,0.0250230041774119,0.0697055509978737,0.016480980218453
"TS",0.5959,8.78140532503249,0.019434219790371,0.0190839095826927,4,1.01819411909875,0.909705954569801,0.0115461420098372,0.880246968477348,0.0407145819519022,0.0246766135695257,0.0692110998353474,0.0160559212244591
"TS",0.5979,8.8108780732286,0.0189970529280079,0.0186546228418881,4,1.01805842389093,0.902921194483255,0.0114562880391947,0.873907673449399,0.0404923526615321,0.0243335752827196,0.0687181282077861,0.0156401770582739
"TS",0.5999,8.84035082142472,0.0185672824996896,0.0182325992112095,4,1.01792348039966,0.896174019886275,0.0113671397715584,0.867597460568107,0.0402708578520182,0.0239936980387546,0.0682264104240302,0.0152333668108629
"TS",0.6019,8.86982356962083,0.0181448204769694,0.0178177522489605,4,1.01778927905778,0.889463960122454,0.0112786858879103,0.861316021722549,0.0400500835417434,0.0236569602080815,0.0677359302808054,0.0148353271429094
"TS",0.6039,8.89929631781695,0.0177297853194448,0.0174101982794534,4,1.01765587151791,0.882793575577837,0.0111909594097993,0.855065868359983,0.0398301115376865,0.0233234976374064,0.0672468940998129,0.0144460899476958
"TS",0.6059,8.92876906601306,0.0173219786620354,0.0170097425132241,4,1.01752321855275,0.87616093255203,0.0111039250607631,0.848845331186321,0.0396108854159088,0.0229932037157565,0.0667591798221112,0.0140653907117623
"TS",0.6079,8.95824181420918,0.0169213095647801,0.0166162956495436,4,1.01739131187491,0.869565605504527,0.0110175706568187,0.842654141195354,0.0393923947074473,0.022666055183015,0.0662727757291561,0.0136930684409618
"TS",0.6099,8.98771456240529,0.0165276879640684,0.0162297692482369,4,1.01726014326783,0.86300716348954,0.0109318843768528,0.836492022662306,0.0391746290056708,0.0223420267233111,0.0657876694368368,0.0133289650347783
"TS",0.6119,9.01718731060141,0.016141024614248,0.015850075672343,4,1.01712970438727,0.856485218904526,0.0108468545675192,0.830358735394993,0.0389575804904855,0.0220210936104003,0.0653038484674445,0.0129729251872619
"TS",0.6139,9.04666005879752,0.0157613252456745,0.0154772205489255,4,1.0170000171586,0.850000857901906,0.0107624909664496,0.824255422819582,0.0387412858247612,0.0217033119321226,0.0648214143262268,0.0126248824216295
"TS",0.6159,9.07613280699364,0.0153882200444019,0.0151108407300945,4,1.01687098171247,0.84354909057619,0.0106787179286913,0.818177518108299,0.0385255865752726,0.0213884229746485,0.0643400133168982,0.0122844288566916
"TS",0.6179,9.10560555518975,0.0150219953614865,0.0147512174053047,4,1.01674271288147,0.83713564404854,0.0105956097978436,0.812130523663136,0.0383106724337407,0.0210767149530803,0.0638600902539236,0.0119517577248981
"TS",0.6199,9.13507830338587,0.0146621989667824,0.0143979064960541,4,1.01661507987249,0.830753993908231,0.0105130707541601,0.80610841620658,0.0380963326014807,0.0207678569840476,0.0633811751510299,0.0116263917830752
"TS",0.6219,9.16455105158198,0.0143090180538678,0.0140510918216757,4,1.01648816683321,0.824408345925226,0.0104311532186516,0.800115272393109,0.0378827088721176,0.0204620560346056,0.0629036005015828,0.0113084358076261
"TS",0.6239,9.1940237997781,0.0139623635123524,0.0137106858780325,4,1.01636196616426,0.818098308192603,0.0103498459753438,0.794150839234952,0.037669791361022,0.0201592888279434,0.0624273552533922,0.0109977449576747
"TS",0.6259,9.22349654797421,0.0136218942134915,0.013376353685373,4,1.01623636836898,0.811818419258377,0.0102690776731182,0.788210052770676,0.0374573898358973,0.0198593037424142,0.0619520497464017,0.0106939517929705
"TS",0.6279,9.25296929617033,0.0132877851564001,0.0130482670883771,4,1.01611148752924,0.805574382976949,0.0101888970624163,0.78229846394964,0.0372457313735731,0.0195623188366842,0.0614781151878026,0.0103971525030202
"TS",0.6299,9.28244204436644,0.0129598685399798,0.0127262613106341,4,1.01598724786359,0.79936239581238,0.0101092769204769,0.776412521883764,0.0370346487987652,0.0192682178802649,0.0610052979070252,0.010107137736616
"TS",0.6319,9.31191479256256,0.0126380633286481,0.0124102567772627,4,1.01586367623045,0.793183814965119,0.0100302032345784,0.77055367238044,0.0368242299700672,0.0189769984637914,0.0605337104973327,0.00982377810316457
"TS",0.6339,9.34138754075867,0.0123222890728266,0.012100174488823,4,1.01574074101897,0.787037051021444,0.00995166924585646,0.764720476822481,0.0366143958884692,0.0186886267261807,0.0600632500700888,0.00954694575343181
"TS",0.6359,9.37086028895479,0.0120125429412703,0.0117960116651043,4,1.01561846737292,0.78092336863488,0.0098736839590307,0.758914245121528,0.036405194252428,0.0184031542581092,0.0595940319370629,0.00927658229240721
"TS",0.6379,9.4003330371509,0.0117085159191036,0.0114974648613576,4,1.01549676989783,0.774838496139547,0.00979617806403229,0.753131036826601,0.0361964979809079,0.0181203535515429,0.0591257412510655,0.00901236430306483
"TS",0.6399,9.42980578534702,0.0114103601182163,0.0112046834475904,4,1.01537573081109,0.768786546503159,0.00971920157014454,0.747374862863537,0.0359884443979381,0.0178404183960258,0.0586587057025448,0.00875437135322694
"TS",0.6419,9.45927853354313,0.011117993625513,0.010917586987226,4,1.0152553280864,0.762766404320612,0.00964274478722321,0.741644735860671,0.0357809870712534,0.0175633175064676,0.0581928641468001,0.00850247975534494
"TS",0.6439,9.48875128173925,0.010831193805502,0.0106359568578737,4,1.01513550997828,0.75677549890555,0.00956675942490539,0.735938334374302,0.0355740522591511,0.0172889019563948,0.0577280309281325,0.00825644715978833
"TS",0.6459,9.51822402993536,0.0105498888548057,0.0103597225504429,4,1.01501626925478,0.750813454746488,0.00949123634767596,0.730255390477693,0.0353676270576587,0.0170171526603887,0.0572641909296767,0.00801616321457235
"TS",0.6479,9.54769677813148,0.0102742123781198,0.0100890152613468,4,1.01489767561266,0.744883780625239,0.00941622576870375,0.724599324614299,0.0351618305281816,0.0167482490900499,0.0568016326207439,0.00778169313703875
"TS",0.6499,9.57716952632759,0.0100038140975862,0.00982349102663703,4,1.01477961765537,0.738980874030515,0.00934164145740085,0.718964908526286,0.0349564753154973,0.0164819079240988,0.0563399364473112,0.00755269176993653
"TS",0.6519,9.60664227452371,0.00973882495276389,0.00956327842563057,4,1.01466217141561,0.73310856439916,0.00926753079141163,0.713355874719506,0.0347516970632868,0.0162183098390788,0.0558794120312849,0.00732922406939565
"TS",0.6539,9.63611502271982,0.00947910351489231,0.00930823857888128,4,1.01454530186161,0.72726509354587,0.00919386710487543,0.707770641146572,0.0345474330090989,0.0159573698272549,0.0554199411944949,0.00711112519447304
"TS",0.6559,9.66558777091594,0.009224577362541,0.0090583003703863,4,1.0144290029342,0.721450138585198,0.00912064065442963,0.702208984370974,0.034343676765301,0.0156990692643755,0.0549615118749689,0.00689829014358537
"TS",0.6579,9.69506051911205,0.00897523640652414,0.00881345389282173,4,1.01431329610877,0.71566480543533,0.00904786282785092,0.69667205021001,0.0341404692642771,0.015443454301258,0.0545042251272677,0.00669066696404186
"TS",0.6599,9.72453326730817,0.00873082435581567,0.00857344747491799,4,1.01419809107541,0.70990455474383,0.00897547048504779,0.691155586898732,0.0339376532629222,0.0151903169314462,0.0540477394216414,0.00648800038268745
"TS",0.6619,9.75400601550428,0.00849145591494385,0.00833839375360466,4,1.01408346562839,0.704173277662359,0.00890350969310042,0.685663396529218,0.0337353658052742,0.0149398302313422,0.0535923756128933,0.00629034457370358
"TS",0.6639,9.7834787637004,0.0082569995404438,0.00810816355654463,4,1.01396938602586,0.698469301601988,0.00883195423694246,0.68019396320819,0.0335335513308466,0.0146919134488314,0.0531380150805898,0.00609755030227284
"TS",0.6659,9.81295151189651,0.0080273860858023,0.00788268898362048,4,1.01385584624313,0.692792312714063,0.0087607961025511,0.674747069339687,0.033332199813664,0.0144465499477382,0.0526846483020454,0.00590952132692458
"TS",0.6679,9.84242426009263,0.00780260264387856,0.00766195736034819,4,1.01374286879369,0.687143439682516,0.00869004422687212,0.66932388165147,0.0331313513726941,0.0142037839167186,0.052232380675009,0.00572620831715835
"TS",0.6699,9.87189700828874,0.0075824689213855,0.00744579164330507,4,1.01363039039266,0.681519519645414,0.00861965740723082,0.663921435452088,0.0329309017281941,0.0139634750055215,0.0517809684098664,0.0055474266466307
"TS",0.6719,9.90136975648486,0.00736692116149786,0.00723412922491018,4,1.01351840650838,0.675920325974484,0.00854962747272679,0.65853959548662,0.0327308394363761,0.0137256109501485,0.0513304091748275,0.00537308835843071
"TS",0.6739,9.93084250468097,0.00715600045809485,0.00702701045830781,4,1.01340696716394,0.670348358510812,0.00847998097644331,0.653180841316806,0.0325312548261767,0.0134902944836829,0.0508809188792134,0.00520319079214015
"TS",0.6759,9.96031525287709,0.00694958633510451,0.00682431703905924,4,1.01329603868815,0.664801930439128,0.00841069340263714,0.647843628266599,0.0323320903716675,0.0132574494931783,0.0504323749625421,0.00503760157227507
"TS",0.6779,9.9897880010732,0.00674761337763253,0.0066259847314019,4,1.01318561574658,0.65928079310009,0.00834175764578286,0.642527791903892,0.0321333388226816,0.0130270613905381,0.0499847705358436,0.00487623397280631
"TS",0.6799,10.0192607492693,0.00655001681402843,0.00643194993122228,4,1.01307570023517,0.653785012788101,0.00827316399915923,0.637233471864477,0.0319350126208613,0.0127991158432558,0.0495381178898233,0.00471900282018263
"TS",0.6819,10.0487334974654,0.00635673238313887,0.0062421495357021,4,1.01296627060533,0.648313531157044,0.00820490976548424,0.631959716954555,0.031737056498593,0.0125735931092658,0.0490923587305289,0.00456582422465803
"TS",0.6839,10.0782062456615,0.00616774323212874,0.00605656699578588,4,1.01285734860119,0.642867430493177,0.0081370031378695,0.626707638205986,0.0315395095780331,0.0123505325183288,0.0486475920330726,0.00441665269015468
"TS",0.6859,10.1076789938577,0.00598289180761452,0.0058750475980579,4,1.0127488911786,0.637444558843914,0.00806940120222161,0.621475242900087,0.0313423167510041,0.0121298147465033,0.0482036438010545,0.00427133276316029
"TS",0.6879,10.1371517420538,0.0058021634519067,0.00569757694903984,4,1.0126409116487,0.632045582412153,0.00800211494573796,0.616263236117558,0.0311454913692768,0.011911477678816,0.0477605878478832,0.00412982266223155
"TS",0.6899,10.1666244902499,0.00562549628811099,0.00552409428719516,4,1.01253340491293,0.62667024561932,0.00793513757521559,0.611071440305598,0.030949025970663,0.0116955067576426,0.0473184157879803,0.00399204420582176
"TS",0.6919,10.196097238446,0.00545282901176444,0.00535453941310034,4,1.01242636582209,0.62131829117807,0.00786846231996489,0.605899674374281,0.0307529120484636,0.0114818878968407,0.0468771193567995,0.00385792055056671
"TS",0.6939,10.2255699866421,0.00528405918740064,0.00518881173773251,4,1.0123197672095,0.615988356609229,0.00780206433466644,0.600746689707278,0.0305571046987988,0.0112705560299557,0.0464365947424877,0.00372734398708613
"TS",0.6959,10.2550427348382,0.00511925171617177,0.00502697499237254,4,1.0122136697765,0.610683488822745,0.00773599102947077,0.595615491132047,0.0303617034880663,0.0110616499803425,0.045997118742398,0.00360033680649547
"TS",0.6979,10.2845154830344,0.00495818210435738,0.00486880872989628,4,1.01210798036778,0.605399010609855,0.00767016396018265,0.590501627670284,0.0301665541938259,0.0108549533250014,0.045558300617931,0.00347669903823345
"TS",0.6999,10.3139882312305,0.00480091346112039,0.00471437492189671,4,1.01200275975359,0.600138007238834,0.00760463037425384,0.58540814174388,0.0299717588897824,0.0106506037813075,0.0451204205500566,0.00335645288176677
"TS",0.7019,10.3434609794266,0.00464734653887662,0.00456357610977025,4,1.0118979825362,0.594899132945317,0.00753936549160363,0.580333796367067,0.0297772718349955,0.0104485378778318,0.0446833756075005,0.00323949653799409
"TS",0.7039,10.3729337276227,0.00449742333012216,0.0044163553316233,4,1.01179364246205,0.589682130751501,0.00747436274988536,0.575278402467492,0.0295830856795764,0.0102487422884337,0.0442471564822483,0.00312576069010037
"TS",0.7059,10.4024064758188,0.00435112251703732,0.00427269165389908,4,1.01168975855052,0.58448792751867,0.00740963368898124,0.570242922480145,0.0293892295414135,0.0100512519372381,0.0438118564907256,0.00301520446818212
"TS",0.7079,10.4318792240149,0.00420831401094087,0.00413245733282104,4,1.01158627900617,0.579313950324511,0.00734513707633267,0.565224920131477,0.0291956163672504,0.00985595752883906,0.0433772657180131,0.00290770564684455
"TS",0.7099,10.461351972211,0.00406894403249309,0.00399559955844529,4,1.01148319894813,0.574159945091763,0.00728086681648693,0.560224205673833,0.0290022346182432,0.00966284720529616,0.0429433771057371,0.0028032006924398
"TS",0.7119,10.4908247204072,0.00393302634754557,0.00386213184848801,4,1.011380560489,0.569028035087283,0.00721685036977465,0.555242899718515,0.0288091607294955,0.00947200496993697,0.0425103805701127,0.00270167711406057
"TS",0.7139,10.5202974686033,0.00380047032847113,0.00373196520892413,4,1.01127833445082,0.563916723783573,0.00715306705721429,0.550279607033513,0.0286163370968284,0.00928336756573928,0.0420781699126134,0.00260304482783603
"TS",0.7159,10.5497702167994,0.00367125301021986,0.00360507708865871,4,1.0111765445052,0.55882722517488,0.00708952350470437,0.54533556161053,0.0284238147465339,0.00909697348466001,0.0416468510038421,0.00250726492047435
"TS",0.7179,10.5792429649955,0.00354522433133791,0.00348132013116042,4,1.0110751093532,0.553755467514728,0.00702616625254056,0.540406863917222,0.0282314381461362,0.00891266908250012,0.0412160921264959,0.00241420513137034
"TS",0.7199,10.6087157131916,0.00342245645658556,0.00336076520038857,4,1.0109741219777,0.548706098729516,0.00696305485404197,0.535498086868347,0.0280393803248147,0.00873062704226238,0.0407863045396945,0.00232389810083112
"TS",0.7219,10.6381884613877,0.00330280274052596,0.00324326829425365,4,1.0108735060888,0.543675304897289,0.0069001338814234,0.53060557594749,0.0278474991907207,0.00855069879143451,0.0403571714553296,0.00223621570365164
"TS",0.7239,10.6676612095839,0.00318624141893215,0.00312880804083831,4,1.01077328108328,0.538664054022262,0.00683741390483537,0.525730325633517,0.0276558299410382,0.008372918454393,0.0399287885300662,0.00215112248382142
"TS",0.7259,10.69713395778,0.003072720122096,0.00301733301442101,4,1.01067344247768,0.5336721237592,0.00677488901552464,0.520872172086676,0.0274643635548928,0.00819727468635565,0.0395011486368365,0.00206856106533673
"TS",0.7279,10.7266067059761,0.00296218696670508,0.00290879226690846,4,1.01057397746304,0.528698873737366,0.0067125536601369,0.516030539203264,0.0272730676799013,0.00802375336775476,0.0390742170271983,0.00198847503291365
"TS",0.7299,10.7560794541722,0.00285459054893863,0.00280313532105597,4,1.01047489945271,0.523744971396281,0.00665040124423238,0.511206136639139,0.0270819826156847,0.00785234970881576,0.0386480448316412,0.00191080898196264
"TS",0.7319,10.7855522023683,0.00274985412205179,0.00270028681351192,4,1.01037617789895,0.51880888676644,0.00658840985225775,0.50639752375026,0.0268910461985813,0.00768300941961862,0.0382225141047824,0.00183548987780429
"TS",0.7339,10.8150249505644,0.00264800469380278,0.00260027326520801,4,1.01027785847104,0.513892923226201,0.00652662419799927,0.501606989735521,0.0267003235399634,0.00751584254938635,0.0377978628209074,0.00176251970875832
"TS",0.7359,10.8444976987605,0.00254889039405848,0.00250294554353589,4,1.01017987010966,0.508993502388239,0.00646497006149967,0.496831092744724,0.0265097127283742,0.00735067775938792,0.0373737526080316,0.00169177287254841
"TS",0.7379,10.8739704469567,0.00245256081271616,0.00240835234451349,4,1.01008227669833,0.504113835091524,0.00640350990749104,0.492073015255158,0.0263193009381658,0.00718766266449173,0.0369505122556633,0.00162326830692192
"TS",0.7399,10.9034431951528,0.00235887052588704,0.00231635086558048,4,1.00998500431231,0.499250215027768,0.00634217272699445,0.487329197108879,0.0261289688818377,0.00702663378124747,0.0365278005866266,0.00155688664376864
"TS",0.7419,10.9329159433489,0.00226786462096351,0.00222698538140949,4,1.00988812070707,0.494406035128603,0.00628101497135765,0.482602985721417,0.0259388238510714,0.00686773207924205,0.0361059512988045,0.00149264421697412
"TS",0.7439,10.962388691545,0.00217942571004624,0.00214014062006881,4,1.00979156695527,0.489578347744667,0.00621998608138715,0.477891553315846,0.0257487742208508,0.00671083305841701,0.0356846981104327,0.00143044292735222
"TS",0.7459,10.9918614397411,0.00209350802662705,0.00205577164001135,4,1.00969533748959,0.484766871051258,0.00615907838892951,0.473194673539428,0.0255587962275876,0.00655592868428244,0.0352640328729099,0.00137023597968631
"TS",0.7479,11.0213341879372,0.0020101278132037,0.00197389439095682,4,1.0095994875956,0.479974379812367,0.00609833315628359,0.468515097362011,0.0253689859536703,0.00640312062624559,0.0348442246665303,0.00131202027146188
"TS",0.7499,11.0508069361333,0.00192917479673852,0.00189440058758668,4,1.00950395345887,0.475197672910923,0.00603770072211918,0.463849745811397,0.0251792334437169,0.00625228835302451,0.0344249870595585,0.00125570474167253
"TS",0.7519,11.0802796843295,0.00185062379638261,0.00181726550294773,4,1.00940875126032,0.470437563025956,0.0059771868847207,0.459199452938972,0.024989557920063,0.00610345843702419,0.0340064134976267,0.00120125831633116
"TS",0.7539,11.1097524325256,0.00177442888106257,0.001742444033894,4,1.00931387790883,0.465693891611524,0.00591679010426962,0.454564111316091,0.0247999584851646,0.00595662292573462,0.0335884936302209,0.00114863589298027
"TS",0.7559,11.1392251807217,0.0017005446105838,0.00166989155931003,4,1.00921932691849,0.460966346794242,0.00585650133682424,0.449943456154036,0.0246104106946977,0.00581177090004539,0.0331712222159925,0.00109779317675329
"TS",0.7579,11.1686979289178,0.00162892591298043,0.00159956381967162,4,1.00912509672371,0.456254837423771,0.00579631720633595,0.445337442451898,0.0244209158350111,0.00566889471682657,0.0327545953730838,0.00104868659484137
"TS",0.7599,11.1981706771139,0.00155952817506462,0.00153141700596291,4,1.0090311827951,0.451559139752484,0.00573623196711533,0.440745890020833,0.0242314638366808,0.00552798509334025,0.0323386053602747,0.00100127333989622
"TS",0.7619,11.22764342531,0.00149230724014908,0.00146540775743995,4,1.00893758084985,0.446879042525664,0.00567623798877684,0.43616863817057,0.0240420366674987,0.00538903523535027,0.0319232529224868,0.000955511361813546
"TS",0.7639,11.2571161735062,0.00142721933834241,0.00140149309318258,4,1.00884428739611,0.442214369719149,0.00561633326697409,0.431605550919132,0.0238526263866549,0.00525203449231374,0.031508531139195,0.000911359310872014
"TS",0.7659,11.2865889217023,0.00136422113400184,0.00133963045869168,4,1.00875129834956,0.437564917412434,0.00555650815497468,0.427056472240662,0.0236632237022679,0.00511697500941533,0.0310944333443647,0.000868776559165015
"TS",0.7679,11.3160616698984,0.00130326971225044,0.00127977771264954,4,1.0086586100782,0.432930503820177,0.00549675978710669,0.4225212617653,0.0234738166290104,0.00498384811729169,0.0306809566290993,0.000827723182916376
"TS",0.7699,11.3455344180945,0.00124430808552298,0.0012218788947164,4,1.00856619240729,0.428309608355391,0.00543706733528885,0.417998468681248,0.0232843389062029,0.00485260999616994,0.0302679796776447,0.000788150239740809
"TS",0.7719,11.3750071662906,0.00118733763636003,0.00116593536251194,4,1.00847412043717,0.423706021344069,0.00537746777926503,0.413491848904516,0.0230949454633591,0.00472335969175809,0.0298558475522413,0.000750048307424353
"TS",0.7739,11.4044799144867,0.00113227322821481,0.00111186351411242,4,1.00838231149056,0.419115574894326,0.00531791272044573,0.408997354037612,0.0229054585332818,0.00459598209710259,0.0294442071389685,0.000713350377276779
"TS",0.7759,11.4339526626828,0.00107908808957288,0.00105963706057151,4,1.00829076307375,0.414538152798969,0.00525841487974373,0.404514915805911,0.0227158428322951,0.00447049922792177,0.0290330961121319,0.000678028922717836
"TS",0.7779,11.463425410879,0.00102774136805937,0.00100921588589606,4,1.00819954676229,0.409977338115529,0.00519895571315923,0.400048062784618,0.0225263238805384,0.0043469209799708,0.0286227359538835,0.000644047425295886
"TS",0.7799,11.4928981590751,0.000978192618113641,0.000960560273574112,4,1.00810858350112,0.405429175246792,0.00513954214124977,0.395592976079681,0.0223366522470914,0.00422522211408408,0.028212898258148,0.000611369906314664
"TS",0.7819,11.5223709072712,0.000930401798586942,0.000913630904215935,4,1.00801789462395,0.400894730633593,0.00508016398951386,0.391150730722867,0.0221468946026146,0.00410540089704856,0.0278036544290032,0.000579961085717732
"TS",0.7839,11.5518436554673,0.000884329269492621,0.000868388852362757,4,1.00792745293889,0.396372647540365,0.00502081940109606,0.386720033942606,0.0219569690964877,0.00398744389923893,0.0273949277729783,0.00054978627458855
"TS",0.7859,11.5813164036634,0.000839924905044153,0.000824784895767013,4,1.00783730283807,0.391865087259328,0.00496147643398426,0.382303037563064,0.0217670210810071,0.00387133156192589,0.0269868312554448,0.000520804354526431
"TS",0.7879,11.6107891518595,0.000797182531123287,0.000782812971601598,4,1.00774741379888,0.387370690819756,0.00490218706846497,0.377898442547602,0.0215769159758237,0.00375712297883515,0.0265793802850839,0.000493003099054306
"TS",0.7899,11.6402619000556,0.000756031041102301,0.000742403254966476,4,1.00765778624192,0.382889313165019,0.00484289114977133,0.373506151557476,0.0213866895727855,0.0036447399154339,0.026172487951133,0.000466328396968539
"TS",0.7919,11.6697346482518,0.000716443276981644,0.00070352907739677,4,1.00756843862263,0.378421931057425,0.00478359630857912,0.369127159723553,0.0211963751988761,0.00353420724615048,0.0257662568668186,0.000440755061116731
"TS",0.7939,11.6992073964479,0.000678381588666748,0.000666153467457132,4,1.00747929597378,0.373964798841104,0.00472430971950354,0.364757812606593,0.0210057686384121,0.00342549393168839,0.0253604458698845,0.000416251359412395
"TS",0.7959,11.728680144644,0.000641808718408809,0.000630239838985775,4,1.00739042596922,0.369521299542015,0.00466501331822604,0.360401470659912,0.0208150504713197,0.00331861620844766,0.0249552898757885,0.000392786190798661
"TS",0.7979,11.7581528928401,0.000606687801054369,0.000595751991339561,4,1.00730180209933,0.365090104837914,0.00460569853373803,0.356056869549777,0.0206241386343127,0.00321356070821601,0.0245507238605092,0.000370328974461702
"TS",0.7999,11.7876256410362,0.000572982363075893,0.000562654108442045,4,1.00721341885872,0.360670943170593,0.00454636665006429,0.351723767586731,0.0204330210740502,0.00311032088358247,0.0241467276716254,0.000348849692665283
"ATPS",0.0442,0.999097676087952,1.0183560467351,0.999999739043297,4,1.2454999580463,12.2749979020506,0.587365255495006,3.62341862981183,0.138791849483441,0.404675471690939,0.118049534104718,9.03812186993775
"ATPS",0.0440521739130435,0.995756212288327,1.01835008418045,0.999993883966268,4,1.24548366229555,12.2741831153969,0.587521647598375,3.62012746104494,0.138936236808627,0.404218689676208,0.117783491545285,9.04070969726228
"ATPS",0.043904347826087,0.992414748488701,1.0183359562179,0.999980010666344,4,1.24546727427658,12.2733637137219,0.58768936825816,3.61665240412736,0.139083529305058,0.403739451379528,0.117504370972877,9.04348419258562
"ATPS",0.0437565217391304,0.989073284689076,1.01831322016533,0.999957684440952,4,1.24545081660331,12.2725408243577,0.587868923867189,3.612986582389,0.139233612059391,0.403236997745257,0.11721181255107,9.0464536732207
"ATPS",0.0436086956521739,0.985731820889451,1.01828141574197,0.999926453306056,4,1.24543434704854,12.2717173665434,0.588060912085535,3.6091231677046,0.139386350052501,0.402710634676616,0.116905424549459,9.0496282864465
"ATPS",0.0434608695652174,0.982390357089826,1.01824006687065,0.999885849766003,4,1.24541789813785,12.270894902396,0.58826589394431,3.60505486838073,0.139541613767297,0.402159560871583,0.116584811021031,9.05301717343196
"ATPS",0.0433130434782609,0.9790488932902,1.01818868019481,0.999835389357194,4,1.24540150666943,12.2700753480882,0.588484336874128,3.60077608178174,0.139699229509508,0.401583209418741,0.116249709161819,9.05662816889416
"ATPS",0.0431652173913043,0.975707429490575,1.01812674788785,0.999774573406825,4,1.24538523918637,12.2692619591419,0.588716850271729,3.59628031086861,0.139859018630049,0.400980913063375,0.115899787979838,9.06047138623159
"ATPS",0.0430173913043478,0.97236596569095,1.01805374796855,0.999702889342615,4,1.24536913352751,12.2684566620657,0.588963860568665,3.59156248616295,0.14002079324001,0.400352154584508,0.115534834284822,9.06455407317238
"ATPS",0.0428695652173913,0.969024501891325,1.01796914414467,0.999619810539206,4,1.24535324905265,12.2676624462755,0.589225853761996,3.58661775915478,0.140184351713447,0.399696446463287,0.115154656168031,9.06888436467755
"ATPS",0.0427217391304348,0.965683038091699,1.01787238837492,0.999524798834008,4,1.24533764018504,12.266882009442,0.589503329456954,3.58144101308184,0.14034946744193,0.39901327422257,0.114759049474016,9.07347034027597
"ATPS",0.0425739130434783,0.962341574292074,1.01776292345246,0.999417307064066,4,1.2453223530254,12.2661176496122,0.589796593757775,3.57602928644823,0.140515923504448,0.398302366335167,0.114347964394803,9.0783174518724
"ATPS",0.0424260869565217,0.959000110492449,1.01764018100087,0.999296777098191,4,1.24530745788881,12.2653728986479,0.590106071599191,3.57037916853812,0.140683489795567,0.397563390113636,0.113921331923377,9.08343288678381
"ATPS",0.0422782608695652,0.955658646692824,1.01750358524834,0.999162643543117,4,1.24529298199572,12.2646490969153,0.590431967797073,3.5644886725551,0.140851929412867,0.396796175452188,0.113479179952478,9.08882007470484
"ATPS",0.0421304347826087,0.952317182893198,1.0173525542364,0.999014334930414,4,1.24527903028859,12.2639515155441,0.590774699774449,3.55835579208983,0.141021011584518,0.396000557589293,0.1130215230507,9.09448656834418
"ATPS",0.0419826086956522,0.948975719093573,1.01718650014979,0.998851274040456,4,1.2452656099866,12.2632804909172,0.591134443575353,3.55197876274819,0.141190473429794,0.395176378106841,0.112548452121587,9.10043448064775
"ATPS",0.0418347826086957,0.945634255293948,1.01700483235796,0.998672880889054,4,1.24525278940151,12.2626394736725,0.59151131595225,3.54535814291105,0.141360103647387,0.394323727561826,0.112060150660171,9.10666681802694
"ATPS",0.0416869565217391,0.942292791494323,1.0168062610062,0.998477888871696,4,1.24524057847345,12.2620289236133,0.591906843517137,3.53847015639998,0.14153023814492,0.393439595566086,0.111555063408543,9.11320878627064
"ATPS",0.0415391304347826,0.938951327694697,1.01659228542093,0.998267770288789,4,1.2452291301287,12.2614565088027,0.592316971211578,3.53138664549748,0.141698928362668,0.392533191207794,0.111038621830499,9.11999347370968
"ATPS",0.0413913043478261,0.935609863895072,1.0163602193994,0.99803988735756,4,1.24521841656126,12.2609208281805,0.592745990918402,3.52403760172088,0.141867676157209,0.391595564778095,0.110505862940785,9.12709234587853
"ATPS",0.0412434782608696,0.932268400095447,1.01611017115588,0.997794346341649,4,1.24520847209833,12.2604236059306,0.5931923689596,3.51644904929998,0.142035697601472,0.390629996748286,0.109958868529439,9.13448003910401
"ATPS",0.041095652173913,0.928926936295822,1.01584155927655,0.997530576307487,4,1.24519935206298,12.2599675935735,0.593656100335621,3.50862344758224,0.142202789040115,0.389636771775502,0.109397974151297,9.14215683151354
"ATPS",0.0409478260869565,0.925585472496196,1.01555378249253,0.997247986824327,4,1.24519109055774,12.259554527249,0.594137130405238,3.50056311326537,0.142368771388801,0.388616132031386,0.108823505953662,9.15012208793478
"ATPS",0.0408,0.922244008696571,1.01524628371882,0.996946030848859,4,1.24518371170659,12.2591855936794,0.594635277082248,3.49227191543106,0.142533455376008,0.387568496494997,0.108235896639676,9.15837298288234
"ATPS",0.0406521739130435,0.918902544896946,1.01491848463301,0.996624140483187,4,1.24517726879055,12.2588634396587,0.595150450696453,3.48375333948333,0.142696682284624,0.38649423827209,0.107635538402068,9.16690863501121
"ATPS",0.040504347826087,0.915561081097321,1.01456982285071,0.996281763480144,4,1.24517176099672,12.2585880619506,0.595682444491922,3.47501090155703,0.142858288591173,0.385393705931126,0.107022839848696,9.17572532075655
"ATPS",0.0403565217391304,0.912219617297695,1.01419974504119,0.99591835648302,4,1.24516720695693,12.2583603503875,0.596230976359011,3.46604941502283,0.143018126926803,0.384267405471164,0.10639828312239,9.18481896609879
"ATPS",0.0402086956521739,0.90887815349807,1.01380770583608,0.995533383953954,4,1.24516364830882,12.2581824161625,0.596795879471392,3.45687317356938,0.143176087000657,0.383115773720616,0.105762292140145,9.19418726429877
"ATPS",0.0400608695652174,0.905536689698445,1.01339316915015,0.995126319470869,4,1.24516106605197,12.2580533059174,0.597376793308089,3.4474869491621,0.14333203420643,0.381939285484111,0.105115348636138,9.20382423482934
"ATPS",0.0399130434782609,0.90219522589882,1.01295561126676,0.994696648757368,4,1.24515949779593,12.2579748778936,0.597973509977896,3.4378954556012,0.143485862518188,0.380738421010513,0.104457905430454,9.21372689381301
"ATPS",0.0397652173913043,0.898853762099194,1.01249291502459,0.99424229281485,4,1.24515891307471,12.2579456537655,0.598587715134072,3.42807020813702,0.143637981815933,0.379509474346141,0.103788167225411,9.22392331007476
"ATPS",0.0396173913043478,0.895512298299569,1.01200938113057,0.993767474828171,4,1.24515936098551,12.2579680490956,0.599212908538871,3.41811677930015,0.143786785290743,0.378265536648321,0.103113418754082,9.23430613129681
"ATPS",0.0394695652173913,0.892170834499944,1.01149971841455,0.993266999002787,4,1.24516077735562,12.2580388665343,0.599854853615968,3.40794011987562,0.143933718151458,0.376994555707031,0.102427338355716,9.24497091205378
"ATPS",0.0393217391304348,0.888829370700318,1.01096504807518,0.992741966327275,4,1.24516323431283,12.2581617094719,0.600511327709648,3.39757856694259,0.1440782025333,0.375701222516768,0.10173263046585,9.25588151991618
"ATPS",0.0391739130434783,0.885487906900693,1.01040490332041,0.9921919184237,4,1.24516665885173,12.258332940942,0.601181750167758,3.38703781169061,0.144220180950382,0.374386074219022,0.101029804317224,9.2670282147618
"ATPS",0.0390260869565217,0.882146443101068,1.00981882841569,0.991616407772333,4,1.24517105680003,12.2585528415061,0.601865778594912,3.37632309702184,0.14435960705298,0.373049632861936,0.100319312748213,9.2784058249491
"ATPS",0.0388782608695652,0.878804979301443,1.00920638793883,0.99101500679966,4,1.24517641695459,12.2588208483769,0.602563057308456,3.36543964562615,0.144496428783872,0.371692403753477,0.0996016066234562,9.29000832608205
"ATPS",0.0387304347826087,0.875463515501818,1.00856715241966,0.990387293776878,4,1.24518272069864,12.2591360349316,0.603273158310617,3.35439279571862,0.14463061151208,0.370314909000583,0.0988771422684651,9.3018291830864
"ATPS",0.0385826086956522,0.872122051702192,1.00790070933334,0.989732863615107,4,1.24518996249804,12.2594981242123,0.603995721112996,3.34318784162661,0.144762123697964,0.368917677492981,0.0981463640200061,9.31386260385181
"ATPS",0.0384347826086957,0.868780587902567,1.00720665798734,0.989051322844467,4,1.24519808884732,12.2599044345881,0.604730230507315,3.33183016874546,0.144890946237813,0.367501217398785,0.0974097182395113,9.32610016745205
"ATPS",0.0382869565217391,0.865439124102942,1.00648460917769,0.988342289276551,4,1.24520708718627,12.2603543593648,0.605476323410363,3.32032479628435,0.145017055932256,0.366066021991375,0.0966676206478413,9.33853601602759
"ATPS",0.0381391304347826,0.862097660303316,1.00573419170729,0.987605398405248,4,1.24521691552834,12.2608457764464,0.606233471028915,3.30867753569543,0.145140446541436,0.364612670955788,0.0959205343712303,9.35116191333814
"ATPS",0.0379913043478261,0.858756196503691,1.00495504796676,0.986840299067246,4,1.24522757543427,12.2613787722944,0.607001429231692,3.2968925826554,0.145261096319883,0.363141564636399,0.0951688044249231,9.36397354411752
"ATPS",0.0378434782608696,0.855414732704066,1.00414683404926,0.986046653554769,4,1.2452390197212,12.2619510074934,0.607779631366774,3.28497595187453,0.145379008574152,0.361653307816209,0.0944129010880154,9.37696225958099
"ATPS",0.037695652173913,0.852073268904441,1.0033092088841,0.98522412694508,4,1.2452512340695,12.262561704206,0.60856779411455,3.27293165348209,0.145494175504853,0.360148282848863,0.0936531477372013,9.39012302927744
"ATPS",0.0375478260869565,0.848731805104815,1.00244186624438,0.984372418531152,4,1.2452641440016,12.2632071983344,0.609365289136152,3.26076559766719,0.145606602262718,0.358627085341333,0.0928899932864551,9.40344591533904
"ATPS",0.0374,0.84539034130519,1.00154449110706,0.983491218968365,4,1.2452777341196,12.263886706829,0.610171778281158,3.24848225470202,0.145716292600785,0.357090154550275,0.0921237844165843,9.41692544837962
"ATPS",0.0372521739130435,0.842048877505565,1.00061680318848,0.982580253025297,4,1.24529196098237,12.2645980432072,0.610986804771297,3.23608660918204,0.145823251370227,0.355537992134026,0.0913548979110216,9.43055416681051
"ATPS",0.037104347826087,0.83870741370594,0.999658515327529,0.981639238717038,4,1.24530677932606,12.2653389759633,0.611809926638272,3.22358329505076,0.145927490115887,0.353971060629788,0.0905836788887836,9.44432492411156
"ATPS",0.0369565217391304,0.835365949906314,0.998669375807355,0.980667928864043,4,1.24532216350676,12.2661081687865,0.61264074347763,3.21097712841061,0.146029019477944,0.352389852420515,0.089810483105893,9.45823133047997
"ATPS",0.0368086956521739,0.832024486106689,0.997649127159089,0.979666070638429,4,1.24533806128869,12.2669030693888,0.613478826108203,3.19827247293907,0.146127848299754,0.350794807441079,0.0890356292823015,9.47226618145985
"ATPS",0.0366608695652174,0.828683022307064,0.996597531491114,0.978633430436679,4,1.24535443437976,12.267721711332,0.614323732989498,3.18547401036191,0.146224004673766,0.34918639932989,0.0882594491320386,9.48642256637104
"ATPS",0.0365130434782609,0.825341558507439,0.995514368520372,0.977569791946432,4,1.245371234277,12.2685617133343,0.615175054122929,3.17258601381543,0.146317476766002,0.347565081147995,0.0874822650439309,9.50069356991146
"ATPS",0.0363652173913043,0.822000094707813,0.994399429485283,0.976474950169126,4,1.24538842791245,12.2694213956224,0.616032376529546,3.15961303345109,0.146408307431815,0.345931317673318,0.0867043739688797,9.51507271674577
"ATPS",0.0362173913043478,0.818658630908188,0.993252516420123,0.975348710707453,4,1.24540595332081,12.2702976661571,0.616895241083286,3.14655931101315,0.146496508633545,0.344285550112342,0.0859260808784819,9.52955237223145
"ATPS",0.0360695652173913,0.815317167108563,0.992073445506997,0.974190893056918,4,1.24542376609644,12.2711883047789,0.617763228759578,3.13342912876498,0.146582100625767,0.342628229516051,0.085147673496681,9.5441257854483
"ATPS",0.0359217391304348,0.811975703308938,0.990862045581489,0.973001329138415,4,1.24544183657883,12.2720918284415,0.618636001979728,3.12022634241253,0.146665100514194,0.34095976545693,0.0843694130444399,9.55878739873125
"ATPS",0.0357739130434783,0.808634239509312,0.989618161768315,0.971779866868355,4,1.24546010160566,12.2730050792903,0.619513095974439,3.10695518646928,0.146745521584271,0.339280616620567,0.0835915837082577,9.57352953888646
"ATPS",0.0356260869565217,0.805292775709687,0.988341641851893,0.970526356774908,4,1.24547852438734,12.27392621947,0.620394137430453,3.09361952675171,0.146823398982372,0.337591191563791,0.0828144316928935,9.58834626987677
"ATPS",0.0354782608695652,0.801951311910062,0.987032353165426,0.969240668582652,4,1.2454970547083,12.2748527343091,0.62127871991703,3.08022322076455,0.146898746750205,0.335891908418506,0.0820382095888966,9.60323097019334
"ATPS",0.0353304347826087,0.798609848110436,0.985690173038822,0.967922681832678,4,1.24551564454837,12.2757822273939,0.622166452254675,3.06677010209197,0.146971593097781,0.334183190997973,0.0812631560880013,9.61817716861784
"ATPS",0.0351826086956522,0.795268384310811,0.984315002255339,0.966572299096668,4,1.24553424587296,12.2767122937316,0.623056956320281,3.05326386957073,0.147041950940779,0.332465448250211,0.0804895066365983,9.63317852294388
"ATPS",0.0350347826086957,0.791926920511186,0.982906731880533,0.965189413403768,4,1.24555281689542,12.2776408368302,0.623949857851637,3.03970811512982,0.147109851319568,0.330739079786237,0.0797174782992901,9.64822912325051
"ATPS",0.0348869565217391,0.788585456711561,0.981465273817756,0.96377393824531,4,1.24557130141007,12.2785650730188,0.624844744571142,3.02610640278718,0.147175316838072,0.329004478884554,0.0789472817110987,9.66332236833528
"ATPS",0.0347391304347826,0.785243992911936,0.979990563001612,0.96232580972873,4,1.24558966828694,12.2794834159839,0.625741348246166,3.01246199554125,0.147238358864475,0.327262031263829,0.0781791244680403,9.67845322744355
"ATPS",0.0345913043478261,0.78190252911231,0.978482529614963,0.960844959295374,4,1.24560784924821,12.280392462658,0.626639188520707,2.99877855364818,0.147299012430072,0.325512139272605,0.0774132099509032,9.69361435872545
"ATPS",0.0344434782608696,0.778561065312685,0.976941127547448,0.959331341666042,4,1.24562581202732,12.2812906023665,0.627537937828525,2.98505953298149,0.147357306745202,0.323755216489721,0.0766497208766925,9.7088005161241
"ATPS",0.034295652173913,0.77521960151306,0.975366294735778,0.95778489589616,4,1.24564348656965,12.2821743358947,0.628437227536998,2.97130770956023,0.14741324410388,0.321991570219165,0.0758888435507893,9.72400516001382
"ATPS",0.0341478260869565,0.771878137713434,0.973758027034362,0.956205617914866,4,1.24566088393059,12.2830441967052,0.629336851972738,2.95752645222794,0.147466864381394,0.320221614029597,0.075130737442443,9.7392253685131
"ATPS",0.034,0.768536673913809,0.972116284334224,0.954593468336162,4,1.24567790779335,12.2838953897537,0.63023633456019,2.94371874765958,0.147518184302426,0.318445689176297,0.0743755729321009,9.7544530378599
"ATPS",0.0338521739130435,0.765195210114184,0.97044106432484,0.952948444891174,4,1.24569452128743,12.2847260638142,0.631135336808501,2.92988789490209,0.147567232906639,0.316664197090255,0.0736235256428285,9.76968284310678
"ATPS",0.033704347826087,0.761853746314559,0.968732351240194,0.951270532098075,4,1.24571068781202,12.2855343893247,0.632033647253287,2.91603601027455,0.147614015015257,0.314877389574133,0.072874701372983,9.78491064864386
"ATPS",0.0335565217391304,0.758512282514933,0.96699017070441,0.949559755119105,4,1.2457263363624,12.2863168184218,0.632930779117552,2.90216676648797,0.147658564482388,0.31308571755516,0.072129293776678,9.80012899041666
"ATPS",0.0334086956521739,0.755170818715308,0.965214520648422,0.94781611192249,4,1.24574149135854,12.2870745679569,0.633826651684774,2.88828244018642,0.147700912358736,0.311289464222203,0.0713873982120876,9.81533677673384
"ATPS",0.0332608695652174,0.751829354915683,0.963405442019797,0.946039642717703,4,1.24575602766967,12.2878013827618,0.634720728112731,2.87438589383986,0.147741061490601,0.309488981149485,0.0706491720749314,9.8305245101443
"ATPS",0.0331130434782609,0.748487891116058,0.961562964513164,0.944230376664113,4,1.24576998236805,12.288499118361,0.635612923493557,2.86047970410223,0.147779053138069,0.307684599271094,0.0699147162950815,9.84569147893966
"ATPS",0.0329652173913043,0.745146427316432,0.959687137893907,0.942388362630062,4,1.24578325047241,12.2891625242179,0.636502778683064,2.84656643541119,0.147814893536727,0.305876634733766,0.0691841663687179,9.86082954157597
"ATPS",0.0328173913043478,0.741804963516807,0.957777991978861,0.940513629894922,4,1.24579581724178,12.2897908620888,0.637390079576381,2.83264846633545,0.147848614906873,0.304065394328741,0.0684576153844826,9.87593547921617
"ATPS",0.0326695652173913,0.738463499717182,0.955835608055974,0.938606258281392,4,1.24580763566455,12.2903817831378,0.63827453679885,2.81872820703451,0.147880225359244,0.302251197699753,0.0677351773299398,9.89100434263394
"ATPS",0.0325217391304348,0.735122035917557,0.953860051308365,0.936666311797637,4,1.2458186702467,12.290933512713,0.639155888903163,2.80480802243977,0.147909751664082,0.300434346148089,0.0670169483658936,9.90603184321767
"ATPS",0.0323739130434783,0.731780572117931,0.951851385295346,0.934693852857286,4,1.24582887836854,12.2914439182919,0.640033858794922,2.79089013270532,0.147937216218681,0.29861513790405,0.0663030138920156,9.92101346342022
"ATPS",0.0322260869565217,0.728439108318306,0.949809694077696,0.932688964005884,4,1.24583822505334,12.2919112526514,0.64090819419987,2.77697676059193,0.147962640914667,0.296793860600001,0.0655934682173406,9.93594508710932
"ATPS",0.0320782608695652,0.725097644518681,0.947735081623944,0.930651747337883,4,1.24584667171531,12.2923335860056,0.641778651812036,2.76306999106089,0.147986038568428,0.294970805568774,0.0648883861702274,9.95082254021276
"ATPS",0.0319304347826087,0.721756180719056,0.94562762583333,0.928582279348356,4,1.245854182677,12.2927091331247,0.642644987713099,2.74917185359724,0.148007432452048,0.293146243119768,0.064187845791618,9.96564187383017
"ATPS",0.0317826086956522,0.71841471691943,0.943487431926317,0.926480663361122,4,1.24586071405364,12.2930356991833,0.643506948293308,2.73528431301507,0.148026837906488,0.291320440749245,0.0634919218536168,9.98039876724153
"ATPS",0.0316347826086957,0.715073253119805,0.941314615502885,0.924347012892421,4,1.24586621800662,12.293310900562,0.644364238585554,2.72140949548714,0.148044279524979,0.289493701008364,0.0628006736124324,9.99508854247449
"ATPS",0.0314869565217391,0.71173178932018,0.939109290951841,0.922181440269153,4,1.24587069988297,12.2935349942372,0.645216784250037,2.70754900395727,0.148059771848135,0.287666245528705,0.0621141628177857,10.0097098108997
"ATPS",0.0313391304347826,0.708390325520555,0.936871582861222,0.9199840678336,4,1.24587412846811,12.2937064225994,0.646064365874627,2.69370469324942,0.148073334621183,0.285838341026704,0.0614324411024825,10.0242590350618
"ATPS",0.0311913043478261,0.705048861720929,0.934601592472998,0.917754995002803,4,1.2458763963441,12.2938198177101,0.646906551218411,2.67987834238419,0.14808497834864,0.284010233724512,0.060755572862224,10.0387287810364
"ATPS",0.0310434782608696,0.701707397921304,0.93229948923698,0.915494388172167,4,1.24587754686263,12.2938773430117,0.647743340631836,2.66607178699162,0.148094733833181,0.282182194327367,0.0600836022765872,10.0531194198056
"ATPS",0.030895652173913,0.698365934121679,0.929965387377628,0.913202359507207,4,1.24587754007418,12.2938770042249,0.648574542315358,2.65228628692481,0.148102604948847,0.280354409558006,0.0594165632694477,10.0674275567624
"ATPS",0.0307478260869565,0.695024470322054,0.927599425430889,0.910879045046698,4,1.24587630720149,12.2938153615581,0.649399815579248,2.63852375264106,0.148108620555411,0.278527162790764,0.0587544962532535,10.081647649626
"ATPS",0.0306,0.691683006522428,0.925201772038237,0.908524610392281,4,1.24587381759116,12.2936908798716,0.650218988421388,2.62478564445819,0.14811278595689,0.276700663115172,0.0580974547383959,10.0957765847202
"ATPS",0.0304521739130435,0.688341542722803,0.922772551936496,0.906139178032345,4,1.24587010205576,12.2935051031085,0.651032058233874,2.61107321393868,0.148115127412738,0.274875112860772,0.0574454467110041,10.1098146883705
"ATPS",0.030304347826087,0.685000078923178,0.920311944003182,0.903722923620058,4,1.24586505286123,12.2932526532502,0.651838587404182,2.59738824099963,0.148115654602152,0.273050771310246,0.0567985264774964,10.1237545196445
"ATPS",0.0301565217391304,0.681658615123553,0.917820067635915,0.901275964400849,4,1.24585870181152,12.2929350907788,0.652638665988455,2.58373135200317,0.148114383911908,0.271227752712165,0.0561566810982281,10.1375970409051
"ATPS",0.0300086956521739,0.678317151323927,0.915297135660115,0.898798509363868,4,1.24585101630435,12.2925508164031,0.653432011681449,2.57010455462396,0.148111323960579,0.269406364965007,0.0555199651804387,10.1513385459226
"ATPS",0.0298608695652174,0.674975687524302,0.912743290804267,0.896290698664858,4,1.24584193022939,12.2920965116379,0.654218400168159,2.55650884389145,0.148106498946772,0.267586756089615,0.054888391074281,10.164974530579
"ATPS",0.0297130434782609,0.671634223724677,0.910158699055352,0.89375269529881,4,1.24583142579701,12.291571290518,0.654997682649239,2.54294544521222,0.148099918624433,0.265769132448338,0.054261969907514,10.1785028160333
"ATPS",0.0295652173913043,0.668292759925051,0.907543547793967,0.891184683268707,4,1.24581951216764,12.2909756085309,0.655769822605313,2.52941553367022,0.148091606604025,0.263953680086875,0.0536407141222475,10.1919226732068
"ATPS",0.0294173913043478,0.664951296125426,0.904898007497041,0.888586829978557,4,1.2458061419526,12.2903071025513,0.656534601016798,2.51592014341487,0.148081566537609,0.262140575477089,0.0530246317649035,10.2052305636486
"ATPS",0.0292695652173913,0.661609832325801,0.902222258654153,0.885959312664538,4,1.24579129701075,12.2895648504833,0.657291897846635,2.50246035356322,0.148069815421395,0.260329995944671,0.0524137310945357,10.2184244199447
"ATPS",0.0291217391304348,0.658268368526176,0.899516483509555,0.883302310285868,4,1.24577495288566,12.2887476416739,0.658041585709739,2.48903710893737,0.148056365543026,0.258522102385883,0.0518080136788193,10.2315020027972
"ATPS",0.0289739130434783,0.65492690472655,0.896780861636065,0.880615999178489,4,1.2457570875877,12.2878543893576,0.658783507848811,2.47565155584257,0.148041232214004,0.256717092716405,0.0512074872741537,10.244461017062
"ATPS",0.0288260869565217,0.651585440926925,0.894015600143783,0.877900582719251,4,1.24573768401619,12.2868842016541,0.659517571098381,2.46230456587746,0.148024428855847,0.254915112966295,0.0506121524375884,10.2572996252137
"ATPS",0.0286782608695652,0.6482439771273,0.89122087303965,0.875156231778546,4,1.24571669957899,12.285834976267,0.660243587406344,2.4489970147393,0.148005967944356,0.253116317904307,0.0500220017240477,10.2700147358259
"ATPS",0.0285304347826087,0.644902513327675,0.888396863111146,0.87238312584903,4,1.24569412857749,12.2847064289187,0.660961511805693,2.43572956456511,0.147985850248053,0.251320843556609,0.0494370312123205,10.2826053744266
"ATPS",0.0283826086956522,0.641561049528049,0.885543788108209,0.869581478755605,4,1.24566993391976,12.2834967011221,0.661671124729213,2.42250343803432,0.147964114778798,0.249528876166088,0.0488572407489453,10.2950683464494
"ATPS",0.0282347826086957,0.638219585728424,0.882661822311228,0.866751461637179,4,1.24564412623116,12.2822063089099,0.662372468081064,2.40931893554562,0.147940741743588,0.247740520554889,0.0482826062369259,10.3074038831576
"ATPS",0.0280869565217391,0.634878121928799,0.879751181467129,0.863893286351748,4,1.24561667386235,12.2808336934012,0.663065350714807,2.39617717953642,0.147915771956205,0.245955933888186,0.0477131371756602,10.3196092085624
"ATPS",0.0279391304347826,0.631536658129174,0.87681204253363,0.861007126667289,4,1.24558755417104,12.2793777087308,0.663749692653707,2.3830786202046,0.147889196822393,0.244175243012156,0.0471488058675539,10.3316826698288
"ATPS",0.0277913043478261,0.628195194329549,0.873844628105718,0.85809320116642,4,1.24555676360821,12.2778381832256,0.664425433826745,2.3700239710246,0.147861033776469,0.24239857683895,0.0465896022454752,10.3436233465001
"ATPS",0.0276434782608696,0.624853730529923,0.870849126361089,0.855151694634853,4,1.24552424735341,12.2762123677419,0.665092376038043,2.35701384317152,0.147831284835874,0.240626057842001,0.0460355133424137,10.3554277507874
"ATPS",0.027495652173913,0.621512266730298,0.867825745459452,0.852182811480126,4,1.24549002407069,12.2745012035716,0.665750527262277,2.34404889685903,0.147799973751486,0.238857811982757,0.0454865220348662,10.3670961910937
"ATPS",0.0273478260869565,0.618170802930673,0.864774687309113,0.849186749971063,4,1.24545405892878,12.2727029451529,0.666399733783696,2.33112973870194,0.14776711157726,0.237093961661427,0.0449426084882087,10.3786262230625
"ATPS",0.0272,0.614829339131047,0.861696158090372,0.846163712571473,4,1.24541634761929,12.270817381361,0.667039972057704,2.31825680715658,0.147732696014138,0.235334611132562,0.0444037542169166,10.3900171867728
"ATPS",0.0270521739130435,0.611487875331422,0.85859035668298,0.843113894576216,4,1.24537686971247,12.2688434856869,0.667671140879775,2.30543058629968,0.147696741576026,0.233579865294844,0.0438699386045548,10.4012675089974
"ATPS",0.026904347826087,0.608146411531797,0.855457497702304,0.840037506732122,4,1.24533560890684,12.2667804466483,0.668293163611722,2.29265156780615,0.147659257435495,0.231829830528847,0.0433411366369592,10.412375841391
"ATPS",0.0267565217391304,0.604804947732172,0.852297781908083,0.83693474618015,4,1.24529255430576,12.2646277127192,0.668905974170894,2.27992023284361,0.147620267554322,0.230084602554212,0.0428173222189825,10.4233411153634
"ATPS",0.0266086956521739,0.601463483932546,0.849111415503573,0.833805815406653,4,1.24524768532993,12.262384266486,0.669509493104157,2.26723691574117,0.147579761654123,0.228344281008727,0.0422984748407772,10.4341619338113
"ATPS",0.0264608695652174,0.598122020132921,0.845898603064535,0.830650915299825,4,1.24520098875044,12.2600494375153,0.670103651223044,2.25460204643569,0.147537752441398,0.226608959100251,0.0417845741050667,10.444837163571
"ATPS",0.0263130434782609,0.594780556333296,0.842659563715689,0.82747026103457,4,1.24515246140714,12.2576230688097,0.670688410361397,2.24201600006121,0.147494255240694,0.224878728582196,0.0412755852079991,10.45536625019
"ATPS",0.0261652173913043,0.591439092533671,0.839394487823061,0.824264039545482,4,1.24510206745618,12.2551033727871,0.671263646432182,2.22947908417211,0.14744926998301,0.223153675841203,0.04077148367516,10.4657470259847
"ATPS",0.0260173913043478,0.588097628734045,0.836103599202893,0.82103247061442,4,1.24504982160687,12.252491080274,0.671829400534481,2.21699154335064,0.14740280881546,0.221433864289856,0.0402722424419703,10.4759799971688
"ATPS",0.0258695652173913,0.58475616493442,0.83278708942831,0.81777574236132,4,1.24499568896449,12.2497844481849,0.672385522779478,2.20455375234938,0.147354880205429,0.219719390141413,0.0397778316944253,10.4860629717115
"ATPS",0.0257217391304348,0.581414701134795,0.829445177056307,0.814494069403592,4,1.24493966838736,12.2469834188858,0.672932006595064,2.19216592323408,0.147305495370578,0.218010321378778,0.0392882190968172,10.4959956667073
"ATPS",0.0255739130434783,0.57807323733517,0.826078065476345,0.811187651464516,4,1.24488174603918,12.2440873024259,0.673468799130943,2.17982832906443,0.147254659528211,0.216306730762399,0.0388033822171127,10.5057770978323
"ATPS",0.0254260869565217,0.574731773535544,0.822685959869874,0.807856690027057,4,1.2448219126874,12.2410956340191,0.673995826739889,2.16754122495345,0.147202378090966,0.214608704043228,0.0383232790853378,10.5154065194252
"ATPS",0.0252782608695652,0.571390309735919,0.819269068110948,0.804501389218248,4,1.24476015000691,12.2380075004315,0.674513099114292,2.15530451776018,0.147148640825211,0.212916268246256,0.0378478858732807,10.5248830734751
"ATPS",0.0251304347826087,0.568048845936294,0.815827592699383,0.80112194788776,4,1.24469645222919,12.2348226104752,0.675020527848352,2.14311862780301,0.147093477083035,0.211229505953591,0.0373771661887834,10.5342060325052
"ATPS",0.0249826086956522,0.564707382136668,0.812361746587261,0.797718575149121,4,1.2446308116221,12.2315405811064,0.675518052884801,2.13098382868853,0.147036902909886,0.209548490773358,0.0369110920701224,10.5433747184419
"ATPS",0.0248347826086957,0.561365918337043,0.808871732882838,0.794291470449474,4,1.24456321729597,12.2281608601069,0.676005667898485,2.11890012688377,0.146978910125134,0.207873269621806,0.0364496262888887,10.5523885603083
"ATPS",0.0246869565217391,0.558024454537418,0.805357738132198,0.790840816972328,4,1.24449364821727,12.2246824113986,0.676483338316509,2.10686740984779,0.146919490761039,0.206203874230428,0.0359927388088011,10.5612465907408
"ATPS",0.0245391304347826,0.554682990737793,0.801819990946799,0.78736683920832,4,1.24442206761584,12.2211033809971,0.676950899517262,2.09488606807315,0.146858669893018,0.204540378058406,0.0355403969730591,10.5699464787108
"ATPS",0.0243913043478261,0.551341526938168,0.798258671346463,0.783869713932339,4,1.24434856755773,12.2174283780792,0.677408617027778,2.08295604545721,0.146796452282185,0.202882820805057,0.0350925579230989,10.5784931021112
"ATPS",0.0242434782608696,0.548000063138542,0.794673998221887,0.780349656089481,4,1.24427302344806,12.2136511723361,0.67785615869336,2.0710773504985,0.146732823060029,0.201231252940349,0.0346491898521836,10.5868799532156
"ATPS",0.024095652173913,0.544658599338917,0.791066165100613,0.776806855718871,4,1.24419549736564,12.2097748686786,0.678293658786612,2.05925019003193,0.146667819131942,0.199585713728515,0.0342102644655733,10.595110064056
"ATPS",0.0239478260869565,0.541317135539292,0.787435387772666,0.773241524720826,4,1.24411594532328,12.2057972634214,0.678721001991712,2.0474745082509,0.14660142516453,0.197946250090109,0.0337757401193268,10.6031811945204
"ATPS",0.0238,0.537975671739666,0.78378183212108,0.769653825988266,4,1.24403436489523,12.201718244101,0.67913818965823,2.03575021470534,0.146533646323638,0.19631287812372,0.0333455836025579,10.6110933300126
"ATPS",0.0236521739130435,0.534634207940041,0.780105700149229,0.766043957883367,4,1.24395072962269,12.1975364813338,0.679545127677765,2.02407738994644,0.146464497244561,0.194685635317374,0.0329197682022935,10.6188450014982
"ATPS",0.023504347826087,0.531292744140416,0.776407217632527,0.762412142111845,4,1.24386508590638,12.1932542954028,0.67994195688413,2.01245605372284,0.146393967103127,0.193064599386878,0.0324982359234295,10.6264386294114
"ATPS",0.0233565217391304,0.527951280340791,0.772686565624335,0.758758556463494,4,1.24377737263012,12.1888686318155,0.680328491037023,2.00088618393073,0.146322077956102,0.191449758002274,0.0320809714690108,10.6338710408478
"ATPS",0.0232086956521739,0.524609816541165,0.768943937229474,0.755083390562337,4,1.24368759373469,12.1843796874829,0.680704765324238,1.9893675893169,0.146248817176055,0.189841141236771,0.0316679319105846,10.6411426422705
"ATPS",0.0230608695652174,0.52126835274154,0.76517954237855,0.751386850554893,4,1.24359575209797,12.1797876039957,0.681070765161048,1.97790039152825,0.14617419751623,0.188238795925277,0.031259087376722,10.6482534700444
"ATPS",0.0229130434782609,0.517926888941915,0.761393541782422,0.747669094255135,4,1.24350183276708,12.1750916388044,0.68142645983042,1.96648438125298,0.14609822396434,0.186642725224611,0.0308543912066971,10.6552029643387
"ATPS",0.0227652173913043,0.51458542514229,0.757586128626238,0.743930311365967,4,1.24340582943824,12.1702914718883,0.681771828621241,1.95511949125419,0.146020895943836,0.185052955665169,0.0304538107152363,10.6619908692426
"ATPS",0.0226173913043478,0.511243961342664,0.753757521000927,0.740170716047135,4,1.24330773108091,12.1653865540074,0.682106849353257,1.94380570041845,0.145942221892568,0.183469517979745,0.0300573117670798,10.6686166360696
"ATPS",0.0224695652173913,0.507902497543039,0.749907894432923,0.736390480661132,4,1.24320751789845,12.1603758947851,0.682431464660727,1.93254285589024,0.145862190214979,0.181892428654446,0.0296648612642135,10.6750794025525
"ATPS",0.0223217391304348,0.504561033743414,0.746037449242476,0.732589801917349,4,1.24310519764274,12.1552598825568,0.682745705081396,1.92133080958451,0.14578081531232,0.180321696614149,0.0292764187494,10.6813797132304
"ATPS",0.0221739130434783,0.501219569943789,0.742146327374476,0.728768819202059,4,1.24300075906765,12.1500379533449,0.683049539206325,1.91016942830708,0.145698100529417,0.178757333458689,0.0288919461225799,10.6875171401784
"ATPS",0.0220260869565217,0.497878106144163,0.738234759275536,0.724927758807975,4,1.24289419032144,12.1447095161605,0.683342935444831,1.89905863754472,0.145614046965851,0.177199362059936,0.0285114097083535,10.6934911389487
"ATPS",0.0218782608695652,0.494536642344538,0.734302911678358,0.72106678446237,4,1.24278547684662,12.1392738424125,0.683625867596711,1.88799826156106,0.145528649429955,0.175647793885104,0.0281347788293437,10.6993011475477
"ATPS",0.0217304347826087,0.491195178544913,0.730350976310668,0.717186084436995,4,1.24267463692721,12.1337318467585,0.683898397022358,1.87698807801528,0.145441914838273,0.174102629295481,0.0277620104826629,10.7049483376139
"ATPS",0.0215826086956522,0.487853714745288,0.726379106897172,0.713285809685601,4,1.24256163762178,12.1280818823896,0.684160418302476,1.86602800492322,0.145353850291974,0.172563882097443,0.0273930708525173,10.7104310958837
"ATPS",0.0214347826086957,0.484512250945662,0.72238751216604,0.709366165173943,4,1.2424464675811,12.1223233788254,0.684411922088544,1.85511778528393,0.145264445622366,0.171031553489341,0.0270279245575225,10.7157490851551
"ATPS",0.0212869565217391,0.481170787146037,0.718376361249277,0.70542731698535,4,1.24232911567411,12.1164557839744,0.684652863279837,1.8442573709492,0.145173713351237,0.169505665477799,0.026666539287127,10.7209017952269
"ATPS",0.0211391304347826,0.477829323346412,0.714345816114815,0.701469424168209,4,1.2422096128744,12.1104806429647,0.684883360429296,1.83344642362297,0.145081651838189,0.167986199087619,0.0263088729631316,10.7258911856567
"ATPS",0.0209913043478261,0.474487859546787,0.710296054719446,0.697492661471567,4,1.2420878888376,12.1043944415366,0.685103214122103,1.82268474230437,0.144988251157388,0.166473161892682,0.0259548939218901,10.7307138039622
"ATPS",0.0208434782608696,0.471146395747161,0.706227288288552,0.693497236313375,4,1.24196399019183,12.0981995110417,0.6853125663001,1.81197222213884,0.144893520863604,0.164966562578204,0.0256045690096906,10.7353721943368
"ATPS",0.020695652173913,0.467804931947536,0.702139616720008,0.689483246790806,4,1.24183786210669,12.0918931052944,0.685511271970388,1.80130847454207,0.144797456307807,0.163466384888516,0.0252578632764199,10.7398638985479
"ATPS",0.0205478260869565,0.464463468147911,0.698033267821511,0.685450916605227,4,1.24170955036979,12.085477518972,0.685699492627522,1.79069324323041,0.144700034937554,0.16197263984348,0.024914732903016,10.7441915800766
"ATPS",0.0204,0.461122004348286,0.693908402305688,0.681400403572347,4,1.24157898983799,12.0789494924039,0.685876968694945,1.78012684105588,0.144601341303049,0.160485329603774,0.0245751579819386,10.7483515211018
"ATPS",0.0202521739130435,0.45778054054866,0.689765175181468,0.677331859906995,4,1.24144619739618,12.0723098694438,0.686043844894977,1.76960838613692,0.144501279566094,0.15900443180482,0.0242390971102615,10.7523455152127
"ATPS",0.020104347826087,0.454439076749035,0.685603775513557,0.673245471265904,4,1.24131118694529,12.0655593467647,0.686200148283882,1.75913795070864,0.144399895594578,0.157529967449624,0.0239065063757954,10.7561742219911
"ATPS",0.0199565217391304,0.45109761294941,0.681424310144236,0.669141342565474,4,1.24117389373777,12.058694686585,0.686345685589991,1.74871509401081,0.144297172022844,0.156061883102102,0.0235773682256726,10.7598347185695
"ATPS",0.0198086956521739,0.447756149149785,0.677227000080784,0.665019690829235,4,1.24103437327483,12.0517186637667,0.686480686351242,1.73833956031384,0.144193109421484,0.154600194815015,0.023251634487784,10.7633301656181
"ATPS",0.0196608695652174,0.444414685350159,0.673011985214242,0.660880653426629,4,1.24089252450045,12.044626224983,0.686604738617321,1.7280114511536,0.144087710540937,0.153144932846094,0.0229292889970261,10.7666552151617
"ATPS",0.0195130434782609,0.441073221550534,0.668779429685059,0.656724391539405,4,1.24074843483166,12.0374217461815,0.686718241437761,1.71773006869688,0.143980971788288,0.15169603034476,0.0226102806305149,10.7698151291908
"ATPS",0.0193652173913043,0.437731757750909,0.664529499742685,0.652551068420294,4,1.24060204997244,12.0301024971652,0.686820939518259,1.70749558629892,0.143872925480303,0.15025352728433,0.0222945670937257,10.7728068979856
"ATPS",0.0192173913043478,0.434390293951284,0.66026231075464,0.648360797357266,4,1.24045337380348,12.0226686903197,0.686912977133458,1.69730706353016,0.14376348899237,0.148817328554236,0.0219821650922535,10.7756317202235
"ATPS",0.0190695652173913,0.431048830151658,0.655978080488808,0.644153792192845,4,1.24030238207943,12.0151191038893,0.686994209074823,1.68716477404856,0.143652727131806,0.147387507201481,0.0216729958694296,10.7782880361303
"ATPS",0.0189217391304348,0.427707366352033,0.65167690909357,0.639930151270196,4,1.24014906008947,12.0074530040958,0.687064615297838,1.67706818886384,0.143540611370581,0.145964001344328,0.0213670392319141,10.7807756350482
"ATPS",0.0187739130434783,0.424365902552408,0.647358966422731,0.635690041381433,4,1.23999339424103,11.999669712241,0.687124198645386,1.66701701185256,0.143427141328494,0.144546804601018,0.0210642600397782,10.7830941189284
"ATPS",0.0186260869565217,0.421024438752782,0.643024412002875,0.631433619177606,4,1.23983542142845,11.9917710658952,0.687173036856574,1.65701112424316,0.143312333901879,0.143135907095885,0.0207646356187361,10.7852455336088
"ATPS",0.0184782608695652,0.417682974953157,0.638673413689207,0.627161049488256,4,1.23967508249053,11.9837541210693,0.687210964452225,1.64705022402648,0.143196177906492,0.141731307821513,0.0204681256449954,10.7872271203368
"ATPS",0.0183304347826087,0.414341511153532,0.634306055840459,0.622872415151515,4,1.23951233905218,11.97561695497,0.687237940208611,1.6371335813381,0.143078620972619,0.140332946782266,0.0201747034532716,10.7890376369096
"ATPS",0.0181826086956522,0.411000047353907,0.629907689142601,0.618553330913564,4,1.23934637798157,11.9673188988157,0.687253384972582,1.62722707352573,0.142959158959339,0.138936109064139,0.0198833659763457,10.7906700883627
"ATPS",0.0180347826086957,0.407658583554281,0.625522999167936,0.614247676869964,4,1.23917974333918,11.9589871672421,0.687259231039889,1.61743321590862,0.142839471001914,0.137554970473792,0.0195969992171811,10.7921507597758
"ATPS",0.0178869565217391,0.404317119754656,0.621107568150199,0.609911835903872,4,1.23900982212987,11.9504911061035,0.687253467144194,1.60764814333677,0.142717774672785,0.136175281258383,0.0193126469011606,10.7934511652804
"ATPS",0.0177391304347826,0.400975655955031,0.616676391419601,0.605560533048197,4,1.2388375016583,11.9418750829025,0.687236636090395,1.59790710415639,0.142594787574479,0.134801819617223,0.0190312628870604,10.7945810394385
"ATPS",0.0175913043478261,0.397634192155406,0.612229609773023,0.601193906561894,4,1.23866274732766,11.9331373664981,0.687208846961783,1.5882087436393,0.14247038633033,0.133434501546008,0.0187528121446646,10.7955399491895
"ATPS",0.0174434782608696,0.39429272835578,0.60776735905609,0.596812089841912,4,1.23848556286601,11.9242781417783,0.6871700713259,1.57855290771232,0.142344580666335,0.13207331085478,0.01847727034163,10.7963282575376
"ATPS",0.017295652173913,0.390951264556155,0.603289783678637,0.592415224695035,4,1.23830589441058,11.9152947207658,0.687120157065247,1.56893943931623,0.142217386280263,0.130718243875047,0.0182045985385919,10.7969433365483
"ATPS",0.0171478260869565,0.38760980075653,0.59879701637157,0.58800344145964,4,1.23812381432332,11.9061907169965,0.687059334104874,1.55936790963729,0.142088786350638,0.129369268639729,0.0179347741758441,10.7973894007977
"ATPS",0.017,0.384268336956905,0.594289179400296,0.583576860197246,4,1.23793915879064,11.8969579396026,0.686987102311678,1.54983799799682,0.141958768457251,0.128026380496812,0.0176677556844152,10.7976582410445
"ATPS",0.0168521739130435,0.380926873157279,0.589766429590425,0.579135634906613,4,1.23775202039283,11.8876010167809,0.686903805613627,1.54034929521537,0.141827329781791,0.126689526883059,0.0174035404470575,10.7977551092058
"ATPS",0.016704347826087,0.377585409357654,0.585228862704091,0.574679859623722,4,1.23756235836039,11.8781179199135,0.686809222431333,1.53090164518779,0.141694480473351,0.125358688841848,0.0171420830374834,10.797678057057
"ATPS",0.0165565217391304,0.374243945558029,0.580676651389821,0.570209703885034,4,1.23737018754424,11.8685093772864,0.686703539078791,1.52149451937078,0.141560190808257,0.124033875050382,0.0168833452299418,10.7974284023518
"ATPS",0.0164086956521739,0.370902481758404,0.576109882812396,0.565725253284149,4,1.23717546768914,11.858773385447,0.686586581682432,1.51212744695545,0.141424452779827,0.122714973204274,0.0166273263904929,10.7970045224022
"ATPS",0.0162608695652174,0.367561017958778,0.571528729792638,0.561226677526718,4,1.23697814728675,11.848907364192,0.686458161504696,1.50280071437399,0.141287308533765,0.12140209302243,0.016373968717089,10.796403477689
"ATPS",0.0161130434782609,0.364219554159153,0.566933268756991,0.556714051661567,4,1.23677829190056,11.8389145960982,0.686318638768986,1.4935130427316,0.141148682545048,0.120095062416945,0.0161232628558154,10.7956299705679
"ATPS",0.0159652173913043,0.360878090359528,0.562323633584251,0.552187507154267,4,1.23657612418497,11.8288062093709,0.686168385923776,1.48426531436137,0.141008715541805,0.118793951563631,0.0158751731692285,10.7946947251154
"ATPS",0.0158173913043478,0.357536626559903,0.557699980367024,0.547647197283787,4,1.2363706867736,11.8185343379618,0.686005047803492,1.4750549463609,0.140867002044095,0.11749867808594,0.0156296920216847,10.7935505037425
"ATPS",0.0156695652173913,0.354195162760277,0.553062426315679,0.54309323714773,4,1.23616291534441,11.8081457688841,0.685830986838316,1.46588385833717,0.140723969795361,0.116209240538212,0.0153867830348821,10.7922440970454
"ATPS",0.0155217391304348,0.350853698960652,0.548411050755156,0.538525704641169,4,1.2359524873074,11.7976243674362,0.685645394405895,1.45675072257623,0.14057941828591,0.114925627968871,0.0151464030072678,10.7907600785237
"ATPS",0.0153739130434783,0.347512235161027,0.543745993878728,0.533944737430333,4,1.23573942639389,11.786971319236,0.685448339729063,1.44765525800855,0.140433358032476,0.113647793021653,0.0149085375089312,10.7890999713586
"ATPS",0.0152260869565217,0.344170771361402,0.539067368109093,0.529350445911452,4,1.23552356110178,11.7761780555017,0.685239340905774,1.43859704415086,0.140285766478837,0.112375689896046,0.0146731698310428,10.7872552824875
"ATPS",0.0150782608695652,0.340829307561776,0.534375303850369,0.524742958138054,4,1.23530504361001,11.7652521804433,0.685018823580479,1.42957592721594,0.140136687284908,0.111109314436536,0.0144402635118868,10.7852340911439
"ATPS",0.0149304347826087,0.337487843762151,0.529669942394651,0.520122412855382,4,1.23508376433262,11.7541882170067,0.684786528438522,1.42059126556264,0.139986048605315,0.109848613321729,0.0142098020255922,10.7830313625774
"ATPS",0.0147826086956522,0.334146379962526,0.524951297425652,0.515488823500494,4,1.23485972566359,11.7429862835173,0.684542453140472,1.41164261478007,0.139833870975709,0.108593498704923,0.0139817650278069,10.7806476741883
"ATPS",0.0146347826086957,0.3308049161629,0.520219596014291,0.510842413051259,4,1.23463290911689,11.7316454503589,0.684286571887093,1.4027298367118,0.139680113672681,0.107344101445892,0.0137560946033098,10.7780822387916
"ATPS",0.0144869565217391,0.327463452363275,0.515474855842158,0.506183198870548,4,1.23440330133827,11.7201650707948,0.684018743444748,1.39385246392302,0.139524815590421,0.106100218688735,0.0135328098785143,10.775334818091
"ATPS",0.0143391304347826,0.32412198856365,0.510717247272329,0.501511348250569,4,1.23417077762902,11.7085388804717,0.68373876089635,1.3850097998728,0.139367850645477,0.104861933290798,0.0133118565319792,10.7723996601457
"ATPS",0.0141913043478261,0.320780524764025,0.505946886924734,0.496826975709126,4,1.23393540277763,11.6967701385462,0.683446717731446,1.37620195476693,0.139209319001205,0.103629167939162,0.0130932315626311,10.7692800257039
"ATPS",0.0140434782608696,0.317439060964399,0.501163793045263,0.492130099163222,4,1.23369717378166,11.684858689558,0.683142642061043,1.36742810973692,0.139049170634567,0.102401840194324,0.0128769003113404,10.7659765936426
"ATPS",0.013895652173913,0.314097597164774,0.49636816111437,0.487420910569688,4,1.23345597219713,11.6727986053024,0.682826171273616,1.35868809813928,0.138887372289596,0.101180021354235,0.0126628386660266,10.7624833809175
"ATPS",0.0137478260869565,0.310756133365149,0.491560054634876,0.482699472286681,4,1.23321185638699,11.6605928187798,0.682497491138528,1.34998145861667,0.138723938024767,0.0999635923028727,0.0124510250431129,10.7588039136244
"ATPS",0.0136,0.307414669565524,0.486739589448677,0.477965898067997,4,1.23296479903092,11.648239950043,0.682156579167897,1.34130767075334,0.138558836218298,0.098752527413574,0.0122414505695403,10.7549372959639
"ATPS",0.0134521739130435,0.304073205765898,0.481906884304469,0.473220304521835,4,1.23271465290598,11.6357326456772,0.681802913314683,1.33266653233455,0.13839200706011,0.0975469179157772,0.0120340631596379,10.7508761183222
"ATPS",0.013304347826087,0.300731741966273,0.477061976037647,0.468462727819616,4,1.2324615077333,11.6230753867005,0.681436801530613,1.3240574226485,0.138223501573517,0.0963465430498132,0.0118288639192395,10.746625641554
"ATPS",0.0131565217391304,0.297390278166648,0.472205032811918,0.463693333093824,4,1.23220532199154,11.6102661007632,0.681058225984169,1.31547997294003,0.138053294729974,0.0951514505283157,0.0116258301657455,10.7421841058975
"ATPS",0.0130086956521739,0.294048814367023,0.467336099939656,0.458912164840057,4,1.23194601198624,11.5973005994707,0.680666673571266,1.30693382261818,0.137881290460141,0.0939616482297326,0.0114249174265845,10.7375475541289
"ATPS",0.0128608695652174,0.290707350567397,0.462455308224119,0.454119351503788,4,1.23168354761448,11.5841773810395,0.680262294575439,1.29841856961794,0.137707561967512,0.0927770398323775,0.0112261406923492,10.7327148118468
"ATPS",0.0127130434782609,0.287365886767772,0.457562740988819,0.449314974906588,4,1.23141772199284,11.5708860999538,0.679844678791967,1.28993222707998,0.137531841313507,0.0915975178650576,0.0110294697245626,10.7276771236108
"ATPS",0.0125652173913043,0.284024422968147,0.452658503262662,0.44449913818417,4,1.23114910016137,11.5574550064374,0.679414736954135,1.28147855061386,0.137354712172753,0.0904233041465484,0.0108348476967275,10.7224601602185
"ATPS",0.0124173913043478,0.280682959168522,0.447742653889208,0.439671899119414,4,1.23087678954465,11.5438394806193,0.678970645623683,1.27305198779332,0.137175390030397,0.0892540310297418,0.0106423067365998,10.7170230342238
"ATPS",0.0122695652173913,0.277341495368896,0.442815308360145,0.434833371122221,4,1.23060170920311,11.5300854591762,0.67851457756912,1.26465666874738,0.136994565544892,0.0880899389077626,0.0104517792913955,10.711409502023
"ATPS",0.0121217391304348,0.274000031569271,0.437876559499203,0.429983645343131,4,1.23032304733585,11.5161523665905,0.678044441683427,1.25628893328682,0.136811705335506,0.0869308659534062,0.0102632563709221,10.7055809422887
"ATPS",0.0119739130434783,0.270658567769646,0.432926473245316,0.425122786532504,4,1.23004093219512,11.5020466067324,0.677560575200658,1.24794877551082,0.136626915311159,0.085776646232177,0.0100767578379344,10.6995440227092
"ATPS",0.0118260869565217,0.267317103970021,0.427965240348463,0.420250982001964,4,1.2297556523159,11.4877826155375,0.677063686591021,1.2396374969606,0.136440277450321,0.0846276011118796,0.00989219972203864,10.6933126324732
"ATPS",0.0116782608695652,0.263975640170395,0.422992740683319,0.4153681137915,4,1.22946671478163,11.4733357385303,0.67655246491458,1.23135254351783,0.136251614936434,0.0834833079915012,0.00970959662230772,10.6868635459847
"ATPS",0.0115304347826087,0.26063417637077,0.418009249496591,0.410474452186377,4,1.22917434278088,11.4587171418032,0.676027590748714,1.22309449507419,0.136061044847999,0.0823438988721155,0.00952896637365573,10.6802078322716
"ATPS",0.0113826086956522,0.257292712571145,0.413014743564086,0.405569974381028,4,1.22887842044662,11.4439210210354,0.675488471293013,1.21486246989844,0.135868368716497,0.0812093401736337,0.0093502420443614,10.673340412957
"ATPS",0.0112347826086957,0.25395124877152,0.408009363712097,0.400654818663291,4,1.22857902700506,11.4289513505321,0.674935482204301,1.2066569310933,0.135673758031283,0.0800796558042399,0.00917338557362866,10.666264981568
"ATPS",0.0110869565217391,0.250609784971894,0.402993170203857,0.395729044210129,4,1.2282757733991,11.4137886685648,0.674367563436488,1.19847589945787,0.135476981838678,0.0789546506722666,0.00899843639557698,10.6589632194328
"ATPS",0.0109391304347826,0.247268321172269,0.397966240436697,0.390792727023753,4,1.22796900610313,11.3984503046041,0.673785609472574,1.1903198620382,0.135278171211901,0.0778343418005095,0.00882533173234299,10.6514527249477
"ATPS",0.0107913043478261,0.243926857372644,0.392928660556485,0.385845951697214,4,1.22765754910169,11.3828774547309,0.673186361612776,1.18218626002616,0.13507690190925,0.0767186668298519,0.00865407530707502,10.6436748291996
"ATPS",0.0106434782608696,0.240585393573019,0.387880475514025,0.380888762371056,4,1.22734414195764,11.3672070955487,0.67257712247599,1.17408092450186,0.134874276791969,0.0756076802874837,0.00848467456864171,10.6357664049862
"ATPS",0.010495652173913,0.237243929773393,0.382821833616921,0.375921304679579,4,1.22702585067444,11.3512925386338,0.671950245368765,1.16599602618456,0.134668889445379,0.0745013621893673,0.00831700932901529,10.6275826043364
"ATPS",0.0103478260869565,0.233902465973768,0.377752775237896,0.370943618267766,4,1.22670366252756,11.3351831263748,0.671308135067605,1.15793383422838,0.134461330836007,0.0733995282765109,0.00815115645632086,10.6191724316474
"ATPS",0.0102,0.230561002174143,0.37267335590632,0.365955757664048,4,1.22637759415305,11.3188797077785,0.670650789875798,1.14989427702973,0.13425156443697,0.0723021724488562,0.00798711211884653,10.610536943259
"ATPS",0.0100521739130435,0.227219538374517,0.36758364869924,0.360957794628227,4,1.22604747775722,11.3023738892338,0.669977759135615,1.14187643497603,0.134039533061947,0.07120932815939,0.00782478026673994,10.6016683038513
"ATPS",0.00990434782608696,0.223878074574892,0.362483755596998,0.355949829302406,4,1.22571314206121,11.2856571030976,0.669288699220002,1.13387864964457,0.133824959915631,0.070120868067722,0.00766420846113624,10.5925593356521
"ATPS",0.00975652173913043,0.220536610775267,0.357373721784254,0.350931906056769,4,1.22537499482468,11.2687497416714,0.668584460176609,1.12590256812281,0.133608215115268,0.0690367705749274,0.00750535666968664,10.5832296092481
"ATPS",0.00960869565217391,0.217195146975642,0.352253630095369,0.345904106232554,4,1.22503215422091,11.2516077114172,0.66786281971383,1.11794507042825,0.133388917706215,0.0679568511638863,0.00734823298846282,10.5736362770849
"ATPS",0.00946086956521739,0.213853683176016,0.347123545500883,0.340866493629179,4,1.2246840260413,11.2342013025601,0.667123035775386,1.10999926920557,0.133165772614377,0.0668811717387234,0.00719274801079229,10.5637556014233
"ATPS",0.00931304347826087,0.210512219376391,0.341983514572947,0.335819113979312,4,1.22433357225482,11.2166786136624,0.66636937090427,1.10208835548281,0.132942642492989,0.0658102531316745,0.00703896045726371,10.5537182319479
"ATPS",0.00916521739130435,0.207170755576766,0.336833673950997,0.330762101459403,4,1.22398081412367,11.1990407065065,0.665606331408576,1.09419480726782,0.132717127422261,0.064743243516618,0.00688679766948898,10.5435431445198
"ATPS",0.00901739130434782,0.203829291777141,0.331674286258527,0.325695713959044,4,1.22361736479456,11.1808682271615,0.664809018648965,1.086305008167,0.132486339972489,0.0636803085361175,0.00673634145540931,10.5328071289573
"ATPS",0.0088695652173913,0.200487827977515,0.326504632271303,0.32061924521833,4,1.22325211973274,11.162605986394,0.664001841722582,1.07843770905174,0.132254062554357,0.0626213958583643,0.00658746225871868,10.5219547558534
"ATPS",0.00872173913043478,0.19714636417789,0.321325582808503,0.315533550359546,4,1.22288254426111,11.1441272130451,0.663177962029646,1.07058690679268,0.132019117909561,0.0615664861232797,0.00644022906472339,10.5108599669489
"ATPS",0.00857391304347826,0.193804900378265,0.316136931116889,0.31043842635627,4,1.22250792142456,11.1253960711856,0.662334958776195,1.06275295049795,0.131781537659902,0.0605156730838874,0.00629457809666201,10.4994851830181
"ATPS",0.00827826086956521,0.187121972779014,0.30573106206343,0.300220127588036,4,1.22174355751478,11.0871778754489,0.6605928788379,1.04712514571545,0.131297263017997,0.0584257286414863,0.00600797332071976,10.4759073842582
"ATPS",0.00798260869565218,0.180439045179764,0.295269803565449,0.289947437793946,4,1.22096100260102,11.0480501304765,0.658780161543246,1.03153363746234,0.130801742409755,0.0563478469663042,0.00572706270951487,10.4513461766252
"ATPS",0.00768695652173913,0.173756117580513,0.284806691894054,0.279672928230694,4,1.22015227693324,11.0076138495876,0.656873551385776,1.01602473522617,0.130292407306799,0.0542915206454791,0.00545326930015189,10.4253368592167
"ATPS",0.00709565217391304,0.160390262382012,0.263735065258256,0.258981126768353,4,1.21847707109241,10.9238535535883,0.652836309648959,0.985097773403085,0.129237239013273,0.0502149617466278,0.00492242485369457,10.3702214784918
"ATPS",0.00694782608695652,0.157048798582387,0.258444541810505,0.253785967291356,4,1.21803108124932,10.9015540627696,0.651739628694572,0.977345161358493,0.128957658834209,0.0492036265118378,0.0047934225178344,10.3550479348245
"ATPS",0.00665217391304348,0.150365870983137,0.247836668431592,0.243369305412904,4,1.21714731515776,10.8573657828307,0.649545688502029,0.961953281902746,0.128404235231827,0.0471926444412167,0.00453952857833582,10.3250155079403
"ATPS",0.00650434782608696,0.147024407183511,0.242519429725664,0.238147912231799,4,1.21668949200348,10.8344746001741,0.648397756541099,0.954240810457016,0.128117707199748,0.0461916078964036,0.00441468127558456,10.3091863867275
"ATPS",0.00620869565217391,0.140341479584261,0.231858523497775,0.227679173444384,4,1.21577436877078,10.7887184386409,0.646080614257966,0.938876262481806,0.127542255024973,0.0441991770930656,0.0041691030453524,10.2774955603086
"ATPS",0.00561739130434782,0.12697562438576,0.210432182797323,0.206639051791649,4,1.21381743248084,10.6908716245672,0.641018614112295,0.908045426726012,0.126322104622666,0.0402470303115893,0.00369438873295861,10.207624500626
"ATPS",0.0054695652173913,0.123634160586134,0.205054037929491,0.201357850308522,4,1.21330684644591,10.6653423223447,0.639676043119672,0.900324996654492,0.126004831354095,0.0392654417280105,0.00357903289972669,10.1890591072981
"ATPS",0.00517391304347826,0.116951232986884,0.194272107377712,0.19077026871294,4,1.21226535641299,10.6132678191646,0.636913035614998,0.884868493493846,0.125355958366437,0.0373101111953235,0.0033520693920388,10.150888920074
"ATPS",0.00502608695652174,0.113609769187259,0.188868380285402,0.185463946135983,4,1.21173239453751,10.586619728345,0.635487507243447,0.877121484492544,0.125023135741023,0.0363351479486562,0.00324054194888152,10.1311878259559
"ATPS",0.00443478260869565,0.100243913988758,0.167150608507138,0.164137646576518,4,1.20949460322653,10.4747301614983,0.629397543451309,0.845977269473832,0.123632614683465,0.0324536151757772,0.0028066949027254,10.0470359581641
"ATPS",0.00428695652173913,0.0969024501891325,0.161723164731775,0.158808034819966,4,1.20891787211406,10.4458936029011,0.627804596867344,0.838197347990136,0.123273602092039,0.0314922700556865,0.00270170348513882,10.0250948000532
"ATPS",0.00413913043478261,0.0935609863895072,0.156268935759225,0.153452120680978,4,1.20831905498666,10.4159527453677,0.626140539517916,0.830339459204016,0.122902099257202,0.030528062434157,0.00259758552046897,10.002083686981
"ATPS",0.00399130434782609,0.090219522589882,0.150806393608295,0.148088043212242,4,1.20771608056263,10.3858040186954,0.624454402222498,0.822474353166663,0.122526679500403,0.0295653152663125,0.00249436564350978,9.97886536832036
"ATPS",0.00384347826086957,0.0868780587902567,0.145335470967949,0.142715736316032,4,1.20712508238735,10.3562541193494,0.622791419030331,0.814637237504125,0.122153868331325,0.0286046063836929,0.00239259552740713,9.95624521155839
"ATPS",0.0034,0.0768536673913809,0.128872738398546,0.12654975161341,4,1.20512594541982,10.2562972708385,0.617099249692141,0.790574823652799,0.120924053521991,0.0257210662408316,0.00209454037449002,9.87717315487472
"ATPS",0.00325217391304348,0.0735122035917557,0.123368495258458,0.121144724833861,4,1.20447065045847,10.2235325228362,0.615208855105775,0.782557310920723,0.120511728988401,0.0247617948190735,0.0019971349355188,9.85139595085556
"ATPS",0.0020695652173913,0.0467804931947535,0.0790325561673735,0.0776079601988717,4,1.19853001263922,9.92650063187383,0.5975090248301,0.716166462932481,0.116806094158912,0.0170362404011686,0.00125667428032531,9.61121554289475
"ATPS",0,0,3.44552977015842e-05,3.38342260751616e-05,4,1.24030008079391,12.0150040410855,0.635061393373193,1.91269271265817,0.211794168256735,0.0127823234813602,0.138826706923118,10.5728859553149
"ATPS",0.0442,0.999097676087952,1.01835604675472,0.999999739062559,4,1.24549995717054,12.2749978563754,0.587365262243777,3.62341852460227,0.138791845673027,0.40467546218414,0.118049527233049,9.03812193141026
"ATPS",0.0462,1.04430571572994,1.01782290264907,0.999476205109743,4,1.24569842148542,12.2849210875101,0.586085155290598,3.6536338396123,0.137146687427644,0.409063836519312,0.120598411884463,9.01687703317199
"ATPS",0.0482,1.08951375537193,1.01658602942418,0.998261627059086,4,1.24584438112655,12.2922190553957,0.585667115980855,3.66760988886471,0.136019992623446,0.411323753001555,0.121892712011903,9.00983613741923
"ATPS",0.0502,1.13472179501392,1.01500504318267,0.996709138777594,4,1.24594717438129,12.2973587209853,0.585562999819194,3.67446527170757,0.135252232231778,0.412570637434381,0.122592655387034,9.00798740094358
"ATPS",0.0522,1.17992983465591,1.01323937407075,0.994975296614225,4,1.24602130344111,12.3010651805182,0.585569403653814,3.67813094491955,0.134709401261455,0.413323328454662,0.123006212472117,9.00798489447149
"ATPS",0.0542,1.2251378742979,1.0113660107949,0.993135701520743,4,1.24607542348172,12.3037711810708,0.585609513160095,3.68025840591396,0.13430985482777,0.413814709142001,0.123271526274354,9.00855342377833
"ATPS",0.0562,1.27034591393988,1.00942491654799,0.991229596336226,4,1.24611844612201,12.305922308088,0.585667102658119,3.68154076306343,0.134005021827264,0.414153268082962,0.123449837613493,9.00943223564791
"ATPS",0.0582,1.31555395358187,1.00743865384165,0.989279136873273,4,1.2461514455286,12.3075722751035,0.585721522468739,3.68237094908344,0.133765363202187,0.414399570654686,0.123578039989121,9.01026518067279
"ATPS",0.0602,1.36076199322386,1.00542083471658,0.98729768980967,4,1.24617735882108,12.3088678830996,0.585769067407512,3.68294740458783,0.133572229003529,0.414587951418217,0.123675022471994,9.01099742936518
"ATPS",0.0622,1.40597003286585,1.00338014071859,0.985293780202612,4,1.24620313910414,12.3101570436145,0.585832791680946,3.68325078650315,0.133413612469293,0.41472578598635,0.123741694995097,9.01201052994831
"ATPS",0.0642,1.45117807250784,1.00132233808437,0.983273070349882,4,1.24622576930884,12.3112884423373,0.585889814403913,3.68348006052613,0.133280515460422,0.414839858143521,0.123795149633867,9.01294016809161
"ATPS",0.0662,1.49638611214983,0.999251410414632,0.981239472046073,4,1.24623444542975,12.3117222788898,0.585902732047762,3.68376227105319,0.133168453749334,0.41494036309069,0.123849859211456,9.01308594244977
"ATPS",0.0682,1.54159415179182,0.997170207841953,0.979195784048886,4,1.24624767089984,12.3123835624121,0.585934185196106,3.68393161053892,0.1330715071539,0.41502199019437,0.123890473594623,9.01359049629329
"ATPS",0.0702,1.58680219143381,0.995080801279639,0.977144039942523,4,1.24626034902997,12.3130174515171,0.585968042407874,3.68403775950328,0.132987248844876,0.415088513756375,0.123922648898681,9.01413365832052
"ATPS",0.0722,1.63201023107579,0.992984750361702,0.975085771247916,4,1.24626965605542,12.3134827843254,0.585992305447671,3.68413464433882,0.132912297694711,0.415148053817463,0.123951051782358,9.01451243446063
"ATPS",0.0742,1.67721827071778,0.990883240276836,0.973022141790222,4,1.24628148012745,12.3140739939585,0.586034879908668,3.68407854650577,0.132848653153119,0.415183546949496,0.1239660103963,9.01517887918731
"ATPS",0.0762,1.72242631035977,0.988777179994935,0.97095404415476,4,1.24629818053171,12.314909110089,0.5860963536006,3.68393777829175,0.132789159809499,0.415210709977816,0.123970583979052,9.01619303092759
"ATPS",0.0782,1.76763435000176,0.986667290904081,0.968882186726282,4,1.24631892620763,12.3159463128838,0.586176459782958,3.68370292146503,0.132737707337082,0.415224989144715,0.123964704952387,9.01751486675493
"ATPS",0.0802,1.81284238964375,0.984554138447065,0.966807124755226,4,1.24634302799063,12.31715139941,0.586272313825756,3.68336646060144,0.132692218694659,0.41522504946695,0.12394986391343,9.01911725599202
"ATPS",0.0822,1.85805042928574,0.982438179857708,0.964729307233577,4,1.2463716849053,12.3185839075515,0.586381367195264,3.68300862921081,0.132651007200168,0.415227531404561,0.123925184110732,9.0209814467967
"ATPS",0.0842,1.90325846892773,0.980319750681922,0.962649063658887,4,1.24640635555855,12.3203179620458,0.586519375942293,3.68250502223284,0.132611647799997,0.415205240145945,0.123898853500325,9.02331471499561
"ATPS",0.0862,1.94846650856972,0.978199189115437,0.960566726130761,4,1.24644461127893,12.3222305212731,0.586659571390585,3.68205798074075,0.132572815493984,0.415196368470201,0.123870394164975,9.02578120880231
"ATPS",0.0882,1.99367454821171,0.976076381820447,0.958482183354357,4,1.24651409819067,12.3257049160771,0.586934760532804,3.68097487403579,0.132551276802588,0.415125145358851,0.123776449550857,9.03052533327025
"ATPS",0.0902,2.03888258785369,0.973952298020149,0.956396387082205,4,1.24654182777384,12.3270913819129,0.587039056034643,3.68065066158093,0.132509353653449,0.415122821448991,0.123764860887932,9.03232352906376
"ATPS",0.0922,2.08409062749568,0.971827727294028,0.954310112661277,4,1.24650074414758,12.3250372131462,0.586850158422536,3.68164410210116,0.132477489398589,0.41523562924738,0.123855436776023,9.02914790886135
"ATPS",0.0962,2.17450670677966,0.967573663800935,0.950132730500485,4,1.24651154872915,12.3255773377173,0.586932485958054,3.68108567616843,0.132431959085049,0.415202023753315,0.123828208095117,9.03027701864512
"ATPS",0.0982,2.21971474642165,0.965445428706683,0.948042857763245,4,1.24648162601416,12.3240813367395,0.586817583301613,3.68155418853271,0.132397871628277,0.415268909829565,0.12387912107975,9.02823518403969
"ATPS",0.1002,2.26492278606364,0.96331551260716,0.94595133432158,4,1.24652908616473,12.3264542899259,0.587016684698584,3.68063001298095,0.13239739364558,0.4151846557441,0.123794364931246,9.0316508078537
"ATPS",0.1022,2.31013082570563,0.961185424113546,0.943859641593303,4,1.24653377253437,12.3266885687074,0.586903804544982,3.68211811601751,0.132357229664051,0.41537783121999,0.123919137940264,9.0303919596401
"ATPS",0.1062,2.4005469049896,0.956921658796999,0.939672732488616,4,1.24662740046117,12.331370330826,0.587190385569049,3.68169824525668,0.132312765083687,0.41540820668301,0.123879091464645,9.03574704605808
"ATPS",0.1122,2.53617102391557,0.950523013222098,0.93338942526454,4,1.24663792203684,12.3318960803369,0.587074300993384,3.6832559719595,0.132291541490534,0.415588389068242,0.124004274524248,9.03467009011991
"ATPS",0.1142,2.58137906355756,0.948389669210727,0.931294535700619,4,1.24662048777014,12.3310243266366,0.587141527539256,3.68212812296408,0.132239317168478,0.41548607545765,0.123949400874205,9.03495124394533
"ATPS",0.1162,2.62658710319955,0.946253870619658,0.929197235801861,4,1.24669456905879,12.3347284883352,0.587202012228377,3.68356508649074,0.132248179869851,0.415737524439166,0.123968559000177,9.03734452726253
"ATPS",0.1182,2.67179514284154,0.944119472839061,0.92710131146336,4,1.24670541453993,12.3352709662226,0.587422538240221,3.6814427152379,0.132200312229061,0.415476931182999,0.123877820906308,9.04012799206677
"ATPS",0.1242,2.8074192617675,0.937712389114821,0.920809718191233,4,1.24676856029475,12.3384275214714,0.587697677883081,3.68030378700425,0.132165222710633,0.415383392667464,0.123816439581539,9.04461024422599
"ATPS",0.1302,2.94304338069347,0.931288713539968,0.914501832143768,4,1.24720718664768,12.3603595575784,0.589494042514153,3.67253742040332,0.132118942853764,0.41475356307647,0.123136057818694,9.07563110002854
"ATPS",0.1602,3.6211639753233,0.897850118699841,0.881665982421751,4,1.25357820437161,12.6789102433675,0.613818504015552,3.58068763149044,0.131824097439948,0.407365768087708,0.115357398935173,9.50468507270519
"ATPS",0.1702,3.84720417353325,0.886928026364679,0.870940765519484,4,1.2540926647043,12.7046333489519,0.616698273388582,3.56287918946262,0.132017407690716,0.405423160250109,0.113851889436556,9.54972818426891
"AAS",0.1909,1.00025263170433,1.01835622105693,0.999999910222901,4,1.24552187408659,12.2760937043206,0.587398854314395,3.62450640290363,0.138765890611871,0.404815140656822,0.118128052797334,9.03812936949252
"AAS",0.190261538461538,0.996907305176888,1.01834256502694,0.999986500348753,4,1.24528617456635,12.2643087463182,0.586427491472464,3.62114466124349,0.138611528272165,0.404506281033028,0.117985787010122,9.02933753315626
"AAS",0.189623076923077,0.993561978649449,1.01829617015182,0.999940941761296,4,1.24504465024744,12.252232506688,0.585439257023253,3.61768312128309,0.138453658942409,0.404187855094047,0.117838665588807,9.02034558948536
"AAS",0.188984615384615,0.99021665212201,1.01821627797424,0.999862489674732,4,1.24479753374413,12.2398766752964,0.584435482395669,3.61412573952574,0.138292460619088,0.40386022652097,0.117686865787831,9.01116161272151
"AAS",0.188346153846154,0.98687132559457,1.01810213464437,0.999750403827699,4,1.24454467368369,12.2272336904117,0.583415974718289,3.61047109763301,0.138127859353797,0.403523246058211,0.117530339022998,9.00177918832674
"AAS",0.187707692307692,0.983525999067131,1.01795298893352,0.999603946532714,4,1.2442859454136,12.2142972650588,0.58238066478489,3.60671725047871,0.137959788908546,0.403176728242012,0.117368989505009,8.99219377037501
"AAS",0.187069230769231,0.980180672539692,1.01776809153265,0.999422381987372,4,1.24402122022703,12.2010610353171,0.58132951533454,3.60286199890037,0.137788178344909,0.402820419139138,0.117202736308502,8.9824010059329
"AAS",0.186430769230769,0.976835346012253,1.01754670020382,0.99920498133289,4,1.2437503668081,12.1875183406914,0.580262272861672,3.59890525862258,0.137612975175406,0.402454344315464,0.117031599582322,8.97239403593472
"AAS",0.185792307692308,0.973490019484814,1.01728807709134,0.998951020013749,4,1.24347324068947,12.1736620344175,0.579178947910372,3.59484425758292,0.137434112771887,0.402078192161365,0.116855442341244,8.96216826739327
"AAS",0.185153846153846,0.970144692957374,1.01699149462705,0.998659783576503,4,1.24318976129883,12.1594880524358,0.578079527820983,3.59067795638747,0.137251522225561,0.401691885283625,0.116674233027133,8.95172056298094
"AAS",0.184515384615385,0.966799366429935,1.0166562339247,0.998330566093154,4,1.24289975395356,12.1449876944814,0.576963826715159,3.58640506950936,0.137065152026034,0.401295267395419,0.116487939250921,8.94104315711656
"AAS",0.183876923076923,0.963454039902496,1.01628159041047,0.997962675690117,4,1.24260308462613,12.1301542315757,0.5758317538792,3.58202440552166,0.136874934784925,0.40088821125176,0.116296522705741,8.93013027414388
"AAS",0.183238461538462,0.960108713375057,1.01586687127589,0.997555432047106,4,1.24229968608434,12.1149843043951,0.574683435798094,3.5775341927095,0.136680820665285,0.400470548022148,0.116099895636471,8.91898024997289
"AAS",0.1826,0.956763386847617,1.01541140046235,0.997108171291754,4,1.24198940386336,12.099470193164,0.573518707525088,3.57293375518509,0.136482755209947,0.400042190560172,0.115898065446886,8.90758572489016
"AAS",0.181961538461538,0.953418060320178,1.01491452079799,0.996620248098003,4,1.24167218390223,12.0836091861591,0.572337778253922,3.56822108857578,0.136280690059015,0.39960294456766,0.115690919456859,8.8959459545607
"AAS",0.181323076923077,0.950072733792739,1.01437559392092,0.996091035610726,4,1.24134783726804,12.067391858872,0.571140341821847,3.563396383388,0.13607457708523,0.399152800149791,0.115478529563015,8.88405089961102
"AAS",0.180684615384615,0.9467274072653,1.01379400191939,0.995519927056278,4,1.24101632503282,12.0508162327679,0.569926638925501,3.55845785465307,0.135864373059029,0.398691584468771,0.115260799271298,8.87190034976893
"AAS",0.180046153846154,0.94338208073786,1.01316915370817,0.994906342004008,4,1.24067752904634,12.0338764407682,0.568696643751122,3.5534047705251,0.13565003446468,0.398219207412172,0.115037716284668,8.85948893988336
"AAS",0.179407692307692,0.940036754210421,1.01250047676512,0.994249718251746,4,1.24033136671978,12.0165683349523,0.567450413877396,3.548236366558,0.135431524954398,0.397735583935198,0.114809262102174,8.84681313582223
"AAS",0.178769230769231,0.936691427682982,1.01178743540542,0.993549529770595,4,1.23997775150454,11.9988875758281,0.566188005530779,3.54295204515617,0.135208815086627,0.397240641229028,0.114575429276248,8.8338690212198
"AAS",0.178130769230769,0.933346101155543,1.01102951614926,0.992805272336462,4,1.23961660476771,11.9808302391895,0.564909513148641,3.5375510130213,0.134981868006261,0.39673428686103,0.114336190776002,8.82065332638298
"AAS",0.177492307692308,0.930000774628104,1.01022623759479,0.992016473224969,4,1.23924788448511,11.9623942160439,0.563615057418938,3.53203322799242,0.134750673578421,0.396216511037544,0.114091570537045,8.80716389048002
"AAS",0.176853846153846,0.926655448100664,1.00937715128025,0.991182692058074,4,1.23887149052506,11.9435745275664,0.562304717242414,3.52639772740697,0.134515193188809,0.395687192272782,0.113841527892087,8.79339651072543
"AAS",0.176215384615385,0.923310121573225,1.00848183969913,0.990303518854994,4,1.23848741652181,11.924370826265,0.560978693955102,3.52064466320351,0.134275428936346,0.395146346065577,0.11358608743155,8.779350664718
"AAS",0.175576923076923,0.919964795045786,1.00753992514635,0.989378582718959,4,1.23809558963339,11.9047794958695,0.559637069088981,3.51477392335958,0.13403135780516,0.394593935293631,0.113325275991978,8.76502269470714
"AAS",0.174938461538462,0.916619468518347,1.00655106224025,0.988407544493948,4,1.23769597657289,11.8847988142737,0.558279988029585,3.50878568546125,0.133782980752858,0.394029971425439,0.113059108248899,8.75041060988129
"AAS",0.1743,0.913274141990908,1.00551494257708,0.98739010133533,4,1.23728856772694,11.8644283910447,0.556907721201799,3.50267955968105,0.133530293075074,0.393454394002301,0.112787574192436,8.73551440177128
"AAS",0.173661538461538,0.909928815463468,1.00443130021931,0.986325992099212,4,1.23687336509712,11.8436682471111,0.555520522688413,3.49645564707922,0.133273301500896,0.392867206308055,0.11251068439953,8.72033398663896
"AAS",0.173023076923077,0.906583488936029,1.00329990629167,0.985214992035897,4,1.23645029196626,11.8225145926756,0.554118331425831,3.49011539815036,0.133012015053665,0.392268525406221,0.112228555253113,8.70486388937039
"AAS",0.172384615384615,0.90323816240859,1.00212056551543,0.98405690938665,4,1.23601942174326,11.800971089485,0.552701650567622,3.48365818517732,0.132746446173996,0.39165828408135,0.111941137874867,8.68910858806839
"AAS",0.171746153846154,0.899892835881151,1.000893137224,0.982851606020442,4,1.23558077416393,11.7790387117912,0.551270756428185,3.4770845160032,0.13247661256087,0.391036514947215,0.111648467199539,8.67306856201835
"AAS",0.171107692307692,0.896547509353711,0.99961750633053,0.981598968924927,4,1.23513428381279,11.7567141839945,0.549825554834244,3.47039647407079,0.13220254346111,0.390403401753649,0.111350689224426,8.65673821674146
"AAS",0.170469230769231,0.893202182826272,0.998293609520856,0.980298935927196,4,1.23468007063141,11.7340035158934,0.548366671371491,3.46359352734644,0.131924264793116,0.389758885628415,0.111047751950887,8.64012437836255
"AAS",0.169830769230769,0.889856856298833,0.996921418201,0.978951478948694,4,1.23421814507987,11.7109072532298,0.546894270335526,3.45667709069376,0.131641811969079,0.389103089405049,0.11073973987519,8.62322613531678
"AAS",0.169192307692308,0.886511529771394,0.995500949704809,0.977556615010817,4,1.2337485634987,11.687428169658,0.545408662865792,3.4496482553132,0.131355227195598,0.388436095222863,0.110426726251593,8.60604524357337
"AAS",0.168553846153846,0.883166203243954,0.994032256006244,0.976114395150672,4,1.233271383802,11.6635691772556,0.543910156339026,3.44250816229661,0.131064551096596,0.387758012235183,0.110108760687401,8.58858354704756
"AAS",0.167915384615385,0.879820876716515,0.992515435867109,0.97462491634984,4,1.23278667087634,11.6393335467477,0.542399077734119,3.43525795967718,0.130769830165139,0.387068933252343,0.109785905744371,8.57084326209748
"AAS",0.167276923076923,0.876475550189076,0.990950618687433,0.973088305675859,4,1.23229451313836,11.6147256492,0.540875734277849,3.42789958807805,0.130471128574723,0.38636904622946,0.109458262827638,8.55282692801749
"AAS",0.166638461538462,0.873130223661637,0.989337978158258,0.971504733688914,4,1.23179499286869,11.5897496432302,0.539340503638733,3.42043404847379,0.130168489777033,0.385658414852505,0.10912589953641,8.53453783915531
"AAS",0.166,0.869784897134198,0.987677731180542,0.96987441338023,4,1.23128820395294,11.5644101978313,0.537793721808933,3.41286306390982,0.129861995265737,0.384937201605947,0.108788871623206,8.51597905537248
"AAS",0.165361538461538,0.866439570606758,0.985970123767399,0.968197586328428,4,1.23077425272691,11.5387126418198,0.53623575949299,3.40518833266146,0.129551693561255,0.384205563803356,0.108447285634369,8.49715438318986
"AAS",0.164723076923077,0.863094244079319,0.98421543312887,0.966474524746719,4,1.23025324644227,11.5126623112553,0.534666968706556,3.39741162978549,0.129237662345844,0.383463672160776,0.10810120697454,8.47806753119626
"AAS",0.164084615384615,0.85974891755188,0.982413983069592,0.96470554660302,4,1.22972530710906,11.4862653599913,0.533087734787075,3.38953488579714,0.128919971232646,0.382711685031982,0.107750756024111,8.45872291359123
"AAS",0.163446153846154,0.856403591024441,0.980566124756978,0.962890996734802,4,1.22919056028558,11.4595280024118,0.531498433432201,3.38156006668131,0.128598696765226,0.381949784787778,0.107396027120912,8.43912496640737
"AAS",0.162807692307692,0.853058264497002,0.978672237825281,0.961031247933244,4,1.22864913432132,11.4324567065742,0.529899450985143,3.37348906092353,0.128273924112339,0.381178151694625,0.10703708963908,8.41927846134539
"AAS",0.162169230769231,0.849712937969562,0.976732735542301,0.959126706016817,4,1.22810116759575,11.4050583701111,0.528291169181267,3.36532405011863,0.127945734684434,0.380396987255003,0.106674051476089,8.39918832709652
"AAS",0.161530769230769,0.846367611442123,0.974748058539443,0.957177803674354,4,1.22754680224908,11.3773400998773,0.526673984472786,3.35706707756693,0.127614214566126,0.379606490538429,0.106306996539984,8.37885984640634
"AAS",0.160892307692308,0.843022284914684,0.972718673160806,0.955184998843901,4,1.22698618849944,11.3493094185921,0.525048282277538,3.34872052957858,0.12727944183566,0.378806852616695,0.105936087460516,8.35829839556707
"AAS",0.160253846153846,0.839676958387245,0.97064507420346,0.953148777403596,4,1.22641952503632,11.3209762495401,0.523414661145832,3.34028569262234,0.126941520309436,0.377998221562135,0.105561305403275,8.33751297401994
"AAS",0.159615384615385,0.836331631859805,0.968527776066863,0.951069644480625,4,1.22584681965351,11.2923409817771,0.521772907165397,3.33176724408424,0.126600531692709,0.377181030264621,0.105182958145456,8.31649911965592
"AAS",0.158976923076923,0.832986305332366,0.966367317311051,0.948948128927245,4,1.22526838204794,11.2634190963765,0.5201240197938,3.32316517858767,0.126256574240204,0.376355273111965,0.104800972613814,8.29527299342085
"AAS",0.158338461538462,0.829640978804927,0.964164253064003,0.946784775865017,4,1.22468432603564,11.2342162945736,0.518468190791183,3.31448262839655,0.125909739668573,0.375521242002282,0.104415522315856,8.27383728291894
"AAS",0.1577,0.826295652277488,0.961919161597403,0.944580153142025,4,1.22409481447166,11.2047407237321,0.516805807071024,3.30572191616541,0.125560127842335,0.374679159404344,0.10402670254671,8.25219806349124
"AAS",0.157061538461538,0.822950325750049,0.959632631773217,0.942334839005745,4,1.22350001868068,11.1750009299975,0.515137256148668,3.29688553526615,0.125207836912059,0.373829263430055,0.103634626627301,8.23036165846831
"AAS",0.156423076923077,0.819604999222609,0.957305267420568,0.940049426401019,4,1.22290010557017,11.1450052821942,0.513462921734537,3.28797582073441,0.124852957441949,0.372971765957033,0.103239413514571,8.20833437285175
"AAS",0.155784615384615,0.81625967269517,0.954937692450261,0.937724527992389,4,1.22229524487073,11.1147622349854,0.511783174969061,3.27899525178375,0.124495589028912,0.372106910200767,0.102841164873991,8.18612244523541
"AAS",0.155146153846154,0.812914346167731,0.952530537117417,0.935360762674357,4,1.22168561078626,11.0842805330325,0.510098406037967,3.26994617636061,0.124135828478074,0.371234915591633,0.10243998915123,8.16373255636589
"AAS",0.154507692307692,0.809569019640292,0.950084441182811,0.932958758675733,4,1.22107137233291,11.0535686171502,0.508408970771282,3.26083106898587,0.123773775537422,0.370356021825232,0.102035992211257,8.1411709352689
"AAS",0.153869230769231,0.806223693112852,0.947600054081983,0.930519153725701,4,1.2204527039989,11.0226352086727,0.506715243564862,3.25165229990259,0.123409526846909,0.369470445246443,0.101629289384893,8.1184442146596
"AAS",0.153230769230769,0.802878366585413,0.945078021574951,0.928042581944175,4,1.21982977526342,10.9914887637235,0.505017568988759,3.24241231539886,0.123043179410181,0.368578423345985,0.101219986826969,8.09555867274824
"AAS",0.152592307692308,0.799533040057974,0.942519016613614,0.925529704152805,4,1.21920274733813,10.9601373669104,0.503316286469739,3.23311333853391,0.122674828192836,0.367680159155021,0.100808185436043,8.07252042619928
"AAS",0.151953846153846,0.796187713530535,0.939923700376387,0.922981169611981,4,1.21857182133465,10.928591067232,0.501611795959392,3.223758175259,0.122304572765037,0.366775944212286,0.100394006677544,8.04933705164179
"AAS",0.151315384615385,0.792842387003096,0.937292736724044,0.920397630216098,4,1.21793713404109,10.8968567075471,0.499904372593471,3.2143487517065,0.121932503638045,0.365865937991414,0.0999775418834878,8.02601367304758
"AAS",0.150676923076923,0.789497060475656,0.934626789742522,0.917779738080658,4,1.21729889962857,10.8649449782472,0.498194511558864,3.20488697528738,0.121558716070501,0.364950340658881,0.0995588467470125,8.00255946443296
"AAS",0.150038461538462,0.786151733948217,0.931926535370236,0.915128156959994,4,1.21665721139252,10.8328605667751,0.496482241788177,3.19537626416675,0.121183303458523,0.364029451354388,0.0991381364033662,7.97897575714089
"AAS",0.1494,0.782806407420778,0.9291926396671,0.912443540908003,4,1.21601226764646,10.8006133785006,0.494768024806509,3.18581825700969,0.120806351525267,0.363103460788864,0.0987154341359093,7.95527118570742
"AAS",0.148761538461538,0.779461080893339,0.926425764265136,0.909726539630502,4,1.21536423243004,10.7682116184886,0.493052167960022,3.17621524162074,0.120427961600131,0.3621725646872,0.0982908584937773,7.93145192059508
"AAS",0.148123076923077,0.776115754365899,0.923626576782426,0.906977808711471,4,1.2147132605002,10.7356630271294,0.491334961316311,3.16656939679196,0.120048193483824,0.36123699163937,0.097864511099371,7.90752379821035
"AAS",0.147484615384615,0.77277042783846,0.920795726311536,0.904197985543301,4,1.21405951195981,10.702975596668,0.489616700738691,3.15688283407224,0.119667179295229,0.360296913138513,0.0974364708206054,7.88349291567993
"AAS",0.146846153846154,0.769425101311021,0.917933876170094,0.901387721487033,4,1.21340313745769,10.6701568722391,0.487897660892731,3.147157718665,0.119284967000435,0.359352567846577,0.0970068455318373,7.85936493006457
"AAS",0.146207692307692,0.766079774783582,0.915041668850497,0.898547647453861,4,1.21274428521191,10.6372142598612,0.486178104590185,3.13739610941996,0.118901652243469,0.35840413931417,0.0965757236188236,7.83514541441755
"AAS",0.145569230769231,0.762734448256143,0.912119749611681,0.89567839707165,4,1.21208310273879,10.6041551381012,0.484458295799159,3.12760003444389,0.118517314347282,0.357451829860997,0.0961431907795596,7.81083995948933
"AAS",0.144930769230769,0.759389121728703,0.909168745781563,0.89278058636046,4,1.21141973602454,10.5709868009167,0.482738501168143,3.11777135614755,0.118132029393962,0.356495806263429,0.095709342926701,7.78645423858982
"AAS",0.144292307692308,0.756043795201264,0.906189297301249,0.889854843726183,4,1.21075432484072,10.5377162388148,0.481018941823008,3.1079123186544,0.117745882687565,0.355536296078141,0.0952742701638452,7.76199321058217
"AAS",0.143653846153846,0.752698468673825,0.903182012133101,0.886901766172396,4,1.21008700283948,10.5043501398397,0.479299865262498,3.09802448783013,0.117358941612565,0.354573448245996,0.0948380404413629,7.73746222476503
"AAS",0.143015384615385,0.749353142146386,0.900147510726974,0.883921962965077,4,1.20941790649938,10.4708953265878,0.477581489689167,3.08810995327256,0.116971284714173,0.353607460946511,0.0944007541257103,7.71286622743345
"AAS",0.142376923076923,0.746007815618946,0.89708638565877,0.880916015998692,4,1.20874717380188,10.4373586961111,0.475864027023255,3.07817089142096,0.116582992404733,0.352638544786758,0.0939625141234778,7.68821015199283
"AAS",0.141738461538462,0.742662489091507,0.89399924521354,0.877884522593692,4,1.2080749120556,10.4037455995792,0.474147710921814,3.06820795519774,0.116194108573007,0.351666765351131,0.0935233344774122,7.66349890292067
"AAS",0.1411,0.739317162564068,0.890886661048235,0.874828044102663,4,1.20740130218352,10.3700650782117,0.472432923387212,3.05822267366825,0.115804720085168,0.350692276290406,0.0930832409987869,7.63874031602482
"AAS",0.140461538461538,0.735971836036629,0.887749213430149,0.871747150333331,4,1.20672635117268,10.3363175715293,0.470719459841322,3.04821764847594,0.115414870517178,0.349715278800891,0.092642457817949,7.61393215123566
"AAS",0.139823076923077,0.73262650950919,0.884587460535301,0.86864238940035,4,1.20605027580687,10.3025137880386,0.46900774043871,3.03819528139838,0.115024657398466,0.348736076479769,0.0922010293237555,7.58908309404437
"AAS",0.139184615384615,0.72928118298175,0.881401962270903,0.865514311118364,4,1.20537316470867,10.2686582278204,0.467297985553912,3.02815560742162,0.114634116755755,0.347754659117966,0.0917589411535826,7.5641977969508
"AAS",0.138546153846154,0.725935856454311,0.878193261188581,0.862363448259271,4,1.20469505973416,10.2347529619382,0.465590104728234,3.01810090571651,0.114243305816269,0.346771198902779,0.0913163496761197,7.53927604154636
"AAS",0.137907692307692,0.722590529926872,0.874961894336157,0.859190328190375,4,1.20401616622093,10.2008083096536,0.463884600898059,3.00803211826928,0.113852297583983,0.345785830639378,0.0908732440551733,7.51432762627741
"AAS",0.137269230769231,0.719245203399433,0.871708372231599,0.855995452227336,4,1.20333651571021,10.1668257607164,0.46218137884341,2.99795109038512,0.113461137535301,0.344798717176979,0.0904297334543836,7.48935218653415
"AAS",0.136630769230769,0.715899876871993,0.86843322111571,0.852779337125239,4,1.20265623603842,10.1328118011749,0.460480694740228,2.98785897987834,0.113069875149203,0.343809965334229,0.0899858696134984,7.46435527423463
"AAS",0.135992307692308,0.712554550344554,0.865136936614381,0.849542469576105,4,1.2019753602316,10.0987680137371,0.458782441950392,2.97775789289375,0.112678567525929,0.342819796617186,0.0895417682168207,7.43933636476377
"AAS",0.135353846153846,0.709209223817115,0.861820010551758,0.846285332538737,4,1.20129398735046,10.0646993670076,0.457086672676429,2.96765054975505,0.112287283098049,0.341828458815129,0.0890975776743088,7.41429781162111
"AAS",0.134715384615385,0.705863897289676,0.85848292998224,0.843008404288168,4,1.20061229537719,10.0306147681445,0.455394342802515,2.95753023858628,0.111896017725028,0.340835218095813,0.088652855273285,7.38925583683544
"AAS",0.134076923076923,0.702518570762237,0.855126149229905,0.839712130959087,4,1.19993064977193,9.99653248773959,0.453705916383955,2.9474053971451,0.111504871337746,0.33984115452715,0.0882079877314429,7.36422088316679
"AAS",0.133438461538462,0.699173244234797,0.851750138879231,0.836396974653486,4,1.19924817541443,9.96240877050412,0.452018251447563,2.93728214249512,0.111113825081542,0.338846598737051,0.0877636252450617,7.33914077851223
"AAS",0.1328,0.695827917707358,0.848355351855778,0.833063380132743,4,1.19856613166783,9.92830659781117,0.450336058337437,2.92714698032673,0.110723002385057,0.337850331144416,0.0873185842506305,7.31409532851312
"AAS",0.132161538461538,0.692482591179919,0.844942220755415,0.829711772195003,4,1.19788389563235,9.89419477733312,0.448656583904002,2.91701146219564,0.110332374452541,0.336853438172041,0.0868738120334873,7.28903999050497
"AAS",0.131523076923077,0.68913726465248,0.841508477507233,0.826339923652312,4,1.19720067113437,9.8600335568061,0.446977373716699,2.9068718450707,0.109941667474176,0.335855628719655,0.0864291527584631,7.26393713913989
"AAS",0.130884615384615,0.68579193812504,0.838062630814479,0.822956189834868,4,1.19651900697334,9.82595034897228,0.445305796257152,2.89674311452401,0.109551909612159,0.334858320716473,0.0859849844612406,7.23890416633332
"AAS",0.130246153846154,0.682446611597601,0.834597003271762,0.819553031725826,4,1.19583690537758,9.79184526885114,0.443636287442371,2.88660686184037,0.109162166496751,0.333859697752868,0.0855406589532922,7.2138559957173
"AAS",0.129607692307692,0.679101285070162,0.831114688675063,0.816133487354159,4,1.19515497746127,9.75774887306236,0.441970348588312,2.87647081635001,0.108772798618025,0.332860495031519,0.0850964821732858,7.18881641985133
"AAS",0.128969230769231,0.675755958542723,0.82761332994478,0.812695242127644,4,1.19447282541124,9.7236412713282,0.440306876147759,2.86632948228172,0.108383510186632,0.331860228994685,0.0846522594822026,7.16377047506111
"AAS",0.128330769230769,0.672410632015284,0.824101545305881,0.809246758924019,4,1.19379246226833,9.68962311317479,0.438651035293827,2.85620581492496,0.107995292876357,0.330861246279274,0.0842088511539165,7.13879936116767
"AAS",0.127692307692308,0.669065305487844,0.820571466918783,0.80578031172491,4,1.19311135715789,9.65556785780132,0.436995571675491,2.84608263920425,0.107607167378407,0.329861664165738,0.0837658815563649,7.11378876635581
"AAS",0.127053846153846,0.665719978960405,0.817023420753999,0.802296220625072,4,1.19243036482726,9.6215182413783,0.435343701690507,2.83595046922076,0.107219256735324,0.328860547549634,0.0833225456019729,7.08879317087768
"AAS",0.126415384615385,0.662374652432966,0.813466104764751,0.798803026793358,4,1.19175105274656,9.58755263720293,0.433698535952604,2.8258421769375,0.106832450698102,0.327861381957541,0.0828804137603315,7.06386029035873
"AAS",0.125776923076923,0.659029325905527,0.809891513449892,0.795292869031242,4,1.19107244876333,9.55362243589358,0.432059105790369,2.81571866355104,0.106445937745042,0.326859945475279,0.0824374665369152,7.03897991379801
"AAS",0.125138461538462,0.655683999378087,0.806302769695594,0.791768813933521,4,1.19039354020111,9.51967700747416,0.430419892327408,2.80561765293722,0.106059927317794,0.325860334847701,0.081996121944583,7.01406010492115
"AAS",0.1245,0.652338672850648,0.802700194260375,0.788231176476904,4,1.18971554917281,9.4857774565946,0.428786118118759,2.79551664463396,0.105674520570115,0.324860048869411,0.0815547787088751,6.98918792260609
"AAS",0.123861538461538,0.648993346323209,0.799084106359242,0.784680270122409,4,1.18903696257051,9.45184812529432,0.427151484840319,2.78543936086121,0.105289539117879,0.323861614275768,0.08111524099239,6.96425982851001
"AAS",0.123223076923077,0.64564801979577,0.79545481804478,0.781116401297737,4,1.18836016364895,9.41800818093425,0.425525216746501,2.7753568933756,0.104905305846677,0.322862042017823,0.0806751994215849,6.93943022458877
"AAS",0.122584615384615,0.642302693268331,0.791812638694973,0.777539873804202,4,1.18768480400141,9.38424022262291,0.423905838319908,2.76527445955503,0.104521840190154,0.321861753245943,0.0802350722037843,6.91467543503292
"AAS",0.121946153846154,0.638957366740891,0.788157838499603,0.773950952961298,4,1.18700979792707,9.3504898934967,0.422288852283691,2.75520860171067,0.104138962761937,0.320862683957568,0.0797960275201178,6.88992166675955
"AAS",0.121307692307692,0.635612040213452,0.784490734863827,0.770349950452816,4,1.1863348445022,9.31674223125116,0.420673391735578,2.74515791414493,0.103756591078409,0.319864582633017,0.0793581086037244,6.86515476141334
"AAS",0.120669230769231,0.632266713686013,0.780811577451505,0.766737111442317,4,1.18566013386129,9.2830066941968,0.41905977999852,2.73512529336057,0.103374909396601,0.318867601384696,0.0789215095660832,6.8403814361927
"AAS",0.120030769230769,0.628921387158574,0.777120652881747,0.76311271738248,4,1.18498802650973,9.24940132599457,0.41745707300133,2.72508364888113,0.102994136755041,0.31786908759189,0.0784839896377418,6.8157531948583
"AAS",0.119392307692308,0.625576060631134,0.773418229307588,0.759477031592763,4,1.18431597143723,9.21579857180038,0.415855527531518,2.71506037974772,0.102613936308657,0.316871867691759,0.0780477358616804,6.79110834350266
"AAS",0.118753846153846,0.622230734103695,0.769704561660734,0.755830304409619,4,1.18364533124159,9.18226656208709,0.414260029024289,2.70504460401172,0.102234555198323,0.315874718958838,0.0776119463719564,6.76652936058895
"AAS",0.118115384615385,0.618885407576256,0.765979899564576,0.75217278095687,4,1.18297544902526,9.14877245061059,0.412668220307927,2.6950406645456,0.10185588001367,0.314878106737116,0.0771769401863267,6.74197743527628
"AAS",0.117476923076923,0.615540081048817,0.762244489331775,0.748504703107285,4,1.18230569674408,9.11528483701904,0.411077249868792,2.68506158605894,0.101477849566199,0.31388359891273,0.0767435381398055,6.7174062817216
"AAS",0.116838461538462,0.612194754521378,0.758498568093682,0.744826303717819,4,1.18163696982173,9.08184849623086,0.409490831893396,2.67509247278845,0.101100588318716,0.312889379392511,0.0763107913067269,6.69287803709695
"AAS",0.1162,0.608849427993938,0.754742376345389,0.741137818948536,4,1.18096951309521,9.048475652064,0.40790953525777,2.66513558413161,0.100724148254894,0.311895831938684,0.0758787268292138,6.66840321954986
"AAS",0.115561538461538,0.605504101466499,0.750976126700312,0.737439457580404,4,1.18030387507416,9.01519376487681,0.40633566947361,2.65518111536816,0.100348538385019,0.310901899468031,0.0754466531324005,6.64402062697938
"AAS",0.114923076923077,0.60215877493906,0.74720003220277,0.733731428817525,4,1.17963929711358,8.9819648550334,0.40476654843315,2.64523351189975,0.0999737356634342,0.309907801340109,0.0750150741954566,6.6196859057786
"AAS",0.114284615384615,0.598813448411621,0.743414346850854,0.730013982079566,4,1.17897183972389,8.94859198499906,0.403186345110919,2.63534723865645,0.099599218423883,0.308919573850732,0.0745880292662676,6.59513705411283
"AAS",0.113646153846154,0.595468121884182,0.739619223935476,0.726287267894304,4,1.17830812612469,8.91540630586967,0.401620693546661,2.62544396008994,0.0992258146185298,0.307928895353983,0.0741593512923001,6.57080103810802
"AAS",0.113007692307692,0.592122795356742,0.735814910185593,0.7225515285433,4,1.17764874144017,8.88243707072478,0.400071845427876,2.61551652994679,0.0988537195915098,0.306934858276044,0.0737286066575139,6.54671579100828
"AAS",0.112369230769231,0.588777468829303,0.732001589074611,0.718806944192771,4,1.1769856779041,8.84928389526598,0.398510016928165,2.60563997335968,0.0984816932716562,0.305945145856964,0.0733020512621304,6.52238532440261
"AAS",0.111730769230769,0.585432142301864,0.728179462659104,0.715053713257136,4,1.17632665891402,8.81633293539944,0.39696133494244,2.59578041862486,0.0981108840343963,0.30495751752691,0.0728756976021472,6.49824859426275
"AAS",0.111092307692308,0.582086815774425,0.724348692692485,0.711291994574132,4,1.17566455253367,8.78322763051415,0.395401975028375,2.58596338862642,0.0977403589861345,0.303973214293245,0.0724528486386179,6.47390608428607
"AAS",0.110453846153846,0.578741489246985,0.720509498636284,0.707522003649399,4,1.17500985439061,8.75049272414815,0.393871015627747,2.57608898122117,0.0973714973770547,0.302981983163949,0.0720253622369163,6.45000957148632
"AAS",0.109815384615385,0.575396162719546,0.716662022831015,0.703743880257704,4,1.17435133578329,8.71756678806987,0.392325203185803,2.56628500166262,0.0970028009176522,0.301997638741669,0.0716030563756719,6.42584031825997
"AAS",0.109176923076923,0.572050836192107,0.712806466039616,0.699957821543144,4,1.17369292471137,8.68464623561928,0.390779765066966,2.55650473825522,0.0966346577103708,0.301015113656541,0.0711825031383367,6.40165192830751
"AAS",0.108538461538462,0.568705509664668,0.708942983637274,0.696163980080204,4,1.17304148573842,8.65207426214029,0.389261854306208,2.54665813342334,0.0962683167426737,0.300024028425394,0.0707570413186822,6.37789571358457
"AAS",0.1079,0.565360183137228,0.705071753713217,0.692362530747973,4,1.17238747226112,8.6193736528508,0.387731457557511,2.53690370123158,0.0959021216603346,0.29904350316019,0.0703373637429836,6.3539099527932
"AAS",0.107261538461538,0.562014856609789,0.7011929251324,0.688553619728054,4,1.17173437902799,8.58671892116513,0.386204892124151,2.52715695654378,0.0955368312486225,0.298062633786996,0.069918350353604,6.32996368014417
"AAS",0.106623076923077,0.55866953008235,0.697306652244069,0.68473739858748,4,1.17108197192819,8.55409859477296,0.384681417947769,2.5174180745505,0.0951721649937063,0.297081592261388,0.0695001352553179,6.30604490830776
"AAS",0.105984615384615,0.555324203554911,0.693413092103077,0.680914021550122,4,1.17043054284214,8.52152717626542,0.383161581879161,2.50769185801033,0.0948083449047407,0.296101042932586,0.0690827637595216,6.2821637599158
"AAS",0.105346153846154,0.551978877027472,0.689512404440358,0.677083645467695,4,1.1697799081083,8.48899540485098,0.38164569172389,2.49796435077351,0.0944452952915151,0.295119151042199,0.0686655437658334,6.25832486910381
"AAS",0.104707692307692,0.548633550500032,0.685604712619775,0.673246391480377,4,1.16913532967051,8.45676648470895,0.380151950190765,2.48820678666252,0.094083825349518,0.2941332878544,0.0682456394994551,6.23483312419105
"AAS",0.104069230769231,0.545288223972593,0.681690187946162,0.669402427805156,4,1.1684874642425,8.42437321029363,0.378644087538295,2.4785298175803,0.0937224668557388,0.293155983924928,0.0678313249299386,6.21108628280292
"AAS",0.103430769230769,0.541942897445154,0.677768927496059,0.665551849768726,4,1.16784353369426,8.39217666341726,0.377150264923551,2.46884525706471,0.0933624108227731,0.292177391774138,0.0674157804675696,6.18755253605701
"AAS",0.102792307692308,0.538597570917715,0.673841107589135,0.661694830512517,4,1.16719591437938,8.35979569742359,0.375644772204502,2.4591838904542,0.0930020556250979,0.291199508044268,0.0670033820155295,6.16380178048336
"AAS",0.102153846153846,0.535252244390276,0.669906826364024,0.657831466406175,4,1.16655297842918,8.32764892085716,0.374152041697505,2.44956911443767,0.0926436884283568,0.290227504462106,0.0665920768434952,6.14024728585504
"AAS",0.101515384615385,0.531906917862836,0.665966227587162,0.65396189862468,4,1.16590995350149,8.29549767542837,0.372662355144114,2.43992267230124,0.092285473788095,0.289249912896185,0.0661800202866246,6.11672044526558
"AAS",0.100876923076923,0.528561591335397,0.662019432149635,0.650086245880006,4,1.16526517175641,8.26325858521254,0.371166171740812,2.43031073474484,0.0919274872222132,0.288275174465544,0.0657707721354795,6.0930658317955
"AAS",0.100238461538462,0.525216264807958,0.658066561151911,0.646204627089733,4,1.16462381931482,8.23119095788017,0.36968067173414,2.42071660607657,0.0915709530066261,0.287302072396252,0.065361896374723,6.06957163667247
"AAS",0.0996,0.521870938280519,0.654107734399117,0.642317159899446,4,1.16397952911449,8.19897652438507,0.368179677178341,2.41123851629732,0.0912145363184697,0.28634295112843,0.064959865434976,6.0458044363796
"AAS",0.0989615384615385,0.518525611753079,0.650143059684866,0.638423950159736,4,1.16334293487091,8.16714673997776,0.366713040357842,2.40161746376098,0.0908597855871244,0.285364567777765,0.0645495545526475,6.02258586787944
"AAS",0.0983230769230769,0.51518028522564,0.646172657649959,0.634525116336798,4,1.16270315519172,8.13515776441252,0.365230842211919,2.39210054192337,0.0905053957151654,0.284398171647797,0.0641455385108729,5.99909322811488
"AAS",0.0976846153846154,0.511834958698201,0.642196635159938,0.630620763369878,4,1.16205965029582,8.10298251139307,0.363735708729262,2.38262136447969,0.0901507126817402,0.283434728896887,0.0637451348807786,5.97536678366564
"AAS",0.0970461538461539,0.508489632170762,0.638215101078579,0.626710998160435,4,1.16142639895688,8.0713199474211,0.362281697612628,2.37301676848204,0.0897981535047121,0.282455551093159,0.0633361041953917,5.9523049400876
"AAS",0.0964076923076923,0.505144305643322,0.634228163179844,0.622795926539759,4,1.16078831247434,8.03941561807308,0.360805941397648,2.36353155661508,0.0894455217220142,0.281489866569127,0.0629348842190356,5.92886713065651
"AAS",0.0957692307692308,0.501798979115883,0.63023590459234,0.618875630138027,4,1.16014919584224,8.00745979218082,0.359325710585957,2.35408208696962,0.0890930999721301,0.280527833557577,0.0625360847997544,5.90533860330711
"AAS",0.0951307692307692,0.498453652588444,0.626238438288035,0.614950219890839,4,1.15952005479344,7.97600267529131,0.357878790164985,2.34461303281953,0.0887435111167414,0.279563053011397,0.0621345764346447,5.88235080583489
"AAS",0.0944923076923077,0.495108326061005,0.622235872593719,0.611019802172349,4,1.158881385296,7.94406926514349,0.35640259714067,2.33515330239209,0.0883922769410611,0.278596871447051,0.0617363624007397,5.85885520011256
"AAS",0.0938538461538461,0.491762999533566,0.618225143181461,0.607081367890459,4,1.15824165820026,7.91208290963268,0.354921053708762,2.32573904367898,0.0880413271511549,0.277635558723664,0.0613410770416758,5.83525725394834
"AAS",0.0932153846153846,0.488417673006126,0.614215772247364,0.603144267599574,4,1.15762496923846,7.88124847563095,0.353518595532921,2.31622888997261,0.0876955277084246,0.276663597841931,0.0609360261226361,5.8129617058686
"AAS",0.0925769230769231,0.485072346478687,0.610195274930817,0.59919624148409,4,1.1569784799301,7.84892399552994,0.352011627839576,2.30691081086587,0.0873445856009182,0.275711640013256,0.0605479858142514,5.78891034370512
"AAS",0.0919384615384615,0.481727019951248,0.606176326789642,0.595249736619423,4,1.15636773160358,7.81838658016337,0.350634565291828,2.29732262430831,0.0870007199157215,0.274727219649271,0.0601391498673578,5.76700480280064
"AAS",0.0913,0.478381693423809,0.602149600662105,0.591295593969958,4,1.1557268194422,7.78634115142703,0.349142288770023,2.28807613441016,0.0866517357042129,0.273783496901869,0.0597543792167934,5.74317132124372
"AAS",0.0906615384615385,0.47503636689637,0.598118234854896,0.587336895273051,4,1.15511427600157,7.75571380138891,0.347758165315976,2.27853683183495,0.0863082892226129,0.272803598860198,0.0593488790216084,5.72112087562719
"AAS",0.0900230769230769,0.47169104036893,0.594082402709844,0.583373810745971,4,1.15446863174797,7.72343158719861,0.346254439955991,2.26926527759135,0.0859594200427556,0.271852725504889,0.0589654519402597,5.69706449100108
"AAS",0.0893846153846154,0.468345713841491,0.590042157831647,0.579406393027167,4,1.15383754875392,7.69187742459619,0.344796175565907,2.26000617224236,0.0856139362326522,0.270904917534546,0.0585794933702924,5.67375640855224
"AAS",0.0887461538461538,0.465000387314052,0.585997570505247,0.575434711134665,4,1.15323519173661,7.66175958276285,0.343455726740559,2.25032113007743,0.0852736536846729,0.269902650136867,0.0581665537891223,5.65238730929579
"AAS",0.0881076923076923,0.461655060786613,0.581948730458921,0.571458853179351,4,1.1526088437843,7.6304421664066,0.342016782102404,2.24101671632397,0.0849297004738918,0.26894713999717,0.0577783222410453,5.62937267749035
"AAS",0.0874692307692308,0.458309734259173,0.577895735471544,0.567478915177593,4,1.151976315713,7.59881579886177,0.340554152176366,2.23179297596287,0.0845853149528993,0.268000519353064,0.0573957374557865,5.60595154588346
"AAS",0.0868307692307692,0.454964407731734,0.573838544119875,0.563494856452823,4,1.15135340596578,7.56767031689668,0.339134990787715,2.22237184684788,0.0842426553173561,0.267026057829224,0.0570033880263004,5.58323583814343
"AAS",0.0861923076923077,0.451619081204295,0.569777329398713,0.559506846881532,4,1.15072928253527,7.53646412906613,0.337695975931459,2.21321302252045,0.0839008913697891,0.266088266413421,0.0566219288941465,5.56018703192315
"AAS",0.0855538461538462,0.448273754676856,0.565712176438376,0.555514970059529,4,1.15008080594397,7.5040402892775,0.33617739509525,2.20412109749951,0.0835545240525014,0.265153577137469,0.0562513194359784,5.5357958007823
"AAS",0.0849153846153846,0.444928428149417,0.561643074650684,0.551519215589491,4,1.14949896822414,7.47494841109794,0.334903387673408,2.19446913879914,0.0832222435739939,0.264150060659057,0.0558388359058854,5.51546226641845
"AAS",0.0842769230769231,0.441583101621977,0.55757013650405,0.547519693912538,4,1.14883779726409,7.44188984430389,0.333332394053191,2.18560036325386,0.0828735769143449,0.263242900719473,0.0554827240289728,5.49017868380862
"AAS",0.0836384615384615,0.438237775094538,0.553493438172284,0.543516479829414,4,1.14824985635627,7.41249281865765,0.332036638865625,2.1760139256893,0.0825398659776587,0.262246118549363,0.0550760617031942,5.46945932002757
"AAS",0.083,0.434892448567099,0.549413019604704,0.539509612569334,4,1.14762821328596,7.38141065399486,0.330616952984995,2.16673028099397,0.0822002172550279,0.26128440352024,0.0546925135767995,5.4466667529588
"AAS",0.0823615384615385,0.43154712203966,0.545328943306735,0.535499153511036,4,1.14701122632632,7.35056131628545,0.329209411653293,2.15749448945974,0.0818619796084589,0.260329496492859,0.0543099211494038,5.42406803331624
"AAS",0.0817230769230769,0.42820179551222,0.541241275098054,0.531485167287768,4,1.14638636134039,7.31931806377883,0.327780241658767,2.14822259433479,0.0815224418360986,0.259366266565347,0.0539291265529067,5.40109436015964
"AAS",0.0810846153846154,0.424856468984781,0.537150072022153,0.527467709914788,4,1.14576099807215,7.28804990354749,0.326348945871885,2.13897007242922,0.0811826094478114,0.25840596606304,0.0535490249662622,5.37807482911516
"AAS",0.0804461538461538,0.421511142457342,0.533055390859299,0.523446837148875,4,1.14514450969467,7.25722548124904,0.324933715379221,2.12990946149691,0.0808462632929192,0.257471704421385,0.0531760828636199,5.35532141374104
"AAS",0.0798076923076923,0.418165815929903,0.528957284695376,0.519422601119018,4,1.14448226697587,7.22411333138488,0.323360333232463,2.12109703917865,0.0805007093274242,0.256563479920595,0.0528270887000132,5.32992109671123
"AAS",0.0791692307692308,0.414820489402464,0.524855776446163,0.515395024327927,4,1.14385955227964,7.19297764963527,0.321933866547245,2.11192751079813,0.0801630367505903,0.255611435360171,0.0524520277290595,5.30695381055068
"AAS",0.0785307692307692,0.411475162875024,0.520751031486156,0.511364269169153,4,1.14323613992971,7.16180698782196,0.320504577522484,2.10277728968548,0.0798255265898274,0.254660683656804,0.0520787061774372,5.28392980321678
"AAS",0.0778923076923077,0.408129836347585,0.516642991740463,0.507330278614629,4,1.14262092362765,7.13104619151196,0.319111505104805,2.09347021675262,0.0794896129722892,0.253687907112211,0.0516973582593999,5.26149531721699
"AAS",0.0772538461538462,0.404784509820146,0.512531738360641,0.503293132353119,4,1.14199064135461,7.09953208450687,0.317651045932549,2.08449068854489,0.0791515637699713,0.252758394882638,0.0513340318455644,5.23793670495883
"AAS",0.0766153846153846,0.401439183292707,0.5084173226653,0.499252880778193,4,1.1413643632605,7.06821816432402,0.31621373533451,2.07535315696353,0.0788142766947898,0.251806227435383,0.0509636549606585,5.21474937270144
"AAS",0.0759769230769231,0.398093856765267,0.50429981560695,0.495209593563412,4,1.14074913011268,7.03745647791136,0.314811808878001,2.06621087959997,0.0784796040270953,0.250853444634538,0.0505913224514935,5.19214414455635
"AAS",0.0753384615384615,0.394748530237828,0.50017922425527,0.491163277651021,4,1.14018322975874,7.00916148760702,0.313609245787235,2.05636745132706,0.0781545836258903,0.249807548374791,0.0501768406025355,5.17283701612855
"AAS",0.0747,0.391403203710389,0.496055676540734,0.487114058665491,4,1.13958037019322,6.97901849222549,0.312256363149869,2.04707924426904,0.0778231044022998,0.248833281518744,0.0497968263106619,5.15102793016446
"AAS",0.0740615384615385,0.38805787718295,0.491929057272677,0.48306182349252,4,1.13894919541251,6.9474597424705,0.310781696405486,2.03832220321188,0.0774865916613837,0.24792992148034,0.0494464334803948,5.12719321503017
"AAS",0.0734230769230769,0.384712550655511,0.487799559695238,0.479006761892937,4,1.13836363339916,6.91818167013714,0.30949919629334,2.02879397632516,0.0771588881872844,0.246922305199152,0.0490528278603104,5.10653425364504
"AAS",0.0727846153846154,0.381367224128071,0.483667182499871,0.474948872581783,4,1.13770728126275,6.88536407052248,0.307978092986437,2.01954617561536,0.0768153524969204,0.245943758414613,0.0486901989982082,5.08188796465135
"AAS",0.0721461538461538,0.378021897600632,0.479531969108681,0.470888198198461,4,1.1371261150298,6.85630574997377,0.306686149173374,2.01039778821836,0.0764904369567436,0.244988514343998,0.0483120999094724,5.06106780544665
"AAS",0.0715076923076923,0.374676571073193,0.475393957814473,0.466824776345531,4,1.13651859768674,6.82592988463065,0.30530083575905,2.00143129416013,0.0761588250260352,0.244051568713613,0.0479535989155135,5.0386846231984
"AAS",0.0708692307692308,0.371331244545754,0.471253191414951,0.462758649049251,4,1.13589339472809,6.79466973520851,0.303886878885227,1.99205150327947,0.0758238741869462,0.243059398328919,0.0475742594582425,5.01580036547728
"AAS",0.0702307692307692,0.367985918018314,0.467109707976093,0.458689853689443,4,1.13524088417394,6.76204421841377,0.30233161399653,1.98356134880953,0.0754834890256362,0.242190040623695,0.0472408365736443,4.99057677361444
"AAS",0.0695923076923077,0.364640591490875,0.462963553155301,0.454618435100514,4,1.1346154063233,6.73077031541745,0.300924778752685,1.97406914445097,0.0751494142684261,0.241173408417337,0.04686416064206,4.96779229982172
"AAS",0.0689538461538462,0.361295264963436,0.458811512058066,0.450541236337818,4,1.13391303400553,6.69565169307812,0.299186946561102,1.96601158293284,0.0747993570281879,0.240355180835094,0.0465646895583104,4.93951747256073
"AAS",0.0683153846153846,0.357949938435997,0.454663327231853,0.446467824335194,4,1.13324619849629,6.66230992476647,0.297599914501725,1.95733720229082,0.0744567580225699,0.239451990766973,0.0462311008582706,4.91373296118169
"AAS",0.0676769230769231,0.354604611908558,0.45050939955792,0.442388773002161,4,1.13280741283336,6.64037064129951,0.296850542652804,1.94670871972682,0.0741608627057629,0.238295150940604,0.0457636253338273,4.90187450318518
"AAS",0.0670384615384615,0.351259285381118,0.446352851744533,0.438307148758818,4,1.13199951249658,6.59997562469019,0.294751848803961,1.9391574204155,0.0737892805413169,0.23753597893103,0.0455098730148953,4.8675636248919
"AAS",0.0664,0.347913958853679,0.4421938949401,0.434223158947535,4,1.13136513152121,6.5682565758085,0.293286475817443,1.93018462882418,0.0734538116129975,0.236591793497965,0.0451579950869584,4.84378129985286
"AAS",0.0657615384615385,0.34456863232624,0.438032504696548,0.430136779560923,4,1.13086852896853,6.54342644819528,0.292346342951569,1.91973194694927,0.0731457607661407,0.235450169871644,0.0447132465394072,4.82872033651231
"AAS",0.0651230769230769,0.341223305798801,0.433868587484627,0.426047918755639,4,1.13010606779953,6.50530339769368,0.290408231803229,1.91190954204345,0.0727838875378633,0.234656173304973,0.0444396265424741,4.79706280208534
"AAS",0.0644846153846154,0.337877979271361,0.42970240113337,0.421956829713236,4,1.1296005694736,6.48002844074735,0.289427544944621,1.90167075832708,0.0724742146066079,0.233542251609058,0.0440078203795612,4.78131756342829
"AAS",0.0638461538461539,0.334532652743922,0.425530494052389,0.417860123059734,4,1.1289636723504,6.44818361935691,0.287957923176502,1.89266544460184,0.072138188125985,0.232590070314145,0.0436580459768338,4.7574371045842
"AAS",0.0632076923076923,0.331187326216483,0.421362801849398,0.413767555309225,4,1.12828687961504,6.41434391043255,0.286322147378349,1.88432021800897,0.0717953356221208,0.231728160250313,0.0433437241947295,4.7307932215577
"AAS",0.0625692307692308,0.327841999689044,0.417189545108317,0.409669523323829,4,1.12760161297062,6.38008064715451,0.284681325427833,1.87564186940115,0.0714489078744708,0.230818209698428,0.0430179749086908,4.70404957707536
"AAS",0.0619307692307692,0.324496673161605,0.413014086465456,0.405569329126884,4,1.12716345651641,6.3581728258041,0.283946088687531,1.86487696008771,0.0711550539489699,0.229628852025864,0.0425543955704587,4.69236280816541
"AAS",0.0612923076923077,0.321151346634165,0.408836313944075,0.401466862760079,4,1.12636807175825,6.31840358786725,0.281895594705725,1.85723968922577,0.0707852065708792,0.228858347602258,0.0422960124400969,4.65879554080945
"AAS",0.0606538461538462,0.317806020106726,0.404656415306671,0.397362308601411,4,1.12599691872868,6.2998459364557,0.28138921657575,1.84618140669321,0.0705077854173046,0.227627588086483,0.0418085879837477,4.65091008554765
"AAS",0.0600153846153846,0.314460693579287,0.400474215098784,0.393255494359063,4,1.12505024393335,6.2525121806925,0.278800984528519,1.83957305869954,0.070104320948111,0.226994521261063,0.0416243385056966,4.60838067113005
"AAS",0.0593769230769231,0.311115367051848,0.396289936998674,0.389146639679396,4,1.12441448843062,6.22072442255836,0.277340939873915,1.83051438265566,0.0697684074898863,0.226031694295834,0.0412747093839618,4.5846154012779
"AAS",0.0587384615384615,0.307770040524408,0.392103194572026,0.385035365093742,4,1.12374085406176,6.18704317108387,0.275750059220009,1.82165609289376,0.0694239848003679,0.225094556510126,0.0409421338528464,4.55866554688112
"AAS",0.0581,0.304424713996969,0.387915083650968,0.380922746681379,4,1.12325093810077,6.16254690503485,0.274845647054647,1.81103752451725,0.0691182241779032,0.223915529838299,0.0405017390200412,4.54412396130046
"AAS",0.0574615384615385,0.30107938746953,0.383724435187193,0.376807636466605,4,1.12245716231636,6.12285811586596,0.272792495764116,1.8035543450457,0.0687496639325389,0.223168017100782,0.0402483849916513,4.51048223678864
"AAS",0.0568230769230769,0.297734060942091,0.379531806395478,0.372690581620157,4,1.12180677514396,6.09033876972781,0.271285397689489,1.79453676650744,0.0684097746643546,0.222208535356315,0.0399063384165362,4.48591074249879
"AAS",0.0561846153846154,0.294388734414652,0.375337154084241,0.368571539729001,4,1.12115055205627,6.05752760271695,0.269770840536214,1.78535294516867,0.0680686092887807,0.221223101618316,0.0395597072769514,4.46120541650736
"AAS",0.0555461538461539,0.291043407887212,0.371140511482987,0.364450543423665,4,1.12050376366444,6.02518818310463,0.268270155156787,1.77642126763028,0.0677302603014842,0.220275466320278,0.0392208584709331,4.43673299569163
"AAS",0.0549076923076923,0.287698081359773,0.366942017221418,0.36032772883499,4,1.12007433590968,6.00371683061978,0.26757931475485,1.76544411845513,0.0674371512997514,0.219045814727498,0.0387568360683579,4.42572206406632
"AAS",0.0542692307692308,0.284352754832334,0.36274132302531,0.356202753966549,4,1.11919553290771,5.95977664143265,0.265242136198003,1.75826924744905,0.0670485413760991,0.218336118192318,0.0385365206210727,4.38732131516684
"AAS",0.0536307692307692,0.281007428304895,0.35853903007341,0.352076209160577,4,1.11896518289373,5.94825914431984,0.265304862792387,1.74523461398564,0.0667969069749679,0.216814483343439,0.0379573395580906,4.38882787434035
"AAS",0.0529923076923077,0.277662101777455,0.354334636311273,0.347947601412382,4,1.1183387278665,5.91693639315689,0.263915375884267,1.73556264197351,0.0664656330976456,0.215751971715872,0.0375892119089703,4.36617479274032
"AAS",0.0523538461538462,0.274316775250016,0.350128194759443,0.343816982786787,4,1.11725562349718,5.86278118761535,0.260801303953022,1.73058473848134,0.0660293257862204,0.215358760221114,0.0374928461581511,4.31484653688045
"AAS",0.0517153846153846,0.270971448722577,0.345919998987369,0.339684641561526,4,1.11653998544735,5.82699927242191,0.259067585246827,1.72195946197248,0.0656738437453428,0.214451053937921,0.0371822209385018,4.2864637729289
"AAS",0.0510769230769231,0.267626122195138,0.341710217223214,0.335550742932377,4,1.11619670984789,5.80983549254477,0.258742347523564,1.70948735862804,0.0653963870096658,0.212996456285351,0.036656510204231,4.28149241148232
"AAS",0.0504384615384615,0.264280795667699,0.337498463327642,0.331414907720332,4,1.1156236883305,5.78118443360227,0.257555861539592,1.69927135832551,0.0650708027752869,0.211864074434155,0.0362565071572231,4.26219681504719
"AAS",0.0498,0.260935469140259,0.333284588697789,0.327276990001157,4,1.11452183030421,5.72609151520455,0.254362119439522,1.69464012985346,0.0646340347321763,0.211522501476229,0.0361727912424381,4.20952843247936
"AAS",0.0491615384615385,0.25759014261282,0.32906935500073,0.32313773771255,4,1.11404140244317,5.70207012322958,0.253506963382426,1.68377361724739,0.064329469234844,0.210294690304929,0.035734351970634,4.19573902404437
"AAS",0.0485230769230769,0.254244816085381,0.324851945377694,0.31899634871997,4,1.11307401741819,5.65370087138347,0.250837725341388,1.67751148490293,0.0639176762747225,0.209727397021778,0.035559459433013,4.15177674960464
"AAS",0.0478846153846154,0.250899489557942,0.320633262016409,0.314853708948825,4,1.11261317103779,5.63065855631856,0.250074588093246,1.66616661712161,0.0636141286752165,0.208429151563596,0.0351040227022547,4.13950463676178
"AAS",0.0472461538461539,0.247554163030502,0.316412844188964,0.310709365976022,4,1.11231378395191,5.61568919891843,0.249777364479634,1.65545752967161,0.0633525808933145,0.20723430665332,0.0346348226099004,4.13501533890879
"AAS",0.0466076923076923,0.244208836503063,0.31219059697534,0.306563226592515,4,1.11179696533092,5.58984826716338,0.248938306847482,1.64253485978018,0.0630343420836589,0.205698751929432,0.0341310900157798,4.12143625131227
"AAS",0.0459692307692308,0.240863509975624,0.307966195035582,0.302414971322744,4,1.11042597615516,5.52129877620702,0.244809930635983,1.63939593869526,0.0625290697114051,0.205573038886494,0.0341580811375751,4.05317996266889
"AAS",0.0453307692307692,0.237518183448185,0.30374048780076,0.298265434286416,4,1.10971997435907,5.48599872102238,0.243137107686935,1.63032099455654,0.0621740722317716,0.204598716457086,0.0338323749191577,4.02576391545885
"AAS",0.0446923076923077,0.234172856920746,0.299513046403505,0.294114194346683,4,1.1089193595937,5.4459679796074,0.241202451954577,1.62070335409029,0.0617914453625959,0.203540939772599,0.0335087705146401,3.99396554740145
"AAS",0.0440538461538462,0.230827530393306,0.295280853229055,0.289958288282591,4,1.10830092933468,5.41504656050652,0.239774767830712,1.61210154190987,0.061456691199319,0.202644225769576,0.0331813524204793,3.97064168694687
"AAS",0.0434153846153846,0.227482203865867,0.291054063326022,0.285807688093615,4,1.10850454675349,5.42522733989434,0.241362710386062,1.59648209359571,0.0613037092795676,0.200730131610007,0.0324493729125893,3.99748067187216
"AAS",0.0427769230769231,0.224136877338428,0.286821171408513,0.28165109588161,4,1.10677798662648,5.33889933138086,0.236077450657127,1.5940513289023,0.0607112099753917,0.200715278906503,0.0325573820870246,3.90992029586981
"AAS",0.0421384615384615,0.220791550810989,0.282584035080666,0.277490335766597,4,1.1060622566382,5.30311283205185,0.234387345939889,1.5847862133521,0.0603493132535506,0.19971584638273,0.0322292511569557,3.88219591510571
"AAS",0.0415,0.217446224283549,0.278352752075223,0.273335323465323,4,1.10646834586247,5.32341729252198,0.237006391432481,1.56284480119955,0.0602315485419954,0.19684030353977,0.0312576494510456,3.926107444147
"AAS",0.0408615384615385,0.21410089775611,0.274114958625296,0.269173918073139,4,1.10459791594384,5.22989581758954,0.230897599564404,1.5663731453672,0.0596157672462678,0.197736596836443,0.0315827732143554,3.82491141247034
"AAS",0.0402230769230769,0.210755571228671,0.269876449077442,0.265011809491003,4,1.103868159477,5.1934079700498,0.229185347698339,1.55677291111383,0.0592460512265859,0.196690323824108,0.0312461101542726,3.79680196037796
"AAS",0.0395846153846154,0.207410244701232,0.265636458585295,0.260848246659234,4,1.10312260650308,5.15613032521258,0.227641256050006,1.54371602128672,0.0588502060729854,0.195132910329437,0.0308007286076266,3.77143328238182
"AAS",0.0389461538461539,0.204064918173793,0.261395767931753,0.256683996286782,4,1.10362376047282,5.18118802336294,0.230052385978709,1.52983831525906,0.0587902353997705,0.193459822006612,0.0300837589640041,3.81201482474848
"AAS",0.0383076923076923,0.200719591646353,0.257152735170804,0.252517446024421,4,1.10335821162518,5.16791058124907,0.230255926702273,1.51284371377837,0.0585526769936287,0.191278370280682,0.0294222226370538,3.81572030142176
"AAS",0.0376692307692308,0.197374265118914,0.252907798836803,0.248349026501734,4,1.10140883670662,5.07044184288278,0.224145454081689,1.51251135241812,0.0578608327020323,0.191634118514992,0.0296237060050299,3.71441028960176
"AAS",0.0370307692307692,0.194028938591475,0.248660902965297,0.244178682763053,4,1.10003819031337,5.00190951546139,0.219962155322092,1.51032059703923,0.0573545740035205,0.191692004631994,0.0296534664379393,3.64520093881491
"AAS",0.0363923076923077,0.190683612064036,0.244413266521378,0.240007611801096,4,1.09920757658307,4.96037882946772,0.217963194581579,1.50027391102917,0.0569532120423115,0.190581126494306,0.0293238040428933,3.6122869332684
"AAS",0.0357538461538462,0.187338285536596,0.240164147403645,0.235835084891162,4,1.09838979596637,4.91948980219856,0.215905736769538,1.49180162271891,0.0565642415899047,0.189706108399656,0.029041958949359,3.57842049207106
"AAS",0.0351153846153846,0.183992959009157,0.235914919920616,0.231662451569263,4,1.09852842345303,4.92642116876284,0.217543097307116,1.47218303485124,0.0563702703683066,0.187170106830961,0.0282215654673966,3.60599076115858
"AAS",0.0344769230769231,0.180647632481718,0.231661589385486,0.227485789154549,4,1.09675659685961,4.83782984531736,0.211869817502284,1.47372908315932,0.0557748816557883,0.187797694049394,0.028438565442056,3.51197913089395
"AAS",0.0332,0.17395697942684,0.223153305392761,0.219130870656535,4,1.09507571930862,4.7537859860446,0.207726958074698,1.45499049683474,0.0549689788219472,0.185791278804695,0.0278229135817287,3.44373506771233
"AAS",0.0325615384615385,0.1706116528994,0.218898075121676,0.214952342749428,4,1.09481717503735,4.74085865375432,0.207803853956594,1.44043531078858,0.0546838357326064,0.184020481957831,0.027245615308309,3.44535724174664
"AAS",0.0306461538461539,0.160575673317083,0.206119628394291,0.202404233044839,4,1.09156673611615,4.57833680783375,0.198949474974198,1.41803647391683,0.0533089734533617,0.181877153083952,0.0266376634517522,3.2990287377646
"AAS",0.0280923076923077,0.147194367207326,0.189067765169963,0.185659737021862,4,1.09080726828832,4.5403634145302,0.200274445386293,1.35731604697605,0.0522513440387646,0.174347926521562,0.0242440730121563,3.32241924252533
"AAS",0.0274538461538462,0.143849040679887,0.18479837073002,0.181467300261159,4,1.08784513315368,4.39225666313377,0.190585435162168,1.36349868725461,0.0513473289079271,0.175767694129913,0.0247689818380372,3.16147784015729
"AAS",0.0255384615384615,0.133813061097569,0.171985441794502,0.168885329905136,4,1.08378244426944,4.18912217093619,0.178954410850707,1.34489453255278,0.0497455780408515,0.17428406296562,0.0243925812327864,2.96884846835262
"AAS",0.0229846153846154,0.120431754987812,0.154888379551164,0.152096449594994,4,1.08033538788539,4.01676939429087,0.17099392612739,1.29811098511033,0.047986681971462,0.169016415603708,0.0228708363964553,2.83757140196711
"AAS",0.1909,1.00025263170433,1.01835622105675,0.999999910222717,4,1.24552187431308,12.2760937156528,0.58739885328894,3.62450641810665,0.138765891012909,0.404815143856257,0.118128053012125,9.0381293652455
"AAS",0.1929,1.01073196781438,1.01819552543876,0.999842111212668,4,1.24622746023149,12.311373021409,0.590348317456382,3.63446364360358,0.139229830832156,0.405727608811762,0.118545383328449,9.06455813571182
"AAS",0.1949,1.02121130392443,1.01774379851651,0.999398526863344,4,1.24688480093345,12.3442400640036,0.593153181970646,3.64356590506575,0.139664526484731,0.40655824709265,0.118920367223384,9.08935935063796
"AAS",0.1969,1.03169064003448,1.01702337365542,0.998691087971619,4,1.24749779345148,12.3748896565673,0.595819085180893,3.65186624312559,0.140072053666954,0.40731226191214,0.119255306483595,9.11268114100152
"AAS",0.1989,1.04216997614453,1.01605572847605,0.997740885014644,4,1.2480701432859,12.4035071637067,0.598352084895338,3.65941761956779,0.140454442730635,0.407994798409718,0.119552601858638,9.13466185474651
"AAS",0.2009,1.05264931225458,1.01486128728132,0.996567974138475,4,1.24860531323245,12.4302656442606,0.600758528334446,3.6662715757457,0.140813633034462,0.408610863331347,0.119814593681508,9.15542845319697
"AAS",0.2029,1.06312864836463,1.01345927608419,0.995191234798862,4,1.24910663254568,12.455331627145,0.603045233419148,3.67247724928041,0.141151448712515,0.409165176810214,0.120043616737374,9.1751036251287
"AAS",0.2049,1.07360798447468,1.0118676485449,0.993628297033587,4,1.24957695393141,12.4788476883362,0.60521860018705,3.67808220496524,0.141469602822582,0.409662242757058,0.120241970293428,9.19378661872625
"AAS",0.2069,1.08408732058473,1.01010304892822,0.991895505087337,4,1.25001903997892,12.5009519822393,0.607285436489032,3.68313039347629,0.141769681118182,0.410106247549063,0.120411796180445,9.21157588358163
"AAS",0.2089,1.09456665669478,1.00818081895768,0.990007924142454,4,1.25043529213251,12.521764598171,0.609252101503845,3.68766424603601,0.14205315052032,0.410501187869866,0.120555233209689,9.22855256711421
"AAS",0.2109,1.10504599280483,1.00611502890576,0.987979370848681,4,1.25082796444797,12.5413982181868,0.611125072875391,3.69172219883635,0.142321356230692,0.410850678404951,0.120674216887736,9.24479425062968
"AAS",0.2129,1.11552532891488,1.0039185339459,0.985822468659406,4,1.25119902186093,12.5599510961118,0.612910357353844,3.69534103045929,0.142575516942504,0.411158189666189,0.120770640914353,9.26036519857436
"AAS",0.2149,1.12600466502493,1.00160304430533,0.983548716719944,4,1.25155023578066,12.5775118804515,0.614613840500024,3.69855366732818,0.142816763975709,0.411426754025101,0.120846223253263,9.27532361432118
"AAS",0.2169,1.13648400113498,0.99917918586545,0.981168549375593,4,1.25188323915946,12.5941619769703,0.616241148186674,3.70139086357968,0.143046110560346,0.411659271764256,0.120902552127645,9.28972244652025
"AAS",0.2189,1.14696333724504,0.996656595627886,0.978691429916869,4,1.25219946742934,12.6099733697826,0.61779747817167,3.70388145255298,0.143264493840413,0.411858417697624,0.120941176031069,9.30360679283028
"AAS",0.2209,1.15744267335509,0.994044018141012,0.976125945267879,4,1.25250018522756,12.6250091780653,0.619287764499347,3.70605118340712,0.143472745514064,0.412026575856171,0.120963461774684,9.31701570285636
"AAS",0.2229,1.16792200946514,0.991349325270735,0.973479825400749,4,1.25278659640297,12.6393298638047,0.620716739676281,3.7079237589295,0.143671638521879,0.412165961518336,0.120970658604296,9.32998760270674
"AAS",0.2249,1.17840134557519,0.988579663374248,0.970760087856493,4,1.2530597539631,12.6529875466387,0.622088739561795,3.7095210108817,0.143861866882994,0.412278606288568,0.120963939795314,9.34255414598221
"AAS",0.2269,1.18888068168524,0.985741476495261,0.967973060522151,4,1.25332059051749,12.6660295114742,0.623407802145614,3.71086284890283,0.144044064353305,0.412366355700067,0.120944376173499,9.35474394332428
"AAS",0.2289,1.19936001779529,0.982840602321152,0.965124475858264,4,1.2535699779026,12.6784988575914,0.624677705838897,3.7119675067046,0.1442188046894,0.412430912430144,0.120912946068198,9.3665829867353
"AAS",0.2309,1.20983935390534,0.979882298441275,0.962219496683865,4,1.25380869064574,12.6904344784789,0.625901901678859,3.71285199069606,0.14438661892863,0.412473854848447,0.12087057440742,9.37809415529196
"AAS",0.2329,1.22031869001539,0.976871341145364,0.959262813194004,4,1.25403745733053,12.7018728461418,0.627083743321051,3.71353085763968,0.144547978025921,0.412496554137501,0.120818015052315,9.38930035125421
"AAS",0.2349,1.23079802612544,0.97381204001306,0.956258657286288,4,1.25425692283429,12.712846155039,0.628226190830707,3.71401834787044,0.144703320615372,0.412500321437776,0.120756054141081,9.40022034510881
"AAS",0.2369,1.24127736223549,0.970708305272313,0.953210868705116,4,1.25446767849742,12.7233839233661,0.629332018133424,3.71432725959777,0.144853049950104,0.412486380760573,0.120685359693427,9.41087161225217
"AAS",0.2389,1.25175669834554,0.967563683207782,0.950122929811835,4,1.25467026392189,12.7335132780889,0.63040378949993,3.71446928038645,0.14499752942037,0.412455805154252,0.120606576418657,9.42127029326555
"AAS",0.2409,1.26223603445559,0.964381385108741,0.946997994010843,4,1.25486518146422,12.7432591093164,0.631443940612309,3.71445468892815,0.145137089258061,0.41240957814807,0.120520218334558,9.43143165472656
"AAS",0.2429,1.27271537056564,0.961164347036903,0.943838944440072,4,1.25505289530681,12.7526444903133,0.632454634539564,3.71429359100611,0.145272041473004,0.412348640013273,0.12042684915966,9.44136925887486
"AAS",0.2449,1.28319470667569,0.957915216736972,0.940648381117484,4,1.25523378711745,12.7616893452135,0.633437854642451,3.71399500578219,0.145402664194239,0.412273839476331,0.120326942384351,9.45109450081449
"AAS",0.2469,1.29367404278574,0.954636428454018,0.93742869440983,4,1.25540829699008,12.7704148141658,0.634395607128746,3.71356663317876,0.14552921772549,0.412185912845688,0.120220883810968,9.46062142401577
"AAS",0.2489,1.30415337889579,0.951330190026782,0.934182052358604,4,1.2555767609276,12.7788381224901,0.6353295669747,3.71301633116555,0.145651938319869,0.412085602438567,0.120109097839457,9.46995982615439
"AAS",0.2509,1.31463271500584,0.947998519951918,0.930910437076185,4,1.25573950806251,12.7869754040013,0.636241352514593,3.7123509252262,0.145771050246671,0.411973548151542,0.119991936212051,9.47911943048302
"AAS",0.2529,1.3251120511159,0.944643271470153,0.927615668397836,4,1.25589684707847,12.794842481468,0.637132437501456,3.71157694794543,0.145886755842709,0.411850377490834,0.119869742222408,9.48810995286882
"AAS",0.2549,1.33559138722595,0.941266128181642,0.924299399576091,4,1.25604906473204,12.8024531492629,0.638004224930105,3.71070014692344,0.145999231800358,0.411716650193651,0.119742807084813,9.49693980699568
"AAS",0.2569,1.346070723336,0.937868643438846,0.920963155963562,4,1.2561964160215,12.8098208017756,0.638857966260182,3.70972604193411,0.146108664392634,0.411572861774113,0.119611434411934,9.50561721687776
"AAS",0.2589,1.35655005944605,0.93445224689472,0.917608341443093,4,1.2563391431703,12.8169571643261,0.6396949183028,3.70865908183919,0.146215205615122,0.411419454847691,0.11947582585472,9.51414977813545
"AAS",0.2609,1.3670293955561,0.931018247816796,0.914236241682102,4,1.25647748408878,12.8238743361448,0.640516063017293,3.70750485012145,0.146319005752017,0.411256973708933,0.119336283301244,9.52254433066142
"AAS",0.2629,1.37750873166615,0.927567847064288,0.910848035893798,4,1.25661164202211,12.8305821123305,0.641322559068701,3.70626651688289,0.146420204772168,0.411085700245966,0.119192956683735,9.53080776179215
"AAS",0.2649,1.3879880677762,0.924102165897357,0.907444825127142,4,1.25674181558127,12.8370906862286,0.642115278462324,3.70494863751016,0.146518923694729,0.410906089710666,0.119046083852884,9.53894599461041
"AAS",0.2669,1.39846740388625,0.920622221025138,0.904027607764648,4,1.25686818109463,12.8434090793455,0.642895119833483,3.70355468347901,0.146615288292057,0.410718470280117,0.118895833864118,9.54696481305475
"AAS",0.2689,1.4089467399963,0.917128967046773,0.900597321198396,4,1.25699091396339,12.8495456939737,0.643662915874917,3.7020879797668,0.146709403042821,0.41052314825686,0.118742386140821,9.55486952052065
"AAS",0.2709,1.41942607610635,0.913623284108586,0.897154829709693,4,1.25711018371662,12.8555091956006,0.644419457256338,3.70055161372264,0.146801371197267,0.410320444184795,0.118585883834527,9.56266596495498
"AAS",0.2729,1.4299054122164,0.910105981310097,0.893700927813689,4,1.25722612778329,12.8613063827095,0.645165421000796,3.69894863193131,0.146891289608843,0.410110639538137,0.118426479683628,9.57035805261642
"AAS",0.2749,1.44038474832645,0.906577818127178,0.890236361296376,4,1.25733888261821,12.8669442017049,0.645901504307767,3.69728153653841,0.146979246441545,0.409893976441754,0.118264304558251,9.57795043347769
"AAS",0.2769,1.4508640844365,0.903039499372628,0.886761822265998,4,1.25744858025391,12.8724291234656,0.646628325633632,3.69555284360563,0.14706532744394,0.40967068616635,0.118099479713414,9.585447233143
"AAS",0.2789,1.46134342054655,0.89949166526613,0.883277939402003,4,1.25755534180079,12.8777670849714,0.647346458344129,3.69376500977118,0.147149601850097,0.409441027788716,0.117932124356531,9.5928521015866
"AAS",0.2809,1.4718227566566,0.895934936106343,0.879785321821896,4,1.25765927250359,12.8829636157723,0.6480565292759,3.69191950748861,0.147232147455233,0.409205114316504,0.117762305777169,9.60016925645175
"AAS",0.2829,1.48230209276665,0.892369874510181,0.87628452200118,4,1.2577605000273,12.8880249761058,0.648758853817003,3.69002001401064,0.147313037971422,0.408963344448461,0.117590233247037,9.60740143546628
"AAS",0.2849,1.4927814288767,0.888797016848585,0.872776066642478,4,1.25785909477226,12.8929547082521,0.649454103533688,3.68806673729468,0.147392324943214,0.40871570137918,0.117415885780004,9.61455208496659
"AAS",0.2869,1.50326076498675,0.885216842302664,0.869260426289451,4,1.25795513859108,12.8977569404167,0.650142619275263,3.68606215826178,0.147470073532529,0.408462429846053,0.117239398717267,9.62162294003233
"AAS",0.2889,1.51374010109681,0.881629818361844,0.865738060004828,4,1.25804875949499,12.9024379927143,0.650824995009904,3.68400699276182,0.147546335560993,0.408203595312943,0.117060792750241,9.62861984930788
"AAS",0.2909,1.52421943720686,0.878036383062117,0.862209397928811,4,1.25813999983716,12.9069999952209,0.651501345048452,3.68190457084002,0.147621153152373,0.407939527806017,0.116880291390252,9.63554159218899
"AAS",0.2929,1.53469877331691,0.874436945390059,0.858674841675819,4,1.25822897410835,12.9114487049289,0.652172372198028,3.67975414777123,0.147694594686615,0.407670156702984,0.116697764633376,9.64239491600698
"AAS",0.2949,1.54517810942696,0.870831879948615,0.855134759096414,4,1.25831570723999,12.9157853524047,0.65283820268679,3.67755837666826,0.147766691839783,0.40739573180079,0.116513396030798,9.64917835654255
"AAS",0.2969,1.55565744553701,0.867221545477097,0.851589502463479,4,1.25840028800729,12.9200144009694,0.653499178894329,3.67531866427905,0.147837478775498,0.407116397826578,0.116327279011974,9.65589512604722
"AAS",0.2989,1.56613678164706,0.863606287489058,0.848039411062536,4,1.25848279313492,12.9241396649169,0.654155841143944,3.67303451156526,0.14790701425308,0.406832086996672,0.116139312607627,9.66254968589921
"AAS",0.3009,1.57661611775711,0.859986426208519,0.844484799345429,4,1.25856327406585,12.9281637784284,0.654808241114914,3.67070885703749,0.147975313820564,0.406543117884684,0.115949713416988,9.66914177333303
"AAS",0.3029,1.58709545386716,0.856362229979796,0.84092593081945,4,1.25864171905127,12.9320859163353,0.65545665102723,3.66834218050801,0.148042429068149,0.4062494834148,0.115758493008127,9.67566997940641
"AAS",0.3049,1.59757478997721,0.852733997373816,0.83736309867366,4,1.25871825488873,12.9359127890904,0.656101514239233,3.6659347209052,0.148108392019426,0.405951228492628,0.115565634665546,9.68214107825964
"AAS",0.3069,1.60805412608726,0.849102040557946,0.833796609448471,4,1.25879292364155,12.939646171304,0.656743007855955,3.66348789180096,0.148173217807514,0.405648511556154,0.11537122559552,9.68855546393546
"AAS",0.3089,1.61853346219731,0.845466538677129,0.830226639059663,4,1.25886572520313,12.9432862634583,0.657381332605649,3.66100243674965,0.148236943729622,0.405341377881586,0.115175298103042,9.69491255111056
"AAS",0.3109,1.62901279830736,0.841827786950404,0.826653477404823,4,1.2589367307288,12.9468364827195,0.658016748362674,3.65847910313274,0.148299599041148,0.405029890668432,0.114977912115238,9.70121513165169
"AAS",0.3129,1.63949213441741,0.838185964395483,0.823077300274791,4,1.25900595088889,12.9502975266236,0.658649406000952,3.65591890899355,0.148361194418997,0.404714192708018,0.114779084614921,9.70746288923651
"AAS",0.3149,1.64997147052746,0.83454131104581,0.819498343376307,4,1.25907345212034,12.9536726122313,0.659279666205971,3.65332156148305,0.148421761614461,0.404394202986019,0.114578812620139,9.71365946599086
"AAS",0.3169,1.66045080663751,0.830894035153984,0.815916811208124,4,1.25913923070189,12.9569615342545,0.659907523768455,3.65068887617198,0.148481326992966,0.404070115717383,0.114377208870657,9.71980275916821
"AAS",0.3189,1.67093014274756,0.827244323314031,0.812332887000832,4,1.25920333240489,12.9601665709054,0.660533357727636,3.64802015661594,0.148539891229906,0.403741841479411,0.114174223608514,9.72589588051372
"AAS",0.3209,1.68140947885761,0.823592360749097,0.808746752638849,4,1.25926577823261,12.963288994191,0.661157177218208,3.64531711834443,0.148597486392869,0.403409575843434,0.113969957238442,9.73193837360932
"AAS",0.3229,1.69188881496767,0.819938312461034,0.805158570149797,4,1.2593265721478,12.9663285991026,0.661779213367513,3.64257957914808,0.148654128144988,0.40307325825253,0.113764392316027,9.73793019314886
"AAS",0.3249,1.70236815107772,0.816282358283242,0.801568516125503,4,1.25938576800219,12.9692883579937,0.662399628713339,3.63980827327477,0.148709828875505,0.402733002410307,0.113557559894608,9.74387369737445
"AAS",0.3269,1.71284748718777,0.812624652289546,0.797976741862543,4,1.25944334351687,12.9721671710532,0.663018636244722,3.63700282334537,0.148764602380478,0.402388709586265,0.113349452180689,9.74976810131201
"AAS",0.3289,1.72332682329782,0.808965349365306,0.794383399454401,4,1.25949936509377,12.9749684262112,0.663636197169941,3.63416538891679,0.148818462851816,0.402040651533125,0.11314020086243,9.7556147437068
"AAS",0.3309,1.73380615940787,0.805304583440784,0.79078862041719,4,1.25955380423119,12.9776902422052,0.6642526773008,3.63129428080229,0.148871422402663,0.401688606473215,0.112929677112442,9.76141336246281
"AAS",0.3329,1.74428549551792,0.801642507355672,0.7871925548356,4,1.25960666785183,12.9803337500936,0.664867938036589,3.62839186308464,0.148923478633565,0.40133284208445,0.112718068816528,9.76716272495114
"AAS",0.3349,1.75476483162797,0.797979247539312,0.783595326860028,4,1.25965797478587,12.9828985789925,0.665482208818312,3.62545766253158,0.148974662955564,0.400973277876779,0.11250532322037,9.77286290367988
"AAS",0.3369,1.76524416773802,0.794314929139694,0.779997059382619,4,1.25970775704515,12.9853878615555,0.666095890168297,3.62249016827947,0.149024961828583,0.400609763877757,0.112291344697426,9.77851874022494
"AAS",0.3389,1.77572350384807,0.790649677345914,0.776397875335881,4,1.25975604768652,12.9878022730112,0.666708842863727,3.6194915634606,0.149074401286086,0.400242527357117,0.112076247787588,9.78412868346866
"AAS",0.3409,1.78620283995812,0.786982692293806,0.772796989273546,4,1.25980281549701,12.9901407830308,0.66732132882474,3.61646108261708,0.149123000879809,0.399871441053735,0.111860032770064,9.78969244257433
"AAS",0.3429,1.79668217606817,0.783316835329929,0.769197210965163,4,1.259848066711,12.9924034738477,0.667932918712734,3.61340197837001,0.149170736098346,0.399496972083287,0.111642831082099,9.79520673366871
"AAS",0.3449,1.80716151217822,0.779649465984335,0.765595947536398,4,1.2598916910639,12.994584610548,0.668544302179761,3.61031025011308,0.149217603805949,0.399118509092395,0.111424503671629,9.80066969713552
"AAS",0.3469,1.81764084828827,0.775981605724319,0.761994202042155,4,1.25993370323948,12.9966851717318,0.669155063844038,3.60718976645378,0.149263556342054,0.39873654846265,0.11120531134567,9.80607842305037
"AAS",0.3509,1.83859952050837,0.7686448071026,0.75478965238523,4,1.26001352595828,13.0006762684609,0.67037760443994,3.60084873722984,0.149353012929443,0.397960679722122,0.110763091017982,9.81678026383584
"AAS",0.3529,1.84907885661842,0.76497605831918,0.751187034383602,4,1.26005102726974,13.0025517032699,0.670988251341041,3.59763583147172,0.149396488715292,0.397567523453909,0.110540663444017,9.82204974585513
"AAS",0.3549,1.85955819272847,0.761307201758724,0.747584310547664,4,1.26008701002979,13.0043504165004,0.671599374064824,3.59439000509139,0.149439081707633,0.397170385562309,0.110317092089613,9.82727327259971
"AAS",0.3569,1.87003752883853,0.757638321931745,0.743981563864593,4,1.26012147626478,13.0060737796524,0.672210509199653,3.5911150446091,0.14948087963108,0.396769725180953,0.110092490334737,9.83244831676512
"AAS",0.3589,1.88051686494858,0.753969503840135,0.740378877804085,4,1.26015453787986,13.0077268932128,0.672822099327352,3.58780958287768,0.149521790129861,0.396365345088729,0.109866954054998,9.83758172267511
"AAS",0.3609,1.89099620105863,0.750300829983868,0.736776333379014,4,1.26018582924126,13.0092914603949,0.673433647483222,3.58447490983436,0.149561903645489,0.395957273847719,0.10964050829499,9.84265288794392
"AAS",0.3629,1.90147553716868,0.746632380094052,0.733174008883304,4,1.26021519973855,13.0107599710253,0.674045434343665,3.58110910561387,0.149600994388373,0.395545417995826,0.109413096392492,9.84765608898503
"AAS",0.3649,1.91195487327873,0.74296423473401,0.729571983428086,4,1.26024327632808,13.0121636683205,0.674657858906622,3.57771377952205,0.149639335628421,0.395129957656487,0.109184681409933,9.85262223071444
"AAS",0.3669,1.92243420938878,0.739296459524939,0.725970321451708,4,1.26026983164396,13.0134915797074,0.675271228600624,3.5742858697143,0.149676829663957,0.394710535218717,0.108955122459314,9.857543021416
"AAS",0.3689,1.93291354549883,0.735629138925796,0.722369105890717,4,1.26029474324,13.0147371690798,0.675884678244216,3.57083145016541,0.149713449908036,0.394287802475868,0.10872489083189,9.86240540404416
"AAS",0.3709,1.94339288160888,0.731962337800777,0.718768400440105,4,1.26031790927513,13.0158955438943,0.676499082802939,3.56734383135006,0.149749200450281,0.393861004724826,0.108493465012792,9.86721108905004
"AAS",0.3729,1.95387221771893,0.728296135982694,0.715168283493663,4,1.26033937623072,13.0169683910895,0.677113991937645,3.5638274341483,0.149783997252426,0.393430624828712,0.108261279102257,9.87195739411068
"AAS",0.3749,1.96435155382898,0.724630582836349,0.71156880352637,4,1.26035881218613,13.0179404908445,0.677729857393165,3.56027704594266,0.149817883275647,0.392995974209557,0.108028024799664,9.87663363074861
"AAS",0.3769,1.97483088993903,0.720965758156066,0.707970038894224,4,1.26037681804219,13.0188408929868,0.678345939212026,3.55670239725071,0.149850983539073,0.392558301881377,0.107794115060826,9.88126024593299
"AAS",0.3789,1.98531022604908,0.717301730239739,0.704372056664019,4,1.26039298329708,13.0196487749978,0.678963658526352,3.55309128116655,0.149883084460284,0.392116198526253,0.107558926583227,9.88582805791457
"AAS",0.3809,1.99578956215913,0.713638545511288,0.700774902422865,4,1.26040744426646,13.0203722719593,0.679580971450523,3.54945979994853,0.149914321119258,0.391671500734244,0.107323489492559,9.89032901764199
"AAS",0.3829,2.00626889826918,0.709976287542836,0.69717865823646,4,1.26042015310229,13.0210073226229,0.680200303533239,3.54579044720041,0.149944574090183,0.39122213837343,0.107086725488789,9.89477684255535
"AAS",0.3849,2.01674823437923,0.706315002132654,0.693583369077543,4,1.26043068827803,13.0215343947602,0.68082026934484,3.54209079316432,0.149973881540138,0.390768922866203,0.106849161734378,9.89914329108042
"AAS",0.3869,2.02722757048928,0.702654757321274,0.689989101760184,4,1.2604391871717,13.0219593451798,0.681442867131449,3.53834796312291,0.150002041878623,0.390310465296888,0.106609979107718,9.9034478370844
"AAS",0.3889,2.03770690659933,0.698995610516895,0.686395912657776,4,1.26044593225661,13.0222966510968,0.682065314006774,3.5345841602424,0.150029364166348,0.389849309469112,0.106370523166325,9.90768271846311
"AAS",0.3909,2.04818624270938,0.695337622794996,0.682803861744885,4,1.26045067661278,13.0225338668789,0.682688850267621,3.53078925597085,0.150055694388063,0.389384270986051,0.106130226227115,9.91184534478034
"AAS",0.3929,2.05866557881944,0.691680837914111,0.679212991991279,4,1.26045340325871,13.0226701627749,0.683313525502586,3.52696317193696,0.15008100331999,0.388915340308427,0.105889095821604,9.91593495318263
"AAS",0.3949,2.06914491492949,0.688025331698305,0.675623377854262,4,1.2604540038153,13.0227003090829,0.68393946626043,3.52310448937389,0.150105299583889,0.388442323346916,0.105647016897394,9.9199475240794
"AAS",0.3969,2.07962425103954,0.684371153681451,0.672035067974837,4,1.26045251818262,13.0226258246656,0.68456665936953,3.51921412543654,0.150128522380378,0.387965345402979,0.105404123195391,9.92388373728097
"AAS",0.3989,2.09010358714959,0.68071834800815,0.66844810570188,4,1.26044871959632,13.0224359836265,0.685195175347104,3.51529034283093,0.150150674074748,0.387484161911072,0.105160328103154,9.92773413750099
"AAS",0.4009,2.10058292325964,0.677066982449504,0.664862557584889,4,1.26044287545953,13.0221438296647,0.685824731696644,3.5113373982908,0.150171763944092,0.386999364681625,0.104915856052145,9.93150802373297
"AAS",0.4029,2.11106225936969,0.673417083085383,0.661278449233633,4,1.26043464975688,13.0217324949938,0.686455685731396,3.50735086185949,0.150191698655984,0.386510318433155,0.104670571455359,9.93519234029174
"AAS",0.4049,2.12154159547974,0.669768759995004,0.657695888743104,4,1.26042447542176,13.0212237689071,0.687086433233541,3.50334484312228,0.150210805370922,0.386018690830644,0.104425093498191,9.93879521419947
"AAS",0.4069,2.13202093158979,0.666122021266358,0.654114884055503,4,1.26041109127991,13.020554561774,0.687721910150166,3.49927671919839,0.150228360486831,0.385519444262939,0.104177276599465,9.94229466274417
"AAS",0.4089,2.14250026769984,0.662476885745642,0.650535453677317,4,1.2603962446774,13.0198122790763,0.688356615935528,3.49519788110718,0.150244878144851,0.385019016505989,0.103929752579794,9.94572943460409
"AAS",0.4109,2.15297960380989,0.658833531279414,0.646957772249341,4,1.26037781930544,13.0188907602417,0.688993381794414,3.49107389921294,0.150260010856651,0.384512614038398,0.103681137222442,9.94902359964943
"AAS",0.4129,2.16345893991994,0.655191911276417,0.643381794020148,4,1.26035712906614,13.0178564504823,0.689631405553269,3.48691962889074,0.150273972869181,0.384002646199011,0.103431688634935,9.95223150281293
"AAS",0.4149,2.17393827602999,0.651552085592916,0.639807577767067,4,1.26033374712233,13.0166873574717,0.69027178661671,3.48272466888657,0.150286649238288,0.383487475327115,0.103181211175751,9.95534085379111
"AAS",0.4169,2.18441761214004,0.647914109475347,0.636235177740693,4,1.26030726558713,13.0153632664057,0.690910474095819,3.47851547282007,0.15029814829799,0.382970251851032,0.102931191590345,9.95830323908223
"AAS",0.4189,2.19489694825009,0.64427804316326,0.632664653094732,4,1.26027854127677,13.0139270858815,0.691554510030709,3.47424801313983,0.150308179982426,0.38244618316585,0.10267886017988,9.96120899930617
"AAS",0.4209,2.20537628436014,0.64064389802984,0.629096014997362,4,1.26024647689447,13.0123236613488,0.692199581597282,3.46994591380688,0.150316728856987,0.381917616363731,0.10242593996587,9.96397608077639
"AAS",0.4229,2.21585562047019,0.637011890371162,0.625529475845829,4,1.26021214939345,13.0106074659995,0.69284596782954,3.46561448506466,0.150324191921784,0.381385419948002,0.102172484186904,9.96665592197522
"AAS",0.4249,2.22633495658024,0.633381881871267,0.621964899817378,4,1.26017418168728,13.0087090823351,0.69349261426265,3.46125263785661,0.150330098421198,0.380849260373502,0.101918728992551,9.96917715059268
"AAS",0.4269,2.23681429269029,0.629753988189458,0.618402400486504,4,1.26013259686396,13.00662987809,0.694141544479707,3.45684683861923,0.150334271401538,0.380307790951437,0.101663882308016,9.97155517595943
"AAS",0.4289,2.24729362880035,0.626128266541622,0.614842034037752,4,1.26008853836648,13.0044269816504,0.694792350093008,3.45240667187823,0.150337306500665,0.379761920401964,0.101408249701408,9.97383976389527
"AAS",0.4309,2.2577729649104,0.622504771154494,0.611283853720397,4,1.26003981974269,13.0019911318689,0.695444792414996,3.44792123982321,0.150338183504184,0.379210358038595,0.101151884375664,9.97592812953137
"AAS",0.4329,2.26825230102045,0.618883552626257,0.607727909220566,4,1.25998900655151,12.999450473369,0.696098291198193,3.44341029297714,0.150338025379458,0.378655686720933,0.100895071832439,9.97793366502748
"AAS",0.4349,2.2787316371305,0.61526466900232,0.604174257537378,4,1.25993462216038,12.9967306283202,0.696753363956402,3.43886135399918,0.150336258793211,0.378096341069479,0.10063749552297,9.97979152565178
"AAS",0.4369,2.28921097324055,0.611648160066627,0.600622937737653,4,1.25987606066838,12.993802882996,0.697411272730923,3.43426207895614,0.150332416142102,0.377530631542278,0.100378858815527,9.98148461796012
"AAS",0.4389,2.2996903093506,0.608034092434972,0.597074015236405,4,1.25981385681856,12.990692593003,0.698070722610597,3.42962479282377,0.15032710952515,0.376960263117189,0.10011936063505,9.98302646390838
"AAS",0.4409,2.31016964546065,0.604422516011114,0.593527539037858,4,1.25974771849811,12.9873857918809,0.698731098436279,3.42495284547752,0.150320013294768,0.37638550785057,0.0998595890808675,9.98439925612579
"AAS",0.4449,2.33112831768075,0.59720706021177,0.586442144946513,4,1.25960305852465,12.9801529242512,0.700056756610837,3.41548676636292,0.150299980605464,0.375220876889993,0.0993381088955511,9.98662534981517
"AAS",0.4469,2.3416076537908,0.593603293628166,0.582903337812475,4,1.25952415972739,12.9762078304018,0.700721662126925,3.4106935531779,0.150286975586752,0.374631119156425,0.0990765684156887,9.98745785014298
"AAS",0.4489,2.35208698990085,0.59000224052484,0.579367195247061,4,1.25944064549766,12.9720323038526,0.701389577267964,3.40584642914332,0.150272165908899,0.374034549951562,0.0988135865157636,9.98810541474088
"AAS",0.4509,2.3625663260109,0.586403961488801,0.575833776745171,4,1.2593522034598,12.9676101779564,0.70205902549669,3.4009562224838,0.15025481681705,0.373432722691272,0.0985503548864803,9.98854060445245
"AAS",0.4529,2.37304566212095,0.582808513425644,0.572303138186656,4,1.25925893790055,12.9629468926005,0.702727791594308,3.39603794703763,0.15023556024081,0.372827443588554,0.098287100918367,9.98875316026246
"AAS",0.4549,2.383524998231,0.579215955642753,0.568775337809855,4,1.25916161476458,12.9580807404931,0.703398804121263,3.39107642921188,0.150214267034195,0.372216870841796,0.0980231752474438,9.98879902710568
"AAS",0.4569,2.39400433434105,0.575626348391058,0.565250434779652,4,1.25905824906476,12.9529124531867,0.704074246334443,3.38604384927396,0.150190371059164,0.371597632587876,0.097757320579321,9.98860294144436
"AAS",0.4589,2.4044836704511,0.572039752417989,0.561728488748476,4,1.25894975616463,12.9474878086633,0.704749709850654,3.38097765644376,0.150164021772094,0.37097407791157,0.0974917304993875,9.98817441875757
"AAS",0.4609,2.41496300656115,0.568456229792878,0.558209560666833,4,1.25883575268907,12.9417876342216,0.705426404833519,3.37586697024556,0.150135461695498,0.370345188614694,0.0972255178702057,9.98750438614459
"AAS",0.4629,2.42544234267121,0.564875843382332,0.554693712268133,4,1.25871601055991,12.9358005280286,0.706104677211583,3.37070854399513,0.150104093336568,0.36971045216222,0.0969589057888812,9.98658456690623
"AAS",0.4649,2.43592167878126,0.561298657384864,0.551181006593683,4,1.25858732246767,12.9293661233308,0.706783532368767,3.36548957425683,0.150069331289164,0.36906796090277,0.0966918417381824,9.98526041523499
"AAS",0.4669,2.44640101489131,0.55772384521036,0.547670631953012,4,1.25845850925152,12.9229254044638,0.707465183337439,3.36024847489319,0.150033757604889,0.368423330332974,0.0964240864120505,9.98395315640755
"AAS",0.4689,2.45688035100136,0.554154149902452,0.544165281945206,4,1.25832028355821,12.9160141779209,0.708147558193666,3.35494374677525,0.149994218472378,0.367770776727655,0.0961558969356439,9.9822207481999
"AAS",0.4709,2.46735968711141,0.550586071903771,0.540661520093929,4,1.25817558718621,12.9087792666762,0.708831194270231,3.34958996415599,0.149951969234212,0.367112243659024,0.0958873471754777,9.98020139299451
"AAS",0.4729,2.47783902322146,0.547023245220393,0.537162914900729,4,1.25802384137758,12.9011920696685,0.70951635142859,3.34418089859922,0.149906715071129,0.366446829169326,0.0956181313998364,9.97787164488654
"AAS",0.4749,2.48831835933151,0.543463068352183,0.533666911758633,4,1.25786509226802,12.8932546130313,0.710202693753814,3.33872096628068,0.14985809462337,0.365775362141438,0.095348746806396,9.97522932578347
"AAS",0.4769,2.49879769544156,0.539906504303141,0.530174456313079,4,1.25769841991687,12.884920995766,0.710890434783617,3.33320280670578,0.149806138253583,0.36509693639406,0.0950788019710305,9.97223391007978
"AAS",0.4789,2.50927703155161,0.536353627092151,0.526685621248729,4,1.25752524403223,12.8762622015092,0.711579092582041,3.32763782573432,0.149751350500391,0.364412698991349,0.0948086002433298,9.96894780761592
"AAS",0.4809,2.51975636766166,0.532804512358859,0.52320048084179,4,1.25734357456947,12.8671787283936,0.712268967261343,3.32201323221083,0.149692787746309,0.363721559679728,0.0945378634184785,9.96528043405838
"AAS",0.4829,2.53023570377171,0.529259237483934,0.519719111078113,4,1.25715358293363,12.8576791466294,0.712959883932447,3.31633008627227,0.149630935520969,0.363023248123627,0.0942665278418878,9.96123922398005
"AAS",0.4849,2.54071503988176,0.525717881743321,0.516241589804658,4,1.25695529010659,12.8477645051292,0.713651903831639,3.31059081005773,0.149564833258818,0.362318291922815,0.0939954612495227,9.95682369650544
"AAS",0.4869,2.55119437599181,0.522180526321966,0.512767996742979,4,1.25674812812548,12.8374064068891,0.714344780745048,3.3047909107948,0.14949551481366,0.361605591971287,0.0937239445911316,9.95200778567273
"AAS",0.4889,2.56167371210186,0.518647254383943,0.50929841355808,4,1.25653177301932,12.8265886509065,0.715038533573626,3.29893151999204,0.149421617851378,0.360886361476486,0.0934522542698336,9.9467744117855
"AAS",0.4909,2.57215304821191,0.515118151219189,0.505832924002511,4,1.25630591784427,12.8152958923076,0.715732931312906,3.29301049851209,0.149343916237876,0.36015992495281,0.0931799246586187,9.94110908667379
"AAS",0.4929,2.58263238432196,0.511593304286941,0.502371613959018,4,1.25607030796679,12.8035153983947,0.716428169403167,3.28702630388346,0.149261799143079,0.359425850382936,0.0929076524122628,9.93500055563175
"AAS",0.4949,2.59311172043201,0.508072803318646,0.498914571541601,4,1.25582445035622,12.7912225184415,0.717123951041577,3.28097746711562,0.149175436238375,0.358683831490775,0.0926353537475049,9.92842418964524
"AAS",0.4969,2.60359105654207,0.504556740385125,0.495461887161463,4,1.25556799992876,12.7783999963103,0.717820281595199,3.27486339914836,0.149084094523866,0.357934650834846,0.0923627333283772,9.92136315083234
"AAS",0.4989,2.61407039265212,0.501044333539008,0.492012792966176,4,1.25530064066266,12.765031938024,0.718516821674004,3.26868373199425,0.14898831551392,0.357177270993661,0.092090363354749,9.91380079443656
"AAS",0.5009,2.62454972876217,0.497538309322056,0.488569966350404,4,1.25502215653264,12.7511078269678,0.719213419271049,3.26243904127718,0.148887578156311,0.356412542017074,0.0918179353374113,9.9057258384808
"AAS",0.5029,2.63502906487222,0.49403613781251,0.485130922995323,4,1.25473294432218,12.7366472162186,0.719912018423078,3.2561180965323,0.148781995597205,0.355639308405603,0.0915445478747697,9.89717015423416
"AAS",0.5049,2.64550840098227,0.49053879811259,0.481696624354412,4,1.25442863724197,12.7214318600864,0.720608572586059,3.24972372716731,0.148670270496708,0.354856680576822,0.0912724289596815,9.88790302002218
"AAS",0.5069,2.65598773709232,0.48704639506309,0.478267173378665,4,1.25411599775084,12.7057998877704,0.721304433412345,3.24328669191607,0.148554668029734,0.35406979537011,0.0910004779362501,9.8782458286752
"AAS",0.5089,2.66646707320237,0.483559037056351,0.474842676506603,4,1.25378531984324,12.6892659924177,0.722002988231001,3.23672643006129,0.148431302667235,0.353268370702468,0.0907273687281289,9.86777495977897
"AAS",0.5109,2.67694640931242,0.480076834787225,0.471423242437756,4,1.25344306823943,12.6721534118012,0.722699881354747,3.23011179350199,0.148303043349428,0.352460518438553,0.0904553356325969,9.8567569629576
"AAS",0.5129,2.68742574542247,0.476599034104853,0.46800813061516,4,1.25308718818484,12.6543594069467,0.72339668042198,3.22341929857805,0.148168817256566,0.35164382060419,0.090183100703179,9.84510874131573
"AAS",0.5149,2.69790508153252,0.47312835693268,0.464600013898415,4,1.25271895481102,12.6359477410323,0.724093651075784,3.2166543863442,0.148029186201512,0.350818840181782,0.0899107827779885,9.83289108628694
"AAS",0.5169,2.70838441764257,0.469662318899133,0.461196452697818,4,1.25233183955557,12.6165919779078,0.724788199295401,3.20980120108777,0.14788111458816,0.349984465094965,0.0896395816353485,9.81978044681013
"AAS",0.5189,2.71886375375262,0.466201049076772,0.45779757375934,4,1.25193098564114,12.5965492839025,0.725482549575346,3.20286948713311,0.14772746017891,0.349140379726248,0.089368490478335,9.80603431252229
"AAS",0.5209,2.72934308986267,0.462746397582124,0.454405193850359,4,1.25151449799394,12.575724891758,0.726176153319917,3.19585448984077,0.147567028650571,0.348287278427969,0.0890974801795314,9.79155893890827
"AAS",0.5229,2.73982242597272,0.4592976356503,0.451018597342288,4,1.2510812021216,12.5540604041618,0.726868305607476,3.18875464379583,0.14739908003116,0.347424429852097,0.0888272743926547,9.77629541346868
"AAS",0.5249,2.75030176208277,0.455855758323509,0.44763876134127,4,1.25063192530789,12.5315962655444,0.727559639796164,3.18156996669083,0.147224326819755,0.346552200073808,0.0885572506200644,9.760285412485
"AAS",0.5269,2.76078109819282,0.452419175070101,0.444264123985674,4,1.25016425503945,12.5082127520858,0.728249094480553,3.17429361601265,0.147042025376134,0.345668942643973,0.0882881862123851,9.74341105477546
"AAS",0.5289,2.77126043430287,0.448988889775241,0.440895671065203,4,1.2496794746192,12.4839737310865,0.72893759733064,3.16692837712482,0.146851883590852,0.3447762421667,0.0880194162687685,9.72573671745223
"AAS",0.5309,2.78173977041293,0.445565045961302,0.437533543515177,4,1.24917601159175,12.4588005778119,0.729623675282795,3.15947391180466,0.146653873016369,0.343873524072336,0.0877512213495516,9.70718014708553
"AAS",0.5329,2.79221910652298,0.442147790495424,0.434177885555391,4,1.24865500968657,12.4327504844679,0.730309041264533,3.15192764972596,0.146447910542282,0.342960602861387,0.0874841098643639,9.68780421352745
"AAS",0.5349,2.80269844263303,0.438737273541178,0.430828844642655,4,1.2481124118115,12.405620590808,0.73099279251025,3.14426999742278,0.146232697787465,0.342035687850947,0.0872164740030524,9.66741720287661
"AAS",0.5369,2.81317777874308,0.43533364823248,0.427486571150578,4,1.24755100345236,12.3775501725819,0.731672709881975,3.13653552745247,0.146009235570017,0.341101759285829,0.0869516842404086,9.64612900042543
"AAS",0.5389,2.82365711485313,0.431937070693164,0.424151218388795,4,1.24697274354044,12.3486371770974,0.732353882918421,3.1286952025182,0.145778575018383,0.340156025867771,0.0866854746914833,9.62407081522883
"AAS",0.5409,2.83413645096318,0.428546854806621,0.420822112608245,4,1.24637042433547,12.3185212200178,0.733029368048903,3.12076153777558,0.145537652811018,0.339200597333949,0.0864212547590478,9.60085507452619
"AAS",0.5429,2.84461578707323,0.425165700473175,0.417501905042383,4,1.24574733647426,12.2873668238941,0.73370376069908,3.11271800679526,0.145287654890875,0.338232383575095,0.0861576317490547,9.57666957476796
"AAS",0.5449,2.85509512318328,0.421790389105866,0.414187435120669,4,1.24510364986831,12.2551824952963,0.734374170169861,3.10458955587752,0.145028549944096,0.33725565500504,0.0858956932844565,9.55149810639801
"AAS",0.5469,2.86557445929333,0.418424470628006,0.410882188777514,4,1.24443747769023,12.2218738840859,0.735041854045461,3.09635271874827,0.144760080932397,0.336266293083799,0.0856346951739275,9.52526570443172
"AAS",0.5489,2.87605379540338,0.415065577429564,0.407583841080081,4,1.24375051962947,12.1875259815623,0.735708952774316,3.08800668378845,0.144481370902636,0.335266156130375,0.0853738362849393,9.49806321103435
"AAS",0.5509,2.88653313151343,0.411713880666859,0.404292560099521,4,1.24304165554165,12.1520827753676,0.736372775374533,3.07955985503393,0.144193852232461,0.334254352971462,0.0851140651363077,9.46982211721627
"AAS",0.5529,2.89701246762348,0.408372093051478,0.401011009649624,4,1.24231106986002,12.115553492977,0.737034252640233,3.07100943528724,0.143896603589592,0.333231267436538,0.0848556650699121,9.44055555016055
"AAS",0.5549,2.90749180373353,0.405037849775555,0.397736867549207,4,1.2415574913393,12.0778745670994,0.737690819012104,3.06236547877509,0.143589128658565,0.33219852889945,0.0845986734371212,9.41018691797209
"AAS",0.5569,2.91797113984358,0.401712167802336,0.394471132430314,4,1.24080153344971,12.0400766724929,0.738364824395025,3.05358875534289,0.143278252412011,0.331151592400009,0.0843356824707235,9.37983213587077
"AAS",0.5589,2.92845047595363,0.398395239414807,0.391213993109946,4,1.23998340811421,11.9991704058422,0.738994243782281,3.04477087599486,0.142946359192465,0.330098721548112,0.0840880997219453,9.34627599339624
"AAS",0.5609,2.93892981206368,0.395087226908729,0.387965608958416,4,1.23912121545349,11.9560607726927,0.73963404455577,3.03563724429934,0.14259317801745,0.329010732825079,0.0838371714893476,9.310748815055
"AAS",0.5629,2.94940914817373,0.391788308126254,0.384726154612191,4,1.23832311791094,11.9161558955023,0.740292223324368,3.02674013121582,0.142263811871758,0.327953440859234,0.0835796603015899,9.27832198551333
"AAS",0.5649,2.95988848428378,0.388498668340141,0.381495812004411,4,1.23743850988223,11.8719254960191,0.740918612474607,3.01757365154541,0.141902263223652,0.326862475548055,0.0833331205509614,9.24165918224547
"AAS",0.5669,2.97036782039384,0.38521764875269,0.378273934212487,4,1.23650632058278,11.8253160252272,0.741539753492983,3.0081849212549,0.141518480963562,0.325748730544706,0.0830889550205061,9.20274640068229
"AAS",0.5689,2.98084715650389,0.38194790056327,0.375063124646775,4,1.23566433596157,11.7832167981157,0.742205437552784,2.99899401493179,0.141167403297258,0.324659225663706,0.0828299660660371,9.16833569965309
"AAS",0.5709,2.99132649261394,0.378687132367447,0.371861133206397,4,1.23466820743531,11.7334103717102,0.742795130318784,2.98946433087298,0.140759693201597,0.32352869608183,0.0825970047242267,9.126232711231
"AAS",0.5729,3.00180582872399,0.375435510879187,0.368668123600225,4,1.23378614497231,11.6893072392288,0.743455527685782,2.98008990610018,0.140390545595025,0.322420560022409,0.0823396799939554,9.08992210959025
"AAS",0.5749,3.01228516483404,0.372195653888689,0.365486666431661,4,1.2328168592988,11.6408429649769,0.744079420087353,2.9704791334857,0.139988374721553,0.321284757458706,0.0820944640767245,9.0493053911858
"AAS",0.5769,3.02276450094409,0.368965291501187,0.362314532721773,4,1.23181597615792,11.5907988079137,0.744695696015644,2.96074541429866,0.139573141778562,0.320134305770619,0.0818530692436457,9.00716741139197
"AAS",0.5789,3.03324383705414,0.365745398171902,0.359152679360805,4,1.23075911127134,11.5379555623904,0.745279792170232,2.95092198161362,0.13913672948778,0.318973675892487,0.0816226401154676,8.96220224273605
"AAS",0.5809,3.04372317316419,0.362536123663836,0.356001253412215,4,1.22971754593697,11.4858772968748,0.745905961245081,2.9408979474079,0.13870050816237,0.31779325012533,0.0813774874756791,8.91824433314749
"AAS",0.5829,3.05420250927424,0.359337619120672,0.352860403295256,4,1.22874325736952,11.4371628684425,0.746556102562229,2.93108536335094,0.13828998445333,0.316638283316447,0.0811243080510999,8.87757792214436
"AAS",0.5849,3.06468184538429,0.356149275346962,0.349729530795494,4,1.22759859011477,11.379929501323,0.747137157611186,2.92079856120942,0.137813754594758,0.315427380890482,0.0808954148236057,8.82851334868261
"AAS",0.5869,3.07516118149434,0.352973578375796,0.346611077134195,4,1.22659989446983,11.3299947237118,0.747775243692858,2.91093419078005,0.137392997637304,0.314267651301349,0.0806462738667381,8.7866278044041
"AAS",0.5889,3.08564051760439,0.349807551049367,0.34350211881811,4,1.22541606208153,11.2708029466205,0.748327089431952,2.90063204649348,0.136902662263712,0.313055514412797,0.0804278335883512,8.73553576394337
"AAS",0.5909,3.09611985371444,0.346654446785572,0.340405850620871,4,1.22430258640701,11.215129320365,0.748951162206137,2.89022779733634,0.136432138386427,0.31183475234319,0.0801847247542337,8.68822226461069
"AAS",0.5949,3.11707852593454,0.340381281746155,0.334245762091418,4,1.22202130599755,11.1010652998608,0.750157365947599,2.86940867029416,0.135471490277345,0.309392645969652,0.079713887636492,8.59077193555074
"AAS",0.5969,3.12755786204459,0.337261480441168,0.331182196552767,4,1.22091108381434,11.0455541710639,0.750758124656423,2.85918471972524,0.135004367411528,0.308193540145313,0.0794788884448388,8.54344167243487
"AAS",0.5989,3.13803719815464,0.334154337996111,0.328131061692628,4,1.21970093068097,10.9850465393818,0.751352589212005,2.84845071121657,0.134493053720473,0.306936548865882,0.0792475299286611,8.49142700774549
"AAS",0.6009,3.1485165342647,0.331059173513758,0.32509168888724,4,1.21851523792932,10.9257618268297,0.751954753880295,2.83780064739918,0.133991033337105,0.305689488182835,0.0790139172077962,8.44060176159919
"AAS",0.6029,3.15899587037475,0.327976871898319,0.322064947090033,4,1.21732118670265,10.8660593352165,0.752537586091883,2.82723615267652,0.133487538404086,0.304452824870234,0.0787860001882381,8.38925158390557
"AAS",0.6049,3.1694752064848,0.324905227203189,0.319048670117542,4,1.21612121087231,10.8060604081459,0.753149195353646,2.816445467584,0.132976290591173,0.303191815743957,0.0785496101216416,8.33782809236478
"AAS",0.6069,3.17995454259485,0.321847410833493,0.316045972208945,4,1.21491251282658,10.7456256410624,0.753743489932118,2.80572236953095,0.132464125957912,0.301937644243559,0.0783187345760062,8.28587891052739
"AAS",0.6089,3.1904338787049,0.318800458095516,0.313053942110413,4,1.21368988635285,10.6844943037432,0.754343686728687,2.79488582054135,0.131943022386211,0.300672627071319,0.0780863583115287,8.23332188785838
"AAS",0.6109,3.20091321481495,0.315766748723972,0.310074916660911,4,1.21246183268431,10.6230916319764,0.754939832499005,2.78404397117691,0.131420972442934,0.299405304888539,0.0778560159630936,8.18048624236169
"AAS",0.6129,3.211392550925,0.312746358780084,0.307108970550629,4,1.2112348045823,10.5617402294089,0.755533405800962,2.77322659139076,0.130898891829203,0.298142036940917,0.0776260256516534,8.12767931772263
"AAS",0.6149,3.22187188703505,0.309737856284311,0.304154697612073,4,1.20999353513354,10.4996767566713,0.756131559832566,2.76230156920669,0.130368608323882,0.296867567237548,0.0773952086803409,8.07424196414743
"AAS",0.6169,3.2323512231451,0.306741334990398,0.301212189909038,4,1.2087372766522,10.4368635594204,0.756732491354509,2.75127397755805,0.129831292644118,0.295580815847098,0.0771643936207787,8.02012850022321
"AAS",0.6189,3.24283055925515,0.303759087142523,0.298283698367009,4,1.20749380688028,10.3746903440888,0.757330075764338,2.74034038544049,0.129299515352172,0.294305309341334,0.0769344477296421,7.9665854981735
"AAS",0.6209,3.2533098953652,0.300788219268278,0.295366381669669,4,1.20623648625802,10.3118243059785,0.757931097535017,2.72930730693641,0.128760508402635,0.293018653238979,0.0767040847961594,7.91242304307315
"AAS",0.6229,3.26378923147525,0.297831757211369,0.292463211118585,4,1.20496528037492,10.2482640187307,0.758534324177644,2.71818320112147,0.128214495469041,0.291721921342833,0.0764736251982448,7.85763109779963
"AAS",0.6249,3.2742685675853,0.294886806367038,0.289571344285498,4,1.20370981713971,10.1854908410533,0.759136413181081,2.70715218176968,0.127675987375554,0.290435870894102,0.0762427477487559,7.80356320852328
"AAS",0.6309,3.30570657591545,0.286133345536797,0.280975668368386,4,1.19989716231078,9.99485811554496,0.760957516673139,2.67370899208095,0.126032766330586,0.2865391616011,0.0755502281930039,7.63931232398388
"AAS",0.6329,3.3161859120255,0.283241598647439,0.278136046465999,4,1.19862209097061,9.93110454854255,0.761568098551552,2.66251321748003,0.125481933737052,0.285235063836392,0.0753184912076974,7.58439356125566
"AAS",0.6349,3.32666524813555,0.28036236807633,0.275308715269817,4,1.19734502756554,9.86725138478549,0.762180613622129,2.6512940502546,0.124929564665656,0.283928427110525,0.0750867119996727,7.52939536852724
"AAS",0.6369,3.33714458424561,0.277497133918016,0.272495128195042,4,1.19606806606022,9.80340330580712,0.7627961102026,2.64005508322653,0.124376336095561,0.282619506996343,0.0748544119895713,7.4744232036076
"AAS",0.6389,3.34762392035566,0.274645212498662,0.269694613891357,4,1.19478993581628,9.73949697812203,0.763412182954774,2.62880564777817,0.123822342950555,0.281309699114133,0.0746219127036397,7.41940111862499
"AAS",0.6409,3.35810325646571,0.271807349169806,0.266907904275016,4,1.19351138104069,9.67556905202749,0.764033582028691,2.6175193872072,0.1232662039127,0.279995968058891,0.0743887750284986,7.36439544758501
"AAS",0.6429,3.36858259257576,0.268981451659893,0.264132944788561,4,1.19223290119872,9.61164504920674,0.764656003958779,2.60622560846837,0.122710011340932,0.27868138832402,0.0741550545317689,7.30940167399885
"AAS",0.6449,3.37906192868581,0.266170376658141,0.261372540628154,4,1.19095472594419,9.54773629721164,0.765281427575989,2.59491227239861,0.122153205813842,0.277364398655569,0.0739207922083801,7.25444379255614
"AAS",0.6469,3.38954126479586,0.263371341577418,0.258623959363998,4,1.18967714315846,9.48385716244292,0.765909075228713,2.58358646439772,0.121596343732526,0.276045653536631,0.0736860922993063,7.19952981637717
"AAS",0.6489,3.40002060090591,0.26058717172886,0.255889975379775,4,1.18840015933524,9.42000796677229,0.766539302094263,2.57224842637197,0.121038252804744,0.274726366726576,0.0734510937388957,7.14466040984391
"AAS",0.6509,3.41049993701596,0.257815107297427,0.253167878607304,4,1.18712435688592,9.35621783817466,0.767174346594195,2.56088398842565,0.120479668003841,0.273404169582125,0.0732147293020156,7.08988024463132
"AAS",0.6529,3.42097927312601,0.255057255651575,0.250459738428814,4,1.18584986920541,9.29249347316646,0.767810958777814,2.54951443340895,0.119921662465286,0.272080884665268,0.0729779327441707,7.03517363645109
"AAS",0.6549,3.43145860923606,0.252312974173027,0.247764923809499,4,1.18456448550144,9.22822427493628,0.768454227777051,2.53804169880656,0.119356541188933,0.270746538977853,0.072740114778891,6.980006428271
"AAS",0.6569,3.44193794534611,0.249582193130525,0.245083366275038,4,1.18330581478768,9.16529073602973,0.769093898996734,2.52673791732466,0.118804840154511,0.26943031083942,0.072502779822409,6.92605668336825
"AAS",0.6589,3.45241728145616,0.246865021435032,0.242415172773227,4,1.18203652999556,9.10182650730936,0.769741112471307,2.51532729432778,0.118245624323777,0.268103078329683,0.0722640357646628,6.8716652639458
"AAS",0.6609,3.46289661756621,0.244161447286095,0.23976033171632,4,1.18076974490711,9.03848723570165,0.770390434175348,2.50391427984714,0.117687557147082,0.266775258512421,0.0720243755476766,6.81740629486244
"AAS",0.6629,3.47337595367626,0.241471487527226,0.237118859644219,4,1.17950545224698,8.97527244280523,0.771042587092653,2.49249602743128,0.117129837399687,0.265446659740438,0.0717844034124967,6.76328284469903
"AAS",0.6649,3.48385528978631,0.238795823390077,0.234491425509081,4,1.17824324486227,8.91216224276639,0.771699151420916,2.48105900075665,0.116571979323245,0.264115754528384,0.0715435256381338,6.70928806315731
"AAS",0.6669,3.49433462589636,0.236133132952833,0.231876731217302,4,1.17698112884097,8.84905644205079,0.772358455214746,2.4696046243993,0.116013191558517,0.262783634347054,0.0713016614581727,6.65531630465203
"AAS",0.6689,3.50481396200641,0.233483439136234,0.229274799276465,4,1.17572459858495,8.78622993651648,0.773025353773039,2.45812907900983,0.115455538843582,0.261449007979704,0.0710576557147262,6.60165807794717
"AAS",0.6709,3.51529329811647,0.230848042711902,0.226686907011224,4,1.17446156541202,8.72307810958185,0.773696505469541,2.44658732736166,0.114894496541836,0.260105796629254,0.0708133487828869,6.54772866495722
"AAS",0.6729,3.52577263422652,0.228226462104287,0.224112581526634,4,1.17320766144289,8.66038307204349,0.77436859057635,2.43509188360068,0.11433602943007,0.258769217206562,0.0705685341920174,6.49422878680472
"AAS",0.6769,3.54673130644662,0.223024138231268,0.219004031788931,4,1.17072282444709,8.53614122823697,0.77571777737221,2.41219067296717,0.113229328986069,0.25610541821226,0.0700770598856708,6.3883334467299
"AAS",0.6809,3.56768997866672,0.217877369584264,0.213950035870292,4,1.16823997912227,8.41199895624651,0.777086713010038,2.38916552959623,0.112119124100448,0.253427307075388,0.069580977141116,6.28267101271884
"AAS",0.6829,3.57816931477677,0.215323618635525,0.211442317385673,4,1.16697695929279,8.34884796646945,0.777779849895992,2.37747662163789,0.111551748150252,0.252068405033391,0.0693318542156068,6.22889700787583
"AAS",0.6929,3.63056599532702,0.202764970812196,0.199110044614938,4,1.16086661729243,8.04333086462114,0.781289770046148,2.31985186650531,0.108800182194253,0.24536713886067,0.068068292034538,5.96985722350232
"AAS",0.6949,3.64104533143707,0.200293808807479,0.196683426372946,4,1.15965059171021,7.98252958228888,0.78200350157616,2.30827985058674,0.108250054819665,0.244021071679011,0.0678130127951246,5.91841358485947
"AAS",0.6969,3.65152466754712,0.197837053558383,0.19427095519858,4,1.15843870858078,7.92193542696986,0.78272472070618,2.29668076763154,0.107700017786223,0.242673181168372,0.0675549050739142,5.8672146573555
"AAS",0.6989,3.66200400365717,0.195394092610577,0.191872029677264,4,1.15721533406717,7.86076670233993,0.783452258318939,2.28497244769982,0.107144265052648,0.241311947829268,0.0672951099952797,5.81552909172378
"AAS",0.7029,3.68296267587727,0.190549585597265,0.187114846995787,4,1.15481877230642,7.74093860662252,0.784908779858248,2.26183014037665,0.106052606947558,0.238621804748937,0.0667767071490967,5.7144935181097
"AAS",0.7049,3.69344201198733,0.188148052380263,0.18475660245253,4,1.15361964960657,7.68098247829657,0.785644584370894,2.25020207361084,0.105504995458332,0.237270132687988,0.0665153488003435,5.66399101340636
"AAS",0.7069,3.70392134809738,0.185760342326312,0.182411931903839,4,1.15242416499384,7.62120824944179,0.786387151122392,2.23854821300426,0.10495769786136,0.235916241854326,0.0662515173983562,5.61370523268371
"AAS",0.7089,3.71440068420743,0.183387054650197,0.180081423763391,4,1.15123321207486,7.56166060375672,0.787132223498968,2.22690129935202,0.104412038003344,0.234562685148276,0.0659870756955612,5.56364859338894
"AAS",0.7129,3.73535935642753,0.178680245873415,0.175459457248242,4,1.1488415776221,7.44207888971166,0.788645811302146,2.20339720432884,0.103311211234537,0.231832314140054,0.0654529434948725,5.4632469585696
"AAS",0.7149,3.74583869253758,0.176347881311193,0.173169134564882,4,1.14767829828781,7.38391490329381,0.789396541243123,2.19186336799106,0.102777148436628,0.230491239565494,0.0651866338893582,5.41451651618918
"AAS",0.7169,3.75631802864763,0.174029398661667,0.170892443566742,4,1.14649657010678,7.32482851242323,0.790159097833819,2.18015069435857,0.102231327722485,0.229130495816724,0.0649184905152944,5.36501042220256
"AAS",0.7209,3.77727670086773,0.169434043822208,0.166379921983546,4,1.14413721260754,7.2068604971478,0.791712389989343,2.1565543057123,0.101137052399238,0.226391076893212,0.0643720936706082,5.26638947854405
"AAS",0.7229,3.78775603697778,0.167157195067377,0.164144114411164,4,1.14298447443984,7.14922362080064,0.792479534928123,2.14496919816416,0.100603609468317,0.225044627296612,0.0641021115218176,5.21826334429874
"AAS",0.7249,3.79823537308783,0.164894236189493,0.161921946344695,4,1.14180535398732,7.09026769889353,0.79327301323129,2.1330594565459,0.100053234032998,0.22366312479161,0.0638236032911842,5.16909846662186
"AAS",0.7269,3.80871470919788,0.162645183509112,0.159713433810512,4,1.14064378679099,7.03218934458438,0.794058679966342,2.12129918207832,0.0995125441563402,0.222297299113536,0.0635481100670731,5.12069373732351
"AAS",0.7289,3.81919404530793,0.160410038055532,0.157518577819358,4,1.13950400098155,6.97520004660894,0.794844099440219,2.10965994031256,0.0989818890596893,0.220944529659574,0.0632727144173211,5.07329939235803
"AAS",0.7309,3.82967338141798,0.158188816733751,0.155337394971512,4,1.13835029882021,6.91751493746679,0.795642118149752,2.09786330121949,0.0984408779428616,0.219576919911307,0.0629933482069771,5.02534440062021
"AAS",0.7329,3.84015271752803,0.155981524409319,0.153169890044821,4,1.13716770082445,6.85838504118274,0.796445704747179,2.08586459192553,0.0978867518506394,0.218183591272249,0.0627141419688532,4.97609022473779
"AAS",0.7369,3.86111138974813,0.151608785134203,0.148875971284247,4,1.13490873791054,6.74543688294441,0.798063090163527,2.06238992941673,0.0968243453425041,0.215460651462202,0.062148362705331,4.88258362333248
"AAS",0.7389,3.87159072585818,0.149443353409065,0.146749572401463,4,1.13375247584469,6.68762379211541,0.798890228142235,2.05037702937504,0.0962777768673372,0.214067771789838,0.0618603332771583,4.83471891670188
"AAS",0.7409,3.88207006196824,0.147291897489048,0.144636897403874,4,1.13261693706496,6.63084685335584,0.79971387852815,2.0385059533391,0.0957400810179431,0.21269161278096,0.0615739365775133,4.7877892468234
"AAS",0.7469,3.91350807029839,0.140921503398403,0.138381332418846,4,1.12922188333794,6.46109416527319,0.802214563197842,2.00275384028854,0.0941272022030931,0.208547815135877,0.0607060540059288,4.64774794620274
"AAS",0.7489,3.92398740640844,0.138826051132563,0.136323651585374,4,1.12809908431986,6.40495416987001,0.803058398175824,1.99081478294159,0.0935920215885252,0.20716398482867,0.0604135879462238,4.60155346054784
"AAS",0.7509,3.93446674251849,0.136744679907492,0.134279797975827,4,1.12699169542195,6.34958475977056,0.803895370089816,1.9790061856523,0.0930653274672609,0.205794759802871,0.0601224708934165,4.5560272654653
"AAS",0.7529,3.94494607862854,0.1346773392466,0.132249722023478,4,1.1258581627582,6.2929081371337,0.804762315982149,1.96685279196252,0.0925200753133206,0.204388248720367,0.0598232992220683,4.5094963450456
"AAS",0.7549,3.95542541473859,0.132624068814347,0.130233462677819,4,1.12474620181482,6.23731008967903,0.805620783649932,1.95487445084449,0.0919867542352996,0.203001247997033,0.0595255667114879,4.4639088957203
"AAS",0.7569,3.96590475084864,0.13058488191873,0.128231033006964,4,1.12362969661823,6.18148514357957,0.806486513402987,1.94282430421322,0.0914494201401971,0.201605862681307,0.0592275514413509,4.4181596386518
"AAS",0.7609,3.98686342306874,0.126548817847034,0.124267720733818,4,1.1214336103451,6.07168051043528,0.808222640989701,1.9188924683614,0.0903915481500031,0.198834858095799,0.0586271992221277,4.32841128726013
"AAS",0.7629,3.99734275917879,0.124551975700064,0.12230687252922,4,1.12032987782326,6.0164938858165,0.809101765707834,1.90682342040296,0.0898566912725504,0.197438988605053,0.0583245128701676,4.2833486103603
"AAS",0.7649,4.00782209528884,0.122569282915277,0.120359918638441,4,1.11921515371378,5.9607576795932,0.810002475023633,1.8945470235392,0.0893127405349257,0.196020716058801,0.0580148393973711,4.23792847190424
"AAS",0.7669,4.01830143139889,0.120600755847557,0.118426875121558,4,1.11811296623975,5.90564831188688,0.810896926268853,1.88238308974498,0.0887761294372907,0.194614376986543,0.0577078655307964,4.19304525106511
"AAS",0.7689,4.02878076750894,0.118646903794113,0.116508242095478,4,1.11703916136888,5.85195806848657,0.811780300956323,1.87044664810869,0.0882554980788453,0.193232843098999,0.0574025289928271,4.14940535337787
"AAS",0.7729,4.04973943972904,0.114780373311473,0.112711407495204,4,1.11484356494447,5.74217824752613,0.813616548498077,1.84584822318454,0.0871763510450048,0.190393151186949,0.0567728756378745,4.06037981956688
"AAS",0.7749,4.0602187758391,0.11286870818296,0.110834200956508,4,1.11376552613218,5.68827630432717,0.814529698515957,1.8336900198914,0.0866476202573316,0.188988579275524,0.0564589727274729,4.01675076363686
"AAS",0.7789,4.0811774480592,0.109088663051337,0.107122292771435,4,1.11160983418919,5.58049170938998,0.816368684736513,1.80928980244515,0.0855870222162612,0.186170272148895,0.0558277856529008,3.92960049661445
"AAS",0.7829,4.1021361202793,0.105365384414774,0.103466127840824,4,1.1094586273782,5.47293136890634,0.818246571455456,1.78465671319341,0.0845197364887987,0.183328780716432,0.0551854162568128,3.84292842562296
"AAS",0.7849,4.11261545638935,0.103525268061695,0.101659180379975,4,1.1083856130219,5.41928065110896,0.819193848306189,1.77230028275359,0.0839851750350534,0.181904476383871,0.0548619660422093,3.7997697686792
"AAS",0.7889,4.13357412860945,0.0998882028252649,0.0980876748157141,4,1.10624544509851,5.31227225493426,0.821116629536808,1.74742552498514,0.08291443259622,0.17903896321753,0.0542045772855368,3.71392602505882
"AAS",0.7909,4.1440534647195,0.0980908572882189,0.0963227272084611,4,1.10518031632101,5.25901580844225,0.822084981843574,1.73497046797915,0.0823795732400436,0.177604989679429,0.0538741912414802,3.6712814147582
"AAS",0.7929,4.15453280082955,0.0963084208622816,0.0945724199691482,4,1.10411761054194,5.20588051925098,0.823059472443606,1.72248757055799,0.081844478910448,0.17616822709688,0.0535418476590097,3.62879264518267
"AAS",0.7969,4.17549147304965,0.0927870309448441,0.0911145046262807,4,1.1019867538335,5.09933769206544,0.825038749437212,1.69729079475553,0.0807648840758971,0.173271381064051,0.0528681035836977,3.54377291621288
"AAS",0.7989,4.1859708091597,0.0910485689919165,0.0894073792011036,4,1.10094417532715,5.04720876639132,0.826022459304819,1.68485527593472,0.0802380546137249,0.171839924806284,0.0525323912438514,3.50228466248092
"NTS",0.0231,1.00045863054323,1.01835627354362,0.999999961763489,4,1.2454845109601,12.2742255476914,0.587212048546304,3.62506642162233,0.138751088886549,0.404877686248865,0.118178700631636,9.03561025671921
"NTS",0.0230227424749164,0.997112615056465,1.01835481389503,0.999998528425703,4,1.24562665449704,12.2813327227963,0.58803265186849,3.61922137955486,0.13877439685388,0.404260279066221,0.117737812372418,9.04901894138462
"NTS",0.0229454849498328,0.993766599569699,1.0183491931387,0.999993008985931,4,1.24577109566035,12.2885547829522,0.588866157012238,3.61328668045459,0.138797988793384,0.403632155345616,0.117291346643984,9.06263959595145
"NTS",0.0228682274247492,0.990420584082932,1.01833936763143,0.999983360587678,4,1.2459159729701,12.2957986482856,0.589701820828306,3.60733892374468,0.138821557140039,0.403001392113636,0.116845091778452,9.07629656924779
"NTS",0.0227909698996656,0.987074568596165,1.01832530076285,0.99996954728048,4,1.24606128826836,12.3030644132937,0.590539639823734,3.60137804136964,0.138845104047347,0.402367978184844,0.116399047551855,9.08999002601027
"NTS",0.0227137123745819,0.983728553109399,1.0183069557761,0.999951532970043,4,1.24620704359184,12.3103521799928,0.591379639916679,3.59540396972061,0.138868626213073,0.401731901844301,0.115953212866334,9.10372014235483
"NTS",0.0226364548494983,0.980382537622632,1.0182842954728,0.999929281128497,4,1.24635323903459,12.317661950214,0.592221806347189,3.58941671384757,0.138892126398831,0.401093160174752,0.115507593702682,9.11748691319585
"NTS",0.0225591973244147,0.977036522135865,1.01825728437211,0.999902756914565,4,1.24649986710464,12.3249933537182,0.59306610318566,3.58341662720415,0.138915600214143,0.40045178629093,0.115062217974533,9.13128959313758
"NTS",0.0224819397993311,0.973690506649099,1.01822587770027,0.999871916361553,4,1.24664696056568,12.3323480275191,0.593912721979708,3.57740228019388,0.138939053312978,0.399807619970299,0.114616987891723,9.14513135566704
"NTS",0.0224046822742475,0.970344491162332,1.01819004859292,0.999836733089338,4,1.24679447144405,12.3397235694619,0.594761374271404,3.57137578483231,0.138962477427993,0.399160887352094,0.114172059841745,9.15900752952882
"NTS",0.0223274247491639,0.966998475675566,1.01814974251196,0.999797153542908,4,1.24694246192106,12.3471230964401,0.595612427789939,3.56533447965955,0.138985881909959,0.39851129396952,0.113727245845999,9.1729240967145
"NTS",0.0222501672240803,0.963652460188799,1.01810493398917,0.999753152713099,4,1.24709088310407,12.354544154686,0.596465590349616,3.55928048096004,0.13900925800684,0.397859066490144,0.113282703704176,9.18687632707561
"NTS",0.0221729096989967,0.960306444702032,1.01805557852672,0.999704686904179,4,1.24723975518868,12.3619877584564,0.597320980785462,3.55321295860682,0.139032606045879,0.397204109331584,0.112838378084297,9.20086613672836
"NTS",0.022095652173913,0.956960429215266,1.01800163657586,0.999651717280286,4,1.24738905566728,12.3694527855633,0.598178536729749,3.54713187439844,0.139055936283128,0.396546402143601,0.112394271784193,9.21489237165759
"NTS",0.0220183946488294,0.953614413728499,1.01794306747392,0.999594203911709,4,1.24753884984846,12.3769424907388,0.599038432740676,3.54103731917621,0.139079233711585,0.395885983298796,0.111950385520187,9.22895837494661
"NTS",0.0219411371237458,0.950268398241732,1.0178798309254,0.999532107229298,4,1.24768907640245,12.3844538203319,0.599900508937776,3.53492912943379,0.139102506381904,0.395222799415424,0.111506725056357,9.24306109785083
"NTS",0.0218638795986622,0.946922382754966,1.01781188538763,0.999465386439201,4,1.24783975910729,12.39198795588,0.600764846985634,3.52880723299698,0.139125750700811,0.394556847590491,0.111063284457348,9.25720185997666
"NTS",0.0217866220735786,0.943576367268199,1.01773918924959,0.999394000680456,4,1.24799089738799,12.3995448696747,0.601631423433138,3.52267166348447,0.13914896903284,0.393888127987021,0.110620070714299,9.27138059286015
"NTS",0.021709364548495,0.940230351781432,1.01766170085488,0.999317909047534,4,1.24814249383688,12.4071246893445,0.602500264485777,3.51652234847206,0.13917215921831,0.393216626596168,0.110177083669221,9.28559750924014
"NTS",0.0216321070234114,0.936884336294666,1.01757938512697,0.999237077096187,4,1.24829453484959,12.4147267343416,0.603371290408817,3.51035979227496,0.139195318970133,0.392542396774147,0.109734362072266,9.29985138063623
"NTS",0.0215548494983278,0.933538320807899,1.01749218528973,0.999151449073684,4,1.24844704872756,12.422352435031,0.604244660694634,3.5041829113982,0.139218452142362,0.391865313348571,0.109291833591239,9.31414481310851
"NTS",0.0214775919732441,0.930192305321132,1.01740005342043,0.999060977921132,4,1.24860004236555,12.430002115617,0.605120413408297,3.497991419837,0.139241558885735,0.391185339129497,0.108849484228026,9.32847843829519
"NTS",0.0214003344481605,0.926846289834365,1.01730296588078,0.998965640426329,4,1.24875348354033,12.4376741763711,0.605998362729965,3.49178664062289,0.139264633726314,0.390502616963372,0.108407410867803,9.34284923087532
"NTS",0.0213230769230769,0.923500274347599,1.01720086901556,0.998865383901208,4,1.24890738978985,12.4453694930547,0.606878608759907,3.48556787314967,0.139287678809064,0.389817064235157,0.107965568135672,9.35725882505236
"NTS",0.0212458193979933,0.920154258860832,1.01709371826139,0.998760164585678,4,1.24906176221367,12.4530881106853,0.607761158231152,3.47933507373108,0.139310692582586,0.389128673427173,0.107523958817805,9.37170731151373
"NTS",0.0211685618729097,0.916808243374066,1.01698146796924,0.998649937653531,4,1.24921660103542,12.4608300516098,0.608646005246069,3.47308820253141,0.139333679194734,0.388437430614207,0.107082582886686,9.38619475295241
"NTS",0.0210913043478261,0.913462227887299,1.01686407335327,0.998534659126236,4,1.2493718940348,12.4685946997036,0.609533133317437,3.46682717392035,0.139356633488387,0.387743320507807,0.106641443195896,9.40072059424958
"NTS",0.0210140468227425,0.910116212400532,1.0167414863021,0.998414281759624,4,1.24952769455401,12.4763847278924,0.610422685431198,3.46055200617693,0.139379553627252,0.387046360506164,0.10620053445588,9.41528762698938
"NTS",0.0209367892976589,0.906770196913766,1.01661366348736,0.998288763006335,4,1.24968394619213,12.4841973073826,0.611314504574288,3.45426266096401,0.139402444495368,0.386346517935361,0.105759869085614,9.42989291309489
"NTS",0.0208595317725753,0.903424181426999,1.01648057067463,0.998158069249053,4,1.24984065460056,12.4920327289492,0.61220856601155,3.44795972913309,0.139425299530941,0.385643862893491,0.105319490366958,9.44453616197383
"NTS",0.0207822742474916,0.900078165940232,1.01634211171033,0.998022106067402,4,1.24999787726665,12.4998938634792,0.613105195083159,3.44164091559454,0.139448127242406,0.384938134568023,0.1048792421733,9.45922272423563
"NTS",0.020705016722408,0.896732150453466,1.01619829052255,0.997880877318669,4,1.25015552374293,12.5077761860191,0.614003975890369,3.43530848441263,0.139470920399749,0.384229566959593,0.104439294092955,9.47394554258281
"NTS",0.0206277591973244,0.893386134966699,1.01604903666867,0.99773431382999,4,1.2503137149653,12.5156857504871,0.614905298889849,3.42896168416706,0.139493674492816,0.383518112951568,0.103999579146715,9.48871174770176
"NTS",0.0205505016722408,0.890040119479932,1.01589430761404,0.997582373833406,4,1.25047233283712,12.5236166443024,0.615808833103975,3.42260043470466,0.139516404596056,0.382803711100455,0.103560112101928,9.50351519493429
"NTS",0.0204732441471572,0.886694103993166,1.01573404701419,0.997425002000106,4,1.25063147052001,12.5315735264674,0.616714849944659,3.41622464074555,0.139539090577907,0.382086380617674,0.10312088711542,9.51836089654472
"NTS",0.0203959866220736,0.883348088506399,1.0155682087093,0.997262153002305,4,1.25079107402978,12.539553701601,0.617623226798479,3.4098341906496,0.139561742638666,0.381366082773175,0.102681903473595,9.53324612955339
"NTS",0.02031872909699,0.880002073019632,1.01539674197846,0.997093777033367,4,1.25095115961816,12.5475579775578,0.618533968055907,3.40342920634313,0.139584361013883,0.380642834893324,0.10224317150843,9.54817160954678
"NTS",0.0202414715719064,0.876656057532866,1.01521959121187,0.996919819485877,4,1.25111173445511,12.5555867211685,0.619447128678227,3.3970094190644,0.139606942539549,0.379916600490641,0.101804678104933,9.56313800599353
"NTS",0.0201642140468227,0.873310042046099,1.01503670855432,0.996740233367236,4,1.2512727952879,12.5636397637029,0.620362688684373,3.39057493673293,0.139629486613296,0.379187387625137,0.10136643618256,9.57814502984732
"NTS",0.0200869565217391,0.869964026559332,1.0148480424943,0.996554968094465,4,1.25143433246925,12.5717166255239,0.621280621558278,3.38412571767096,0.139651995660039,0.37845518331312,0.100928447094396,9.59319221710759
"NTS",0.0200096989966555,0.866618011072566,1.01465353345201,0.996363965161688,4,1.25159638567359,12.5798192836169,0.622201040928929,3.37766161843374,0.139674469679878,0.377719977758974,0.100490703696175,9.60828178924399
"NTS",0.0199324414715719,0.863271995585799,1.01445313362811,0.996167177631194,4,1.25175891970604,12.5879459855176,0.623123882585187,3.37118255535434,0.139696896564891,0.376981747296879,0.100053205298848,9.62341201202942
"NTS",0.0198551839464883,0.859925980099032,1.01424678650824,0.995964550007301,4,1.251921944093,12.5960972053225,0.624049140081259,3.36468856622084,0.139719289511188,0.376240491621291,0.0996159632555167,9.63858332129835
"NTS",0.0197779264214047,0.856579964612266,1.01403443984738,0.995756030986741,4,1.25208545633172,12.6042728171726,0.624976820711939,3.35817961180776,0.139741642256355,0.375496200531079,0.0991789791465513,9.65379563637011
"NTS",0.0197006688963211,0.853233949125499,1.01381603130337,0.995541559351095,4,1.25224947847228,12.6124739225749,0.625906997923286,3.35165548816849,0.139763955406479,0.374748853593813,0.0987422390921689,9.66905032094991
"NTS",0.0196234113712375,0.849887933638732,1.01359151142339,0.995321086538948,4,1.25241400734706,12.6207003655128,0.626839650590384,3.34511634617781,0.139786230509882,0.373998451514307,0.0983057657951959,9.68434705703366
"NTS",0.0195461538461538,0.846541918151966,1.01336082366436,0.995094557026442,4,1.25257902764511,12.6289513837139,0.627774749887111,3.33856206443099,0.139808456674009,0.373244999911937,0.0978695419636149,9.69968517632094
"NTS",0.0194688963210702,0.843195902665199,1.01312390147841,0.99486190546524,4,1.25274454813614,12.6372274066936,0.628712329841025,3.33199236815234,0.139830648914951,0.372488435185465,0.097433565398608,9.71506539702053
"NTS",0.0193916387959866,0.839849887178432,1.01288069725022,0.994623085098335,4,1.25291057148155,12.645528565836,0.6296523927116,3.3254074739521,0.139852793370294,0.37172878577679,0.0969978608711308,9.73048765010171
"NTS",0.019314381270903,0.836503871691666,1.01263114847198,0.99437803454463,4,1.25307710160157,12.6538550752466,0.630594946352255,3.31880726746488,0.139874901059384,0.37096604043735,0.0965624068678912,9.74595226785551
"NTS",0.0192371237458194,0.833157856204899,1.01237519397523,0.994126693738265,4,1.25324413940324,12.6622069749152,0.63154001161571,3.31219160733882,0.139896962000496,0.370200171596811,0.0961272155825789,9.76145944424069
"NTS",0.0191598662207358,0.829811840718132,1.01211277489322,0.993869004873579,4,1.25341168574437,12.6705842850467,0.632487589292843,3.30556046712014,0.13991897786386,0.369431172958376,0.0956922853167051,9.77700922744087
"NTS",0.0190826086956522,0.826465825231366,1.01184382803064,0.993604905894385,4,1.253579749735,12.6789874866896,0.633437710498855,3.2989137586086,0.139940946993078,0.368659030955567,0.095257614080198,9.79260221416198
"NTS",0.0190053511705686,0.823119809744599,1.01156829613568,0.993334340580871,4,1.25374831106164,12.687415553029,0.634390326183921,3.292251447577,0.13996287256275,0.367883731417327,0.0948232072579901,9.80823736175634
"NTS",0.018928093645485,0.819773794257832,1.01128611509343,0.993057245973808,4,1.25391739652168,12.695869827631,0.635345474723581,3.28557362376799,0.139984759153582,0.367105286823171,0.0943890699676404,9.82391597403696
"NTS",0.0188508361204013,0.816427778771066,1.01099722120956,0.992773559527006,4,1.25408699487201,12.7043497435943,0.636303212524898,3.27887991578964,0.140006585650233,0.366323651951824,0.0939551897201912,9.83963786972376
"NTS",0.0187735785953177,0.813081763284299,1.01070155304042,0.992483220904346,4,1.2542571203994,12.7128560186197,0.637263498034788,3.2721705903941,0.140028368373232,0.365538845458179,0.0935215826843548,9.85540350667079
"NTS",0.0186963210702341,0.809735747797532,1.01039904261457,0.992186163359619,4,1.25442775320946,12.7213876641061,0.638226327040945,3.26544533955332,0.14005010360336,0.364750825632548,0.093088240017993,9.87121216630094
"NTS",0.0186190635451505,0.806389732310766,1.01008962727735,0.991882325367522,4,1.25459889879494,12.7299449386935,0.639191704080545,3.2587041942569,0.140071791253128,0.363959593771337,0.0926551644676958,9.88706408833152
"NTS",0.0185418060200669,0.803043716823999,1.00977324116259,0.991571642249166,4,1.25477058870623,12.7385294349443,0.640159712501485,3.25194719367231,0.140093430522687,0.363165158136877,0.0922223590236987,9.90296090649668
"NTS",0.0184645484949833,0.799697701337232,1.00944980916566,0.991254040253711,4,1.2549427897313,12.7471394873793,0.641130293386682,3.24517395334611,0.140115018488401,0.36236745426921,0.0917898144014457,9.91890126855387
"NTS",0.0183872909698997,0.796351685850466,1.00911927635597,0.990929465440708,4,1.25511551730559,12.7557758652616,0.642103468685951,3.23838474286887,0.140136556633104,0.361566509514948,0.091357552323596,9.93488570476227
"NTS",0.0183100334448161,0.793005670363699,1.00878157466759,0.990597850971155,4,1.25528877341091,12.7644386705142,0.643079237455325,3.2315795291805,0.140158037916211,0.360762338797124,0.0909255633458186,9.95091436372015
"NTS",0.0182327759197324,0.789659654876932,1.00843661588024,0.990259110214975,4,1.25546256372826,12.7731281856472,0.644057667248193,3.2247577895838,0.140179468081342,0.359954847516194,0.0904938297102372,9.96698807174198
"NTS",0.0181555183946488,0.786313639390166,1.00808435028897,0.989913194363179,4,1.2556368745665,12.7818437286834,0.645038671173127,3.21791993929919,0.140200847201516,0.359144091214652,0.0900623857716306,9.98310568354557
"NTS",0.0180782608695652,0.782967623903399,1.00772469937836,0.989560026315606,4,1.2558117232367,12.7905861608628,0.646022329794101,3.21106572022299,0.140222171472334,0.35833003373119,0.0896312145766781,9.99926837850545
"NTS",0.0180010033444816,0.779621608416632,1.00735759077754,0.989199535005919,4,1.25598710638388,12.7993553185907,0.647008626256508,3.20419508409238,0.140243440475824,0.357512664174334,0.0892003166446122,10.015476027475
"NTS",0.017923745819398,0.776275592929866,1.00698295697212,0.988831654136686,4,1.25616302418989,12.8081512088726,0.647997567459493,3.19730803520313,0.140264652536934,0.356691981096024,0.0887697010335996,10.0317286399313
"NTS",0.0178464882943144,0.772929577443099,1.00659821549207,0.988453847788025,4,1.25634063551678,12.8170317756589,0.648995639938373,3.19035959996145,0.140285944195692,0.355862602425502,0.0883365730502603,10.0481328805959
"NTS",0.0177692307692308,0.769583561956332,1.00621079578156,0.988073411485174,4,1.25651648306552,12.8258241534091,0.649983482982369,3.18348401086651,0.140306906152105,0.355040558804869,0.0879092949192668,10.0643704709584
"NTS",0.0176919732441472,0.766237546469566,1.00581312653563,0.987682910399206,4,1.25669402277913,12.8347011400266,0.650980450649334,3.17654703901808,0.140327945110671,0.354209812827178,0.0874795124833418,10.0807596191131
"NTS",0.0176147157190635,0.762891530982799,1.005407627134,0.987284720299472,4,1.25687210774135,12.8436053871832,0.65198011257652,3.16959329937762,0.140348924014149,0.353375690327272,0.0870500116867679,10.0971946472898
"NTS",0.0175374581939799,0.759545515496032,1.00499422780424,0.986878772671227,4,1.25705072885067,12.8525364419479,0.652982426272212,3.16262286510465,0.140369851263091,0.3525381901411,0.0866207978749755,10.1136749998023
"NTS",0.0174602006688963,0.756199500009266,1.00457283068329,0.986464971415438,4,1.25722991811039,12.861495904911,0.653987541087704,3.1556352810733,0.140390705772645,0.351697260933471,0.0861918557718219,10.1302028474008
"NTS",0.0173829431438127,0.752853484522499,1.00414338100434,0.986043262752474,4,1.25740964132138,12.8704820674408,0.654995312178295,3.14863090620183,0.140411502972969,0.350852932394078,0.0857632070861966,10.1467760090956
"NTS",0.0173056856187291,0.749507469035732,1.00370578370127,0.985613553329842,4,1.25758991847569,12.879495925572,0.656005823814946,3.1416094265984,0.140432237062243,0.350005165126198,0.0853348399421231,10.1633958590942
"NTS",0.0172284280936455,0.746161453548966,1.00325995976167,0.985175765559358,4,1.25777075147019,12.8885375737972,0.657019081987501,3.13457081248443,0.140452908323692,0.349153950168202,0.0849067572970652,10.1800625268499
"NTS",0.0171511705685619,0.742815438062199,1.00280583147595,0.984729823132182,4,1.25795213301643,12.8976066515625,0.658035068940814,3.12751503411231,0.140473512946452,0.348299279121805,0.0844789640347006,10.196775668317
"NTS",0.0170739130434783,0.739469422575432,1.00234330647417,0.984275635343377,4,1.25813407662732,12.9067038312578,0.659053835343381,3.12044190048914,0.140494051879817,0.347441124668957,0.0840514527885585,10.2135361839744
"NTS",0.0169966555183946,0.736123407088666,1.00187231184444,0.983813130595333,4,1.25831659415746,12.9158297080584,0.660075404544856,3.11335155334797,0.140514527574335,0.346579501493576,0.0836242347839746,10.2303445531132
"NTS",0.016919397993311,0.732777391601899,1.00139276195757,0.983342224802341,4,1.2584996355061,12.9249817764415,0.661099640129479,3.10624378657209,0.140534930724821,0.345714367002797,0.0831973129575183,10.2471983597933
"NTS",0.0168421404682274,0.729431376115132,1.00090456074667,0.98286282362918,4,1.25868325868669,12.9341629360466,0.662126723321906,3.09911849685988,0.14055526738112,0.344845718136631,0.0827706761171758,10.2641007538196
"NTS",0.0167648829431438,0.726085360628366,1.00040761821159,0.982374838697987,4,1.25886745821398,12.9433729106771,0.663156642525292,3.09197556130991,0.140575532414535,0.343973529989931,0.0823443295320916,10.2810515756902
"NTS",0.0166876254180602,0.722739345141599,0.99990185850102,0.981878195524699,4,1.25905219591973,12.9526097948413,0.664189288434656,3.08481499728552,0.140595731463415,0.343097792483252,0.0819182744004072,10.2980487975426
"NTS",0.0166103678929766,0.719393329654832,0.999387191439674,0.981372805559479,4,1.25923753814446,12.9618769143701,0.665224841435495,3.07763689094706,0.14061585296187,0.342218530166188,0.0814925216808443,10.3150958381174
"NTS",0.016533110367893,0.716047314168066,0.998863511080758,0.980858564765272,4,1.25942342692348,12.9711713476984,0.666263169418662,3.07044076981247,0.140635903542518,0.341335658233843,0.0810670560541178,10.3321901096038
"NTS",0.0164558528428094,0.712701298681299,0.998330737692529,0.980335394847535,4,1.25960990007015,12.9804950049078,0.667304364510587,3.06322684916714,0.140655880651211,0.340449209787848,0.0806418867847884,10.3493333929652
"NTS",0.0163785953177258,0.709355283194532,0.997788783316704,0.979803209433468,4,1.25979692900544,12.9898464500502,0.668348355707593,3.05599502211811,0.140675778683011,0.339559156302264,0.0802170287637533,10.3665243000522
"NTS",0.0163013377926421,0.706009267707766,0.997237542656873,0.979261905124678,4,1.25998452778946,12.9992263877558,0.669395183223739,3.04874512589439,0.140695604983083,0.338665486804487,0.0797924552453479,10.3837637286171
"NTS",0.0162240802675585,0.702663252220999,0.996676903884209,0.978711372108098,4,1.26017271897125,13.0086359473043,0.670444939113276,3.04147688163804,0.14071535189477,0.337768152840925,0.0793681733473544,10.4010531584281
"NTS",0.0161468227424749,0.699317236734233,0.996106800547287,0.978151545130119,4,1.26036151410461,13.0180757059101,0.671497618055944,3.03419069442772,0.14073502234314,0.336867208208367,0.0789442022897516,10.4183927775325
"NTS",0.0160695652173913,0.695971221247466,0.995527132400079,0.977582325751692,4,1.26055087238911,13.0275436199462,0.672553129547208,3.02688629692918,0.140754609804124,0.335962603819838,0.0785205382904346,10.4357807213768
"NTS",0.0159923076923077,0.692625205760699,0.994937765898705,0.977003582836124,4,1.26074080970052,13.0370404843175,0.673611558577269,3.01956318604157,0.140774116722614,0.3350542748542,0.0780971616744857,10.4532183370875
"NTS",0.0159150501672241,0.689279190273933,0.994338632069628,0.976415248653153,4,1.26093133500611,13.0465667488624,0.674672881450071,3.01222177721161,0.14079353943987,0.334142265497749,0.0776740960529604,10.4707056719837
"NTS",0.0158377926421405,0.685933174787166,0.99372962112075,0.975817215389733,4,1.26112244207656,13.0561221050366,0.675737114521871,3.00486181951307,0.140812881858152,0.333226545048063,0.0772513327015782,10.4882426606759
"NTS",0.0157605351170569,0.682587159300399,0.993110624704967,0.975209376651763,4,1.26131415084114,13.0657075419082,0.676804308394929,2.99748324515647,0.140832138072941,0.332307099669007,0.076828876536054,10.5058304112129
"NTS",0.0156832775919732,0.679241143813633,0.992481554053396,0.974591645270457,4,1.26150644916619,13.0753224629963,0.67787442733809,2.99008611743574,0.140851307832571,0.331383929999808,0.0764067348751106,10.5234682384503
"NTS",0.0156060200668896,0.675895128326866,0.991838090715051,0.973959780636774,4,1.26170059173513,13.0850295867375,0.678954478486962,2.98262179078004,0.140870513746298,0.33045094343992,0.0759821570405946,10.54127159661
"NTS",0.015528762541806,0.672549112840099,0.991192675721217,0.973325999527036,4,1.2618928183579,13.0946409181739,0.680023551437762,2.97523475925284,0.140889385637121,0.329526205220946,0.0755633453658268,10.558895761457
"NTS",0.0154515050167224,0.669203097353333,0.990532678644161,0.972677899182425,4,1.26208690122388,13.1043450619933,0.68110256809059,2.96778074650655,0.14090828513307,0.328591677314566,0.0751421237414534,10.5766858837852
"NTS",0.0153742474916388,0.665857081866566,0.989862157984186,0.972019464947024,4,1.26228159359676,13.1140796813899,0.68218459176933,2.96030770171218,0.140927099985009,0.32765334614503,0.0747212044032477,10.5945276103151
"NTS",0.0152969899665552,0.662511066379799,0.989180996017732,0.97135058121929,4,1.26247687083158,13.1238435407574,0.683269581188546,2.95281535860435,0.140945813524458,0.326711159726525,0.0743006062334328,10.6124199325145
"NTS",0.0152197324414716,0.659165050893033,0.988489092038127,0.970671149107833,4,1.26267275940721,13.1336379711707,0.684357585529277,2.9453038985021,0.140964436452384,0.325765151461177,0.0738803207958151,10.6303640517629
"NTS",0.015142474916388,0.655819035406266,0.987786305640317,0.969981030738461,4,1.26286925613037,13.1434628062031,0.685448600243466,2.93777299961107,0.140982980352761,0.324815265720826,0.0734603389949658,10.6483601091115
"NTS",0.0150652173913043,0.652473019919499,0.987072545595465,0.969280136526776,4,1.26306636654087,13.1533183266502,0.686542705095763,2.93022262055101,0.141001392862759,0.323861505820873,0.0730406820803002,10.6664085003897
"NTS",0.0149879598662207,0.649127004432733,0.986347707991169,0.968568364433442,4,1.26326407679692,13.1632038399109,0.687639776261496,2.92265304975921,0.141019722664635,0.322903888466426,0.0726213552486051,10.6845081487282
"NTS",0.0149107023411371,0.645780988945966,0.985611571093128,0.967845496721013,4,1.26346239994108,13.1731199970839,0.688739965530955,2.91506300216951,0.141037951463225,0.321942246742347,0.0722023033589358,10.7026610720572
"NTS",0.0148334448160535,0.642434973459199,0.98486413603348,0.967111534501221,4,1.26366134321682,13.183067162723,0.689843192324628,2.90745378742256,0.141056079036361,0.320976747436589,0.0717835981510794,10.7208663153674
"NTS",0.0147561872909699,0.639088957972433,0.984105206772118,0.966366285267667,4,1.26386090496259,13.1930452459692,0.690949514961605,2.89982450646915,0.141074098464124,0.320007271771106,0.071365204243569,10.7391247078772
"NTS",0.0146789297658863,0.635742942485666,0.983334687136764,0.96560965458162,4,1.26406107902051,13.2030539507321,0.692058914012793,2.89217532793629,0.141092018293476,0.319033825045158,0.0709471267896728,10.7574357610563
"NTS",0.0146016722408027,0.632396926998899,0.982552442135209,0.964841509884163,4,1.26426187104117,13.2130935523761,0.693171399353846,2.88450612577606,0.141109826920851,0.31805639527017,0.0705293785769078,10.7757999044193
"NTS",0.0145244147157191,0.629050911512133,0.981758337880837,0.964061719702044,4,1.26446332183465,13.2231660931519,0.694287088592114,2.87681686871401,0.141127533290824,0.317074974435319,0.0701119504106861,10.7942192992986
"NTS",0.0144471571906355,0.625704896025366,0.980952265886908,0.963270177504044,4,1.26466536311568,13.2332681524301,0.695405792567432,2.86910748058149,0.141145125951267,0.316089538110902,0.0696948547956914,10.8126904508842
"NTS",0.0143698996655518,0.622358880538599,0.980134028097995,0.962466688804771,4,1.26486803997896,13.2434020010033,0.696527699135727,2.86137729108184,0.141162603655841,0.315100000374517,0.0692780662259715,10.8312164269793
"NTS",0.0142926421404682,0.619012865051833,0.979303552515222,0.961651182903159,4,1.26507133993868,13.2535669967515,0.697652720161565,2.85362683499121,0.141179971780941,0.314106420240938,0.068861608797177,10.849796003414
"NTS",0.0142153846153846,0.615666849565066,0.978460678902597,0.96082350245154,4,1.26527529151188,13.263764575505,0.698780949738437,2.84585585975499,0.141197218941757,0.313108772401127,0.0684454833878785,10.8684309553461
"NTS",0.014138127090301,0.612320834078299,0.977605302608826,0.959983544685002,4,1.26547985587924,13.2739927992045,0.699912277570452,2.8380644640794,0.14121434974737,0.312107049952375,0.0680296989045854,10.88711914506
"NTS",0.0140608695652174,0.608974818591533,0.976737187116567,0.959131077349534,4,1.26568506179491,13.2842530892735,0.701046851032865,2.83025169411723,0.141231361397388,0.31110112690955,0.067614216388527,10.9058630401801
"NTS",0.0139836120401338,0.605628803104766,0.975856281076412,0.958266050021321,4,1.26589086257448,13.2945431326323,0.702184499710677,2.8224181789647,0.14124824557991,0.310091075369209,0.0671990778782608,10.9246595803264
"NTS",0.0139063545150502,0.602282787617999,0.974962438494903,0.957388319338501,4,1.26609739433239,13.3048697166993,0.703325546208303,2.81456426564254,0.141265017902671,0.309076956477071,0.0667842863175444,10.9435155207287
"NTS",0.0138290969899666,0.598936772131233,0.97405540596763,0.956497636464387,4,1.26630451378071,13.3152256884638,0.7044697414016,2.80668834398273,0.141281660624813,0.308058526683351,0.0663697925293691,10.962425015731
"NTS",0.0137518394648829,0.595590756644466,0.973135143170987,0.955593961802225,4,1.26651229416902,13.3256147082677,0.705617182305219,2.79879158700671,0.141298171807729,0.307035951921087,0.0659556521137642,10.9813907099995
"NTS",0.0136745819397993,0.592244741157699,0.972201461097933,0.954677109751907,4,1.26672071219599,13.3360356091506,0.70676785621704,2.79087342984048,0.141314552465491,0.30600914298178,0.0655418447342768,11.0004119576656
"NTS",0.0135973244147157,0.588898725670933,0.971254215048271,0.953746938221518,4,1.26692978396206,13.3464892004765,0.707921781518853,2.78293396399842,0.141330808288713,0.304978111770652,0.0651283817452443,11.0194895059992
"NTS",0.0135200668896321,0.585552710184166,0.970293209371534,0.952803255087277,4,1.26713951132466,13.3569755674752,0.709079016131717,2.77497265642425,0.141346927426618,0.303942780094537,0.0647152433515706,11.0386240048195
"NTS",0.0134428093645485,0.582206694697399,0.969318322600149,0.951845941071117,4,1.26734987508269,13.3674937546336,0.710239487174972,2.7669896957536,0.141362911095617,0.302903163491316,0.064302447291386,11.0578142559452
"NTS",0.0133655518394649,0.578860679210633,0.968329380523267,0.950874825102412,4,1.26756090648422,13.3780453249561,0.711403287921082,2.75898494269055,0.141378754857742,0.301859246955669,0.0638899941910444,11.077062047185
"NTS",0.0132882943143813,0.575514663723866,0.967326216665728,0.949889743706792,4,1.26777259616626,13.3886298060697,0.712570400233997,2.75095823183086,0.141394456984312,0.30081099788105,0.0634778826132829,11.0963670543082
"NTS",0.0132110367892977,0.572168648237099,0.966308687307804,0.948890555755136,4,1.26798494360736,13.3992471901565,0.713740816457995,2.74290964095758,0.141410019172873,0.299758419768988,0.0630661216000479,11.1157291878276
"NTS",0.013133779264214,0.568822632750333,0.965276575552097,0.947877048259718,4,1.26819794920206,13.409897465793,0.714914579610012,2.73483861804883,0.141425433435881,0.298701435491626,0.0626546946499959,11.1351490093399
"NTS",0.0130565217391304,0.565476617263566,0.964229705473995,0.946849048467042,4,1.26841162770472,13.4205813836997,0.716091728098248,2.72674508329982,0.141440703004056,0.297640027484992,0.0622436030899119,11.1546273838323
"NTS",0.0129792642140468,0.562130601776799,0.963167983400798,0.945806464392898,4,1.26862596357908,13.4312981744006,0.717272183705219,2.71862952770212,0.14145582205277,0.296574255463707,0.0618328802286332,11.1741630081305
"NTS",0.0129020066889632,0.558784586290033,0.962091121014967,0.944749012916797,4,1.26884098327535,13.4420491628559,0.718456086270936,2.71049098950771,0.141470790610759,0.295503988244476,0.0614224840420592,11.1937582586667
"NTS",0.0128247491638796,0.555438570803266,0.960999001586456,0.943676579412802,4,1.26905667234024,13.4528336169487,0.719643370540504,2.70232980612018,0.141485594366026,0.294429269760522,0.0610124450343115,11.2134120354616
"NTS",0.012747491638796,0.552092555316499,0.959891437467809,0.942588979615883,4,1.26927302818666,13.4636514107686,0.720834040379555,2.69414581475092,0.141500252067829,0.293350054252506,0.0606027530691696,11.2331243560491
"NTS",0.0126702341137124,0.548746539829733,0.958768233889565,0.941486022267382,4,1.26949006130678,13.4745030690965,0.722028130545025,2.68593885621621,0.141514743607569,0.292266334615372,0.0601934193404852,11.2528959481681
"NTS",0.0125929765886288,0.545400524342966,0.95762924317497,0.940367562352483,4,1.26970776203807,13.4853881068186,0.723225608456191,2.67770905649046,0.141529080462947,0.29117810039096,0.059784443024703,11.2727261717586
"NTS",0.0125157190635452,0.542054508856199,0.956474135854609,0.9392332763406,4,1.26992614370452,13.4963071846878,0.724426582565185,2.66945529408897,0.141543245146886,0.290085214997498,0.05937579527576,11.2926168780293
"NTS",0.0124384615384615,0.538708493369433,0.9553028650567,0.938083118204836,4,1.27014522303086,13.507261129088,0.725631022159044,2.66117861117952,0.141557243366759,0.288987808327705,0.0589675230892117,11.3125678669601
"NTS",0.0123612040133779,0.535362477882666,0.954115147557229,0.936916809826409,4,1.27036497723956,13.5182488624901,0.726838927642606,2.65287816697076,0.141571070758233,0.287885756430924,0.0585595981516258,11.3325788705308
"NTS",0.0122839464882943,0.532016462395899,0.952910833420137,0.935734203971925,4,1.27058540879332,13.5292704418344,0.728050279379692,2.64455421558172,0.141584720495436,0.286779091797786,0.0581520440405242,11.3526496959892
"NTS",0.0122066889632107,0.528670446909133,0.951689652562029,0.934535035426358,4,1.27080654880788,13.5403274358084,0.729265202005779,2.63620621924767,0.141598198553609,0.285667732024295,0.057744834790491,11.3727825357508
"NTS",0.0121294314381271,0.525324431422366,0.950451469779291,0.933319171423198,4,1.27102836956675,13.5514184999603,0.730483590990509,2.62783451507966,0.141611492568083,0.284551723362417,0.057338002868038,11.3929756429962
"NTS",0.0120521739130435,0.521978415935599,0.949196009172927,0.932086341036647,4,1.27125088340184,13.5625441882981,0.731705520871794,2.61943850896379,0.141624604130825,0.283430972429173,0.0569315249715594,11.4132302078317
"NTS",0.0119749163879599,0.518632400448833,0.947923066773322,0.93083634397373,4,1.27147407849516,13.5737039156621,0.732930961609387,2.61101811829991,0.14163753053887,0.282305463742143,0.0565254084229434,11.4335457057578
"NTS",0.0118976588628763,0.515286384962066,0.946632407897432,0.929568949781667,4,1.27169799410938,13.5848997027695,0.734160032815974,2.6025731942171,0.141650267634363,0.281175171996502,0.0561196496725992,11.4539244126981
"NTS",0.0118204013377926,0.511940369475299,0.945323885812589,0.92828401437271,4,1.2719226024212,13.5961301353448,0.735392626399085,2.5941040614959,0.141662810891473,0.280040138047304,0.0557142772594486,11.4743645161705
"NTS",0.011743143812709,0.508594353988533,0.943997147979995,0.926981191562726,4,1.27214790956768,13.6073954783723,0.736628830390463,2.58560970810022,0.141675161852675,0.278900210544149,0.0553092532667016,11.494867328975
"NTS",0.0116658862876254,0.505248338501766,0.942652099867719,0.92566038852376,4,1.27237391229067,13.6186956190184,0.737868582171244,2.57709089485956,0.141687307037012,0.27775549680154,0.0549046189656783,11.5154319672257
"NTS",0.0115886287625418,0.501902323014999,0.941288347112259,0.924321218000885,4,1.27260062106895,13.6300310541905,0.739111989377807,2.56854643071063,0.1416992507404,0.276605821626205,0.0545003315465115,11.536060168629
"NTS",0.0115113712374582,0.498556307528233,0.939905790822186,0.922963582885231,4,1.27282804367639,13.6414021844445,0.740359012536235,2.55997712115241,0.141710988376024,0.275451291347888,0.0540964338441128,11.5567515342522
"NTS",0.0114341137123746,0.495210292041466,0.938504156973538,0.921587214092238,4,1.27305617527392,13.6528087752253,0.741609659104752,2.55138259448465,0.141722519863487,0.274291846889629,0.0536929177091972,11.5775061999694
"NTS",0.011356856187291,0.491864276554699,0.937083059373276,0.920191732390162,4,1.27328503043744,13.6642515227181,0.742864045494474,2.54276181186107,0.141733836363637,0.27312734169827,0.0532897487042717,11.5983259632499
"NTS",0.0112795986622074,0.488518261067933,0.935642414534681,0.918777055797169,4,1.27351458792692,13.6757293955473,0.744122039155041,2.53411567093582,0.141744933188313,0.271957891792748,0.0528869814028346,11.6192088320424
"NTS",0.0112023411371237,0.485172245581166,0.93418197766489,0.917342943932892,4,1.27374484003277,13.6872420139498,0.745383641809909,2.52544399648186,0.141755808015447,0.270783469043883,0.0524845987667522,11.640154594402
"NTS",0.0111250836120401,0.481826230094399,0.932701243692013,0.915888900829582,4,1.27397584364272,13.6987921825874,0.746649100089369,2.51674529098826,0.141766459138853,0.269603860395733,0.0520825608543282,11.6611677177375
"NTS",0.0110478260869565,0.478480214607633,0.931200188494553,0.914414902800541,4,1.27420755942071,13.7103779703242,0.747918213694967,2.50802079547838,0.141776881947154,0.268419228746015,0.0516809274166566,11.6822449185384
"NTS",0.0109705685618729,0.475134199120866,0.929678456698387,0.912920600877418,4,1.27443997498705,13.7219987493489,0.749191019659186,2.49926971781656,0.141787062257508,0.267229463035514,0.0512796748818496,11.7033863606856
"NTS",0.0108933110367893,0.471788183634099,0.928135770033089,0.911405721805733,4,1.27467315326603,13.7336576637303,0.750467652098469,2.49049213039792,0.141797018002005,0.26603455717093,0.0508788108902116,11.7245952529226
"NTS",0.0108160535117057,0.468442168147333,0.926571844573492,0.909869986778191,4,1.27490703558982,13.7453517798224,0.751747984232713,2.48168764664386,0.14180672871473,0.264834460078005,0.0504783330793399,11.7458689310926
"NTS",0.0107387959866221,0.465096152660566,0.924986391835041,0.908313112510296,4,1.27514163439718,13.7570817201075,0.753032068841545,2.47285608149139,0.141816190690311,0.263629139986165,0.0500782424221795,11.7672082427527
"NTS",0.0106615384615385,0.461750137173799,0.923379117590455,0.906734810078342,4,1.27537696688316,13.7688483440941,0.754319957193853,2.46399728984745,0.141825401068426,0.262418567403786,0.049678543692554,11.788614239894
"NTS",0.0105842809364549,0.458404121687033,0.92174973489833,0.905134797713168,4,1.27561303282954,13.7806516374949,0.755611650847338,2.45511113970565,0.141834356018773,0.261202716663367,0.049279237871038,11.8100870515827
"NTS",0.0105070234113712,0.455058106200266,0.920097898227744,0.903512736112195,4,1.27584980553796,13.7924902778842,0.756907107589874,2.44619714914579,0.141843049116119,0.259981517637623,0.0488803239867399,11.8316257841873
"NTS",0.0104297658862876,0.451712090713499,0.918423400561686,0.901868421989982,4,1.27608735975537,13.8043679807376,0.758206485096322,2.43725587822595,0.141851481062523,0.258755044675123,0.0484818198536691,11.8532337700347
"NTS",0.010352508361204,0.448366075226733,0.916725802037689,0.900201423412775,4,1.27632562925183,13.81628145963,0.759509669450017,2.42828627406067,0.141859645366907,0.257523134501917,0.0480837023428303,11.874908639911
"NTS",0.0102752508361204,0.445020059739966,0.915004726962264,0.898511371459123,4,1.27656466008618,13.8282330042414,0.760816829401271,2.41928790677402,0.141867530230279,0.256285732356592,0.0476859656038657,11.896653250179
"NTS",0.0101979933110368,0.4416740442532,0.913260021134745,0.896798114707891,4,1.27680438727815,13.8402193616335,0.762127723009272,2.41026141318949,0.141875133669054,0.255042916448178,0.0472886418002622,11.9184635362205
"NTS",0.0101207357859532,0.438328028766433,0.911491271169709,0.895061247225109,4,1.27704489513986,13.8522447561903,0.763442597217301,2.40120638055179,0.14188246227308,0.253794607282973,0.0468917320201895,11.9403443505663
"NTS",0.0100434782608696,0.434982013279666,0.909698125849037,0.893300424123515,4,1.27728611982661,13.8643059929338,0.764761331631757,2.39212230224122,0.141889488551097,0.252540758507383,0.0464952136607122,11.9622928844443
"NTS",0.00996622073578595,0.4316359977929,0.907880256247714,0.891515322407111,4,1.2775280877702,13.8764043888492,0.766083991309475,2.38300914935888,0.141896218150619,0.251281341047275,0.0460991060631722,11.9843105457954
"NTS",0.00988896321070234,0.428289982306133,0.906037322404726,0.889705608242826,4,1.27777079692119,13.8885398511231,0.76741053843884,2.37386685905071,0.141902651993278,0.250016335813412,0.045703417410782,12.0063972991922
"NTS",0.00981170568561873,0.424943966819366,0.904168907788598,0.887870872607345,4,1.27801424908155,13.9007124576491,0.76874105205009,2.36469481871843,0.14190877241424,0.248745656930708,0.045308136268197,12.0285538718565
"NTS",0.00973444816053512,0.4215979513326,0.902274719984523,0.886010828356763,4,1.27825848070115,13.9129240361781,0.770075580842451,2.35549335717746,0.141914589702,0.247469339938541,0.0449132795079526,12.0507818374
"NTS",0.00965719063545151,0.418251935845833,0.90035412687788,0.8841248547706,4,1.27850344210754,13.9251721019389,0.771414130570948,2.34626073246509,0.141920075319836,0.246187145223911,0.0445187932620064,12.073080399017
"NTS",0.00957993311036789,0.414905920359066,0.89840706628805,0.882212890789071,4,1.27874915012084,13.9374575061015,0.772756606402705,2.33699848925257,0.141925242680093,0.244899270820439,0.0441247471805156,12.0954488541192
"NTS",0.00950267558528428,0.4115599048723,0.896433015076965,0.880274422703893,4,1.27899561301174,13.9497806461,0.774103101922537,2.32770569240974,0.141930075479971,0.24360557878381,0.043731127309327,12.1178885962054
"NTS",0.00942541806020067,0.408213889385533,0.894431570224478,0.878309054759535,4,1.27924283144779,13.9621415718598,0.775453635155336,2.31838208755321,0.141934571854742,0.242306033028979,0.0433379233679613,12.1403999398745
"NTS",0.00934816053511706,0.404867873898766,0.892402325328938,0.87631638787991,4,1.27949081730448,13.9745408652076,0.776808239407867,2.30902747103245,0.141938722262055,0.241000594757532,0.0429451442676267,12.1629837155317
"NTS",0.00927090301003345,0.401521858412,0.890344854241122,0.874296003597319,4,1.27973951420645,13.9869757115072,0.778166796332125,2.2996413950826,0.141942511854268,0.239689197994785,0.0425527914969796,12.1856374382169
"NTS",0.00919364548494983,0.398175842925233,0.888258729896748,0.872247482545498,4,1.27998900673783,13.9994503412148,0.779529510905668,2.29022385402188,0.141945953982877,0.238371825392965,0.0421608634066808,12.2083655464134
"NTS",0.00911638795986622,0.394829827438466,0.886143528930141,0.870170408990122,4,1.28023923084476,14.0119615419051,0.780896248377907,2.28077443732561,0.141949023275925,0.237048424510545,0.0417693655047394,12.231165110762
"NTS",0.00903913043478261,0.3914838119517,0.883998854208265,0.868064392956648,4,1.28049021255184,14.0245106255809,0.782267065538516,2.27129318007227,0.141951722354538,0.235718983764687,0.0413783115859358,12.2540374725184
"NTS",0.008961872909699,0.388137796464933,0.881824048779939,0.865928789335726,4,1.28074193731901,14.0370968652804,0.783642008078104,2.26177880630753,0.141954026797713,0.234383327355988,0.0409876698142708,12.2769831991686
"NTS",0.00888461538461538,0.384791780978166,0.87961885162974,0.863763341816847,4,1.28099443759293,14.0497218780668,0.785021092033706,2.25223211792781,0.141955950248925,0.233041551234176,0.0405974765898686,12.3000031499387
"NTS",0.00880735785953177,0.3814457654914,0.877382813968442,0.861567609700405,4,1.28124769324115,14.0623846619023,0.786404264882367,2.24265286546094,0.141957478136977,0.2316936127523,0.040207734106207,12.323096556614
"NTS",0.00873010033444816,0.378099750004633,0.875115159206854,0.859340830395565,4,1.28150172866781,14.0750864342264,0.787791724999521,2.23303948866864,0.141958601134406,0.230339288892537,0.0398184033106249,12.346266284792
"NTS",0.00865284280936455,0.374753734517866,0.872815810547787,0.85708292848944,4,1.28175647707321,14.0878238550545,0.789183144615358,2.22339346656877,0.141959315208758,0.228978778240825,0.0394295508721522,12.3695073312259
"NTS",0.00857558528428094,0.3714077190311,0.870483903543856,0.854793055116684,4,1.28201199949816,14.100599974155,0.790578834953765,2.21371297091438,0.141959595968194,0.227611823076028,0.0390411262529998,12.392824792898
"NTS",0.00849832775919732,0.368061703544333,0.868118954946607,0.852470735739603,4,1.28226828407008,14.1134141816703,0.791978742225108,2.20399790575758,0.141959451622199,0.226238392968353,0.0386531333330932,12.4162181200647
"NTS",0.00842107023411371,0.364715688057566,0.865720616100075,0.850115627986909,4,1.28252530070428,14.1262650484729,0.793382765490974,2.19424866261513,0.141958867681015,0.224858536881087,0.0382656094167146,12.4396854213331
"NTS",0.0083438127090301,0.3613696725708,0.863288262374012,0.847727118487582,4,1.28278309552449,14.1391547906923,0.79479104584825,2.18446465452235,0.141957826880658,0.223472178348427,0.0378785408666052,12.4632296495042
"NTS",0.00826655518394649,0.358023657084033,0.8608213593633,0.845304682469388,4,1.28304163018636,14.1520815091233,0.796203510452608,2.17464555080575,0.141956329849553,0.222079245818261,0.0374919349382574,12.4868491446135
"NTS",0.00818929765886288,0.354677641597266,0.858319081897059,0.842847509635507,4,1.28330102722713,14.1650513612657,0.797620531085155,2.16479029449835,0.141954378644262,0.220679587744354,0.0371057535711304,12.5105514536757
"NTS",0.00811204013377926,0.3513316261105,0.855781276742681,0.840355449515417,4,1.28356096972214,14.1780485140176,0.799041226424107,2.15489948897919,0.141951910888344,0.219273295210777,0.0367200677954758,12.5343193996723
"NTS",0.00803478260869565,0.347985610623733,0.853207161678323,0.837827733987162,4,1.28382176174437,14.1910880955884,0.800466409399929,2.14497282098725,0.14194898354599,0.217860290144274,0.0363348483880423,12.5581691260698
"NTS",0.00795752508361204,0.344639595136966,0.850595834869663,0.835263477472371,4,1.2840833047254,14.2041652362667,0.801895944705111,2.13500844291571,0.141945530820676,0.216440331068266,0.0359500637564411,12.5820974787276
"NTS",0.00788026755852843,0.3412935796502,0.847947176386558,0.832662562202696,4,1.28434558549712,14.2172792840098,0.80332965077925,2.12500806779812,0.141941575950324,0.215013635661767,0.0355657840970408,12.6061020032004
"NTS",0.00780301003344482,0.337947564163433,0.845260124079081,0.830023945173919,4,1.28460874480769,14.2304372403718,0.804768011195875,2.11496998987746,0.141937125583839,0.213579952536641,0.035181949329244,12.6301917865212
"NTS",0.0077257525083612,0.334601548676666,0.842534277846233,0.827347233497036,4,1.28487238541793,14.2436192709969,0.806210006425185,2.10489378552858,0.141932085011016,0.212139233017582,0.0347986027328741,12.6543465301449
"NTS",0.00764849498327759,0.3312555331899,0.839768878054226,0.824631681230986,4,1.28513692869161,14.2568464330302,0.807656696521101,2.09477984727869,0.141926530483671,0.210691507185365,0.0344157368243118,12.6785878689841
"NTS",0.00757123745819398,0.327909517703133,0.836963426908591,0.821876799554261,4,1.2854021258489,14.2701062928383,0.809107434684416,2.08462784550072,0.141920395038182,0.209236736738605,0.0340333794434914,12.7029031535635
"NTS",0.00749397993311037,0.324563502216366,0.834098081679198,0.819063103410511,4,1.28566998662054,14.2834993310506,0.810572528464349,2.07436984002377,0.141913684885221,0.207765134841976,0.0336489833769032,12.7274673921187
"NTS",0.00741672240802676,0.3212174867296,0.831228366381963,0.816245115971281,4,1.28593497131095,14.2967485656577,0.812022637526421,2.06420490246638,0.141906445871183,0.206305299259372,0.0332700419329443,12.7517860403074
"NTS",0.00733946488294315,0.317871471242833,0.82829766561621,0.81336724235295,4,1.28620222355366,14.3101111777366,0.813486062174087,2.05393352294348,0.14189851916389,0.204828589277593,0.0328891220379832,12.7763334126363
"NTS",0.00726220735785953,0.314525455756066,0.825323785546031,0.810446967755809,4,1.28647040492185,14.3235202487527,0.814954313045232,2.0436224188196,0.141890029101707,0.203344538727559,0.0325086968077195,12.8009708669919
"NTS",0.00718494983277592,0.3111794402693,0.822305943651412,0.807483523765107,4,1.28673942463285,14.3369712313959,0.816427187976203,2.03327087324321,0.141880929098599,0.20185305677074,0.0321287685010318,12.8256944109756
"NTS",0.00710769230769231,0.307833424782533,0.819243322840735,0.804476108017653,4,1.28700881555902,14.350440778193,0.817903590105171,2.02287714942665,0.141871102851913,0.200353916379794,0.0317493440865835,12.8504814186343
"NTS",0.0070304347826087,0.304487409295766,0.816135113529582,0.80142392552214,4,1.28727912376022,14.36395618956,0.81938481548412,2.01244234009361,0.141860667246404,0.198847225960824,0.0313704273711729,12.8753593229108
"NTS",0.00695317725752509,0.301141393809,0.812980445583736,0.798326121828895,4,1.28755005450562,14.3775027253317,0.820870186999642,2.00196507708667,0.141849548851083,0.197332786172327,0.0309920069404435,12.9003141272792
"NTS",0.00687591973244147,0.297795378322233,0.809778475556438,0.795181868694651,4,1.28782170575716,14.391085286953,0.822359964496985,1.99144518652355,0.141837737101918,0.19581057846188,0.0306141038862092,12.9253511637991
"NTS",0.00679866220735786,0.294449362835466,0.806528694987569,0.791990666824504,4,1.28809406168861,14.4047030856312,0.823854010166549,1.98088348647961,0.141825224649684,0.194280712675445,0.0302367639148605,12.9504687733424
"NTS",0.00672140468227425,0.2911033473487,0.803228998505955,0.788750448797504,4,1.28836711834881,14.418355917402,0.825352644948211,1.97027530532503,0.141811957416368,0.192742511407751,0.029859856369024,12.9756715828048
"NTS",0.00664414715719064,0.287757331861933,0.799879634594817,0.785461458617854,4,1.28864079814013,14.432039907027,0.826855389946817,1.9596241172925,0.141797971142685,0.191196451196744,0.029483506112752,13.0009519272471
"NTS",0.00656688963210703,0.284411316375166,0.796479235466605,0.782122353152965,4,1.2889151552598,14.4457577629372,0.828362470114581,1.94892809972019,0.141783208578937,0.189642283739651,0.0291076860435926,13.026314579125
"NTS",0.00648963210702341,0.2810653008884,0.793026806222612,0.778732155437612,4,1.2891901626715,14.4595081335637,0.829873882663736,1.93818656032702,0.141767648318918,0.188079897642145,0.0287323998060964,13.0517588522713
"NTS",0.0064123745819398,0.277719285401633,0.789521318936714,0.77528985607448,4,1.28946582974175,14.4732914870206,0.831389608444395,1.92739908543462,0.141751295662369,0.186509215490445,0.0283576481195104,13.0772856517343
"NTS",0.00633511705685619,0.274373269914866,0.785961702257437,0.77179440302367,4,1.28974209875052,14.4871049389154,0.832909573245472,1.91656478068697,0.141734101545562,0.184930118554714,0.0279834292057272,13.1028929190312
"NTS",0.00625785953177257,0.2710272544281,0.782346944145724,0.768244802488566,4,1.29001898033358,14.5009490167632,0.83443375472284,1.90568340445322,0.141716063381109,0.183342554487905,0.0276097586621203,13.1285814590303
"NTS",0.00618060200668897,0.267681238941333,0.778675847445798,0.764639878892639,4,1.29029644982127,14.5148224926883,0.835962193545173,1.89475387899765,0.141697133413892,0.181746367723882,0.0272366340223905,13.1543511363508
"NTS",0.00610334448160535,0.264335223454566,0.774947297711059,0.760978537877675,4,1.29057455363933,14.5287276815851,0.83749492790428,1.88377599822029,0.141677328281782,0.180141510771762,0.0268640619125459,13.1802045667311
"NTS",0.00602608695652174,0.2609892079678,0.771160113028738,0.75725961883539,4,1.29085337197324,14.5426685984973,0.839032224621759,1.8727491641018,0.141656627823996,0.178527887834027,0.0264920430356716,13.2061466145527
"NTS",0.00594882943143813,0.257643192481033,0.767313061173595,0.753481911751935,4,1.29113256450703,14.5566282261614,0.840573251385302,1.86167188788369,0.141634934116637,0.176905309001421,0.0261205851136819,13.2321610275763
"NTS",0.00587157190635451,0.254297176994266,0.76340487848542,0.749644175745126,4,1.29141216561354,14.570608280373,0.842118128458555,1.85054350014355,0.14161222287667,0.175273671630195,0.0257496932657078,13.2582503216752
"NTS",0.00579431438127091,0.2509511615075,0.759434295872813,0.745745164599478,4,1.29169245286379,14.5846226431853,0.843667509865603,1.83936414570213,0.141588553844184,0.17363295213651,0.0253793705406543,13.2844288625255
"NTS",0.00571705685618729,0.247605146020733,0.755399966466528,0.74178355572365,4,1.29197358460715,14.5986792303567,0.845221782286364,1.82813348560153,0.141563949687227,0.171983067459856,0.0250096222199603,13.3107052888936
"NTS",0.00563979933110368,0.244259130533966,0.751300512777889,0.737757996458791,4,1.2922549670888,14.6127483544437,0.846779552452023,1.81684919816479,0.141538212354422,0.170323761043411,0.0246404523996108,13.3370510098692
"NTS",0.00556254180602007,0.2409131150472,0.747134512805977,0.733667090436165,4,1.29253673240611,14.6268366203012,0.848341147963701,1.80551090817655,0.141511370150184,0.168654937590904,0.0242718683364615,13.3634733134272
"NTS",0.00548528428093645,0.237567099560433,0.742900500225757,0.729509397761879,4,1.29281852598155,14.6409262978426,0.849905725742779,1.7941168762862,0.14148327125412,0.166976412253568,0.0239038739354622,13.3899555233679
"NTS",0.00533076923076923,0.2308750685869,0.734222353799418,0.720987678674001,4,1.29338443851329,14.6692219258088,0.853049202819194,1.77116430850413,0.141423875748938,0.163590258759598,0.0231696757316784,13.4432139251633
"NTS",0.00525351170568562,0.227529053100133,0.72977502919451,0.716620519016426,4,1.29366768720496,14.6833843603435,0.854626054850371,1.75960178973725,0.141392273284406,0.161882162644685,0.0228034835961444,13.4699488221184
"NTS",0.00517625418060201,0.224183037613366,0.725253331478473,0.712180326855181,4,1.29395129337277,14.6975646692487,0.856206710275216,1.74798104407301,0.141359405656167,0.160163915136502,0.0224379034012704,13.4967634680709
"NTS",0.00509899665551839,0.2208370221266,0.720655431155035,0.707665305671454,4,1.29423572856603,14.7117864283072,0.857792334220274,1.73630203866535,0.141325373634556,0.158435429052585,0.0220729271624674,13.5236825576508
"NTS",0.00502173913043479,0.217491006639833,0.715979700852715,0.703073857427839,4,1.29451947940221,14.7259739704123,0.859379267977785,1.7245605030706,0.141289708251096,0.156696320903755,0.0217085901494925,13.5506314727413
"NTS",0.00494448160535117,0.214144991153067,0.711224272609133,0.698404147832784,4,1.29480412457454,14.7402062287096,0.860971300195303,1.71275939845944,0.141252853060915,0.154946745425826,0.0213448810671391,13.5776896248691
"NTS",0.00486722408026756,0.2107989756663,0.706387078924535,0.693654146654111,4,1.29508865293085,14.7544326465385,0.862566016811317,1.70089478267917,0.1412144603341,0.153186298365597,0.0209817998639223,13.6048083206355
"NTS",0.00478996655518395,0.207452960179533,0.701466256718695,0.688822024394421,4,1.29537348531482,14.7686742651703,0.864164453224566,1.6889668880161,0.141174599534418,0.151414949635769,0.020619364610864,13.6320093451585
"NTS",0.00471270903010033,0.204106944692766,0.696459776767719,0.683905788407458,4,1.29565842317408,14.7829211587477,0.865766070253472,1.67697438469219,0.141133222844851,0.149632497717889,0.0202575793689964,13.659283688491
"NTS",0.00463545150501673,0.200760929206,0.691365428586797,0.678903268053353,4,1.2959441563766,14.7972078186607,0.867372602036828,1.6649174339622,0.141090432834414,0.147838887466445,0.0198964451390432,13.6866673050266
"NTS",0.00455819397993311,0.197414913719233,0.686181030521769,0.673812321003207,4,1.29622836326824,14.8114181633806,0.868978412557795,1.65278949819842,0.141045576339601,0.146033492204351,0.0195359795621186,13.7140456526298
"NTS",0.0044809364548495,0.194068898232467,0.68090427109437,0.668630677444149,4,1.296513299213,14.8256649607308,0.870588980964292,1.64059458750725,0.140999193842808,0.144216578323938,0.0191761785476266,13.7415325068175
"NTS",0.00440367892976589,0.1907228827457,0.675532779086782,0.663356008900585,4,1.29679809474217,14.8399047370738,0.872202099841335,1.62832970833229,0.14095106126821,0.14238779215671,0.0188170573813613,13.7690854939238
"NTS",0.00432642140468227,0.187376867258933,0.67006407046534,0.657985876114632,4,1.29708365159764,14.8541825797724,0.873820022891067,1.61599549428164,0.140901359205313,0.140547088080596,0.018458617924006,13.7967511412708
"NTS",0.00424916387959866,0.184030851772167,0.664495571599528,0.652517751846575,4,1.29736792481704,14.8683962408446,0.875437805197997,1.60358570763461,0.140849438758099,0.138693901314706,0.0181008739818931,13.8244291253472
"NTS",0.00417190635451505,0.1806848362854,0.658824695226952,0.646949095470543,4,1.29765123528931,14.8825617643728,0.877056108903752,1.59110007850955,0.140795362732942,0.136828128245666,0.0177438291634768,13.8521365156421
"NTS",0.00409464882943144,0.177338820798633,0.653048387747723,0.641276908429103,4,1.29793469846746,14.8967349237713,0.878677730734839,1.57853906202187,0.140739369481815,0.134949650826314,0.0173874973315441,13.8799311657247
"NTS",0.00401739130434783,0.173992805311867,0.64716403258408,0.635498621309439,4,1.29821782209991,14.9108911047865,0.880301394934952,1.5659006570434,0.140681278548984,0.133058252521809,0.0170318804107521,13.9077894709098
"NTS",0.00394013377926421,0.1706467898251,0.641168466142146,0.629611127542821,4,1.29850035561974,14.9250177809657,0.88192645578887,1.5531824750326,0.140620971307198,0.131153609774863,0.0166769884506918,13.9357008423927
"NTS",0.0038628762541806,0.167300774338333,0.635058469863317,0.623611266586554,4,1.29878353745758,14.9391768728784,0.883555876081358,1.54038564652684,0.140558758061224,0.129235656655864,0.0163228220862621,13.9637288342005
"NTS",0.00378561872909699,0.163954758851567,0.628830916090006,0.617495967160429,4,1.29906466173987,14.9532330869713,0.885183132500997,1.52750228499701,0.140493727761386,0.127303760134098,0.0159694103339889,13.9917403812532
"NTS",0.00370836120401338,0.1606087433648,0.622482347722305,0.61126183448026,4,1.29934330552622,14.9671652746064,0.886807072095567,1.51452984427363,0.140425745794545,0.125357574466979,0.0156167633941137,14.0197160260792
"NTS",0.00363110367892977,0.157262727878033,0.616009021071627,0.604905192339062,4,1.29962408125312,14.9812040625279,0.888438888022451,1.50147661211656,0.140356052707696,0.123397526643738,0.015264858373458,14.0478881990007
"NTS",0.00355384615384615,0.153916712391267,0.609407339915586,0.598422509337912,4,1.29990208401194,14.9951042005258,0.890066583409562,1.48832975382822,0.140283157323958,0.121422589859931,0.0149137394898393,14.0760140332811
"NTS",0.00347658862876254,0.1505706969045,0.602673328043633,0.591809880939173,4,1.3001787409885,15.0089370493379,0.89169356649786,1.47509039883766,0.140207395726033,0.119432679155221,0.0145634070597343,14.1041669671264
"NTS",0.00339933110367893,0.147224681417733,0.595802874876781,0.585063270658822,4,1.30045390388116,15.0226951940708,0.893319402105638,1.46175607501898,0.140128643066025,0.117427458575392,0.0142138720371074,14.1323418777925
"NTS",0.00332207357859532,0.143878665930967,0.588791678804996,0.578178454425203,4,1.30072512916833,15.0362564638593,0.894938096956937,1.44831889866419,0.140046043733103,0.11540626826134,0.0138651483942466,14.1604194289675
"NTS",0.00324481605351171,0.1405326504442,0.581635213845873,0.571150987838698,4,1.3009990268559,15.049951342756,0.896565499829231,1.43479176579095,0.139961567756736,0.113369678487897,0.0135172407638903,14.1887314442133
"NTS",0.00316755852842809,0.137186634957433,0.574328748425581,0.563976224614141,4,1.30126589841192,15.0632949206097,0.898178142518952,1.42114982141653,0.139872087543735,0.111315993348402,0.013170180099594,14.2167973818479
"NTS",0.00309030100334448,0.133840619470667,0.56686768194666,0.556649647081826,4,1.30153324430441,15.0766622162703,0.89979377095162,1.40740874501607,0.139779885770192,0.109245991842989,0.0128239650063041,14.2449926443425
"NTS",0.00301304347826087,0.1304946039839,0.559245620460161,0.549164976546499,4,1.30180055025172,15.0900275124588,0.901411350746901,1.3935620460934,0.139684650808528,0.10715882308841,0.0124785824019988,14.2732972179453
"NTS",0.00293578595317726,0.127148588497133,0.551458216953555,0.541517944352407,4,1.30205893544796,15.1029467723556,0.903008987974396,1.37958907410174,0.139583504183103,0.105053288391766,0.0121341123732271,14.3012689096568
"NTS",0.00285852842809365,0.123802573010367,0.543499245390411,0.533702436690118,4,1.30232032609847,15.1160163053259,0.904615444382958,1.36551294095432,0.139480072346815,0.102930343514277,0.0117905094679449,14.3295065371959
"NTS",0.00278127090301003,0.1204565575236,0.535362633166057,0.525712490416281,4,1.30257242352424,15.1286211777103,0.906200687856724,1.35130284657296,0.139370331638819,0.100788025151623,0.011447820097147,14.3574000165788
"NTS",0.00270401337792642,0.117110542036833,0.52704201233329,0.517541852368693,4,1.30282347690167,15.1411738458471,0.907784404653517,1.33697410934052,0.139256721155375,0.0986269170295488,0.0111060601787939,14.3853642852965
"NTS",0.00262675585284281,0.113764526550067,0.518530027053874,0.50918329930128,4,1.30307527745181,15.1537638718605,0.909370741094548,1.32252634076359,0.139139771406059,0.0964464806138576,0.0107652070261324,14.4134932790094
"NTS",0.0025494983277592,0.1104185110633,0.509819998669284,0.500630272941222,4,1.30331790530639,15.1658952653052,0.910935300335416,1.30793446285916,0.139016101690592,0.0942452232857183,0.010425333269368,14.4412952897852
"NTS",0.00247224080267559,0.107072495576533,0.500904048797533,0.491875036917771,4,1.30355380320453,15.1776901601664,0.912483666333414,1.2931995348998,0.138886307847435,0.0920228151927144,0.0100864484829031,14.4688968941728
"NTS",0.00231772575250836,0.100380464603,0.48242125661725,0.47372540505146,4,1.30400525742651,15.2002628713272,0.915529542073802,1.26328312189712,0.138607595093411,0.0875121067419015,0.00941169041315765,14.5235095385431
"NTS",0.00208595317725753,0.0903424181426999,0.452931675187436,0.444767386066985,4,1.30463405250186,15.2317026258546,0.919969186809096,1.21722427599513,0.138139391513973,0.0805712715835022,0.00840744968494262,14.6041537302611
"NTS",0.00200869565217391,0.0869964026559333,0.442588768117618,0.434610914365435,4,1.30482572419763,15.241286209914,0.921399659681257,1.20152128237119,0.137967425078097,0.0782072432017436,0.00807486639682565,14.6304691503512
"NTS",0.00154515050167224,0.0669203097353334,0.374256844219116,0.367510702915909,4,1.30569875568299,15.284937784284,0.929169993391352,1.1029619861834,0.136716821905866,0.0634215145224264,0.00610486623014781,14.7784942841368
"NTS",0.00146789297658863,0.0635742942485667,0.361674669245234,0.355155327081673,4,1.30580534302858,15.2902671522354,0.930331835538116,1.08574535201193,0.136470979827974,0.0608460195826668,0.00578103129534718,14.8019704905895
"NTS",0.00108160535117057,0.0468442168147334,0.29239913579965,0.287128515054809,4,1.30581589557146,15.2907947788851,0.934519022046468,0.994810805156294,0.134926692472084,0.0473721014980792,0.00418478853187616,14.8972226789469
"NTS",0.0231,1.00045863054323,1.01835627354039,0.999999961760318,4,1.24548451089952,12.2742255450652,0.587212047620627,3.62506641308116,0.138751093868866,0.404877681878263,0.118178696383586,9.03561026087191
"NTS",0.0251,1.08707842539546,1.01705337586417,0.998720549377596,4,1.2419038942559,12.0951947126466,0.56641899833349,3.77395004873717,0.138132892036175,0.42018163303571,0.129809845546114,8.69621494952733
"NTS",0.0271,1.17369822024769,1.01351769385917,0.995248599568218,4,1.23859278888443,11.9296394436611,0.54696149050476,3.91475341739612,0.137503987392901,0.433868613925143,0.141556418635451,8.3792719476798
"NTS",0.0291,1.26031801509992,1.00818283450319,0.990009903356884,4,1.23553167010185,11.7765835037616,0.528747770917691,4.04802561702054,0.136867179803192,0.446068591835583,0.153393004033493,8.08319060709742
"NTS",0.0311,1.34693780995214,1.00139563050528,0.983345041643246,4,1.23270283308004,11.6351416533213,0.511696137412725,4.17423308577042,0.136224267299879,0.45690065269714,0.165290932876444,7.80656135778519
"NTS",0.0331,1.43355760480437,0.993437112193104,0.975529979061877,4,1.23009005915954,11.5045029644437,0.49573307891554,4.29377549825024,0.135576375200045,0.466475583951577,0.177218240829236,7.54812157003061
"NTS",0.0351,1.5201773996566,0.984537543684261,0.966790829120191,4,1.22767828236066,11.3839141180124,0.480791614604355,4.40699790701441,0.134924189413863,0.474897553403678,0.18913992084759,7.30672533687555
"NTS",0.0371,1.60679719450883,0.974887325283138,0.957314560074828,4,1.22545333015388,11.2726665075235,0.466809819897096,4.51420252181806,0.134268093007398,0.482265445332099,0.201018547409707,7.08131773495986
"NTS",0.0391,1.69341698936106,0.964645092631573,0.947256948091649,4,1.22340168495803,11.1700842459257,0.453729577381239,4.61565845691668,0.13360827975333,0.488673485426272,0.212815170344024,6.87091215116913
"NTS",0.0411,1.78003678421328,0.953943767257832,0.936748518730949,4,1.22151026622593,11.0755133115414,0.441495352297189,4.71161161539053,0.132944796415646,0.494211636810233,0.224490587263712,6.67456874308755
"NTS",0.0431,1.86665657906551,0.942895154011691,0.925899061511783,4,1.21976637134977,10.988318571219,0.430053487095305,4.80229374572528,0.132277550307183,0.498965682022225,0.23600677082634,6.49138206391215
"NTS",0.0451,1.95327637391774,0.931593483477141,0.914801108471157,4,1.21815754737679,10.9078773672717,0.419351365490005,4.88793061603,0.131606321677708,0.503016985135121,0.247328441205553,6.32046598332705
"NTS",0.0471,2.03989616876997,0.920118175662551,0.903532648037479,4,1.21667163657979,10.8335818300834,0.409337155585909,4.96874901433501,0.130930729428105,0.506442203574026,0.258424602311735,6.16094901883175
"NTS",0.0491,2.12651596362219,0.908536038283666,0.892159283688554,4,1.21529682828349,10.7648413974507,0.399959723060477,5.04498164432329,0.130250222307751,0.509312904952511,0.269269729840607,6.01197202103733
"NTS",0.0511,2.21313575847442,0.896903026883277,0.880735962344342,4,1.21402174015548,10.7010870229976,0.391168726577201,5.11687022329361,0.12956409264004,0.511695088405452,0.279844784659501,5.87268944249347
"NTS",0.0531,2.29975555332665,0.885265773753423,0.869308475729671,4,1.21283565643123,10.6417828193459,0.382915359929349,5.18466533041133,0.128871432219279,0.513649216243204,0.290137282328059,5.74228178483152
"NTS",0.0551,2.38637534817888,0.873662832761601,0.85791468276192,4,1.21172856013174,10.5864280064413,0.375152609984448,5.24862476816542,0.128171218793551,0.515229810418116,0.300141331087262,5.61995925773896
"NTS",0.0571,2.47299514303111,0.862125793735379,0.846585603848369,4,1.21069130985715,10.5345654941095,0.367836012452803,5.30900979642606,0.127462322485577,0.516485676447923,0.309856856018904,5.5049746434806
"NTS",0.0591,2.55961493788333,0.850680272871157,0.835346393442409,4,1.20971570430791,10.4857852150251,0.360924149793292,5.36608049234165,0.12674356408908,0.517460122484477,0.31928862566179,5.39663149332999
"NTS",0.0611,2.64623473273556,0.839346788667575,0.824217200187881,4,1.20879451609598,10.4397258051525,0.354379030491436,5.42009093487961,0.126013745857123,0.51819130800164,0.328445088737766,5.29429076493739
"NTS",0.0631,2.73285452758779,0.828141547238486,0.813213938076431,4,1.20792147311556,10.3960736560486,0.348166300198513,5.47128487308622,0.125271706318475,0.518712735066491,0.337337205836587,5.1973742070009
"NTS",0.0651,2.81947432244002,0.817077134816639,0.802348966468527,4,1.20709120718098,10.3545603581528,0.342255274145478,5.51989228379793,0.124516342101352,0.519053759076456,0.345977372841542,5.10536514660952
"NTS",0.0671,2.90609411729225,0.806160412842663,0.791629023124365,4,1.20629899688364,10.3149498443113,0.33661751889319,5.56613812266604,0.123746437935979,0.519240175377236,0.354380580409459,5.01778634643937
"NTS",0.0691,2.99271391214447,0.795406592928279,0.781069045459796,4,1.2055416126925,10.2770806344365,0.331233396070569,5.61018488490313,0.122961643733454,0.519294523154695,0.362553405964583,4.93430139997549
"NTS",0.0711,3.0793337069967,0.784812593284825,0.770666007236726,4,1.20481531810204,10.2407659064487,0.326078165762181,5.65224449259254,0.122160558541673,0.519236959241008,0.370514057972071,4.85449866522179
"NTS",0.0731,3.16595350184893,0.774384514894528,0.760425899464545,4,1.20411769253034,10.2058846262701,0.321135356556475,5.69246608075445,0.121342659644673,0.519085309147488,0.378271452797416,4.77809839513983
"NTS",0.0751,3.25257329670116,0.76412441312914,0.750350740466039,4,1.20344659000087,10.1723295021017,0.316389618919405,5.73099295873524,0.120507335405197,0.518855657041723,0.385835253904819,4.70484146514632
"NTS",0.0771,3.33919309155339,0.754033278592904,0.740441502989383,4,1.20280024228863,10.1400121142628,0.31182775736069,5.76795240057611,0.119654103224764,0.518562602577097,0.393213669438904,4.63450483327895
"NTS",0.0791,3.42581288640561,0.744111255435172,0.730698328585574,4,1.20217720690979,10.1088603454948,0.30743850921482,5.80345673542177,0.118782595676863,0.518219577300061,0.400413379861588,4.5668977427209
"NTS",0.0811,3.51243268125784,0.734355409957896,0.721118336437739,4,1.20157616041524,10.0788080203021,0.30321121877418,5.83761313199701,0.11789235695788,0.517838990231593,0.407441265343098,4.50184111592855
"NTS",0.0831,3.59905247611007,0.724769591336113,0.711705306337872,4,1.20099644532643,10.0498222660463,0.299139855877788,5.87049054703204,0.11698378200731,0.517432842503862,0.41429725201721,4.43922865677412
"NTS",0.0851,3.6856722709623,0.71534992578956,0.702455434332272,4,1.20043713453933,10.0218567271034,0.295216442334356,5.90217261629195,0.116056747159646,0.517012283312653,0.420985125269789,4.37892573810362
"NTS",0.0871,3.77229206581452,0.706097006566749,0.693369302975891,4,1.19989773404002,9.99488670199728,0.291436112104216,5.9327162392267,0.1151118380805,0.516588283378012,0.427503597030665,4.32084678248017
"NTS",0.0891,3.85891186066675,0.697002050110006,0.684438287038478,4,1.19937735415557,9.96886770780226,0.287791298931827,5.96219876442094,0.114148914952436,0.516171058671203,0.433856339426645,4.26486568636658
"NTS",0.0911,3.94553165551898,0.688072110363579,0.675669313313885,4,1.19887610312544,9.94380515627064,0.284281608263266,5.99063715855329,0.11316985333844,0.515771449227151,0.440034158946611,4.21096745243686
"NTS",0.0931,4.03215145037121,0.679296133024205,0.667051526757445,4,1.19839316364862,9.91965818188543,0.280900314961961,6.01809797376866,0.112174968444064,0.515399251891237,0.44603887326808,4.15904031133224
"NTS",0.0951,4.11877124522344,0.670678595968731,0.658589324530337,4,1.19792865671513,9.89643283540855,0.277647420603275,6.04459104657521,0.111166686448599,0.515064939882783,0.451859910507707,4.10907660250348
"NTS",0.0971,4.20539104007566,0.662215119995031,0.650278406367448,4,1.19748221164479,9.87411057893025,0.274519761714463,6.07014897700314,0.110146964478894,0.514778234225054,0.457491907816284,4.06102040117461
"NTS",0.0991,4.29201083492789,0.653903551386367,0.642116657373713,4,1.19705361726608,9.85268086151914,0.271515570991641,6.09479037607279,0.109118583496078,0.51454875497608,0.46292623844598,4.01483749255386
"NTS",0.1011,4.37863062978012,0.645741775343637,0.634102000870197,4,1.19664270853379,9.83213542630568,0.268633425010778,6.11852938011674,0.108084827990994,0.514385966987557,0.468153369081836,3.97049998737921
"NTS",0.1031,4.46525042463235,0.637727712738972,0.626232395206211,4,1.19624918789717,9.81245939447687,0.265871558420386,6.14137775783651,0.10704969659468,0.514298180619293,0.473163633598083,3.92797469414503
"NTS",0.1051,4.55187021948458,0.629861274124476,0.618507752546193,4,1.19587286124786,9.79364306232492,0.263229002494258,6.1633388236496,0.10601796246372,0.514293108472862,0.477945802762783,3.88724160808526
"NTS",0.1071,4.6384900143368,0.622134605311362,0.610920360276505,4,1.19551309004459,9.77565450238676,0.26070191741839,6.18443649428667,0.104993821645429,0.514377283822662,0.482493766287381,3.84823733560419
"NTS",0.1091,4.72510980918903,0.614551563795784,0.603474006360266,4,1.19516965965588,9.75848298142071,0.258289729113018,6.20466399046477,0.103983472396148,0.514555546010741,0.486795842446799,3.81094963491254
"NTS",0.1111,4.81172960404126,0.60710820900233,0.596164821252636,4,1.19484190028091,9.74209501372762,0.255988755288886,6.22403827672115,0.102992122174156,0.51483097575044,0.490846986971439,3.77531961516729
"NTS",0.1131,4.89834939889349,0.599802524972549,0.588990825333688,4,1.19452911132621,9.72645556530186,0.25379521900377,6.24257488585337,0.102025191213335,0.515204662568414,0.494643507377555,3.7412881904525
"NTS",0.1151,4.98496919374572,0.592632448199088,0.58194999229168,4,1.1942304872718,9.7115243624392,0.251704621482439,6.26029427619709,0.101087728403173,0.515675606942608,0.498184835344839,3.708786405133
"NTS",0.1171,5.07158898859794,0.585595846413263,0.575040228292992,4,1.1939451336382,9.69725668493952,0.249711780574822,6.27722234512983,0.100184175895173,0.516240790938379,0.501473763591409,3.67773603163061
"NTS",0.1191,5.15820878345017,0.578690502294402,0.568259355985114,4,1.19367207883678,9.68360394110948,0.247810859019363,6.29339084297634,0.0993181530683465,0.516895325343424,0.504516591738322,3.64804994274241
"NTS",0.1211,5.2448285783024,0.571915780707252,0.561606751681383,4,1.19341044661125,9.67052233055677,0.245996404427313,6.30883065920235,0.0984925336929093,0.51763316672244,0.507321157636597,3.61964800333618
"NTS",0.1231,5.33144837315463,0.565264234842122,0.555075102804068,4,1.19315899055827,9.65794952845597,0.244260366591419,6.32359482466326,0.0977084316409506,0.518446980835761,0.509902155526122,3.59241023771233
"NTS",0.1251,5.41806816800686,0.558738391689164,0.548666890793232,4,1.19291700442284,9.64585021998214,0.242598057476635,6.33771229305351,0.0969671838570784,0.519329199340617,0.512269901378028,3.56626936660151
"NTS",0.1271,5.50468796285908,0.552333979848633,0.542377921242955,4,1.19268350989689,9.63417549490073,0.241002729897477,6.35123073660554,0.0962684122151805,0.520271594941299,0.514440316211862,3.54112669845911
"NTS",0.1291,5.59130775771131,0.546048335087923,0.536205577944576,4,1.19245766600421,9.62288329955669,0.239468516180609,6.36419294992628,0.0956113890795246,0.521265861075586,0.516428949915337,3.51689631037928
"NTS",0.1311,5.67792755256354,0.53987873888771,0.530147191381256,4,1.19223870821205,9.61193541078037,0.237989886483154,6.37664076869993,0.0949946897826225,0.522304906767762,0.518250535356646,3.49349791048606
"NTS",0.1331,5.76454734741577,0.533822437018893,0.524200056970064,4,1.19202598515443,9.60129926845456,0.236561925191199,6.38861350304198,0.0944165415485786,0.523381613870136,0.519919937529477,3.47086013648128
"NTS",0.1351,5.85116714226799,0.527876657510592,0.518361452706091,4,1.19181888613749,9.59094430689194,0.235179918190803,6.40014971382336,0.0938748545541375,0.524489889434867,0.521451278904474,3.44891469865625
"NTS",0.1371,5.93778693712022,0.522038627799495,0.512628656002678,4,1.19161691419837,9.58084570839289,0.233839974907793,6.41128249912435,0.0933675074394689,0.525623596409356,0.522857705054272,3.42760504197886
"NTS",0.1391,6.02440673197245,0.516305589821705,0.50699895851122,4,1.19141958521331,9.57097926060844,0.232538334476677,6.42204422426268,0.0928922298702315,0.526778147149928,0.524151013926341,3.40687597559122
"NTS",0.1411,6.11102652682468,0.510674812302562,0.501469678189464,4,1.19122660986276,9.56133049485442,0.231272118140102,6.43246301198992,0.0924466630079658,0.527949554977355,0.525342087491578,3.38668677243048
"NTS",0.1431,6.19764632167691,0.505144977891391,0.496039521432549,4,1.19103757641685,9.55187882082294,0.230038448602986,6.44256227322283,0.0920289360672838,0.529133119458546,0.526440432844574,3.3669948064947
"NTS",0.1451,6.28426611652913,0.499709330050687,0.490701853492478,4,1.1908521053559,9.54260526337871,0.228833971608754,6.45237404889153,0.0916365606728639,0.530326795051816,0.527456116334088,3.34775066871228
"NTS",0.1471,6.37088591138136,0.494369385910611,0.485458164152486,4,1.19067014214153,9.53350710815467,0.227657743344584,6.46191022610582,0.0912678120569992,0.531527286457802,0.528395727788926,3.32894165828589
"NTS",0.1491,6.45750570623359,0.489122555879504,0.480305910499421,4,1.19049136933665,9.52456846620015,0.226507380165539,6.47119139040949,0.0909210724596401,0.532731717668472,0.529266762854183,3.31053253050854
"NTS",0.1511,6.54412550108582,0.483963747676613,0.475240092043091,4,1.19031556451162,9.51577822554673,0.225380875050441,6.48023835891415,0.0905943210854259,0.533939013001474,0.530075822008872,3.29249285557495
"NTS",0.1531,6.63074529593805,0.478891887812308,0.470259654643982,4,1.19014263048616,9.50713152409055,0.22427703775656,6.48906393171359,0.09028608709786,0.535147756140598,0.530827649645066,3.27480640039024
"NTS",0.1551,6.71736509079027,0.473904647157711,0.465362311156768,4,1.18997238049978,9.49861902508423,0.22319438082884,6.49768253128103,0.0899950041719187,0.536355720302568,0.531528103035905,3.25745051348187
"NTS",0.1571,6.8039848856425,0.468998549483361,0.460544648012526,4,1.18980465241784,9.49023262105347,0.222131450422867,6.50610872028031,0.0897196300039816,0.537562431523022,0.532181407894609,3.24040361375873
"NTS",0.1591,6.89060468049473,0.464173855879685,0.455806921595417,4,1.1896394682862,9.48197341361696,0.221087962139637,6.51434859154575,0.0894589714386892,0.53876660653902,0.532790877059171,3.22366201899988
"NTS",0.1611,6.97722447534696,0.459427207529459,0.451145833632348,4,1.18947656847887,9.47382842604794,0.220062147714585,6.52241674309198,0.0892118168880462,0.539967046219408,0.533361037821452,3.20719870656322
"NTS",0.1631,7.06384427019919,0.454756550262484,0.446559366980423,4,1.1893159390742,9.46579695740573,0.219053577074067,6.53031985723333,0.0889772588496056,0.541163308770118,0.53389426602371,3.19100740572634
"NTS",0.1651,7.15046406505141,0.450159896387817,0.44204556977769,4,1.18915751358525,9.45787567055601,0.218061397456655,6.53806770182531,0.0887542496451656,0.542355327149506,0.534393473886854,3.17507580135469
"NTS",0.1671,7.23708385990364,0.445635323288703,0.437602554063391,4,1.18900117153744,9.45005857689156,0.217084711117156,6.5456689567161,0.0885419485571344,0.543542675276442,0.534861338696873,3.15938981437061
"NTS",0.1691,7.32370365475587,0.441180971958418,0.4332284943402,4,1.18884684424663,9.44234221220208,0.216122996150493,6.55312869137747,0.0883397678773111,0.544724185231534,0.53530005507629,3.14394159521957
"NTS",0.1711,7.4103234496081,0.436795045263749,0.428921625869006,4,1.18869444856501,9.43472242839701,0.2151755570996,6.56045433200427,0.0881469576645512,0.545899992229286,0.535711589156512,3.12872009750308
"NTS",0.1731,7.49694324446032,0.432475806609657,0.424680243357649,4,1.18854407641769,9.4272037765109,0.214242376273117,6.56765027645897,0.0879627269272151,0.547070956344811,0.53609689478389,3.113726385832
"NTS",0.1751,7.58356303931255,0.428221574518117,0.420502695637469,4,1.18839534316835,9.41976715839328,0.213321563028679,6.57472744418035,0.08778675849451,0.548233899301886,0.536460707204832,3.09893002551636
"NTS",0.1771,7.67018283416478,0.424030728053711,0.41638739099111,4,1.18824852450821,9.41242621875783,0.212414082091548,6.58168522514434,0.0876182512948906,0.549391815503582,0.536801310315339,3.08434660831776
"NTS",0.1791,7.75680262901701,0.419901697461239,0.412332787958888,4,1.18810344211369,9.40517210459506,0.211518914805839,6.58853050137372,0.0874569080084296,0.550543183745854,0.537121393042956,3.06996043200862
"NTS",0.1811,7.84342242386924,0.415832966100829,0.40833739723902,4,1.18796020715055,9.39801035791244,0.210636337098973,6.59526470240999,0.0873021179192752,0.551689706715207,0.537420255233404,3.05577639855724
"NTS",0.1831,7.93004221872146,0.411823067637278,0.404399778927628,4,1.18781833617427,9.39091681614149,0.209764034543559,6.60190060671245,0.0871536779050822,0.55282696187505,0.537704156979951,3.04175666528996
"NTS",0.1851,8.01666201357369,0.407870583639604,0.400518540161561,4,1.1876783835613,9.38391917448354,0.208904191797519,6.60843102466937,0.0870108811032382,0.553960458745131,0.537967828937883,3.02793803769557
"NTS",0.1871,8.10328180842592,0.403975111028762,0.396693285127448,4,1.18753985929172,9.37699296457923,0.208054753869175,6.61486563457113,0.0868738710409356,0.555086010140877,0.538216292341091,3.0142854163906
"NTS",0.1891,8.18990160327815,0.400132421664062,0.392919861898663,4,1.18740267521176,9.37013376042071,0.20721479987567,6.6212131008506,0.0867419465902318,0.556204368174505,0.538451021237089,3.00078582766958
"NTS",0.1911,8.27652139813038,0.396344134583039,0.389199860328888,4,1.18726716849633,9.36335842103023,0.206385905576134,6.62746636592036,0.0866148830747813,0.557317340262024,0.538669638735983,2.98746437119985
"NTS",0.1931,8.3631411929826,0.392608968144938,0.385532021879497,4,1.18713329975661,9.35666498783736,0.205567576020835,6.63363092179788,0.0864922333541844,0.558424244237672,0.538874531464387,2.97431371396143
"NTS",0.1951,8.44976098783483,0.388922939058226,0.381912435059509,4,1.18700051402748,9.35002569985884,0.204757608162721,6.63971498412634,0.0863743427929272,0.559524266721968,0.539065916406874,2.96129687427395
"NTS",0.1971,8.53638078268706,0.385287667105633,0.378342690454369,4,1.18686950569763,9.34347528498793,0.203958553186574,6.64571209925619,0.0862602283056737,0.560619818354208,0.539243208431377,2.94845691871797
"NTS",0.1991,8.62300057753929,0.381701098956643,0.374820771745731,4,1.18673950328804,9.33697516449368,0.203167111635725,6.65163667593715,0.0861502556485999,0.56170613516247,0.539411864519049,2.93573909194367
"NTS",0.2011,8.70962037239151,0.378162144461213,0.371345608433978,4,1.18661125683991,9.33056284204226,0.202386341555634,6.65747721917793,0.0860437092323204,0.562789953329302,0.539565026443584,2.92319460484092
"NTS",0.2031,8.79624016724374,0.374669747714939,0.367916163647838,4,1.18648376330264,9.32418816213924,0.201611881957326,6.66325372017967,0.0859410497360513,0.563863609390644,0.539712006072702,2.9107508199819
"NTS",0.2051,8.88285996209597,0.371223741789287,0.364532273467736,4,1.18635787066296,9.31789353308769,0.200847139655949,6.66895318086652,0.0858415144258562,0.564932883621219,0.539846863032796,2.89846553526715
"NTS",0.2071,8.9694797569482,0.367820566959435,0.361190442334429,4,1.18623331054891,9.3116655068436,0.200091074933104,6.67458099967559,0.0857450555315459,0.565997002777918,0.539970869909296,2.88631947024824
"NTS",0.2091,9.05609955180043,0.364461831107439,0.357892249147204,4,1.18610975608793,9.30548780493734,0.19934202388364,6.6801455454472,0.085651638023842,0.567055182313459,0.540085924923953,2.8742871556054
"NTS",0.2111,9.14271934665265,0.361145746156099,0.354635938059725,4,1.18598758972234,9.29937948748213,0.198601697218666,6.68563983611371,0.0855611663075718,0.568107327138706,0.540191575147346,2.86239584123729
"NTS",0.2131,9.22933914150488,0.357871408913988,0.35142062216098,4,1.18586656343068,9.29332817162125,0.197868773817708,6.69107153270337,0.0854733378787171,0.569153743862175,0.540288847271524,2.85062492284637
"NTS",0.2151,9.31595893635711,0.354637943178729,0.348245441042518,4,1.18574667237283,9.2873336185476,0.197143438412119,6.69643914080437,0.0853881508376731,0.570195392808331,0.540376281594569,2.83897583820607
"NTS",0.2171,9.40257873120934,0.351444498924831,0.345109560000926,4,1.18562793126383,9.28139656286462,0.196425317825167,6.7017474330085,0.0853053763467925,0.5712308850668,0.540456823524146,2.8274446022026
"NTS",0.2191,9.48919852606157,0.348290251120174,0.342012168875643,4,1.18551028486403,9.27551424327044,0.195714338523316,6.70699618550448,0.0852250979190195,0.572261168921176,0.54052916192402,2.81602870042425
"NTS",0.2211,9.5758183209138,0.345174398209356,0.338952480559652,4,1.18539375839673,9.26968792057418,0.195010642919692,6.71218464689759,0.0851471180946549,0.573286019045647,0.540593338513819,2.80473034368063
"NTS",0.2231,9.66243811576602,0.342096165944357,0.335929734761084,4,1.18527835516124,9.26391775803974,0.194313738070213,6.71731965854837,0.085071090448367,0.574306759573545,0.540650561463332,2.79354281926383
"NTS",0.2251,9.74905791061825,0.339054800705534,0.33294319144462,4,1.18516387048332,9.25819390525212,0.193623186618829,6.7223997929887,0.084997325935393,0.575320680272087,0.540701799621622,2.78245741373966
"NTS",0.2271,9.83567770547048,0.336049557288113,0.329992118838121,4,1.1850504967462,9.25252483982345,0.192939445577485,6.72742528685516,0.0849254945903866,0.576330373553266,0.540745335239606,2.77148283920222
"NTS",0.2291,9.92229750032271,0.333079731916635,0.327075825851985,4,1.18493846073119,9.24692303663508,0.192263514411376,6.7323927583823,0.0848552998703676,0.577337879121345,0.540779355833143,2.76063567864049
"NTS",0.2311,10.0089172951749,0.330144637542714,0.324193637822171,4,1.18482677949503,9.24133897646725,0.191591174128767,6.73732029812003,0.0847873855937543,0.57833492953822,0.540813024379671,2.74984581076888
"NTS",0.2331,10.0955370900272,0.327243601239071,0.321344893951205,4,1.18471720921852,9.23586046074745,0.19092925529046,6.74218631405285,0.0847200988193399,0.579336362210836,0.54083395857553,2.73922708885521
"NTS",0.2351,10.1821568848794,0.324375958344689,0.318528941558871,4,1.1846069395626,9.23034698203587,0.190267590268952,6.74701489052641,0.0846564343807418,0.580320649259121,0.540855461022053,2.72860825884978
"NTS",0.2371,10.2687766797316,0.321541079838672,0.315745162962647,4,1.18449858592597,9.2249292964864,0.189615280897686,6.75178921603362,0.0845932478862659,0.581307593327418,0.54086750873104,2.71814310617042
"NTS",0.2391,10.3553964745838,0.318738346067847,0.312992949678876,4,1.18439087050844,9.21954352575466,0.188967735881621,6.75651823242074,0.0845320368007427,0.582287201511564,0.540875191950439,2.7077558675705
"NTS",0.2411,10.4420162694361,0.315967156204029,0.31027171170956,4,1.18428418872008,9.21420942132654,0.188326261951326,6.76120288492591,0.0844719728823991,0.583264558598189,0.540876782891671,2.69746627274663
"NTS",0.2431,10.5286360642883,0.313226922684505,0.30758087208306,4,1.18417842618054,9.20892131771021,0.187690556092571,6.76584079972156,0.0844135542631433,0.584236469960635,0.540873256753272,2.68727088479843
"NTS",0.2451,10.6152558591405,0.310517078007424,0.304919873526988,4,1.18407396225831,9.20369810836324,0.187061950856581,6.77043064285622,0.0843559170909394,0.585208892066479,0.540860885819133,2.67719087331214
"NTS",0.2471,10.7018756539928,0.307837066604702,0.302288170487616,4,1.18396959131424,9.19847957421634,0.186435778827661,6.7749857987973,0.0843004621576737,0.58616798855624,0.540850719034718,2.66714972381446
"NTS",0.2491,10.788495448845,0.305186348806129,0.299685233022524,4,1.18386631738578,9.19331586930093,0.185815706493835,6.77949881879645,0.0842459556468046,0.58712907247509,0.540831150703821,2.65720748601171
"NTS",0.2511,10.8751152436972,0.302564398703313,0.297110544703044,4,1.18376393349817,9.18819667406944,0.185201033075478,6.78396963501907,0.0841926718104093,0.588085177875592,0.540807493261049,2.64735349821795
"NTS",0.2531,10.9617350385494,0.299970704305887,0.294563602767658,4,1.18366249193354,9.18312459664571,0.184592002898895,6.78839707991977,0.0841407256786769,0.589037142925749,0.540778649206326,2.63759172136717
"NTS",0.2551,11.0483548334017,0.297404766421125,0.292043917021803,4,1.18356168865494,9.1780844325354,0.183987130486247,6.7927903037427,0.0840896813724701,0.589986763182508,0.540744869780469,2.62789699068013
"NTS",0.2571,11.1349746282539,0.294866099218809,0.289551010392562,4,1.18346173605783,9.1730868169399,0.183387626948395,6.79714202455239,0.0840398877264303,0.590929369487478,0.540709207888971,2.61828788141832
"NTS",0.2591,11.2215944231061,0.292354228980496,0.287084417700471,4,1.1833626441018,9.1681322058428,0.182793032119249,6.80145672798596,0.0839909223595138,0.591870220047192,0.540667797213549,2.60876033760931
"NTS",0.2611,11.3082142179584,0.289868693812691,0.284643685377865,4,1.18326416944738,9.1632084722785,0.182202856939186,6.80573234337129,0.083943562500499,0.592806410064682,0.540621281599439,2.59930385883365
"NTS",0.2631,11.3948340128106,0.287409043632229,0.282228371454521,4,1.18316671114991,9.15833556436792,0.181618134671095,6.80997280696425,0.0838966153986658,0.593741561151819,0.540570491387572,2.589935277813
"NTS",0.2651,11.4814538076628,0.284974839595255,0.279838044996937,4,1.18307155895193,9.15357794768878,0.181044354827874,6.81415357727095,0.0838494914677139,0.5946871341191,0.540501965774776,2.5807470105927
"NTS",0.2671,11.568073602515,0.282565653224361,0.277472285251193,4,1.18297528869674,9.14876443572968,0.180467437102491,6.81832910328148,0.0838045908645405,0.595611184574666,0.540447668458247,2.57150473718656
"NTS",0.2691,11.6546933973673,0.280181067048308,0.27513068227115,4,1.18287898617822,9.143949333032,0.179893873668305,6.82245410615422,0.0837628571534458,0.596526725429676,0.540383522789139,2.56231149112397
"NTS",0.2711,11.7413131922195,0.277820673689069,0.272812836021948,4,1.18278369599095,9.13918479970352,0.179324114211958,6.82656274675985,0.083720631698109,0.597445707574708,0.540316907177136,2.55318679971146
"NTS",0.2731,11.8279329870717,0.275484075475189,0.270518356000328,4,1.18268906799773,9.13445340452737,0.178756749490881,6.83066249032271,0.0836778535218454,0.598352568076612,0.540264560921111,2.54410485169656
"NTS",0.2751,11.9145527819239,0.273170884746802,0.268246861534163,4,1.18259600233143,9.12980011744057,0.178198933240591,6.8346946621347,0.0836364321435509,0.599268489897535,0.540188617254185,2.53517263634011
"NTS",0.2771,12.0011725767762,0.270880722678245,0.265997980626285,4,1.18250493557274,9.12524677985767,0.177649354815122,6.83869195355928,0.0835936641961915,0.600189365454384,0.540107971778,2.52637951854352
"NTS",0.2791,12.0877923716284,0.26861321917915,0.263771349857367,4,1.1824130553953,9.12065277487395,0.177101241985512,6.84263475307616,0.0835558938481459,0.601106372125868,0.540006510215125,2.51759887320233
"NTS",0.2811,12.1744121664806,0.266368013139079,0.261566614626141,4,1.18232039331983,9.11601966426844,0.176548075101381,6.84660884872694,0.0835171205584016,0.601988941558888,0.539947569645354,2.50874457116277
"NTS",0.2831,12.2610319613329,0.264144752336518,0.259383429060037,4,1.18223015186058,9.11150759261762,0.176005571446851,6.8505333075407,0.0834775385749394,0.602899996048721,0.539857416786901,2.50006658227277
"NTS",0.2851,12.3476517561851,0.261943091784088,0.257221454390224,4,1.18213856604927,9.10692830502852,0.175461093790363,6.85442881060818,0.0834425341902895,0.603782377722126,0.539777550363818,2.49134729043295
"NTS",0.2871,12.4342715510373,0.259762695682407,0.255080360870249,4,1.18204904905996,9.10245245631979,0.174925252019371,6.85828608303474,0.0834058125396353,0.604676882954533,0.539684771959073,2.48277429405726
"NTS",0.2891,12.5208913458895,0.257603235403517,0.252959825795815,4,1.1819622487867,9.09811243746841,0.174403033430387,6.86207024459949,0.0833688790024421,0.605593784252758,0.539560529625865,2.47441709259934
"NTS",0.2911,12.6075111407418,0.255464388204528,0.25085953224161,4,1.18187189721851,9.09359486538862,0.173865108374644,6.86591542675071,0.083334627964071,0.606457424639607,0.539490674008815,2.46581150677001
"NTS",0.2931,12.694130935594,0.253345841629398,0.24877917338375,4,1.18178448529667,9.08922426343793,0.173342750694837,6.86966851141289,0.0833008243595589,0.607348146313514,0.539378338138628,2.45745279730563
"NTS",0.2951,12.7807507304462,0.25124728805821,0.246718447147298,4,1.18169750722202,9.08487536170278,0.172821771501248,6.87341801409757,0.0832660952169962,0.60823218498957,0.539275328067944,2.44911973693597
"NTS",0.2971,12.8673705252985,0.249168427331937,0.244677058783724,4,1.18161091800943,9.08054590912498,0.172303961707219,6.87713664957894,0.0832328938524345,0.609110959810553,0.539168823174558,2.44083790127649
"NTS",0.2991,12.9539903201507,0.247108965983871,0.242654720116184,4,1.18152444857366,9.07622234466629,0.171786915559227,6.88084698943964,0.083199832077119,0.609986577698908,0.539064116314556,2.43257008593663
"NTS",0.3011,13.0406101150029,0.245068616953734,0.240651149258785,4,1.18143887479986,9.07194373822019,0.171275716395085,6.88451276159708,0.0831680978682171,0.610862156761616,0.538948976332415,2.4243941504523
"NTS",0.3031,13.1272299098551,0.243047099900053,0.238666070923331,4,1.18135425649254,9.0677128251823,0.170768851969063,6.88815571676952,0.0831360224488538,0.611737245570045,0.538832513617249,2.41629072915214
"NTS",0.3051,13.2138497047074,0.241044139770082,0.236699215015021,4,1.18126978788222,9.06348939873693,0.170263564888155,6.89177961493624,0.0831047158141325,0.612606523186243,0.538716183762807,2.40821404149274
"NTS",0.3071,13.3004694995596,0.239059468352868,0.234750318157518,4,1.1811864505093,9.05932252550332,0.169765190998999,6.89535652703667,0.083073643451858,0.613482289375828,0.538584212524575,2.40024385975668
"NTS",0.3091,13.3870892944118,0.237092821917999,0.232819121374267,4,1.18110273777977,9.05513688879699,0.16926451089094,6.89894375849318,0.0830441915799779,0.61434127640995,0.538470282902094,2.3922430096862
"NTS",0.3111,13.473709089264,0.235143943935158,0.230905372759019,4,1.18102007634157,9.05100381705231,0.168770114396502,6.90248800197993,0.0830145195274517,0.615205577186102,0.538342735908957,2.38434044505451
"NTS",0.3131,13.5603288841163,0.233212582356376,0.22900882480708,4,1.18093792867787,9.04689643418618,0.16828002649997,6.90599188506019,0.0829861967410824,0.61607573708238,0.538197840563061,2.37650545194166
"NTS",0.3151,13.6469486789685,0.231298490166233,0.227129234955588,4,1.18085595849309,9.04279792401488,0.167788873841238,6.90951484843479,0.0829571029325359,0.61692739047679,0.538080499054176,2.36865970723623
"NTS",0.3171,13.7335684738207,0.22940142750364,0.225266367667056,4,1.18077819099576,9.03890955258841,0.167315758667931,6.9129646943319,0.0829235951846025,0.617811983208734,0.537930670626696,2.3611074846508
"NTS",0.3191,13.820188268673,0.227521155316943,0.223419988198838,4,1.18069420644671,9.03471032286857,0.166824902996095,6.91639451119307,0.0829042373580183,0.618652212441883,0.537776740488994,2.35325096587051
"NTS",0.3211,13.9068080635252,0.225657443994831,0.221589871078467,4,1.1806138688055,9.03069343913337,0.166341512057983,6.91987329689797,0.0828746329086752,0.619496895624349,0.53766256377165,2.34553416479954
"NTS",0.3231,13.9934278583774,0.22381006757789,0.219775794419543,4,1.18053614680606,9.0268073409414,0.165874787834647,6.92323108615054,0.0828472561384494,0.62036459278791,0.537496300738269,2.33807707156862
"NTS",0.3251,14.0800476532296,0.221978801854017,0.217977538051485,4,1.1804558263127,9.02279131578178,0.165398197382562,6.92661322586107,0.0828242892224099,0.621213993808246,0.537341209764108,2.33045912151723
"NTS",0.3271,14.1666674480819,0.220163429795302,0.216194888858404,4,1.18037553608707,9.01877681901466,0.164916501433197,6.93006226417479,0.0827958703250212,0.622040419774008,0.537236110301558,2.32277394560431
"NTS",0.3291,14.2532872429341,0.218363739272237,0.214427638534518,4,1.1802972937797,9.01486468877285,0.164447907422808,6.93341706960759,0.0827698453149687,0.622885666348136,0.537089854071419,2.3152915011705
"NTS",0.3311,14.3399070377863,0.21657952097981,0.212675581547629,4,1.1802192417194,9.01096208899497,0.16398130377832,6.93674949313819,0.0827448228715053,0.623729038948046,0.536938522549244,2.30784148586166
"NTS",0.3331,14.4265268326386,0.214810572530385,0.210938519158225,4,1.18014190116324,9.00709495919732,0.16351824595477,6.94006205319813,0.082719880319581,0.624572477386582,0.536784916408309,2.30044839844997
"NTS",0.3351,14.5131466274908,0.213056684387773,0.209216245607097,4,1.18007011853243,9.0035059356854,0.163077706917348,6.94329594552885,0.0826895312006736,0.625468731351697,0.536584937810257,2.29342548590712
"NTS",0.3371,14.599766422343,0.21131767287713,0.207508580530219,4,1.17999167469048,8.99958373476969,0.16261724046672,6.9465218876104,0.0826718491207058,0.6263040708389,0.53639963425323,2.28606275590062
"NTS",0.3391,14.6863862171952,0.209593334624621,0.20581532421966,4,1.17991183173426,8.99559158638137,0.162142783206864,6.94988069744591,0.0826484822929803,0.627086712732333,0.536310585295518,2.27849085546404
"NTS",0.3411,14.7730060120475,0.207883485455168,0.204136295820174,4,1.17983614137361,8.99180706918824,0.161690303823559,6.95310877168709,0.0826255760230221,0.627925598667816,0.536142020560329,2.2712688711491
"NTS",0.3431,14.8596258068997,0.20618793893234,0.202471312255928,4,1.17976047848645,8.98802392919307,0.161237729170315,6.95633705286394,0.0826027914880427,0.628753589010511,0.53598508821432,2.26404776697964
"NTS",0.3451,14.9462456017519,0.204506513119752,0.20082019487002,4,1.17968551697362,8.98427584946062,0.160790613446276,6.95952035378993,0.0825813463558494,0.629587805578836,0.535810183743239,2.25690889290219
"NTS",0.3471,15.0328653966042,0.202839029897027,0.19918276875277,4,1.17961086205379,8.98054312033838,0.160343008346691,6.9627190082888,0.0825582797483193,0.630415154533274,0.535650323387297,2.24977001255889
"NTS",0.3491,15.1194851914564,0.201185316780647,0.197558864529748,4,1.17953754343184,8.97687717165969,0.159908156130679,6.96579817137242,0.0825398807805958,0.631256301671742,0.535439766894122,2.24282262082036
"NTS",0.3511,15.2061049863086,0.19954519348013,0.195948305160288,4,1.17946280795834,8.97314040117361,0.159459833165169,6.96900121893701,0.0825170904702886,0.6320731937248,0.535292924773191,2.23567441535255
"NTS",0.3531,15.2927247811608,0.197918503603365,0.194350937071313,4,1.17939199694261,8.96959984854388,0.159025881376648,6.97216725842246,0.0824888533273657,0.632918843297132,0.535128953422545,2.22876842254743
"NTS",0.3551,15.3793445760131,0.196305065713806,0.19276658209675,4,1.17931803203718,8.96590159888968,0.158589971273473,6.97523049588237,0.0824730526708736,0.63373882549102,0.534931072677059,2.22180270961354
"NTS",0.3571,15.4659643708653,0.194704754809351,0.191195117487712,4,1.17924381171927,8.96219062613037,0.158147423906944,6.9783670360418,0.0824529330573084,0.634543287080956,0.534775187631704,2.21474850725215
"NTS",0.3591,15.5525841657175,0.193117352933287,0.189636329216253,4,1.17917320496148,8.95866025100712,0.157720001325182,6.98145006544153,0.0824295369260043,0.635379562113576,0.534591823018519,2.20793711844885
"NTS",0.3611,15.6392039605697,0.191542746878039,0.188090106115411,4,1.17909974688869,8.95498734433878,0.157286936617892,6.98448942990205,0.0824145346918081,0.63619505536195,0.534393829267089,2.2010214094218
"NTS",0.3631,15.725823755422,0.189980772572302,0.186556287071337,4,1.179028005809,8.9514003189342,0.156855600300666,6.98757338504761,0.0823927817184907,0.637005189126727,0.534230276785272,2.19414943191749
"NTS",0.3651,15.8124435502742,0.188431288302458,0.185034732924864,4,1.17895707111886,8.94785371136401,0.156436648807222,6.9905230442985,0.0823783460907016,0.637839678677529,0.533996364833034,2.18745662861811
"NTS",0.3671,15.8990633451264,0.186894120206328,0.183525272947754,4,1.17888770325291,8.94438516297442,0.15601172205646,6.99361403650032,0.0823521243476826,0.638656402836182,0.533845224529622,2.18070052260498
"NTS",0.3691,15.9856831399787,0.185369146751107,0.18202778779788,4,1.17881586376143,8.94079317845863,0.155585015851095,6.99662332802761,0.0823354393791023,0.639457874648757,0.533661501916241,2.17389891501685
"NTS",0.3711,16.0723029348309,0.183856219132872,0.180542131353578,4,1.17874642050718,8.93732107782282,0.155171707422764,6.99955347827857,0.0823198150491919,0.640277396276208,0.533446104173159,2.16730300455305
"NTS",0.3731,16.1589227296831,0.18235519641883,0.179068165222428,4,1.17867575789057,8.93378789560743,0.154746271688597,7.00259543161457,0.0822982737831125,0.641085535355382,0.533278280960343,2.16052888425988
"NTS",0.3751,16.2455425245353,0.180865942146565,0.177605755401807,4,1.17860595786306,8.93029787835633,0.154329275577115,7.00555606802193,0.0822809059697551,0.641894266687227,0.533083959772204,2.15388265953945
"NTS",0.3771,16.3321623193876,0.179388319751719,0.176154767788989,4,1.17853712003805,8.92685603342371,0.153922675560864,7.00841487122608,0.0822670842882094,0.642718062916657,0.532842388796667,2.14739052905067
"NTS",0.3791,16.4187821142398,0.177922196094487,0.174715071644072,4,1.1784680274926,8.92340137537348,0.153503625599858,7.0114284062777,0.082245877133554,0.643516770850414,0.532683627206901,2.14072666633344
"NTS",0.3831,16.5920217039443,0.175023932713139,0.171869050712278,4,1.17833336286804,8.91666801853521,0.15269400020155,7.01721173450992,0.0822100820894766,0.64516283763819,0.532248379408985,2.12783094014194
"NTS",0.3851,16.6786414987965,0.173591533584186,0.170462471196448,4,1.17826318421127,8.9131592437278,0.152277056484174,7.02014821964042,0.0821950007966015,0.645941844104033,0.532073958865584,2.12118873104194
"NTS",0.3871,16.7652612936487,0.17217013164338,0.169066690639699,4,1.17820261305377,8.9101306042404,0.15189309569235,7.02303273456047,0.0821633500541978,0.646799244948767,0.531865222494483,2.1151002330258
"NTS",0.3891,16.8518810885009,0.170759593087109,0.167681577650285,4,1.1781285745943,8.90642873175342,0.151469848258952,7.02589214529055,0.0821613750112722,0.647551830485306,0.531662302142521,2.10833497875677
"NTS",0.3911,16.9385008833532,0.169359809232277,0.166307025504169,4,1.17806254066274,8.90312703751224,0.151072953024997,7.02872365382404,0.082145394883533,0.648366776821665,0.531439592049488,2.10201544983236
"NTS",0.3931,17.0251206782054,0.167970661183294,0.164942917448908,4,1.17800406990059,8.9002034905667,0.150704892927436,7.03147558976598,0.0821203405566979,0.649262144380603,0.531155881324286,2.09617148249074
"NTS",0.3951,17.1117404730576,0.166592022157638,0.163589128987287,4,1.17792790064269,8.89639503349457,0.150273475600123,7.03435534188595,0.0821186215939132,0.649964966805526,0.530998915439451,2.08927367984371
"NTS",0.3971,17.1983602679098,0.165223794792966,0.162245564511965,4,1.177866835644,8.89334178544664,0.149894139934741,7.0371520821292,0.0820948381280819,0.650785231206635,0.530791848162094,2.0832482305684
"NTS",0.3991,17.2849800627621,0.163865855757634,0.1609121029144,4,1.17780143571825,8.89007177303463,0.149493699646216,7.04005187395884,0.0820724178003443,0.651610222399897,0.53059162810107,2.07689123418559
"NTS",0.4011,17.3715998576143,0.162518100186648,0.159588641219838,4,1.17773603472942,8.88680213626522,0.149102896660964,7.0428258801486,0.0820587884645164,0.652399255145908,0.530379724096549,2.07066296859939
"NTS",0.4031,17.4582196524665,0.16118041883944,0.158275072156817,4,1.1776702322114,8.88351161589321,0.148714661980666,7.04554043527124,0.0820489736099912,0.653217971014801,0.530111731906628,2.06447351742283
"NTS",0.4051,17.5448394473188,0.159852702121117,0.156971288105941,4,1.17760088908598,8.8800439955528,0.148306946691297,7.04836821488323,0.0820386564788711,0.653965173071838,0.529935386770001,2.05798344579497
"NTS",0.4071,17.631459242171,0.158534857110642,0.155677197821114,4,1.17754502087625,8.87725104240046,0.147949707521781,7.05107247339128,0.0820073875909763,0.654867232291096,0.529647927153546,2.05232314989263
"NTS",0.4091,17.7180790370232,0.157227090487347,0.154393004256185,4,1.17747403423786,8.87370171179703,0.147537543401117,7.05389276176441,0.0820039499823417,0.655577157628249,0.529495101729686,2.04575516561661
"NTS",0.4111,17.8046988318754,0.155928336035861,0.153117660414774,4,1.1774104215065,8.87052110202196,0.14715733913926,7.05658551726044,0.0819921624965322,0.656388994693045,0.529241312608967,2.0397019573172
"NTS",0.4131,17.8913186267277,0.154639467777272,0.151852024563361,4,1.17734775356421,8.86738770165045,0.146776249159251,7.0593306861288,0.0819740451526393,0.657195420366852,0.529020825131607,2.03364426325631
"NTS",0.4151,17.9779384215799,0.153360061517601,0.150595680154249,4,1.17728333595556,8.86416683276584,0.14639479263308,7.06200783162839,0.0819633615333347,0.65798838824096,0.52877633944587,2.02756469615122
"NTS",0.4171,18.0645582164321,0.152090019549964,0.149348531241761,4,1.17721793577394,8.8608967756925,0.146005624075902,7.0647404592723,0.0819525390507374,0.658746073652331,0.528580326399064,2.02137695494362
"NTS",0.4191,18.1511780112844,0.150829250255484,0.148110487858491,4,1.17715375929387,8.85768796503019,0.145624232172834,7.06742129532484,0.0819414367702383,0.659545635276338,0.5283322184538,2.0153058993629
"NTS",0.4211,18.2377978061366,0.149577972927054,0.146881765344482,4,1.1770918989964,8.85459494324069,0.145251791587233,7.07007845467221,0.0819268397155918,0.660366471550485,0.528070134741586,2.00937965466937
"NTS",0.4231,18.3244176009888,0.148335157847721,0.145661352543873,4,1.17702985600986,8.85149282658292,0.144877374496256,7.07274992798735,0.0819138083393585,0.661154850904059,0.527843441936756,2.00342913743281
"NTS",0.4251,18.411037395841,0.147101654658699,0.144450083782731,4,1.17697434807726,8.8487174191625,0.144525274402821,7.07538765578234,0.081885419034246,0.662019072794441,0.527573202953324,1.99785372233202
"NTS",0.4271,18.4976571906933,0.145877351158331,0.14324784888188,4,1.17690361070631,8.84518053548605,0.144124115032216,7.07805968766246,0.0818915029273776,0.662731728583142,0.527364599822207,1.99144889774077
"NTS",0.4291,18.5842769855455,0.1446615720301,0.142053984697675,4,1.17684314091382,8.84215704605468,0.143757236453978,7.08069617730828,0.0818765828774147,0.663538358420557,0.527119000374245,1.98561572946979
"NTS",0.4311,18.6708967803977,0.143454227731351,0.140868403301507,4,1.17679105815202,8.83955291081438,0.143418769206652,7.08329436692741,0.0818444053355801,0.66440209735459,0.526858668687505,1.98025892300919
"NTS",0.4331,18.75751657525,0.14225582321592,0.1396916005452,4,1.17671978476151,8.8359894079328,0.143015336576493,7.08596617083156,0.0818514504500527,0.665109015753787,0.526651855754809,1.97382617579396
"NTS",0.4351,18.8441363701022,0.141066285478873,0.138523504739767,4,1.17665709865615,8.83285493383282,0.142643544662681,7.08856719885512,0.0818425986625634,0.665898580502524,0.526394408699983,1.96791309062701
"NTS",0.4371,18.9307561649544,0.139884648059243,0.137363166845116,4,1.17660858335647,8.83042917200598,0.142321722664624,7.09108395090553,0.0818119720340998,0.666825388914559,0.526062802246493,1.96282516284311
"NTS",0.4391,19.0173759598066,0.138711692538754,0.136211354354623,4,1.17653590411235,8.82679522361149,0.141914327557595,7.09374928493311,0.081817405800815,0.667489374171164,0.525889735641467,1.95632516735608
"NTS",0.4411,19.1039957546589,0.137547065494244,0.135067720215731,4,1.17647471139825,8.82373540877916,0.141547914909525,7.09633891696122,0.0818080360067096,0.66827627494396,0.525641155085152,1.95050121643657
"NTS",0.4431,19.1906155495111,0.136390684382079,0.133932183372692,4,1.17641437223224,8.82071864754589,0.141185153900779,7.09891380991258,0.0817966384411103,0.669068721327899,0.525387793939713,1.94473710782514
"NTS",0.4451,19.2772353443633,0.135242475219864,0.132804671176674,4,1.17636266928457,8.81813346589308,0.140844978580391,7.10154047765589,0.0817646208801507,0.669935847028234,0.525137963888296,1.93937009191536
"NTS",0.4471,19.3638551392155,0.134102345422767,0.131685092711729,4,1.17629557433893,8.81477874081446,0.140466145384498,7.10404803380183,0.0817706743997537,0.670658347086265,0.524883233022089,1.93332206617951
"NTS",0.4491,19.4504749340678,0.13297023928386,0.130573393275067,4,1.17623674008126,8.81183698559749,0.140124585759524,7.10639733243076,0.0817736258062675,0.671487630878007,0.524515763565114,1.92786635504966
"NTS",0.4511,19.53709472892,0.131846073353136,0.129469490920906,4,1.17618136356995,8.80906817992928,0.139770579282268,7.10905067781189,0.0817458100537521,0.672310885916903,0.524295724614019,1.92228022405894
"NTS",0.4551,19.7103343186245,0.129621267481892,0.127284788136649,4,1.17606002070634,8.80300099632014,0.139046204346585,7.11414550728986,0.0817271604764027,0.673865445874509,0.523796201067791,1.91077179672251
"NTS",0.4591,19.8835739083289,0.127427376410494,0.125130442899617,4,1.17595305054794,8.79765251863832,0.138369740702275,7.11918836664733,0.0816810453927664,0.675551045977887,0.523244257231022,1.90006560692065
"NTS",0.4611,19.9701937031811,0.126341839833259,0.124064473588159,4,1.17588602896009,8.79430153260567,0.137997918653562,7.12159781210825,0.0816965945090998,0.67627526161185,0.522950746944606,1.89412097863306
"NTS",0.4631,20.0568134980334,0.125263832776806,0.123005898074618,4,1.17583805598474,8.79190280465112,0.137681377490059,7.12404477051545,0.0816728938798854,0.677180359053536,0.522617572001219,1.88913105238485
"NTS",0.4651,20.1434332928856,0.124193261553138,0.121954624359764,4,1.17576462720412,8.78823139332869,0.137274601422729,7.1266603402064,0.081681477342485,0.677779741324002,0.522488658987523,1.88264141707911
"NTS",0.4671,20.2300530877378,0.123130090290305,0.120910617218255,4,1.17570726927595,8.78536353107596,0.136926059453368,7.12915596142562,0.0816694110774226,0.67858072810813,0.522218791588803,1.87711230058407
"NTS",0.4691,20.3166728825901,0.122074245349495,0.119873804338647,4,1.17565081023191,8.78254044042616,0.136591167600289,7.13150759994835,0.0816616465644081,0.679400739146926,0.521882387396785,1.87177690253358
"NTS",0.4731,20.4899124722945,0.119984264477486,0.117821496274768,4,1.17553721915072,8.77686098917484,0.135902719318357,7.1364154013146,0.081643591982925,0.681001186932737,0.521317445745042,1.86086212862588
"NTS",0.4751,20.5765322671467,0.118950000107827,0.116805874967195,4,1.17547634808376,8.77381734061517,0.135540089653894,7.1389541522312,0.0816350168951181,0.681746205961826,0.521098095575601,1.85510523449159
"NTS",0.4771,20.663152061999,0.117922817938515,0.115797208200247,4,1.17542319428368,8.77115969128064,0.135203976814379,7.14144537137333,0.0816146239085871,0.682573691699417,0.520827937888066,1.84979937483944
"NTS",0.4791,20.7497718568512,0.116902641742457,0.114795421120858,4,1.17536213174889,8.76810634110121,0.134852173278144,7.14382928019942,0.0816172838784076,0.68332910958548,0.520537248133507,1.84419040088371
"NTS",0.4811,20.8363916517034,0.115889423944571,0.113800467011509,4,1.17530514889678,8.7652573978267,0.13452103509583,7.14609371123642,0.0816217067607199,0.684115499850931,0.520194188315942,1.83891656883251
"NTS",0.4831,20.9230114465556,0.114883106839577,0.112812289207081,4,1.17525465205609,8.76273260382357,0.134208625345217,7.14837159179069,0.0816149778797374,0.685065959857099,0.51973503357754,1.83396701141216
"NTS",0.4851,21.0096312414079,0.11388361365787,0.111830812321775,4,1.17519506617516,8.75975331411727,0.133840887302555,7.1510355634649,0.0815896789586626,0.685748327118633,0.519639871129658,1.82814883917454
"NTS",0.4871,21.0962510362601,0.11289091911054,0.110856011522523,4,1.1751564029624,8.75782013807545,0.133567715618456,7.15327667698163,0.0815613622145166,0.68674424855958,0.519201658800272,1.82385363791519
"NTS",0.4951,21.442730215669,0.10898677477258,0.107022241072921,4,1.17493052841945,8.74652641222437,0.132187450630743,7.16317286045033,0.0815029088175773,0.689877821677235,0.518194325579852,1.80200627318294
"NTS",0.4991,21.6159698053735,0.107073955210968,0.105143900910282,4,1.17480612090558,8.74030593381565,0.1315090336285,7.16747379654806,0.0815528980495276,0.691428115100607,0.51737355254934,1.79114513645744
"NTS",0.5011,21.7025896002257,0.106127184833512,0.104214196477903,4,1.17476592598146,8.73829629075691,0.131194682693845,7.17021972398062,0.0814831886669062,0.692282226412519,0.517271188648439,1.78625382505675
"NTS",0.5031,21.7892093950779,0.105186742798389,0.103290706316751,4,1.17469222089528,8.73461094458591,0.130810979930568,7.17248340997686,0.0815208931762522,0.692886831250743,0.516997311235764,1.78010761084911
"NTS",0.5051,21.8758291899302,0.104252658571153,0.102373459361253,4,1.17465585259886,8.73279258531868,0.130529448229053,7.17493122361686,0.0814636605976087,0.693900473089458,0.516643490055764,1.77572025350418
"NTS",0.5071,21.9624489847824,0.103324763650238,0.101462290147156,4,1.17460278564193,8.73013935521289,0.130211323390874,7.1771865064451,0.0814564092791746,0.694674546591151,0.516342184461238,1.77065883959809
"NTS",0.5091,22.0490687796346,0.102403074540443,0.100557214881753,4,1.17452812774261,8.72640676103577,0.129820167383704,7.17951068349645,0.0814995371975596,0.695280500977586,0.516082075822271,1.76440134778307
"NTS",0.5171,22.3955479590435,0.0987774825958971,0.0969969757983332,4,1.17433205468251,8.71660273453282,0.128569811641032,7.18885427122022,0.0814271206181531,0.698707341038461,0.514770601676112,1.7446688896146
"NTS",0.5191,22.4821677538957,0.0978861528021023,0.0961217126091431,4,1.17426496354018,8.7132482278277,0.1282073324905,7.19111421685035,0.0814500771592521,0.699386653707277,0.514469821367289,1.73887099021483
"NTS",0.5211,22.568787548748,0.097000665608439,0.0952521867046931,4,1.17422645497984,8.71132274681068,0.127918435133468,7.193565576839,0.0813984454878098,0.700387191830035,0.514116334483455,1.73436773847794
"NTS",0.5231,22.6554073436002,0.0961210912723442,0.0943884670759994,4,1.17415897863394,8.70794892201354,0.127586938865082,7.19539148622513,0.0814565287770172,0.701065524689295,0.513644197423252,1.72899299473793
"NTS",0.5251,22.7420271384524,0.0952473432280435,0.0935304687176732,4,1.17409826764514,8.70491337462037,0.127221446773367,7.19794547071441,0.0814479319551594,0.701748651498681,0.513494589601577,1.72322710668816
"NTS",0.5271,22.8286469333047,0.0943794156254573,0.0926781858850851,4,1.17406289050967,8.70314451594808,0.12696327347026,7.20011383673884,0.0814099373638532,0.70282539861714,0.51297718234193,1.71917613079035
"NTS",0.5291,22.9152667281569,0.0935172690746241,0.0918315798982945,4,1.17399778207789,8.69988908870202,0.12659412000509,7.20254049506907,0.0814202546218722,0.703438785422459,0.512819359679168,1.71331089619248
"NTS",0.5311,23.0018865230091,0.0926606994280868,0.0909904502896906,4,1.17393716394549,8.69685819088458,0.126247472157575,7.20483851155969,0.0814304791493713,0.70418074834665,0.512511325576851,1.70781120188398
"NTS",0.5351,23.1751261127136,0.0909646558958163,0.0893249786748127,4,1.17383097187633,8.69154861905248,0.125603050937496,7.20942167929719,0.0814164974804972,0.705770586417444,0.511892981277908,1.69760922331151
"NTS",0.5391,23.348365702418,0.0892909511244541,0.087681443155027,4,1.17373630552966,8.68681496835591,0.124990066556814,7.21405605185579,0.0813745943318719,0.707518404139206,0.511215267446724,1.68795531001388
"NTS",0.5411,23.4349854972703,0.088462358501289,0.0868677862718624,4,1.17367524908291,8.68376246564313,0.124678054036011,7.21586761741284,0.0814220855475136,0.70834254409067,0.510633318182289,1.68292979535121
"NTS",0.5431,23.5216052921225,0.0876392243293647,0.0860594894489968,4,1.17362025936409,8.68101253257319,0.12432632362161,7.21848009187392,0.0813942110233741,0.709021164714471,0.510554347764398,1.6774014743902
"NTS",0.5451,23.6082250869747,0.0868215404134124,0.0852565446388848,4,1.17358156918336,8.67907846307616,0.124062182842898,7.22059293549025,0.0813737832290022,0.709879465437493,0.510210966527153,1.67323433164976
"NTS",0.5471,23.6948448818269,0.0860092168674078,0.0844588635757363,4,1.17352236430286,8.67611821635362,0.123734894850121,7.22267651494642,0.0813889161682879,0.710876970163832,0.509576212235894,1.66802702059104
"NTS",0.5531,23.9547042663836,0.0836041991069119,0.0820971972993873,4,1.17336915036401,8.66845758005788,0.12277736158333,7.22966647812495,0.0813505222876837,0.713242980234635,0.508755016907127,1.65292164833359
"NTS",0.5591,24.2145636509403,0.0812463212620648,0.0797818212213421,4,1.17321653155261,8.66082657819632,0.121863777403619,7.23608357872783,0.0813537856461434,0.715660362015748,0.50766385636503,1.63843197181502
"NTS",0.5631,24.3878032406448,0.0797000914203141,0.0782634628404901,4,1.1731021803308,8.6551089598597,0.121182766906507,7.24079928250352,0.0813442985721439,0.717249972754759,0.50704492667937,1.62766762674316
"NTS",0.5651,24.474423035497,0.0789348075591343,0.0775119735515254,4,1.17306726495229,8.65336326679361,0.12091174082478,7.24315265314771,0.0812985925745258,0.718143397316222,0.506786076812654,1.62345068668591
"NTS",0.5671,24.5610428303492,0.0781741650863748,0.0767650419879495,4,1.17301480129902,8.65073987067153,0.120582921810581,7.24554651588855,0.0812821946125422,0.719004856302324,0.50645578331582,1.61827710590747
"NTS",0.5711,24.7342824200537,0.0766683566291697,0.0752863763787238,4,1.17290933363098,8.6454667240619,0.119976803198428,7.24961773430114,0.081302675808607,0.720735836127595,0.505505085961462,1.60863429089441
"NTS",0.5731,24.8209022149059,0.0759227741110144,0.0745542333075642,4,1.17285933674606,8.64296685079216,0.119666326152444,7.2518795577892,0.0812924525680885,0.721575737130276,0.505164195771054,1.60372425935208
"NTS",0.5771,24.9941418046104,0.0744462763111205,0.0731043500183889,4,1.17275958661823,8.63797932694347,0.119044300464452,7.25639291569189,0.0812775721063314,0.723123405855339,0.504603245130267,1.59392726813898
"NTS",0.5791,25.0807615994626,0.0737150951771912,0.072386348740283,4,1.17269378070602,8.63468904388387,0.118707794235334,7.25832565049055,0.0813194862093104,0.723925339262632,0.504062373702932,1.58852908917459
"NTS",0.5811,25.1673813943148,0.0729891150013049,0.0716734546707045,4,1.17265741961252,8.63287098460252,0.118424320918629,7.26078300726835,0.0812645816804944,0.724919674405667,0.503735968184252,1.58413012426814
"NTS",0.5831,25.254001189167,0.0722677080515085,0.0709650513928398,4,1.17260226388944,8.63011319442469,0.118106783712644,7.26290970621686,0.0812766237539352,0.725717161986314,0.503346760746892,1.57908895765893
"NTS",0.5851,25.3406209840193,0.0715510505263873,0.0702613119292188,4,1.17255326247601,8.62766314133499,0.117804656043491,7.2650870044527,0.0812690406767102,0.726579716391404,0.502955943558804,1.57431697234998
"NTS",0.5871,25.4272407788715,0.0708391035758513,0.0695621981300409,4,1.17250153863675,8.62507694441655,0.117501429807456,7.2671594645985,0.0812766300707425,0.727430078033341,0.502516109069704,1.56951007265591
"NTS",0.5911,25.600480368576,0.0694290512932656,0.0681775626490185,4,1.17239338014384,8.61966900894667,0.116890870888618,7.27115762273199,0.0813149168744073,0.729038921012264,0.501637243313551,1.5598004445727
"NTS",0.5931,25.6871001634282,0.0687312479341526,0.067492337496918,4,1.17235142506276,8.61757125967407,0.116567503612559,7.27392652220745,0.0812512117670947,0.729854293282978,0.501574336238473,1.55479128706304
"NTS",0.5951,25.7737199582804,0.0680378667464417,0.0668114548046696,4,1.17229832512938,8.61491625766912,0.116272680658901,7.27582997475223,0.0812705299135404,0.730812367833452,0.500954087010952,1.5500851636558
"NTS",0.5971,25.8603397531326,0.0673490523686515,0.0661350566036202,4,1.17225098608288,8.61254930872442,0.115956629018565,7.27826399023687,0.08124296663817,0.73156954829451,0.500779829648554,1.54513731297618
"NTS",0.5991,25.9469595479849,0.0666647822545398,0.0654631207539331,4,1.17220020641676,8.61001031152253,0.115651970187423,7.28039425448169,0.0812435733751817,0.732514388364884,0.500275733606074,1.54032036803823
"NTS",0.6011,26.0335793428371,0.0659850235109994,0.064795614955414,4,1.17214964987604,8.60748248494127,0.115338393956911,7.28265858350062,0.0812329073709589,0.733345031473735,0.499940812123763,1.53537805306377
"NTS",0.6031,26.1201991376893,0.0653097621354461,0.0641325254578809,4,1.17210015657978,8.60500785934583,0.115049120422766,7.28463238469558,0.0812454760339228,0.734242739804639,0.499430163936424,1.53078797652578
"NTS",0.6071,26.2934387273938,0.0639723976811758,0.062819267575666,4,1.17198794136327,8.59939749605591,0.114409988818114,7.28884467636514,0.0812808606627662,0.735818200210245,0.498640953304696,1.52064791199218
"NTS",0.6111,26.4666783170982,0.0626530453939065,0.0615236971833603,4,1.17190079084316,8.59503953083183,0.113829469033262,7.29332378523016,0.0812313713355921,0.737708721849046,0.497819780782851,1.51154111635535
"NTS",0.6131,26.5532981119505,0.0619998254870143,0.0608822518474934,4,1.17185104506007,8.59255223964982,0.113526812094399,7.29546527523323,0.0812307621349284,0.738585087014122,0.497394800059133,1.50676634506189
"NTS",0.6151,26.6399179068027,0.0613509340487889,0.0602450569577756,4,1.17179984042381,8.5899920224122,0.113217557118819,7.29766445568445,0.0812260214690958,0.739391189961481,0.497059904032476,1.50185656547623
"NTS",0.6171,26.7265377016549,0.0607063451755258,0.0596120870774279,4,1.17174211348792,8.58710566713769,0.112908722361604,7.29952929517473,0.0812647457815132,0.740231972846484,0.496502016647296,1.49694820469034
"NTS",0.6211,26.8997772913594,0.0594300259330298,0.0583587740406723,4,1.17165261587309,8.58263079774495,0.112315045891389,7.30406991896995,0.0812205011423178,0.74206788226739,0.495739154962,1.48765630812078
"NTS",0.6251,27.0730168810638,0.0581705000070913,0.0571219516136883,4,1.17156396858231,8.57819843103161,0.111769172704564,7.30802230313842,0.0812468779625294,0.743930622319302,0.494720494892056,1.47900951436572
"NTS",0.6271,27.1596366759161,0.057547230614667,0.0565099169213268,4,1.17150372225197,8.5751861465789,0.111412603321869,7.31044941405285,0.0812209961797236,0.744726924156411,0.494424837225759,1.47339531179767
"NTS",0.6291,27.2462564707683,0.0569279923616717,0.0559018407053645,4,1.17145250717011,8.57262535650854,0.111101690199798,7.31264649296918,0.0812190747729847,0.745573758548817,0.494043290545044,1.46848685130239
"NTS",0.6311,27.3328762656205,0.0563127384802677,0.0552976770409744,4,1.17139774074712,8.56988673234313,0.110797758324473,7.31459646881472,0.0812431890945884,0.746423563100556,0.493537217351525,1.46364535055741
"NTS",0.6331,27.4194960604727,0.0557017774853355,0.0546977288819228,4,1.17135451656549,8.567725945931,0.110513444285099,7.31677151704024,0.0812276142828808,0.747334471099292,0.493138014376342,1.45917643016074
"NTS",0.6351,27.506115855325,0.0550950501386705,0.0541019380577993,4,1.17130587038642,8.56529356989679,0.110201663535639,7.31907328338703,0.0812137046892652,0.748266044306151,0.49272721094349,1.45429484923628
"NTS",0.6371,27.5927356501772,0.0544921028420289,0.0535098591466645,4,1.17125620214572,8.56281006191157,0.109915152518522,7.32100334838069,0.0812259320312294,0.749207845963855,0.492158122366001,1.44973962528432
"NTS",0.6391,27.6793554450294,0.0538934998301116,0.052922046212645,4,1.17120361642909,8.56018081055174,0.109604016709387,7.32312450473266,0.0812365907213955,0.750067173807607,0.491719746073034,1.44483718007802
"NTS",0.6411,27.7659752398817,0.0532986316889483,0.0523379008267207,4,1.17115178770698,8.55758938787864,0.109300336432032,7.32519507537942,0.0812511627246239,0.750885018619853,0.491311485129027,1.44002582037309
"NTS",0.6431,27.8525950347339,0.0527079259762317,0.051757842839672,4,1.17110147288848,8.55507364300084,0.108995482175546,7.32734647828928,0.0812484144216326,0.751826066907557,0.490825569328392,1.43521080029512
"NTS",0.6451,27.9392148295861,0.0521212138029627,0.0511817064067972,4,1.17105246253899,8.55262312569547,0.108696430878333,7.32946985736272,0.0812482416310738,0.752742627642346,0.490360103151393,1.43049237992956
"NTS",0.6471,28.0258346244383,0.0515386255504667,0.0506096195592417,4,1.17100854958729,8.5504274724262,0.108406091610206,7.33167471556727,0.0812302326698082,0.75369169177137,0.489926393842446,1.42595644639818
"NTS",0.6531,28.285694008995,0.0498140091373059,0.0489160901019956,4,1.17086498406496,8.54324919147424,0.107506550305769,7.33823725714701,0.0812109039323009,0.756464106996084,0.488609164815906,1.4117850738005
"NTS",0.6551,28.3723138038472,0.0492469357666375,0.0483592384738201,4,1.17081376128636,8.54068808471515,0.107200572263317,7.3403378022903,0.0812168503209717,0.757330147079678,0.488165713238513,1.40697451223209
"NTS",0.6571,28.4589335986995,0.0486835922603195,0.0478060494775788,4,1.17075886375809,8.5379432939682,0.106899453593544,7.34224763077421,0.0812481919807705,0.758260426702581,0.487563398568013,1.40216723831951
"NTS",0.6591,28.5455533935517,0.0481243922139962,0.0472569292536756,4,1.1707169930794,8.53584972236107,0.106613405255118,7.34449414197988,0.0812215624324293,0.759283177251336,0.487090321704208,1.39769505066959
"NTS",0.6611,28.6321731884039,0.0475688750252425,0.0467114255022432,4,1.17067046105473,8.53352304253904,0.106318230616701,7.34666118018919,0.0812143767182163,0.760200929327544,0.486656288640086,1.39306093555295
"NTS",0.6671,28.8920325729606,0.0459249838458498,0.0450971661715518,4,1.17052140316065,8.52607008019032,0.105410591808539,7.35307524872118,0.0812195242745988,0.762998787628702,0.485213553612826,1.37875426498929
"NTS",0.6691,28.9786523678128,0.0453847410030047,0.0445666614393442,4,1.17047150651518,8.52357532180159,0.105111909752325,7.35516053859568,0.0812272691857897,0.76390783616816,0.484735451326036,1.37402830229753
"NTS",0.6771,29.3251315472218,0.0432604363680703,0.042480648313195,4,1.17027612210341,8.51380616019858,0.103915812914182,7.36365085140171,0.0812332678157055,0.767768056424173,0.482679528002112,1.35519072258799
"NTS",0.6811,29.4983711369262,0.0422203770428486,0.041459336506636,4,1.17017813487244,8.50890676320942,0.103314525400794,7.36792270547547,0.0812355260316501,0.769693658518375,0.481663694352658,1.34572906951836
"NTS",0.6851,29.6716107266307,0.0411948606907763,0.0404523055298526,4,1.17008085479524,8.50404274264234,0.102721686321649,7.37212547907997,0.0812419142751646,0.771654594667358,0.480593780061141,1.33637478421535
"NTS",0.7011,30.3645690854485,0.0372355624050121,0.0365643753061824,4,1.1696896537607,8.48448285377176,0.100323827840193,7.38916187388526,0.0812697565396413,0.779589189632694,0.476284671368453,1.29861840257194
"NTS",0.7031,30.4511888803007,0.0367564852002008,0.0360939336749584,4,1.16964057700885,8.48202889732451,0.100014625707028,7.39140411695399,0.0812624097175544,0.780540068426173,0.475829294565881,1.2937742888718
"NTS",0.7071,30.6244284700052,0.035808834044677,0.0351633643409165,4,1.1695425329192,8.47712664752803,0.0994149885669205,7.39564852593487,0.0812691514793421,0.782632264843979,0.474636127173448,1.2843371663243
"NTS",0.7111,30.7976680597096,0.0348748221893517,0.0342461884527945,4,1.16944400779921,8.47220041336297,0.0988139510409093,7.39989315433395,0.0812832710971546,0.784649017946544,0.473513235973481,1.27487472320497
"NTS",0.7151,30.9709076494141,0.0339544402679134,0.0333423968131128,4,1.16934572885089,8.46728646919947,0.0982108136862322,7.40418265045997,0.0812899547873481,0.786763876301153,0.472314284452994,1.26537920274679
"NTS",0.7251,31.4040066236752,0.0317124972355051,0.0311408657724261,4,1.16909846226455,8.45492311815644,0.0967029672713721,7.41482632069675,0.0813252654602081,0.792034794743786,0.469285358244231,1.24164002273309
"NTS",0.7271,31.4906264185274,0.0312741061001825,0.0307103768267112,4,1.16905029074421,8.45251456838157,0.096393567402925,7.41711635416628,0.0813165826349311,0.793085837726219,0.468755227693393,1.23679423072284
"NTS",0.7391,32.0103451876408,0.0287127534589378,0.0281951936733786,4,1.16875483814582,8.43774155031122,0.0945694291551982,7.43012581023133,0.0813501524544576,0.799662347694447,0.464964231386035,1.2081301292796
"NTS",0.7411,32.096964982493,0.0282972661231683,0.0277871956763348,4,1.16870223430776,8.43511185768325,0.0942606843979321,7.43222425246034,0.0813679184376758,0.800716385097447,0.464325686441042,1.20324934397842
"NTS",0.7451,32.2702045721975,0.0274760677443914,0.0269807997531088,4,1.16860255337998,8.43012768217482,0.0936387309491794,7.43669550956141,0.0813709394397424,0.802946248410944,0.463068483660924,1.19349443837208
"NTS",0.7511,32.5300639567542,0.0262681150007546,0.0257946208795349,4,1.1684517257738,8.42258630103538,0.0927064053110208,7.4433409339608,0.0813839289599087,0.80626743086797,0.461173212390422,1.17885684619646
"NTS",0.7551,32.7033035464586,0.025478607642409,0.0250193447324058,4,1.16835166047354,8.41758322759212,0.0920984143631361,7.44761553623354,0.0814165469098644,0.80862970606217,0.459700988197985,1.16928297122347
"NTS",0.7571,32.7899233413109,0.0250887291994539,0.02463649401682,4,1.1683009826749,8.41504912588126,0.0917808652627284,7.44990486284889,0.0814152281982143,0.809773909130719,0.459058565748655,1.1643067722631
"NTS",0.7831,33.9159806743898,0.0203015606856622,0.0199356162836383,4,1.16763410233899,8.38170515056762,0.0876882969625707,7.47886962357755,0.0815550685308177,0.825435105120189,0.449528980357217,1.10001086103097
"NTS",0.7871,34.0892202640943,0.0196110699878451,0.0192575719789547,4,1.16753082064603,8.37654103537843,0.0870495013025933,7.48341478226142,0.0815800321751904,0.827988461279834,0.44794427405446,1.08999232669658
"NTS",0.7931,34.349079648651,0.0185977869288222,0.0182625537848284,4,1.16737289727076,8.36864490471268,0.0860788723446192,7.49028778648822,0.0816159882850742,0.831813711871912,0.445576583056107,1.07475164362891
"ADPS",0.0011,0.98470286956755,1.01832680675681,0.999971026128247,4,1.24589939484885,12.2949697424664,0.589060054648787,3.61780078420122,0.137384128713238,0.405007750947079,0.117718850339621,9.06608582007275
"ADPS",0.00109632107023411,0.981409548933545,1.01831150423773,0.999955999443681,4,1.24599052383397,12.2995261917003,0.58946009326623,3.6163062869381,0.137070980696358,0.40505433510907,0.11762482132325,9.0726886740044
"ADPS",0.00109264214046823,0.97811622829954,1.01829289592568,0.999937726554498,4,1.24608197021584,12.3040985108233,0.589861575378546,3.61480413650708,0.136757927771689,0.40509981470348,0.117529628404618,9.07931606818315
"ADPS",0.00108896321070234,0.974822907665535,1.01827092248875,0.999916149198257,4,1.24617369486744,12.3086847434384,0.590264365705175,3.61329473739844,0.13644495492528,0.405144191550113,0.117433314131015,9.08596554316613
"ADPS",0.00108528428093645,0.971529587031529,1.01824552326971,0.999891207811118,4,1.24626574126314,12.3132870630357,0.590668586645629,3.61177790488497,0.136132083117497,0.405187466873125,0.117335838921792,9.09263955897999
"ADPS",0.00108160535117057,0.968236266397524,1.01821663652616,0.999862841763595,4,1.24635807491341,12.3179037456029,0.591074151792064,3.61025361773733,0.135819306001231,0.405229605195477,0.11723720026171,9.09933632366429
"ADPS",0.00107792642140468,0.964942945763519,1.01818419888638,0.999830988826289,4,1.24645072874371,12.322536437184,0.591481181946117,3.60872143216475,0.135506647061146,0.405270544766898,0.117137354532809,9.10605799924469
"ADPS",0.0010742474916388,0.961649625129514,1.01814814565345,0.999795585468461,4,1.2465436989588,12.3271849478301,0.591889662437334,3.60718134806758,0.13519410700909,0.405310281877126,0.11703628707322,9.11280438623634
"ADPS",0.00107056856187291,0.958356304495509,1.01810841081333,0.999756566865994,4,1.24663698718038,12.3318493590187,0.592299602015208,3.60563334726882,0.134881692117217,0.405348798659225,0.116933988410883,9.1195755768272
"ADPS",0.00106688963210702,0.955062983861504,1.01806492746375,0.999713867322584,4,1.24673060331198,12.3365301660762,0.592711051117333,3.60407707584232,0.134569419941017,0.405386048914777,0.116830412451036,9.12637244212856
"ADPS",0.00106321070234114,0.951769663227498,1.01801762477063,0.999667417280938,4,1.24682455331217,12.3412276657094,0.593124050678535,3.6025121936266,0.1342572885822,0.405421967774811,0.116725537833629,9.13319563909644
"ADPS",0.00105953177257525,0.948476342593493,1.01796643490686,0.999617150136575,4,1.24691885190278,12.3459425949915,0.593538611825362,3.60093902985567,0.133945322102593,0.405456597062004,0.116619365599108,9.14004558222009
"ADPS",0.00105585284280936,0.945183021959488,1.01791128253778,0.999562991912775,4,1.24701347620213,12.3506738101353,0.593954707644343,3.59935721197358,0.133633498535189,0.405489875084581,0.116511862987434,9.14692147168568
"ADPS",0.00105217391304348,0.941889701325483,1.01785209754069,0.999504873750828,4,1.24710845578336,12.3554227894456,0.594372429283116,3.59776647903188,0.133321863834239,0.405521750724458,0.116402992695049,9.15382508052783
"ADPS",0.00104849498327759,0.938596380691478,1.01778880098273,0.999442718140668,4,1.24720377164663,12.3601885821946,0.594791714485642,3.59616698663219,0.133010390178919,0.405552229465762,0.116292763648001,9.16075527974069
"ADPS",0.00104481605351171,0.935303060057472,1.0177213185592,0.999376452116981,4,1.24729946292598,12.3649731462989,0.595212724608345,3.59455799183296,0.13269911730442,0.405581228116137,0.116181107084522,9.16771484455473
"ADPS",0.00104113712374582,0.932009739423467,1.01764957052859,0.99930599737562,4,1.24739549436695,12.3697747181956,0.595635318320273,3.5929400861484,0.132388029328885,0.405608773106448,0.116068061220885,9.17470133318911
"ADPS",0.00103745819397993,0.928716418789462,1.01757347640821,0.999231274884636,4,1.24749190623642,12.374595311611,0.596059672209012,3.59131235440656,0.132077159885892,0.405634766889729,0.115953524254032,9.1817177631225
"ADPS",0.00103377926421405,0.925423098155457,1.01749295528325,0.999152205187737,4,1.24758869332132,12.3794346659508,0.596485760712738,3.58967494117307,0.131766514296793,0.405659205063424,0.115837503631345,9.18876370760959
"ADPS",0.00103010033444816,0.922129777521452,1.01740791906438,0.999068701783453,4,1.24768585604014,12.3842928020932,0.596913580200903,3.58802783798597,0.13145608094181,0.405682068932945,0.115719997077985,9.19583920540303
"ADPS",0.00102642140468227,0.918836456887447,1.01731828521223,0.998980683620208,4,1.24778340905859,12.3891704533801,0.59734321857622,3.58637043770526,0.131145896414554,0.405703272142523,0.115600931913681,9.20294561637867
"ADPS",0.00102274247491639,0.915543136253441,1.01722396629567,0.998888064842862,4,1.24788137583364,12.3940687899709,0.597774762531887,3.58470244082285,0.130835981524602,0.405722752282434,0.115480285697942,9.2100844503758
"ADPS",0.0010190635451505,0.912249815619436,1.01712486692604,0.998790751782189,4,1.24797972479874,12.3989862397954,0.598208096569891,3.5830242073208,0.130526299391495,0.405740562008583,0.115358065321131,9.217253726137
"ADPS",0.00101538461538462,0.908956494985431,1.01702090268859,0.998688661545029,4,1.24807849116898,12.4039245581146,0.598643357331169,3.5813350659393,0.130216912513545,0.405756580279752,0.115234204651642,9.22445591110703
"ADPS",0.00101170568561873,0.905663174351426,1.01691197035765,0.998581692766415,4,1.24817765124923,12.4088825618843,0.599080468048929,3.57963530913255,0.129907776895604,0.405770833013141,0.115108729836134,9.23168950555356
"ADPS",0.00100802675585284,0.902369853717421,1.01679798218387,0.998469759278717,4,1.24827724413982,12.4138622071088,0.599519592420708,3.57792415956965,0.129598957364165,0.405783222792269,0.1149815356687,9.23895729664085
"ADPS",0.00100434782608696,0.899076533083415,1.01667883194797,0.998352756777294,4,1.24837728139739,12.4188640697547,0.599960770088553,3.57620135159331,0.12929044379074,0.40579367454648,0.114852626040616,9.24626016898017
"ADPS",0.00100066889632107,0.89578321244941,1.01655442431587,0.998230591646509,4,1.24847772325586,12.4238861626826,0.600403862815476,3.57446737491226,0.128982233074843,0.405802249771925,0.114721997866788,9.25359553777863
"ADPS",0.000996989966555184,0.892489891815405,1.01642465425129,0.998103160743402,4,1.24857862390489,12.4289311954335,0.600849083334676,3.57272128074912,0.128674365109143,0.405808797756364,0.114589579876265,9.26096717953369
"ADPS",0.000993311036789298,0.8891965711814,1.0162894151167,0.997970359352641,4,1.24867997633258,12.4339988166036,0.601296408697858,3.5709631378439,0.128366834630902,0.405813333244875,0.114455352156377,9.26837465827818
"ADPS",0.000989632107023411,0.885903250547395,1.01614860261986,0.997832085061892,4,1.24878182055975,12.4390910280164,0.601746019500926,3.5691919428473,0.12805969448228,0.405815693541882,0.114319224498091,9.27582105726222
"ADPS",0.000985953177257525,0.88260992991339,1.01600209602536,0.997688219312054,4,1.24888410089989,12.4442050450243,0.602197690471567,3.56740868926657,0.127752881261971,0.405815990083461,0.114181273124786,9.28330248780707
"ADPS",0.000982274247491639,0.879316609279384,1.01584979442023,0.997538663009147,4,1.24898686682907,12.4493433413446,0.602651632321504,3.56561230540696,0.127446472479297,0.405814060820979,0.114041388691057,9.29082257439263
"ADPS",0.000978595317725752,0.876023288645379,1.01569157156952,0.997383292193675,4,1.24909012088757,12.4545060444553,0.603107861593651,3.56380267060926,0.127140450649912,0.405809889023564,0.113899544528766,9.29838158763879
"ADPS",0.000974916387959866,0.872729968011374,1.01552731562667,0.997221997035163,4,1.24919387023808,12.4596935120067,0.603566415771566,3.56197951877196,0.126834844765417,0.405803399332669,0.11375571958252,9.30598014819167
"ADPS",0.00097123745819398,0.869436647377369,1.01535690242313,0.997054655603235,4,1.24929814833841,12.4649074169178,0.604027437049186,3.56014208985309,0.126529680326975,0.405794487644237,0.113609833944099,9.31362076488446
"ADPS",0.000967558528428094,0.866143326743364,1.01518021363108,0.996881151702993,4,1.2494028989131,12.4701449466335,0.604490701116271,3.55829132037951,0.126224938131952,0.405783230557414,0.113461949460374,9.3212995441712
"ADPS",0.000963879598662207,0.862850006109358,1.01499710756818,0.996701346205986,4,1.24950819734063,12.4754098665691,0.604956540633487,3.55642567098499,0.125920648388002,0.405769452516314,0.113311919680117,9.32902198544806
"ADPS",0.000960200668896321,0.859556685475353,1.01480746528356,0.996515122305472,4,1.24961403454762,12.4807017268601,0.605424904511267,3.55454513416337,0.1256168389841,0.405753098315717,0.113159740886216,9.33678759618548
"ADPS",0.000956521739130435,0.856263364841348,1.01461114806228,0.996322343786924,4,1.24972045465832,12.4860227329137,0.605895971949538,3.55264914360683,0.125313535361637,0.405734092373703,0.113005339047177,9.34459924647976
"ADPS",0.000952842809364549,0.852970044207343,1.01440802787577,0.996122884929527,4,1.24982738691913,12.4913693458304,0.606369497591787,3.55073829434379,0.125010716166297,0.405712458072621,0.112848766970209,9.3524526324924
"ADPS",0.000949163879598662,0.849676723573338,1.01419795566641,0.995916599362496,4,1.24993490282353,12.4967451415625,0.606845767987075,3.54881136881592,0.124708421549824,0.405688035792328,0.112689907698542,9.36035271470617
"ADPS",0.000945484949832776,0.846383402939332,1.01398079072999,0.995703348917867,4,1.25004299916015,12.5021499559713,0.607324778503099,3.54686821405959,0.124406664004729,0.405660790466802,0.11252871905824,9.36829946528752
"ADPS",0.00094180602006689,0.843090082305327,1.01375637967148,0.995482982965643,4,1.25015171530105,12.5075857650329,0.607806690500166,3.54490818412182,0.124105466934449,0.405630604492914,0.11236515232648,9.37629559681248
"ADPS",0.000938127090301003,0.839796761671322,1.01352458762838,0.995255369074254,4,1.25026098640558,12.5130493192715,0.608291255643984,3.54293212226163,0.123804820786116,0.405597537340307,0.112199258749023,9.38433684180233
"ADPS",0.000934448160535117,0.836503441037317,1.01328525168792,0.995020347267523,4,1.25037092591926,12.5185462944311,0.608778965848848,3.5409376114019,0.123504799441543,0.405561294581003,0.112030825863209,9.39243156368164
"ADPS",0.000930769230769231,0.833210120403312,1.01303821008634,0.994777758697541,4,1.25048147567732,12.5240737841228,0.609269566263157,3.53892588419747,0.123205367414379,0.40552198344347,0.11185992414184,9.40057548430204
"ADPS",0.000927090301003345,0.829916799769307,1.01278331576622,0.994527458957656,4,1.25059264003243,12.5296320019917,0.609763134026317,3.53689605951625,0.122906563435649,0.405479432965335,0.111686501933125,9.40876968770912
"ADPS",0.000923411371237458,0.826623479135301,1.01252037878464,0.994269261528764,4,1.25070453111399,12.5352265556138,0.610260048170433,3.53484702523236,0.122608419922833,0.405433552182296,0.111510426118619,9.41702117009659
"ADPS",0.000919732441471572,0.823330158501296,1.01224925729676,0.994003027122833,4,1.25081705752692,12.54085287574,0.610759996183777,3.53277969506468,0.122310937615845,0.405384352100614,0.111331765234817,9.42532419832764
"ADPS",0.000916053511705686,0.820036837867291,1.01196975763209,0.993728565560362,4,1.25093029413137,12.546514706566,0.611263323619801,3.53069218861965,0.122014152047675,0.405331596599219,0.111150356366904,9.43368459214796
"ADPS",0.000912374581939799,0.816743517233286,1.01168172097762,0.993445720891032,4,1.25104420251859,12.5522101248798,0.611769874827341,3.52858508975256,0.121718069336207,0.405275313114502,0.110966229381199,9.44209973026534
"ADPS",0.000908695652173913,0.813450196599281,1.01138494173461,0.993154291222087,4,1.25115885963578,12.5579429817891,0.61227990310059,3.52645764573827,0.121422715578471,0.40521538658279,0.110779304202627,9.45057439957207
"ADPS",0.000905016722408027,0.810156875965276,1.01107925335957,0.992854113012076,4,1.25127425464262,12.5637127324196,0.61279350268101,3.52430847479543,0.121128132042125,0.405151608414278,0.110589462484759,9.45910940092719
"ADPS",0.000901337792642141,0.80686355533127,1.01076445829207,0.992544992261659,4,1.25139037045374,12.5695185227092,0.613310538590429,3.52213854244682,0.120834300703299,0.405084043300974,0.110396773478254,9.46770286860311
"ADPS",0.000897658862876254,0.803570234697265,1.01044036105827,0.992226737020518,4,1.25150727212163,12.5753636060927,0.613831285310199,3.51994648970285,0.120541277886625,0.40501250660653,0.110201096777338,9.47635955343862
"ADPS",0.000893979933110368,0.80027691406326,1.01010676238849,0.991899151610882,4,1.25162495374279,12.5812476871384,0.614355764533127,3.51773178206834,0.120249075084212,0.404936888224201,0.110002385563282,9.48507968164217
"ADPS",0.000890301003344482,0.796983593429255,1.00976345610083,0.991562033567368,4,1.2517434812512,12.5871740626488,0.614884228221075,3.51549343228376,0.119957748588264,0.404857018840445,0.109800536544366,9.49386767055228
"ADPS",0.000886622073578595,0.79369027279525,1.0094102454344,0.991215189675799,4,1.25186276337257,12.5931381694011,0.615416353270777,3.51323255049352,0.119667252212151,0.404772994006937,0.109595654914177,9.50271763362604
"ADPS",0.000882943143812709,0.790396952161244,1.00904689631028,0.99085839007661,4,1.25198290193468,12.5991450958174,0.61595255843335,3.51094693363217,0.119377660078237,0.404684507458285,0.109387519387329,9.51163710198266
"ADPS",0.000879264214046823,0.787103631527239,1.00867317428292,0.990491404550251,4,1.25210392935205,12.6051964680032,0.616493007069593,3.50863579723335,0.119088989017808,0.404591429974424,0.109176063538673,9.52062856487174
"ADPS",0.000875585284280936,0.783810310893234,1.00828888926845,0.990114046439191,4,1.25222589136436,12.6112945682785,0.617037808299838,3.50629908510143,0.118801307792357,0.404493698068534,0.108961260106525,9.52969441376843
"ADPS",0.00087190635451505,0.780516990259229,1.00789381189974,0.989726090510724,4,1.25234866070237,12.6174330343076,0.617586564379769,3.50393750195795,0.118514556558809,0.404391319605928,0.108743175988806,9.53882729921041
"ADPS",0.000868227424749164,0.777223669625224,1.00748765955945,0.989327259241842,4,1.25247243222336,12.6236216111053,0.618140065057979,3.50154767607303,0.118228834080448,0.404283908229837,0.108521488871062,9.54804081019692
"ADPS",0.000864548494983278,0.773930348991218,1.00707023598049,0.988917359903221,4,1.25259706546201,12.6298532733751,0.618697764868711,3.49913172111583,0.117944098561826,0.4041716029996,0.108296403934177,9.55732545341144
"ADPS",0.000860869565217391,0.770637028357213,1.00664127570207,0.988496131819146,4,1.2527227243079,12.6361362153938,0.619260362511609,3.49668614536842,0.117660468296847,0.404053947975185,0.108067605311181,9.56669328463557
"ADPS",0.000857190635451505,0.767343707723208,1.00620053005909,0.988063330806791,4,1.25284937382692,12.6424686912767,0.619827635470063,3.49421254595406,0.117377918968943,0.403931096110847,0.107835202604437,9.57614085931329
"ADPS",0.000853511705685619,0.764050387089203,1.00574773078336,0.987618693433623,4,1.25297702164141,12.6488510820713,0.620399718668907,3.49170939629739,0.117096476847788,0.403802796874816,0.107599070373735,9.58567012000004
"ADPS",0.000849832775919733,0.760757066455198,1.00528261810332,0.987161964610576,4,1.25310572860429,12.6552864301334,0.620976853621568,3.48917565328378,0.116816198003355,0.403668874018544,0.107359111123831,9.59528526934693
"ADPS",0.000846153846153846,0.757463745821192,1.00480491892584,0.986692876167145,4,1.25323549198244,12.6617745987072,0.621559056763077,3.48661104245221,0.116537092031085,0.403529245431022,0.10711529142632,9.60498643442811
"ADPS",0.00084247491638796,0.754170425187187,1.00431435194233,0.986211151865447,4,1.25336632154084,12.6683160770414,0.622146421425724,3.48401457222463,0.11625918688687,0.403383705889736,0.10686753567711,9.61477512114886
"ADPS",0.000838795986622074,0.750877104553182,1.00381063295336,0.98571651262887,4,1.2534982678065,12.6749133896091,0.622739169272234,3.48138500258972,0.115982531645422,0.403232062230628,0.106615723538261,9.62465519879214
"ADPS",0.000835117056856187,0.747583783919177,1.00329347010846,0.985208671867674,4,1.25363137511051,12.6815687556428,0.623337421061636,3.47872242498602,0.115707158908754,0.403074266042202,0.106359843736817,9.6346288767653
"ADPS",0.000831438127090301,0.744290463285172,1.0027625670475,0.984687338563742,4,1.25376567534888,12.6882837674855,0.623941397606796,3.47602475256687,0.115433118970348,0.40290998921183,0.106099741921829,9.64469990767692
"ADPS",0.000827759197324415,0.740997142651167,1.00221760723805,0.984152201890295,4,1.25390115159983,12.6950575798725,0.624551067334593,3.47329205589224,0.115160409024813,0.402739176966661,0.10583540346941,9.65486733927408
"ADPS",0.000824080267558529,0.737703822017161,1.001658289888,0.983602966477117,4,1.25403785620923,12.7018928105538,0.625166614069307,3.47052335288597,0.114889082899417,0.402561645064128,0.105566748858897,9.66513486769391
"ADPS",0.000820401337792642,0.734410501383156,1.00108428764687,0.983039310874367,4,1.25417583897265,12.7087919487401,0.62578828443695,3.46771739749318,0.114619185593556,0.402377177833513,0.105293669671919,9.67550634457066
"ADPS",0.000816722408026756,0.731117180749151,1.00049527313989,0.982460913608333,4,1.25431509273521,12.7157546370294,0.626416115832237,3.46487335768676,0.114350738164847,0.402185585119772,0.105016096797728,9.68598222712932
"ADPS",0.00081304347826087,0.727823860115146,0.999890916571906,0.981867450828584,4,1.25445568498959,12.7227842494753,0.627050332547262,3.46199049059579,0.114083790939426,0.401986728832655,0.104733966125027,9.69656675897374
"ADPS",0.000809364548494983,0.724530539481141,0.999270871882147,0.981258582712229,4,1.25459762971582,12.7298814857915,0.627691098323501,3.45906718483885,0.113818384466435,0.401780319082091,0.104447139780908,9.70726229916813
"ADPS",0.000805685618729097,0.721237218847135,0.99863478695683,0.980633963492491,4,1.25474096818426,12.7370484091773,0.628338553225618,3.45610299704667,0.113554549362904,0.401566240360218,0.104155588513429,9.71807142846186
"ADPS",0.000802006688963211,0.71794389821313,0.997982306428136,0.979993244207212,4,1.2548857206859,12.7442860333619,0.628992882734099,3.4530962428928,0.113292330974527,0.401344167722747,0.103859205771276,9.72899689369559
"ADPS",0.000798327759197325,0.714650577579125,0.997313062994684,0.979336064175774,4,1.25503195246871,12.7515976225499,0.629654229082435,3.45004698584378,0.113031772577602,0.401114079522675,0.103557937905499,9.74004201623522
"ADPS",0.000794648829431438,0.71135725694512,0.996626683096138,0.978662056571428,4,1.25517965606661,12.7589828032433,0.63032274596432,3.4469531575822,0.112772904638453,0.400875600912158,0.103251673048859,9.75120849148739
"ADPS",0.000790969899665552,0.708063936311115,0.995922785326388,0.977970846863076,4,1.25532888817411,12.76644440834,0.630998615271308,3.44381422102929,0.112515773575547,0.400628609787887,0.102940340532149,9.76249980033506
"ADPS",0.000787290969899666,0.70477061567711,0.995200963166091,0.977262035859059,4,1.25547970944055,12.7739854719875,0.631682087602084,3.44062901167834,0.112260427000358,0.400372890832337,0.102623835454594,9.77392027031891
"ADPS",0.000783612040133779,0.701477295043104,0.994460843418614,0.976535257089776,4,1.2556321279845,12.7816063989321,0.632373296092567,3.43739585265363,0.112006911529178,0.400108096657092,0.102302091929913,9.78547200572631
"ADPS",0.000779933110367893,0.698183974409099,0.993702007748411,0.97579009976036,4,1.25578620109772,12.7893100547013,0.63307246965141,3.4341137877554,0.111755275002622,0.399834047598413,0.101975000194091,9.79715893871993
"ADPS",0.000776254180602007,0.694890653775094,0.992924039143597,0.975026154375745,4,1.25594194927836,12.7970974639498,0.633779748467997,3.43078169420646,0.111505549690602,0.399550528733681,0.101642477217867,9.80898326845669
"ADPS",0.00077257525083612,0.691597333141089,0.992126516959612,0.974243007873671,4,1.25609944759312,12.8049723793275,0.634495415397416,3.42739825195227,0.111257803644979,0.399257241530424,0.101304456281097,9.82095021961002
"ADPS",0.000768896321070234,0.688304012507084,0.991309009808423,0.973440236642061,4,1.25625872572035,12.8129362861278,0.635219716782051,3.42396165355105,0.111012079967986,0.398953907944055,0.100960793254142,9.83306316232283
"ADPS",0.000765217391304348,0.685010691873078,0.990471071433542,0.972617402468393,4,1.25641980079862,12.8209900396208,0.635952633517682,3.42047204978311,0.110768401850839,0.398640426611264,0.100611501977905,9.84532281539709
"ADPS",0.000761538461538462,0.681717371239073,0.989612259472895,0.971774070964361,4,1.25658273247938,12.8291366238508,0.636694545629884,3.41692693037779,0.110526838950309,0.398316391420786,0.100256417046033,9.85773481592888
"ADPS",0.000757859531772575,0.678424050605068,0.988732104256911,0.970909780926389,4,1.25674756591255,12.8373782956344,0.637445604384727,3.41332561898663,0.110287431779529,0.397981611878184,0.0998954918265091,9.87030218731462
"ADPS",0.000754180602006689,0.675130729971063,0.987830156062276,0.97002409073762,4,1.25691434777822,12.8457173884019,0.63820610958138,3.40966596292316,0.110050243649844,0.397635709269111,0.0995286052366811,9.88302952260764
"ADPS",0.000750501672240803,0.671837409337058,0.986905917025161,0.969116511508439,4,1.25708312417582,12.8541562087856,0.638976210074585,3.4059473344028,0.109815312069007,0.397278510381723,0.0991556971148327,9.89591984799515
"ADPS",0.000746822742474916,0.668544088703052,0.985958926717338,0.968186591110032,4,1.25725394627791,12.8626973142437,0.639756204011364,3.40216769233852,0.109582703656826,0.396909649871331,0.0987766552381018,9.90897787513186
"ADPS",0.00074314381270903,0.665250768069047,0.984988671971314,0.967233825624974,4,1.25742684693154,12.8713423466358,0.640546209850726,3.39832646518155,0.109352450132479,0.396528924248925,0.0983914611602932,9.92220588248567
"ADPS",0.000739464882943144,0.661957447435042,0.983994668573031,0.966257739567373,4,1.25760191163135,12.8800955814029,0.641346611052943,3.39442151483489,0.109124633272252,0.396135977759975,0.0979999710718411,9.93561046775627
"ADPS",0.000735785953177258,0.658664126801037,0.982976399587045,0.965257825319771,4,1.25777916381238,12.8889581907055,0.642157559667113,3.39045173846646,0.10889928877285,0.395730570892702,0.0976021116325285,9.94919396310449
"ADPS",0.000732107023411371,0.655370806167032,0.98193334490668,0.96423357215064,4,1.25795864913249,12.8979324567096,0.642979270702288,3.38641570556521,0.108676470635906,0.39531236299811,0.0971978316883033,9.96296017026237
"ADPS",0.000728428093645485,0.652077485533027,0.980864985335532,0.963184470222314,4,1.25814041177682,12.9070205889272,0.643812022060849,3.38231139222922,0.108456232220197,0.394880977045164,0.0967870564278275,9.97691343107884
"ADPS",0.000724749163879599,0.648784164899021,0.979770784356533,0.962109992688677,4,1.25832451162713,12.916225581358,0.644656046277602,3.37813754141906,0.108238632795522,0.394436183949138,0.0963696569530453,9.99105812053673
"ADPS",0.000721070234113712,0.645490844265016,0.978650199359431,0.961009606720262,4,1.25851104438147,12.9255522190739,0.645511820189295,3.37389162838846,0.108023756304975,0.39397750194718,0.0959455447908466,10.0054017655302
"ADPS",0.000717391304347826,0.642197523631011,0.977502682273488,0.959882774125543,4,1.25869998103702,12.9349990519167,0.646379102021167,3.36957510036374,0.107811596656336,0.39350500616139,0.0955148008103628,10.0199413677221
"ADPS",0.00071371237458194,0.638904202997006,0.976327675900426,0.958728947749981,4,1.25889142834307,12.9445714172608,0.64725854035429,3.36518359801051,0.107602256099054,0.393017996026336,0.0950772348950735,10.0346868973854
"ADPS",0.000710033444816054,0.635610882363001,0.975124639741476,0.95754759683753,4,1.2590854337535,12.9542716877003,0.648150307795764,3.3607162361811,0.107395794495693,0.392516273489884,0.0946327477881945,10.0496416942173
"ADPS",0.000706354515050167,0.632317561728995,0.973892943172171,0.956338102131004,4,1.25928206457404,12.9641032286898,0.649054654846903,3.35617200566062,0.10719225098589,0.391999521654658,0.0941813815987813,10.0648102854149
"ADPS",0.000702675585284281,0.62902424109499,0.972632062492276,0.955099949370088,4,1.25948135923632,12.9740679616408,0.649971860045782,3.35154843905682,0.106991696876251,0.391467357474631,0.0937229745615063,10.0801971456254
"ADPS",0.000698996655518395,0.625730920460985,0.971341400251602,0.953832551873894,4,1.25968332781883,12.9841663914091,0.650902010663574,3.34684512675993,0.106794159347485,0.390919506095143,0.0932575983004211,10.0958032027578
"ADPS",0.000695317725752508,0.62243759982698,0.970020404615961,0.95253536775528,4,1.25988808654901,12.9944043274454,0.651845465076257,3.34206077649825,0.106599724597188,0.390355796284287,0.0927851412376355,10.1116357889333
"ADPS",0.000691638795986622,0.619144279192975,0.968668374361792,0.951207708430546,4,1.26009570443943,13.0047852218967,0.652802738982475,3.33719093115286,0.106408463248941,0.3897754122877,0.0923054309060601,10.1277030335137
"ADPS",0.000687959866220736,0.61585095855897,0.967284806757632,0.949849080230179,4,1.26030616258006,13.0153081291455,0.653773738854451,3.33223666410542,0.106220392638764,0.389178306432191,0.0918186848197604,10.1440028195494
"ADPS",0.00068428093645485,0.612557637924964,0.965869069358019,0.948458862108819,4,1.2605195135703,13.0259756785086,0.654758637044556,3.32719714646377,0.106035560435088,0.388564383369277,0.0913247231785143,10.1605387170987
"ADPS",0.000680602006688963,0.609264317290959,0.964420553750056,0.947036456620477,4,1.26073596185015,13.0367980924955,0.655758281301524,3.32206800087056,0.105854118212076,0.387932891866631,0.0908233961653406,10.1773257902263
"ADPS",0.000676923076923077,0.605970996656954,0.962938646928113,0.945581261809212,4,1.26095539675954,13.0477698374938,0.656772461677318,3.31684855204315,0.105676034580248,0.387283522699506,0.0903148321976996,10.1943589538851
"ADPS",0.000673244147157191,0.602677676022949,0.96142273347365,0.944092673349669,4,1.26117793736845,13.0588968684045,0.657801457358843,3.31153899892642,0.105501384598263,0.386616233344918,0.0897990109681861,10.2116441838669
"ADPS",0.000669565217391304,0.599384355388944,0.959872220750644,0.942570109288347,4,1.26140360185319,13.0701800926321,0.658845433634155,3.30613731813027,0.105330214425511,0.385930638626113,0.089275891593355,10.2291844563551
"ADPS",0.000665886287625418,0.596091034754939,0.958286415651251,0.941012889010968,4,1.26163257675359,13.0816288376727,0.659905081455032,3.3006412092513,0.105162631446012,0.385226238193217,0.0887454817768631,10.24699182166
"ADPS",0.000662207357859532,0.592797714120933,0.956664768680942,0.939420472927882,4,1.26186474339045,13.0932371694801,0.660980278056303,3.29504867740452,0.104998637967486,0.384502605085751,0.0882077195334418,10.2650620895841
"ADPS",0.000658528428093646,0.589504393486928,0.955006647764163,0.937792240356968,4,1.26210020380929,13.1050101905331,0.662071120866617,3.28936076959115,0.104838281489956,0.383759829170174,0.0876626946274595,10.2833994977111
"ADPS",0.000654849498327759,0.586211072852923,0.953311399335687,0.936127549513796,4,1.26233898783299,13.1169493923818,0.663178011853291,3.28357411055614,0.104681613031909,0.382997238801267,0.0871104138327132,10.3020090207305
"ADPS",0.000651170568561873,0.582917752218918,0.951578482107939,0.934425868867731,4,1.26258111696898,13.1290558486705,0.664301146414469,3.27768673310384,0.104528698024537,0.382214459775158,0.0865507891863231,10.320893732339
"ADPS",0.000647491638795987,0.579624431584913,0.949807142161371,0.932686458088952,4,1.26282681929828,13.1413409649138,0.665440984778567,3.27169951281397,0.104379621949172,0.381411534844782,0.0859839152603598,10.3400646337365
"ADPS",0.0006438127090301,0.576331110950907,0.947996859018741,0.930908806082046,4,1.26307597141592,13.1537985707769,0.666597560342906,3.26560865657806,0.10423439645715,0.380587660216762,0.0854098440297408,10.3595191196587
"ADPS",0.000640133779264214,0.573037790316902,0.946147011888481,0.929092303245479,4,1.26332867783682,13.1664338918211,0.66777090096039,3.25941658447493,0.104093062733765,0.379743175857413,0.0848286594915905,10.3792601543943
"ADPS",0.000636454849498328,0.569744469682897,0.944256988066203,0.927236347919123,4,1.26358497991798,13.1792489958783,0.668961495760749,3.25311880516469,0.103955689544374,0.378877284907858,0.0842403262812663,10.3992944443646
"ADPS",0.000632775919732442,0.566451149048892,0.942326168034181,0.92534033175233,4,1.26384501992336,13.192250996165,0.670169570399992,3.24671646731308,0.103822351187217,0.377990051047181,0.0836449215593928,10.4196282095299
"ADPS",0.000629096989966555,0.563157828414887,0.940353977267898,0.923403690576634,4,1.26410862450632,13.2054312264758,0.671395119996061,3.24020469910335,0.103693028163202,0.377080513543052,0.0830424894401496,10.4402573625332
"ADPS",0.000625418060200669,0.559864507780881,0.93833981075138,0.921425830281734,4,1.26437601459212,13.2188007296058,0.672638234062519,3.23358860066855,0.103567790018058,0.376149400946537,0.0824332474759956,10.4611882008562
"ADPS",0.000621739130434783,0.556571187146876,0.936283081390146,0.919406174355784,4,1.26464716305923,13.2323581531852,0.673899169136096,3.22686425507588,0.103446667069594,0.375196003534461,0.0818172142618682,10.4824232867306
"ADPS",0.000618060200668896,0.553277866512871,0.934183220556301,0.917344164420649,4,1.26492186804101,13.2460934013432,0.675177650270597,3.22002952401478,0.103329604874405,0.374219858279943,0.0811944195540044,10.5039542689881
"ADPS",0.00061438127090301,0.549984545878866,0.932039667786777,0.915239250115852,4,1.26520047257294,13.2600236286369,0.676474424659698,3.21308471743165,0.103216772026734,0.373220910414211,0.0805649859993585,10.525798673285
"ADPS",0.000610702341137124,0.546691225244861,0.929851884278646,0.913090902350619,4,1.26548289777377,13.2741448887492,0.677789165339365,3.20603166087712,0.103108134677278,0.372199313617975,0.0799290968131376,10.547950521244
"ADPS",0.000607023411371237,0.543397904610855,0.927619300785171,0.910898562139133,4,1.26576928780297,13.2884643900891,0.679122343769843,3.19886865302693,0.103003776298315,0.371154587915538,0.0792869899817045,10.5704190399679
"ADPS",0.000603344481605351,0.54010458397685,0.925341308550571,0.908661631698698,4,1.26605948259259,13.3029741312253,0.680474045272197,3.19159038338873,0.102903672316727,0.370086072076929,0.0786383509787837,10.593201296966
"ADPS",0.000599665551839465,0.536811263342845,0.923017635595567,0.90637984395258,4,1.2663536615119,13.3176830754815,0.681844118778336,3.18420341708094,0.102807892342494,0.368994411348417,0.0779838274917396,10.6162999071602
"ADPS",0.000595986622073579,0.53351794270884,0.920647422879636,0.90405235534483,4,1.26665164990991,13.3325824954952,0.683232619867002,3.17670195099529,0.102716373950075,0.367878723937919,0.0773232019072869,10.6397117087288
"ADPS",0.000592307692307692,0.530224622074835,0.918230473754852,0.90167897277219,4,1.26695371373039,13.3476856864176,0.684639551651774,3.16909363533661,0.102629222285228,0.366740020520026,0.0766569616390099,10.6634427263951
"ADPS",0.000588628762541806,0.52693130144083,0.915766124952603,0.899259044921747,4,1.26725959877836,13.3629799389012,0.686065266573881,3.16136699145391,0.102546404079122,0.365576471925331,0.0759848547693938,10.6874914038648
"ADPS",0.00058494983277592,0.523637980806824,0.913254175086461,0.896792374037153,4,1.26756948665149,13.3784743326356,0.687509430871502,3.15353117779545,0.102467959749618,0.364389376161658,0.07530743020192,10.711857859998
"ADPS",0.000581270903010033,0.520344660172819,0.910693945649134,0.894278293841502,4,1.26788333015324,13.3941665076364,0.68897207527763,3.14558424479151,0.102393866620805,0.36317828646149,0.0746247995940234,10.7365416245785
"ADPS",0.000577591973244147,0.517051339538814,0.908085085150495,0.891716459180429,4,1.26820121695772,13.4100608478437,0.69045308952751,3.13752942369318,0.102324155294268,0.361943593378474,0.073937244957577,10.7615439662374
"ADPS",0.000573913043478261,0.513758018904809,0.905427223515484,0.889106506649636,4,1.26852284268272,13.4261421341812,0.691952508458924,3.1293588278914,0.102258772154578,0.360684026803743,0.0732445986336567,10.7868570440685
"ADPS",0.000570234113712375,0.510464698270804,0.902720013540111,0.886448095303637,4,1.26884863696985,13.4424318487753,0.693470607863846,3.12107992491813,0.10219783816378,0.359400735512416,0.0725474166476686,10.8124956304008
"ADPS",0.000566555183946488,0.507171377636798,0.899962908210805,0.883740687989014,4,1.26917818576194,13.4589092880967,0.69500705387544,3.1126866456569,0.10214123709534,0.358092423786469,0.0718455934676697,10.8384443344739
"ADPS",0.000562876254180602,0.503878057002793,0.89715576634875,0.880984146071762,4,1.26951177072362,13.4755885361785,0.696561708400437,3.10418691132746,0.102089027738617,0.356760539160442,0.0711395947337115,10.8647097588946
"ADPS",0.000559197324414716,0.500584736368788,0.894298204183397,0.878178092698961,4,1.26984935615556,13.4924678077762,0.698134170410806,3.09558446028571,0.102041172903481,0.355405275127684,0.0704298926171751,10.8912862341708
"ADPS",0.00055551839464883,0.497291415734783,0.891389924502256,0.875322236015505,4,1.2701905686758,13.5095284337963,0.699724928415302,3.08686424994035,0.101997624248196,0.354024597462477,0.0697159854770663,10.9181696251942
"ADPS",0.000551839464882943,0.493998095100778,0.888430853538959,0.872416503584698,4,1.2705358571977,13.526792859732,0.701332825222995,3.07805005646926,0.101958427021772,0.352621643433606,0.0689990504133834,10.9453590921368
"ADPS",0.000548160535117057,0.490704774466773,0.885420150449958,0.869460069719557,4,1.27088497664889,13.5442488323697,0.702959711402754,3.06911639565123,0.101923605987334,0.351192922843119,0.0682782254702357,10.9728678551838
"ADPS",0.000544481605351171,0.487411453832767,0.882358190792225,0.86645330320748,4,1.27123780902138,13.5618904512034,0.704602418354827,3.06009396675845,0.1018929360186,0.349742488606795,0.0675550691380521,11.0006584818484
"ADPS",0.000540802675585284,0.484118133198762,0.879244559956083,0.863395796912308,4,1.27159445039621,13.5797225198091,0.706263207112684,3.05096114639182,0.101866608364622,0.348267605464718,0.0668285800872009,11.028757987659
"ADPS",0.000537123745819398,0.480824812564757,0.876079131682797,0.860287426851174,4,1.27195482637379,13.5977413183845,0.707940950240081,3.04172823331795,0.101844506031979,0.346769314895005,0.0660998333076282,11.0571520345461
"ADPS",0.000533444816053512,0.477531491930752,0.872861634011393,0.857127925965319,4,1.27231862994718,13.6159314973532,0.709635102791919,3.03239357774238,0.101826512216963,0.345247470898026,0.0653686178434519,11.0858263008425
"ADPS",0.000529765886287626,0.474238171296747,0.86959200305304,0.853917231517533,4,1.27268620188976,13.6343100944051,0.711345678022445,3.02296446168293,0.10181270750672,0.34370306715379,0.0646356474305431,11.1147911285452
"ADPS",0.000526086956521739,0.470944850662741,0.866270170788469,0.850655276714626,4,1.27305741264671,13.6528706309324,0.713073445978234,3.01343041037677,0.10180312445638,0.342134710857799,0.063900520219922,11.1440504337182
"ADPS",0.000522408026755853,0.467651530028736,0.862896076491192,0.847342001924732,4,1.2734325075574,13.6716253780123,0.714816550377828,3.0038189276177,0.101797650525419,0.340546614607994,0.0631641959522737,11.1735890155988
"ADPS",0.000518729096989967,0.464358209394731,0.859469493599687,0.843977184670195,4,1.27381055358373,13.6905276794338,0.71657587878342,2.99409492010513,0.101796149222262,0.338932763091608,0.0624263331115704,11.2033939967437
"ADPS",0.00051505016722408,0.461064888760726,0.855990597004826,0.840560996689407,4,1.27419248902751,13.7096244513757,0.718349488973566,2.98430317415201,0.101798675906768,0.337300441863441,0.0616881467355245,11.2334686697035
"ADPS",0.000511371237458194,0.457771568126721,0.852459258939794,0.837093312518603,4,1.27457763075796,13.7288815380424,0.720138936126649,2.97441103032956,0.101805181524372,0.335644686378639,0.0609487782627834,11.2638106944093
"ADPS",0.000507692307692308,0.454478247492716,0.848875560930116,0.833574212213776,4,1.27496584213156,13.7482921065982,0.721942417889564,2.96443570632912,0.10181547826335,0.333967532924555,0.0602093844326037,11.2943954395764
"ADPS",0.000504013377926421,0.45118492685871,0.845239716018729,0.830003904977672,4,1.27535764542942,13.7678822715368,0.72376081215986,2.95437601805074,0.101829780520206,0.33226998304001,0.0594693674443221,11.3252513283362
"ADPS",0.000500334448160535,0.447891606224705,0.841551401856272,0.826382074271415,4,1.27575252881786,13.7876264396266,0.725592861730252,2.94423692694857,0.10184781761564,0.330552051650848,0.0587293990378004,11.3563466618589
"ADPS",0.000496655518394649,0.4445982855907,0.837810526081583,0.822708629398696,4,1.27615003445184,13.8075017225356,0.727438533523344,2.93400858789056,0.101869445112276,0.328811757071787,0.057989928620157,11.3876676527805
"ADPS",0.000492976588628763,0.441304964956695,0.834017831337215,0.818984299615612,4,1.27655162443076,13.8275812215327,0.729299005786874,2.92370956903181,0.101895183785312,0.327052908220597,0.0572507997718261,11.4192715106875
"ADPS",0.000489297658862876,0.43801164432269,0.830173262780977,0.815209031068528,4,1.27695548233684,13.8477741201286,0.731170418037441,2.91334073018817,0.101924227911221,0.32527497060984,0.0565127103538464,11.4510627810562
"ADPS",0.00048561872909699,0.434718323688684,0.826276707679311,0.811382713055956,4,1.27736256605678,13.8681283028857,0.733056989156696,2.90288100575942,0.101957114855082,0.323475062024884,0.0557751711946841,11.4831128053562
"ADPS",0.000481939799331104,0.431425003054679,0.822328564731146,0.807505737090106,4,1.27777158162329,13.8885790812597,0.734951207285898,2.89237612405628,0.10199295007718,0.321659748102412,0.0550398116925464,11.5153076925326
"ADPS",0.000478260869565217,0.428131682420674,0.818329020626886,0.803578286496205,4,1.27818455326804,13.9092276634653,0.736860263600965,2.88179984010397,0.102032783136338,0.31982561628115,0.0543058008857303,11.5477795578499
"ADPS",0.000474581939799331,0.424838361786669,0.814277934144963,0.799600222598266,4,1.27859883905922,13.9299419531595,0.738779720106678,2.87113936499851,0.10207556765748,0.317970436807752,0.0535728304262029,11.5804038382227
"ADPS",0.000470903010033445,0.421545041152664,0.810176366420062,0.795572587403563,4,1.27901787493942,13.9508937469539,0.740711158910577,2.86045244777937,0.102122342878482,0.316103146858674,0.0528430655030138,11.6133007214028
"ADPS",0.000467224080267559,0.418251720518658,0.806023575269105,0.791494652107187,4,1.27943725662008,13.9718628309351,0.74265338544944,2.84965446292195,0.102171811557986,0.314211302706914,0.0521137055768692,11.6463269818839
"ADPS",0.000463545150501672,0.414958399884653,0.801820742776881,0.78736757748634,4,1.27986111003793,13.9930555015371,0.744603943109759,2.83886386541751,0.102224868766953,0.312312065681639,0.0513891048910167,11.6795769506105
"ADPS",0.000459866220735786,0.411665079250648,0.797567356783522,0.783190860613056,4,1.28028563350619,14.01428167531,0.746568470118526,2.82793609168013,0.102280947298317,0.310384553377826,0.0506643002517835,11.7129997675886
"ADPS",0.0004561872909699,0.408371758616643,0.793264132984674,0.778965204282257,4,1.28071256092092,14.0356280460454,0.748536637176462,2.81701826575816,0.102339685932784,0.308449865311856,0.04994442337537,11.7465360212256
"ADPS",0.000452508361204013,0.405078437982638,0.788911296777349,0.774690829828078,4,1.2811424245881,14.0571212293846,0.750517224412445,2.80603026741039,0.102401860164828,0.306497180611511,0.049226986620614,11.7802949936955
"ADPS",0.000448829431438127,0.401785117348633,0.784509171365534,0.770368054628615,4,1.28157411863116,14.0787059305364,0.752499782757205,2.79505550900956,0.102466419131163,0.304537446064695,0.0485148189384154,11.8141342202976
"ADPS",0.000445150501672241,0.398491796714627,0.780058193125564,0.765997307194328,4,1.28206500719202,14.1032503596613,0.754674747821382,2.78347178643379,0.102561480073622,0.302501105331772,0.047784946563823,11.8516747039715
"ADPS",0.000441471571906355,0.395198476080622,0.775558543447499,0.761578765645646,4,1.2824451330812,14.1222566540934,0.756502519167522,2.77287197063383,0.102605442418455,0.30056152853089,0.0470969689373825,11.8824432565777
"ADPS",0.000437792642140468,0.391905155446617,0.771010772182309,0.757112969922235,4,1.28288327226848,14.1441636134218,0.75851680579812,2.76169326792297,0.102679137867645,0.29855002930674,0.0463924532056105,11.9168209990722
"ADPS",0.000434113712374582,0.388611834812612,0.766415140232116,0.752600176223346,4,1.28332294119063,14.16614705935,0.760536411948694,2.75049041007779,0.102755287819607,0.296526401377652,0.0456928150993139,11.9513014297888
"ADPS",0.000430434782608696,0.385318514178607,0.76177209915226,0.748040827964837,4,1.28376251587279,14.1881257936358,0.762551542452842,2.73932234091094,0.102832784510843,0.294499296982787,0.0449993268373065,11.9857400238816
"ADPS",0.000426755852842809,0.382025193544601,0.757082112813836,0.743435380656327,4,1.28421445323458,14.2107226652517,0.764599199328223,2.7280984074275,0.102917422348308,0.292458542326562,0.0443088770726135,12.0208778337214
"ADPS",0.000423076923076923,0.378731872910596,0.752345326503293,0.738783976965415,4,1.28465011267924,14.2325056339651,0.766623162769219,2.71673381461851,0.102997904180469,0.29038714235069,0.0436201591035115,12.0553094715897
"ADPS",0.000419397993311037,0.375438552276591,0.747562257279882,0.734087124631135,4,1.28509626170656,14.2548130849073,0.768662333259475,2.70544817320668,0.103083805003447,0.288318818672507,0.0429394720366203,12.0902055655068
"ADPS",0.000415719063545151,0.372145231642586,0.742733790033471,0.729345692592831,4,1.28554400680522,14.2772003402487,0.770708535721348,2.69411780750365,0.103172116167861,0.286240951116456,0.0422614403265503,12.1252289727599
"ADPS",0.000412040133779264,0.368851911008581,0.737859801705592,0.724559560010218,4,1.28599367344504,14.2996836722769,0.772753069206942,2.68284212628479,0.103262431408667,0.284161614073152,0.0415908951306704,12.1602952858616
"ADPS",0.000408361204013378,0.365558590374576,0.732941101947898,0.71972952194063,4,1.28645802471282,14.3229012355307,0.774838033168797,2.67147976544138,0.103360877868994,0.282066609261642,0.0409228238283587,12.196213288404
"ADPS",0.000404682274247492,0.36226526974057,0.727977613942,0.71485550295036,4,1.28689747853336,14.3448739266571,0.776875262791694,2.66003864414636,0.103451181233431,0.279947110942659,0.0402592829829154,12.2309131394232
"ADPS",0.000401003344481605,0.358971949106565,0.72297031527126,0.70993846300141,4,1.28734863068411,14.3674315342045,0.77892745458111,2.64869426024226,0.10354713333258,0.277836109502525,0.0396031537481833,12.2661224977986
"ADPS",0.000397324414715719,0.35567862847256,0.717919505637015,0.704978696392869,4,1.28780003512629,14.3900017562847,0.78099414576034,2.6372092098818,0.1036455944054,0.275699266235206,0.0389490446000322,12.3014867890007
"ADPS",0.000393645484949833,0.352385307838555,0.712825594370617,0.699976605077716,4,1.28825905521948,14.4129527609885,0.783063007007149,2.62586099306511,0.103747699779226,0.273575622794419,0.0383036736368668,12.3371070679309
"ADPS",0.000389966555183947,0.34909198720455,0.707689103371788,0.694932701548203,4,1.28873100820738,14.4365504103723,0.785168774812104,2.61442414515164,0.103857062662079,0.271436501054713,0.0376615765808717,12.3734899816856
"ADPS",0.00038628762541806,0.345798666570544,0.702510482868409,0.689847427916661,4,1.28916734705608,14.4583673527995,0.787204913067507,2.6028954075226,0.103954058980986,0.269267893602161,0.0370242232357171,12.4081098534462
"ADPS",0.000382608695652174,0.342505345936539,0.697290191193874,0.684721234254827,4,1.28966264108439,14.4831320542559,0.789376445757684,2.59130058600448,0.104076745753796,0.267099581858157,0.036388948148725,12.4458668224562
"ADPS",0.000378929765886288,0.339212025302534,0.692028739541532,0.679554622541566,4,1.29008706928721,14.5043534644323,0.791358028860352,2.58003842763072,0.104169846849268,0.264953564672054,0.0357689703414853,12.4795922711248
"ADPS",0.000375250836120401,0.335918704668529,0.686728406562437,0.674349830354265,4,1.29054469436895,14.5272347181914,0.79343019328828,2.56861836849401,0.104278955377826,0.262784968184277,0.0351513117386725,12.5152062801519
"ADPS",0.000371571906354515,0.332625384034524,0.681384155666285,0.669101911889335,4,1.29101098935018,14.55054946751,0.795514290906187,2.55722410403134,0.104392529936067,0.260619031944812,0.0345379218197816,12.5512446858738
"ADPS",0.000367892976588629,0.329332063400519,0.676001990317008,0.663816762395678,4,1.29146407913754,14.5732039568745,0.797586012526963,2.54568753591802,0.104503167519937,0.258422234467307,0.0339283421298619,12.5867387295422
"ADPS",0.000364214046822742,0.326038742766513,0.670580537662761,0.658493033767696,4,1.29196041589375,14.5980207951938,0.799739933438496,2.53426221459551,0.104631665387377,0.256249619107599,0.0333243180422217,12.6243712126834
"ADPS",0.000360535117056856,0.322745422132508,0.665119415527636,0.653130350718366,4,1.29269040017338,14.6345200086702,0.802624088866848,2.52064962616546,0.104869704595515,0.253836591046085,0.0326732256308003,12.6764016371745
"ADPS",0.00035685618729097,0.319452101498503,0.659621855658559,0.647731886740981,4,1.29285183915652,14.6425919577307,0.803843160784922,2.51123245456292,0.104853148710508,0.251827955275389,0.0321364022867315,12.694540262533
"ADPS",0.000353177257525084,0.316158780864498,0.654085265829786,0.642295096335785,4,1.29332042846122,14.6660214229967,0.805919695638704,2.49996172624574,0.104973362487719,0.249647139872992,0.0315557208277602,12.7305662524913
"ADPS",0.000349498327759197,0.312865460230493,0.6485114164819,0.636821718030405,4,1.29378655434072,14.6893277170225,0.808024541200508,2.48835360577383,0.105096013287777,0.247415550514588,0.0309731546130205,12.7668062479391
"ADPS",0.000345819397993311,0.309572139596487,0.642900714501491,0.631312151377124,4,1.2942436655391,14.7121832769713,0.810073276441465,2.47709084426786,0.105213953984989,0.245224682911233,0.0304030280203228,12.8022238551958
"ADPS",0.000342140468227425,0.306278818962482,0.637253469430292,0.625766700338051,4,1.29479014942942,14.7395074715606,0.812384917690108,2.46515498149697,0.105372988090267,0.242965536347304,0.0298231964731602,12.8429820128705
"ADPS",0.000338461538461538,0.302985498328477,0.631570387735428,0.620186058645938,4,1.295181476157,14.7590738078497,0.81425766906624,2.45421713205921,0.105465015017521,0.240787860088696,0.0292724950671395,12.8746392603335
"ADPS",0.000334782608695652,0.299692177694472,0.625851934485814,0.614570682986631,4,1.29564194465448,14.7820972327223,0.816325189104895,2.44282288291005,0.105588747673334,0.238561664547115,0.0287179255017402,12.9103621883745
"ADPS",0.000331103678929766,0.296398857060467,0.620097888667764,0.608920356330309,4,1.29610506875091,14.8052534365063,0.818357328557418,2.43182813563096,0.105712172399744,0.236380337246615,0.0281786312557478,12.9458155306549
"ADPS",0.00032742474916388,0.293105536426461,0.614309602763523,0.603236406780143,4,1.29657876333674,14.8289381818027,0.820465105386223,2.42034834188306,0.105843757480265,0.23414169856033,0.0276331398414956,12.9823128626071
"ADPS",0.000323745819397993,0.289812215792456,0.608487161278303,0.597518917318101,4,1.29706686863541,14.8533434316409,0.822567927169584,2.40919418087415,0.105980084288403,0.231947050075086,0.0270971564008533,13.0192283100693
"ADPS",0.000320066889632107,0.286518895158451,0.60263104065282,0.591768355796848,4,1.29749668022765,14.8748340113601,0.824604679866388,2.39746990019171,0.106098013896579,0.229656858737693,0.0265563785586449,13.053686072168
"ADPS",0.000316387959866221,0.283225574524446,0.596741059235191,0.585984543838858,4,1.29823961250395,14.9119806252173,0.827365580863713,2.38522294990217,0.106344437668379,0.227368979066546,0.02601496034146,13.1049890500281
"ADPS",0.000312709030100334,0.279932253890441,0.590819313543707,0.580169540171771,4,1.29856615567249,14.9283077824145,0.828985123296754,2.37533028739492,0.106412083999917,0.225275865539281,0.0255224746621268,13.1321989985314
"ADPS",0.000309030100334448,0.276638933256436,0.584864500079023,0.574322064792382,4,1.2990938670153,14.9546933507973,0.831205090776662,2.36385380374643,0.106570326139734,0.223026226630518,0.0250052844723864,13.1715022349799
"ADPS",0.000305351170568562,0.27334561262243,0.578877816886226,0.568443294150497,4,1.29961896758147,14.9809483790588,0.833418236062027,2.35234603014503,0.106728698382314,0.220768304988951,0.0244923273260592,13.2107003185608
"ADPS",0.000301672240802676,0.270052291988425,0.572859650180363,0.562533607499471,4,1.30013392130245,15.0066960584226,0.835754251121306,2.33951071697259,0.106892095873696,0.218335426279643,0.0239630817211811,13.2507211896382
"ADPS",0.000297993311036789,0.26675897135442,0.56680939484288,0.556592410628273,4,1.30079526079695,15.0397630398895,0.83839261994245,2.32671473074875,0.107113965362811,0.215942610934742,0.0234389892658801,13.2983282236564
"ADPS",0.000294314381270903,0.263465650720415,0.56073001804143,0.550622617220077,4,1.30121717367859,15.060858683451,0.840140587810235,2.31749987348505,0.10722013703481,0.213935360368321,0.0229882259403763,13.329811967944
"ADPS",0.000290635451505017,0.26017233008641,0.554620609926797,0.544623333826092,4,1.30156841191661,15.0784205959438,0.841832333534712,2.30744383602171,0.107304589671705,0.211801344234962,0.0225260770399489,13.358469201329
"ADPS",0.000286956521739131,0.256879009452404,0.548481191016212,0.538594580593717,4,1.30194797242189,15.0973986209363,0.843805738572985,2.29535522710009,0.107413250018939,0.209430857490183,0.0220282413604349,13.3906722229608
"ADPS",0.000283277591973244,0.253585688818399,0.542309930774951,0.532534559984409,4,1.30286906743187,15.1434533723041,0.847073419485955,2.28173320683092,0.107745813758204,0.206982410346053,0.0215151142097392,13.4526514544246
"ADPS",0.000279598662207358,0.250292368184394,0.536113914496523,0.526450229576198,4,1.30270819710672,15.1354098543982,0.847415225997888,2.27428628139269,0.10761591413848,0.205035437263251,0.021109232007328,13.4519654537977
"ADPS",0.000275919732441472,0.246999047550389,0.529881314575083,0.520329974960945,4,1.30405824783951,15.2029123919377,0.851735633591631,2.25921438744821,0.1081263236901,0.20253580757534,0.0205807270810182,13.5377715949805
"ADPS",0.000272240802675585,0.243705726916384,0.523616263451229,0.514177854090221,4,1.30515337375452,15.2576686878444,0.855563278246696,2.24364578873978,0.108541324973929,0.199875883281617,0.0200607324197297,13.6107992673509
"ADPS",0.000268561872909699,0.240412406282378,0.517347024456124,0.508021620836434,4,1.30455153525287,15.2275767595535,0.854501124868943,2.24074673821806,0.108213111047239,0.198372350366518,0.0197390157606997,13.5825018308935
"ADPS",0.000264882943143813,0.237119085648373,0.511028687174508,0.501817174313963,4,1.30572472277582,15.2862361387784,0.858965077666914,2.22086892288559,0.108685646568728,0.195192370810953,0.0191604390621324,13.6639862731147
"ADPS",0.000261204013377926,0.233825765014368,0.504677992672255,0.495580953823735,4,1.30693622222369,15.3468111111725,0.862652874463706,2.2087622063488,0.109125977440874,0.193021821708081,0.0187150007321931,13.7395502229224
"ADPS",0.00025752508361204,0.230532444380363,0.498335911394997,0.489353191301401,4,1.30544965662101,15.2724828303168,0.859338849137182,2.20982292671122,0.108432450219052,0.191734878275796,0.018458414120645,13.6611150773427
"ADPS",0.000253846153846154,0.227239123746358,0.491945088924899,0.483077566167285,4,1.30590825968768,15.2954129844172,0.861343290692493,2.19894704416936,0.108572966749909,0.18948561578548,0.018031110262832,13.696193479834
"ADPS",0.000250167224080268,0.223945803112353,0.485528259733772,0.476776403094522,4,1.30638486574687,15.3192432874482,0.863369765280982,2.18823435270743,0.108719999462616,0.187263763914983,0.0176129025944155,13.7320430857638
"ADPS",0.000246488294314381,0.220652482478347,0.479067953895472,0.470432547059933,4,1.3086804284833,15.4340214352153,0.870342920696438,2.16639780258073,0.109643088306724,0.184168515272361,0.017049770662832,13.8740050463346
"ADPS",0.000242809364548495,0.217359161844342,0.472610671656182,0.464091660122676,4,1.30851141379285,15.4255706890803,0.870658268876857,2.15915279493255,0.109518685334477,0.182182448698485,0.0166850057198818,13.8726794960584
"ADPS",0.000239130434782609,0.214065841210337,0.46608227479393,0.45768094043426,4,1.31068084232534,15.5340421220201,0.877188825205256,2.13888598096862,0.110383930305509,0.179283363774714,0.016170126345327,14.0064691852297
"ADPS",0.000235451505016722,0.210772520576332,0.459585639042555,0.451301409348975,4,1.31042267212161,15.5211336112087,0.876735950387047,2.13692549671968,0.11019392062183,0.177919853311297,0.0158848116199716,13.9951137472862
"ADPS",0.000231772575250836,0.207479199942327,0.453034548891133,0.444868405427729,4,1.31124663035178,15.5623315176186,0.880135244135364,2.12012789709419,0.110514812190828,0.175033479701624,0.0154210902410792,14.0552597813676
"ADPS",0.00022809364548495,0.204185879308321,0.446492078331252,0.438443865726163,4,1.31047463629498,15.5237318148865,0.878352565817883,2.12055578958851,0.110114850841159,0.173754775460142,0.0151743773835305,14.014692849812
"ADPS",0.000224414715719064,0.200892558674316,0.439910089326184,0.431980519916457,4,1.30964293965759,15.4821469825093,0.877489959940407,2.11212807606138,0.109744777070771,0.171459048576647,0.0148099249732125,13.9800366873512
"ADPS",0.000220735785953177,0.197599238040311,0.433250512293017,0.425440984636378,4,1.3133254815418,15.666274077087,0.887861026249511,2.08469532417928,0.111238431874928,0.168120464283151,0.0142500630561683,14.1999749021048
"ADPS",0.000217056856187291,0.194305917406306,0.426642041684832,0.418951634565893,4,1.31270850957436,15.6354254789378,0.886322054577718,2.0857141736452,0.110897168306209,0.166947603019573,0.0140174100025784,14.1668817145646
"ADPS",0.000213377926421405,0.191012596772301,0.420000047786222,0.412429365476774,4,1.31182326032692,15.591163015992,0.885623021294077,2.07489473779789,0.110522412858054,0.164313028976617,0.0136353313776443,14.1318703393891
"ADPS",0.000209698996655518,0.187719276138296,0.413274314362712,0.405824866303869,4,1.31487048786773,15.7435243912878,0.893353190543551,2.05933810085613,0.111699997825028,0.162253974330696,0.01324021769407,14.306602239815
"ADPS",0.000206020066889632,0.18442595550429,0.406578363144746,0.399249612499387,4,1.31507519648196,15.7537598240622,0.895727203513614,2.04070975136109,0.11179403944818,0.158930575652291,0.0127917170220848,14.3363430250942
"ADPS",0.000202341137123746,0.181132634870285,0.399874174394788,0.392666269647985,4,1.3146851160347,15.73425580244,0.894960332993765,2.03897459388584,0.111561426039302,0.157464860554511,0.0125217840956081,14.317874757445
"ADPS",0.00019866220735786,0.17783931423628,0.393014318559651,0.385930065677866,4,1.31859155622608,15.9295778112686,0.906280737397416,2.00688960733233,0.113167484329494,0.153843706924783,0.0119942297600722,14.5542219727159
"ADPS",0.000194983277591973,0.174545993602275,0.386377813869879,0.379413186852225,4,1.31396419781609,15.6982098916065,0.89473984221271,2.02605556271537,0.111174799782661,0.153527217018303,0.0119125838644668,14.2936528756565
"ADPS",0.000191304347826087,0.17125267296827,0.379583480812078,0.372741324583073,4,1.31495007422032,15.7475037110766,0.897125471468072,2.02058285967156,0.11149792662799,0.151985521424365,0.0116357289012584,14.3506916608044
"ADPS",0.000183946488294314,0.164666031700259,0.365906023213516,0.359310409066651,4,1.31817496546133,15.9087482731178,0.908677107727515,1.97344238602744,0.112831818301683,0.145129095093185,0.0107335001584194,14.5669597408354
"ADPS",0.000165551839464883,0.148199428530233,0.331380219966101,0.325406948338581,4,1.32322180418156,16.1610901931629,0.923706022286967,1.92106486386632,0.114636281435527,0.134866014428953,0.0092374014529173,14.883766156573
"ADPS",0.0011,0.98470286956755,1.01832680676734,0.999971026138587,4,1.24589939024498,12.2949695120839,0.589060026307052,3.61780097343873,0.137384124475055,0.405007777140217,0.117718860847055,9.06608538787335
"ADPS",0.0031,2.77507172332673,0.927273838287726,0.910559326752451,4,1.21603747819354,10.8018739096675,0.458751305636855,4.09018402734844,0.277145832933908,0.357708373915964,0.131367349188521,6.93331831581532
"ADPS",0.0051,4.56544057708591,0.840629108489714,0.825476405641239,4,1.20550046705552,10.2750233527906,0.413786031048475,4.26858985270398,0.350913901848279,0.31721188843812,0.137830346183245,6.20003546661473
"ADPS",0.0071,6.3558094308451,0.774096185642191,0.760142767471545,4,1.20036125504709,10.0180627524632,0.392460015419302,4.34930212323374,0.39449950237438,0.285951637859632,0.142849790589994,5.85131262627127
"ADPS",0.0091,8.14617828460428,0.720761735640899,0.707769693973035,4,1.19669187604162,9.83459380208968,0.377361504759153,4.4057076964878,0.426948166795743,0.261705212319519,0.146251619796797,5.60402003268266
"ADPS",0.0111,9.93654713836346,0.676287135466578,0.664096767680739,4,1.19372816684945,9.68640834479775,0.365222241240946,4.4508579208174,0.453312353672513,0.242130559655167,0.148533604331079,5.40480698849386
"ADPS",0.0131,11.7269159921226,0.638221083684347,0.626716872927149,4,1.19118288209717,9.55914410625648,0.354712547143447,4.49084682484053,0.475783187745722,0.225953442684779,0.150149350508304,5.23257214433181
"ADPS",0.0151,13.5172848458818,0.604969812492726,0.594064970263946,4,1.18898390246657,9.44919512313459,0.345662794351474,4.52515927384921,0.495267148027401,0.212146908848666,0.151208345817071,5.0840060431222
"ADPS",0.0171,15.307653699641,0.575498334660252,0.565124728551648,4,1.18695791207752,9.34789560380491,0.337212919876245,4.55839504456779,0.512824297475699,0.20029618890974,0.15197394054293,4.94565288772445
"ADPS",0.0191,17.0980225534002,0.549067710759623,0.539170528065366,4,1.18528377682949,9.26418884156333,0.330148120519267,4.58673935583807,0.52831619017042,0.18984743801176,0.152439920948165,4.83054340647147
"ADPS",0.0291,26.0498668221961,0.447694267802524,0.439624385212846,4,1.17766357951475,8.88317897704711,0.297526764859662,4.7221592096574,0.59185463443329,0.152124860019466,0.152684317860924,4.29995198793332
"ADPS",0.0551,49.3246619210655,0.298061638107437,0.292688948312188,4,1.16444571614481,8.2222858013057,0.236965580795291,5.00305467952248,0.69975095005264,0.102164092985966,0.14839230804281,3.33816034124362
"RNAP",0.1315,0.999839063831717,1.0183563087497,0.999999996334966,4,1.24550775059466,12.2753875295048,0.587342491350906,3.62416918145555,0.13875524634515,0.404761218248671,0.118129062608329,9.03774258585478
"RNAP",0.131060200668896,0.996495120474421,1.0183544066009,0.999998128473222,4,1.24558478003459,12.2792389995125,0.587705304051891,3.62228440105896,0.138775340103132,0.404086890339394,0.118382335060026,9.04369291027981
"RNAP",0.130620401337793,0.993151177117124,1.0183490012778,0.999992820583409,4,1.24566210048133,12.2831050630764,0.588069485164354,3.62039252593799,0.138795507393297,0.403410653919091,0.118636029637541,9.04966573476267
"RNAP",0.130180602006689,0.989807233759827,1.01834006774738,0.999984048083733,4,1.24573974595275,12.2869873048482,0.588435109004649,3.61849370583847,0.138815757710223,0.402732533672378,0.118890158525518,9.05566256249867
"RNAP",0.129740802675585,0.986463290402531,1.01832757865761,0.999971784115199,4,1.2458176653869,12.2908832949717,0.588802017160182,3.61658825839818,0.13883608714915,0.40205252391146,0.119144766317744,9.06168051740837
"RNAP",0.129301003344482,0.983119347045234,1.01831150804906,0.999956003186313,4,1.24589588113426,12.2947940567998,0.589170287601748,3.61467591674054,0.138856498353623,0.401370599881197,0.119399835319994,9.06772094582796
"RNAP",0.128861204013378,0.979775403687937,1.01829182879048,0.999936678654868,4,1.24597439441544,12.2987197163131,0.589539942777432,3.61275650536054,0.1388769851785,0.400686762011805,0.119655336341098,9.0737841656038
"RNAP",0.128421404682274,0.97643146033064,1.01826851361526,0.999913783745757,4,1.2460532050208,12.3026602520751,0.589910935615641,3.61083055963714,0.138897552222733,0.400001041273425,0.119911334428242,9.07986960264861
"RNAP",0.127981605351171,0.973087516973344,1.01824153568112,0.999887292100538,4,1.24613232395056,12.3066161855416,0.590283361330493,3.6088972602146,0.138918196422699,0.399313380086212,0.120167734174203,9.08597864572623
"RNAP",0.127541806020067,0.969743573616047,1.01821086654033,0.999857175784251,4,1.2462117100033,12.3105855657805,0.59065703159031,3.60695762608908,0.138938920659636,0.398623826896819,0.120424674365033,9.09210819946123
"RNAP",0.127102006688963,0.96639963025875,1.01817647972007,0.999823408801284,4,1.2462914460519,12.3145722920981,0.591032270250274,3.60501028121847,0.138959728591361,0.397932312702888,0.120681973466576,9.09826376410258
"RNAP",0.12666220735786,0.963055686901454,1.01813834562589,0.999785962090627,4,1.24637146542062,12.3185732740064,0.59140882839647,3.60305624304748,0.138980617104493,0.397238881368687,0.120939774946603,9.10444105430094
"RNAP",0.126222408026756,0.959711743544157,1.01809643665007,0.999744808542203,4,1.24645177672592,12.3225888376418,0.591786729607181,3.60109541059159,0.139001582098551,0.39654352515251,0.121198065289964,9.11064052065676
"RNAP",0.125782608695652,0.95636780018686,1.01805072449692,0.999699920370366,4,1.2465323981953,12.3266199140581,0.592166050995981,3.59912745993688,0.139022628203371,0.395846234998044,0.121456789879478,9.11686347080113
"RNAP",0.125342809364549,0.953023856829563,1.0180011782915,0.9996512672567,4,1.24661332602787,12.3306663101196,0.592546776413764,3.5971524632204,0.139043752595134,0.395146986749765,0.121715984975379,9.1231096256516
"RNAP",0.124903010033445,0.949679913472267,1.01794777094671,0.999598822602371,4,1.24669456115336,12.3347280629953,0.592928911076232,3.59517040161124,0.139064964597093,0.394445792407391,0.121975647837209,9.12937904009803
"RNAP",0.124463210702341,0.94633597011497,1.01789047182276,0.999542556319883,4,1.24677610404714,12.3388052030511,0.593312462037116,3.59318118473755,0.139086257839831,0.393742634445832,0.122235768785008,9.1356718379904
"RNAP",0.124023411371237,0.942992026757673,1.01782925188016,0.999482439893199,4,1.24685795691406,12.3428978222538,0.593697415862186,3.59118502084721,0.139107631409641,0.39303753575807,0.12249636181552,9.1419879081696
"RNAP",0.123583612040134,0.939648083400376,1.01776407955279,0.999418442325186,4,1.24694012035731,12.3470060232933,0.594083807891032,3.58918163400751,0.13912908246147,0.392330464635875,0.122757411567598,9.14832764264403
"RNAP",0.12314381270903,0.93630414004308,1.01769492540445,0.999350534710243,4,1.24702259282267,12.3511296672166,0.594471611381618,3.58717116119589,0.139150615928452,0.391621425994056,0.123018936657808,9.15469075076231
"RNAP",0.122704013377926,0.932960196685783,1.01762175957593,0.999278687727392,4,1.2471053817505,12.3552690898239,0.59486085919683,3.58515347255399,0.139172233471172,0.390910413197777,0.123280923472092,9.16107771300948
"RNAP",0.122264214046823,0.929616253328486,1.01754454916376,0.99920286906626,4,1.24718848230993,12.3594241304365,0.59525154766541,3.58312850010073,0.139193933558883,0.39019740669804,0.123543369781662,9.16748843768886
"RNAP",0.121824414715719,0.92627230997119,1.01746326307032,0.999123048189774,4,1.24727189807666,12.363594937548,0.595643656611361,3.58109658205643,0.139215714259824,0.389482434641078,0.123806312625326,9.17392273149231
"RNAP",0.121384615384615,0.922928366613893,1.01737787129928,0.9990391956423,4,1.24735563132181,12.3677815687232,0.596037243109297,3.5790570674619,0.139237580087014,0.388765443630239,0.124069684561115,9.1803813182636
"RNAP",0.120944816053512,0.919584423256596,1.01728834041995,0.998951278595749,4,1.24743968423384,12.3719842184484,0.596432272986206,3.57701046211085,0.139259526817783,0.388046473586936,0.124333543648535,9.18686388885583
"RNAP",0.120505016722408,0.916240479899299,1.01719463902153,0.998859266205517,4,1.24752407027438,12.3762034949468,0.596828803684192,3.5749565254522,0.139281554868602,0.387325512229177,0.124597862445282,9.19337132593809
"RNAP",0.120065217391304,0.912896536542003,1.01709673424893,0.998763126208737,4,1.24760876115429,12.380438077465,0.5972267506781,3.5728953949418,0.139303669597657,0.386602542377699,0.124862670586431,9.19990209888085
"RNAP",0.119625418060201,0.909552593184706,1.01699459262628,0.99866282573296,4,1.24769377549194,12.3846887683368,0.597626167785194,3.5708269128643,0.139325865692593,0.385877554057739,0.125127950014384,9.20645721492815
"RNAP",0.119185618729097,0.906208649827409,1.01688817956233,0.998558330810458,4,1.24777909070562,12.3889545342071,0.598026986031519,3.56875133079573,0.139348144456556,0.385150541964218,0.125393742383418,9.21303533173964
"RNAP",0.118745819397993,0.902864706470113,1.01677746573526,0.99844961264795,4,1.24786477286164,12.3932386318117,0.598429426305222,3.56666796872936,0.139370509622887,0.384421524524802,0.125659939806256,9.21964055992344
"RNAP",0.11830602006689,0.899520763112816,1.01666241130225,0.998336632120807,4,1.24795073521244,12.3975367526777,0.598833166003861,3.56457805898094,0.139392959633687,0.383690488742235,0.125926733437435,9.22626711624019
"RNAP",0.117866220735786,0.896176819755519,1.01654298722583,0.998219360714958,4,1.2480370720367,12.4018535982558,0.599238623366718,3.56247950580697,0.139415488532933,0.382957377526128,0.126193839371271,9.2329220869695
"RNAP",0.117426421404682,0.892832876398223,1.01641915504789,0.998097760665522,4,1.24812371368239,12.4061856810009,0.59964546684364,3.56037412866971,0.139438110043784,0.382222239793106,0.126461513311158,9.23959993596043
"RNAP",0.116986622073579,0.889488933040926,1.01629088382927,0.997971801591027,4,1.2482106845513,12.4105342562125,0.600053809156393,3.55826123796589,0.139460808871106,0.381485071101943,0.126729644583246,9.24630270320393
"RNAP",0.116546822742475,0.886144989683629,1.016158132037,0.997841442707168,4,1.24829798563773,12.4148992757777,0.600463655393772,3.55614092364447,0.139483598553244,0.380745828745675,0.126998282323442,9.25303022987054
"RNAP",0.116107023411371,0.882801046326332,1.01602086930466,0.99770665419488,4,1.24838562084087,12.4192810371601,0.600875013348773,3.55401315182993,0.139506466434011,0.380004550659234,0.127267390887435,9.25978287523325
"RNAP",0.115667224080268,0.879457102969036,1.01587905731672,0.997567398429284,4,1.24847358862153,12.4236794299079,0.601287890964179,3.55187781489961,0.13952942887164,0.379261196698949,0.127536989263455,9.266560619791
"RNAP",0.115227424749164,0.876113159611739,1.01573266014307,0.99742364012794,4,1.24856189141149,12.4280945709615,0.601702288184975,3.54973496241552,0.139552470459597,0.378515781737927,0.127807070196622,9.27336354865841
"RNAP",0.11478762541806,0.872769216254442,1.01558164047626,0.997275342655864,4,1.24865052942246,12.4325265335759,0.602118220355361,3.54758451574017,0.139575596947755,0.377768292846202,0.128077629833212,9.28019181485369
"RNAP",0.114347826086957,0.869425272897146,1.01542596072636,0.997122469100714,4,1.24873950690653,12.4369753389891,0.602535689747941,3.5454263933292,0.139598811951072,0.377018705995707,0.128348677383593,9.28704551920399
"RNAP",0.113908026755853,0.866081329539849,1.01526558500247,0.996964984218532,4,1.24882882426583,12.4414412142918,0.602954695544214,3.54326079164937,0.13962211173228,0.376267055583759,0.128620214973838,9.29392470202965
"RNAP",0.113468227424749,0.862737386182552,1.01510047280781,0.99680284824251,4,1.24891848128503,12.4459240655975,0.603375248607209,3.54108748981472,0.139645502811271,0.375513298831277,0.128892239928585,9.30082948630757
"RNAP",0.113028428093645,0.859393442825255,1.0149305860865,0.996636023802748,4,1.24900848158123,12.450424088515,0.603797363767357,3.53890649436888,0.139668974055039,0.374757443346455,0.129164756819582,9.30776008096875
"RNAP",0.112588628762542,0.856049499467959,1.01475588508366,0.996464471860962,4,1.24909882509893,12.4549412342505,0.604221051353924,3.53671760495194,0.139692535238453,0.373999456642497,0.129437749724169,9.31471662858303
"RNAP",0.112148829431438,0.852705556110662,1.01457633310653,0.996288156385789,4,1.24918951107968,12.4594755583481,0.604646259764455,3.53452145957502,0.139716180702539,0.373239403075811,0.12971126933458,9.32169854152402
"RNAP",0.111709030100334,0.849361612753365,1.01439188835208,0.996107036327725,4,1.24928054638053,12.4640273199703,0.605073092816745,3.53231699196205,0.139739918090362,0.372477179116098,0.129985235379489,9.3287071764018
"RNAP",0.111269230769231,0.846017669396068,1.01420251163991,0.995921073212605,4,1.24937192840295,12.468596409807,0.605501443298498,3.53010542074557,0.139763742511256,0.371712882914596,0.130259761499729,9.33574117345404
"RNAP",0.110829431438127,0.842673726038772,1.01400816139683,0.995730226216617,4,1.24946367595942,12.4731837987265,0.605931484530821,3.5278853329685,0.139787651888152,0.370946414211753,0.130534701159374,9.34280300280876
"RNAP",0.110389632107023,0.839329782681475,1.01380880036165,0.995534458750224,4,1.24955574373406,12.4777871478894,0.606362961237956,3.52565821847572,0.139811650434079,0.370177847474661,0.130810230566825,9.34988867762099
"RNAP",0.10994983277592,0.835985839324178,1.0136043800797,0.995333723232169,4,1.24964817879508,12.4824089780222,0.606796134856846,3.52342264994814,0.139835740733264,0.369407093820779,0.131086194062105,9.35700230346677
"RNAP",0.109510033444816,0.832641895966882,1.01339485993225,0.995127979775896,4,1.24974098645788,12.4870493229096,0.607230960475891,3.52117911512276,0.139859914345725,0.36863418880713,0.131362645701475,9.36414342455791
"RNAP",0.109070234113712,0.829297952609585,1.01318020208131,0.994917191225455,4,1.24983413441108,12.4917067195992,0.607667329834474,3.51892798721955,0.139884179082628,0.367859142364636,0.131639633138166,9.37131011654604
"RNAP",0.108630434782609,0.825954009252288,1.01296036089204,0.994701312768595,4,1.2499276383722,12.4963819226111,0.608105317665495,3.51666887983853,0.139908534458168,0.367081922224015,0.131917126477749,9.37850356343379
"RNAP",0.108190635451505,0.822610065894992,1.01273529327906,0.994480302096571,4,1.25002150190112,12.5010750965343,0.608544925742622,3.51440185266914,0.139932976740397,0.366302535340154,0.132195116717481,9.3857238842308
"RNAP",0.107750836120401,0.819266122537695,1.01250495489093,0.994254115657398,4,1.25011572541343,12.5057862898831,0.608986163353138,3.51212682834677,0.139957510777626,0.365520964641925,0.132473617471506,9.39297120436888
"RNAP",0.107311036789298,0.815922179180398,1.01226930137811,0.994022709900951,4,1.25021032061328,12.5105160190772,0.609429078971934,3.50984357477303,0.139982136156826,0.364737193824918,0.132752607118593,9.4002463031327
"RNAP",0.106871237458194,0.812578235823101,1.01202829077422,0.993786043617319,4,1.25030526256234,12.515263088673,0.609873554219526,3.5075527297195,0.140006847501118,0.363951258067386,0.133032145394418,9.40754727561084
"RNAP",0.10643143812709,0.809234292465805,1.011781870642,0.993544065314444,4,1.2504005771952,12.5200288658923,0.61031972322087,3.5052535897783,0.14003165316166,0.363163098268594,0.133312178189067,9.41487627331307
"RNAP",0.105991638795987,0.805890349108508,1.01153000137556,0.993296736100347,4,1.25049625906996,12.5248130049309,0.610767560163648,3.50294620529973,0.140056544248472,0.362372726760646,0.133592700574235,9.42223288343154
"RNAP",0.105551839464883,0.802546405751211,1.01127263663428,0.993044010469713,4,1.25059231244716,12.5296155967399,0.611217035041711,3.50063102537211,0.140081530088606,0.361580162888081,0.133873773029187,9.42961673824112
"RNAP",0.105112040133779,0.799202462393915,1.01100972252123,0.992785835497131,4,1.2506887470939,12.5344373543089,0.61166824898489,3.49830727981061,0.140106608801256,0.360785344868761,0.13415531843093,9.43702937691476
"RNAP",0.104672240802676,0.795858519036618,1.01074122325921,0.992522176050308,4,1.25078553822096,12.5392768734414,0.612121078496677,3.49597554891817,0.140131772031771,0.359988314442462,0.134437394032144,9.44446873570219
"RNAP",0.104232441471572,0.792514575679321,1.01046707452249,0.992252968963008,4,1.25088269794882,12.5441348975167,0.612575552860947,3.49363595625783,0.140157036085547,0.359189038200411,0.134720056217431,9.45193545438162
"RNAP",0.103792642140468,0.789170632322024,1.0101872418442,0.991978180389631,4,1.25098024184966,12.549012066298,0.613031759931638,3.49128789102747,0.140182382481782,0.358387523638367,0.135003177323237,9.459430846279
"RNAP",0.103352842809365,0.785826688964728,1.0099016705959,0.991697756686453,4,1.25107816277445,12.5539081393847,0.613489683485243,3.48893135123632,0.140207827032288,0.357583733782886,0.135286812729673,9.46695464712304
"RNAP",0.102913043478261,0.782482745607431,1.00961031280671,0.991411650747288,4,1.25117646487407,12.5588232034965,0.613949299503779,3.48656669083345,0.140233364160718,0.356777694411424,0.135570999693633,9.47450659103129
"RNAP",0.102473244147157,0.779138802250134,1.00931311462042,0.991119809686705,4,1.25127514734243,12.563757367067,0.614410620235519,3.48419385671644,0.140258992712868,0.355969395325479,0.135855720238886,9.48208684833635
"RNAP",0.102033444816054,0.775794858892838,1.00901003286053,0.990822191106475,4,1.25137421463946,12.5687106529915,0.614873675376509,3.48181250859206,0.140284714739708,0.355158814077806,0.136140948506028,9.48969578312752
"RNAP",0.10159364548495,0.772450915535541,1.00870100139765,0.990518730069217,4,1.25147367846833,12.573683931333,0.615338529295861,3.47942239542479,0.140310528446639,0.35434591664479,0.136426669512576,9.4973345723075
"RNAP",0.101153846153846,0.769106972178244,1.00838598213195,0.990209389161874,4,1.2515735002686,12.5786750084473,0.615804996156692,3.47702440169148,0.140336441177259,0.353530739985956,0.13671299049021,9.50500000211994
"RNAP",0.100714046822742,0.765763028820947,1.00806491598992,0.989894110375761,4,1.25167374266897,12.583687163824,0.61627332555067,3.47461756918823,0.140362439911835,0.352713265433219,0.136999785138644,9.51269650610737
"RNAP",0.100274247491639,0.762419085463651,1.00773775202559,0.989572843683229,4,1.25177436225194,12.5887181098935,0.616743347522361,3.47220251101639,0.140388537532057,0.351893481318304,0.137287152285776,9.5204210416765
"RNAP",0.0998344481605351,0.759075142106354,1.00740443938546,0.989245539147433,4,1.25187538185437,12.5937689455355,0.617215152064875,3.46977887894084,0.140414723582378,0.351071387602455,0.137575039944598,9.52817513074397
"RNAP",0.0993946488294314,0.755731198749057,1.00706490941921,0.988912129355509,4,1.2519767838608,12.5988391913678,0.617688710412158,3.46734663376635,0.1404410123219,0.350246936416931,0.137863468086647,9.53595829596428
"RNAP",0.0989548494983278,0.75238725539176,1.00671912086686,0.988572573791206,4,1.25207858623225,12.6039293136119,0.618164048790237,3.46490581959987,0.14046739638314,0.349420153057034,0.138152447589895,9.54377098675739
"RNAP",0.0985150501672241,0.749043312034464,1.00636701287278,0.988226812695835,4,1.25218077882088,12.6090389220643,0.618641128732718,3.46245662976586,0.140493874469868,0.348591031260401,0.138441999823996,9.55161259689954
"RNAP",0.0980752508361204,0.745699368677167,1.00600852828946,0.987874789952,4,1.25228337739046,12.6141689656831,0.619120038124406,3.45999866412277,0.140520442269372,0.347759559666541,0.13873205832245,9.55948453755314
"RNAP",0.0976354515050167,0.74235542531987,1.00564361285897,0.9875164522798,4,1.25238635387664,12.6193176815347,0.619600654711065,3.45753221905888,0.140547114893072,0.34692570170844,0.13902272398123,9.56738464527913
"RNAP",0.097195652173913,0.739011481962574,1.00527220597732,0.98715174016764,4,1.25248979076245,12.6244894546393,0.620083273655116,3.45505651239836,0.14057387887051,0.346089488752501,0.139313840208757,9.57531832698572
"RNAP",0.0967558528428094,0.735667538605277,1.00489381174538,0.986780166655206,4,1.25259373338454,12.6296866715105,0.620568210940155,3.45256937934168,0.140600771369185,0.345249928381666,0.139605870791012,9.58329026746717
"RNAP",0.0963160535117057,0.73232359524798,1.00450923582618,0.986402522883096,4,1.25269795796914,12.6348978947538,0.62105438992938,3.45007637644103,0.140627726497396,0.344408928806871,0.139898133514951,9.59128284533133
"RNAP",0.095876254180602,0.728979651890683,1.00411843796561,0.986018769322798,4,1.25280246037609,12.6401230254954,0.62154177658764,3.4475778274423,0.140654751868066,0.34356650219316,0.140190667881745,9.59929561549575
"RNAP",0.0954364548494983,0.725635708533387,1.00372046678933,0.985627971748903,4,1.25290751415135,12.6453757307401,0.622031672882524,3.44506692164766,0.140681907032825,0.342720673462289,0.140484026773019,9.60734983626241
"RNAP",0.0949966555183946,0.72229176517609,1.00331570880058,0.985230509697757,4,1.25301297156748,12.6506485822553,0.622523344917256,3.44254763468813,0.140709157105349,0.341872460926399,0.140777988999396,9.61543367100514
"RNAP",0.094556856187291,0.718947821818793,1.00290409001865,0.984826310522201,4,1.25311884911918,12.6559424742624,0.623016886957686,3.44001945402479,0.140736507707938,0.341021811618234,0.141072526323723,9.6235485814126
"RNAP",0.0941170568561873,0.715603878461497,1.00248555233933,0.984415317165365,4,1.25322514844072,12.6612574527156,0.62351232211459,3.43748212161276,0.14076395610341,0.340168710291123,0.141367607426581,9.63169488163132
"RNAP",0.0936772575250836,0.7122599351042,1.00206002468131,0.983997459827217,4,1.25333186859498,12.6665934537266,0.624009644213175,3.43493571138985,0.140791503787655,0.339313137952731,0.141663259857613,9.63987242674086
"RNAP",0.0932374581939799,0.708915991746903,1.00162745466302,0.983572687070384,4,1.25343901606551,12.671950807064,0.624508864421452,3.43238024886758,0.140819148305181,0.338455117782095,0.141959467987851,9.6480815381034
"RNAP",0.0927976588628762,0.705572048389607,1.00118777743791,0.983140935217206,4,1.25354660251559,12.6773301809505,0.625010024137739,3.42981565334332,0.140846894152853,0.337594647492839,0.142256223386784,9.65632299875234
"RNAP",0.0923578595317726,0.70222810503231,1.00074090453224,0.982702117388725,4,1.25365458764382,12.6827293834202,0.625512981300302,3.42724232198054,0.140874739242963,0.336731663052507,0.142553633555739,9.66459410117331
"RNAP",0.0919180602006689,0.698884161675013,1.00028679910737,0.982256197410317,4,1.25376303805984,12.6881519092646,0.626017985580442,3.42465940525482,0.140902685265602,0.335866216521578,0.142851538369998,9.67289937831463
"RNAP",0.0914782608695652,0.695540218317716,0.999825359100827,0.981803075059243,4,1.25387190543818,12.6935952593811,0.626524854978109,3.42206751321845,0.140930731154177,0.33499823622903,0.143150072067484,9.68123558749296
"RNAP",0.0910384615384615,0.69219627496042,0.999356540816354,0.981342707426887,4,1.25398118702278,12.6990593507983,0.627033591929881,3.41946660162441,0.140958882350004,0.334127745819626,0.143449225500694,9.68960268007008
"RNAP",0.0905986622073579,0.688852331603123,0.998880265493055,0.98087501717205,4,1.2540909503727,12.7045474922647,0.627544421044989,3.41685604386419,0.140987131719556,0.333254745367223,0.143748897550494,9.6980047765168
"RNAP",0.0901588628762542,0.685508388245826,0.998396463189567,0.980399935614094,4,1.25420113151411,12.7100565838661,0.628057133570524,3.41423639331018,0.141015482937603,0.332379206128197,0.144049182774022,9.70643805681602
"RNAP",0.0897190635451505,0.682164444888529,0.997905059673921,0.979917389859114,4,1.25431176265368,12.7155881384844,0.628571844191611,3.41160724102226,0.141043935004138,0.331501112160558,0.144350043643883,9.7149045237276
"RNAP",0.0892792642140468,0.678820501531233,0.997405411968359,0.979426748519301,4,1.25442295735282,12.7211478680511,0.629089081879234,3.40896590646283,0.141072523529809,0.330619461846459,0.144651873878571,9.72341287840404
"RNAP",0.0888394648829431,0.675476558173936,0.996899159895344,0.978929621858614,4,1.25453438617516,12.7267193087548,0.629607307162004,3.40632028802823,0.1411011425432,0.329737228772041,0.144953496288717,9.73193787086099
"RNAP",0.0883996655518395,0.672132614816639,0.996384513581254,0.978424252266672,4,1.25464633293744,12.7323166468731,0.630127846678647,3.40366358746061,0.141129911069074,0.328851439367593,0.145256250835773,9.74050122229201
"RNAP",0.0879598662207358,0.668788671459343,0.995861968949611,0.977911126727764,4,1.25475875896434,12.7379379491701,0.630650522428689,3.4009967482664,0.141158777031968,0.327963041767461,0.145559527657451,9.74909999235046
"RNAP",0.0875200668896321,0.665444728102046,0.995331447731726,0.977390168384026,4,1.25487164275049,12.7435821505204,0.631175219529786,3.39832029077827,0.141187746894187,0.327072034544069,0.145863402701657,9.75773252301985
"RNAP",0.0870802675585284,0.662100784744749,0.994792873214046,0.976861301904702,4,1.25498496874184,12.749248436765,0.631701871045555,3.39563472053339,0.141216822990644,0.326178423995588,0.14616795082063,9.76639744155334
"RNAP",0.0866404682274247,0.658756841387452,0.994246171090133,0.976324454322759,4,1.25509877266591,12.7549385684409,0.632230648959345,3.39293897594889,0.141245998262771,0.325282173628354,0.146473030834134,9.77509768495674
"RNAP",0.0862006688963211,0.655412898030156,0.993691243528282,0.975779529569949,4,1.25521305173901,12.7606526249997,0.632761520909122,3.39023353165522,0.141275285242032,0.32438327271047,0.14677874259437,9.78383284461142
"RNAP",0.0857608695652174,0.652068954672859,0.993128027400833,0.975226465656518,4,1.25532777399334,12.7663887016111,0.633294383965434,3.38751846526982,0.141304675071781,0.323481707010307,0.147085092823258,9.79260084646136
"RNAP",0.0853210702341137,0.648725011315562,0.992556442293225,0.97466518361741,4,1.25544300160405,12.7721500066603,0.633829412659313,3.38479356878169,0.141334171287655,0.322577513673723,0.147392026624796,9.80140526787433
"RNAP",0.08488127090301,0.645381067958266,0.991976377165166,0.974095574413884,4,1.25555865679432,12.7779328440518,0.634366408738681,3.38205903556051,0.141363775150914,0.321670586075835,0.147699655063764,9.81024202876895
"RNAP",0.0844414715719063,0.642037124600969,0.991387774970034,0.973517582027607,4,1.25567482302076,12.7837411512048,0.634905598178008,3.37931456459109,0.141393488424159,0.320761001447855,0.14800787609966,9.81911557227437
"RNAP",0.0840016722408027,0.638693181243672,0.990790545723727,0.972931118096478,4,1.25579146911551,12.7895735339115,0.635446927065573,3.37655999081455,0.141423300117398,0.319848714624731,0.148316688252367,9.82802460913719
"RNAP",0.083561872909699,0.635349237886376,0.990184585935675,0.972336080995392,4,1.25590858787063,12.7954293943589,0.635990337300145,3.37379555222133,0.141453229615529,0.318933676197395,0.148626188886887,9.83696825251037
"RNAP",0.0831220735785953,0.632005294529079,0.989569823000872,0.971732399428078,4,1.25602618056933,12.8013090299289,0.636535853171684,3.37102124882618,0.141483264060829,0.318015914497992,0.148936337306544,9.84594682347966
"RNAP",0.0826822742474916,0.628661351171782,0.988946169785103,0.971119987830954,4,1.25614426972511,12.8072135048722,0.637083543770012,3.3682368598008,0.141513406618287,0.317095421857719,0.149247113170903,9.85496166814538
"RNAP",0.082242474916388,0.625317407814485,0.988313511061301,0.970498733053969,4,1.2562628473996,12.8131423697598,0.63763340561189,3.36544218819344,0.14154366030918,0.316172129661015,0.149558535251449,9.86401250741168
"RNAP",0.0818026755852843,0.621973464457189,0.987671778420562,0.969868567921321,4,1.25638192174921,12.8190960848487,0.63818542857155,3.36263759513542,0.141574021902776,0.315246089208416,0.149870628256879,9.8730994596575
"RNAP",0.0813628762541806,0.618629521099892,0.98702086985618,0.969229392265017,4,1.25650149263457,12.8250746332291,0.638739644477022,3.35982270752239,0.141604497618098,0.314317250061628,0.150183360568703,9.88222288445922
"RNAP",0.0809230769230769,0.615285577742595,0.986360689918711,0.968581112356131,4,1.25662158876591,12.831079429348,0.639296172258004,3.3569970570174,0.141635075682002,0.313385598816374,0.150496689232666,9.89138475261476
"RNAP",0.0804832775919732,0.611941634385298,0.985691143252436,0.967923634557773,4,1.25674216701579,12.8371083507893,0.639854823923662,3.35416150392706,0.141665770018227,0.312451131088203,0.150810736595438,9.90058194586284
"RNAP",0.0800434782608696,0.608597691028002,0.985012130894848,0.967256861691277,4,1.25686324715721,12.8431623567321,0.640415675689251,3.35131571978335,0.141696577490272,0.311513829630957,0.151125467236718,9.90981580819509
"RNAP",0.0796036789297659,0.605253747670705,0.984323552865527,0.966580695578413,4,1.25698485062732,12.8492425554803,0.640978833950241,3.34845924853694,0.141727494953478,0.310573672753961,0.151440836665574,9.91908797488181
"RNAP",0.0791638795986622,0.601909804313408,0.983625308486202,0.96589503735568,4,1.25710695168225,12.8553475975303,0.641544186015814,3.34559250035915,0.141758525437259,0.30963064399082,0.151756914245239,9.92839660295564
"RNAP",0.0787240802675585,0.598565860956112,0.982917296265621,0.965199787361251,4,1.25722958731126,12.8614793782847,0.642111858307017,3.34271511719504,0.141789672100415,0.30868474198086,0.152073645653071,9.93774404806957
"RNAP",0.0782842809364548,0.595221917598815,0.982199411925857,0.96449484319685,4,1.2573527254368,12.8676363428355,0.642681777521222,3.33982717395627,0.141820928292448,0.30773593007345,0.15239107462993,9.94712860690501
"RNAP",0.0778444816053512,0.591877974241518,0.981471549914923,0.963780101213114,4,1.25747641082416,12.8738205380412,0.643254039531387,3.3369286033539,0.141852300797655,0.306784220798729,0.152709178207341,9.95655248704223
"RNAP",0.0774046822742475,0.588534030884222,0.980733601191028,0.963055454333775,4,1.25760061271246,12.880030632803,0.643828602059505,3.33401919035028,0.141883788394327,0.305829560981916,0.153027969755304,9.96601451715328
"RNAP",0.0769648829431438,0.585190087526925,0.979985458793978,0.962320797526643,4,1.2577253368371,12.8862668377014,0.644405453886617,3.33109932322129,0.141915394182152,0.304871961238069,0.153347500517307,9.97551451474648
"RNAP",0.0765250836120401,0.581846144169628,0.979227011517654,0.961576021590139,4,1.25785061943446,12.8925309706322,0.644984724684018,3.32816833156803,0.141947110440964,0.303911402635944,0.153667679279346,9.98505507913329
"RNAP",0.0760852842809365,0.578502200812331,0.978458148245308,0.960821017410441,4,1.25797644425476,12.8988222126391,0.645566375570962,3.32522635457872,0.1419789444472,0.30294785862433,0.153988549859033,9.99463520547653
"RNAP",0.0756454849498328,0.575158257455035,0.977678754078064,0.960055672159775,4,1.25810276637641,12.9051383483598,0.646150237439053,3.32227401518599,0.142010897824273,0.301981306407761,0.15431022515919,10.0042519271301
"RNAP",0.0752056856187291,0.571814314097738,0.976888711329576,0.959279870273142,4,1.25822968761333,12.9114843753714,0.64673668250904,3.31930996424404,0.142042968190703,0.301011739336826,0.154632505603491,10.0139118721764
"RNAP",0.0747658862876254,0.568470370740441,0.97608699041701,0.958492600726383,4,1.25835729117739,12.9178645548946,0.6473261490806,3.31633175605395,0.142075191420502,0.30003803882271,0.154955916093199,10.0236219785587
"RNAP",0.0743260869565217,0.565126427383145,0.975276227990194,0.957696452642576,4,1.25848513745496,12.9242568897591,0.647916610084403,3.31334952110703,0.142107458587372,0.299063510095775,0.155279355765924,10.0333489040542
"RNAP",0.0738862876254181,0.561782484025848,0.974453531829684,0.95688858593578,4,1.25861370317568,12.9306853354511,0.648510260183141,3.31035235214998,0.142139890472767,0.298084782527807,0.155603848083686,10.0431288294603
"RNAP",0.0734464882943144,0.558438540668551,0.973619701222642,0.956069785485661,4,1.25874284259922,12.9371421423312,0.649106376974662,3.30734395260211,0.142172438799864,0.297102960083651,0.155929086293827,10.0529498781003
"RNAP",0.0730066889632107,0.555094597311254,0.972774626404247,0.955239943505956,4,1.25887250881705,12.9436254551503,0.649704869603007,3.30432433872093,0.142205108044169,0.296118012486601,0.156255090628928,10.0628100852077
"RNAP",0.072566889632107,0.551750653953958,0.97191816975518,0.954398924857994,4,1.25900280902023,12.9501404443232,0.650306012185443,3.30129321839547,0.142237891889565,0.295129986690416,0.156581795317902,10.0727151796485
"RNAP",0.0721270903010033,0.548406710596661,0.971050201969757,0.953546602566882,4,1.25913365678774,12.9566828237709,0.650909595808727,3.29825064777313,0.142270806977043,0.294138782661791,0.156909262955152,10.0826605891874
"RNAP",0.0716872909698997,0.545062767239364,0.97017061122372,0.952682866824042,4,1.259265063767,12.9632531304113,0.65151560899512,3.2951970097843,0.142303841147959,0.293144437250127,0.157237534669496,10.0926464951439
"RNAP",0.071247491638796,0.541718823882068,0.96927922887723,0.951807552029443,4,1.25939707029241,12.969853521278,0.652124252401159,3.29213136254644,0.142336999326908,0.292146877938778,0.157566531048374,10.1026761262549
"RNAP",0.0708076923076923,0.538374880524771,0.968375914684209,0.950920520465,4,1.25952967217224,12.9764836100982,0.652735478571044,3.28905389359734,0.142370282521678,0.291146081960203,0.157896293732118,10.1127488771889
"RNAP",0.0703678929765886,0.535030937167474,0.967460570780533,0.950021676030633,4,1.25966288021584,12.9831440106856,0.653349325130223,3.28596466247058,0.142403686304663,0.290142088172384,0.158226800433952,10.1228653388841
"RNAP",0.0699280936454849,0.531686993810177,0.966533036920774,0.949110861369409,4,1.25979664904451,12.9898324549805,0.653965629129513,3.28286415857444,0.142437222499478,0.289134834951801,0.15855817349795,10.1330226161984
"RNAP",0.0694882943143813,0.528343050452881,0.965593170051768,0.948187936006757,4,1.25993106983384,12.9965534901714,0.654584731351008,3.27975111252396,0.14247087923366,0.288124318808015,0.158890221885132,10.1432267952505
"RNAP",0.0690484949832776,0.524999107095584,0.964640827913496,0.947252760246958,4,1.26006604485947,13.0033022577125,0.655206284405662,3.27662673067057,0.142504663276156,0.287110496379747,0.15922316380888,10.1534715315832
"RNAP",0.0686086956521739,0.521655163738287,0.963675856258208,0.946305182622643,4,1.26020167357202,13.0100836692419,0.655830640550029,3.2734898738595,0.142538574450165,0.286093363248093,0.159556839455582,10.1637631467802
"RNAP",0.0681688963210702,0.518311220380991,0.962698111621313,0.945345062255233,4,1.26033793063197,13.0168965276395,0.656457709913313,3.27034077823112,0.142572611423835,0.285072899252405,0.159891281266605,10.1741001453576
"RNAP",0.0677290969899666,0.514967277023694,0.961706301616727,0.94437113005446,4,1.26047494553548,13.0237472767487,0.657088139230966,3.26717598384946,0.142606821239832,0.284047884756563,0.160226962753501,10.1844927803912
"RNAP",0.0672892976588629,0.511623333666397,0.960703679289622,0.943386580427953,4,1.260612264591,13.0306132363752,0.657719787981531,3.2640064577184,0.142641087332761,0.283021827235406,0.16056272710676,10.194906147996
"RNAP",0.0668494983277592,0.508279390309101,0.959685512092919,0.942386766134839,4,1.26075055241765,13.0375276205583,0.658355721970905,3.26081694423505,0.142675552682506,0.281990016379916,0.160900030151905,10.2053905669084
"RNAP",0.0664096989966555,0.504935446951804,0.958656270826948,0.941376077387339,4,1.26088915105814,13.0444575361626,0.658992904951393,3.25762253108101,0.142710077275702,0.280957120710426,0.161237431535128,10.2158962231609
"RNAP",0.0659698996655518,0.501591503594507,0.957612300053846,0.940350924638437,4,1.26102852364801,13.0514261837306,0.659633501660031,3.25441231621155,0.142744778972398,0.279919586214709,0.161576108995259,10.2264584995548
"RNAP",0.0655301003344482,0.49824756023721,0.956554594603622,0.939312284785903,4,1.26116859048277,13.0584295365123,0.660277078481558,3.25118885494489,0.142779597499268,0.278878579199008,0.16191553542459,10.2370706131343
"RNAP",0.0650903010033445,0.494903616879914,0.955482985234319,0.938259991638438,4,1.26130929613763,13.0654648113115,0.660923413066892,3.24795301603407,0.142814562672864,0.277834058932687,0.162255855935972,10.2477287274683
"RNAP",0.0646505016722408,0.491559673522617,0.954397301663066,0.937193877982592,4,1.26145064000006,13.072532002446,0.661572526181376,3.24470460099525,0.142849665027002,0.276785995402035,0.162597070040241,10.2584330510631
"RNAP",0.0642107023411371,0.48821573016532,0.953296101846473,0.936112527768433,4,1.26159287788396,13.07964389396,0.662225515018789,3.24143860995845,0.142884929097207,0.275733180449536,0.162939389568703,10.2692020856747
"RNAP",0.0637709030100335,0.484871786808023,0.952182990537323,0.935019480771516,4,1.26173541222102,13.0867706102993,0.662879699772706,3.23816805051445,0.142920259634145,0.274679173894265,0.163281948071125,10.2799912678028
"RNAP",0.0633311036789298,0.481527843450727,0.951054006157015,0.933910846822407,4,1.26187878730694,13.093939371153,0.663537588205657,3.23488034737576,0.142955769713371,0.273620335216679,0.163625725920909,10.2908419136346
"RNAP",0.0628913043478261,0.47818390009343,0.949910220750934,0.932787678642408,4,1.26202286439098,13.1011432013053,0.664198449194708,3.23157972962804,0.142991414578528,0.272557879241238,0.163970418689367,10.3017424224396
"RNAP",0.0624515050167224,0.474839956736133,0.948751446289728,0.931649791591477,4,1.26216760513136,13.1083802568752,0.664862212441469,3.22826593968357,0.143027202900409,0.271491731665025,0.164316028597876,10.3126911119465
"RNAP",0.0620117056856187,0.471496013378837,0.947577489416965,0.930496995798518,4,1.26231305911442,13.1156529565718,0.665529030133252,3.22493865947145,0.143063125723793,0.270421891699475,0.164662520757979,10.3236908566416
"RNAP",0.0615719063545151,0.46815207002154,0.94638815403028,0.929329098695993,4,1.26245921528445,13.122960769309,0.666198878362756,3.22159787966571,0.143099186709795,0.26934831920031,0.165009923959275,10.3347411027539
"RNAP",0.0611321070234114,0.464808126664243,0.945183238799275,0.928145902582574,4,1.26260611480269,13.1303057407664,0.666871889460396,3.21824319437656,0.143135397629401,0.268270995016185,0.165358176280564,10.3458443995008
"RNAP",0.0606923076923077,0.461464183306946,0.943962541464492,0.926947208844615,4,1.26275370001056,13.1376850073859,0.667547870041357,3.21487528801774,0.143171750174036,0.267189876549648,0.165707433453972,10.3569970565258
"RNAP",0.060252508361204,0.45812023994965,0.942725851643187,0.925732810891613,4,1.26290200845386,13.1451003976635,0.668226962269129,3.21149357532711,0.143208248518275,0.266104931920645,0.1660576220325,10.3682015771656
"RNAP",0.0598127090301003,0.454776296592353,0.941472955981765,0.924502499215763,4,1.26305105936009,13.1525529616627,0.668909243504287,3.20809776749217,0.143244888529751,0.265016134621489,0.166408725173342,10.3794593678532
"RNAP",0.0593729096989967,0.451432353235056,0.940203648125666,0.923256071182136,4,1.26320081606599,13.1600408115475,0.669594587135709,3.20468825784639,0.143281677711744,0.263923443899454,0.166760828702435,10.3907680350615
"RNAP",0.058933110367893,0.44808840987776,0.938917716465249,0.921993318995445,4,1.2633513502201,13.1675675009684,0.670283192530833,3.20126478920895,0.143318612907286,0.262826882380416,0.167113887510366,10.402131575532
"RNAP",0.0584933110367893,0.444744466520463,0.937614875119684,0.920713961927987,4,1.26350262035033,13.1751310192531,0.670974993648236,3.19782703152325,0.143355702069681,0.261726314640594,0.167467948410233,10.4135482085007
"RNAP",0.0580535117056856,0.441400523163166,0.936294960441024,0.919417839281637,4,1.26365464032986,13.1827320284089,0.67167001028044,3.19437519700966,0.143392937475493,0.260621783497152,0.167823018064417,10.4250184174129
"RNAP",0.0576137123745819,0.438056579805869,0.934957717814353,0.918104701031026,4,1.26380743559919,13.1903718033947,0.672368337171799,3.19090872307387,0.143430327393351,0.259513230367515,0.16817904128402,10.4365441077977
"RNAP",0.0571739130434783,0.434712636448573,0.93360291219259,0.916774316365898,4,1.26396102328211,13.1980511699123,0.673070043974941,3.18742750227289,0.143467864738202,0.258400632092944,0.168536039776068,10.4481262633374
"RNAP",0.0567341137123746,0.431368693091276,0.932230288584114,0.915426434890965,4,1.26411536058613,13.2057680076198,0.673774993362498,3.18393196079402,0.14350555453457,0.257283926737804,0.16889411798946,10.4597622157225
"RNAP",0.0562943143812709,0.428024749733979,0.93083960915068,0.914060823055119,4,1.26427053303835,13.2135266599803,0.674483472251068,3.18042118840175,0.143543396621083,0.256163116747264,0.169253139407023,10.4714574572286
"RNAP",0.0558545150501672,0.424680806376683,0.929430614366358,0.912677226010497,4,1.26442647799014,13.2213239271739,0.675195273697059,3.17689578067786,0.143581399465223,0.255038130455387,0.169613240733524,10.483208007114
"RNAP",0.0554147157190635,0.421336863019386,0.92800304850094,0.911275392636539,4,1.26458322924948,13.2291614651611,0.675910517090325,3.17335540434628,0.143619558460664,0.253908943935275,0.169974407712393,10.495015954855
"RNAP",0.0549749163879599,0.417992919662089,0.926556645617903,0.909855061790343,4,1.26474079581668,13.2370398001234,0.676629240742087,3.16979980206648,0.143657878451668,0.252775512867102,0.170336630028206,10.5068821017064
"RNAP",0.0545351170568562,0.414648976304792,0.925091137332416,0.908415969924829,4,1.26489917644399,13.2449588254924,0.67735143257929,3.16622919116621,0.143696357872948,0.251637808008284,0.170699956647093,10.5188061226718
"RNAP",0.0540953177257525,0.411305032947496,0.923606243342489,0.906957841790573,4,1.26505840200106,13.2529200773664,0.678077228570281,3.16264288080794,0.143734995630194,0.250495778511084,0.171064329015966,10.5307903297783
"RNAP",0.0536555183946488,0.407961089590199,0.922101684132175,0.905480402910024,4,1.26521846477331,13.2609232572353,0.678806601601656,3.15904104438137,0.143773801953076,0.249349382936771,0.171429812555098,10.5428342278192
"RNAP",0.0532157190635451,0.404617146232902,0.920577173757251,0.903983372493226,4,1.26537937101214,13.2689685588117,0.679539577258748,3.15542349215203,0.143812766357651,0.24819857986949,0.171796396835452,10.5549382203811
"RNAP",0.0527759197324415,0.401273202875606,0.919032414585911,0.902466458273315,4,1.26554115676938,13.277057841071,0.680276274876644,3.15178997494877,0.143851895032578,0.247043338880304,0.172164083226627,10.5671045085172
"RNAP",0.0523361204013378,0.397929259518309,0.917467106844354,0.900929365880042,4,1.26570381086561,13.2851905398335,0.681016651475298,3.14814067476124,0.143891197101691,0.245883612392014,0.172532924358273,10.5793323044578
"RNAP",0.0518963210702341,0.394585316161012,0.915880949749066,0.899371799951648,4,1.26586733608506,13.2933668101669,0.681760746291293,3.14447518075554,0.143930667884589,0.244719344687098,0.172902911075812,10.5916221932579
"RNAP",0.0514565217391304,0.391241372803715,0.914273611293759,0.897793434466399,4,1.26603175283105,13.3015876412563,0.682508635418167,3.14079338508486,0.143970301195507,0.243550490323712,0.173274066973507,10.6039753309434
"RNAP",0.0510167224080268,0.387897429446419,0.912644788178863,0.896193971591832,4,1.26619706997562,13.3098534828984,0.68326034636951,3.13709513187525,0.144010113549784,0.24237700986277,0.173646382982631,10.6163923285534
"RNAP",0.0505769230769231,0.384553486089122,0.910994143559578,0.89457308055492,4,1.26636329900807,13.3181649463587,0.684015927878832,3.13338025553266,0.144050097405553,0.241198853294553,0.174019890969896,10.6288740079888
"RNAP",0.0501371237458194,0.381209542731825,0.909321341234178,0.892930431214118,4,1.26653044700014,13.3265223494748,0.684775413769544,3.12964864309683,0.144090250651547,0.240015971595833,0.174394614123333,10.641420817537
"RNAP",0.0496973244147157,0.377865599374529,0.907626046220878,0.891265694625833,4,1.26669852915341,13.334926463513,0.68553885508532,3.12590005187629,0.144130587192888,0.238828318694798,0.174770532163151,10.6540337995013
"RNAP",0.049257525083612,0.374521656017232,0.905907885371627,0.889578504368167,4,1.26686754352435,13.3433771700156,0.68630626974324,3.12213436041749,0.144171099615362,0.237635822223338,0.175147701476425,10.6667129628438
"RNAP",0.0488177257525084,0.371177712659935,0.904166512190252,0.887868520190694,4,1.26703752759816,13.3518763738006,0.687077757568227,3.11835146894054,0.144211794512298,0.236438462593798,0.175526120935017,10.6794604000299
"RNAP",0.0483779264214047,0.367833769302638,0.902401561036699,0.886135383044176,4,1.26720847441851,13.3604237313586,0.687853331292952,3.11455113149428,0.144252674500283,0.235236171216909,0.175905800816076,10.6922759990831
"RNAP",0.047938127090301,0.364489825945342,0.900612655810484,0.884378723607505,4,1.26738040091584,13.3690200628509,0.688633061105969,3.11073296091799,0.144293726652135,0.234028894302897,0.176286734624427,10.7051610282593
"RNAP",0.0474983277591973,0.361145882588045,0.898799395238604,0.882598147840796,4,1.26755331887502,13.3776659510567,0.689416961532214,3.10689720665773,0.144334979300061,0.232816575464875,0.176668989169994,10.718115816425
"RNAP",0.0470585284280936,0.357801939230748,0.896961393370792,0.880793276750705,4,1.26772724019431,13.3863620132765,0.690205121741426,3.10304326865965,0.144376409457341,0.231599154965701,0.177052542611309,10.7311416447801
"RNAP",0.04661872909699,0.354457995873452,0.895098243211371,0.878963710677823,4,1.26790219937041,13.3951099651687,0.690997630219921,3.09917104077121,0.144418033322977,0.230376589976736,0.177437401931317,10.7442404079902
"RNAP",0.0461789297658863,0.351114052516155,0.893209524073324,0.877109036518203,4,1.26807817713525,13.4039088538224,0.691794458957166,3.09528049209611,0.144459846014334,0.229148802136204,0.177823624540411,10.7574111404334
"RNAP",0.0457391304347826,0.347770109158858,0.891294810027352,0.875228836020103,4,1.26825519211552,13.4127595844832,0.692595661257343,3.09137140559615,0.144501851538117,0.227915732547577,0.178211226787659,10.770655009293
"RNAP",0.0452993311036789,0.344426165801561,0.889353661030841,0.873322677072868,4,1.26843326408256,13.421663187202,0.693401324258951,3.08744351905203,0.144544055891795,0.226677319692405,0.178600210724373,10.7839733565279
"RNAP",0.0448595317725752,0.341082222444265,0.887385635911619,0.871390126456644,4,1.26861240743262,13.4306203867479,0.694211498722588,3.0834966082606,0.144586462195889,0.22543350222241,0.178990602060705,10.7973671679383
"RNAP",0.0444197324414716,0.337738279086968,0.88539027626941,0.86943073403402,4,1.26879263793661,13.4396319016291,0.695026251674008,3.07953046283315,0.144629069722797,0.224184218124718,0.179382401550071,10.8108374139857
"RNAP",0.0439799331103679,0.334394335729671,0.883367096877368,0.867444023324572,4,1.26897396984863,13.4486984900876,0.69584564474262,3.07554485319539,0.144671875446455,0.222929391934619,0.179775656599265,10.824385126457
"RNAP",0.0435401337792642,0.331050392372375,0.881315623235053,0.865429528380935,4,1.26915641480748,13.4578207442607,0.696669718132092,3.07153960151441,0.144714884906943,0.221668959027882,0.180170389984202,10.838011101239
"RNAP",0.0431003344481605,0.327706449015078,0.879235357845404,0.86338676067365,4,1.26933999818614,13.4669999245209,0.697498567151532,3.06751436490028,0.144758111649625,0.220402850148785,0.180566578807567,10.8517169994833
"RNAP",0.0426605351170568,0.324362505657781,0.877125786342973,0.861315215108926,4,1.26952472769375,13.4762363748551,0.698332236674028,3.06346899932292,0.144801536292976,0.219130992029281,0.180964288273536,10.8655033442719
"RNAP",0.0422207357859532,0.321018562300484,0.874986378200867,0.859214370722846,4,1.26971061307895,13.4855306546,0.699170768451201,3.05940330245162,0.144845182676017,0.21785329868898,0.181363538449273,10.879370905565
"RNAP",0.0417809364548495,0.317674618943188,0.872816609541493,0.857083713080939,4,1.26989769730178,13.4948848725342,0.700014310637483,3.05531683061076,0.14488904565289,0.216569716166007,0.181764312482738,10.8933223586593
"RNAP",0.0413411371237458,0.314330675585891,0.87061590969236,0.854922681797332,4,1.27008597111381,13.5042985701763,0.700862854659464,3.05120952235249,0.144933119039787,0.215280146890175,0.182166678898624,10.9073572851453
"RNAP",0.0409013377926421,0.310986732228594,0.868383719109731,0.852730727414304,4,1.2702754561587,13.5137728251475,0.701716483637833,3.04708103496431,0.144977419266753,0.213984510410568,0.182570651636414,10.9214771493377
"RNAP",0.0404615384615385,0.307642788871298,0.866119450799082,0.850507273518162,4,1.27046618827697,13.5233093936131,0.702575326641712,3.04293100669396,0.145021942273242,0.212682734918586,0.182976230620153,10.9356841720712
"RNAP",0.0400217391304348,0.304298845514001,0.863822511915924,0.848251737950695,4,1.27065816699786,13.5329083547531,0.703439389002098,3.03875939905073,0.145066690063506,0.21137473723654,0.18338347823442,10.9499784643531
"RNAP",0.0395819397993311,0.300954902156704,0.861492266875741,0.845963496584072,4,1.27085145391854,13.5425726974457,0.70430889577789,3.03456538221759,0.145111676190756,0.210060427947189,0.183792326064307,10.9643640051379
"RNAP",0.0391421404682274,0.297610958799407,0.859128068634226,0.843641914037239,4,1.27104596875484,13.5522984402711,0.705183605875005,3.03034965853457,0.145156894858456,0.208739677619858,0.184202991034434,10.9788358952759
"RNAP",0.0387023411371237,0.294267015442111,0.856729299882635,0.84128638412871,4,1.27124188264058,13.5620941123859,0.70606406901711,3.0261106735292,0.145202336454409,0.207412481408228,0.184615271071774,10.9934046887771
"RNAP",0.0382625418060201,0.290923072084814,0.85429524784216,0.838896206927822,4,1.27143908259936,13.5719541165528,0.706949947661475,3.02184925944401,0.145248032238144,0.206078663291322,0.185029381946678,11.0080636245482
"RNAP",0.0378227424749164,0.287579128727517,0.851825235143391,0.836470717275041,4,1.27163764420444,13.581882210339,0.707841511410713,3.01756453029708,0.145293968085395,0.204738157027647,0.185445276175685,11.0228175654337
"RNAP",0.0373829431438127,0.284235185370221,0.849318534089604,0.834009200590691,4,1.27183758921789,13.5918794922382,0.708738838116967,3.01325619976922,0.145340149852537,0.20339085841326,0.185862979097279,11.0376679522668
"RNAP",0.036943143812709,0.280891242012924,0.846774414054473,0.831510939418302,4,1.27203893568801,13.6019467854136,0.709642013720931,3.00892401130819,0.145386578177586,0.202036664416335,0.186282558863031,11.0526159035679
"RNAP",0.0365033444816053,0.277547298655627,0.84419211853472,0.828975190890894,4,1.272241710991,13.6120855724868,0.71055113767929,3.00456756583628,0.145433262093848,0.200675476712435,0.186703995589237,11.0676633805594
"RNAP",0.0360635451505017,0.27420335529833,0.841570841814606,0.826401163816102,4,1.27244593571366,13.6222967956606,0.71146630239556,3.00018647601415,0.145480209988521,0.199307165429439,0.187127359736795,11.0828117488088
"RNAP",0.035623745819398,0.270859411941034,0.83890977892945,0.823788067739082,4,1.2726516441276,13.6325822003643,0.712387619568803,2.99578052976928,0.145527416117962,0.197931637473494,0.187552684517467,11.0980630680901
"RNAP",0.0351839464882943,0.267515468583737,0.836208103638177,0.821135091312109,4,1.2728588538813,13.6429426933875,0.713315206439022,2.99134903155027,0.145574884065118,0.196548766158527,0.187979962551604,11.1134189924419
"RNAP",0.0347441471571906,0.26417152522644,0.833464943427735,0.818441377749559,4,1.27306759691894,13.6533798436441,0.714249134821961,2.98689198728315,0.145622631420049,0.195158438377482,0.188409290289265,11.1288811454173
"RNAP",0.0343043478260869,0.260827581869144,0.830679407300054,0.815706052113984,4,1.27327789258461,13.6638946329679,0.715189539360607,2.98240866889514,0.145670649970133,0.193760519270858,0.188840662646292,11.1444513055989
"RNAP",0.0338645484949833,0.257483638511847,0.827850568899655,0.812928204747865,4,1.27348977739686,13.6744888713576,0.7161365242488,2.97789888060675,0.145718950672873,0.192354890596547,0.189274132012175,11.1601315625709
"RNAP",0.0334247491638796,0.25413969515455,0.824977480218315,0.810106904731236,4,1.27370328400247,13.6851641970932,0.717090236161328,2.97336204324215,0.145767534353463,0.190941418872317,0.189709745740323,11.17592422305
"RNAP",0.0329849498327759,0.250795751797253,0.822059147708941,0.807241176426119,4,1.27391844781264,13.6959223871498,0.718050775890589,2.96879802834955,0.145816407149818,0.189519978965611,0.190147567164085,11.1918312763189
"RNAP",0.0325451505016722,0.247451808439957,0.819094545146506,0.804330012105637,4,1.27413529423598,13.7067647134982,0.719018338582209,2.96420553175938,0.145865570313233,0.188090398092495,0.190587528949557,11.2078553843211
"RNAP",0.0321053511705686,0.24410786508266,0.816082617736609,0.801372375988515,4,1.27435385577078,13.7176928018412,0.71999296715801,2.95958499679387,0.145915036026861,0.186652557130474,0.191029804708016,11.2239977884322
"RNAP",0.0316655518394649,0.240763921725363,0.813022285831733,0.798367207888346,4,1.2745741544388,13.7287077265468,0.720974788165203,2.95493572937212,0.145964809269273,0.185206298004672,0.191474408777293,11.2402603188204
"RNAP",0.0312257525083612,0.237419978368067,0.809912407398151,0.795313386357057,4,1.27479624925891,13.7398124631429,0.721964039821027,2.95025684572988,0.146014890316095,0.18375146714194,0.191921331130758,11.2566469961345
"RNAP",0.0307859531772575,0.23407603501077,0.806751784399918,0.792209734953817,4,1.27502013774678,13.7510068897868,0.722960695348843,2.94554860607761,0.146065292097347,0.182287888898188,0.192370750045875,11.273157410047
"RNAP",0.0303461538461538,0.230732091653473,0.803539224941611,0.789055083267633,4,1.27524589727528,13.7622948632632,0.723965074269716,2.94080973675921,0.146116013065888,0.180815413997758,0.192822598179633,11.2897969146789
"RNAP",0.0299063545150502,0.227388148296176,0.80027345350532,0.785848178772357,4,1.27547355655415,13.7736778292656,0.72497730728024,2.93603973075556,0.146167059544392,0.179333860204077,0.193276934537651,11.3065675333891
"RNAP",0.0294665551839465,0.22404420493888,0.79695315379954,0.782587728903208,4,1.27570315029505,13.7851575141992,0.725997512320644,2.93123821190802,0.146218448225854,0.177843045580997,0.193733847597595,11.3234714463857
"RNAP",0.0290267558528428,0.220700261581583,0.79357696299614,0.779272395397619,4,1.27593472852424,13.7967364259744,0.727025865726337,2.92640480791657,0.146270174217948,0.17634279875738,0.194193428007679,11.3405116570978
"RNAP",0.0285869565217391,0.217356318224286,0.790143470111014,0.775900792705082,4,1.27616834601051,13.8084173035068,0.728062596774998,2.92153855972206,0.146322254742368,0.174832924400283,0.194655675774744,11.3576920144305
"RNAP",0.0281471571906354,0.21401237486699,0.786651174857539,0.772471447582289,4,1.27640402161885,13.8202010800145,0.729107817249431,2.91663894176964,0.146374688336152,0.173313199440066,0.195120688201607,11.3750140224459
"RNAP",0.0277073578595318,0.210668431509693,0.783098580007534,0.768982889789245,4,1.27664183972305,13.8320919794154,0.730161859629858,2.91170470281054,0.146427481854752,0.171783438085338,0.195588428842793,11.3924833900492
"RNAP",0.0272675585284281,0.207324488152396,0.779484039498173,0.765433502934116,4,1.2768817980581,13.8440899028917,0.731224705302313,2.90673605225945,0.146480650936487,0.170243394679083,0.196059117154537,11.410099777312
"RNAP",0.0268277591973244,0.203980544795099,0.775805926988903,0.761821689991842,4,1.27712398512302,13.8561992595421,0.732296678327682,2.90173203888203,0.146534200809683,0.168692876079141,0.196532772581903,11.4278687714101
"RNAP",0.0263879598662207,0.200636601437803,0.772062494763717,0.758145734749749,4,1.27736844729236,13.8684223642074,0.733377982940357,2.89669178314865,0.146588143320574,0.16713163388505,0.197009449153101,11.4457936911611
"RNAP",0.025948160535117,0.197292658080506,0.768251940778961,0.754403867646801,4,1.27761524219562,13.8807621158965,0.73446886111802,2.89161441330024,0.146642478833703,0.165559426925021,0.197489219518624,11.4638784625854
"RNAP",0.0255083612040134,0.193948714723209,0.764372345046598,0.750594203303574,4,1.27786442749812,13.8932213738306,0.735569544725807,2.88649909943636,0.146697224528835,0.163975985153264,0.197972162559737,11.4821269162127
"RNAP",0.0250685618729097,0.190604771365913,0.76042177922308,0.746714848135745,4,1.27811607869035,13.9058039474883,0.736680289419398,2.88134509807794,0.146752381427291,0.162381075331611,0.198458352776312,11.5005437969534
"RNAP",0.024628762541806,0.187260828008616,0.7563981187432,0.742763715874314,4,1.2783702445497,13.9185122352493,0.737801315342294,2.8761516459267,0.146807969662385,0.160774385402027,0.198947928429661,11.5191323854779
"RNAP",0.0241889632107023,0.183916884651319,0.752294553337214,0.738734119007589,4,1.27862730912282,13.9313654560938,0.73893429262299,2.87091124626256,0.146864061058286,0.159153799470613,0.19944142313167,11.5379204348866
"RNAP",0.0237491638795987,0.180572941294023,0.748122917052672,0.734637678269304,4,1.27888638541996,13.9443192691945,0.740075332570257,2.86564203901256,0.146920474615341,0.157524534738402,0.199937447558082,11.5568430422515
"RNAP",0.023309364548495,0.177228997936726,0.743866714542735,0.73045819564837,4,1.27914852126532,13.9574260623126,0.74122890640357,2.8603241977358,0.146977415542477,0.155880756585462,0.200437641738977,11.5759752453107
"RNAP",0.0228695652173913,0.173885054579429,0.739523201107396,0.726192975919184,4,1.27941379652452,13.9706898262097,0.742395376634637,2.85495610054997,0.147034889046031,0.154222084032743,0.200942049353166,11.5953228757514
"RNAP",0.0224297658862876,0.170541111222132,0.735104735851159,0.721854155408052,4,1.27968129447495,13.9840647214948,0.743570744702872,2.84955643069351,0.147092724205468,0.152553832673671,0.2014492829458,11.6148188982935
"RNAP",0.0219899665551839,0.167197167864836,0.730593539426855,0.717424275248221,4,1.27995209468022,13.9976047352417,0.744759645015225,2.84410448319653,0.147151124312301,0.150869948013947,0.201961018399906,11.6345409203405
"RNAP",0.0215501672240803,0.163853224507539,0.72599180739752,0.712905491426751,4,1.28022596494286,14.0112982468681,0.745961022912032,2.83860552960344,0.147210041780699,0.14917197139868,0.202476824635641,11.6544714037932
"RNAP",0.0211103678929766,0.160509281150242,0.721296493307969,0.70829481240213,4,1.28050299634593,14.025149819535,0.747175256205991,2.83305825640166,0.147269482339854,0.147459493182911,0.202996839045203,11.6746164627643
"RNAP",0.0206705685618729,0.157165337792946,0.716504342719385,0.703589042398207,4,1.2807833042741,14.039165215237,0.748402788080219,2.82746112411958,0.147329477965205,0.145732069007528,0.203521165660385,11.694983682119
"RNAP",0.0202307692307692,0.153821394435649,0.711612051869965,0.698784937204911,4,1.28106694504372,14.0533472679772,0.749643874148766,2.82181328257186,0.147390025570849,0.143989267014245,0.204050036962677,11.715576893033
"RNAP",0.0197909698996655,0.150477451078352,0.706616004362962,0.69387894561261,4,1.28135408174894,14.0677040874421,0.750899114334611,2.81611275010718,0.147451158848902,0.142230609332392,0.204583516336761,11.7364065962665
"RNAP",0.0193511705685619,0.147133507721055,0.701512479233145,0.68886741372808,4,1.28164481052662,14.082240501603,0.752168923859751,2.8103580830824,0.14751289848648,0.140455604536743,0.205121786289068,11.7574793009089
"RNAP",0.0189113712374582,0.143789564363759,0.696297453524157,0.683746391110488,4,1.28193925008889,14.0969625065088,0.753453734754349,2.80454805397143,0.147575251871856,0.138663724203543,0.205665076968721,11.7788025387879
"RNAP",0.0184715719063545,0.140445621006462,0.690966727723341,0.678511753945208,4,1.28223756301261,14.1118781514007,0.754754230495945,2.79867999989007,0.147638245798206,0.136854413885151,0.206213424325505,11.8003874404123
"RNAP",0.0180317725752508,0.137101677649165,0.68551580882629,0.673159090216177,4,1.28253987364878,14.1269936824328,0.756070858619458,2.7927527250638,0.147701896056948,0.135027087887366,0.206767118693732,11.8222417516708
"RNAP",0.0175919732441472,0.133757734291869,0.679939937502464,0.667683726381847,4,1.28284632138605,14.1423160708943,0.75740422647629,2.78676390406443,0.147766248350698,0.133181106416875,0.207326295818292,11.844375120998
"RNAP",0.0171521739130435,0.130413790934572,0.674234024435937,0.662080664863408,4,1.28315707393243,14.1578536939634,0.758754952538865,2.78071182477525,0.147831309992416,0.131315813341686,0.207891237152345,11.8667980589247
"RNAP",0.0167123745819398,0.127069847577275,0.668392681891944,0.656344615042344,4,1.28347232586355,14.1736162929964,0.760123783751429,2.77459394040056,0.147897106517803,0.12943051273509,0.208462112031138,11.8895233542587
"RNAP",0.0162725752508361,0.123725904219978,0.662410127655342,0.650469898930435,4,1.28379217281348,14.1896086407025,0.761511175044247,2.76840866437213,0.14796368386116,0.127524418129425,0.209039288129215,11.9125575682083
"RNAP",0.0158327759197324,0.120381960862682,0.656280191574941,0.644450457596133,4,1.284116938185,14.2058469080796,0.762918263811929,2.76215257835243,0.148031051306108,0.125596772096298,0.20962287648832,11.935921154205
"RNAP",0.0153929765886288,0.117038017505385,0.649996261594795,0.638279798168658,4,1.28444672921763,14.222336461489,0.76434564711,2.7558230957967,0.148099255984198,0.12364666679497,0.210213176523366,11.9596223151606
"RNAP",0.0149531772575251,0.113694074148088,0.643551239245818,0.631950950131895,4,1.28478185872787,14.239092944153,0.76579436976576,2.74941753329385,0.1481683268078,0.121673223585806,0.210810513988215,11.9836801651046
"RNAP",0.0145133779264214,0.110350130790791,0.636937445588686,0.625456372962719,4,1.28512246849707,14.2561234266047,0.767265137876065,2.74293316219976,0.148238309944775,0.119675400105746,0.211415254934848,12.0081048450591
"RNAP",0.0140735785953177,0.107006187433495,0.630146700530109,0.618788034017556,4,1.28546891800396,14.2734459004989,0.768759277807895,2.73636577797108,0.148309241046958,0.117652172431373,0.212027619380342,12.0329194737711
"RNAP",0.013633779264214,0.103662244076198,0.623170090896588,0.611937180786708,4,1.28582141661942,14.2910708322338,0.770277609789463,2.72971303478525,0.148381173491476,0.11560237243758,0.212648159436026,12.058137354395
"RNAP",0.0131939799331104,0.100318300718901,0.615997990582821,0.604894360679582,4,1.28618032929099,14.3090164619317,0.771821603886217,2.72296973137129,0.148454150475753,0.113524760832243,0.213277062288909,12.0837828781052
"RNAP",0.0127541806020067,0.0969743573616047,0.608619938705223,0.597649301374539,4,1.28654593165831,14.3272965828709,0.773392328521141,2.71613289094797,0.148528220337587,0.111417982410824,0.213914984912905,12.1098734849065
"RNAP",0.012314381270903,0.093630414004308,0.601024554911347,0.590190827654898,4,1.28691863929729,14.3459319634909,0.77499137857967,2.70919728892534,0.148603455913491,0.109280581573401,0.214562253200639,12.1364362011979
"RNAP",0.0118745819397993,0.0902864706470113,0.593199417866069,0.582506742085472,4,1.28729882398292,14.3649411957859,0.77662022716231,2.70215833717151,0.148679905438154,0.107110958069364,0.215219471341599,12.1634951475595
"RNAP",0.0114347826086956,0.0869425272897145,0.585130921657263,0.574583684006575,4,1.2876869527052,14.3843476326567,0.778280680231597,2.69501030769653,0.148757649965725,0.104907371326858,0.21588714114939,12.1910805587482
"RNAP",0.010994983277592,0.0835985839324178,0.57680409962201,0.566406956535855,4,1.28808347194363,14.4041735983176,0.779974485127836,2.68774786679911,0.148836769126933,0.102667896723569,0.216565971708342,12.2192211936342
"RNAP",0.0105551839464883,0.0802546405751211,0.568202486892881,0.557960391592231,4,1.28848893238674,14.424446617741,0.781703790862596,2.68036432784086,0.148917329777378,0.100390437121042,0.217256646463395,12.247952652937
"RNAP",0.0101153846153846,0.0769106972178244,0.559307822159802,0.549226057033632,4,1.2889039296516,14.4451964733308,0.783470917437161,2.67285237954355,0.148999444833631,0.0980726579395859,0.217959874723965,12.2773134984649
"RNAP",0.00967558528428093,0.0735667538605277,0.550099836222026,0.540184049020411,4,1.28932916949579,14.4664584763262,0.785278537748496,2.66520410090183,0.149083210105162,0.0957119962396191,0.218676516274117,12.3073487220243
"RNAP",0.00923578595317726,0.070222810503231,0.540555843228486,0.530812090623768,4,1.28976535427092,14.488267708676,0.787129451035087,2.65741061152891,0.149168742679945,0.0933055484988981,0.219407509089391,12.33810402965
"RNAP",0.00879598662207356,0.0668788671459342,0.53065043477383,0.521085231435834,4,1.29021328612709,14.5106643042246,0.789026736023871,2.64946305819229,0.149256185585371,0.0908500921005987,0.220154083087795,12.3696303552096
"RNAP",0.00835618729096989,0.0635349237886375,0.520354918670291,0.510975296457923,4,1.2906739134544,14.5336956781517,0.790974079844447,2.64135022843582,0.14934568579383,0.0883419919410772,0.220917415518846,12.4019886783082
"RNAP",0.00791638795986621,0.0601909804313408,0.509636721281648,0.500450299207677,4,1.29114844061915,14.5574220309967,0.79297605056964,2.63305825809783,0.149437403540722,0.0857771548782416,0.221698655675408,12.4352560850825
"RNAP",0.00747658862876253,0.0568470370740441,0.498458602606317,0.489473670950631,4,1.29163797682981,14.5818988409001,0.795037013705248,2.62457452922002,0.149531550832028,0.0831508541954611,0.22249963143792,12.4695033409064
"RNAP",0.00703678929765886,0.0535030937167474,0.486777715587928,0.478003336967117,4,1.29214399613667,14.6071998067127,0.79716262394855,2.61588242077779,0.1496283396235,0.0804577045091525,0.223322110499391,12.5048244218416
"RNAP",0.00659698996655518,0.0501591503594507,0.474544299659481,0.465990433645851,4,1.29266820666773,14.6334103278271,0.799359362725393,2.60696343311719,0.149728046981525,0.0776914610114267,0.224168243191135,12.5413273938514
"RNAP",0.0061571906354515,0.046815207002154,0.46170004733612,0.453377704519583,4,1.29321256197744,14.6606281036344,0.801634817738833,2.59779524487337,0.149830981265332,0.0748447979556145,0.22504042312291,12.5791370852815
"RNAP",0.00571739130434781,0.0434712636448572,0.448175923826975,0.440097359179372,4,1.29377940481043,14.6889702403362,0.803997915675151,2.58835302385375,0.149937511855801,0.0719090771641508,0.225941774550993,12.6184011386512
"RNAP",0.00527759197324415,0.0401273202875606,0.433889172349679,0.426068132569606,4,1.29437164687055,14.7185823438338,0.806459747070289,2.57860541047837,0.150048086863326,0.0688739704428765,0.22687570412719,12.6593036421957
"RNAP",0.00483779264214046,0.0367833769302638,0.418739189652778,0.411191234855901,4,1.29499269588992,14.7496347939328,0.809033322696883,2.56851677916394,0.150163263889779,0.0657269237110379,0.227846770604093,12.7020588509728
"RNAP",0.00439799331103677,0.033439433572967,0.402601705224153,0.395344635555805,4,1.29564702870309,14.7823514414227,0.811735631276678,2.55804016155063,0.150283709652778,0.0624524973026464,0.228860079047102,12.746948515851
"RNAP",0.00395819397993311,0.0300954902156704,0.385320132921784,0.378374571060158,4,1.29634009247814,14.8170046244862,0.814587334825285,2.54712078205077,0.150410297113498,0.0590312456973744,0.229922746122608,12.7943128776283
"RNAP",0.00351839464882941,0.0267515468583736,0.366692571552605,0.360082779532124,4,1.29707916070035,14.8539580298182,0.817615887295231,2.53568625589712,0.150544163771484,0.0554381767099593,0.231043566096379,12.8446055618773
"RNAP",0.00307859531772575,0.023407603501077,0.346450940155847,0.340206012286066,4,1.29787403000505,14.8937014995026,0.820858193360988,2.52364107319115,0.150686793008169,0.0516401772390532,0.232234312060447,12.898435521046
"RNAP",0.00263879598662206,0.0200636601437802,0.324226464384501,0.3183821422919,4,1.29873830549333,14.9369152746976,0.824365230483124,2.51085746075286,0.150840330146806,0.0475918136066537,0.23351153853132,12.9566433055005
"RNAP",0.0021989966555184,0.0167197167864836,0.299486962726418,0.294088580839145,4,1.29969204106419,14.9846020529807,0.828211923659811,2.49715215221342,0.151007833388748,0.0432276874425082,0.234899223061035,13.0204627319994
"RNAP",0.00175919732441471,0.0133757734291868,0.271413837002747,0.266521485334773,4,1.30076676610986,15.0383383054924,0.832515352912632,2.482249870631,0.151194140165182,0.0384474895791538,0.236434968874019,13.09182028888
"RNAP",0.00131939799331102,0.01003183007189,0.238625769470042,0.234324436884421,4,1.30201761258051,15.1008806287704,0.837479096339325,2.46568961986971,0.151407566776121,0.0330824934020098,0.238182196227266,13.174063674567
"RNAP",0.000879598662207354,0.0066878867145934,0.198422415718255,0.194845765952632,4,1.30355657588068,15.1778287940951,0.843513013550989,2.44660405078926,0.151664885611471,0.0268039960440285,0.240269013158214,13.2739218720797
"RNAP",0.000439799331103663,0.00334394335729659,0.143812752619981,0.141220465624129,4,1.30569306555712,15.2846532782684,0.851735807071484,2.42285299154088,0.152011561278244,0.0187646613489681,0.243039368650148,13.4097202589178
"RNAP",0.1315,0.999839063831717,1.01835630858779,0.999999996175974,4,1.24550783564684,12.2753917799287,0.587342889422475,3.62416712832894,0.13875526924914,0.404760458162321,0.118129359133943,9.03774912419257
"RNAP",0.1335,1.01504574160863,1.01832151610839,0.999965830846047,4,1.24516125022298,12.2580625106249,0.585710079031169,3.63265173940896,0.138664905154047,0.407802589605569,0.11698368702555,9.01097188644182
"RNAP",0.1355,1.03025241938553,1.01821717961148,0.99986337505957,4,1.24482048364242,12.2410241926553,0.584104092700711,3.64100058758582,0.13857611681391,0.410806993627245,0.115847108795611,8.98463731208676
"RNAP",0.1375,1.04545909716244,1.01804557033041,0.999694859109932,4,1.24448556144556,12.224278073238,0.58252509935914,3.64921239377986,0.138488909970499,0.413773257154027,0.114719761572293,8.95874801468159
"RNAP",0.1395,1.06066577493935,1.01780886596711,0.999462421445036,4,1.24415637515251,12.207818869437,0.580972627838034,3.65728938533394,0.138403275985494,0.416701802200518,0.113601650462006,8.93329618381909
"RNAP",0.1415,1.07587245271626,1.01750916011666,0.999168117922026,4,1.2438328397759,12.1916420000528,0.579446337621771,3.66523270014663,0.138319190148939,0.419592973015711,0.112492673844693,8.90827587427083
"RNAP",0.1435,1.09107913049317,1.01714845899304,0.998813918591986,4,1.2435148491121,12.1757424541132,0.577945752923591,3.67304481936643,0.138236638718632,0.422447203069633,0.111392872878072,8.88367930480117
"RNAP",0.1455,1.10628580827008,1.01672869508944,0.99840172111409,4,1.24320236129351,12.1601179366556,0.576470688449312,3.68072647223438,0.138155602829351,0.425264803935466,0.110302121987891,8.85950334100722
"RNAP",0.1475,1.12149248604698,1.01625171823942,0.99793334197786,4,1.24289524750378,12.1447623524834,0.575020656673111,3.68827959499512,0.138076065844144,0.428046141509628,0.10922041776106,8.83573962339361
"RNAP",0.1495,1.13669916382389,1.01571931719148,0.997410537688819,4,1.24259344186138,12.1296721063465,0.57359532840471,3.69570582426702,0.137998019704608,0.430791565280966,0.108147733578359,8.81238271606963
"RNAP",0.1515,1.1519058416008,1.01513320736273,0.996834992742939,4,1.24229685755579,12.1148428798621,0.572194300991874,3.70300718133765,0.137921434008754,0.433501473378666,0.107084077011398,8.78942604831232
"RNAP",0.1535,1.16711251937771,1.01449504070653,0.996208329316418,4,1.24200543822487,12.100271894718,0.570817404881967,3.71018396106386,0.13784630216332,0.436176089696143,0.106029308946691,8.76686641266197
"RNAP",0.1555,1.18231919715462,1.01380640818292,0.995532109691545,4,1.24171908335631,12.0859541443814,0.569464142311355,3.71723883212013,0.137772600819563,0.43881584708486,0.104983499696671,8.74469584807019
"RNAP",0.1575,1.19752587493152,1.01306884202991,0.994807838487094,4,1.241437724175,12.0718862094334,0.568134253271676,3.72417286495538,0.137700330067703,0.441421022835448,0.103946588351149,8.7229096739414
"RNAP",0.1595,1.21273255270843,1.01228382281182,0.994036969579549,4,1.24116128748195,12.0580643921901,0.566827399830527,3.73098759801979,0.137629455167694,0.443991948239768,0.102918566933892,8.7015024701156
"RNAP",0.1615,1.22793923048534,1.01145276505579,0.993220891998605,4,1.24088969978555,12.0444849897946,0.56554327035852,3.73768450439344,0.137559960302672,0.446528964844801,0.101899386757149,8.68046886056442
"RNAP",0.1635,1.24314590826225,1.01057705124598,0.992360963308544,4,1.24062288914666,12.031144438825,0.56428154917072,3.74426502138316,0.137491838048658,0.449032354403897,0.100889043258348,8.65980364377692
"RNAP",0.1655,1.25835258603916,1.00965800189115,0.991458480215383,4,1.24036078855623,12.0180394384194,0.563041939752295,3.75073055645651,0.137425081565142,0.451502429838862,0.0998875015684517,8.63950192106064
"RNAP",0.1675,1.27355926381607,1.00869689869113,0.99051470131575,4,1.24010332293411,12.0051661751013,0.561824118797405,3.75708263289849,0.137359658066305,0.453939509469196,0.0988947531763206,8.61955816793345
"RNAP",0.1695,1.28876594159297,1.0076949686647,0.989530831510904,4,1.23985042551838,11.9925212744274,0.560627783107374,3.76332265565382,0.137295548569637,0.456343913203089,0.0979107685418575,8.5999674222521
"RNAP",0.1715,1.30397261936988,1.00665340955886,0.988508046957917,4,1.23960203118657,11.9801015838002,0.559452654214176,3.76945201635422,0.137232753066363,0.458715919957685,0.0969355371735786,8.58072495844433
"RNAP",0.1735,1.31917929714679,1.00557337292639,0.987447478452345,4,1.23935807051592,11.9679035451324,0.55829841798436,3.77547216381305,0.137171241159448,0.461055845110202,0.0959690324272533,8.56182558907271
"RNAP",0.1755,1.3343859749237,1.00445596536255,0.98635021264259,4,1.23911851492256,11.9559257983284,0.557164911666152,3.78138414282933,0.137110996980739,0.463363987929785,0.0950111911952943,8.54326682906419
"RNAP",0.1775,1.34959265270061,1.00330226365774,0.985217306909429,4,1.23888319044554,11.9441595278911,0.556051470107634,3.78719043020674,0.137052020701129,0.465640662094243,0.0940621302398522,8.52503689695637
"RNAP",0.1795,1.36479933047752,1.0021133082999,0.984049782985567,4,1.2386521372978,11.9326069070637,0.554958167397337,3.79289143987755,0.136994269884608,0.467886162566108,0.0931217018502704,8.50713769091688
"RNAP",0.1815,1.38000600825442,1.00089010341073,0.982848626892971,4,1.23842526525062,11.9212632831783,0.553884622484963,3.79848870877914,0.136937753696145,0.470100762340651,0.0921899132496514,8.48956274870226
"RNAP",0.1835,1.39521268603133,0.999633619773107,0.981614791915741,4,1.23820251241973,11.9101256354483,0.552830569327705,3.80398360647277,0.136882442783246,0.4722847692486,0.0912667430030669,8.47230752841062
"RNAP",0.1855,1.41041936380824,0.9983447977802,0.980349201496052,4,1.23798379391974,11.8991896934313,0.551795641770651,3.80937778992548,0.136828321645757,0.474438493857827,0.0903521981072323,8.45536586601522
"RNAP",0.1875,1.42562604158515,0.997024546153271,0.979052747975072,4,1.23776909570722,11.8884547874343,0.550779711591732,3.81467231244528,0.136775372872707,0.476562236255068,0.0894462148441658,8.43873600466998
"RNAP",0.1895,1.44083271936206,0.995673745459476,0.977726296047354,4,1.23755829223478,11.8779146099001,0.549782274070778,3.81986921396258,0.13672358436298,0.478656317865273,0.0885488446760691,8.42240924104605
"RNAP",0.1915,1.45603939713896,0.994293247477542,0.976370682137946,4,1.23735139377608,11.8675696874873,0.548803349971707,3.8249686678197,0.13667293671037,0.480720953483081,0.0876599522969659,8.40638597785862
"RNAP",0.1935,1.47124607491587,0.992883876903357,0.974986716077237,4,1.23714827447649,11.8574136755907,0.547842352790395,3.82997358182083,0.136623406583042,0.482756579422307,0.0867796479663289,8.39065660041132
"RNAP",0.1955,1.48645275269278,0.991446433272253,0.973575182988587,4,1.23694889035562,11.8474445225789,0.546899179532675,3.83488391376581,0.136574984014987,0.484763332608131,0.0859078117033101,8.37521900982495
"RNAP",0.1975,1.50165943046969,0.989981689541392,0.972136841896271,4,1.2367532285159,11.8376614236064,0.545973621222474,3.83970162762115,0.136527656960907,0.486741619150554,0.0850444263300046,8.36007036549795
"RNAP",0.1995,1.5168661082466,0.988490395180035,0.970672428760046,4,1.23656121364481,11.8280606594135,0.545065396089418,3.84442779593046,0.136481403947492,0.488691693790525,0.084189462996441,8.34520568571412
"RNAP",0.2015,1.53207278602351,0.98697327703016,0.969182657320247,4,1.23637274600018,11.8186372931968,0.544174079111668,3.84906437547252,0.136436205361194,0.490613902166759,0.0833429520973137,8.33061780901745
"RNAP",0.2035,1.54727946380041,0.985431038564328,0.967668218369038,4,1.23618779806317,11.8093899299581,0.543299540545004,3.8536119602334,0.136392052884782,0.492508468976574,0.0825048023406553,8.31630467017039
"RNAP",0.2055,1.56248614157732,0.983864361253836,0.966129781093902,4,1.23600630524875,11.8003152727759,0.542441412689994,3.858072928816,0.136348915158004,0.494375831460374,0.0816750550923267,8.30226040678232
"RNAP",0.2075,1.57769281935423,0.982273907006705,0.964567995471682,4,1.23582825924339,11.7914129583834,0.541599680224001,3.86244719670247,0.136306790956386,0.496216137989523,0.0808535598740442,8.28848472744313
"RNAP",0.2095,1.59289949713114,0.980660315687128,0.962983489832744,4,1.23565350190698,11.7826750962364,0.540773688149999,3.86673760285488,0.136265654663517,0.498029812549721,0.0800404351698026,8.27496646886456
"RNAP",0.2115,1.60810617490805,0.979024208430789,0.96137687411653,4,1.2354821017298,11.7741051128444,0.539963645213392,3.87094389354662,0.136225494017945,0.499817047235129,0.0792354872321141,8.26170950106334
"RNAP",0.2135,1.62331285268496,0.977366191817883,0.959748743969366,4,1.23531390594495,11.7656953054845,0.539168924191698,3.87506856408017,0.136186292513008,0.501578219190716,0.0784388057339244,8.24870320131318
"RNAP",0.2155,1.63851953046186,0.975686846130672,0.958099669213678,4,1.23514890083811,11.7574450308129,0.538389426633164,3.87911249895944,0.136148029426306,0.50331361556773,0.0776503029106873,8.23594601184081
"RNAP",0.2175,1.65372620823877,0.973986739106634,0.956430207353227,4,1.23498707074089,11.7493535516247,0.53762505132803,3.8830764170701,0.136110700888933,0.505023480807486,0.0768698911032934,8.22343642644203
"RNAP",0.2195,1.66893288601568,0.972266423483112,0.954740901162028,4,1.23482827373694,11.7414137040621,0.536875204851027,3.88696284396327,0.136074263060951,0.506708235348867,0.0760976470018077,8.21116438350857
"RNAP",0.2215,1.68413956379259,0.970526428105226,0.95303226995254,4,1.23467253039256,11.7336265640966,0.536139912805358,3.89077221614126,0.136038731109262,0.508368103911356,0.0753334412277025,8.19913055461427
"RNAP",0.2235,1.6993462415695,0.96876727433649,0.951304825690473,4,1.23451975416661,11.7259877164957,0.535418813247034,3.89450601478757,0.136004065913043,0.510003407758704,0.0745772647014791,8.18732882833068
"RNAP",0.2255,1.71455291934641,0.966989464336796,0.949559061484072,4,1.23436988689625,11.7184943357141,0.534711619171226,3.8981659087507,0.135970270629338,0.511614485866014,0.0738290965971276,8.17575452636364
"RNAP",0.2275,1.72975959712331,0.965193484997943,0.947795455448699,4,1.23422295277797,11.711147641801,0.534018388458512,3.9017520470294,0.135937309773525,0.513201561717358,0.0730888014144518,8.16440881305446
"RNAP",0.2295,1.74496627490022,0.963379807083575,0.946014469862282,4,1.23407879700578,11.7039399216009,0.533338507936375,3.90526669789643,0.135905180829645,0.514764995195214,0.0723564261699799,8.15328127463629
"RNAP",0.2315,1.76017295267713,0.961548897201627,0.944216562921944,4,1.23393742584418,11.6968712107357,0.532671905074219,3.90871098519749,0.135873864187312,0.516305108829215,0.0716319020869528,8.14237081793538
"RNAP",0.2335,1.77537963045404,0.959700730051859,0.942401709783494,4,1.23379872280926,11.6899361408365,0.532018116800045,3.91208685179804,0.135843335822576,0.517822553117061,0.0709150042351438,8.13166984523988
"RNAP",0.2355,1.79058630823095,0.957837133249646,0.940571705118751,4,1.23366277836104,11.6831389106071,0.531377517112827,3.91539261219182,0.135813602287647,0.519316467030834,0.0702061818127771,8.12118447896567
"RNAP",0.2375,1.80579298600785,0.955956665326648,0.938725133442463,4,1.23352941595163,11.6764707850871,0.5307492194828,3.91863329648322,0.135784622817182,0.520788718096175,0.0695046987443606,8.1109004488953
"RNAP",0.2395,1.82099966378476,0.9540616105959,0.936864237891937,4,1.23339871542827,11.6699357306322,0.530133691050169,3.92180586570405,0.135756407747021,0.522237997880432,0.0688111566828586,8.10082501345257
"RNAP",0.2415,1.83620634156167,0.952150952814507,0.934988020542495,4,1.23327047450662,11.663523726939,0.529529949995498,3.92491562363872,0.135728916743114,0.523665905627949,0.0681250857166259,8.09094226966746
"RNAP",0.2435,1.85141301933858,0.950225547802868,0.933097321788003,4,1.2331447444783,11.6572372025131,0.528938199442775,3.92796181329844,0.135702150190079,0.525072252840448,0.0674465285347552,8.08125554194414
"RNAP",0.2455,1.86661969711549,0.948285767308359,0.931192506674929,4,1.23302144103718,11.6510720098946,0.528358102374717,3.93094572791915,0.135676083928798,0.52645734133162,0.0667754438919026,8.07175917552679
"RNAP",0.2475,1.8818263748924,0.946331978864798,0.929273936112138,4,1.23290053643542,11.6450268261683,0.527789475145197,3.93386876880312,0.135650717200839,0.527821501281427,0.0661117826769488,8.06245035334473
"RNAP",0.2495,1.8970330526693,0.94436454031303,0.927341961490237,4,1.23278200298735,11.6391003819525,0.5272321968717,3.93673164520077,0.135626014920497,0.52916499339142,0.0654554698021571,8.05332704626241
"RNAP",0.2515,1.91223973044621,0.942383774034632,0.925396899379736,4,1.23266573412933,11.6332867053982,0.52668574988201,3.93953667558256,0.135601981244481,0.530488233546061,0.0648065055284692,8.0443806162302
"RNAP",0.2535,1.92744640822312,0.940389532341599,0.923438604754771,4,1.23255171386728,11.6275856883531,0.526150093778121,3.94228430168143,0.135578585919629,0.531791685284918,0.0641645985456027,8.03561052255133
"RNAP",0.2555,1.94265308600003,0.938383633555178,0.921468863160562,4,1.23244000594824,11.6220002968433,0.525625511085412,3.94497307547337,0.135555840786874,0.533074602254138,0.0635301387302696,8.02702134948117
"RNAP",0.2575,1.95785976377694,0.936364891728578,0.919486510027521,4,1.2323304282579,11.6165213989322,0.52511112447372,3.94760763053295,0.135533703314588,0.534338436334007,0.0629026764339169,8.01859881487476
"RNAP",0.2595,1.97306644155385,0.93433411222118,0.917492336198081,4,1.2322229845341,11.6111490221892,0.524606938657024,3.95018799912464,0.135512176651792,0.535583101602124,0.0622822763493513,8.01034291105647
"RNAP",0.2615,1.98827311933075,0.932291589846781,0.915486631171889,4,1.23211763069393,11.6058815784907,0.524112804293724,3.95271489916957,0.13549124096419,0.536808844066962,0.0616688668522658,8.00225125520441
"RNAP",0.2635,2.00347979710766,0.930237614940661,0.913469680050808,4,1.23201432396838,11.6007162116887,0.523628466516011,3.95518961303969,0.135470875762104,0.538015980104297,0.0610623978302632,7.99431955646232
"RNAP",0.2655,2.01868647488457,0.928172477016648,0.911441767130055,4,1.23191302981676,11.5956518601575,0.523153795461327,3.95761305439737,0.13545108608647,0.539204764628233,0.0604627965975672,7.98654576481494
"RNAP",0.2675,2.03389315266148,0.926095908884292,0.909402630035402,4,1.23181369426922,11.5906847135921,0.522688391259038,3.9599874778069,0.135431846119583,0.540375874682931,0.0598698725811467,7.97892359794951
"RNAP",0.2695,2.04909983043839,0.924009752014823,0.907354077044765,4,1.23171633449484,11.5858167470191,0.522232559555094,3.96231061596921,0.135413149899862,0.541528494048719,0.0592839482022507,7.97145745223268
"RNAP",0.2715,2.06430650821529,0.921912697400975,0.9052948227463,4,1.23162084886136,11.5810424376694,0.521785671864422,3.96458635821008,0.135394987344449,0.54266392663964,0.0587045628921914,7.96413756490462
"RNAP",0.2735,2.0795131859922,0.919805520705087,0.903225628820696,4,1.23152722007352,11.5763612421561,0.52134769059558,3.96681492982831,0.135377333845754,0.543782145217037,0.0581317833672047,7.95696315822766
"RNAP",0.2755,2.09471986376911,0.917688453949124,0.901146723107623,4,1.23143542227325,11.5717711010643,0.520918429403044,3.96899722001233,0.135360183898288,0.544883407123589,0.0575655468449968,7.94993116539279
"RNAP",0.2775,2.10992654154602,0.915561746267489,0.899058350250728,4,1.23134540704161,11.5672703511802,0.520497727651482,3.97113405353797,0.135343529766738,0.545967954604672,0.0570057770121208,7.9430390040607
"RNAP",0.2795,2.12513321932293,0.913425623004618,0.896960731532516,4,1.2312571407638,11.5628570224437,0.520085401803682,3.9732264570135,0.135327347986397,0.547036077271642,0.0564524196368594,7.93628358091503
"RNAP",0.2815,2.14033989709984,0.911280315531794,0.894854094153704,4,1.23117058240709,11.5585294139411,0.519681272699947,3.97527539716919,0.135311638246058,0.548088033432615,0.0559054062871508,7.92966212175942
"RNAP",0.2835,2.15554657487674,0.909126018964873,0.892738629713099,4,1.23108573933822,11.5542869996415,0.519285228292889,3.97728201545197,0.13529639000603,0.54912414156979,0.0553646592509138,7.92317291689464
"RNAP",0.2855,2.17075325265365,0.906962968467406,0.890614569135329,4,1.23100248809039,11.550124426958,0.518896965347929,3.97924637272293,0.135281584767527,0.550144491513612,0.0548301188351197,7.91681030311453
"RNAP",0.2875,2.18595993043056,0.904791362851211,0.888482107648541,4,1.23092087022724,11.5460435147077,0.518516461048063,3.98117005393036,0.135267217461623,0.551149480725528,0.0543017103594279,7.91057457400775
"RNAP",0.2895,2.20116660820747,0.902611399450611,0.886341439030023,4,1.23084082110516,11.542041494624,0.518143504661529,3.98305366671049,0.135253274091592,0.552139313125658,0.0537793774302836,7.90446221663824
"RNAP",0.2915,2.21637328598438,0.900423274739431,0.884192756212074,4,1.23076235591633,11.5381178340731,0.517778005901905,3.98489820560516,0.135239734859741,0.553114281845519,0.0532630439978618,7.89847167397346
"RNAP",0.2935,2.23157996376129,0.898227178604591,0.882036245658821,4,1.23068536836035,11.534268367367,0.517419643010411,3.98670457929429,0.13522662176261,0.554074589251479,0.052752650030577,7.89259761755122
"RNAP",0.2955,2.24678664153819,0.896023298980015,0.879872091916596,4,1.23060987114865,11.5304934974176,0.517068418870908,3.98847317326209,0.135213893079679,0.555020458165338,0.0522481166040679,7.88684012438343
"RNAP",0.2975,2.2619933193151,0.893811807798533,0.877700463819067,4,1.23053582685853,11.52679131704,0.516724142337693,3.99020501498559,0.135201547928608,0.555952154192228,0.0517493803635199,7.88119613725166
"RNAP",0.2995,2.27719999709201,0.891592887217557,0.87552154024018,4,1.23046321182148,11.5231606431878,0.516386634010766,3.99190161787644,0.135189557002729,0.556870044652582,0.0512564038085477,7.87566289636038
"RNAP",0.3015,2.29240667486892,0.889366704441607,0.873335485370519,4,1.23039197594669,11.5195990664598,0.5160558289539,3.99356208539195,0.135177976974047,0.55777403881973,0.0507690556729308,7.87023873615408
"RNAP",0.3035,2.30761335264583,0.887133421394484,0.871142458215142,4,1.23032212628155,11.5161062928967,0.515731521974928,3.99518877455259,0.135166732287468,0.558664686608672,0.0502873232377676,7.8649210089237
"RNAP",0.3055,2.32282003042273,0.884893202883954,0.868942620611082,4,1.23025363086967,11.5126814901053,0.515413679640137,3.99678155777067,0.135155831790741,0.559542067441448,0.0498111084665063,7.85970896299041
"RNAP",0.3075,2.33802670819964,0.882646204447756,0.866736125292443,4,1.23018637512348,11.5093187504172,0.51510191700278,3.99834115020755,0.135145275782031,0.560406353570381,0.0493403677098044,7.85459566668546
"RNAP",0.3095,2.35323338597655,0.880392578680745,0.864523122103492,4,1.23012043628328,11.5060218141872,0.514796351839941,3.99986868319405,0.135135040259845,0.561257892763458,0.0488750241501191,7.8495839103602
"RNAP",0.3115,2.36844006375346,0.878132474317152,0.862303757097461,4,1.23005574874806,11.5027874366858,0.514496766530173,4.00136462175232,0.135125127251847,0.562096839249179,0.0484150070076432,7.84466981193726
"RNAP",0.3135,2.38364674153037,0.875866035856756,0.860078172169459,4,1.2299922898265,11.4996145078501,0.514203039240168,4.00282973818585,0.135115532909035,0.562923418855652,0.0479602587632541,7.83985141779656
"RNAP",0.3155,2.39885341930728,0.873593403522017,0.857846505014375,4,1.22993003237389,11.4965015961277,0.513915037668003,4.00426476840845,0.135106234884338,0.563737865114318,0.0475107123766454,7.83512650018257
"RNAP",0.3175,2.41406009708418,0.871314714456183,0.85560889030339,4,1.2298689055798,11.4934451980517,0.513632449664818,4.00567107858887,0.135097248059544,0.564540458257765,0.0470663413320847,7.83048996561261
"RNAP",0.3195,2.42926677486109,0.869030100669888,0.85336545766759,4,1.22980898305906,11.4904491542362,0.513355578053725,4.00704762953616,0.135088540905935,0.565331203032079,0.0466270011607423,7.82594693637247
"RNAP",0.3215,2.444473452638,0.866739694294494,0.851116336856612,4,1.22975017759194,11.4875087870573,0.513084063540756,4.00839563975622,0.135080114300564,0.566110355805581,0.0461926582403093,7.82149125981594
"RNAP",0.3235,2.45968013041491,0.864443626476507,0.848861656652989,4,1.22969256218002,11.4846276518524,0.512818052774096,4.00971580863951,0.135071973743368,0.566878156014392,0.0457632382911706,7.81712594720828
"RNAP",0.3255,2.47488680819182,0.862142009140127,0.846601526963441,4,1.22963586358615,11.4817930820922,0.512556720989664,4.01100957062356,0.135064086934179,0.567634857365371,0.0453387500018738,7.81283626401263
"RNAP",0.3275,2.49009348596873,0.859834964420331,0.844336067721407,4,1.22958035636068,11.4790175389666,0.51230084384991,4.0122760006434,0.135056470866283,0.568380505132272,0.0449190264687058,7.80863622259237
"RNAP",0.3295,2.50530016374563,0.857522614292957,0.842065398704059,4,1.2295257754309,11.4762887840224,0.512049537178934,4.0135175415218,0.135049102341477,0.569115505483718,0.044504110639514,7.80451050073519
"RNAP",0.3315,2.52050684152254,0.855205073223384,0.839789632313487,4,1.22947226772592,11.4736133771009,0.511803234409265,4.0147334692844,0.135041976491905,0.569839901299308,0.044093862667157,7.8004667283464
"RNAP",0.3335,2.53571351929945,0.852882449969713,0.837508875347381,4,1.22941974606264,11.4709872652286,0.511561666273263,4.01592421598854,0.135035102293363,0.570553816653035,0.0436882346318862,7.79650019985964
"RNAP",0.3355,2.55092019707636,0.850554850899299,0.835223232255779,4,1.22936820843743,11.4684104043998,0.511324713487362,4.01709130402865,0.135028459700841,0.571257610417357,0.0432871996433,7.79260933040693
"RNAP",0.3375,2.56612687485327,0.84822238845076,0.832932813450544,4,1.22931760641564,11.4658803814115,0.511092278868885,4.01823432860324,0.135022032618872,0.571951304962218,0.0428906592284772,7.78879202310118
"RNAP",0.3395,2.58133355263018,0.8458851532729,0.830637707946495,4,1.22926794820663,11.4633974131987,0.510864293634006,4.01935423297904,0.135015848479688,0.572635124993154,0.0424985775647844,7.78504750795802
"RNAP",0.3415,2.59654023040708,0.843543254431281,0.828338022843241,4,1.22921919075274,11.4609595494471,0.51064063220465,4.02045128991962,0.135009867414623,0.573309224417837,0.0421108779256155,7.78137349892955
"RNAP",0.3435,2.61174690818399,0.841196787314557,0.826033851810015,4,1.22917139923536,11.4585698549964,0.510421373627651,4.02152656259123,0.135004097726716,0.573973882999762,0.0417275104588327,7.77777211793569
"RNAP",0.3455,2.6269535859609,0.838845841600959,0.823725282908559,4,1.22912433041843,11.4562165013997,0.510205888345787,4.02257984831631,0.134998528039739,0.574629074940061,0.0413484427302722,7.77423116758513
"RNAP",0.3475,2.64216026373781,0.836490523575707,0.821412420508255,4,1.22907825856948,11.4539129258533,0.509994792039414,4.02361267390716,0.134993162806535,0.575275234650894,0.0409735842123019,7.77076318581617
"RNAP",0.3495,2.65736694151472,0.834130915416757,0.819095345305766,4,1.22903298038259,11.4516489536283,0.509787605105216,4.02462399883689,0.13498798862095,0.575912212672422,0.0406028762070139,7.76735857289282
"RNAP",0.3515,2.67257361929162,0.831767095013489,0.816774133786483,4,1.22898842460221,11.4494212314877,0.509584061446568,4.02561485487966,0.134983002227492,0.576540241990867,0.0402362873984518,7.76401275264434
"RNAP",0.3535,2.68778029706853,0.82939916305814,0.814448884827621,4,1.22894482096448,11.447241075989,0.509384670127382,4.02658674952288,0.134978207546922,0.577159732330232,0.0398737465554319,7.7607360612761
"RNAP",0.3555,2.70298697484544,0.827027205557722,0.81211968288588,4,1.22890193430165,11.4450962906933,0.509188823065876,4.02753878977968,0.134973578086113,0.577770551150298,0.0395152089674466,7.75751663537879
"RNAP",0.3575,2.71819365262235,0.824651280337238,0.80978658474394,4,1.22885980138649,11.4429900824242,0.50899662465593,4.02847187953661,0.134969119743024,0.578372949821243,0.0391606031919651,7.75435690918909
"RNAP",0.3595,2.73340033039926,0.822271494563245,0.807449695636637,4,1.22881843804882,11.4409215078601,0.50880800227852,4.02938637055612,0.134964844026392,0.578967044443397,0.0388098991253803,7.75125552253069
"RNAP",0.3615,2.74860700817617,0.819887912164374,0.805109078340259,4,1.2287777255231,11.4388867640985,0.508622753336974,4.03028205340962,0.134960717118233,0.579552882158214,0.0384630224602023,7.74820872918052
"RNAP",0.3635,2.76381368595307,0.817500605377383,0.802764803789466,4,1.22873786521887,11.4368932656516,0.508441144182816,4.03116082088753,0.134956757074596,0.580130892897081,0.0381199272167028,7.74522236408837
"RNAP",0.3655,2.77902036372998,0.8151096589324,0.800416955187088,4,1.22869869205766,11.434934519385,0.508262844854555,4.03202225379976,0.134952962073604,0.580701034129428,0.0377805686283442,7.74229003455941
"RNAP",0.3675,2.79422704150689,0.812715140660284,0.798065599141305,4,1.22866017135496,11.4330085741639,0.508087738083415,4.03286649217638,0.134949308633784,0.58126341210939,0.0374448921015612,7.73940957676933
"RNAP",0.3695,2.8094337192838,0.810317118419713,0.795710802287613,4,1.22862231128775,11.431115564494,0.507915789575441,4.03369402280776,0.134945795679771,0.581818183608824,0.0371128480803771,7.73658063460993
"RNAP",0.3715,2.82464039706071,0.807915663891773,0.793352635015013,4,1.22858515258882,11.4292575963552,0.507747171623385,4.03450423811492,0.134942435782099,0.582365321223679,0.0367843603364951,7.73380602570824
"RNAP",0.3735,2.83984707483762,0.80551084379862,0.790991162842967,4,1.22854851375638,11.4274257890118,0.507580998774923,4.03530194788708,0.134939209096696,0.582905656699454,0.0364595016712954,7.73107153399784
"RNAP",0.3755,2.85505375261452,0.803102716407804,0.788626442988728,4,1.22851260672554,11.4256307122569,0.507418316842253,4.03608147849883,0.134936116023357,0.58343838407759,0.03613804704196,7.72839404640479
"RNAP",0.3775,2.87026043039143,0.800690756487064,0.786257959687573,4,1.22847746394432,11.4238731953361,0.507259001595013,4.03684500774849,0.134933164636953,0.583964031625883,0.0358199064735859,7.72577220996511
"RNAP",0.3795,2.88546710816834,0.798276826724079,0.783887542051429,4,1.22844272364211,11.4221360452741,0.507101849634457,4.0375955720399,0.134930324083285,0.58448278771305,0.035505411184484,7.72318489614691
"RNAP",0.3815,2.90067378594525,0.795859175340486,0.781513469878497,4,1.22840868119232,11.4204340630924,0.506947872752575,4.03833070836646,0.134927627444292,0.584994676106376,0.0351941234875159,7.72065012491846
"RNAP",0.3835,2.91588046372216,0.793438471077314,0.77913639985546,4,1.22837521656956,11.418760790668,0.506796710340446,4.03905068843619,0.134925039104333,0.585499695669539,0.0348861210850359,7.71816088189499
"RNAP",0.3855,2.93108714149906,0.791014769840025,0.776756386880059,4,1.22834231439704,11.4171157261183,0.506648161400809,4.03975744692075,0.1349225722425,0.58599822091664,0.034581391698591,7.71571464382223
"RNAP",0.3875,2.94629381927597,0.788588128291909,0.774373486594204,4,1.22831011598465,11.4155057990607,0.506502762534154,4.04044931145755,0.13492022491722,0.586490077700234,0.0342798084449579,7.71332039529261
"RNAP",0.3895,2.96150049705288,0.786158601299318,0.771987752875256,4,1.22827822804028,11.4139113977882,0.506359056782323,4.04113073195867,0.134917992815384,0.586975960050727,0.0339815041534067,7.71095301051058
"RNAP",0.3915,2.97670717482979,0.783726243790258,0.769599239661123,4,1.22824697731137,11.4123488586951,0.506218328616576,4.04179704243357,0.134915839679298,0.58745527635372,0.0336862544882602,7.70863443705897
"RNAP",0.3935,2.9919138526067,0.781291106695704,0.767207996964724,4,1.22821626460684,11.4108133892668,0.506080078898424,4.04245094636595,0.134913811533376,0.587928470860389,0.0333940851799501,7.70635684032068
"RNAP",0.3955,3.00712053038361,0.778853244160763,0.764814077955179,4,1.22818609812319,11.4093049531842,0.505944299906772,4.04309281602461,0.134911867122977,0.588395703068728,0.0331049511927673,7.7041198356415
"RNAP",0.3975,3.02232720816051,0.776412706051724,0.762417531599915,4,1.22815640509719,11.4078201012601,0.505810877717492,4.04372162927901,0.134910050403833,0.588856795692607,0.0328188068966094,7.70192081199318
"RNAP",0.3995,3.03753388593742,0.77396953746263,0.760018402180135,4,1.22812731714631,11.406365857143,0.505680185845718,4.04433752996629,0.134908327194366,0.589311903410398,0.0325355737690014,7.69976702557229
"RNAP",0.4015,3.05274056371433,0.771523791728882,0.757616742069847,4,1.22809851904492,11.4049259768878,0.505551048317607,4.04494399987565,0.134906681885176,0.589761591241182,0.0322553332330355,7.69763787816322
"RNAP",0.4035,3.06794724149124,0.769075512827506,0.755212594453371,4,1.22807030027669,11.4035148888829,0.505424512130593,4.04553786144761,0.134905123986328,0.590205451537752,0.0319779270280951,7.69555175563496
"RNAP",0.4055,3.08315391926815,0.766624747344498,0.752806005076973,4,1.22804254246294,11.4021271075612,0.505300174006812,4.04612042062855,0.134903660494276,0.59064372040081,0.031703349586925,7.69350155690752
"RNAP",0.4075,3.09836059704506,0.76417154069805,0.75039701854016,4,1.22801524947714,11.4007623774356,0.505177989252064,4.04669208742919,0.134902293000294,0.591076518701243,0.0314315724203425,7.69148659911884
"RNAP",0.4095,3.11356727482196,0.761715933529375,0.747985674751569,4,1.22798841909795,11.3994209524637,0.505057938540591,4.04725319579381,0.134901005897179,0.59150397123868,0.0311625491779683,7.68950681645387
"RNAP",0.4115,3.12877395259887,0.759257972935672,0.745572019959454,4,1.22796200035839,11.3981000261512,0.50493989438201,4.04780346659322,0.134899798006095,0.591926065426183,0.0308962380039895,7.68755955265998
"RNAP",0.4135,3.14398063037578,0.756797700187624,0.743156094690575,4,1.22793612451149,11.3968062587677,0.504824232659753,4.04834282508149,0.134898673950253,0.592342873873486,0.0306325910147209,7.68565186193459
"RNAP",0.4155,3.15918730815269,0.75433453659318,0.740737330684055,4,1.22791054900756,11.3955274504057,0.504710004070379,4.04887463127046,0.134897611732935,0.59275505402826,0.0303715741271758,7.68376753535318
"RNAP",0.4175,3.1743939859296,0.751870374841945,0.738317586512951,4,1.22788532777748,11.3942663380928,0.504597874277563,4.04939246914323,0.134896638725481,0.593161299110267,0.0301132465000629,7.68191597957218
"RNAP",0.4195,3.18960066370651,0.749403401926448,0.735895081850036,4,1.22786058144012,11.3930291025604,0.504487681813993,4.04990280609289,0.134895718351306,0.59356308092935,0.0298574433650762,7.68009709753773
"RNAP",0.4215,3.20480734148341,0.746934280262741,0.733470467171025,4,1.22783627840246,11.3918135795649,0.504379397976989,4.05040420874978,0.134894889225458,0.593960070085929,0.0296041787303668,7.67831004651617
"RNAP",0.4235,3.22001401926032,0.744463027983256,0.731043760281507,4,1.22781228823265,11.3906146996533,0.504272826595171,4.05089577128908,0.134894129212139,0.59435215294964,0.029353428650492,7.67655045831174
"RNAP",0.4255,3.23522069703723,0.741989709056705,0.728615023997128,4,1.22778876046849,11.3894378812723,0.504168213584518,4.05137818081938,0.134893444110795,0.594739513074611,0.0291051341948982,7.67482331252427
"RNAP",0.4275,3.25042737481414,0.739513716710479,0.726183662482619,4,1.22776571480257,11.3882857401483,0.504065703663133,4.05185145845897,0.134892793375632,0.595122329834871,0.0288591957138334,7.67313136545051
"RNAP",0.4295,3.26563405259105,0.737036955023492,0.723751545495049,4,1.22774274666775,11.3871373411259,0.503964021638685,4.05231701275073,0.134892221431417,0.595500506305462,0.0286158443276377,7.6714511641052
"RNAP",0.4315,3.28084073036795,0.734557599320374,0.721316881249608,4,1.22772029342723,11.3860145866333,0.503864507716558,4.05277323352221,0.134891689961199,0.595874188883612,0.0283747597773751,7.66980737979209
"RNAP",0.4335,3.29604740814486,0.732076302214958,0.718880310596486,4,1.22769819917004,11.3849098127407,0.503766643788385,4.05322129813266,0.134891268426036,0.596243442065342,0.0281360169619112,7.66819070129797
"RNAP",0.4355,3.31125408592177,0.729593093481148,0.716441862772897,4,1.22767644858105,11.3838223947137,0.503670435118014,4.05366087592656,0.134890848138814,0.596608351114441,0.0278995935521614,7.66660090865462
"RNAP",0.4375,3.32646076369868,0.727108007698754,0.714001571735335,4,1.22765504105784,11.3827520537583,0.503575800601645,4.05409265354924,0.134890491427606,0.596969012931243,0.0276654418825143,7.66503695034739
"RNAP",0.4395,3.34166744147559,0.724621075867463,0.711559467924706,4,1.22763410617721,11.3817052940816,0.503483069888132,4.05451686042295,0.134890217101289,0.597325523645751,0.0274335156715011,7.66350540833061
"RNAP",0.4415,3.3568741192525,0.722132331376639,0.709115584128514,4,1.22761334716862,11.3806672981794,0.503391474011953,4.05493302566661,0.134889984296437,0.597677804253538,0.0272038252900604,7.66199123912016
"RNAP",0.4435,3.3720807970294,0.719641792123493,0.706669937921367,4,1.22759290920401,11.3796454489316,0.503301372038954,4.05534175077727,0.134889800033699,0.598026030798935,0.026976322583076,7.66050157554905
"RNAP",0.4455,3.38728747480631,0.717149510177823,0.704222580434481,4,1.22757326801585,11.3786633923368,0.503214511688954,4.05573775725557,0.134889698392421,0.598369403486755,0.0267508346510999,7.65906660795712
"RNAP",0.4475,3.40249415258322,0.714655501891628,0.701773527725105,4,1.22755285786256,11.3776430366727,0.503125330980887,4.05613584624965,0.134889576526347,0.598710252610409,0.0265277622752981,7.6575893149248
"RNAP",0.4495,3.41770083036013,0.712159785478858,0.699322797678873,4,1.22753335065764,11.376667241881,0.50303954381227,4.05652268461239,0.134889536478915,0.599046605617109,0.0263066464961792,7.65617022527979
"RNAP",0.4515,3.43290750813704,0.70966240095606,0.696870429591016,4,1.22751414465112,11.375707268827,0.502955175304288,4.05690291228771,0.134889533686886,0.599379206977901,0.0260876130861888,7.65477444964898
"RNAP",0.4535,3.44811418591395,0.70716337553341,0.694416450181237,4,1.22749524925792,11.3747622817421,0.502872185120224,4.05727610907993,0.134889592465338,0.599707990704903,0.0258706166118443,7.65340154315115
"RNAP",0.4555,3.46332086369085,0.704662729026475,0.691960878907916,4,1.22747678202989,11.3738390439192,0.502790951193711,4.05764245123603,0.134889695698877,0.600033070756394,0.0256556087825635,7.65205842526476
"RNAP",0.4575,3.47852754146776,0.70216048804712,0.68950374190323,4,1.22745838625735,11.3729189675026,0.502710311085773,4.0580036960798,0.134889831367221,0.60035471497187,0.025442648089531,7.65072380154045
"RNAP",0.4595,3.49373421924467,0.699656692763546,0.68704507861133,4,1.22744033303813,11.3720166562872,0.502631340643091,4.05835638476718,0.134890001162768,0.600672417685495,0.0252316239332972,7.64941653550286
"RNAP",0.4615,3.50894089702158,0.697151350000067,0.684584895733519,4,1.22742253779013,11.3711268042742,0.502553533960201,4.05870324284071,0.134890223454501,0.600986647920873,0.025022546241518,7.64812825652505
"RNAP",0.4635,3.52414757479849,0.694644491625049,0.682123224563723,4,1.22740492950609,11.370246326578,0.502476778946432,4.05904344201616,0.134890476744246,0.601297297371984,0.0248153803159121,7.64685659039905
"RNAP",0.4655,3.53935425257539,0.692136143119222,0.679660090123368,4,1.22738774434385,11.3693870595629,0.5024015560292,4.0593793210188,0.134890758024972,0.601604869834938,0.0246101147056549,7.64561157446279
"RNAP",0.4675,3.5545609303523,0.689626320468375,0.677195508110094,4,1.22737035710076,11.3685179029538,0.50232600082988,4.05971244685313,0.134891055593058,0.60190954083889,0.0244068079018796,7.64435897262199
"RNAP",0.4695,3.56976760812921,0.68711442604827,0.674728891672098,4,1.22735395943433,11.3676979780201,0.502254331431626,4.06003115391774,0.134891465188635,0.602209526040182,0.0242050793968308,7.64317268302127
"RNAP",0.4715,3.58497428590612,0.684602364321192,0.67226211094291,4,1.22733742808461,11.3668714069867,0.502182328433761,4.06034956291277,0.134891837935057,0.602507048783881,0.0240054011653062,7.64197975057031
"RNAP",0.4735,3.60018096368303,0.682088272377835,0.669793336592968,4,1.22732074567589,11.3660372632781,0.502110145604246,4.06066473564951,0.134892231030796,0.602801746973631,0.0238075304831611,7.64078215363352
"RNAP",0.4755,3.61538764145994,0.679572800934858,0.667323207609482,4,1.22730514471884,11.3652572333343,0.502042029195202,4.06096700466326,0.134892713773483,0.603092097054389,0.023611255138424,7.63965446218157
"RNAP",0.4775,3.63059431923684,0.677055970311064,0.664851743945002,4,1.22728932849263,11.3644664677052,0.501973330300893,4.06126892605245,0.134893197803842,0.603380132731367,0.0234168298212915,7.63851585087012
"RNAP",0.4795,3.64580099701375,0.6745378017729,0.662378966482635,4,1.22727337992523,11.3636690214708,0.50190458128317,4.06156699135156,0.134893698357205,0.603665272802386,0.0232241893828136,7.63737415420509
"RNAP",0.4815,3.66100767479066,0.672018316637001,0.659904896154777,4,1.22725811324349,11.3629056597253,0.501838373855308,4.06185677703742,0.134894248358501,0.603946911753677,0.023033171599853,7.63627664731482
"RNAP",0.4835,3.67621435256757,0.669496902857817,0.657428931948261,4,1.22724315583967,11.3621577899632,0.501773695621427,4.0621382690789,0.134894834588687,0.604225056911613,0.0228437263405037,7.63520384029112
"RNAP",0.4855,3.69142103034448,0.666975471454852,0.654952950435643,4,1.22722803695145,11.3614018343979,0.501708310524751,4.06242325134351,0.134895420050474,0.60450159430579,0.0226562111615484,7.6341189786275
"RNAP",0.4875,3.70662770812139,0.664452151399103,0.65247511431402,4,1.22721336692857,11.3606683447689,0.501644994494481,4.06269774202502,0.134896051060324,0.604774322736118,0.0224701759983895,7.63306838030754
"RNAP",0.4895,3.72183438589829,0.661927591061983,0.649996060267636,4,1.2271988853081,11.3599442655134,0.501582474531762,4.0629687721323,0.134896699024927,0.605044429117795,0.0222857645450375,7.63203117404416
"RNAP",0.4915,3.7370410636752,0.659401807238838,0.64751580478909,4,1.22718459614722,11.3592298100781,0.501520891458769,4.06323487961314,0.134897373431297,0.605311679118756,0.0221029637574817,7.6310090729734
"RNAP",0.4935,3.75224774145211,0.656874824710229,0.645034372212264,4,1.22717052835935,11.3585264134755,0.501460221041297,4.06349754381454,0.134898067845752,0.605576369854508,0.0219217548922516,7.63000207470179
"RNAP",0.4955,3.76745441922902,0.654346653136709,0.642551772023576,4,1.22715665002039,11.3578325046139,0.501400571710927,4.06375394101268,0.134898818017507,0.605837983442336,0.0217420811405738,7.62901139878928
"RNAP",0.4975,3.78266109700593,0.651817314192948,0.640068025507,4,1.22714301802621,11.3571509039029,0.501342025366955,4.06400476235596,0.134899552780456,0.606096749037794,0.0215639373125749,7.62803934637003
"RNAP",0.4995,3.79786777478283,0.649286817515235,0.637583142125125,4,1.22712953149121,11.3564765797142,0.501284153228666,4.0642528288596,0.134900322929319,0.606353120880388,0.0213873292161866,7.62707771204845
"RNAP",0.5015,3.81307445255974,0.646755190646057,0.635097148923976,4,1.22711624789505,11.3558123728249,0.501227175544787,4.06449655142831,0.134901111317929,0.606606869376488,0.0212122214494586,7.62613111618467
"RNAP",0.5035,3.82828113033665,0.644222447749582,0.632610059812404,4,1.22710312490303,11.3551562126245,0.501170896051679,4.06473705218467,0.134901921345805,0.606858205096612,0.0210386041735748,7.62519623807163
"RNAP",0.5055,3.84348780811356,0.641688601919561,0.630121887648139,4,1.22709019632147,11.3545097970322,0.501115552105113,4.06497241376758,0.134902762111276,0.607106811411695,0.0208664455457267,7.62427681230618
"RNAP",0.5075,3.85869448589047,0.639153678502403,0.627632657320711,4,1.2270774606886,11.3538730275045,0.501061070244847,4.06520404926559,0.13490360751302,0.607352986638086,0.0206957421173215,7.62337131135219
"RNAP",0.5095,3.87390116366738,0.636617671571795,0.625142363010631,4,1.22706487990679,11.3532440100294,0.501007335403179,4.06543191548042,0.134904472956639,0.607596718688373,0.0205264542273075,7.62247778489221
"RNAP",0.5115,3.88910784144429,0.634080617595139,0.62265104052796,4,1.22705249046414,11.352624548149,0.500954443692654,4.06565570618745,0.134905359414509,0.607837985844277,0.0203585799227424,7.62159841684182
"RNAP",0.5135,3.90431451922119,0.631542521684463,0.620158694892581,4,1.22704024832219,11.3520124422774,0.500902239313118,4.06587587274973,0.134906260815504,0.608076888516975,0.0201921082505931,7.62073046898603
"RNAP",0.5155,3.9195211969981,0.629003407664399,0.617665349499674,4,1.2270282266408,11.351411313193,0.50085076736808,4.06609480216471,0.134907172512556,0.608313888999763,0.0200270266943095,7.61987529318282
"RNAP",0.5175,3.93472787477501,0.626463267132587,0.615170996098338,4,1.22701628896415,11.3508144575995,0.50080023648387,4.06630476425163,0.134908102411266,0.608547601269529,0.0198632734807345,7.61903375158499
"RNAP",0.5195,3.94993455255192,0.623922147742151,0.612675681482727,4,1.22700450997378,11.3502254802151,0.500750195002791,4.06651419208439,0.134909052829256,0.608779555829906,0.0197008858362529,7.61820099610103
"RNAP",0.5215,3.96514123032883,0.621380027670521,0.610179384223633,4,1.22699291451246,11.3496456869286,0.5007009719815,4.066719802587,0.134910028446418,0.609009194241932,0.0195398251773257,7.61738176862254
"RNAP",0.5235,3.98034790810573,0.61883694997402,0.60768214660127,4,1.22698155198796,11.3490775786538,0.500652653601488,4.06692224302379,0.134911017196794,0.609236669811715,0.0193800750007369,7.61657801948107
"RNAP",0.5255,3.99555458588264,0.616292914924193,0.605183968882288,4,1.22697023734393,11.3485117698291,0.500604832766266,4.06711999730332,0.134912015939921,0.609461694052417,0.0192216035881518,7.61578147590728
"RNAP",0.5275,4.01076126365955,0.613747927812091,0.602684856262365,4,1.22695913041649,11.347956565178,0.500557821622349,4.06731525370458,0.134913003681209,0.609684736080375,0.0190644179816046,7.61499861363753
"RNAP",0.5295,4.02596794143646,0.611202025675575,0.600184845111739,4,1.22694814923622,11.3474074641362,0.500511451092799,4.06750668880441,0.134914023299008,0.609905516669609,0.0189084934001991,7.61422603851849
"RNAP",0.5315,4.04117461921337,0.608655206828658,0.597683933774811,4,1.22693735164847,11.3468676261876,0.50046575760324,4.06769599851322,0.134915051174231,0.610124395234719,0.0187538261912951,7.61346534218827
"RNAP",0.5335,4.05638129699028,0.606107462111681,0.595182113257033,4,1.22692668718854,11.3463346635385,0.500420789281224,4.06788106617174,0.134916097865169,0.610340995311824,0.018600390095949,7.61271618812971
"RNAP",0.5355,4.07158797476718,0.60355884337266,0.592679434471835,4,1.22691612683951,11.3458063503176,0.500376250507578,4.06806397306338,0.134917157894851,0.610555700999774,0.0184481872981706,7.6119740974642
"RNAP",0.5375,4.08679465254409,0.601009340359608,0.590175887352028,4,1.22690577727711,11.3452889187018,0.500332696360684,4.06824230052337,0.134918225783088,0.610768124678478,0.0182971700106379,7.61124810091921
"RNAP",0.5395,4.102001330321,0.598458966334823,0.58767148492085,4,1.22689551244081,11.3447752098833,0.500289492886894,4.06841895880413,0.134919312610907,0.610978770576958,0.0181473584375759,7.61052771408402
"RNAP",0.5415,4.11720800809791,0.595907741854603,0.585166247364064,4,1.22688538907911,11.3442694650668,0.500246992396004,4.06859205863453,0.134920395827216,0.611187351485858,0.0179987140346616,7.60981930516131
"RNAP",0.5435,4.13241468587482,0.59335566463688,0.582660172440737,4,1.22687538648009,11.3437692288146,0.50020499608258,4.0687629939379,0.134921498411914,0.61139410793218,0.0178512415367913,7.60911888030195
"RNAP",0.5455,4.14762136365173,0.590802758462226,0.580153283502786,4,1.22686552635493,11.343276276887,0.500163642510863,4.06893087068076,0.134922600050865,0.611598922964259,0.0177049231346814,7.60842921870381
"RNAP",0.5475,4.16282804142863,0.588249025805888,0.57764558298084,4,1.22685579365637,11.3427896825067,0.500122864507017,4.06909588341221,0.134923715343912,0.611801832563269,0.0175597489743701,7.60774915149885
"RNAP",0.5495,4.17803471920554,0.585694477199654,0.575137081216847,4,1.22684620138313,11.3423099239956,0.500082785439857,4.0692572298447,0.134924848717733,0.612002691033979,0.0174156620912567,7.6070799828259
"RNAP",0.5515,4.19324139698245,0.583139136873466,0.572627802003995,4,1.22683668180802,11.3418340019328,0.500043001657068,4.06941742923255,0.134925967028612,0.612202009251167,0.0172727228518543,7.60641602490729
"RNAP",0.5535,4.20844807475936,0.580583004845525,0.570117745360156,4,1.2268272810464,11.3413640376284,0.500003632379944,4.06957631176276,0.134927125574522,0.612399722097713,0.0171308974417731,7.60575962595989
"RNAP",0.5555,4.22365475253627,0.57802608664915,0.567606916718909,4,1.22681802905032,11.3409014428249,0.499965130258248,4.06972990881802,0.134928257977242,0.612595189786534,0.0169901209791956,7.6051163955129
"RNAP",0.5575,4.23886143031317,0.575468402984796,0.565095336407573,4,1.22680920990978,11.3404600281527,0.499927631168473,4.06988575001576,0.134929464141259,0.612789741131771,0.016850430048362,7.60449301978027
"RNAP",0.5595,4.25406810809008,0.572909948486038,0.562582999156456,4,1.22679987961878,11.3399939812683,0.499889484951422,4.07003221881595,0.134930617079578,0.61298126982579,0.0167118024689135,7.6038534331957
"RNAP",0.5615,4.26927478586699,0.570350753778301,0.560069935038948,4,1.22679095371074,11.3395479475171,0.499852508385434,4.07017825438816,0.134931777972428,0.6131714857318,0.0165742122215364,7.60323528035976
"RNAP",0.5635,4.2844814636439,0.567790810489513,0.557556135833886,4,1.22678218983303,11.3391094917792,0.499816026521993,4.07032328116635,0.134932967893336,0.613360246786043,0.0164376750476032,7.60262607866435
"RNAP",0.5655,4.29968814142081,0.565230138192723,0.555041620761504,4,1.22677356277593,11.338678139106,0.49978014579746,4.07046588303553,0.134934128813306,0.613547351034332,0.0163021396260157,7.60202683106719
"RNAP",0.5675,4.31489481919772,0.562668743691681,0.552526396502916,4,1.22676492426632,11.3382461030208,0.499744570207167,4.07060411395031,0.134935310586549,0.613732402071203,0.016167620954227,7.6014313211878
"RNAP",0.5695,4.33010149697462,0.560106640393588,0.550010476223649,4,1.22675646913171,11.337823260186,0.499709581131054,4.07074160467993,0.13493650299716,0.613916108110348,0.0160341108808048,7.60084620112835
"RNAP",0.5715,4.34530817475153,0.557543821771239,0.547493853514155,4,1.22674812678074,11.3374063320884,0.499675064361043,4.07087703614113,0.134937728755063,0.614098216205683,0.0159015982619268,7.60026936188392
"RNAP",0.5735,4.36051485252844,0.554980313252,0.54497655334346,4,1.22673987005066,11.3369935255563,0.499640998688681,4.07100993370556,0.134938929438295,0.614278694094206,0.0157700523448608,7.59969946916294
"RNAP",0.5755,4.37572153030535,0.552416109305506,0.542458570280887,4,1.22673202700099,11.336601231056,0.499608103856888,4.07114251794472,0.134940134422862,0.614457990539842,0.0156394724170226,7.59915142422198
"RNAP",0.5775,4.39092820808226,0.549851243083306,0.539939936880414,4,1.22672367735762,11.3361839184478,0.499574268469264,4.07126930520272,0.13494135338418,0.614634970392213,0.015509869093737,7.59858300306655
"RNAP",0.5795,4.40613488585917,0.547285700402566,0.537420639214858,4,1.22671577108029,11.3357883631377,0.499541592541213,4.07139655682928,0.134942639043137,0.614810876313912,0.015381205149414,7.59803691144055
"RNAP",0.5815,4.42134156363607,0.544719493070673,0.534900688878773,4,1.2267078921972,11.33539473199,0.499509319874295,4.07152047353525,0.134943816079345,0.614985135226422,0.0152534651095226,7.59749632401789
"RNAP",0.5835,4.43654824141298,0.542152635017724,0.532380099551161,4,1.2267001677661,11.3350083834338,0.499477540093409,4.07164328280634,0.134945048237173,0.615158028732855,0.0151266569798785,7.59696445719396
"RNAP",0.5855,4.45175491918989,0.539585129942072,0.529858874863709,4,1.22669250917986,11.3346255020395,0.499446171575339,4.07176361251146,0.134946272373268,0.615329377711967,0.0150007809267548,7.59643878512257
"RNAP",0.5875,4.4669615969668,0.537016988130482,0.527337024917759,4,1.22668494243024,11.3342471365395,0.499415168363518,4.07188211686751,0.134947508994187,0.615499277689864,0.0148757942230486,7.59591969888969
"RNAP",0.5895,4.48216827474371,0.534448216136799,0.524814556149021,4,1.22667747567532,11.333873746037,0.499384611401053,4.07199862189222,0.134948782799774,0.61566769851678,0.0147517062399616,7.59540784884531
"RNAP",0.5915,4.49737495252061,0.53187882148425,0.522291475945112,4,1.22667009053053,11.3335045420891,0.499354470382249,4.07211315810194,0.134949993367783,0.615834755919952,0.0146285153651571,7.59490245602459
"RNAP",0.5935,4.51258163029752,0.529308812118576,0.519767792108548,4,1.22666280166228,11.3331400975186,0.49932468561327,4.07222601003893,0.13495126304502,0.616000378503751,0.0145061785823777,7.59440371769455
"RNAP",0.5955,4.52778830807443,0.526738195759383,0.517243512219785,4,1.22665559918262,11.3327799083337,0.499295288469276,4.07233689875303,0.13495254076577,0.61616460503616,0.014384738265125,7.59391144455948
"RNAP",0.5975,4.54299498585134,0.52416697894172,0.514718642696076,4,1.22664846571167,11.3324232936007,0.499266333899385,4.07244571381422,0.134953742190735,0.616327484023062,0.0142641460912616,7.59342513105558
"RNAP",0.5995,4.55820166362825,0.521595170429277,0.51219319214314,4,1.2266414398397,11.3320719689772,0.499237754638168,4.07255306823048,0.134955009001558,0.616489004406315,0.0141443901140178,7.59294578835762
"RNAP",0.6015,4.57340834140516,0.519022773684494,0.509667163961007,4,1.22663449778257,11.3317248517976,0.499209539106972,4.0726588801494,0.13495624895427,0.616649256486066,0.01402547579925,7.5924724614476
"RNAP",0.6035,4.58861501918206,0.516449808108449,0.50714057720104,4,1.22662764495828,11.3313822588758,0.49918171425959,4.07276267926216,0.134957508005699,0.616808128972207,0.0139074031911932,7.59200591561535
"RNAP",0.6055,4.60382169695897,0.513876251945511,0.504613410499766,4,1.22662087081666,11.3310435173767,0.499154249856441,4.07286490598992,0.134958762531591,0.616965723605912,0.0137901457098994,7.59154503265433
"RNAP",0.6075,4.61902837473588,0.511302141037866,0.502085699053296,4,1.22661416751966,11.3307081090307,0.499127124569769,4.07296529245607,0.13496005689921,0.617121956127055,0.0136736943129824,7.59108948364399
"RNAP",0.6095,4.63423505251279,0.508727470137196,0.499557437707919,4,1.22660753266641,11.3303766055837,0.499100338873833,4.07306405317218,0.134961293948476,0.617276985978626,0.013558062671663,7.59063975001347
"RNAP",0.6115,4.6494417302897,0.506152245144673,0.497028632258433,4,1.22660098201743,11.3300489398422,0.49907391184838,4.07316110268531,0.134962581046103,0.617430681683865,0.0134432052701374,7.59019574101723
"RNAP",0.6135,4.6646484080666,0.503576479751975,0.494499296149718,4,1.22659451097918,11.3297254390987,0.499047830002339,4.07325673399812,0.134963823058277,0.61758322418806,0.0133291545732457,7.58975760341797
"RNAP",0.6155,4.67985508584351,0.501000169083397,0.491969424593957,4,1.22658809121981,11.3294049008431,0.499022052776985,4.07335055000291,0.134965118646257,0.617734437132884,0.013215875283224,7.58932437314626
"RNAP",0.6175,4.69506176362042,0.498423330076178,0.489439034223087,4,1.22658177636706,11.3290887364523,0.498996622841387,4.07344302524622,0.134966369422719,0.617884520394085,0.0131033684734284,7.58889713645525
"RNAP",0.6195,4.71026844139733,0.495845960541888,0.486908122888126,4,1.22657552696379,11.3287763938016,0.498971545545049,4.07353403008599,0.134967658597166,0.618033369201555,0.0129916110518413,7.58847539050361
"RNAP",0.6215,4.72547511917424,0.493268071916973,0.484376701819373,4,1.22656936544379,11.3284682248837,0.498946804466223,4.07362362934913,0.134968923319168,0.618181087250212,0.0128806261282082,7.58805946023149
"RNAP",0.6235,4.74068179695115,0.49068966674604,0.481844773515565,4,1.22656326001119,11.3281629841441,0.49892235265722,4.07371160719209,0.134970176880398,0.618327620453449,0.0127703930044748,7.5876482891403
"RNAP",0.6255,4.75588847472805,0.488110752097747,0.479312344917949,4,1.2265572296867,11.327861528665,0.498898231265645,4.07379823445635,0.134971455187119,0.618472986167142,0.0126608910317563,7.58724245826544
"RNAP",0.6275,4.77109515250496,0.485531340149495,0.47677942798442,4,1.22655127278788,11.3275636587586,0.498874412860197,4.07388346255853,0.134972744356632,0.618617199989115,0.0125521167778159,7.58684178343795
"RNAP",0.6295,4.78630183028187,0.482951418947249,0.47424601097642,4,1.22654537273849,11.3272686369317,0.498850878306072,4.07396719056983,0.134974018129709,0.618760285132226,0.012444073416048,7.5864456520563
"RNAP",0.6315,4.80150850805878,0.480371011111563,0.471712116106758,4,1.22653955272685,11.326977460366,0.498827669662848,4.07404959483256,0.134975283331882,0.618902271956913,0.0123367452286687,7.58605492368822
"RNAP",0.6335,4.81671518583569,0.477790116324612,0.469177743063338,4,1.22653380390898,11.3266902051753,0.498804767214716,4.07413083871445,0.134976555447418,0.619043186637918,0.0122301277930575,7.58566948063702
"RNAP",0.6355,4.8319218636126,0.475208740844885,0.466642897991837,4,1.22652808438901,11.3264043295804,0.498782087286168,4.07421025270513,0.134977839125257,0.619182899233953,0.012124206016911,7.58528734620488
"RNAP",0.6375,4.8471285413895,0.472626889400674,0.464107585535318,4,1.22652245622995,11.3261227390165,0.498759733466989,4.07428863890464,0.134979126396331,0.619321585942211,0.012018980917106,7.58491076569512
"RNAP",0.6395,4.86233521916641,0.470044565512974,0.461571809151306,4,1.22651686071566,11.3258430830982,0.498737629927944,4.07436536799344,0.134980387057314,0.619459170588782,0.0119144540205888,7.58453792680817
"RNAP",0.6415,4.87754189694332,0.467461779033321,0.459035578513763,4,1.22651139077398,11.3255695264705,0.498715903527285,4.07444163107069,0.13498165064986,0.619595846172017,0.0118105996930071,7.58417195621405
"RNAP",0.6435,4.89274857472023,0.464878529599741,0.456498893267237,4,1.22650602290796,11.3253011199461,0.498694622161821,4.07451572007427,0.13498295782095,0.619731270890318,0.011707409227428,7.58381357218362
"RNAP",0.6455,4.90795525249714,0.462294823960649,0.4539617600385,4,1.22650056053715,11.325028493785,0.498673357022521,4.07458690998833,0.134984207945556,0.619865411956455,0.0116049048074867,7.58345378953839
"RNAP",0.6475,4.92316193027404,0.459710661327982,0.451424178053694,4,1.22649528174899,11.3247644326275,0.498652599810117,4.07465755082676,0.134985515860225,0.619998603825846,0.0115030455001967,7.58310348590331
"RNAP",0.6495,4.93836860805095,0.457126071411162,0.448886176486718,4,1.22649000457009,11.3245002425667,0.498631473567812,4.07473296928784,0.134986759409834,0.620131930370839,0.0114018630374361,7.58274822004587
"RNAP",0.6515,4.95357528582786,0.454541031084444,0.446347732628676,4,1.22648487608614,11.3242438232951,0.498611278976504,4.07480197141029,0.134988026368637,0.620263298644927,0.0113013102793935,7.58240765170261
"RNAP",0.6535,4.96878196360477,0.451955554463765,0.44380886034106,4,1.22647970820713,11.3239854938733,0.498590994763394,4.07487083915378,0.134989272402809,0.620393892375121,0.0112014246926703,7.58206523270485
"RNAP",0.6555,4.98398864138168,0.449369647471903,0.441269565439888,4,1.22647461572146,11.3237311785274,0.498571182233633,4.07493642054899,0.134990584394101,0.620523033375589,0.0111021351389854,7.58173032835751
"RNAP",0.6575,4.99919531915859,0.446783313536153,0.438729851290676,4,1.22646962008219,11.3234810124823,0.498551621413979,4.07500207316675,0.134991869101048,0.620651468687977,0.0110034889855017,7.58139972362881
"RNAP",0.6595,5.01440199693549,0.444196557540486,0.436189722689359,4,1.22646459923192,11.3232299384728,0.498532168158055,4.07506557632045,0.13499312069834,0.620778778435051,0.0109054594293708,7.58107039696543
"RNAP",0.6615,5.0296086747124,0.44160938289595,0.4336491829855,4,1.22645962573398,11.3229814788439,0.498512851692892,4.0751292986059,0.134994405714137,0.620905365432765,0.0108080653925962,7.58074358747073
"RNAP",0.6635,5.04481535248931,0.439021797895562,0.431108240322631,4,1.22645526021326,11.3227630106676,0.498495353457204,4.0751914267032,0.134995629115538,0.621031044533739,0.0107112512132546,7.58044988782203
"RNAP",0.6655,5.06002203026622,0.436433802791773,0.428566894948652,4,1.22644992441076,11.322496220332,0.498474976827722,4.07525555468769,0.134996897200011,0.621156182090482,0.0106150793727712,7.58010340451502
"RNAP",0.6675,5.07522870804313,0.433845404106787,0.426025153268201,4,1.22644514447392,11.3222571575327,0.498456534713544,4.07531483365298,0.134998159199901,0.621279789312683,0.0105194862685123,7.57979099063874
"RNAP",0.6695,5.09043538582004,0.431256604236657,0.423483017634141,4,1.22644044552036,11.3220223329411,0.498437864908376,4.0753801393616,0.134999406054571,0.621403810162535,0.0104245139627275,7.57947686544018
"RNAP",0.6715,5.10564206359694,0.428667408368646,0.420940493140234,4,1.22643579691833,11.3217898468881,0.498420122752065,4.07543524075137,0.13500065899638,0.621525237912883,0.0103300875222388,7.57917561125505
"RNAP",0.6735,5.12084874137385,0.426077820597241,0.41839758380716,4,1.22643111902073,11.3215559613294,0.49840216233601,4.07549221294345,0.135001924804101,0.621646293477512,0.0102362628781352,7.57887099769865
"RNAP",0.6755,5.13605541915076,0.423487845254281,0.415854293888676,4,1.22642664997812,11.3213325542761,0.498384736633136,4.07555011814704,0.135003192729559,0.621766837952777,0.0101430089098779,7.57857640599546
"RNAP",0.6775,5.15126209692767,0.42089748596162,0.41331062694135,4,1.22642229449736,11.3211147043961,0.498367565738588,4.07560842315777,0.13500443916531,0.621886808174437,0.0100503389871705,7.57828725782413
"RNAP",0.6795,5.16646877470458,0.418306746918356,0.41076658708859,4,1.22641771665515,11.3208859117535,0.498350222694918,4.0756612307791,0.135005672070932,0.622005056784066,0.00995821431670426,7.57799223957484
"RNAP",0.6815,5.18167545248149,0.415715633287709,0.408222179400546,4,1.22641345951356,11.3206729953037,0.498333672580162,4.07571554536606,0.135006904673867,0.622122948638329,0.00986665634625537,7.57771236959012
"RNAP",0.6835,5.19688213025839,0.413124147016963,0.405677405789403,4,1.22640890693925,11.3204453610453,0.498316460934215,4.07576726156356,0.135008164249827,0.622239613166815,0.00977564265684327,7.57741966497826
"RNAP",0.6855,5.2120888080353,0.410532293146989,0.403132271205166,4,1.22640474830231,11.3202375413956,0.498300033110354,4.07582362988445,0.135009398997044,0.622356553107629,0.00968520070931884,7.57714302376783
"RNAP",0.6875,5.22729548581221,0.407940071004487,0.400586774986672,4,1.22640036843979,11.3200184634058,0.498283581427926,4.07587230916436,0.135010619181323,0.622471396388152,0.00959527809594,7.5768624460312
"RNAP",0.6895,5.24250216358912,0.405347493927742,0.398040930231778,4,1.22639613369123,11.3198066089737,0.498267026899771,4.07592732012983,0.135011851821529,0.622586787301525,0.00950594553404257,7.57658296483038
"RNAP",0.6915,5.25770884136603,0.402754556744382,0.395494731861347,4,1.22639222848482,11.3196114242356,0.498251777310875,4.07597751398478,0.13501312419504,0.622700603873481,0.00941708543153893,7.57632585371836
"RNAP",0.6935,5.27291551914294,0.400161267366566,0.392948187644918,4,1.22638785861184,11.3193927178953,0.498235851291359,4.07601987860545,0.135014327004794,0.622812377622491,0.00932877252156819,7.57605212977827
"RNAP",0.6955,5.28812219691984,0.397567626033618,0.390401297817499,4,1.22638250946824,11.3191254740644,0.498215322968817,4.07608563310315,0.135015501922107,0.622927763971168,0.00924111595261378,7.57570358035255
"RNAP",0.6975,5.30332887469675,0.39497363923838,0.387854068754897,4,1.22637967246083,11.3189835860905,0.498204599216744,4.0761167382182,0.135016799524461,0.623036239629984,0.00915372976031004,7.57552191043819
"RNAP",0.6995,5.31853555247366,0.392379309727891,0.385306503154635,4,1.22637577327247,11.31878865793,0.498189683491265,4.07616290692983,0.135018021547942,0.623146842153713,0.00906696613051573,7.57526922309301
"RNAP",0.7015,5.33374223025057,0.389784649471323,0.382758612770135,4,1.2263716758314,11.3185837797447,0.498174294895357,4.07620851945276,0.135019267737984,0.623256701288614,0.00898074036738763,7.57500666363206
"RNAP",0.7035,5.34894890802748,0.387189633389972,0.380210372974747,4,1.22636785231632,11.3183925173899,0.498159549196037,4.07625497567558,0.13502051924781,0.623366120204438,0.00889500770691504,7.5747575006604
"RNAP",0.7055,5.36415558580438,0.384594274278597,0.377661796332599,4,1.22636383006401,11.3181914295603,0.498144660137905,4.07629670140409,0.135021674777087,0.623474133734432,0.00880977052302989,7.57450296201162
"RNAP",0.7075,5.37936226358129,0.381998629121735,0.375112938801059,4,1.22636007434918,11.3180036908508,0.498130258720901,4.0763417143531,0.135022924414055,0.623582086172089,0.00872503303476741,7.57425899069575
"RNAP",0.7095,5.3945689413582,0.37940263479017,0.372563738388839,4,1.22635629757361,11.3178148726513,0.49811610416442,4.07638276044898,0.135024154400838,0.623688734911688,0.00864078219926363,7.57401793144719
"RNAP",0.7115,5.40977561913511,0.376806315770139,0.370014219140804,4,1.22635252575881,11.3176261139127,0.498101797350479,4.07642593047676,0.135025332183268,0.623795218349858,0.00855701235967504,7.5737748356169
"RNAP",0.7135,5.42498229691202,0.374209680145159,0.367464388994761,4,1.22634894495491,11.3174472579641,0.498087883607162,4.07647134211308,0.135026571122076,0.623901528744577,0.00847375740294478,7.57353981328955
"RNAP",0.7155,5.44018897468893,0.37161272601471,0.364914246084447,4,1.22634502859174,11.3172514299994,0.498073813298786,4.07650616794839,0.13502780705881,0.624005239559994,0.00839093466608357,7.57329773136947
"RNAP",0.7175,5.45539565246583,0.369015458135533,0.362363795080863,4,1.2263414500813,11.317072494959,0.498059941317735,4.07655107090004,0.135028966232341,0.624110372194949,0.00830862764957141,7.5730631884817
"RNAP",0.7195,5.47060233024274,0.366417879290093,0.359813038716315,4,1.22633783386462,11.316891676886,0.49804672694156,4.07658584631747,0.135030153388358,0.624213020353086,0.00822675239693136,7.57283696963915
"RNAP",0.7215,5.48580900801965,0.363820002545429,0.357261989822307,4,1.22633313323111,11.3166566512878,0.49802973376058,4.07663013255094,0.135031321802413,0.624316789031282,0.00814542109760499,7.57254418259949
"RNAP",0.7235,5.50101568579656,0.361221801760258,0.354710622728761,4,1.22633088147713,11.3165440277614,0.498020349846927,4.07666536030254,0.135032573154077,0.624418472976618,0.00806443394274826,7.57238904245326
"RNAP",0.7255,5.51622236357347,0.358623309135293,0.35215896905596,4,1.22632720110992,11.3163599901832,0.498007146818823,4.07669791728991,0.135033743330677,0.624519039404801,0.00798394037891749,7.57216171672418
"RNAP",0.7275,5.53142904135038,0.356024515685163,0.349607019980497,4,1.22632329689317,11.3161648447867,0.497992750932079,4.07673757747934,0.135035005493331,0.624620280330807,0.00790394411714655,7.57191544134897
"RNAP",0.7295,5.54663571912728,0.353425427589051,0.347054781570174,4,1.22632025559154,11.3160128256561,0.497981491038027,4.07676853642601,0.135036122974966,0.624719583920637,0.00782434030656909,7.57172342054887
"RNAP",0.7315,5.56184239690419,0.350826046366145,0.344502255316793,4,1.22631694018715,11.3158469006031,0.497969075027253,4.076804075255,0.135037317981168,0.624819124729596,0.00774522782195431,7.57151206926817
"RNAP",0.7335,5.5770490746811,0.348226365625647,0.341949434944755,4,1.22631355386129,11.3156774182909,0.497956253243135,4.07684231512601,0.13503849209127,0.624918596625379,0.00766653263342305,7.57129421312347
"RNAP",0.7355,5.59225575245801,0.345626410982135,0.339396345606923,4,1.22631014811285,11.3155074805692,0.497943811251501,4.07687535025021,0.13503962770809,0.625016637823895,0.00758828099445651,7.5710812677853
"RNAP",0.7375,5.60746243023492,0.34302616718278,0.336842972325407,4,1.2263068517307,11.3153424892159,0.497931963700942,4.07690441697895,0.135040800162017,0.625113384013048,0.00751044406870014,7.57087748931898
"RNAP",0.7395,5.62266910801183,0.340425643554985,0.334289324259478,4,1.22630361505995,11.3151811379356,0.497919763937796,4.07694046600052,0.135041994663983,0.62521091484984,0.00743307324009634,7.57067043571134
"RNAP",0.7415,5.63787578578873,0.337824831432941,0.331735392899535,4,1.22630048221027,11.3150241240885,0.497907989378878,4.07697418867881,0.135043199670595,0.625307506214882,0.00735612606623227,7.57047025871978
"RNAP",0.7435,5.65308246356564,0.335223746624712,0.329181193768694,4,1.2262972019159,11.3148600929504,0.497896195340617,4.07700351390131,0.135044301952162,0.625402806447841,0.00727956020030198,7.57026730881923
"RNAP",0.7455,5.66828914134255,0.332622386990085,0.326626724765318,4,1.2262940270898,11.3147013546807,0.497884805027368,4.07703134721773,0.13504549319412,0.625497293712648,0.00720343844998857,7.57007137596632
"RNAP",0.7475,5.68349581911946,0.330020755023494,0.32407198833888,4,1.22629095475178,11.3145477621526,0.497873196927706,4.07706536528709,0.135046647712073,0.625592455211825,0.00712773604995274,7.5698745393994
"RNAP",0.7495,5.69870249689637,0.327418853527935,0.321516987241849,4,1.22628786456442,11.314393225329,0.497862255944846,4.07709022277617,0.135047817387248,0.625685399822336,0.00705242049724538,7.56968605760139
"RNAP",0.7515,5.71390917467327,0.3248166854755,0.318961724392746,4,1.22628469450706,11.314234741246,0.49785082090498,4.07711896766388,0.135048980663461,0.625778565734425,0.00697752329645371,7.56948946884131
"RNAP",0.7535,5.72911585245018,0.322214251548382,0.316406200461467,4,1.22628182089567,11.3140910358131,0.497839854950853,4.07715233151316,0.135050162117805,0.625872171620777,0.0069030743868839,7.56930366412405
"RNAP",0.7555,5.74432253022709,0.319611555812912,0.313850419441043,4,1.22627873543961,11.3139367715594,0.497828591431153,4.07718166017821,0.135051276105804,0.625964540931513,0.00682899184943474,7.56911094863096
"RNAP",0.7575,5.759529208004,0.317008605047182,0.31129438798739,4,1.22627396624967,11.3136984931111,0.497811958083711,4.07721942158844,0.135052350466198,0.6260578988554,0.00675538332605426,7.56882147952221
"RNAP",0.7595,5.77473588578091,0.314405387584843,0.30873809464445,4,1.22627279319519,11.313639700159,0.497807154294068,4.07723486222548,0.135053573326674,0.626146798681939,0.00668200925760164,7.56874306507851
"RNAP",0.7615,5.78994256355782,0.311801918792446,0.306181554501784,4,1.22626983477265,11.3134917387744,0.497796520127297,4.0772608396573,0.135054708242596,0.626237085931747,0.00660908824341858,7.56856037289511
"RNAP",0.7635,5.80514924133472,0.309198197585911,0.303624766494855,4,1.22626690562119,11.3133453584244,0.497785929844925,4.0772872749385,0.135055846321737,0.626327044788625,0.00653658864915198,7.56837886443481
"RNAP",0.7655,5.82035591911163,0.30659422617023,0.301067732788907,4,1.22626402708248,11.313201236584,0.49777559518669,4.07731192049968,0.135056989786322,0.626416166371011,0.00646444602038887,7.56820155378237
"RNAP",0.7675,5.83556259688854,0.303990005480249,0.298510454301936,4,1.22625931561916,11.3129658070795,0.497758935450112,4.07735257952983,0.13505796693147,0.626507834976982,0.00639278558354843,7.56791219178876
"RNAP",0.7695,5.85076927466545,0.301385539034483,0.295952934489035,4,1.2262564762904,11.3128238815571,0.497749083191536,4.07737311941773,0.135059144445619,0.626595269922953,0.00632140427832167,7.56774136639926
"RNAP",0.7715,5.86597595244236,0.29878082888395,0.29339517536425,4,1.22625553323527,11.3127766939632,0.497745294373244,4.07738388576121,0.135060356872587,0.626680557393814,0.00625032610633027,7.56767990047255
"RNAP",0.7735,5.88118263021927,0.296175876265859,0.29083717814249,4,1.22625147617936,11.3125739191928,0.497731969804341,4.07740495779303,0.135061454982188,0.626767131942429,0.00617970897228403,7.56744473498027
"RNAP",0.7755,5.89638930799617,0.293570689044027,0.288278950545822,4,1.22624821705234,11.3124105377752,0.497719573002029,4.07744239613361,0.135062477660407,0.626856487118828,0.00610950070306146,7.5672342012369
"RNAP",0.7775,5.91159598577308,0.290965255347247,0.285720480917025,4,1.22624611399909,11.3123057716956,0.497713120479223,4.07744590483574,0.135063785552168,0.626938885469657,0.00603953955650935,7.56711969330935
"RNAP",0.7795,5.92680266354999,0.288359589970484,0.283161783784375,4,1.22624288197885,11.3121437089361,0.497700202985835,4.07749098282573,0.135064680444023,0.627028938499225,0.00597009004305549,7.56690285582184
"RNAP",0.7815,5.9420093413269,0.285753692074761,0.28060285832402,4,1.22624188460839,11.3120942446065,0.49769673167346,4.0774966630761,0.135065928907033,0.627110996830607,0.00590082238916716,7.5668441881107
"RNAP",0.7835,5.95721601910381,0.283147560315646,0.278043703215762,4,1.22623748587068,11.3118747005463,0.497681440888817,4.0775305315583,0.135066906169447,0.627197924705281,0.00583209041748298,7.56657843723367
"RNAP",0.7855,5.97242269688071,0.280541203395215,0.275484327004819,4,1.22623489395027,11.3117446908592,0.497672640944241,4.0775465756698,0.135067986197158,0.627281088387702,0.00576359788336753,7.56642476838813
"RNAP",0.7875,5.98762937465762,0.277934617093083,0.272924725546878,4,1.22623441030757,11.3117205154237,0.497670314614326,4.07755550900961,0.135069200725122,0.627362601775397,0.00569542205173614,7.56638933910165
"RNAP",0.7895,6.00283605243453,0.275327805416744,0.270364902777198,4,1.22623172483853,11.311586242212,0.497661696177091,4.07756569978624,0.135070351620434,0.627443784818051,0.00562763580687105,7.56623714530998
"RNAP",0.7915,6.01804273021144,0.27272077219472,0.267804862455289,4,1.22622929651863,11.3114648771427,0.497652382016391,4.07759422034943,0.135071389663265,0.627528106279557,0.00556023268935816,7.56607980711777
"RNAP",0.7935,6.03324940798835,0.270113513334516,0.265244600562427,4,1.22622493627618,11.311246800858,0.49763738690565,4.07762530717259,0.135072452230703,0.627612303374401,0.00549321390478037,7.56581837388012
"RNAP",0.7955,6.04845608576526,0.267506037650088,0.26268412575369,4,1.22622421944816,11.3112109743012,0.49763467247333,4.07763146279476,0.135073537605154,0.627691755801625,0.00542642429996698,7.56577366541066
"RNAP",0.7975,6.06366276354216,0.264898343360921,0.260123436280659,4,1.22621995614513,11.3109977174195,0.497620587978993,4.07765478679156,0.135074514181058,0.627773761042345,0.00536005362971545,7.56552526806196
"RNAP",0.7995,6.07886944131907,0.262290434503282,0.257562536106846,4,1.22621739952818,11.3108698499475,0.497611572755686,4.07767492156585,0.13507560720208,0.627854848784306,0.00529400047354535,7.56536968503629
"DNAP",0.0062,0.999371926913777,1.01835629574871,0.999999983568331,4,1.24551718185413,12.2758590921305,0.587388346605839,3.62389660972338,0.138757815430798,0.404777514698583,0.118054315697433,9.03851432580629
"DNAP",0.00617926421404682,0.996029545887309,1.01835519863292,0.999998906228526,4,1.24561031127041,12.280515562756,0.587837006446786,3.62132124943761,0.138782747302592,0.404672164174915,0.117602068171253,9.04601504087017
"DNAP",0.00615852842809365,0.992687164860842,1.01835237141354,0.999996129970989,4,1.24570385624115,12.285192813259,0.588287387771717,3.61873801963786,0.138807697085003,0.404565437296504,0.117149554266015,9.05354560495322
"DNAP",0.00613779264214047,0.989344783834374,1.01834779398184,0.999991635049474,4,1.24579781005278,12.2898905034737,0.58873949862871,3.61614660968156,0.138832656660751,0.404457301594439,0.116696749270197,9.06110598533341
"DNAP",0.00611705685618729,0.986002402807907,1.01834144584715,0.999985401342661,4,1.24589219229945,12.2946096165047,0.589193401237962,3.61354688558937,0.138857635422176,0.404347719898598,0.116243663686942,9.06869734476671
"DNAP",0.00609632107023411,0.982660021781439,1.01833330637486,0.999977408587868,4,1.24598701423267,12.299350711076,0.5896491185635,3.61093896876972,0.138882615985278,0.404236727443375,0.115790305297548,9.07632016083218
"DNAP",0.00607558528428094,0.979317640754972,1.01832335423859,0.999967635843155,4,1.2460822465812,12.3041123305908,0.590106589070112,3.60832260648153,0.138907611003326,0.404124271298019,0.115336644191269,9.083973149604
"DNAP",0.00605484949832776,0.975975259728504,1.01831156858994,0.999956062635915,4,1.24617792149376,12.3088960781102,0.590565892190574,3.60569788651045,0.138932619595201,0.40401034434871,0.114882722327183,9.09165790635641
"DNAP",0.00603411371237458,0.972632878702037,1.01829792702527,0.999942666966345,4,1.2462740349244,12.3137017473294,0.591027046975308,3.60306446423426,0.138957638127178,0.403894919887623,0.114428499413927,9.09937457005484
"DNAP",0.0060133779264214,0.969290497675569,1.01828240950056,0.999927429151717,4,1.24637059497452,12.3185297472744,0.591490019453492,3.60042288883942,0.138982671346426,0.403778020841626,0.113974052753591,9.10712300373292
"DNAP",0.00599264214046823,0.965948116649102,1.01826498950614,0.999910323160227,4,1.24646760089731,12.3233800448642,0.591954909612649,3.59777209651499,0.139007702749539,0.403659590241792,0.113519241430563,9.11490427658746
"DNAP",0.00597190635451505,0.962605735622634,1.01824564833991,0.999891330626872,4,1.24656507519182,12.3282537594894,0.592421722052646,3.59511267059064,0.13903275353111,0.403539594138277,0.113064209232479,9.12271894753097
"DNAP",0.00595117056856187,0.959263354596167,1.0182243617516,0.999870427738517,4,1.24666299302315,12.33314964931,0.592890398593246,3.59244446987957,0.13905781370467,0.403418058447408,0.112608892464705,9.13056586589339
"DNAP",0.0059304347826087,0.955920973569699,1.01820110745429,0.999847592609955,4,1.24676137342361,12.3380686701666,0.59336099177776,3.58976753963771,0.139082880844477,0.403294970710861,0.112153325490119,9.13844599230425
"DNAP",0.00590969899665552,0.952578592543232,1.01817585850029,0.999822798779265,4,1.24686022038068,12.3430110202319,0.593833534448466,3.58708152241317,0.139107964595245,0.403170299052762,0.111697441618313,9.14635988975128
"DNAP",0.00588896321070234,0.949236211516764,1.01814859378537,0.999796025522606,4,1.24695954976297,12.3479774905839,0.594308102364919,3.58438615150142,0.139133041292658,0.403043982374888,0.111241310108228,9.15430868477916
"DNAP",0.00586822742474916,0.945893830490297,1.01811928851867,0.999767248495998,4,1.24705933302012,12.3529666508288,0.594784551225475,3.58168208045241,0.139158134519965,0.402916105367221,0.110784901533142,9.16229018456311
"DNAP",0.00584749163879599,0.942551449463829,1.01808791738024,0.999736442835894,4,1.24715961887266,12.3579809433504,0.595263083241449,3.57896851638673,0.139183239564462,0.402786541303962,0.11032823657565,9.17030776975112
"DNAP",0.00582675585284281,0.939209068437362,1.01805445519531,0.999703583821302,4,1.24726035874401,12.3630179385734,0.595743530710598,3.57624588562243,0.139208350562813,0.402655365621092,0.109871282094718,9.1783584587743
"DNAP",0.00580602006688963,0.935866687410894,1.01801887687272,0.999668646813345,4,1.24736162875017,12.3680814378086,0.596226135600704,3.57351371945847,0.139233471435661,0.402522480851567,0.109414092140018,9.18644671685087
"DNAP",0.00578528428093645,0.932524306384427,1.01798115586934,0.999631605747345,4,1.24746337413558,12.3731687067828,0.59671073817298,3.57077217739448,0.139258598258362,0.402387922906348,0.108956621289929,9.19456951493035
"DNAP",0.00576454849498328,0.929181925357959,1.01794126808155,0.999592436954165,4,1.24756561050902,12.3782805257667,0.597197374511985,3.56802132250042,0.139283732444051,0.402251678913342,0.108498905345573,9.20272760636528
"DNAP",0.0057438127090301,0.925839544331492,1.01789918113842,0.999551108646373,4,1.24766836002447,12.3834180002954,0.597686156936298,3.56526047476176,0.139308872646188,0.402113678991843,0.108040885094134,9.2109228489787
"DNAP",0.00572307692307692,0.922497163305024,1.01785487311892,0.999507599298067,4,1.24777163229306,12.3885816138215,0.598177095636906,3.56248991317125,0.13933401981388,0.401973914166213,0.107582633749208,9.2191554629633
"DNAP",0.00570234113712375,0.919154782278557,1.01780831516748,0.999461880573807,4,1.24787540918447,12.3937704593112,0.598670124753517,3.55970968959526,0.139359175815886,0.401832401544286,0.107124119748043,9.22742444213968
"DNAP",0.00568160535117057,0.91581240125209,1.01775947883172,0.999413924534102,4,1.24797970646411,12.3989853227901,0.599165319515316,3.55691949502859,0.139384340397464,0.401689088569457,0.106665345798518,9.2357309266193
"DNAP",0.00566086956521739,0.912470020225622,1.01770833571898,0.99936370329806,4,1.2480845254933,12.4042262747082,0.599662662152573,3.55411960346995,0.139409501997756,0.401544028208845,0.106206310914114,9.24407472522385
"DNAP",0.00564013377926421,0.909127639199155,1.01765485695783,0.999311188514685,4,1.24818986640443,12.4094933205792,0.60016220150416,3.55130935037199,0.139434676107916,0.401397081570498,0.105747017569459,9.25245650330026
"DNAP",0.00561939799331104,0.905785258172687,1.01759901323535,0.999256351399434,4,1.24829578309834,12.41478915489,0.600664069433062,3.54848885874105,0.139459848886074,0.401248285832958,0.10528749295068,9.26087898019874
"DNAP",0.00559866220735786,0.90244287714622,1.01754077470746,0.999199162646171,4,1.2484022108469,12.4201105402256,0.60116808727061,3.54565827059414,0.13948502932167,0.401097647684572,0.104827696786891,9.26933860248184
"DNAP",0.00557792642140468,0.899100496119752,1.017480110819,0.999139592250501,4,1.2485091764894,12.4254588255596,0.601674319923071,3.5428175898066,0.139510221781796,0.400945159201604,0.104367641536016,9.27783677862709
"DNAP",0.0055571906354515,0.895758115093285,1.01741699100164,0.999077610195125,4,1.2486167498727,12.4308374937985,0.602183051888182,3.53996570703954,0.139535402697806,0.400790646898258,0.103907372793635,9.28637832152827
"DNAP",0.00553645484949833,0.892415734066817,1.01735138363877,0.999013185433314,4,1.24872485257916,12.4362426287187,0.60269397904013,3.53710367775682,0.139560595230665,0.400634268073308,0.103446833502494,9.2949580188386
"DNAP",0.00551571906354515,0.88907335304035,1.01728325776917,0.998946287561941,4,1.24883350523042,12.4416752609364,0.603207159279307,3.53423140517782,0.139585799512139,0.400475986018777,0.102986044914765,9.30357705035451
"DNAP",0.00549498327759197,0.885730972013882,1.01721258031021,0.998876884094712,4,1.24894274486909,12.4471372436283,0.603722810497874,3.53134763423167,0.139610994234576,0.400315636316577,0.102525013285609,9.31223866689034
"DNAP",0.0054742474916388,0.882388590987415,1.01713931871989,0.99880494307621,4,1.24905258514805,12.4526292574395,0.604240894581307,3.52845318203355,0.13963618874835,0.400153306258405,0.10206375809573,9.32094273943582
"DNAP",0.00545351170568562,0.879046209960947,1.01706343920473,0.998730431322092,4,1.24916299240468,12.4581496203106,0.604761328766509,3.52554785640981,0.13966139114767,0.399988969989398,0.101602246969724,9.32968768828896
"DNAP",0.00543277591973244,0.87570382893448,1.01698490806905,0.998653315744063,4,1.24927399270104,12.4636996342291,0.605284206628251,3.52263142683654,0.139686595310849,0.399822584647258,0.10114049672915,9.33847512318147
"DNAP",0.00541204013377926,0.872361447908012,1.01690369614352,0.998573567698571,4,1.24938557575442,12.4692787883554,0.605809485495429,3.5197040488676,0.139711799310606,0.399654150020622,0.100678533178589,9.34730435040639
"DNAP",0.00539130434782609,0.869019066881545,1.01681975409206,0.998491138738856,4,1.2494977909506,12.47488954624,0.60633735874579,3.51676497154918,0.139737007192771,0.399483589025568,0.100216292262636,9.35617872040575
"DNAP",0.00537056856187291,0.865676685855077,1.01673306001839,0.998406007363312,4,1.24961058894474,12.480529447194,0.606867622754725,3.51381504310068,0.139762216449901,0.399310986134316,0.0997538281596069,9.36509478519536
"DNAP",0.00534983277591973,0.86233430482861,1.01664357308007,0.998318133465719,4,1.24972403613749,12.4862018069163,0.607400579955837,3.51085282758522,0.13978741702663,0.399136120188512,0.0992911526352118,9.37405750346927
"DNAP",0.00532909698996656,0.858991923802142,1.01655125627801,0.998227480713902,4,1.24983809189177,12.4919045948164,0.607936037443945,3.50787927560117,0.139812621555621,0.398959137698371,0.0988282334801444,9.38306375785615
"DNAP",0.00530836120401338,0.855649542775675,1.01645607262597,0.998134012788305,4,1.24995278357294,12.4976391785781,0.608474085191032,3.50489406593974,0.139837825823074,0.398779970868363,0.0983650917837331,9.39211532137686
"DNAP",0.0052876254180602,0.852307161749207,1.01635798372052,0.998037691977753,4,1.25006810335178,12.5034051673201,0.60901472768467,3.50189701960148,0.139863028969286,0.398598595582257,0.0979017147801129,9.40121196445935
"DNAP",0.00526688963210702,0.84896478072274,1.01625695103688,0.997938480451881,4,1.25018407607117,12.5092038037038,0.609558050137977,3.49888787303035,0.139888231939551,0.398414959884698,0.0974381159772165,9.41035525708622
"DNAP",0.00524615384615385,0.845622399696272,1.01615293534611,0.997836339688875,4,1.25030070524497,12.5150352637611,0.610104058704063,3.49586661252717,0.13991342774314,0.398229048173447,0.0969743007761316,9.41954540989417
"DNAP",0.00522541806020067,0.842280018669805,1.01604589679026,0.997731230549237,4,1.25041799382046,12.5208996912854,0.610652766663102,3.49283321037013,0.139938620911143,0.398040861997584,0.0965102617066603,9.42878259585675
"DNAP",0.00520468227424749,0.838937637643338,1.01593579390913,0.997623112320113,4,1.25053595280473,12.5267976422714,0.61120420130701,3.48978761883737,0.139963818094232,0.397850365633072,0.0960460055285854,9.43806744135644
"DNAP",0.00518394648829431,0.83559525661687,1.01582258705782,0.9975119460712,4,1.25065458811837,12.5327294065964,0.611758439239875,3.48672911074207,0.139989009552637,0.397657451753188,0.0955815364360057,9.44740100455709
"DNAP",0.00516321070234114,0.832252875590403,1.01570623101263,0.997397687393992,4,1.25077392850228,12.5386964251221,0.61231554836574,3.48365783638949,0.140014184645725,0.397462145637564,0.0951168584864701,9.45678465288506
"DNAP",0.00514247491638796,0.828910494563935,1.01558668534495,0.997280296588621,4,1.25089394296609,12.54469714777,0.612875420213597,3.48057403764202,0.140039362397133,0.397264457273112,0.0946519601565822,9.4662164945276
"DNAP",0.00512173913043478,0.825568113537468,1.01546390728694,0.997159731658149,4,1.2510146453638,12.5507322637721,0.613438092343719,3.477477678033,0.140064542539823,0.39706437699019,0.0941868477700685,9.4756972909204
"DNAP",0.00510100334448161,0.822225732511,1.01533784934763,0.997035945967651,4,1.25113608096678,12.5568040491365,0.614003782901136,3.47436765745868,0.140089701720691,0.396861738229925,0.093721537280951,9.48523057825213
"DNAP",0.00508026755852843,0.818883351484533,1.01520846929225,0.99690889804367,4,1.25125822054429,12.5629110255012,0.614572338208387,3.47124478933622,0.140114860898497,0.396656641748574,0.0932560176693853,9.49481395256968
"DNAP",0.00505953177257525,0.815540970458065,1.01507572060876,0.996778542212541,4,1.25138108755882,12.5690543788099,0.6151438651354,3.4681085568253,0.140140014079816,0.396449011163747,0.0927902949363312,9.50444919423941
"DNAP",0.00503879598662207,0.812198589431598,1.01493955562828,0.996644831664666,4,1.25150466696048,12.5752333480229,0.615718280423624,3.46495940540076,0.140165170308034,0.396238893099958,0.0923243568536747,9.51413504092806
"DNAP",0.0050180602006689,0.80885620840513,1.01479992886653,0.996507721735617,4,1.25162901828976,12.5814509151988,0.616295878200771,3.46179583107681,0.140190301605128,0.396026060961919,0.0918582435048563,9.52387618333116
"DNAP",0.00499732441471572,0.805513827378663,1.01465678963046,0.996367162646114,4,1.25175412500748,12.5877062503435,0.616876541965589,3.45861859382743,0.140215422721807,0.395810619480035,0.0913919327187822,9.53367096361262
"DNAP",0.00497658862876254,0.802171446352195,1.014510089283,0.996223106635793,4,1.25187996577721,12.5939982901389,0.617460210181579,3.45542775674088,0.140240539582499,0.395592565215325,0.0909254107091548,9.54351819400843
"DNAP",0.00495585284280936,0.798829065325728,1.01435977899131,0.99607550575205,4,1.25200660525915,12.6003302605377,0.618047100417834,3.45222269861282,0.140265648734805,0.395371786521824,0.090458717545174,9.55342189973905
"DNAP",0.00493511705685619,0.79548668429926,1.01420580627664,0.995924308462086,4,1.2521340094435,12.6067004724649,0.618637119500808,3.44900351348857,0.140290744893399,0.395148297546043,0.0899918258551603,9.56338021610377
"DNAP",0.00491438127090301,0.792144303272793,1.01404812057119,0.995769465109597,4,1.252262203285,12.613110163764,0.619230353301872,3.44576993726244,0.140315831157788,0.39492205242686,0.0895247469464402,9.57339471176532
"DNAP",0.00489364548494983,0.788801922246325,1.013886669979,0.995610924734079,4,1.25239119505743,12.6195597529686,0.619826828812804,3.44252185170917,0.14034090464011,0.394693005914363,0.0890574923268087,9.58346594698447
"DNAP",0.00487290969899666,0.785459541219858,1.01372139614934,0.995448630036603,4,1.25252099371944,12.6260496867372,0.620426585468636,3.43925909771545,0.140365964349277,0.394461135509606,0.0885900478266898,9.59359455652547
"DNAP",0.00485217391304348,0.78211716019339,1.01355224963031,0.995282532456649,4,1.25265161316354,12.6325806614588,0.62102967929844,3.43598142470026,0.140391011365637,0.394226396403232,0.0881224298123047,9.60378152446432
"DNAP",0.0048314381270903,0.778774779166923,1.01337917208764,0.995112574711459,4,1.25278305923115,12.6391529616156,0.621636126878399,3.4326887544357,0.140416049809958,0.393988751057765,0.0876546354887936,9.61402722821854
"DNAP",0.00481070234113712,0.775432398140455,1.01320210664477,0.994938700949697,4,1.25291534378104,12.6457671869968,0.622245981545737,3.42938091763287,0.140441065395704,0.393748185183528,0.0871866654848233,9.62433248293355
"DNAP",0.00478996655518395,0.772090017113988,1.01302099705315,0.994760855936708,4,1.25304847648422,12.6524238223683,0.622859271144277,3.42605771243387,0.140466067221575,0.39350463017077,0.0867185319210617,9.63469799647189
"DNAP",0.00476923076923077,0.76874763608752,1.01283578405614,0.994578981483982,4,1.25318244487956,12.6591222407265,0.623475938319903,3.42271955001575,0.14049105853333,0.393258153898707,0.0862502173802293,9.64512268354014
"DNAP",0.00474849498327759,0.765405255061053,1.01264640546468,0.99439301652345,4,1.25331733326029,12.6658666631241,0.62409636283458,3.41936446506891,0.140516021299888,0.393008444552828,0.0857817638359673,9.6556130069482
"DNAP",0.00472775919732441,0.762062874034585,1.01245280138506,0.994202902241002,4,1.25345306694463,12.6726533452742,0.624720185054183,3.41599436436077,0.140540980181095,0.39275576768364,0.0853131287507516,9.6661630608098
"DNAP",0.00470702341137124,0.758720493008118,1.01225491059094,0.994008578513946,4,1.25358971403677,12.6794857020939,0.625347728222775,3.41260761401884,0.140565910781314,0.392499899679579,0.0848443418014636,9.67677812384042
"DNAP",0.00468628762541806,0.755378111981651,1.01205266981237,0.993809983212779,4,1.2537272455602,12.6863622785134,0.625978846961329,3.40920494015049,0.140590817938618,0.392240887226982,0.0843754017901746,9.68745592099489
"DNAP",0.00466555183946488,0.752035730955183,1.011846013806,0.993607052270199,4,1.25386570033502,12.69328501675,0.626613692754846,3.40578575733528,0.140615708913,0.391978673450612,0.0839063061439478,9.69819908669717
"DNAP",0.00464481605351171,0.748693349928716,1.01163487685383,0.993399721152806,4,1.25400509489446,12.7002547474674,0.627252331171854,3.40234979806813,0.140640583531477,0.391713166711388,0.0834370740868033,9.7090087606578
"DNAP",0.00462408026755853,0.745350968902248,1.01141919184925,0.993187923963613,4,1.25414541880073,12.7072709391809,0.627894730225928,3.39889704561,0.140665436371597,0.391444386500797,0.082967685778705,9.71988441204139
"DNAP",0.00460334448160535,0.742008587875781,1.01119889114789,0.992971594277578,4,1.25428669225873,12.7143346124161,0.628540969921695,3.39542722101265,0.14069026327289,0.391172256496772,0.0824981590438058,9.73082739925214
"DNAP",0.00458260869565217,0.738666206849313,1.01097390402277,0.992750662642585,4,1.25442892988982,12.7214464930151,0.629191094135203,3.39194019826682,0.140715067635619,0.390896753083192,0.0820284917440858,9.7418386133075
"DNAP",0.004561872909699,0.735323825822846,1.01074416032967,0.992525060178809,4,1.25457214443619,12.7286072222098,0.629845165742538,3.38843563710635,0.140739845578825,0.390617811083727,0.0815586898844936,9.7529190747505
"DNAP",0.00454113712374582,0.731981444796378,1.01050958960408,0.992294717691883,4,1.25471634255908,12.7358171280793,0.630503208951277,3.38491340370582,0.140764600015402,0.390335390335515,0.081088757819738,9.7640692628665
"DNAP",0.00452040133779264,0.728639063769911,1.01027011297661,0.992059557734081,4,1.25486154794885,12.7430773954188,0.63116529369565,3.38137343415218,0.140789329225763,0.39004947595086,0.0806186929755424,9.77529049408431
"DNAP",0.00449966555183946,0.725296682743443,1.01002565875764,0.991819509908018,4,1.25500776793866,12.7503883989148,0.631831481659448,3.37781515578669,0.140814026775581,0.389759960947885,0.0801485055948708,9.78658374384194
"DNAP",0.00447892976588629,0.721954301716976,1.00977615140485,0.991574500033052,4,1.25515501682957,12.7577508425777,0.632501811502585,3.37423856361987,0.14083870056137,0.38946683707821,0.0796781964933208,9.7979497573691
"DNAP",0.00445819397993311,0.718611920690508,1.00952151011883,0.991324448766226,4,1.25530330869611,12.7651654352383,0.6331763289205,3.37064350749284,0.14086334200418,0.389170061694921,0.0792077694840068,9.80938943740125
"DNAP",0.00443745819397993,0.715269539664041,1.00926165795456,0.991069280549474,4,1.25545265761666,12.7726328805421,0.63385510184826,3.36702958737604,0.140887959018242,0.388869552222451,0.0787372321163293,9.82090392416459
"DNAP",0.00441672240802676,0.711927158637573,1.00899651237086,0.990808914329464,4,1.25560308724351,12.780154362179,0.634538249099989,3.3633961971743,0.140912536752742,0.388565219010437,0.0782665893025764,9.83249509642165
"DNAP",0.00439598662207358,0.708584777611106,1.0087259896458,0.990543267893396,4,1.25575459571668,12.7877297851543,0.635225691766346,3.35974403492316,0.140937084457942,0.388257135555033,0.077795838538262,9.84416212816522
"DNAP",0.0043752508361204,0.705242396584638,1.00845000842738,0.990272261355674,4,1.25590718300589,12.7953591502937,0.635917472007879,3.35607269251487,0.140961606019363,0.387945243506466,0.0773249726809336,9.85590543799347
"DNAP",0.00435451505016722,0.701900015558171,1.00816847798905,0.989995805625121,4,1.2560609243035,12.803046213341,0.636613913006409,3.35238067881698,0.140986085002185,0.387629285165438,0.0768540289751838,9.86773050672885
"DNAP",0.00433377926421405,0.698557634531703,1.00788131393449,0.989713817826699,4,1.25621577587178,12.810788793765,0.637314795613352,3.34866912996495,0.141010527892879,0.387309423223855,0.0763829833340099,9.87963387840204
"DNAP",0.00431304347826087,0.695215253505236,1.00758842321359,0.989426206587579,4,1.25637177218512,12.8185886090705,0.638020266143953,3.3449373214521,0.1410349405313,0.386985529543998,0.0759118421030494,9.89161809098081
"DNAP",0.00429230769230769,0.691872872478768,1.00728972202808,0.989132889619987,4,1.25652892592079,12.8264462965555,0.638730376850421,3.34118508539259,0.141059314072868,0.386657563282753,0.0754406223215936,9.90368399325413
"DNAP",0.00427157190635451,0.688530491452301,1.00698510686191,0.98883376527378,4,1.25668726586944,12.8343632950458,0.639445242303247,3.33741188179567,0.141083646354195,0.3863254292569,0.0749693180972349,9.9158336531498
"DNAP",0.00425083612040134,0.685188110425833,1.00667449521108,0.988528752532152,4,1.25684678714836,12.8423393561923,0.640164841285164,3.33361780973709,0.141107940809651,0.385989115077764,0.074497943959578,9.92806670207507
"DNAP",0.00423010033444816,0.681845729399366,1.00635777429705,0.988217740649424,4,1.25700752619346,12.8503763097097,0.640889304156899,3.32980240510784,0.141132193671596,0.385648551958083,0.0740264863430792,9.94038554060465
"DNAP",0.00420936454849498,0.678503348372898,1.00603485575349,0.987900642852121,4,1.25716949315834,12.8584746575945,0.641618691032787,3.3259652583285,0.141156401435788,0.385303639038082,0.0735549693931026,9.95279111906233
"DNAP",0.00418862876254181,0.675160967346431,1.00570563565834,0.987577357091413,4,1.25733270699302,12.8666353496546,0.642353051798024,3.32210633620425,0.141180568290048,0.38495437337305,0.0730833869499456,9.96528446484057
"DNAP",0.00416789297658863,0.671818586319963,1.00537001213434,0.987247783326427,4,1.2574971869099,12.8748593454288,0.643092490216845,3.31822497902229,0.141204685275983,0.384600618468084,0.072611754166208,9.97786726062582
"DNAP",0.00414715719063545,0.668476205293496,1.00502787700636,0.986911815331945,4,1.25766293520576,12.8831467608279,0.643836994606311,3.31432133508665,0.14122876412341,0.384242390314251,0.0721400565265815,9.99053947609727
"DNAP",0.00412642140468227,0.665133824267028,1.00467912234215,0.986569347121225,4,1.25782998719002,12.8914993604832,0.644586699519745,3.31039490551367,0.141252790239007,0.383879592847767,0.0716683122255106,10.00330348503
"DNAP",0.0041056856187291,0.661791443240561,1.00432364161969,0.986220274092362,4,1.25799837258931,12.8999186294691,0.645341710176535,3.30644530724664,0.141276766521263,0.383512149643447,0.0711965349778675,10.0161612345508
"DNAP",0.00408494983277592,0.658449062214094,1.00396132018461,0.985864483657679,4,1.25816807502113,12.9084037493717,0.64610200311714,3.30247230005556,0.141300694410011,0.383139998793698,0.0707247089229717,10.0291121096741
"DNAP",0.00406421404682274,0.655106681187626,1.00359204791088,0.985501867676212,4,1.25833914488097,12.9169572435408,0.646867713597584,3.2984757917856,0.141324568559972,0.382763109284521,0.0702528624100643,10.0421588596497
"DNAP",0.00404347826086957,0.651764300161159,1.00321569913829,0.985132302752842,4,1.25851156374034,12.9255781870145,0.647638800119214,3.29445560728181,0.141348403342116,0.382381437823529,0.0697809635067078,10.0553006781777
"DNAP",0.00402274247491639,0.648421919134691,1.00283216137392,0.984755678422369,4,1.25868541728215,12.9342708640981,0.648415633187627,3.29041015891625,0.141372159881908,0.381994723928501,0.0693090711019271,10.0685437241604
"DNAP",0.00400200668896321,0.645079538108223,1.00244131062677,0.98437187292879,4,1.25886067158835,12.9430335802928,0.649198027248809,3.28634038672214,0.141395870270264,0.381603088887299,0.0688371510101118,10.0818852269124
"DNAP",0.00398127090301003,0.641737157081756,1.00204302198224,0.983980763609142,4,1.25903735159814,12.951867579764,0.649986094391783,3.28224575320838,0.141419524647215,0.381206424887269,0.0683652146651914,10.0953270537465
"DNAP",0.00396053511705686,0.638394776055289,1.00163717225734,0.983582229500871,4,1.25921549481144,12.9607747406406,0.650779978441798,3.27812568760054,0.141443116197853,0.380804620075975,0.0678932838708375,10.1088717659586
"DNAP",0.00393979933110368,0.635052395028821,1.00122362266221,0.983176134315859,4,1.25939511693089,12.9697558474614,0.6515797422201,3.27397987417587,0.141466652567072,0.380397627285628,0.0674213414028609,10.12252049828
"DNAP",0.0039190635451505,0.631710014002354,1.00080224242028,0.98276234963483,4,1.25957623862666,12.9788119290765,0.652385469341116,3.26980789145989,0.141490121895703,0.379985337016525,0.0669494053637057,10.1362747789293
"DNAP",0.00389832775919732,0.628367632975886,1.00037290391257,0.982340750139201,4,1.25975888507351,12.9879442526124,0.653197235841486,3.26560965262726,0.141513530181598,0.379567724681281,0.0664774875622939,10.1501360199355
"DNAP",0.00387759197324415,0.625025251949419,0.999935457693804,0.981911189077517,4,1.25994307609229,12.9971538046456,0.654015145317657,3.26138446722541,0.14153687631543,0.379144656913183,0.0660055815315059,10.1641059645733
"DNAP",0.00385685618729097,0.621682870922951,0.999489769371616,0.981473534479883,4,1.26012883703598,13.0064418523052,0.65483926992148,3.25713214605182,0.141560147657956,0.378716089436694,0.0655337043746574,10.1781861466782
"DNAP",0.00383612040133779,0.618340489896484,0.999035694209044,0.981027644218285,4,1.26031619098775,13.0158095494517,0.655669732405932,3.25285204163436,0.141583349693066,0.378281891730549,0.0650618624207516,10.1923784389146
"DNAP",0.00381538461538462,0.614998108870016,0.998573070738347,0.98057335973551,4,1.26050516720141,13.0252583600735,0.656506610089397,3.24854400909683,0.141606482855028,0.377842028261903,0.0645900471832916,10.2066845213183
"DNAP",0.00379464882943144,0.611655727843549,0.998101763347224,0.980110547863726,4,1.26069577235161,13.0347886178241,0.657349938813955,3.24420779300818,0.141629542962574,0.377396423922974,0.0641182776573457,10.221105014434
"DNAP",0.00377391304347826,0.608313346817081,0.997621610940008,0.979639050411084,4,1.26088805011936,13.0444025059673,0.658199872028382,3.23984289792269,0.141652535055741,0.376944984964977,0.0636465595426228,10.2356427099463
"DNAP",0.00375317725752508,0.604970965790614,0.997132455090288,0.979158711806881,4,1.26108202123527,13.0541010616756,0.659056517408548,3.23544861738245,0.141675446232755,0.376487578990881,0.0631749002484876,10.2502994304526
"DNAP",0.00373244147157191,0.601628584764146,0.996634138797867,0.978669377880912,4,1.26127770881104,13.063885440434,0.659919949465268,3.23102475216304,0.141698270458914,0.376024146836827,0.0627033127071758,10.2650766028022
"DNAP",0.00371170568561873,0.598286203737679,0.996126480441186,0.978170870285429,4,1.26147516543492,13.0737582721858,0.660790391006679,3.22657025056234,0.141721016119465,0.375554520472575,0.0622317927203584,10.2799780488997
"DNAP",0.00369096989966555,0.594943822711211,0.995609327981051,0.977663039721807,4,1.26167436654369,13.0837183273791,0.66166770622772,3.22208586333029,0.141743683497404,0.375078758534295,0.0617603473817643,10.2950017142254
"DNAP",0.00367023411371237,0.591601441684744,0.995082499978403,0.977145708021508,4,1.26187537131973,13.0937685660092,0.662552148512559,3.21757040082271,0.14176626589496,0.374596669638804,0.0612889883188205,10.3101519339133
"DNAP",0.0036494983277592,0.588259060658276,0.994545820515017,0.976618702437305,4,1.26207820410705,13.1039102054224,0.663443802171295,3.21302355156629,0.141788758627129,0.374108164621763,0.0608177274247848,10.3254303019181
"DNAP",0.00362876254180602,0.584916679631809,0.993999107305891,0.976081843969964,4,1.26228289213856,13.1141446064151,0.664342774293138,3.20844481810815,0.141811169360508,0.37361316801476,0.0603465603203978,10.3408387525097
"DNAP",0.00360802675585284,0.581574298605341,0.993442175561001,0.975534951160381,4,1.2624894751946,13.1244737599835,0.665249223291551,3.20383350852878,0.141833486441656,0.373111526439479,0.0598755091150691,10.3563800946584
"DNAP",0.00358729096989967,0.578231917578874,0.992874834288819,0.974977836459731,4,1.26269795209864,13.134897604637,0.666163121386263,3.19918982821655,0.141855713255342,0.37260323548465,0.0594045661109845,10.3720540492481
"DNAP",0.00356655518394649,0.574889536552407,0.99229688936727,0.974410309245077,4,1.26290838475117,13.1454192375602,0.667084728317457,3.19451262109407,0.141877835592098,0.372088109270389,0.0589337532333802,10.387865065802
"DNAP",0.00354581939799331,0.571547155525939,0.991708151111456,0.973832183250671,4,1.26312079349875,13.1560396750807,0.668014123632147,3.18980142089879,0.141899867447351,0.371566026946495,0.0584630824781266,10.4038146729686
"DNAP",0.00352508361204013,0.568204774499472,0.991108387651396,0.973243230786087,4,1.26333520892237,13.1667604460186,0.668951390646807,3.18505617817539,0.141921797775662,0.371036966604248,0.0579925358371158,10.4199045389373
"DNAP",0.00350434782608696,0.564862393473004,0.990497417179361,0.972643273320762,4,1.26355166410687,13.1775832043038,0.669896687245568,3.18027592692368,0.141943626740882,0.370500751928018,0.0575221442627756,10.4361373884768
"DNAP",0.00348361204013378,0.561520012446537,0.989875032469471,0.97203210736415,4,1.26377019502047,13.1885097512973,0.670850160121998,3.17546000123848,0.141965351478923,0.369957220846016,0.0570519309246996,10.4525157942482
"DNAP",0.0034628762541806,0.558177631420069,0.989240971645201,0.971409475760164,4,1.26399084706614,13.199542353343,0.671811941713734,3.170608249421,0.141986963054481,0.369406365700441,0.0565818641473536,10.4690423020074
"DNAP",0.00344214046822742,0.554835250393602,0.988595050842725,0.970775197959203,4,1.2642136244601,13.2106812229772,0.67278206832154,3.16572014973074,0.142008468891654,0.368848038685647,0.0561119784540598,10.4857176627855
"DNAP",0.00342140468227425,0.551492869367134,0.987937033284932,0.970129041452165,4,1.2644385663981,13.2219283207589,0.673760698335818,3.16079502918426,0.142029865569493,0.368282103980242,0.0556422792129025,10.5025446214706
"DNAP",0.00340066889632107,0.548150488340667,0.987266674502515,0.969470766176409,4,1.26466573547192,13.233286773491,0.674748056031077,3.15583210097976,0.142051140486871,0.367708429442892,0.0551727785105133,10.5195272824484
"DNAP",0.00337993311036789,0.544808107314199,0.98658374890869,0.96880015061145,4,1.26489513318417,13.2447566559884,0.675744146510252,3.15083125039515,0.142072299238271,0.367126944310707,0.0547034837126714,10.5366658348984
"DNAP",0.00335919732441472,0.541465726287732,0.985887988775597,0.968116931855337,4,1.26512682218683,13.2563411087025,0.67674921603979,3.14579139237989,0.14209334241908,0.36653745865768,0.0542343972893451,10.5539646872016
"DNAP",0.00333846153846154,0.538123345261264,0.985179156692392,0.967420876776661,4,1.26536083156133,13.2680415786634,0.677763365246972,3.14071215063451,0.142114263675458,0.365939874646603,0.0537655389404405,10.5714257485445
"DNAP",0.00331772575250836,0.534780964234797,0.984456990432824,0.966711727875912,4,1.26559719957758,13.2798599772692,0.678786755919003,3.13559280442799,0.142135051163325,0.365334041846903,0.053296919625028,10.589051773908
"DNAP",0.00329698996655518,0.531438583208329,0.983721230220569,0.965989230059345,4,1.26583596651843,13.2917983267674,0.679819515142808,3.1304328932882,0.14215571276877,0.364719861709052,0.0528285493898104,10.6068453497373
"DNAP",0.00327625418060201,0.528096202181862,0.982971584906201,0.96525309742563,4,1.26607717002726,13.3038585015813,0.680861820716422,3.12523141848741,0.142176238879355,0.364097142520888,0.0523604259361461,10.6248094724775
"DNAP",0.00325551839464883,0.524753821155394,0.982207795545945,0.964503075698564,4,1.26632085372964,13.31604268647,0.681913783095299,3.11998825879189,0.142196639922939,0.363465828622738,0.0518925720990047,10.6429465558428
"DNAP",0.00323478260869565,0.521411440128927,0.981429571872705,0.963738879843242,4,1.26656707548667,13.3283537765342,0.682975686966192,3.11470186675,0.142216895942462,0.362825647104843,0.0514250070935212,10.6612612418568
"DNAP",0.00321404682274247,0.518069059102459,0.980636615983236,0.962960217326253,4,1.26681583907323,13.3407919546677,0.684047507772095,3.10937243808284,0.142237012738151,0.362176575133812,0.0509577213403625,10.6797535142058
"DNAP",0.0031933110367893,0.514726678075992,0.97982863734677,0.962166802853771,4,1.26706721374352,13.3533606860302,0.685129498342279,3.10399906796425,0.142256988283655,0.361518439797473,0.0504907435230918,10.6984279332724
"DNAP",0.00317257525083612,0.511384297049524,0.979005328794314,0.961358334793658,4,1.26732123912746,13.3660619563045,0.686221818515957,3.09858097466713,0.142276806904116,0.360851089737738,0.0500240845937365,10.7172874052164
"DNAP",0.00315183946488294,0.508041916023057,0.978166340444017,0.960534469570835,4,1.26757795713175,13.3788978563045,0.68732465152815,3.09311713440438,0.142296485988806,0.360174328476299,0.0495577273172427,10.7363351587642
"DNAP",0.00313110367892977,0.504699534996589,0.977311390085498,0.959694930061883,4,1.26783741388462,13.3918706942496,0.688438151370411,3.08760708591325,0.142316006510916,0.359488026496603,0.0490917190976582,10.7555741015751
"DNAP",0.00311036789297659,0.501357153970122,0.976440132884167,0.958839377648006,4,1.26809967803815,13.4049839026292,0.689562546708155,3.08205009211248,0.142335368411711,0.358792043677884,0.0486260695465437,10.7750085937399
"DNAP",0.00308963210702341,0.498014772943655,0.975552228930021,0.957967478546226,4,1.26836475392665,13.4182376968164,0.690697890688936,3.07644552912279,0.142354575195587,0.358086224954433,0.0481607736965125,10.7946394970799
"DNAP",0.00306889632107023,0.494672391917187,0.974647323216145,0.957078884148778,4,1.26863272664677,13.4316363319643,0.69184451248917,3.07079207182725,0.142373606515251,0.357370341730956,0.0476958577575193,10.8144726523232
"DNAP",0.00304816053511706,0.49133001089072,0.973725061272109,0.956173246374719,4,1.26890361685182,13.4451808425903,0.693002465615478,3.06508950419872,0.142392480990132,0.356644293171173,0.0472313239279233,10.8345093517802
"DNAP",0.00302742474916388,0.487987629864252,0.972785076071527,0.955250204813469,4,1.26917750833683,13.4588754167115,0.694172064320148,3.05933663513609,0.142411179032492,0.355907871931326,0.0467672003946651,10.8547552282138
"DNAP",0.0030066889632107,0.484645248837785,0.971826987786437,0.95430938648363,4,1.26945442784989,13.4727213924086,0.695353422480207,3.05353277462356,0.142429703365224,0.355160913929947,0.0463034892998477,10.8752123906169
"DNAP",0.00298595317725753,0.481302867811317,0.970850414105201,0.953350415964897,4,1.26973441885947,13.4867209437403,0.696546703116409,3.04767719735762,0.14244805005232,0.354403255093399,0.0458402047010084,10.8958838651908
"DNAP",0.00296521739130435,0.47796048678485,0.969854942020637,0.95237288769472,4,1.27001758949972,13.5008794737436,0.697752299388117,3.0417684577125,0.142466208571053,0.353634645910328,0.0453773740559356,10.9167768198575
"DNAP",0.00294448160535117,0.474618105758382,0.968840191976871,0.951376428958885,4,1.27030390599803,13.5151953000643,0.698970095542517,3.03580673833524,0.142484187480111,0.352855032742163,0.0449149920352226,10.9378892879571
"DNAP",0.00292374581939799,0.471275724731915,0.967805707287859,0.95036059130331,4,1.27059351518959,13.5296757595225,0.700200638632715,3.02978991495787,0.14250197001625,0.352064078618981,0.044453088543694,10.9592311633584
"DNAP",0.00290301003344482,0.467933343705447,0.966751085298528,0.949324979330954,4,1.27088643406194,13.5443217018203,0.701443990094382,3.02371766971776,0.1425195605607,0.351261658315249,0.0439916794953624,10.9808036608229
"DNAP",0.00288227424749164,0.46459096267898,0.965675882177069,0.948269157210267,4,1.27118270429491,13.5591352147121,0.702700299548637,3.01758931740562,0.142536949234908,0.350447612450636,0.0435307736533501,11.002609679007
"DNAP",0.00286153846153846,0.461248581652512,0.964579630964927,0.947192666399825,4,1.27148239124053,13.5741195624208,0.703969835889811,3.01140354799822,0.142554140819256,0.349621691357363,0.0430703799665198,11.0246539875372
"DNAP",0.00284080267558528,0.457906200626045,0.963461882331635,0.946095065668537,4,1.2717855898753,13.5892794937698,0.705252920029442,3.00515935355306,0.142571118574127,0.348783694805078,0.0426105395593189,11.0469426148933
"DNAP",0.00282006688963211,0.454563819599577,0.962322137452864,0.944975865183598,4,1.27209230586289,13.6046152936419,0.706549618611382,2.99885592324762,0.142587889544201,0.347933426432134,0.0421512352180737,11.0694766857319
"DNAP",0.00279933110367893,0.45122143857311,0.961159918195892,0.943834595430834,4,1.27240267458201,13.6201337281149,0.707860377438225,2.99249193856961,0.142604441391926,0.347070650545048,0.0416925196447103,11.0922646611817
"DNAP",0.00277859531772575,0.447879057546642,0.959974765544274,0.94267080566777,4,1.27271668068299,13.6358340344763,0.70918517489816,2.98606706019406,0.142620772809863,0.346195238659641,0.0412344005508363,11.1153060945453
"DNAP",0.00275785953177258,0.444536676520175,0.958766039119669,0.941483867059162,4,1.27303445472609,13.6517227359516,0.710524518791785,2.97957908133721,0.142636882257211,0.345306796304938,0.0407768653044345,11.1386100883722
"DNAP",0.0027371237458194,0.441194295493707,0.95753328785859,0.940273336672136,4,1.27335601378937,13.6678006893178,0.711878444657174,2.97302792058341,0.142652759420295,0.344405255019598,0.0403199502324232,11.1621776404218
"DNAP",0.00271638795986622,0.43785191446724,0.956275971914601,0.939038684391222,4,1.27368145604015,13.6840728022637,0.713247309238328,2.96641218935187,0.142668405436039,0.343490339835342,0.0398636896486501,11.1860153216735
"DNAP",0.00269565217391304,0.434509533440772,0.954993516664637,0.937779345951184,4,1.27401085995746,13.7005429965109,0.714631442252867,2.95973023347543,0.142683814633868,0.34256174259114,0.0394080999100176,11.2101289464611
"DNAP",0.00267491638795987,0.431167152414305,0.953685324737651,0.936494734748846,4,1.27434426765505,13.7172133827289,0.716030948455917,2.95298176131801,0.142698974331024,0.341619354132275,0.0389531814018886,11.2345210447855
"DNAP",0.00265418060200669,0.427824771387837,0.952350816577431,0.935184281674747,4,1.27468174606586,13.7340873032083,0.717446129843462,2.94616520849822,0.142713888907487,0.34066285528414,0.038498960115906,11.2591967200213
"DNAP",0.00263344481605351,0.42448239036137,0.950989379563206,0.93384738515087,4,1.27502340893729,13.7511704467207,0.718877359475495,2.93927935201185,0.14272854960958,0.339692014608084,0.038045469432495,11.2841632070134
"DNAP",0.00261270903010033,0.421140009334902,0.949600382670147,0.932483425526882,4,1.2753692914574,13.7684645726781,0.720324818649877,2.93232294922497,0.142742953040873,0.338706555893643,0.0375927158485731,11.3094236244767
"DNAP",0.00259197324414716,0.417797628308435,0.94818318271253,0.931091771210759,4,1.27571948900723,13.7859744504009,0.721788809928613,2.92529507068859,0.142757090660114,0.337706286244154,0.0371407269813073,11.3349839427638
"DNAP",0.00257123745819398,0.414455247281968,0.946737107376724,0.929671762007613,4,1.27607406419615,13.8037032097386,0.723269614981578,2.91819411859837,0.142770961959041,0.336690875738488,0.0366895175325583,11.3608490830103
"DNAP",0.0025505016722408,0.4111128662555,0.945261484789409,0.928222738154932,4,1.27643310278821,13.8216551394711,0.724767495134309,2.91101932661373,0.142784560859493,0.335660148272595,0.0362391145716809,11.3870243377374
"DNAP",0.00252976588628763,0.407770485229033,0.943755598473683,0.926743996090619,4,1.27679671774,13.8398358868937,0.726282937952865,2.90376824381834,0.142797876335082,0.334613659758793,0.0357895501986967,11.4135181550008
"DNAP",0.00250903010033445,0.404428104202565,0.942218730707711,0.925234831030085,4,1.27716494368691,13.8582471843316,0.727816023496546,2.89644064421262,0.142810910368253,0.333551291754664,0.0353408297180376,11.4403325842132
"DNAP",0.00248829431438127,0.401085723176098,0.940650138064994,0.923694512947415,4,1.27753787987078,13.8768939941841,0.729367131406554,2.88903484959121,0.142823654733373,0.332472717631032,0.0348929832502904,11.4674745614508
"DNAP",0.00246755852842809,0.39774334214963,0.939049059383217,0.922122294400573,4,1.2779155963148,13.8957798142751,0.730936508848948,2.88154977578207,0.14283611020695,0.331377686957468,0.0344460302855268,11.4949488658628
"DNAP",0.00244682274247492,0.394400961123163,0.937414704357432,0.920517399330202,4,1.27829822566717,13.9149112837162,0.73252469471572,2.873982943975,0.142848253131471,0.330265771238081,0.0340000122038684,11.5227650298292
"DNAP",0.00242608695652174,0.391058580096695,0.935746264128189,0.918879033456888,4,1.2786858221608,13.934291108033,0.734131820442202,2.86633406198177,0.14286009320221,0.329136827043868,0.0335549403561714,11.5509261839978
"DNAP",0.00240535117056856,0.387716199070228,0.934042905118257,0.917206378228994,4,1.27907847036314,13.9539235181458,0.735758234057748,2.85860132886569,0.142871627623186,0.327990495204143,0.0331108386424844,11.5794386154772
"DNAP",0.00238461538461538,0.38437381804376,0.932303766421381,0.915498588258471,4,1.27947624876346,13.9738124383899,0.737404237348344,2.85078333055438,0.142882842933084,0.326826477156766,0.0326677285659104,11.6083079059428
"DNAP",0.00236387959866221,0.381031437017293,0.930527972828345,0.913754804112127,4,1.27987931485363,13.9939657432035,0.739070373368049,2.84287810853342,0.142893731849357,0.325644417907754,0.032225660772289,11.637544335571
"DNAP",0.00234314381270903,0.377689055990825,0.928714614593807,0.911974132443172,4,1.28028769656168,14.0143848291984,0.740756776921348,2.83488463377941,0.142904294494548,0.324444049706161,0.031784638571588,11.6671504209697
"DNAP",0.00232240802675585,0.374346674964358,0.926862764258025,0.910155662509728,4,1.2807014912278,14.0350745619753,0.742463782717283,2.8268015691471,0.142914525248643,0.32322508059953,0.0313446927979394,11.6971326484175
"DNAP",0.00230167224080268,0.37100429393789,0.924971438531764,0.908298428746771,4,1.2811208523467,14.0560426170975,0.744191956428295,2.81862660277925,0.142924415915116,0.321987098803381,0.03090586284279,11.7275014481514
"DNAP",0.0022809364548495,0.367661912911423,0.923039679238886,0.906401490249705,4,1.28154582677965,14.0772913395155,0.745941535913672,2.81035811336412,0.142933953532335,0.320729737039175,0.03046817429506,11.7582609580731
"DNAP",0.00226020066889632,0.364319531884955,0.921066449333368,0.904463828665707,4,1.2819765251953,14.0988262598706,0.747712850863801,2.80199510010161,0.142943140575979,0.319452768522981,0.0300316497409181,11.7894180049054
"DNAP",0.00223946488294314,0.360977150858488,0.919050708821466,0.902484422747371,4,1.28241305982656,14.120652991333,0.749506326817126,2.79353563248109,0.142951970979632,0.318155807090697,0.0295963262821411,11.8209804662091
"DNAP",0.00221872909698997,0.35763476983202,0.916991367345262,0.90046220179095,4,1.28285553243785,14.1427766216996,0.751322351456603,2.78497787005517,0.14296043778,0.316838476077564,0.0291622314721811,11.8529555697807
"DNAP",0.00219799331103679,0.354292388805553,0.914887329704502,0.89839609033765,4,1.28330404432222,14.1652022154739,0.753161291096419,2.77632020321309,0.142968535000316,0.315500436401812,0.0287293997689737,11.885350291565
"DNAP",0.00217725752508361,0.350950007779085,0.912737453092107,0.896284966179981,4,1.28375868495079,14.1879342477311,0.755023464028951,2.76756120840516,0.142976254398574,0.314141372218611,0.028297857479198,11.918170794902
"DNAP",0.00215652173913043,0.347607626752618,0.910540555132441,0.894127668255141,4,1.28421958917697,14.2109794584554,0.756909380630524,2.7586986035289,0.142983591286003,0.312760842426136,0.0278676455515955,11.951426496004
"DNAP",0.00213578595317726,0.344265245726151,0.908295431420426,0.891923013867971,4,1.28468685241013,14.2343426204754,0.758819376625864,2.74973083994825,0.142990545167731,0.311358504883437,0.027438794162768,11.9851239936967
"DNAP",0.00211505016722408,0.340922864699683,0.906000827931181,0.889669771597933,4,1.28516059285278,14.2580296421944,0.760753913392138,2.74065576597384,0.142997098100199,0.309933946521258,0.0270113382204757,12.0192717143768
"DNAP",0.0020943143812709,0.337580483673215,0.903655466035196,0.887366685863364,4,1.28564090942689,14.2820454706542,0.76271328506833,2.73147239397201,0.143003249071135,0.308486905647583,0.0265853088799172,12.0538758568653
"DNAP",0.00207357859531773,0.334238102646748,0.9012580356077,0.88501247015506,4,1.28612794555801,14.3063972776876,0.764698084915625,2.72217765480823,0.143009000349918,0.307016808913422,0.0261607560206365,12.0889470954036
"DNAP",0.00205284280936455,0.330895721620281,0.898807172332034,0.882605784748758,4,1.28662177659055,14.3310888287588,0.76670855941116,2.71277053993272,0.14301433401143,0.30552340114598,0.0257377008353936,12.1244904386344
"DNAP",0.00203210702341137,0.327553340593813,0.89630148134165,0.880145259920982,4,1.28712253707395,14.3561268537374,0.768745183617155,2.70324902625721,0.143019250309009,0.304006268896399,0.0253161874621466,12.1605150184835
"DNAP",0.00201137123745819,0.324210959567346,0.893739511523505,0.877629470715629,4,1.28763034184079,14.381517092086,0.770808395977656,2.69361095270544,0.143023745022268,0.30246496739792,0.0248962516328296,12.197029080061
"DNAP",0.00199063545150502,0.320868578540878,0.891119799190951,0.875056979829636,4,1.28814530943978,14.4072654721802,0.77289862252455,2.68385445615616,0.143027801376681,0.300899120556005,0.0244779358639814,12.2340407689916
"DNAP",0.00196989966555184,0.317526197514411,0.888440821300462,0.872426291672993,4,1.28866755887919,14.4333779441977,0.775016293501376,2.67397754488931,0.143031423607886,0.299308303493755,0.0240612803065786,12.2715583731237
"DNAP",0.00194916387959866,0.314183816487943,0.885700998809813,0.869735855666394,4,1.28919720573684,14.4598602869039,0.777161859239993,2.66397794896931,0.143034605860979,0.297692053806693,0.0236463226146706,12.3095902886467
"DNAP",0.00192842809364548,0.310841435461476,0.882898733457832,0.866984102358015,4,1.28973438437109,14.4867192185792,0.77933571573027,2.65385450040906,0.143037332998968,0.296050107120381,0.0232331091539337,12.3481447785833
"DNAP",0.00190769230769231,0.307499054435008,0.880032351859987,0.864169388526803,4,1.29027920168123,14.5139600838445,0.781538336315222,2.6436043281078,0.14303961739534,0.294381873641837,0.0228216780307395,12.3872303853428
"DNAP",0.00188695652173913,0.304156673408541,0.877100169354431,0.861290059877669,4,1.29083178786073,14.5415893930364,0.783770198444107,2.63322533497431,0.143041424785689,0.292686953611556,0.0224120796357709,12.4268561235846
"DNAP",0.00186622073578595,0.300814292382073,0.874100406626456,0.858344369168821,4,1.29139227438422,14.569613718547,0.786031710629146,2.62271598635508,0.143042774107264,0.290964989579909,0.0220043528763583,12.4670304526555
"DNAP",0.00184548494983278,0.297471911355606,0.871031285320146,0.855330570099977,4,1.29196076139683,14.5980380702996,0.788323280397397,2.61207402021196,0.143043652524037,0.289215503631732,0.0215985444554308,12.5077609579381
"DNAP",0.0018247491638796,0.294129530329138,0.867890924995654,0.85224681612703,4,1.29253739724966,14.626869862488,0.790645406746479,2.60129747979895,0.143044042760478,0.287438110224324,0.02119470127188,12.5490574429336
"DNAP",0.00180401337792642,0.290787149302671,0.864677441160461,0.849091256726253,4,1.29312228411436,14.656114205836,0.792998483869003,2.5903842203833,0.143043953609358,0.285632343572049,0.0207928688054371,12.5909274693407
"DNAP",0.00178327759197324,0.287444768276203,0.861388875408959,0.845861968793146,4,1.2937155552438,14.685777761412,0.79538299606171,2.57933196896311,0.143043376015907,0.283797738871931,0.0203930995622557,12.6333803646756
"DNAP",0.00176254180602007,0.284102387249736,0.858023177026921,0.84255693857849,4,1.29431733000075,14.7158665000185,0.797799378541752,2.56813858365684,0.143042304125614,0.281933842508831,0.0199954357229389,12.6764245983849
"DNAP",0.00174180602006689,0.280760006223268,0.854578320533329,0.83917417711144,4,1.29492774131148,14.7463870664292,0.800248059128601,2.55680249014543,0.143040733822981,0.28004031714007,0.019599935215779,12.720068764633
"DNAP",0.00172107023411371,0.277417625196801,0.851052158082859,0.835711575262509,4,1.29554690462213,14.7773452311039,0.8027295345908,2.54532072635406,0.143038650182478,0.278116583687828,0.0192066462536904,12.7643219739989
"DNAP",0.00170033444816054,0.274075244170333,0.847442517525421,0.832167000035553,4,1.29617494200164,14.8087471001865,0.805244155782918,2.53369209140382,0.143036060262216,0.276162336809825,0.0188156205698729,12.8091918606895
"DNAP",0.00167959866220736,0.270732863143866,0.843747158529893,0.828538251482386,4,1.29681197639421,14.8405988198067,0.807792405873636,2.52191402976613,0.143032955601929,0.274177065223586,0.0184269134390524,12.8546875015267
"DNAP",0.00165886287625418,0.267390482117398,0.83996377048029,0.824823060636873,4,1.29745815023294,14.8729075116588,0.810374763145244,2.50998449645061,0.143029326533109,0.272160348967108,0.0180405838343175,12.9008184845931
"DNAP",0.001638127090301,0.264048101090931,0.83609000747004,0.821019123878423,4,1.29811352040784,14.9056760203914,0.812991465351626,2.49790189373451,0.143025173124265,0.270111806538901,0.0176566704230748,12.9475894334175
"DNAP",0.00161739130434783,0.260705720064464,0.832123446565528,0.817124061947845,4,1.29877825689756,14.9389128439541,0.815643090344563,2.48566373453063,0.143020485241193,0.268030955178043,0.0172752457850957,12.9950118286042
"DNAP",0.00159665551839465,0.257363339037996,0.828061599989939,0.813135431911577,4,1.29945245580383,14.9726227907572,0.81832998032346,2.4732682546688,0.143015261076196,0.26591740104568,0.0168963603763168,13.0430925321477
"DNAP",0.00157591973244147,0.254020958011528,0.823901938557889,0.809050750173894,4,1.30013622536121,15.0068112676756,0.821052534830785,2.46071339856782,0.143009498268387,0.263770715371858,0.0165200728800742,13.0918393322098
"DNAP",0.00155518394648829,0.250678576985061,0.819641854481875,0.804867455953789,4,1.30082967968187,15.0414839840538,0.823811170420351,2.44799697080828,0.143003187888345,0.261590441440787,0.0161464453083965,13.1412604772571
"DNAP",0.00153444816053512,0.247336195958594,0.815278692033945,0.800582941393952,4,1.30153291958715,15.0766459796197,0.826606179590981,2.43511779349407,0.142996326585081,0.259376290631042,0.0157755359741915,13.1913624735557
"DNAP",0.00151371237458194,0.243993814932126,0.810809700090428,0.796194504960908,4,1.30224605187793,15.112302592416,0.829437989353964,2.42207347418535,0.142988908515095,0.25712779106836,0.0154074042368422,13.2421533912193
"DNAP",0.00149297658862876,0.240651433905659,0.806232101093327,0.79169941916334,4,1.3029691786124,15.1484589304392,0.832306948444519,2.40886218220007,0.142980941117746,0.254844525887033,0.0150421172053833,13.2936404582275
"DNAP",0.00147224080267559,0.237309052879191,0.801543032252904,0.787094872814534,4,1.3037023936077,15.1851196810476,0.835213331182917,2.39548279327394,0.142972398508042,0.252526254676614,0.0146797333576942,13.3458297788307
"DNAP",0.00145150501672241,0.233966671852724,0.796739611581169,0.782378035875577,4,1.3044457750636,15.2222887531483,0.838157448047282,2.38193339490091,0.142963295469378,0.250172552030648,0.0143203187985448,13.3987274074236
"DNAP",0.00143076923076923,0.230624290826256,0.791818837564388,0.777545960936317,4,1.30519942366283,15.2599711830651,0.841139676464983,2.36821185543329,0.14295362252703,0.247782989493928,0.0139639411616082,13.4523408249789
"DNAP",0.00141003344481605,0.227281909799789,0.786777692225258,0.772595684419797,4,1.30596340571159,15.2981702855729,0.844160189770724,2.35431734292134,0.14294338314554,0.245357340889946,0.0136106625485457,13.5066743703131
"DNAP",0.00138929765886288,0.223939528773321,0.781613050769227,0.767524137857236,4,1.30673780411692,15.3368902061585,0.847219291554631,2.3402481528183,0.142932532011381,0.242895285502929,0.0132605499373548,13.5617341869711
"DNAP",0.0013685618729097,0.220597147746854,0.776321785919986,0.76232825034283,4,1.3075226808445,15.3761340419679,0.850317167356146,2.32600319784978,0.142921120841236,0.240396502036757,0.0129136726762698,13.6175245979508
"DNAP",0.00134782608695652,0.217254766720386,0.770900686683761,0.757004868762358,4,1.30831809431992,15.4159047159955,0.853454006017912,2.31158125401669,0.142909115417593,0.237860759877835,0.0125700965719883,13.6740499647909
"DNAP",0.00132709030100335,0.213912385693919,0.765346520445331,0.751550818769882,4,1.30912409304957,15.4562046524307,0.856630003124347,2.2969809952744,0.142896505510582,0.235287767805153,0.0122298944670363,13.731314209609
"DNAP",0.00130635451505017,0.210570004667451,0.759655866015158,0.745962740844285,4,1.30994072609075,15.4970363045207,0.859845275739475,2.28220161782143,0.142883310183597,0.232677291300387,0.0118931259304265,13.7893207104249
"DNAP",0.00128561872909699,0.207227623640984,0.753825462967184,0.740237433330097,4,1.31076802975904,15.5384014876809,0.86309993952177,2.26724225449448,0.142869511096515,0.230029152359301,0.0115598715843342,13.8480722916814
"DNAP",0.00126488294314381,0.203885242614516,0.747851889244968,0.734371535854923,4,1.31160603863634,15.5803019313739,0.866394090857455,2.25210220304223,0.142855103728825,0.227343189553165,0.0112302013563518,13.907571501491
"DNAP",0.00124414715719064,0.200542861588049,0.741731613579868,0.728361580802763,4,1.31245477609547,15.6227388047928,0.86972778057299,2.23678071642312,0.142840077813157,0.224619216827735,0.010904182225843,13.967820351445
"DNAP",0.00122341137123746,0.197200480561581,0.735461211088177,0.722204205024919,4,1.3133142292085,15.6657114603853,0.873100945759784,2.22127769916381,0.1428244345784,0.221857160851549,0.0105818865544129,14.0288182629778
"DNAP",0.00120267558528428,0.193858099535114,0.729037133370951,0.715895924083871,4,1.3141843733066,15.7092186672403,0.876513408781742,2.20559366613705,0.142808179191117,0.219057010185513,0.0102633809089667,14.0905634238818
"DNAP",0.0011819397993311,0.190515718508646,0.722455815022336,0.709433236841747,4,1.31506526038452,15.7532630186066,0.879965449975002,2.18972662298871,0.142791264612287,0.21621854304766,0.00994874926524378,14.1530606480198
"DNAP",0.00116120401337793,0.187173337482179,0.715713634049047,0.702812586593253,4,1.31595680718101,15.7978403592933,0.883456649580889,2.17367815686798,0.142773726605264,0.213341856143363,0.0096380505597912,14.2163039275284
"DNAP",0.00114046822742475,0.183830956455711,0.70880698983735,0.696030437627275,4,1.31685901717521,15.8429508581211,0.88698693294908,2.15744849312591,0.142755553702504,0.210427006906536,0.00933136512217092,14.2802932280343
"DNAP",0.00111973244147157,0.180488575429244,0.701732259533483,0.689083232393555,4,1.31777178088659,15.8885890446653,0.890555930361349,2.14103845937158,0.142736713249034,0.207474092437758,0.00902875319037836,14.345022000097
"DNAP",0.00109899665551839,0.177146194402776,0.694485828339578,0.681967421252517,4,1.31869510768698,15.9347553841501,0.894163649655102,2.1244476324309,0.142717204749187,0.204483103695738,0.00873030259395318,14.4104911744107
"DNAP",0.00107826086956522,0.173803813376309,0.687064022505747,0.674679396675204,4,1.31962888950979,15.981444475452,0.897809629326842,2.10767765648572,0.142697036822754,0.201454256625475,0.00843607467921541,14.4766934057899
"DNAP",0.00105752508361204,0.170461432349841,0.679463258120381,0.667215639351561,4,1.32057300751894,16.0286503769673,0.901493365131864,2.09073039965402,0.142676172756586,0.198387858349336,0.0081461383980019,14.5436205862251
"DNAP",0.00103678929765886,0.167119051323374,0.671679835864315,0.659572516644249,4,1.32152736006265,16.076368001491,0.905214504468269,2.07360666380017,0.142654610609156,0.195284054905899,0.00786055874517216,14.6112665612866
"DNAP",0.00101605351170569,0.163776670296907,0.663710107537254,0.651746446113359,4,1.32249187703651,16.1245938518743,0.908972719375274,2.05630762199621,0.142632344651859,0.192143091845616,0.00757941218394638,14.6796264811964
"DNAP",0.000995317725752508,0.160434289270439,0.655550626466758,0.643734043214211,4,1.32346646274339,16.1733231371695,0.912767536278295,2.0388354875015,0.142609352634609,0.18896546333001,0.00730277665323133,14.7486930904058
"DNAP",0.000974581939799332,0.157091908243972,0.647197787982941,0.635531768252652,4,1.32445076200366,16.2225381001708,0.91659771107172,2.02119410212357,0.142585614740957,0.18575157034961,0.00703068377190748,14.8184438262448
"DNAP",0.000953846153846154,0.153749527217504,0.638648122823606,0.627136214501434,4,1.32544476089455,16.2722380447226,0.920463111702137,2.00338424691649,0.142561115903871,0.182501783828111,0.00676322455203912,14.8888772030179
"DNAP",0.000933110367892977,0.150407146191037,0.629898180906849,0.61854399406787,4,1.32644828218555,16.3224141093894,0.924363011808874,1.98540880346049,0.142535833225369,0.179216674157328,0.00650045858078048,14.9599809949717
"DNAP",0.0009123745819398,0.147064765164569,0.620944587181644,0.609751792737687,4,1.32746111638335,16.3730558192125,0.928296603421055,1.96727074911988,0.142509741978968,0.175896770683848,0.00624244726913463,15.031741191021
"DNAP",0.000891638795986622,0.143722384138102,0.611784050586511,0.600756378772208,4,1.3284830614193,16.4241530710652,0.932263031406217,1.94897370283545,0.142482825302791,0.172542763656375,0.00598924990515087,15.1041435125916
"DNAP",0.000870903010033445,0.140380003111634,0.60241338478591,0.591554623270972,4,1.3295138903809,16.4756945190452,0.936261494191567,1.93052040241681,0.142455058112196,0.16915523115438,0.0057409233236561,15.1771732730585
"DNAP",0.000850167224080268,0.137037622085167,0.592829480636557,0.582143473134341,4,1.33055328161452,16.5276640806239,0.940290650895953,1.91191644766831,0.142426403283424,0.165735071389559,0.0054975111642975,15.2508079186557
"DNAP",0.00082943143812709,0.133695241058699,0.583029329242122,0.572519973702645,4,1.33160106117388,16.5800530582094,0.944349815881686,1.89316470578012,0.142396795999801,0.162283015256881,0.00525907804340088,15.3250354609916
"DNAP",0.000808695652173913,0.130352860032232,0.573010073913783,0.562681319780111,4,1.33265699168477,16.6328495842386,0.948438072999376,1.87426871840125,0.142366246505284,0.158799810184913,0.00502567623547288,15.3998397966233
"DNAP",0.000787959866220736,0.127010479005764,0.562768992455714,0.552624838239668,4,1.3337207191055,16.686035955079,0.952554157620002,1.85523300943939,0.142334700972606,0.155286279799613,0.00479734328703384,15.4751977948233
"DNAP",0.000767224080267559,0.123668097979297,0.552303412573003,0.542347904955675,4,1.33479212087628,16.739606043808,0.956697090372422,1.83606414545292,0.142302125018153,0.15174381711048,0.00457414080151195,15.5510963501602
"DNAP",0.000746488294314381,0.120325716952829,0.541610964638097,0.531848193014139,4,1.3358706353238,16.7935317661343,0.960865343762757,1.81676478371625,0.142268439967616,0.148172783507168,0.00435608171222845,15.627503334516
"DNAP",0.000725752508361204,0.116983335926362,0.53068934576201,0.521123441036643,4,1.33695586245908,16.8477931234725,0.965056911896309,1.7973452940578,0.142233564652142,0.144574839313173,0.0041431930376206,15.7043872323943
"DNAP",0.000705016722408027,0.113640954899894,0.519536537341763,0.510171666806397,4,1.33804790650056,16.9023953251073,0.969272232339184,1.77780409251646,0.142197527724308,0.140950632678582,0.00393555644221958,15.7817551265006
"DNAP",0.00068428093645485,0.110298573873427,0.508150664480584,0.498991029222458,4,1.339146180876,16.9573090436492,0.973509179583563,1.75814897105852,0.142160180645158,0.137301335791417,0.00373317337987552,15.8595683958506
"DNAP",0.000663545150501673,0.106956192846959,0.496529274469891,0.487579119787372,4,1.34025059281444,17.0125296406602,0.97776685581288,1.73838601109363,0.142121519048478,0.133628232609397,0.00353607951105523,15.9378160070043
"DNAP",0.000642809364548495,0.103613811820492,0.484671792325747,0.475935373881536,4,1.34136039988293,17.0680199940567,0.982042877191124,1.71852258282766,0.142081416250363,0.129932455797672,0.00334427422725913,16.0164515273544
"DNAP",0.000622073578595318,0.100271430794024,0.472576465714527,0.464058070757897,4,1.34247551361159,17.1237756804478,0.986336423375026,1.69856438509545,0.142039730100061,0.1262154609176,0.00315779416560383,16.0954646728609
"DNAP",0.000601337792642141,0.096929049767557,0.460242265158383,0.45194619949539,4,1.34359556538279,17.1797782693459,0.990646289529935,1.67851511052958,0.14199648881861,0.122478026264954,0.00297664850119639,16.1748322755331
"DNAP",0.000580602006688963,0.0935866687410894,0.4476682941314,0.439598879728365,4,1.34472028709912,17.2360143547993,0.994971338645174,1.65837996138933,0.141951480539042,0.11872150279888,0.00280085077348461,16.2545351621989
"DNAP",0.000559866220735786,0.090244287714622,0.43485389862818,0.427015469240156,4,1.34584939506056,17.2924697530256,0.999310065550942,1.63816667142161,0.141904654754066,0.11494734592862,0.00263041222802001,16.3345506036343
"DNAP",0.000539130434782609,0.0869019066881545,0.421798649566042,0.414195546682482,4,1.34698242226776,17.3491211133853,1.00366090226681,1.61788047001231,0.141855866762258,0.111156506082084,0.00246531652796886,16.414848865574
"DNAP",0.000518394648829431,0.083559525661687,0.408503293289313,0.401139844946491,4,1.34811915349193,17.4059576752749,1.00802281159709,1.59752657177009,0.141804903310462,0.107350558068505,0.00230558362976577,16.4954135605192
"DNAP",0.000497658862876255,0.0802171446352196,0.394964910178951,0.387845497040535,4,1.34925977419807,17.4629887099025,1.01239606729264,1.57710494726394,0.141751761980917,0.103529725866349,0.00215120218014594,16.5762544929619
"DNAP",0.000476923076923077,0.0768747636087521,0.381189563454132,0.374318456891646,4,1.35040270499358,17.5201352517429,1.01677448053563,1.55664125886723,0.141695958832102,0.0996976716766517,0.00200212895583652,16.6572628984644
"DNAP",0.000456187290969899,0.0735323825822845,0.367168460248057,0.360550090128247,4,1.35154949176866,17.5774745885143,1.02116421572102,1.53610770148257,0.141637598605592,0.0958510354750878,0.00185837848018217,16.7385484419324
"DNAP",0.000435451505016723,0.0701900015558171,0.352910687714836,0.346549320104569,4,1.35269879718293,17.6349398590887,1.02555923223352,1.51553356478799,0.141576394310374,0.091994787565856,0.00171993192552043,16.8200110874622
"DNAP",0.000414715719063545,0.0668476205293496,0.338414006966829,0.33231394828989,4,1.35385132418383,17.6925662093193,1.02996266350337,1.49490326097886,0.141512095926708,0.0881275453178285,0.0015868085167015,16.9017041037425
"DNAP",0.000393979933110369,0.0635052395028822,0.323680076053349,0.317845602846467,4,1.35500551760586,17.7502758802985,1.03436746683958,1.47424770723809,0.1414439903039,0.0842522780842799,0.00145885478415358,16.9835147748734
"DNAP",0.000373244147157191,0.0601628584764147,0.308710094946226,0.30314546211612,4,1.35616455480445,17.8082277402194,1.03878607946851,1.45351745226075,0.141372869272844,0.0803672137668741,0.00133623941883544,17.065659879968
"DNAP",0.000352508361204013,0.0568204774499472,0.293509478144835,0.288218842999533,4,1.35732309957031,17.8661549769377,1.04319735475521,1.43279313048743,0.141296769172556,0.07647544496465,0.00121871066412325,17.1477786152149
"DNAP",0.000331772575250837,0.0534780964234798,0.278068425218982,0.2730561217235,4,1.35848734101221,17.9243670506377,1.04762545082148,1.41197759816439,0.141216569150011,0.0725717088400501,0.00110642298298109,17.2302946435643
"DNAP",0.000311036789297659,0.0501357153970122,0.26239993754639,0.257670065310295,4,1.35965665365608,17.9828326826472,1.05206425391794,1.39111125724968,0.141132229333348,0.0686627823423941,0.000999356182688098,17.3131337336094
"DNAP",0.000290301003344482,0.0467933343705447,0.246503482907007,0.242060151133361,4,1.36082525839191,18.0412629195738,1.05649544361191,1.37023831011898,0.141040698748628,0.0647438574672312,0.000897185859806477,17.3959502211367
"DNAP",0.000269565217391305,0.0434509533440773,0.230381041556181,0.226228323753089,4,1.36199990549064,18.0999952746748,1.06093866540632,1.3493127485409,0.140941912746465,0.0608215061101517,0.00080007325084333,17.479145688994
"DNAP",0.000248829431438127,0.0401085723176098,0.214032243991074,0.210174220327088,4,1.36318388861781,18.1591944309167,1.06541075452328,1.32823969923012,0.140839674377972,0.0568793123903117,0.000708293481286518,17.5629868626162
"DNAP",0.00022809364548495,0.0367661912911423,0.197462530687982,0.193903183264718,4,1.36437246086341,18.218623043254,1.06988932941535,1.30711704606845,0.14072781142563,0.0529269219748712,0.000621383103179658,17.6471298902066
"DNAP",0.000207357859531773,0.0334238102646749,0.18067306159665,0.177416351607131,4,1.36556063893866,18.2780319469293,1.07435453099885,1.28600754000341,0.140602858017548,0.0489581305262238,0.000539257252163364,17.7312526435319
"DNAP",0.000186622073578595,0.0300814292382073,0.163666306811191,0.160716150923926,4,1.36677565222677,18.33878261134,1.07890904861493,1.26454010281057,0.140472748035087,0.0449722964623562,0.000462233740895099,17.8171570359658
"DNAP",0.000165886287625418,0.0267390482117398,0.146444418215481,0.143804694310341,4,1.3679992338626,18.3999616931229,1.08348391697975,1.24292108009115,0.140327567798242,0.0409487472238772,0.000390373372541064,17.9036819382351
"DNAP",0.000145150501672241,0.0233966671852724,0.129009398227045,0.126683948089461,4,1.36920455431147,18.4602277153763,1.08795375289684,1.22170995483815,0.140150225849857,0.0369146622001304,0.000322346139624966,17.9888636561145
"DNAP",0.000124414715719064,0.0200542861588049,0.111362884431814,0.109355520329022,4,1.37050481119132,18.5252405595328,1.09278413873427,1.19899784931475,0.139983541890496,0.032802289669737,0.00026074219659841,18.0805578668814
"DNAP",0.000103678929765887,0.0167119051323375,0.0935056980733895,0.0918202174693561,4,1.37180418177103,18.5902090885507,1.09757167851801,1.17638911606582,0.139774602402283,0.0286316410144467,0.000203631963528982,18.1721423606793
"DNAP",8.29431438127094e-05,0.01336952410587,0.0754380606371342,0.0740782570034562,4,1.37315007331291,18.6575036653987,1.10249353139925,1.15315336758791,0.139547951061482,0.0243718239420959,0.000149404229988196,18.2668306301276
"DNAP",0,0,0.000723256219257344,0.000710219213444628,4,1.31436022961319,15.7180114812552,0.882563750894668,2.21843818472101,0.115413180769575,0.15666990383782,3.50773462869302e-05,14.1212212003467
"DNAP",0.0062,0.999371926913777,1.0183562957489,0.999999983568509,4,1.24551718837709,12.2758594173978,0.587388377079656,3.62389643846737,0.138757811166892,0.404777504820586,0.118054300791222,9.03851484644205
"DNAP",0.0082,1.3217499678537,1.01261642549771,0.994363576958337,4,1.23804299320957,11.9021496619483,0.550535471316346,3.84171914708165,0.136435226527166,0.410056872034681,0.160194308694764,8.42543255669554
"DNAP",0.0102,1.64412800879363,1.00048038209998,0.982446290985853,4,1.23250668630437,11.625334321707,0.522180110332676,4.01727903762412,0.134321544285255,0.409632262408888,0.199207828380354,7.95711530383767
"DNAP",0.0122,1.96650604973356,0.985698326953378,0.967930688769402,4,1.22815743658543,11.4078718289284,0.499296821647301,4.163628820406,0.132448053156341,0.406437716823859,0.234860733974878,7.58077076809816
"DNAP",0.0142,2.28888409067349,0.969829312731,0.952347720384101,4,1.22468745914999,11.234372957489,0.480645987341176,4.28607240645989,0.1308257881292,0.401703073771475,0.267005240675873,7.27480711169469
"DNAP",0.0162,2.61126213161342,0.953648233772901,0.936458312364759,4,1.2219447089586,11.0972354311969,0.465619163721156,4.38716464267034,0.129456910204554,0.396024561647434,0.295530894812837,7.02862727748284
"DNAP",0.0182,2.93364017255334,0.93758779503084,0.920687369969443,4,1.21982186391357,10.9910931928094,0.453765261953618,4.4689612057088,0.128329577015854,0.389746457533914,0.320460229116599,6.83450529956917
"DNAP",0.0202,3.25601821349327,0.921895502379743,0.905277937672754,4,1.21820687176089,10.9103435880003,0.444566097933254,4.53419482458877,0.127412938822076,0.383118583606484,0.342062469191379,6.68379194976353
"DNAP",0.0222,3.5783962544332,0.906715962251406,0.890372015313084,4,1.21697881934558,10.8489409673662,0.437426054078674,4.58628075164586,0.126663221321419,0.376354264216235,0.36081934877992,6.56668694910988
"DNAP",0.0242,3.90077429537313,0.892104972820942,0.876024395279332,4,1.21602470767497,10.8012353848258,0.431768179735523,4.62868768983714,0.126035318867644,0.369616089539914,0.377311101022334,6.47375208058513
"DNAP",0.0262,4.22315233631306,0.878077327289839,0.862249604119141,4,1.21525745292115,10.7628726460552,0.427137664915428,4.66423141451548,0.125493186170818,0.363016900831943,0.39204924588537,6.39756904656394
"DNAP",0.0282,4.54553037725298,0.864607068602766,0.849022152664313,4,1.21461651865538,10.7308259316359,0.423212927608193,4.69495281701612,0.125011097557066,0.356614639374503,0.405441438272845,6.33289610952458
"DNAP",0.0302,4.86790841819291,0.851675840584763,0.836324015617873,4,1.2140628264858,10.7031413254333,0.419783638415774,4.72220828280519,0.124572375184858,0.350445692907944,0.417767030264784,6.27630984536725
"DNAP",0.0322,5.19028645913284,0.839249638235685,0.824121800934496,4,1.21357150488798,10.6785752442262,0.416714917526867,4.74688256113872,0.124166339618766,0.344517462355419,0.429229487044878,6.22560932611847
"DNAP",0.0342,5.51266450007277,0.82728498866541,0.812372819341684,4,1.2131280041102,10.6564002083571,0.413924789048819,4.76954135302343,0.123785787421914,0.338820363731709,0.439977138312562,6.17945867222516
"DNAP",0.0362,5.83504254101269,0.815760876697314,0.801056434470451,4,1.21271252375496,10.6356261876628,0.411304294543502,4.79088929518329,0.123423957528009,0.333370848685012,0.450149493229853,6.13610399238846
"DNAP",0.0382,6.15742058195262,0.804637741811633,0.790133798896492,4,1.2123282960373,10.6164148010427,0.40886953631825,4.81086285836458,0.123079614134136,0.328131004441926,0.459788324594393,6.09578080276182
"DNAP",0.0402,6.47979862289255,0.793887640608828,0.779577472912119,4,1.21196570241962,10.5982851179983,0.406564602431127,4.82984489926511,0.122749253354138,0.323099370558427,0.468979952302593,6.05759580251953
"DNAP",0.0422,6.80217666383248,0.783490224907169,0.769367475120366,4,1.21161884154052,10.5809420584697,0.404362409871912,4.84798490580266,0.12243109176482,0.318265751052761,0.47777166391848,6.02108788958625
"DNAP",0.0442,7.12455470477241,0.773421890651228,0.759480626939103,4,1.21128870532396,10.5644352648046,0.402261218223221,4.86534942188497,0.122124006772871,0.313614259816254,0.486198819631333,5.98624192152911
"DNAP",0.0462,7.44693274571233,0.763654039418216,0.749888845444465,4,1.21097149565922,10.5485747829347,0.400240160518722,4.88207832587852,0.121826148175809,0.309133778913354,0.494305159728089,5.9527171769493
"DNAP",0.0482,7.76931078665226,0.754174903295515,0.740580574845545,4,1.2106658369174,10.5332918472214,0.398291599077314,4.89822486299013,0.121537099396909,0.304815054945311,0.502113648672019,5.9203873310148
"DNAP",0.0502,8.09168882759219,0.744964562433901,0.731536254357006,4,1.21037159798308,10.5185798961124,0.396412411789294,4.91383037253011,0.121256337791031,0.300645542895122,0.509647928272474,5.8892034342318
"DNAP",0.0522,8.41406686853212,0.736007148019632,0.722740301207329,4,1.21008625700117,10.5043128485371,0.394596977790502,4.92888768191867,0.120983268056258,0.296615793845223,0.516918807828631,5.85904125132949
"DNAP",0.0542,8.73644490947205,0.727288189173377,0.714178505361036,4,1.20981916796761,10.4909583930563,0.392893531049646,4.94311604081932,0.12072155170384,0.292700132915124,0.523897288811112,5.83067502078853
"DNAP",0.0562,9.05882295041197,0.718794404382535,0.705837824710528,4,1.20953315543788,10.4766577802727,0.391066924866049,4.9581734483075,0.120453616633961,0.288965822873308,0.53084721159536,5.80047445561582
"DNAP",0.0582,9.3812009913519,0.710513756636988,0.697706439217994,4,1.20927224836419,10.4636124083329,0.389393424252571,4.97213408934492,0.120198895540774,0.285316719445853,0.537484050193893,5.77270168789039
"DNAP",0.0602,9.70357903229183,0.702435083727384,0.689773387877727,4,1.20901836277297,10.4509181391134,0.387764030616613,4.98573952958527,0.119949782249424,0.281777945631739,0.543930805149862,5.74565632937871
"DNAP",0.0622,10.0259570732318,0.694550115820976,0.68203054992429,4,1.20877122105267,10.4385610525993,0.386188019037233,4.99887171094743,0.119704720766879,0.278337777510124,0.550179235033835,5.71944596984494
"DNAP",0.0642,10.3483351141717,0.686843495030889,0.674462844303353,4,1.20851481152834,10.4257405769921,0.384572077669063,5.01214293441935,0.11946541304336,0.275015567489611,0.556324530279899,5.69260240069425
"DNAP",0.0662,10.6707131551116,0.679314189597861,0.66706925785356,4,1.20826764944429,10.4133824722055,0.382986763012365,5.02530579908808,0.119225783564444,0.271796508635776,0.562341719879607,5.66635610984296
"DNAP",0.0682,10.9930911960515,0.671946728139162,0.659834598070539,4,1.20803002045196,10.4015010193036,0.381473365853475,5.03786884674021,0.118993675136415,0.268650758744203,0.568160439729106,5.64121660086734
"DNAP",0.0702,11.3154692369915,0.664739085856468,0.65275687665383,4,1.20779860163114,10.3899300865541,0.37999305222043,5.05019175758239,0.118765730647926,0.26559209295034,0.573838611138212,5.61664650168175
"DNAP",0.0722,11.6378472779314,0.657682533910392,0.645827522105149,4,1.20757931242444,10.3789656225827,0.378595559751059,5.06187480590461,0.118543939797948,0.262591742404728,0.579327835523732,5.59336111132037
"DNAP",0.0742,11.9602253188713,0.650770700242691,0.639040277225354,4,1.2073510130145,10.3675511195863,0.377320839079931,5.07174526311084,0.118339057443673,0.259597794948006,0.584447230752248,5.57144287952676
"DNAP",0.0762,12.2826033598113,0.643996466713925,0.632388152182542,4,1.20712550867626,10.3562754343972,0.375665376080357,5.08627017303436,0.118102993610717,0.25689399048114,0.590185930000089,5.54493875762188
"DNAP",0.0782,12.6049814007512,0.637355385241551,0.625866779072783,4,1.20689752932051,10.3448764626094,0.374219943218745,5.09815159619654,0.117887610766193,0.254155560081193,0.595435495709917,5.52099086197751
"DNAP",0.0802,12.9273594416911,0.630841886033827,0.619470688502235,4,1.20669572358556,10.3347861784069,0.372891636783494,5.10943477092559,0.117677366352253,0.25146482584636,0.600516912511905,5.49902425090493
"DNAP",0.0822,13.249737482631,0.624451130222135,0.613195128824978,4,1.20646535050611,10.3232675254421,0.371558556735923,5.11983508092008,0.117476322032531,0.248806377757961,0.605387004938302,5.47645289757918
"DNAP",0.0862,13.8944935645109,0.612019265573894,0.600987353907827,4,1.20615493568056,10.3077467775234,0.369402800882,5.13923295613472,0.117087693530156,0.24365791679659,0.614675575458098,5.44062339602145
"DNAP",0.0902,14.5392496463907,0.600024600766053,0.589208898115073,4,1.20567907534028,10.2839537684231,0.366597662459838,5.16104014288775,0.116682046043688,0.238840044864688,0.624097862899894,5.39366509730704
"DNAP",0.0942,15.1840057282706,0.588432983648918,0.577826224904276,4,1.20527568705286,10.2637844288352,0.363809096719354,5.1848689906668,0.116273925218598,0.234301134346052,0.633621915086733,5.34844519469027
"DNAP",0.0982,15.8287618101505,0.57722434084933,0.5668196227335,4,1.20486591000641,10.2432954904079,0.36118391580966,5.20646444690343,0.1158822539021,0.229903003064903,0.642560509265213,5.30516012768779
"DNAP",0.1002,16.1511398510904,0.571754287595877,0.561448169553109,4,1.20470986912696,10.2354934640475,0.360052463782286,5.21654157328898,0.115697186913478,0.227772961480599,0.646812336879223,5.28680984346014
"DNAP",0.1042,16.7958959329702,0.56107380920703,0.550960211401393,4,1.20445254033755,10.2226273765509,0.359010784181306,5.22392800029584,0.115443878647005,0.223156222092403,0.653132714128203,5.26593240126895
"DNAP",0.1062,17.1182739739102,0.555849996770429,0.545830560440749,4,1.20412451214581,10.2062259421712,0.356579631167997,5.24406556277882,0.115185024562448,0.221471642889113,0.658915463726232,5.22833526995626
"DNAP",0.1082,17.4406520148501,0.550705333248341,0.540778631701241,4,1.20390516201546,10.1952580972285,0.354905506306749,5.25859764168867,0.114951027747734,0.219662216312109,0.6637358785898,5.20215052839327
"DNAP",0.1122,18.08540809673,0.540658366971095,0.530912766331624,4,1.20373122181301,10.1865609337845,0.354360417596242,5.26256808725492,0.114712638560273,0.215284618116158,0.669147936696385,5.1891321608198
"DNAP",0.1142,18.4077861376699,0.535721895154431,0.526065276552107,4,1.20291874682821,10.1459373425391,0.350268389737162,5.28725949521359,0.114425330553392,0.213858954677927,0.67555689061831,5.12148223307866
"DNAP",0.1162,18.7301641786098,0.530886816164941,0.52131735195025,4,1.20310214170146,10.15510706363,0.351275607681921,5.28242662462712,0.114376146359435,0.211603659710683,0.676967097636084,5.13607122295532
"DNAP",0.1182,19.0525422195497,0.526100812220833,0.51661761779488,4,1.20277104650495,10.1385523084048,0.349432618294929,5.29536738957443,0.11416334508914,0.209902224299441,0.68135228945386,5.10563139987717
"DNAP",0.1202,19.3749202604897,0.521377990121607,0.511979926604342,4,1.2025201563097,10.1260078447657,0.347476961054446,5.31213358905048,0.113961479674517,0.208340646090713,0.686312433000198,5.07548023270808
"DNAP",0.1222,19.6972983014296,0.516723549762163,0.507409384543185,4,1.2038425268164,10.1921263331228,0.352676797677495,5.29311646115382,0.113969175479863,0.205849464146364,0.685218107365215,5.16430331268382
"DNAP",0.1262,20.3420543833095,0.507605618273679,0.498455807708902,4,1.20187546158266,10.0937729996973,0.344120619828955,5.3360046369072,0.113451421118979,0.203052829629199,0.696686084964344,5.01763185458004
"DNAP",0.1302,20.9868104651893,0.498708696455039,0.489719256749685,4,1.20140502458245,10.0702512415279,0.340628155551479,5.36540653754956,0.113039817624616,0.200083384303834,0.705673474167102,4.96321057301384
"DNAP",0.1322,21.3091885061292,0.494366193850369,0.485455029630509,4,1.20188703627651,10.0943517556305,0.341554869282388,5.37075118522607,0.112881547293704,0.19846673259561,0.708481724743876,4.98316785322829
"DNAP",0.1402,22.5987006698889,0.477458920742204,0.468852517424386,4,1.20103423722167,10.0517120548174,0.335883145507054,5.41654373617947,0.112144073139317,0.192578009560844,0.7238471036354,4.89217294036737
"DNAP",0.1442,23.2434567517688,0.4693169315593,0.460857291114,4,1.20069016787362,10.0345083309656,0.333589752340387,5.43544042629951,0.111816283382887,0.189645877953929,0.730716483292003,4.85504373147234
"DNAP",0.1582,25.5001030383483,0.442359767990496,0.434386042064537,4,1.20091596818599,10.0457983997911,0.333843289206271,5.44779087880551,0.111220584372602,0.178907133426705,0.74447692737609,4.85467429377275
"DNAP",0.1862,30.0133956115073,0.393882929610937,0.386783019639696,4,1.19718038889887,9.85901946372834,0.309105904290415,5.63964441513894,0.108322728625092,0.163770616206582,0.79902862078159,4.46483840672896
"R",0.5351,0.999967414968252,1.01835631108083,0.999999998624083,4,1.24550164516382,12.275082257778,0.587312895610795,3.62435747022633,0.13875393681552,0.404811991541096,0.118117466375995,9.03723026214955
"R",0.5331,0.99622991762208,1.01833638350216,0.999980430248624,4,1.24518735960771,12.2593680697841,0.585731162985725,3.63677269739695,0.138706357674935,0.407234759709892,0.118117081059015,9.0080091981164
"R",0.5311,0.992492420275909,1.01827729864376,0.999922410420326,4,1.24487238459962,12.2436192719886,0.58414680976239,3.64919750258489,0.138658494249965,0.409662429666236,0.11811428315243,8.97874230996346
"R",0.5291,0.988754922929737,1.01817913142448,0.999826012707575,4,1.2445567212314,12.2278361530392,0.582559857235281,3.66163173451507,0.138610348360867,0.412094928655064,0.118109115387853,8.94943004957844
"R",0.5271,0.985017425583565,1.01804196185744,0.999691315681241,4,1.24424038437608,12.2120192230537,0.58097035604682,3.67407511429874,0.138561922449835,0.414532238377806,0.118101539509688,8.92007323920455
"R",0.5251,0.981279928237394,1.01786586799523,0.999518395986973,4,1.24392337272011,12.1961686697512,0.579378330181725,3.68652742748987,0.138513219334923,0.416974301458803,0.118091570416748,8.89067229381079
"R",0.5231,0.977542430891222,1.01765093401035,0.999307336280034,4,1.24360569772138,12.180284885703,0.577783805033933,3.69898855185339,0.138464239877062,0.419421079919946,0.118079215433814,8.86122775158137
"R",0.5211,0.97380493354505,1.01739724240122,0.999058217571752,4,1.24328736332655,12.1643681862117,0.57618681075057,3.7114582354112,0.138414984511251,0.421872534093902,0.118064464426153,8.83174019738776
"R",0.5191,0.970067436198878,1.01710487953689,0.99877112467436,4,1.24296837907306,12.1484189642559,0.57458738485785,3.72393636166805,0.138365458515245,0.424328613401207,0.118047349246532,8.80221016266138
"R",0.5171,0.966329938852706,1.01677393245812,0.998446143059658,4,1.24264874949967,12.1324374749066,0.572985541468305,3.73642279609432,0.138315666006889,0.426789279518746,0.118027868525821,8.77263804748837
"R",0.5151,0.962592441506535,1.01640449021214,0.998083360169771,4,1.24232848417738,12.1164241982558,0.571381333005182,3.74891719129714,0.138265604045727,0.429254488314446,0.11800600447338,8.74302471305757
"R",0.5131,0.958854944160363,1.01599664330962,0.997682864883866,4,1.24200761165048,12.1003805848228,0.569774869388405,3.76141920724824,0.138215273157363,0.431724206167386,0.117981736688959,8.71337203330464
"R",0.5111,0.955117446814191,1.01555048420458,0.997244747989445,4,1.2416860940048,12.0843047136342,0.568166045515422,3.7739287766943,0.138164688912938,0.43419835289122,0.117955093602252,8.68367804994576
"R",0.5091,0.951379949468019,1.01506610732168,0.996769102209116,4,1.24136393519039,12.0681967541469,0.566554794546921,3.78644647683035,0.138113837506233,0.436676936027168,0.117926191007091,8.6539423564432
"R",0.5071,0.947642452121848,1.0145436080178,0.996256021180924,4,1.24104119200865,12.0520596005049,0.564941416964134,3.79897099431051,0.138062728165394,0.439159874456325,0.117894870670976,8.62416932931181
"R",0.5051,0.943904954775676,1.01398308448354,0.995705601325519,4,1.24071784851002,12.0358923323515,0.563325821601843,3.81150256102561,0.138011367058151,0.44164713827959,0.117861190291098,8.59435776288244
"R",0.5031,0.940167457429504,1.01338463252417,0.995117936721267,4,1.24039390627889,12.0196953233792,0.561708044531937,3.82404096656908,0.137959749483774,0.444138679990634,0.117825160791353,8.56450826434136
"R",0.5011,0.936429960083332,1.01274835574635,0.994493129107247,4,1.24006937819767,12.0034689151887,0.560088100447538,3.83658611113406,0.13790787902876,0.446634474115146,0.117786780435385,8.53462129811402
"R",0.4991,0.932692462737161,1.01207435501878,0.993831277533974,4,1.23974428943127,11.9872144444364,0.558466140565132,3.84913732112832,0.137855761541506,0.449134440738517,0.117746006543611,8.50469894507804
"R",0.4971,0.928954965390989,1.01136255123238,0.993132304318333,4,1.23941850491254,11.9709252416856,0.556841485885986,3.86169877096948,0.137803380356718,0.45163920618835,0.117702998996597,8.47472994371738
"R",0.4951,0.925217468044817,1.0106135969723,0.992396850282356,4,1.2390923373161,11.9546169342466,0.555215703011182,3.87425950533648,0.137750784741039,0.454146798079676,0.117657613412666,8.44474189732098
"R",0.4931,0.921479970698646,1.00982705127551,0.991624482411551,4,1.23876552945088,11.9382764944854,0.553587465566086,3.88682942181013,0.137697930489952,0.456659093966953,0.117609892741393,8.41471100410998
"R",0.4911,0.917742473352474,1.00900320343568,0.990815484784954,4,1.23843818654385,11.9219093260511,0.55195730013006,3.89940486507399,0.137644834434085,0.459175416447483,0.117559813493258,8.38464667759973
"R",0.4891,0.914004976006302,1.00814216395482,0.989969965912721,4,1.23811026458528,11.9055132208549,0.550325075370922,3.91198591831778,0.137591506327997,0.46169567607239,0.117507450246939,8.35454650479088
"R",0.4871,0.91026747866013,1.00724404290537,0.989088033883194,4,1.23778181952666,11.8890909720883,0.548690950542633,3.92457236535892,0.137537937105376,0.464219889998801,0.117452765547484,8.32441365002135
"R",0.4851,0.906529981313958,1.00630895357402,0.988169799941022,4,1.23745284322809,11.8726422012774,0.547054924269615,3.93716393801229,0.137484136934328,0.466747986275766,0.117395763052252,8.29424797905298
"R",0.4831,0.902792483967787,1.00533700648524,0.987215372618414,4,1.23712334433998,11.8561672700494,0.545417045104768,3.94976035505684,0.137430104409723,0.469279922002543,0.117336439956738,8.26405016077314
"R",0.4811,0.899054986621615,1.0043283192016,0.986224867358834,4,1.23679333659491,11.8396668571504,0.543777372330483,3.9623612857523,0.137375846502118,0.471815647544383,0.117274774820217,8.23382124319288
"R",0.4791,0.895317489275443,1.00328300530659,0.985198395698377,4,1.23646280964741,11.8231404429037,0.542135811055865,3.97496734968922,0.137321357753065,0.474355155348267,0.117210886553831,8.20356005541306
"R",0.4771,0.891579991929272,1.00220118523836,0.984136075904246,4,1.23613177393234,11.8065888153317,0.540492502345738,3.9875774197189,0.137266642975885,0.476898342966387,0.117144663802258,8.17326856033224
"R",0.4751,0.8878424945831,1.00108297175575,0.983038018702749,4,1.23580027059496,11.7900135305113,0.538847543136734,4.00019144193018,0.137211713332289,0.479445213548508,0.117076097304035,8.14294844977579
"R",0.4731,0.884104997236928,0.999928489465862,0.981904346454894,4,1.23546823639772,11.7734118786992,0.537200695371405,4.01281013071393,0.137156554084601,0.481995714350591,0.117005346419904,8.11259616132083
"R",0.4711,0.880367499890756,0.998737860090144,0.980735178688048,4,1.23513575508998,11.7567877455148,0.535552327708244,4.02543191441791,0.137101183936958,0.484549778864139,0.116932208203582,8.08221735981781
"R",0.4691,0.876630002544584,0.997511203954518,0.979530633559206,4,1.23480277914749,11.740138938775,0.533902192931685,4.038057940288,0.137045598021366,0.487107399768209,0.116856877112212,8.05180857972043
"R",0.4671,0.872892505198413,0.996248640788846,0.978290828640047,4,1.23446936038936,11.7234680528482,0.532250580222874,4.05068676911765,0.136989798927808,0.489668502498682,0.116779181823657,8.02137400890451
"R",0.4651,0.869155007852241,0.994950299137905,0.977015890158272,4,1.23413544791472,11.7067724027824,0.530597216108402,4.06331951685449,0.136933784179532,0.492233073872729,0.116699309122043,7.99090970066922
"R",0.4631,0.865417510506069,0.993616303839587,0.975705940701518,4,1.23380111665909,11.6900558194179,0.528942458375203,4.075954699844,0.136877564251872,0.494801042245766,0.116617080779716,7.96042117478991
"R",0.4611,0.861680013159897,0.992246779704693,0.974361102830816,4,1.23346630219263,11.6733151085639,0.527286006833149,4.08859342289631,0.136821138101387,0.497372388703239,0.116532679624924,7.92990395545793
"R",0.4591,0.857942515813726,0.990841857839527,0.972981505289223,4,1.23313107733516,11.6565538111624,0.525628180737505,4.10123442828491,0.136764507674081,0.499947057430398,0.116445960658399,7.89936304082521
"R",0.4571,0.854205018467554,0.989401661302164,0.971567268916639,4,1.23279541901215,11.6397709383727,0.523968894622462,4.11387796854256,0.13670767518262,0.502525014272313,0.116356988763663,7.86879713681193
"R",0.4551,0.850467521121382,0.987926321150779,0.970118522408858,4,1.23245932498165,11.6229662442741,0.522308139234424,4.1265239255782,0.136650643918862,0.505106209675903,0.116265778305665,7.83820610113891
"R",0.4531,0.84673002377521,0.986415970360841,0.96863539634441,4,1.23212279289604,11.6061396450977,0.520645908212633,4.13917223623166,0.136593418691062,0.507690596093418,0.116172356835177,7.80758990835809
"R",0.4511,0.842992526429039,0.984870739120499,0.967118018564744,4,1.23178586960336,11.5892934831602,0.518982383265909,4.15182232438424,0.136535998409333,0.510278147561889,0.116076656933736,7.77695160647771
"R",0.4491,0.839255029082867,0.983290760009253,0.96556651925956,4,1.23144854015538,11.5724270021929,0.517317503043139,4.16447431548052,0.136478379276447,0.512868825614879,0.115978736902708,7.74629027732927
"R",0.4471,0.835517531736695,0.981676162164515,0.963981025238511,4,1.23111078936471,11.555539467912,0.515651240369327,4.17712807651446,0.136420575861948,0.515462563272025,0.115878613989236,7.71560527428019
"R",0.4451,0.831780034390524,0.980026667763486,0.962361263686674,4,1.23077260723368,11.5386303603,0.51398341831425,4.18978619378163,0.13636256444861,0.518060026897971,0.115776167843648,7.68489341196559
"R",0.4431,0.828042537044352,0.978343661025973,0.960708593872696,4,1.23043418745238,11.5217093933287,0.512315120629196,4.20243930559893,0.136304400597605,0.520659156068187,0.115671578899642,7.65417445877166
"R",0.4411,0.82430503969818,0.976626025258598,0.959021919232078,4,1.23009530523655,11.5047652535284,0.51064515911751,4.21509689873662,0.13624603539389,0.52326191039379,0.115564763682414,7.62342683394789
"R",0.4391,0.820567542352008,0.974874312494958,0.957301781847777,4,1.22975605070867,11.4878025186112,0.508974015533571,4.22775535695122,0.136187490648807,0.525867574097997,0.115455726371046,7.59265903844958
"R",0.4371,0.816830045005836,0.973088211823774,0.955547876412821,4,1.22941634539412,11.4708172697091,0.507301268754303,4.24041787093844,0.136128750588002,0.528476783332097,0.115344454233377,7.56186369287962
"R",0.4351,0.813092547659665,0.971269215394962,0.95376166818048,4,1.22907646246061,11.4538230252651,0.505628264956595,4.25307453048746,0.136069864306512,0.53108751643523,0.115231021150228,7.53106512873032
"R",0.4331,0.809355050313493,0.969416102734396,0.9519419586762,4,1.22873612292999,11.4368061729773,0.503953675847436,4.26573497203516,0.136010788718009,0.533701700609985,0.115115382925562,7.50023919229831
"R",0.4311,0.805617552967321,0.967529465818923,0.950089329206192,4,1.22839546435414,11.4197732085183,0.50227808520238,4.2783955555805,0.135951540545063,0.536318667593532,0.11499750996546,7.46939642651706
"R",0.4291,0.801880055621149,0.9656094480682,0.948203920604911,4,1.22805444124389,11.4027220441966,0.500601353057773,4.29105649314799,0.135892121122319,0.538938340977424,0.114877493571487,7.43853441753682
"R",0.4271,0.798142558274978,0.963656188727109,0.946285869607289,4,1.22771308621298,11.3856543348463,0.498923602754941,4.3037173929345,0.135832537882868,0.541560700868856,0.114755283975424,7.40765530557851
"R",0.4251,0.794405060928806,0.96166982921935,0.944335315087802,4,1.22737142684996,11.3685713638432,0.497244942360452,4.31637781333502,0.135772781059494,0.54418571935245,0.114630843491502,7.37676089136438
"R",0.4231,0.790667563582634,0.959650505342548,0.942352390396266,4,1.2270294374167,11.3514717652272,0.495565235119657,4.3290383347471,0.135712864352987,0.546813367221678,0.114504278071596,7.34584913759126
"R",0.4211,0.786930066236462,0.957598360258207,0.940337236113638,4,1.22668711333797,11.3343556723663,0.493884547935948,4.3416983271562,0.13565278819592,0.549443571306826,0.114375544179361,7.31492082959366
"R",0.4191,0.783192568890291,0.955513544650439,0.938290000207879,4,1.22634449720102,11.3172249618995,0.492202992920857,4.35435760572515,0.13559255029364,0.552076323990664,0.114244626016264,7.28397812853771
"R",0.4171,0.779455071544119,0.953396190187404,0.936210811973779,4,1.22600158246386,11.3000791087963,0.490520544848276,4.36701612408865,0.135532153266423,0.55471159502031,0.114111533412327,7.25302052722897
"R",0.4151,0.775717574197947,0.951246455377254,0.934099827062309,4,1.22565838325526,11.2829192116187,0.48883732402347,4.37967320052078,0.135471608198632,0.557349300269769,0.113976224528165,7.22204986467415
"R",0.4131,0.771980076851775,0.949064467256392,0.931957170219986,4,1.22531487078584,11.265743646211,0.487153103823964,4.39233015940842,0.135410901996327,0.559989489726383,0.113838881092414,7.19106309837566
"R",0.4111,0.768242579505604,0.946850378016899,0.929782990895564,4,1.22497109071401,11.2485545349121,0.485468152023908,4.40498547281975,0.135350047932085,0.562632068064787,0.113699321907995,7.16006400301354
"R",0.4091,0.764505082159432,0.944604331471668,0.927577430309646,4,1.2246270403812,11.2313520522317,0.483782461595137,4.41763922005446,0.135289049508133,0.565277008305416,0.113557582163017,7.12905267884213
"R",0.4071,0.76076758481326,0.942326480166651,0.925340638258478,4,1.22428270819463,11.2141354567458,0.482095983556574,4.43029146805879,0.135227900499666,0.56792426951105,0.113413709978006,7.09802828738546
"R",0.4051,0.757030087467088,0.940016952159207,0.923072740491129,4,1.22393810199864,11.1969050863603,0.480408678750901,4.44294273424103,0.135166604649284,0.570573873083506,0.113267774596578,7.06699064857393
"R",0.4031,0.753292590120917,0.937675909575165,0.920773896211039,4,1.22359325452137,11.1796627248539,0.47872078070323,4.45559161493262,0.135105167017005,0.573225722763939,0.11311962105617,7.03594306555923
"R",0.4011,0.749555092774745,0.935303495219245,0.918444245648813,4,1.22324814667478,11.1624072960966,0.477032147421022,4.46823887074416,0.135043587117474,0.575879818880269,0.112969373790657,7.004883631023
"R",0.3991,0.745817595428573,0.932899843806226,0.916083921090937,4,1.22290277977946,11.1451389895041,0.475342832190608,4.48088410036857,0.134981878387937,0.578536112171162,0.11281699853978,6.97381294701654
"R",0.3971,0.742080098082401,0.930465117226272,0.913693081509436,4,1.22255717497684,11.1278587446272,0.473652891095522,4.49352713616589,0.134920027315687,0.581194582001255,0.112662494060124,6.94273217679135
"R",0.3951,0.73834260073623,0.927999452605881,0.911271861559042,4,1.22221134299569,11.1105672457607,0.471962414588036,4.50616744233519,0.134858048197727,0.583855181727269,0.112505802116018,6.91164257770704
"R",0.3931,0.734605103390058,0.925502997019924,0.908820405663539,4,1.2218652739326,11.0932636984144,0.470271287189321,4.51880575479328,0.134795931675414,0.58651791358319,0.112347056455076,6.88054257072539
"R",0.3911,0.730867606043886,0.922975901870609,0.906338862496044,4,1.2215189692893,11.0759484676001,0.468579536112743,4.53144187683465,0.134733681353575,0.589182748414086,0.112186240556187,6.84943274189261
"R",0.3891,0.727130108697714,0.920418311896328,0.903827374185978,4,1.22117245073413,11.0586225300927,0.466887292574049,4.54407500877086,0.134671305621459,0.59184962208952,0.1120232713535,6.81831491494615
"R",0.3871,0.723392611351543,0.917830374890278,0.901286085862499,4,1.22082571903427,11.0412859447394,0.46519453583555,4.55670535784524,0.134608805554674,0.594518529198205,0.111858186255497,6.78718895022749
"R",0.3851,0.719655114005371,0.91521224180909,0.898715145761184,4,1.22047878032317,11.0239391406071,0.463501331414393,4.56933247862282,0.134546184486671,0.597189415901644,0.111690953483415,6.7560557475968
"R",0.3831,0.715917616659199,0.912564051459443,0.896114690186659,4,1.220131626725,11.0065813296005,0.461807546449595,4.58195726199735,0.134483438774162,0.599862304586719,0.111521715551783,6.72491357018128
"R",0.3811,0.712180119313027,0.909885963372243,0.893484875794216,4,1.21978428313896,10.9892142523781,0.460113414470419,4.59457831236931,0.134420575892719,0.602537097260779,0.111350307845972,6.69376566452608
"R",0.3791,0.708442621966856,0.907178107617693,0.890825830309488,4,1.21943673444971,10.9718367175856,0.458418730437416,4.60719677039527,0.134357584661673,0.605213882626456,0.111176852964036,6.66260963095798
"R",0.3771,0.704705124620684,0.904440648197345,0.888137714777827,4,1.21908900689105,10.9544503410286,0.456723744482524,4.61981129960068,0.134294489457677,0.607892497637823,0.11100125511107,6.6314484967576
"R",0.3751,0.700967627274512,0.901673727924384,0.885420669438149,4,1.21874109673765,10.9370548895483,0.455028344249316,4.63242264128557,0.134231276341257,0.610573014954266,0.110823584513767,6.60028128541936
"R",0.3731,0.69723012992834,0.898877491055786,0.882674835947135,4,1.21839298082719,10.9196490402586,0.453332468017887,4.64503080963062,0.134167943302235,0.613255373343757,0.110643897231069,6.56910658930052
"R",0.3711,0.693492632582169,0.896052090242403,0.879900364204041,4,1.2180447048733,10.9022352556616,0.451636313944285,4.65763504188824,0.134104506174991,0.615939547861236,0.110462075104427,6.53792776089896
"R",0.3691,0.689755135235997,0.893197667401168,0.877097393567684,4,1.21769625762364,10.8848129084855,0.449939827624366,4.67023553847626,0.134040963126747,0.618625518352399,0.110278171505489,6.50674393480974
"R",0.3671,0.686017637889825,0.890314375776157,0.874266074519852,4,1.21734764483249,10.8673822396417,0.448243029455298,4.68283222842562,0.133977308433268,0.621313268164847,0.110092196105768,6.47555544760345
"R",0.3651,0.682280140543653,0.88740235846259,0.871406547576409,4,1.21699886905462,10.8499434561794,0.446545935584793,4.69542500094565,0.133913551500561,0.624002768791623,0.109904144124689,6.44436261599506
"R",0.3631,0.678542643197481,0.884461762616178,0.868518957240524,4,1.21664994967433,10.8324974829598,0.444848628121182,4.70801351442476,0.133849695258681,0.626693999046137,0.109713976368443,6.41316675731814
"R",0.3611,0.67480514585131,0.881492738366964,0.865603450936077,4,1.21630086066309,10.8150430345088,0.443151027519648,4.72059793212738,0.133785736722917,0.629386916739499,0.10952175892573,6.38196636204622
"R",0.3591,0.671067648505138,0.878495437380817,0.862660177595096,4,1.21595162371154,10.7975812508806,0.441453154326303,4.73317846676483,0.133721677600856,0.632081549270523,0.109327499639039,6.35076240605121
"R",0.3571,0.667330151158966,0.875469988803741,0.859689264035675,4,1.2156022333939,10.7801116962575,0.439754980496112,4.74575525095807,0.133657512630814,0.634777888077819,0.109131236550082,6.31955429888901
"R",0.3551,0.663592653812795,0.872416554356312,0.856690869063303,4,1.2152526928508,10.762634642559,0.438056625743412,4.758327291403,0.133593260849647,0.637475829843431,0.108932870012614,6.28834332838703
"R",0.3531,0.659855156466623,0.869335283492075,0.853665139437562,4,1.21490306354869,10.7451532434326,0.436358273720965,4.77089427726162,0.133528919381262,0.640175414194464,0.108732336634501,6.25713311875964
"R",0.3511,0.656117659120451,0.866226307076537,0.850612203665052,4,1.21455327368503,10.7276637417283,0.434659620101305,4.78345732181572,0.133464479228789,0.642876626526967,0.108529821709765,6.22591859973575
"R",0.3491,0.652380161774279,0.8630897772953,0.847532211188163,4,1.21420334286251,10.7101672393062,0.432960726410172,4.79601630526855,0.133399945840914,0.64557946553934,0.108325309538884,6.19470104752083
"R",0.3471,0.648642664428108,0.859925851214527,0.844425316241873,4,1.21385330157537,10.6926650625471,0.43126176541942,4.8085702682935,0.133335328944987,0.648283865450244,0.108118689026584,6.16348282283198
"R",0.3451,0.644905167081936,0.856734661734835,0.841291649331207,4,1.21350314365555,10.6751572353858,0.429562762565525,4.82111898966356,0.133270632524478,0.650989797230617,0.107909944060731,6.13226417257167
"R",0.3431,0.641167669735764,0.853516355649374,0.838131354603307,4,1.21315285258792,10.6576426318515,0.4278635015674,4.83366388953036,0.133205833755228,0.653697342816764,0.107699261875425,6.10104248505862
"R",0.3411,0.637430172389592,0.850271080903191,0.834944577336445,4,1.2128024554991,10.6401227751708,0.426164214975083,4.84620354861951,0.133140960607222,0.656406402064938,0.107486467999069,6.06982078593361
"R",0.3391,0.633692675043421,0.8469989804468,0.831731457904391,4,1.21245195540953,10.6225977643826,0.424464903288758,4.85873800773095,0.133076009862335,0.659116969745916,0.107271577474579,6.03859913771985
"R",0.3371,0.629955177697249,0.843700198926138,0.828492138345776,4,1.21210133385955,10.6050666911238,0.422765417217183,4.87126815531772,0.133010977419218,0.66182907858719,0.107054707983997,6.00737568169939
"R",0.3351,0.626217680351077,0.840374880482529,0.825226760203714,4,1.21175061197925,10.5875305983712,0.421065902532717,4.88379321611718,0.132945859078189,0.664542690565138,0.106835779472931,5.97615231284011
"R",0.3331,0.622480183004905,0.837023167761668,0.821935463552652,4,1.21139979834746,10.569989949137,0.419366425170219,4.89631276312058,0.132880674899724,0.667257759207263,0.106614737159805,5.94492993023859
"R",0.3311,0.618742685658734,0.833645204155876,0.818618389200199,4,1.21104887351862,10.5524436802776,0.417666792338308,4.90882800477968,0.132815401199527,0.669974361746581,0.106391731959566,5.9137062056148
"R",0.3291,0.615005188312562,0.830241133285986,0.815275678178363,4,1.2106978618492,10.5348930892443,0.415967209774106,4.92133772975334,0.132750063294517,0.672692404368071,0.106166628206282,5.88248371483543
"R",0.3271,0.61126769096639,0.826811093858467,0.811907466693368,4,1.21034677406332,10.5173387157906,0.414267700112606,4.93384200391657,0.132684652009721,0.675411909264471,0.105939426091021,5.85126296937899
"R",0.3251,0.607530193620218,0.823355232823662,0.808513899046714,4,1.20999556323281,10.499778156476,0.412568021595633,4.94634184361466,0.132619165375796,0.678132881308544,0.105710285946638,5.82004040400142
"R",0.3231,0.603792696274047,0.819873689018,0.805095111572243,4,1.20964428371136,10.4822141771743,0.410868444454481,4.95883606671711,0.132553616353333,0.680855290763381,0.105479028105612,5.78882011713477
"R",0.3211,0.600055198927875,0.816366603676129,0.801651242958788,4,1.20929292046904,10.4646460211857,0.409168902233579,4.97132504878061,0.132487996558819,0.683579140618883,0.10524572598678,5.75760094861785
"R",0.3191,0.596317701581703,0.812834117712569,0.798182431580822,4,1.20894149109737,10.4470745564369,0.407469447918083,4.9838085038107,0.132422310034747,0.686304437842618,0.105010322581602,5.7263840828454
"R",0.3171,0.592580204235531,0.809276374914499,0.794688818633701,4,1.20858996528814,10.4294983236202,0.405770008368213,4.99628660517691,0.132356573013902,0.689031108366497,0.104772884247285,5.69516779662458
"R",0.3151,0.58884270688936,0.80569351190385,0.791170538276685,4,1.20823836585007,10.4119183586388,0.404070591402701,5.00875972032065,0.132290759037534,0.691759249633112,0.104533425140213,5.66395283843751
"R",0.3131,0.585105209543188,0.802085654531621,0.787627714092254,4,1.20788668076645,10.3943340247534,0.402371134026587,5.02122814581591,0.132224874707197,0.694488862887189,0.104291984373363,5.63273822688448
"R",0.3111,0.581367712197016,0.798452961393951,0.784060501817783,4,1.20753493831985,10.3767469290247,0.400671853812601,5.03369056091417,0.132158946147775,0.697219850407616,0.104048398828891,5.6015269622631
"R",0.3091,0.577630214850844,0.794795567560154,0.780469034087906,4,1.20718313592312,10.3591567795191,0.398972737257745,5.046147121411,0.132092956679562,0.699952228486918,0.103802702721302,5.5703186068504
"R",0.3071,0.573892717504673,0.791113599149313,0.776853434748351,4,1.20683124310779,10.3415621515825,0.397273524949431,5.05859937626584,0.132026900785375,0.702686092800676,0.10355507092194,5.53911008023689
"R",0.3051,0.570155220158501,0.787407205469056,0.773213850415414,4,1.20647930612514,10.3239653569541,0.395574566603306,5.07104534616281,0.131960797169506,0.705421323551599,0.103305265571772,5.50790581508316
"R",0.3031,0.566417722812329,0.783676515658573,0.769550407900495,4,1.20612728570091,10.306364252578,0.393875564117545,5.08348668850886,0.131894633720313,0.708158012408786,0.103053487901805,5.47670187877272
"R",0.3011,0.562680225466157,0.779921668972035,0.765863243947648,4,1.20577521156705,10.2887605778671,0.392176734420084,5.09592227870846,0.131828424961415,0.710896100947699,0.102799596835121,5.44550123216752
"R",0.2991,0.558942728119986,0.776142800214637,0.762152490932146,4,1.20542307664583,10.2711538369423,0.390478010861353,5.1083525545598,0.131762153878744,0.71363562863169,0.102543642317634,5.41430292735584
"R",0.2971,0.555205230773814,0.772340044156189,0.758418281194515,4,1.20507088516992,10.2535442707524,0.388779416316614,5.12077733123925,0.131695842915825,0.716376568791472,0.102285592909411,5.383107371441
"R",0.2951,0.551467733427642,0.768513536848033,0.754660748333713,4,1.20471863436316,10.2359317253252,0.387080930171415,5.133196846753,0.131629475156646,0.71911895383238,0.102025482877022,5.35191418797841
"R",0.2931,0.54773023608147,0.764663406738495,0.75088001848273,4,1.20436632754995,10.218316365935,0.385382573094668,5.14561100203609,0.131563061089109,0.721862778151908,0.101763286878942,5.32072363925007
"R",0.2911,0.543992738735299,0.760789790520501,0.747076225870542,4,1.20401396456889,10.2006982489201,0.383684332295824,5.1580198509586,0.131496604601795,0.724608050760348,0.101499006646375,5.28953571682279
"R",0.2891,0.540255241389127,0.756892824944192,0.74324950478231,4,1.2036615479009,10.183077442725,0.38198623199204,5.17042336568215,0.131430097810411,0.727354774790632,0.101232644098675,5.25835053729152
"R",0.2871,0.536517744042955,0.752972633675391,0.739399976654728,4,1.20330907871358,10.1654539651419,0.380288260407498,5.18282162191436,0.131363549088007,0.730102965606821,0.100964185030823,5.22716802851372
"R",0.2851,0.532780246696783,0.749029351453933,0.735527773798885,4,1.20295655720911,10.1478278596378,0.378590421758917,5.19521464559866,0.13129695377708,0.732852633342473,0.100693632379854,5.1959882135481
"R",0.2831,0.529042749350611,0.745063110138753,0.731633025696903,4,1.20260398398726,10.1301992031834,0.376892722066056,5.207602425433,0.13123031976267,0.735603781425939,0.100420974280481,5.16481117723473
"R",0.2811,0.52530525200444,0.741074039177393,0.727715859462977,4,1.20225137777665,10.112568883901,0.375195281378876,5.21998432043731,0.131163660471213,0.7383563819838,0.100146115459959,5.13363849117867
"R",0.2791,0.521567754658268,0.737062269986647,0.723776404145056,4,1.2018987011249,10.0949350735129,0.373497868955252,5.23236166392772,0.131096938026464,0.741110528320843,0.0998692365907072,5.10246691527379
"R",0.2771,0.517830257312096,0.733027921692678,0.719814776722002,4,1.20154597498192,10.0772987511935,0.371800570976259,5.24473406660651,0.131030188729149,0.74386620438847,0.0995902500632184,5.07129783218396
"R",0.2751,0.514092759965925,0.728971133036736,0.715831113434195,4,1.20119320070209,10.0596599972513,0.370103429342096,5.25710129677784,0.130963404338309,0.746623404736764,0.0993091225867709,5.04013157541804
"R",0.2731,0.510355262619753,0.72489203657155,0.711825544445041,4,1.2008403724996,10.0420187920449,0.368406392517332,5.26946363331504,0.130896571650706,0.749382186260754,0.0990258803061472,5.00896784087611
"R",0.2711,0.506617765273581,0.720790731678889,0.707798167344913,4,1.20048748601159,10.0243742979892,0.366709383038816,5.28182179355276,0.130829699204367,0.752142579643234,0.0987406002702657,4.97780502222133
"R",0.2691,0.502880267927409,0.71666737683968,0.703749137758049,4,1.20013457483148,10.0067288707593,0.365012748503118,5.2941734907741,0.130762822180367,0.754904455270518,0.0984529794318511,4.94664788600305
"R",0.2671,0.499142770581237,0.712522074504985,0.699678556288788,4,1.19978159017403,9.98907950406986,0.363316012687473,5.30652183749722,0.130695875091143,0.75766804688593,0.0981633975629787,4.9154901575938
"R",0.2651,0.495405273235066,0.708354958827078,0.695586554671249,4,1.19942858000148,9.97142899790476,0.361619634574529,5.31886396560504,0.130628919129218,0.760433174797477,0.097871474730376,4.88433765135702
"R",0.2631,0.491667775888894,0.704166155696451,0.691473256526695,4,1.19907549453853,9.95377471662219,0.359923147644556,5.33120280956101,0.130561924109141,0.763200034333313,0.097577562647424,4.85318462173267
"R",0.2611,0.487930278542722,0.699955782344441,0.687338776973318,4,1.19872236819318,9.93611840949098,0.358226881691164,5.34353637371195,0.130494901328961,0.765968535244778,0.0972813882140502,4.82203494133928
"R",0.2591,0.48419278119655,0.695723965394804,0.683183240352424,4,1.19836919210935,9.91845961107262,0.35653073089034,5.35586534092712,0.13042786622188,0.76873872568707,0.0969830151587889,4.79088740486688
"R",0.2571,0.480455283850379,0.691470824806366,0.679006764460531,4,1.19801596624077,9.90079831509106,0.354834721501673,5.36818977583727,0.130360772177691,0.771510640041561,0.0966824857138701,4.75974197699385
"R",0.2551,0.476717786504207,0.687196481763209,0.674809468297325,4,1.19766268535988,9.883134264833,0.353138792402945,5.38050987772345,0.13029366804388,0.774284307691172,0.0963797353284412,4.7285981459462
"R",0.2531,0.472980289158035,0.682901056339679,0.670591469772762,4,1.19730937766994,9.86546888347688,0.351442992727082,5.39282593319307,0.130226523218135,0.77705984109918,0.0960747509699254,4.69745714275821
"R",0.2511,0.469242791811863,0.678584668073266,0.666352886269613,4,1.19695598834386,9.84779941694561,0.349747340540903,5.40513675964858,0.130159381892955,0.779837018385489,0.0957674921031442,4.6663172247577
"R",0.2491,0.465505294465692,0.674247435751214,0.662093834433934,4,1.19660250730974,9.83012536393876,0.348051508592725,5.41744501078643,0.130092198899396,0.782616122993991,0.0954581931171429,4.63517521108581
"R",0.2471,0.46176779711952,0.669889477363253,0.657814430128637,4,1.19624900410513,9.81245020886376,0.346355945316496,5.4297483924282,0.13002498151603,0.785397083489931,0.0951465412232981,4.60403708952964
"R",0.2451,0.458030299773348,0.665510909770595,0.653514788108462,4,1.19589543787445,9.79477189568832,0.344660412381055,5.44204800684482,0.129957759307417,0.78817995090747,0.0948326308038839,4.57289955060872
"R",0.2431,0.454292802427177,0.661111849808827,0.649195023102984,4,1.19554183483741,9.77709174294097,0.342965143998472,5.45434253891306,0.12989052867566,0.790964674567069,0.0945162976496476,4.54176531771908
"R",0.2411,0.450555305081005,0.656692413442723,0.644855248986661,4,1.19518812646488,9.75940632737669,0.341269491708152,5.4666362095055,0.129823223800982,0.793751593593551,0.0941980102361861,4.51062655390454
"R",0.2391,0.446817807734833,0.652252713189015,0.640495576248062,4,1.19483436225427,9.74171807841676,0.339574077144334,5.47892479789022,0.129755939039944,0.796540367078414,0.0938772808699564,4.47949002340297
"R",0.2371,0.443080310388661,0.647792860541309,0.636116114371073,4,1.19448054020803,9.72402706956005,0.337878687777125,5.49121009068705,0.129688629887508,0.79933125662073,0.0935542071036866,4.44835403363999
"R",0.2351,0.43934281304249,0.64331298677771,0.631716992267454,4,1.1941266677396,9.70633338372383,0.336183516371978,5.50349075180164,0.129621316981164,0.802124093982267,0.0932287224262441,4.41721998303583
"R",0.2331,0.435605315696318,0.638813179089335,0.627298295556666,4,1.193772678773,9.68863398041908,0.334487928359482,5.51577085477112,0.129553954137751,0.804919276550714,0.0929011793473573,4.38608059347605
"R",0.2311,0.431867818350146,0.634293571189794,0.622860155542071,4,1.19341865343092,9.67093268508699,0.332792687129988,5.52804561650138,0.12948660297903,0.807716458605809,0.092571022674512,4.35494468503812
"R",0.2291,0.428130321003974,0.629754258545942,0.618402665969695,4,1.19306453417947,9.65322670991861,0.331097241247128,5.54031863697405,0.129419223281206,0.810515957819164,0.092238626121657,4.32380570408594
"R",0.2271,0.424392823657802,0.625195356696916,0.613925940296031,4,1.19271031547484,9.63551578299679,0.329401561760156,5.5525901688389,0.129351804959842,0.813317832388055,0.0919039965310739,4.29266311754229
"R",0.2251,0.420655326311631,0.620616976171854,0.609430087057882,4,1.19235604589046,9.61780229361733,0.327706144701008,5.56485692424794,0.129284403641212,0.816121868376078,0.0915667039912656,4.26152271760971
"R",0.2231,0.416917828965459,0.616019222302461,0.604915209688303,4,1.19200165224228,9.6000826262426,0.326010313622756,5.57712349483576,0.129216946277073,0.818928442318122,0.0912272570828047,4.23037610919106
"R",0.2211,0.413180331619287,0.611402209111223,0.600381420154476,4,1.1916471889733,9.58235948890521,0.324314729538796,5.58938534276583,0.129149530445044,0.821737201736218,0.0908851365255162,4.19923065933082
"R",0.2191,0.409442834273115,0.606766034121157,0.595828814221522,4,1.19129263593523,9.56463182360755,0.322618714820065,5.60164783084395,0.129082049112154,0.824548732417488,0.0905408096937325,4.1680798823438
"R",0.2171,0.405705336926944,0.60211081053156,0.591257503048274,4,1.19093797917065,9.5468990128824,0.320922703339296,5.6139071991896,0.129014575960786,0.827362675274802,0.0901938967694429,4.13692691005292
"R",0.2151,0.401967839580772,0.59743665594814,0.586667602120545,4,1.19058322515234,9.52916099640126,0.319226516777541,5.62616496595015,0.128947084105751,0.830179221959922,0.0898445031847234,4.10577013480097
"R",0.2131,0.3982303422346,0.592743632090979,0.582059172045885,4,1.19022835265398,9.51141764177729,0.317530141477967,5.63842132568135,0.128879585867312,0.832998442390138,0.0894925994976095,4.074609220352
"R",0.2111,0.394492844888428,0.588031888871121,0.57743236003313,4,1.18987337391007,9.49366867200113,0.315833562822946,5.65067645584955,0.128812070919094,0.835820372796916,0.0891381996357975,4.04344368983207
"R",0.2091,0.390755347542257,0.583301503478315,0.572787241880646,4,1.18951828887821,9.47591440773324,0.314136802101732,5.6629303395582,0.128744552046054,0.838645093362063,0.0887812107199699,4.01227389011501
"R",0.2071,0.387017850196085,0.578552589345555,0.568123928976752,4,1.18916311824567,9.45815589772078,0.312440150127426,5.67518107193136,0.128677066905115,0.841472491021272,0.0884213851669895,3.98110283542819
"R",0.2051,0.383280352849913,0.573785243089155,0.563442516196209,4,1.18880776345039,9.44038816694207,0.310742674099553,5.68743469297475,0.128609499107265,0.844303071071514,0.088059386427542,3.94991922177768
"R",0.2031,0.379542855503741,0.568999562070039,0.558743099144968,4,1.18845227462373,9.42261370265494,0.309044849621511,5.69968818855679,0.12854193130374,0.847136678267744,0.0876947865175387,3.9187286795488
"R",0.2011,0.37580535815757,0.564195650666916,0.554025780320268,4,1.18809667142705,9.40483356263136,0.307346902786001,5.71194030051841,0.12847436594732,0.849973268953903,0.0873274054175843,3.8875335897271
"R",0.1991,0.372067860811398,0.559373610853018,0.54929065985723,4,1.18774084040759,9.38704202016842,0.305648243325088,5.72419367388099,0.128406838325663,0.852812930798304,0.0869575671621751,3.8563252010282
"R",0.1971,0.368330363465226,0.554533530446665,0.54453782399121,4,1.18738475503598,9.36923775181952,0.303948953728677,5.73644790599886,0.128339248652335,0.855655677520391,0.0865852696008465,3.82510263505593
"R",0.1951,0.364592866119054,0.549675510097839,0.539767371557929,4,1.18702902863819,9.35145143850739,0.302250899985437,5.74869829000991,0.128271613028485,0.858502344809661,0.0862091095339961,3.79390288875909
"R",0.1931,0.360855368772883,0.544799648759668,0.534979399726845,4,1.18667281771994,9.33364085229614,0.300551563630457,5.76095053599598,0.128204048806603,0.861351813629743,0.0858307396154823,3.76267567388213
"R",0.1911,0.357117871426711,0.53990603980631,0.530174000189004,4,1.18631642198977,9.31582062348738,0.298851242900632,5.77320773343877,0.128136404466077,0.864205128414278,0.085449982196632,3.73143334442829
"R",0.1891,0.353380374080539,0.534994766877825,0.52535125507682,4,1.18595990333491,9.29799517327059,0.29715089279401,5.78546348829857,0.128068814845793,0.867061843891702,0.0850660403728581,3.70018694692418
"R",0.1871,0.349642876734367,0.530065937101159,0.520511269586228,4,1.18560314346061,9.28015718080862,0.295449629356345,5.79772300517186,0.128001163831023,0.869922310108202,0.0846795605667994,3.66892358286163
"R",0.1851,0.345905379388196,0.525119638198912,0.515654129858589,4,1.18524622514321,9.26231125521393,0.293747944230117,5.80998359072215,0.127933526779499,0.872786498728571,0.084290079051127,3.63765074678237
"R",0.1831,0.342167882042024,0.520155960568754,0.51077992466212,4,1.1848891026295,9.24445513198136,0.292045542993557,5.82224720487753,0.127865888316286,0.875654609980032,0.0838977352349141,3.60636410499496
"R",0.1811,0.338430384695852,0.515174994794905,0.505888742948217,4,1.18453181058888,9.22659059482272,0.290342778068471,5.83451191109343,0.127798246691714,0.878526561761739,0.0835023171278196,3.57506747375745
"R",0.1791,0.33469288734968,0.510176832470851,0.500980674659356,4,1.18417427692741,9.20871385671903,0.288639062804088,5.84678096814985,0.127730593236234,0.881402714188667,0.0831040266911563,3.5437535907927
"R",0.1771,0.330955390003509,0.505161569751071,0.496055814216791,4,1.18381654299734,9.19082677882816,0.286934728876573,5.85905293015997,0.127662922142136,0.884282993323622,0.0827027177180826,3.51242585590598
"R",0.1751,0.327217892657337,0.50012926728067,0.49111422117247,4,1.18345855295829,9.17292776203465,0.285229556327179,5.87132874985045,0.127595260109923,0.887167583050727,0.0822983456533606,3.48108160960418
"R",0.1731,0.323480395311165,0.495080034800202,0.486156003288829,4,1.18310033750624,9.15501686081311,0.283523514388882,5.8836090790982,0.127527557089239,0.890056676805516,0.0818909147077118,3.44972027535129
"R",0.1711,0.319742897964993,0.490013954206386,0.48118124098636,4,1.18274187718422,9.13709386914408,0.281816690723669,5.89589332292726,0.127459890260439,0.892950204627541,0.0814803177893259,3.4183421659666
"R",0.1691,0.316005400618822,0.484931109086568,0.476190016345714,4,1.1823831539544,9.11915769218353,0.280108866639784,5.90818298263174,0.127392178473489,0.895848502346184,0.0810665766867593,3.38694468373758
"R",0.1671,0.31226790327265,0.479831583546019,0.471182411956126,4,1.18202416697753,9.10120835942919,0.278400089380298,5.92047797079002,0.127324479729826,0.898751591606371,0.0806496249409445,3.35552789392157
"R",0.1651,0.308530405926478,0.47471546157937,0.466158510298189,4,1.18166494996645,9.08324755918463,0.276690953788688,5.93277412087595,0.127256857918571,0.901659175851882,0.0802289539073352,3.32409772246401
"R",0.1631,0.304792908580306,0.469582819182398,0.461118385997823,4,1.1813053887463,9.06526957300963,0.274980089581401,5.9450808664858,0.127189135453026,0.904572256093678,0.0798054269180436,3.29263873429111
"R",0.1611,0.301055411234135,0.464433743343651,0.456062124475569,4,1.1809454790186,9.04727395523042,0.273267488177529,5.95739831167606,0.127121317335675,0.907490938880162,0.0793789697461482,3.26115033706044
"R",0.1591,0.297317913887963,0.459268315323593,0.450989805527137,4,1.18058534930627,9.02926741615088,0.271554865146195,5.96971499954021,0.127053660761638,0.910414262275462,0.0789482823918653,3.22965101901138
"R",0.1571,0.293580416541791,0.454086606056477,0.445901498808158,4,1.180224801398,9.01124012191617,0.26983989947112,5.9820466366733,0.126985838967023,0.913343803908489,0.0785149240028145,3.19811473354908
"R",0.1551,0.289842919195619,0.448888699041988,0.440797286313202,4,1.17986400088256,8.99320004462071,0.268124691423022,5.99437917457124,0.126918159614112,0.916278351061652,0.0780772935435432,3.16656388407111
"R",0.1531,0.286105421849448,0.443674671951506,0.435677244313586,4,1.17950281481552,8.9751407431054,0.266407615154885,6.00672375467011,0.126850410611061,0.919219090675707,0.0776364303315165,3.13498054435557
"R",0.1511,0.282367924503276,0.438444614266693,0.430541460678027,4,1.17914125174534,8.95706268504183,0.264689092160448,6.01907742377573,0.126782631628327,0.922165853094393,0.0771919631023336,3.10336817601474
"R",0.1491,0.278630427157104,0.433198540075967,0.425389949240993,4,1.17877927803782,8.93896388055223,0.26296864277049,6.0314436652526,0.126714789656979,0.925119117493643,0.0767440437903261,3.07172116146844
"R",0.1471,0.274892929810932,0.427936610956993,0.420222868667644,4,1.17841697383378,8.92084870179668,0.261247389901878,6.04381501102709,0.126647045826143,0.928078252810361,0.0762919411045796,3.04005152529022
"R",0.1451,0.271155432464761,0.422658838448435,0.415040230288652,4,1.17805420370035,8.902710334709,0.259523864502467,6.05620125866596,0.126579229099966,0.931044366375637,0.0758363659564431,3.00834231074624
"R",0.1431,0.267417935118589,0.417365327507648,0.409842137169471,4,1.17769105497096,8.8845528006785,0.257799107017213,6.06859598395785,0.126511415075182,0.934016990611152,0.0753766531568055,2.97660418565555
"R",0.1411,0.263680437772417,0.412056121625728,0.404628632017252,4,1.17732743370714,8.86637167960152,0.256072321640265,6.08100401743837,0.126443598824942,0.936996694847518,0.0749130802895697,2.94482760504224
"R",0.1391,0.259942940426245,0.406731305435316,0.399399797939096,4,1.1769633097227,8.8481654846235,0.25434311471832,6.09342826262983,0.126375653559681,0.939984009436463,0.0744457932206169,2.91300813801815
"R",0.1371,0.256205443080074,0.401390944747763,0.394155699560074,4,1.17659875766831,8.82993788168432,0.252612569894463,6.10586189108551,0.126307831118134,0.942978285268877,0.0739740417404102,2.88115637226408
"R",0.1351,0.252467945733902,0.396035099938809,0.388896396167629,4,1.17623373864694,8.81168694402481,0.250880299081237,6.11830768066351,0.126240004058957,0.945980050577686,0.073497897022192,2.84926754800948
"R",0.1331,0.24873044838773,0.390663858698839,0.383621973871489,4,1.17586810303465,8.79340520253403,0.249144692120833,6.13077567850659,0.126172028290323,0.948990483220177,0.0730181132148086,2.81732372508681
"R",0.1311,0.244992951041558,0.385277253576475,0.378332464633573,4,1.17550200755145,8.77510035180723,0.247407868592069,6.14325281724458,0.126104167144561,0.952008325576062,0.0725334909616843,2.78534600818847
"R",0.1291,0.241255453695387,0.379875375693491,0.373027957933145,4,1.17513534508614,8.75676719101696,0.245668541190937,6.15574733896014,0.126036270708657,0.95503471984456,0.0720444250816994,2.75332070379758
"R",0.1271,0.237517956349215,0.374458276018191,0.367708503819783,4,1.17476808641439,8.73840431381157,0.243926381446658,6.16826192456651,0.125968317298441,0.958070108195866,0.0715510654110928,2.72124361486327
"R",0.1251,0.233780459003043,0.369026008662542,0.362374155430064,4,1.17440027210879,8.72001386954858,0.242182357381202,6.18079025576318,0.125900363049549,0.961114083754692,0.0710526312414533,2.68912337256687
"R",0.1231,0.230042961656871,0.363578647300107,0.357024985109552,4,1.17403180002897,8.70159033301007,0.240435390834872,6.19333898559652,0.1258324629704,0.964167330400172,0.0705496488641049,2.65694732287368
"R",0.1211,0.2263054643107,0.358116231222128,0.351661031441247,4,1.17366261919433,8.68313097271036,0.238684909254814,6.20591269317807,0.125764327243176,0.967230717295275,0.0700423303389968,2.6247081758506
"R",0.1191,0.222567966964528,0.352638851621338,0.346282383974094,4,1.17329286081617,8.66464341003,0.236932691965831,6.21849952293853,0.125696449764043,0.970303182713384,0.0695292084116267,2.59242558763094
"R",0.1171,0.218830469618356,0.347146520540141,0.340889054533429,4,1.17292239897319,8.64611982578453,0.235176525465611,6.23111553846835,0.125628294139733,0.973386876502888,0.069011581428835,2.56007544815759
"R",0.1151,0.215092972272184,0.341639320239475,0.335481123897399,4,1.17255104190588,8.62755209057833,0.233417097356637,6.24375296837153,0.125560157801088,0.976480529127084,0.0684889560222274,2.52765680553005
"R",0.1131,0.211355474926013,0.336117301783151,0.330058642209369,4,1.17217901373273,8.60895068153829,0.231654666487374,6.25641350549611,0.125492041301939,0.97958520959924,0.0679607414753141,2.4951789972463
"R",0.1111,0.207617977579841,0.330580516027904,0.324621659409357,4,1.17180627766663,8.59031417221657,0.229888875525273,6.26909971720637,0.125423920924051,0.982701471575861,0.0674268988531233,2.46263788326211
"R",0.1091,0.203880480233669,0.325029001218308,0.319170213052566,4,1.17143268437325,8.57163421858003,0.228120689763934,6.28180261460667,0.125355955689809,0.985828054928368,0.0668868618695791,2.4300336693481
"R",0.1071,0.200142982887497,0.319462820357,0.31370436500598,4,1.17105806788443,8.55290339568385,0.226346265511792,6.29455001837005,0.125287593319619,0.988968647925039,0.0663425756919767,2.39733076343351
"R",0.1051,0.196405485541326,0.313882013391451,0.308224154497002,4,1.17068269799436,8.53413489764713,0.224568903962866,6.3073213456815,0.125219228973207,0.992121489409686,0.0657918533184192,2.36456357991946
"R",0.1031,0.192667988195154,0.308286649026381,0.302729648991917,4,1.17030657210501,8.51532906254636,0.222788309985425,6.32011853698258,0.125151099167621,0.995287092369505,0.0652342692314866,2.33173028359849
"R",0.1011,0.188930490848982,0.302676707387495,0.297220828974675,4,1.16992920915276,8.49646041627044,0.221003592179942,6.33294197440631,0.125082986805651,0.998464942430562,0.0646705360151939,2.29880386543415
"R",0.0991,0.18519299350281,0.297052291147947,0.2916977952677,4,1.16955075657843,8.47753786177534,0.219212361011708,6.34581458727702,0.12501442028156,1.00165872807024,0.0641017387225421,2.26577084270135
"R",0.0971,0.181455496156639,0.291413419381567,0.286160566601011,4,1.16917142789375,8.45857134415299,0.217417725824639,6.35871432112542,0.124946023055051,1.00486643305985,0.0635254494265841,2.23266338896205
"R",0.0951,0.177717998810467,0.285760127380466,0.28060917763056,4,1.16879023919068,8.43951195995825,0.215615684776189,6.37165854749124,0.124877800638649,1.00808814802276,0.0629443413916469,2.19941250869677
"R",0.0931,0.173980501464295,0.280092459920255,0.275043672324861,4,1.16840933887314,8.42046694630627,0.213813463319538,6.38462538157176,0.124809123671104,1.01132767529584,0.0623522778109328,2.16615371337159
"R",0.0911,0.170243004118123,0.274409025603083,0.269462684366609,4,1.16802533277684,8.40126663241012,0.212000603999018,6.39764605832188,0.124740715000673,1.01458088643907,0.0617570457251869,2.13267625134051
"R",0.0891,0.166505506771952,0.26871412518044,0.26387043698439,4,1.16764242130601,8.38212116130229,0.210187218627639,6.41070213196907,0.124671967441488,1.01785486272369,0.0611504708647393,2.09922017159756
"R",0.0871,0.16276800942578,0.263003512638356,0.258262760700472,4,1.1672561130128,8.36280565064229,0.208364640741084,6.42379905086865,0.124603500938466,1.021141480584,0.060539485563825,2.06554311914704
"R",0.0851,0.159030512079608,0.257278648539793,0.252641089750537,4,1.16687050323339,8.34352530383021,0.206538625001648,6.4369510838539,0.124534704354466,1.02445281747244,0.0599170277243311,2.03184657106094
"R",0.0831,0.155293014733436,0.251539555828592,0.247005446664854,4,1.16648211806075,8.32410590886393,0.204705095599371,6.45014128659485,0.12446642855035,1.02777827503361,0.0592882608612845,1.99796411308839
"R",0.0811,0.151555517387265,0.245786256837676,0.241355853373785,4,1.16609255744854,8.30462783178529,0.202863537849744,6.46339790970619,0.124397197481545,1.03112718277755,0.0586512968408873,1.96395260241977
"R",0.0791,0.147818020041093,0.24001877110801,0.235692329066061,4,1.1657012661411,8.28506344865973,0.2010151397457,6.47670315847051,0.124328650304642,1.03449537185071,0.0580052432742691,1.92979964970143
"R",0.0771,0.144080522694921,0.234237111106003,0.230014885983379,4,1.16530844269386,8.26542213701729,0.199160408849303,6.49006073623562,0.124259402328995,1.0378857951025,0.0573496622868887,1.89551270562042
"R",0.0751,0.140343025348749,0.228439850692073,0.224322123692937,4,1.16491372584626,8.2456862919057,0.197295922830931,6.50349101379155,0.124190100762641,1.04130089031418,0.0566850192366144,1.86105168737073
"R",0.0731,0.136605528002578,0.222631350093721,0.218618323827255,4,1.16451598919492,8.22579945997416,0.195421434068456,6.51697613138235,0.124121479277727,1.0447343045715,0.0560131025888982,1.82637500924746
"R",0.0711,0.132868030656406,0.216807265656533,0.212899221028164,4,1.16411919347061,8.20595969139399,0.193545616119784,6.53051653104139,0.124052323295091,1.04819910559106,0.0553244999874612,1.79169098754936
"R",0.0691,0.129130533310234,0.210969053351799,0.207166245022443,4,1.16371796358943,8.18589817988713,0.191652941104563,6.54415077112106,0.123982502330644,1.05168806644736,0.0546310236890887,1.75667842818771
"R",0.0671,0.125393035964062,0.205116712806952,0.201419395444241,4,1.16331635318818,8.16581763736404,0.189756288935593,6.55784122452936,0.123913002791137,1.05520636428742,0.0539218840237226,1.72158743556695
"R",0.0651,0.121655538617891,0.199250247915684,0.195658676117063,4,1.16291170823859,8.14558541986585,0.187846772400109,6.57161752708695,0.12384350650194,1.05875275781917,0.0532027213534525,1.6862487074934
"R",0.0631,0.117918041271719,0.193369646783533,0.189884075360852,4,1.16250340199605,8.12517009964376,0.185924926785516,6.58547082157083,0.123774566390343,1.06232532223419,0.052473556984485,1.65063797627559
"R",0.0611,0.114180543925547,0.187474901614284,0.184095585519922,4,1.16209528813523,8.10476443141574,0.18399627627752,6.5994180994796,0.123704181087695,1.06593850449685,0.0517269129731496,1.61494182286539
"R",0.0591,0.110443046579375,0.181565993913416,0.178293188433124,4,1.16168305765269,8.08415288229078,0.182051577838641,6.61346501736167,0.123634188375162,1.06958293738408,0.0509694411040255,1.57892655626818
"R",0.0571,0.106705549233203,0.175642907019968,0.172476867739818,4,1.16126805441344,8.06340271736983,0.180094862210579,6.62760756459013,0.123563892800204,1.0732628461387,0.050198055360866,1.54266731155203
"R",0.0551,0.102968051887032,0.169705613279308,0.166646596283858,4,1.1608507579541,8.04253790120285,0.178128024972936,6.64183840961472,0.123493910789772,1.07698043525193,0.049408998121365,1.50619630267159
"R",0.0531,0.0992305545408601,0.163754084363737,0.160802346248166,4,1.16042989800047,8.02149476223591,0.176144061208454,6.65619502394728,0.123423633082651,1.08073942142531,0.0486057584112469,1.46940880383281
"R",0.0511,0.0954930571946883,0.157788275513951,0.154944073680241,4,1.1600055864365,8.00027932207304,0.174143570876164,6.67067968228495,0.123352641980006,1.08454310163744,0.0477860206291942,1.43230935707496
"R",0.0491,0.0917555598485166,0.151808147503277,0.14907174006049,4,1.1595780034854,7.97890017249866,0.172129454340499,6.68527487934143,0.123282334835196,1.08839015943498,0.0469473899627494,1.39492295291264
"R",0.0471,0.0880180625023448,0.145813645715079,0.143185291756765,4,1.15914664757198,7.95733237108351,0.170101917272726,6.69997677743764,0.123212884416293,1.09228188214045,0.0460877595921258,1.35722748504058
"R",0.0431,0.0805430678100013,0.133781265108062,0.131369800008409,4,1.15827084260666,7.9135421311321,0.165971507959909,6.72996060543904,0.123068613286949,1.10024622815385,0.0443148458672038,1.28055809873913
"R",0.0411,0.0768055704638295,0.127743235865535,0.125440608851523,4,1.15782677786494,7.89133888705021,0.163877359413601,6.74518865901573,0.12299701978765,1.10431657279056,0.0433921826062526,1.24165546915121
"R",0.0391,0.0730680731176578,0.121690525112978,0.119497000825168,4,1.15737474121441,7.86873706062692,0.161757131350751,6.76057828735773,0.122927686622281,1.10844040091261,0.0424485617896378,1.20216570285626
"R",0.0331,0.0618555810791425,0.103443179064796,0.10157857107271,4,1.15599152512904,7.79957625894347,0.155240173791987,6.80810575997431,0.122710178126549,1.12130125696845,0.0394360955955759,1.08088209290987
"R",0.0291,0.054380586386799,0.0912024988991865,0.0895585344552944,4,1.15503574241264,7.75178712112932,0.150746339765669,6.8410044114571,0.122563241189365,1.13032349237997,0.0372508578168128,0.997010500096834
"R",0.0271,0.0506430890406273,0.0850588794516484,0.08352565640246,4,1.15454049843041,7.72702492100667,0.148423967271523,6.85798229979135,0.122489489531413,1.13499491569405,0.0361093637355108,0.953619721736628
"R",0.0251,0.0469055916944555,0.0788994332699643,0.0774772368992001,4,1.15404464758077,7.7022323791435,0.146069404014064,6.87535295719325,0.122410702026571,1.13982713591498,0.0349017902706109,0.909797549533629
"R",0.0231,0.0431680943482838,0.0727238855321216,0.0714130060772874,4,1.15352987000582,7.6764934933215,0.143671184002011,6.89296760783908,0.122337095762289,1.14475629996012,0.033647714618951,0.864722721503918
"R",0.0211,0.039430597002112,0.0665319051988483,0.065332638864576,4,1.15300935238122,7.65046749933914,0.141195624542826,6.9112821222238,0.122257541589646,1.14990198240023,0.0323318026123242,0.81863309651577
"R",0.0191,0.0356930996559402,0.0603231437500428,0.0592357930231896,4,1.15247072393817,7.6235361966928,0.138654937650429,6.93006859422553,0.122181311725667,1.15521559146881,0.0309492598454416,0.771102353769475
"R",0.0171,0.0319556023097685,0.0540971225090514,0.053121998504828,4,1.15191619955129,7.59580997739297,0.136041465598724,6.94946144113288,0.122102578797591,1.16075232266896,0.0294808254771674,0.722113446113642
"R",0.0151,0.0282181049635967,0.047853310659172,0.0469907340609895,4,1.15132824538593,7.56641226934519,0.133325054484557,6.96950947254425,0.122024591535135,1.1665045679666,0.0279371931213991,0.67069287196003
"R",0.0111,0.0207431102712532,0.0353094834315679,0.0346730147383377,4,1.15011427742134,7.50571387099057,0.127527062902677,7.01308729380762,0.121852010981763,1.17923841978787,0.0244089074069391,0.562281346232815
"R",0.5351,0.999967414968252,1.01835631107941,0.999999998622685,4,1.24550164571812,12.275082285636,0.587312897727182,3.6243574642843,0.138753936894774,0.404811991805379,0.118117465047904,9.03723029747305
"R",0.5371,1.00370491231442,1.01833702488981,0.999981060074987,4,1.24581507497872,12.2907536739697,0.588891186098616,3.61195820017005,0.138801205052135,0.402395355275262,0.118115455206137,9.06639039554944
"R",0.5391,1.0074424096606,1.01827843127464,0.999923522635044,4,1.24612795433281,12.3063977115756,0.590467596005608,3.59956257393734,0.138848209320709,0.399982470344515,0.118111033432087,9.09551837641834
"R",0.5411,1.01117990700677,1.01818046097697,0.999827318294314,4,1.24644012340147,12.3220061663827,0.592041300626868,3.58717702364587,0.138894921774357,0.39757459393488,0.118104195359648,9.12459900516236
"R",0.5431,1.01491740435294,1.0180430448863,0.999692379188037,4,1.24675157411001,12.3375786587408,0.5936122592882,3.57480187856049,0.138941343448612,0.395171770962528,0.118094965313122,9.15363154496273
"R",0.5451,1.01865490169911,1.01786611398784,0.999518637545461,4,1.24706229930521,12.3531149721123,0.595180459801848,3.56243709945101,0.138987469096778,0.392774040673984,0.118083296341869,9.18261581216279
"R",0.5471,1.02239239904528,1.01764960513701,0.999306031360211,4,1.24737229286473,12.3686145933811,0.596745847488614,3.55008306921182,0.139033300641387,0.390381446235341,0.118069220599355,9.21155087394996
"R",0.5491,1.02612989639145,1.01739345230665,0.999054495795279,4,1.24768154803374,12.3840774175748,0.598308424344103,3.53773977273855,0.139078824423223,0.387994027396723,0.118052707772728,9.24043664781229
"R",0.5511,1.02986739373763,1.01709759639102,0.998763972810341,4,1.24799004041974,12.3995020230522,0.599868049730001,3.52540794461677,0.139124050798848,0.385611825996393,0.118033838373103,9.26927088164837
"R",0.5531,1.0336048910838,1.01676197660919,0.998434402720071,4,1.24829781624084,12.4148908268528,0.601424948016788,3.51308673355444,0.139168977039646,0.383234868070647,0.118012457942279,9.29805697698724
"R",0.5551,1.03734238842997,1.0163865360496,0.998065729638763,4,1.24860482116203,12.4302410631301,0.602978868845209,3.50077710660087,0.139213595221915,0.380863215313491,0.117988666628867,9.32679105702418
"R",0.5571,1.04107988577614,1.01597121892973,0.997657898789412,4,1.24891105738176,12.4455528587937,0.604529821935428,3.48847918832228,0.139257907258415,0.378496895536712,0.117962470547812,9.35547312230129
"R",0.5591,1.04481738312231,1.01551597235613,0.997210858231976,4,1.24921652321323,12.4608261038003,0.606077796955477,3.47619308167888,0.139301910548139,0.376135951046484,0.117933848118647,9.38410295341746
"R",0.5611,1.04855488046848,1.01502074175582,0.996724554377179,4,1.24952121598624,12.4760608039587,0.607622826813065,3.46391850626169,0.13934559878071,0.373780398501708,0.117902742207903,9.41268084566856
"R",0.5631,1.05229237781466,1.01448548102189,0.996198941949226,4,1.24982512313045,12.4912561533187,0.609164784487125,3.45165631913214,0.139388978696388,0.371430311658192,0.117869229460571,9.44120507446458
"R",0.5651,1.05602987516083,1.01391014123022,0.995633972905854,4,1.25012825473388,12.5064127382934,0.610703730778033,3.43940633204676,0.139432039432958,0.369085718819308,0.117833260896637,9.46967645009137
"R",0.5671,1.059767372507,1.01329467761303,0.995029603286255,4,1.25043058268161,12.5215291516059,0.612239574487459,3.42716880808895,0.139474786239797,0.366746642998911,0.117794862529671,9.49809322891691
"R",0.5691,1.06350486985317,1.01263904604465,0.994385789760143,4,1.25073211135552,12.5366055654328,0.61377230892922,3.4149438823634,0.139517219176261,0.36441312553383,0.117754014229672,9.52645544544062
"R",0.5711,1.06724236719934,1.0119430253944,0.99370231518281,4,1.2510329105388,12.5516455269397,0.615302302397194,3.40272862357606,0.139559327803185,0.362084634157658,0.117710702156547,9.55476985301533
"R",0.5731,1.07097986454552,1.01120711558888,0.992979670469459,4,1.25133274366341,12.5666371578672,0.61682834289661,3.39053255788079,0.139601097376506,0.35976294999649,0.117664969620004,9.5830142004699
"R",0.5751,1.07471736189169,1.01043073936616,0.992217288763566,4,1.25163183528234,12.5815917642374,0.618351597389225,3.3783464635129,0.13964255458761,0.35744634083568,0.117616781598215,9.61120980840262
"R",0.5771,1.07845485923786,1.00961404350984,0.991415314202886,4,1.25193010427432,12.5965052107264,0.619871629916855,3.36617365912595,0.139683683599058,0.355135455340175,0.117566121200071,9.63934894226379
"R",0.5791,1.08219235658403,1.00875699215006,0.990573711564125,4,1.25222754365813,12.6113771981479,0.621388432715398,3.35401426954828,0.139724488878997,0.352830298545789,0.117513019219164,9.66743115681724
"R",0.5811,1.0859298539302,1.00785955670092,0.989692452776671,4,1.25252414922293,12.6262074465626,0.622901971587487,3.3418684632588,0.139764964367525,0.350530921875176,0.117457452862073,9.69545598816137
"R",0.5831,1.08966735127637,1.00692170657326,0.988771507802725,4,1.2528199138819,12.6409956955684,0.624412219441813,3.32973642224055,0.139805094257861,0.3482373666338,0.117399435916969,9.7234229880873
"R",0.5851,1.09340484862255,1.00594316596131,0.987810605808055,4,1.25311491018206,12.6557455088263,0.625919553527952,3.31761512775949,0.13984490747202,0.345949080776485,0.117338917347216,9.75133898367436
"R",0.5871,1.09714234596872,1.00492465851624,0.986810457399696,4,1.25340890090126,12.67044504934,0.627422754629423,3.3055141593759,0.139884365351518,0.343667822109469,0.117275997831378,9.77918172695943
"R",0.5891,1.10087984331489,1.00386541353863,0.985770305770421,4,1.25370211286827,12.685105643804,0.628922988970514,3.29342428458032,0.139923493082047,0.341391908548167,0.117210582046844,9.80697258227197
"R",0.5911,1.10461734066106,1.00276566025124,0.984690376011149,4,1.25399446377735,12.6997231801768,0.630419843781383,3.28134873599258,0.139962282669383,0.33912193753507,0.117142699533097,9.83470391325895
"R",0.5931,1.10835483800723,1.00162537827209,0.9835706481073,4,1.25428594577325,12.7142973331661,0.631913296155277,3.26928758389949,0.140000730335187,0.336857939229183,0.117072334950906,9.86237530960951
"R",0.5951,1.1120923353534,1.00044455284666,0.982411107570307,4,1.2545765589303,12.7288279494535,0.633403299907105,3.25724128755064,0.140038833935235,0.334599961460498,0.11699952779175,9.88998614567087
"R",0.5971,1.11582983269958,0.999223166999047,0.981211737730256,4,1.25486629463522,12.7433147081798,0.634889854639298,3.24520966686485,0.140076591581303,0.332348022190412,0.11692423119885,9.91753626792053
"R",0.5991,1.11956733004575,0.997961213111262,0.979972531106487,4,1.25515514580752,12.7577573416781,0.636372949704717,3.23319285206019,0.140114003421851,0.330102144034108,0.116846453687272,9.9450252570399
"R",0.6011,1.12330482739192,0.996658678869084,0.978693475606744,4,1.25544311409099,12.7721557061445,0.6378525246297,3.22119132482135,0.140151067214505,0.3278623817699,0.116766225217007,9.97245247767293
"R",0.6031,1.12704232473809,0.995315551550432,0.977374558738268,4,1.25573018650827,12.7865093291313,0.639328588759305,3.20920477561809,0.140187779312648,0.325628735508996,0.116683498165262,9.99981774922704
"R",0.6051,1.13077982208426,0.993931832360487,0.976015781684515,4,1.25601636208144,12.8008181002991,0.640801096785117,3.19723368351681,0.140224139768765,0.323401260111971,0.116598303844491,10.0271204676877
"R",0.6071,1.13451731943044,0.992507152979512,0.974616782764871,4,1.25630174873842,12.8150874352188,0.642270554164848,3.18527478690043,0.140260154039897,0.321179427365021,0.116510565862374,10.054369660712
"R",0.6091,1.13825481677661,0.991042599517375,0.973178628511603,4,1.25658601168339,12.8293006914466,0.643735441263629,3.17333791913828,0.140295795425887,0.318964905083411,0.116420471801518,10.0815377789431
"R",0.6111,1.14199231412278,0.9895370765769,0.971700243272546,4,1.25686949660134,12.8434748300684,0.645197286056265,3.16141337534641,0.140331088435359,0.316756077722199,0.116327811554479,10.108652577268
"R",0.6131,1.14572981146895,0.987990963133758,0.970181999192167,4,1.25715202354551,12.8576013388449,0.646655374885183,3.14950495542289,0.14036602248973,0.314553522764656,0.116232711942867,10.1357012294983
"R",0.6151,1.14946730881512,0.986404252577791,0.968623889779461,4,1.25743367021716,12.8716835297757,0.648109927667961,3.13761228406069,0.140400596585805,0.312357271084518,0.116135092954509,10.162687591773
"R",0.6171,1.15320480616129,0.984776950927971,0.967025920944905,4,1.25771437965018,12.8857189823582,0.649560779697549,3.12573572303293,0.140434807592558,0.310167335104694,0.11603500207806,10.1896087579744
"R",0.6191,1.15694230350747,0.983109074170176,0.965388108386224,4,1.25799415116269,12.8997075576641,0.651007889894125,3.11387569079269,0.140468657282518,0.307983759488983,0.115932472356291,10.216464155071
"R",0.6211,1.16067980085364,0.98140062972695,0.963710459392168,4,1.25827301348563,12.9136506939396,0.652451434658761,3.1020312285526,0.140502135348667,0.30580654293355,0.115827352597442,10.2432562726518
"R",0.6231,1.16441729819981,0.979651627569857,0.961992983754559,4,1.25855091722442,12.9275458678962,0.653891153402019,3.09020359310183,0.14053525159183,0.303635726048461,0.115719807008882,10.2699811823874
"R",0.6251,1.16815479554598,0.977862084934681,0.960235698398499,4,1.2588279100331,12.9413955030086,0.655327231057831,3.07839231099533,0.140567995919109,0.301471340618738,0.115609744686561,10.2966419044452
"R",0.6271,1.17189229289215,0.976032018869723,0.958438620064986,4,1.25910393389565,12.9551967259733,0.656759449626862,3.06659804377372,0.140600374964197,0.299313397701024,0.115497256723468,10.323234750874
"R",0.6291,1.17562979023832,0.974161443117929,0.956601762249242,4,1.25937903702475,12.9689518358202,0.658188037398728,3.0548197149574,0.140632375268995,0.297161910899656,0.115382164982124,10.3497632423998
"R",0.6311,1.1793672875845,0.972250382466875,0.954725149292038,4,1.25965316432116,12.9826582281983,0.659612732146534,3.04305863590434,0.140664004715953,0.295016914498838,0.115264649680949,10.3762233006245
"R",0.6331,1.18310478493067,0.970298859816837,0.952808803680863,4,1.25992635311108,12.9963176570497,0.661033676275055,3.0313143531456,0.140695259248192,0.292878433634413,0.115144617753513,10.4026172290528
"R",0.6351,1.18684228227684,0.968306895739565,0.95085274561665,4,1.26019858249553,13.0099291306599,0.662450799965246,3.01958706914206,0.140726139312499,0.290746477401085,0.115022102153148,10.4289437821565
"R",0.6371,1.19057977962301,0.966274518827975,0.948857003176918,4,1.26046987018273,13.0234935156039,0.663864157101585,3.00787671034347,0.140756637282085,0.288621080248669,0.114897056502675,10.4552039459692
"R",0.6391,1.19431727696918,0.964201757148556,0.946821603922244,4,1.2607401637485,13.0370082024963,0.665273569381207,2.99618369923314,0.140786759581978,0.286502241480692,0.114769555297929,10.4813945552966
"R",0.6411,1.19805477431536,0.962088641030032,0.944746577634662,4,1.26100952103299,13.0504760669534,0.666679226181123,2.98450771123973,0.140816497700362,0.284390005158902,0.114639508658602,10.5075189580113
"R",0.6431,1.20179227166153,0.959935204892618,0.942631958113952,4,1.26127787996891,13.06389404164,0.668080918498502,2.9728491712427,0.140845852560983,0.282284366410279,0.114506991935884,10.5335734975222
"R",0.6451,1.2055297690077,0.957741474660427,0.940477770816929,4,1.26154529660668,13.0772648277303,0.669478824655024,2.96120784298997,0.14087482566613,0.280185354576329,0.114371948043178,10.5595612524683
"R",0.6471,1.20926726635387,0.955507497271611,0.938284061835667,4,1.26181170960014,13.090585373181,0.670872742940199,2.9495841001622,0.140903411863262,0.278092974212573,0.114234426844252,10.5854786414834
"R",0.6491,1.21300476370004,0.953233297385916,0.93605085538541,4,1.26207715519292,13.1038577599863,0.672262795514662,2.93797777666822,0.140931609629315,0.276007260471693,0.114094380725821,10.6113280202928
"R",0.6511,1.21674226104621,0.950918925404538,0.93377820095885,4,1.26234162508728,13.117081248011,0.673648943785832,2.92638899794663,0.140959419210934,0.273928218703701,0.113951824116125,10.637108483235
"R",0.6531,1.22047975839239,0.948564417542414,0.931466134118134,4,1.26260510787073,13.1302554042134,0.675031152548805,2.91481785210555,0.140986840693505,0.271855862068936,0.113806764443583,10.6628194875337
"R",0.6551,1.22421725573856,0.946169817849585,0.92911469811928,4,1.26286760724642,13.1433803758233,0.676409425492682,2.90326438331339,0.14101386715196,0.269790210243345,0.113659191510629,10.6884611428379
"R",0.6571,1.22795475308473,0.943735171622624,0.926723937442375,4,1.26312911966228,13.1564559757053,0.677783754490364,2.89172860083316,0.141040502108202,0.267731271934484,0.113509100482248,10.7140332424887
"R",0.6591,1.2316922504309,0.941260523497666,0.924293895918965,4,1.26338965942245,13.1694829829299,0.679154183860169,2.88021051197602,0.141066742573586,0.265679069703577,0.113356477466407,10.7395366008141
"R",0.6611,1.23542974777707,0.938745924702031,0.921824623852976,4,1.26364918928361,13.182459452084,0.680520583573901,2.86871033109158,0.141092586790038,0.263633604301477,0.113201357390973,10.7649689568314
"R",0.6631,1.23916724512324,0.93619141994581,0.919316165148581,4,1.26390772408462,13.1953862092356,0.681883004780586,2.85722802671361,0.141118034916667,0.261594891785929,0.113043726411027,10.7903312127583
"R",0.6651,1.24290474246942,0.933597067702341,0.916768577225111,4,1.26416526464332,13.2082631986504,0.683241456557676,2.84576351597638,0.141143081725185,0.259562939450767,0.112883561141887,10.8156233925343
"R",0.6671,1.24664223981559,0.930962918679538,0.914181909876447,4,1.26442178416678,13.2210892156779,0.684595826820253,2.83431718635858,0.141167727939682,0.257537767690412,0.112720910066439,10.8408438411138
"R",0.6691,1.25037973716176,0.928289024071474,0.911556213373867,4,1.26467732401963,13.2338661759522,0.685946269677719,2.82288858487962,0.141191972953247,0.25551938268329,0.11255569670268,10.8659950292453
"R",0.6711,1.25411723450793,0.925575445488056,0.908891548216734,4,1.26493186097021,13.2465930568653,0.687292705937211,2.8114779979899,0.141215814224209,0.25350779181107,0.112387966248313,10.8910755921532
"R",0.6731,1.2578547318541,0.922822235428597,0.906187965958036,4,1.26518539394604,13.2592696764686,0.68863512105331,2.80008541939991,0.141239250712324,0.251503004376529,0.112217709174447,10.9160853501214
"R",0.6751,1.26159222920028,0.920029466719207,0.903445538111163,4,1.26543793976325,13.2718970135804,0.689973588890753,2.78871074090914,0.141262282394416,0.249505032896358,0.112044904570832,10.9410254345372
"R",0.6771,1.26532972654645,0.917197176303349,0.900664300953655,4,1.2656894527971,13.2844726214886,0.691307930751311,2.77735423664163,0.14128491216213,0.247513865752822,0.111869590915793,10.9658930023157
"R",0.6791,1.26906722389262,0.914325452432823,0.897844341146534,4,1.26593996444992,13.2969982659415,0.692638271361894,2.76601574519431,0.141307119781192,0.245529542369116,0.111691735992695,10.9906900859064
"R",0.6811,1.27280472123879,0.911414349095224,0.894985711704248,4,1.26618947736173,13.309473907978,0.693964608677075,2.75469525482961,0.141328922708535,0.243552048211034,0.111511336526284,11.0154166386889
"R",0.6831,1.27654221858496,0.908463921322355,0.892088466666627,4,1.2664379604967,13.3218980492361,0.695286838302157,2.74339290442966,0.141350316890731,0.241581381589358,0.111328414947123,11.0400709554671
"R",0.6851,1.28027971593113,0.905474253029467,0.889152688436313,4,1.2666854454225,13.3342722775283,0.696605050929337,2.73210872594963,0.141371292731072,0.239617571862809,0.111142961629882,11.0646546679239
"R",0.6871,1.28401721327731,0.902445405710555,0.886178437398844,4,1.26693191285585,13.3465956469557,0.697919227106568,2.72084240405185,0.141391856438895,0.237660598544024,0.110954949493372,11.0891671172215
"R",0.6891,1.28775471062348,0.89937745077183,0.883165783673305,4,1.26717737541644,13.3588687701725,0.699229396914926,2.70959385137925,0.141412000959663,0.235710476653553,0.11076433816929,11.113609026864
"R",0.6911,1.29149220796965,0.896270458956258,0.880114796727489,4,1.26742181583334,13.3710907875467,0.700535467035263,2.69836363003485,0.141431733318504,0.233767206880874,0.11057123119689,11.137978917023
"R",0.6931,1.29522970531582,0.893124506642524,0.877025551563322,4,1.26766524145696,13.3832620778971,0.701837486675603,2.68715134678216,0.14145103897647,0.231830807579536,0.110375546136983,11.1622776105409
"R",0.6951,1.29896720266199,0.889939657865729,0.873898111061645,4,1.26790764255014,13.3953821263134,0.703135425580575,2.67595703173189,0.141469925488637,0.229901254037096,0.110177313256503,11.1865045173241
"R",0.6971,1.30270470000816,0.886715997737754,0.87073255880016,4,1.26814904495715,13.4074522491703,0.704429365749647,2.66478064110382,0.141488392493335,0.227978564620733,0.109976513313466,11.2106610688204
"R",0.6991,1.30644219735434,0.883453599812492,0.86752896700692,4,1.26838941934819,13.4194709553413,0.705719205759771,2.65362226176792,0.141506435960424,0.226062734699787,0.109773161976761,11.2347456148815
"R",0.7011,1.31017969470051,0.880152545292514,0.864287415420783,4,1.26862877780905,13.4314389210492,0.70700500845448,2.64248161077232,0.141524051070078,0.224153767841985,0.109567217315373,11.2587591601785
"R",0.7031,1.31391719204668,0.876812902757663,0.861007971385412,4,1.2688671191711,13.4433559762532,0.708286753458567,2.63135883617146,0.141541239938904,0.222251653865047,0.109358708282351,11.2827013742843
"R",0.7051,1.31765468939285,0.873434764062383,0.857690725099536,4,1.26910444174108,13.4552220869688,0.709564432305757,2.62025394535809,0.141558003928248,0.22035639965278,0.109147637033246,11.3065722084478
"R",0.7071,1.32139218673902,0.870018209186778,0.854335755101581,4,1.26934072889926,13.4670363705087,0.710837994702323,2.60916688381321,0.141574334795185,0.218468002779967,0.108933995299314,11.3303708053943
"R",0.7091,1.32512968408519,0.866563310916701,0.850943132865404,4,1.2695760383541,13.4788019247513,0.712107668059319,2.59809713414583,0.141590234967119,0.216586459238419,0.108717709991405,11.3541009373755
"R",0.7111,1.32886718143137,0.863070163958499,0.847512951390231,4,1.26981030481659,13.4905152954664,0.713373191145519,2.58704528863596,0.141605701284347,0.214711768943471,0.108498872180247,11.3777583812279
"R",0.7131,1.33260467877754,0.85953884747331,0.844045288410284,4,1.27004353770916,13.5021768969455,0.714634596846509,2.57601123731431,0.141620736750006,0.212843924986262,0.108277470624005,11.4013436863048
"R",0.7151,1.33634217612371,0.855969455722262,0.840540236487594,4,1.27027579438051,13.5137897212372,0.715892134640882,2.56499414702602,0.141635329967717,0.210982924839989,0.108053390569736,11.4248608411614
"R",0.7171,1.34007967346988,0.85236206515414,0.836997870692925,4,1.2705070054797,13.5253503369969,0.717145520084814,2.55399485645295,0.141649488854356,0.209128763481844,0.107826757047203,11.4483053946089
"R",0.7191,1.34381717081605,0.848716756699626,0.833418270498147,4,1.27073719541965,13.5368597601486,0.718394851273233,2.5430129057442,0.141663208139717,0.207281426374065,0.107597510708933,11.471678883081
"R",0.7211,1.34755466816223,0.845033636094123,0.829801539732737,4,1.27096640328418,13.5483201627396,0.719640294415282,2.5320478256965,0.14167648078128,0.205440924451646,0.107365580842831,11.4949840700046
"R",0.7231,1.3512921655084,0.841312787209174,0.826147760756418,4,1.27119457169526,13.5597285815246,0.720881620912421,2.52110022801386,0.1416893173761,0.203607235392554,0.107131081288644,11.518217215777
"R",0.7251,1.35502966285457,0.837554299142657,0.822457021061039,4,1.27142170518049,13.5710852548736,0.722118865256826,2.51016977512516,0.141701705605671,0.201780357175714,0.10689395306019,11.5413789275993
"R",0.7271,1.35876716020074,0.833758265128376,0.818729412199825,4,1.27164784656465,13.5823923155725,0.723352175442115,2.49925621089025,0.141713647408197,0.199960287478355,0.106654171296199,11.5644717023391
"R",0.7291,1.36250465754691,0.829924775013869,0.814965022400774,4,1.27187299933808,13.5936499476779,0.724581548372832,2.48835958440505,0.14172514649223,0.19814702417642,0.106411738639051,11.5874956805674
"R",0.7311,1.36624215489308,0.826053923704356,0.811163944858397,4,1.27209711300756,13.6048556482561,0.725806850504138,2.4774797274133,0.141736190222999,0.196340539250335,0.106166660155928,11.6104484186264
"R",0.7331,1.36997965223926,0.822145810621126,0.807326277201872,4,1.27232021928762,13.6160108748266,0.727028167234021,2.46661662279816,0.141746784038532,0.194540836531053,0.105918933265676,11.6333314666091
"R",0.7351,1.37371714958543,0.818200515985394,0.803452098206393,4,1.27254231263253,13.6271156284612,0.728245507549433,2.45576999530032,0.141756923658048,0.192747898910331,0.10566851803456,11.6561450997024
"R",0.7371,1.3774546469316,0.814218145331832,0.799541511504322,4,1.27276339813402,13.6381699003356,0.729458874287088,2.44493988748865,0.141766610220326,0.190961715536984,0.105415447759333,11.6788892738733
"R",0.7391,1.38119214427777,0.810198785597594,0.795594602465734,4,1.27298347604061,13.6491737989229,0.730668290154139,2.43412595532128,0.141775834982025,0.189182275577157,0.105159671148165,11.7015644602905
"R",0.7411,1.38492964162394,0.806142551781141,0.791611484016194,4,1.27320254720758,13.6601273427104,0.731873738999109,2.42332835952688,0.1417846037863,0.187409580551052,0.104901212375456,11.7241705158756
"R",0.7431,1.38866713897011,0.802049521603373,0.787592232475648,4,1.27342061479531,13.6710307400736,0.7330752650728,2.41254669716521,0.141792911092239,0.185643595488752,0.104640047854976,11.7467080658127
"R",0.7451,1.39240463631629,0.797919805364416,0.783536956156015,4,1.27363767170546,13.6818837091435,0.734272838538932,2.40178101030055,0.141800753670222,0.183884324273784,0.104376175335639,11.7691767831598
"R",0.7471,1.39614213366246,0.793753495534435,0.779445745860645,4,1.27385373724912,13.6926868651434,0.735466509791175,2.39103107762169,0.141808131082618,0.182131749633658,0.104109578186853,11.7915775398091
"R",0.7491,1.39987963100863,0.789550692307519,0.775318699977587,4,1.27406879971896,13.7034399978707,0.736656277732869,2.38029671618447,0.141815040135776,0.18038585542148,0.103840246972404,11.8139103081547
"R",0.7511,1.4036171283548,0.785311503562597,0.771155924441203,4,1.27428285570678,13.7141427947261,0.737842105174577,2.36957805081274,0.141821486294443,0.178646631859934,0.10356820181941,11.8361746275574
"R",0.7531,1.40735462570097,0.781036016163201,0.766957504549274,4,1.27449592106938,13.724796065304,0.739024087544441,2.35887445163297,0.141827456253927,0.176914056754861,0.103293373636241,11.8583720040897
"R",0.7551,1.41109212304714,0.776724324634303,0.762723533122918,4,1.27470798946175,13.7353994896861,0.740202213427122,2.34818573024454,0.141832945222571,0.175188110880929,0.103015751179036,11.8805022990155
"R",0.7571,1.41482962039332,0.772376550794348,0.758454129784749,4,1.27491907280932,13.7459536337526,0.74137649168345,2.33751213488929,0.141837964338769,0.173468791066866,0.102735373172072,11.9025658444603
"R",0.7591,1.41856711773949,0.767992784415341,0.754149382688596,4,1.27512915912745,13.7564579595824,0.742546909101251,2.32685332719878,0.141842503471476,0.171756076060494,0.102452208224176,11.9245624360037
"R",0.7611,1.42230461508566,0.763573130585896,0.749809395028802,4,1.27533825170542,13.7669125832062,0.743713487277061,2.3162090684895,0.141846560307893,0.170049944404442,0.102166239827799,11.9464924377238
"R",0.7631,1.42604211243183,0.75911769162772,0.745434267282682,4,1.27554635723915,13.7773179287575,0.744876255698179,2.30557921169961,0.141850134577749,0.168350384250753,0.101877455505869,11.9683564523906
"R",0.7651,1.429779609778,0.754626559429422,0.741024089682514,4,1.27575348423798,13.7876742906071,0.746035246286458,2.29496348327758,0.141853222701553,0.166657371649711,0.101585835318944,11.990155069332
"R",0.7671,1.43351710712418,0.750099838992331,0.736578965336932,4,1.27595962812571,13.7979814009652,0.747190448546475,2.28436172880294,0.141855821727489,0.164970887988182,0.101291372860479,12.0118881708906
"R",0.7691,1.43725460447035,0.745536496100877,0.732097878672548,4,1.27616485508928,13.8082427533623,0.748342222245303,2.27377101264314,0.141857930740463,0.16329050094305,0.10099396079398,12.033562447138
"R",0.7711,1.44099210181652,0.740940066054539,0.727584301263542,4,1.27636898801662,13.8184493973691,0.749489612151311,2.26319935266287,0.141859543682016,0.161617446307474,0.10069385610945,12.0551602535906
"R",0.7731,1.44472959916269,0.736307215518007,0.723034959859411,4,1.27657219729776,13.828609864803,0.750633576037131,2.2526382043814,0.141860664301109,0.159950440329676,0.100390764572008,12.0766993429741
"R",0.7751,1.44846709650886,0.731639192494076,0.718451079967163,4,1.2767744405921,13.8387220347434,0.751773868898075,2.2420899309865,0.141861277004367,0.158289884365945,0.100084735431842,12.0981750654082
"R",0.7771,1.45220459385503,0.72693491861686,0.71383160265892,4,1.27697576604366,13.8487883019748,0.752910749141203,2.23155194345733,0.141861391105969,0.156635348345386,0.0997757122841751,12.1195925953401
"R",0.7791,1.45594209120121,0.722198039072325,0.709180107414599,4,1.2771760214595,13.8588010790638,0.754043378158882,2.2210319051489,0.141860998385412,0.154988043272862,0.0994639129979037,12.1409360812864
"R",0.7811,1.45967958854738,0.717425113980463,0.704493216359513,4,1.27737535961484,13.8687679657876,0.755172626462922,2.21052157052893,0.141860103932204,0.153346708501249,0.0991490746696125,12.1622219922912
"R",0.7831,1.46341708589355,0.712617430616462,0.69977219356516,4,1.2775737426276,13.8786871494403,0.75629828227379,2.20002315734778,0.14185868485513,0.151711739766282,0.0988312365002976,12.1834461623403
"R",0.7851,1.46715458323972,0.707775089037671,0.695017137285311,4,1.27777116417832,13.8885582179942,0.75742030470379,2.18953664440036,0.141856756667067,0.150083110555709,0.0985104044769987,12.2046081640279
"R",0.7871,1.47089208058589,0.702896969515786,0.690226947975249,4,1.27796768394892,13.8983841974007,0.758539038176176,2.17905898171759,0.141854307919886,0.148460390585976,0.0981864627066597,12.2257143244834
"R",0.7891,1.47462957793206,0.69798684535225,0.68540533092103,4,1.27816314533921,13.9081572677077,0.759653612350219,2.16859792224956,0.141851337452232,0.146844769484576,0.0978596597318749,12.2467484495428
"R",0.7911,1.47836707527824,0.693041149065785,0.680548782946764,4,1.2783576890195,13.9178844464843,0.760764878223515,2.15814507599783,0.141847842966763,0.145235006579961,0.0975296867069733,12.2677265612645
"R",0.7931,1.48210457262441,0.688061207071415,0.675658606558274,4,1.2785513351413,13.9275667581202,0.761872774342387,2.14770284764576,0.141843816980678,0.143631494535753,0.0971966201620846,12.2886472510998
"R",0.7951,1.48584206997058,0.683047119922087,0.670734900495994,4,1.27874399411253,13.9371996904355,0.762977035850055,2.13727099059892,0.141839256796145,0.142034185738383,0.0968604477474942,12.3095060463294
"R",0.7971,1.48957956731675,0.677998993205504,0.665777768444365,4,1.27893575142224,13.9467875486202,0.764077928940722,2.12684923281083,0.141834176646744,0.140443073724111,0.0965211271655214,12.3303077313449
"R",0.7991,1.49331706466292,0.672916931336261,0.660787312935864,4,1.27912655541517,13.9563278150459,0.765175350834971,2.11643695490385,0.141828530383833,0.138858122573698,0.0961786367082804,12.3510503451975
