"reaction","phi","rel_phi","mu","mu_norm","convergence","f.TS","f.ATPS","f.AAS","f.NTS","f.ADPS","f.RNAP","f.DNAP","f.R"
"TS",0.0645832775919732,0.996425247027234,0.825009627998094,1.12957545347555,4,1.2724431399497,13.6221569977466,0.657997926945683,3.31501450341872,0.138391988698003,0.384826798392446,0.0855834477702705,10.7670255065554
"TS",0.0643665551839465,0.993081538144593,0.82446155316999,1.1288250478421,4,1.27270979389553,13.6354897005069,0.659029292795272,3.31143636739465,0.138437609894753,0.384421217382306,0.0853278407507533,10.7846512949012
"TS",0.0637163879598662,0.983050411496667,0.822776248944957,1.1265175859415,4,1.27351506668894,13.6757533360028,0.662150131507109,3.30053547236081,0.138574446113682,0.383179940359969,0.0845548111370077,10.8379779952453
"TS",0.0634996655518395,0.979706702614026,0.822200595684335,1.12572942084518,4,1.27378527150444,13.6892635723387,0.663199380461939,3.29684598096412,0.138620035396494,0.382757929158905,0.0842950852869112,10.8559042663512
"TS",0.0628494983277592,0.969675575966101,0.820431162367722,1.12330677222003,4,1.27460126708206,13.7300633527188,0.666374281869605,3.2856079718839,0.138756749557682,0.381466731988714,0.0835097629983314,10.9101392753692
"TS",0.0626327759197324,0.966331867083459,0.819826994087883,1.12247956531782,4,1.2748750650193,13.7437532528687,0.667441662301562,3.28180527008775,0.138802309214323,0.38102788427715,0.0832459568060173,10.9283701574579
"TS",0.0624160535117057,0.962988158200817,0.819215548009352,1.12164239389824,4,1.2751497718836,13.7574885931035,0.668513637811237,3.27797380253371,0.13884785253259,0.380584749509998,0.0829811302902457,10.9466782249786
"TS",0.0619826086956522,0.956300740435534,0.817970576192464,1.11993782033098,4,1.27570191704289,13.7850958514618,0.670671406833948,3.27022427758851,0.138938914299404,0.379685515060116,0.0824484287312303,10.9835264589136
"TS",0.0617658862876254,0.952957031552892,0.817336927192204,1.11907024941723,4,1.27597935493884,13.7989677364666,0.671757189725242,3.26630636368442,0.138984431263207,0.379229416587543,0.0821805780801285,11.0020664444313
"TS",0.0615491638795987,0.94961332267025,0.816695756304879,1.11819237978853,4,1.27625771320613,13.8128856579998,0.672847645913783,3.26235903815295,0.139029934885871,0.378768898322087,0.081911709539162,11.0206848979001
"TS",0.0611157190635451,0.942925904904967,0.815390582935517,1.11640538027903,4,1.27681719120425,13.8408595508506,0.675042529142185,3.25437673660603,0.139120927602347,0.377834630278316,0.0813709719003981,11.0581565211997
"TS",0.0608989966555184,0.939582196022325,0.814726458831153,1.11549608387704,4,1.27709832122229,13.854916057938,0.676147036117434,3.25034107741426,0.139166406584858,0.37736077368789,0.0810990891772078,11.0770109618175
"TS",0.0606822742474916,0.936238487139683,0.814054557243015,1.11457613880566,4,1.27738036830195,13.8690184180151,0.67725618396858,3.24627633610287,0.139211877342346,0.376882492937529,0.0808262320653039,11.0959433338726
"TS",0.0602488294314381,0.9295510693744,0.812687158128077,1.11270394189678,4,1.27794727571409,13.8973637865955,0.679488762295207,3.23805680289119,0.139302788622986,0.375912278679793,0.0802775233428453,11.1340479879943
"TS",0.0600321070234114,0.926207360491758,0.81199153075414,1.11175151227693,4,1.27823212851928,13.9116064207942,0.680612159202855,3.23390224595124,0.139348232252275,0.3754203403468,0.0800016893737068,11.1532196330883
"TS",0.0598153846153846,0.922863651609116,0.811287866154322,1.11078807835754,4,1.27851791924875,13.925895957361,0.681740320335077,3.22971764515775,0.139393662914646,0.37492381582409,0.0797248781433671,11.172471298798
"TS",0.0595986622073579,0.919519942726475,0.810576096957525,1.10981354789638,4,1.27880464738593,13.9402323751308,0.682873251336921,3.22550290168998,0.139439095253172,0.374422669279758,0.079447082575151,11.1918030496833
"TS",0.0593819397993311,0.916176233843833,0.809856153381946,1.10882782535053,4,1.27909232457814,13.9546162290908,0.684011004462092,3.22125774355252,0.139484499242144,0.373916874833349,0.0791683214008025,11.2112157733938
"TS",0.0591652173913043,0.912832524961191,0.809127970132918,1.10783082132073,4,1.27938094500047,13.9690472441337,0.685153563141367,3.2169821642591,0.139529904788182,0.373406408805933,0.0788885683321938,11.2307091608593
"TS",0.0587317725752508,0.906145107195908,0.80764661194046,1.10580259547315,4,1.27996103440926,13.9980517190774,0.687453179899316,3.20833930552631,0.139620682707612,0.372371334811562,0.0783262004298357,11.269939413863
"TS",0.0585150501672241,0.902801398313266,0.806893298630175,1.10477118420812,4,1.28025250977476,14.0126254850037,0.688610282320772,3.20397165411674,0.139666056868151,0.371846669016414,0.0780435625461037,11.2896769794437
"TS",0.0582983277591973,0.899457689430624,0.806131471998492,1.10372811678958,4,1.28054493887905,14.0272469399021,0.689772245461429,3.19957320740095,0.139711422148384,0.371317234656898,0.077759972684377,11.3094961530247
"TS",0.0580816053511706,0.896113980547983,0.805361062628105,1.10267329817367,4,1.28083832354675,14.0419161771828,0.690939080136144,3.19514388353356,0.139756777916836,0.370783010540806,0.0774754361573362,11.3293971165472
"TS",0.0578648829431438,0.892770271665341,0.804581997041279,1.10160662775715,4,1.2811326727753,14.0566336385917,0.692110843020207,3.19068323638457,0.13980212239515,0.370243926329138,0.0771899414659687,11.3493807917121
"TS",0.0576481605351171,0.889426562782699,0.803794206427136,1.10052801132649,4,1.2814279814419,14.0713990723658,0.69328749852974,3.18619155635849,0.139847459404518,0.369700006266697,0.0769035119941862,11.3694466128355
"TS",0.0574314381270903,0.886082853900057,0.802997619265576,1.09943735095876,4,1.28172425863268,14.0862129315266,0.694469106148492,3.181668362579,0.139892783052106,0.369151179519997,0.0766161346793562,11.3895955527176
"TS",0.0572147157190635,0.882739145017416,0.802192162782373,1.09833454701394,4,1.28202150001288,14.1010749969431,0.695655635566033,3.17711391787586,0.139938097772023,0.368597462460662,0.0763278343634974,11.4098271074511
"TS",0.0569979933110368,0.879395436134774,0.801377765487579,1.0972195016104,4,1.28231971141048,14.1159855655395,0.696847123372026,3.17252791469726,0.139983403805078,0.368038814371751,0.0760385951017668,11.4301419027516
"TS",0.05678127090301,0.876051727252132,0.800554355085927,1.09609211576389,4,1.28261889601015,14.1309447954571,0.698043594029982,3.16791014652335,0.140028699747006,0.367475180540599,0.0757484308767821,11.4505403172565
"TS",0.0565645484949833,0.872708018369491,0.799721857357951,1.0949522878556,4,1.28291905582156,14.1459527915061,0.699245057976351,3.16326054560444,0.140073983480094,0.366906549486964,0.0754573411848459,11.4710225321243
"TS",0.0563478260869565,0.869364309486849,0.798880198749839,1.09379991717814,4,1.28322019164997,14.1610095784631,0.700451513124964,3.15857914476061,0.140119257210074,0.366332913301941,0.0751653400166344,11.4915885355226
"TS",0.0561311036789298,0.866020600604207,0.79802930537226,1.09263490256471,4,1.28352230173851,14.1761150835376,0.701662951337639,3.1538660054947,0.140164521214365,0.365754265701453,0.0748724393613421,11.5122381886946
"TS",0.055914381270903,0.862676891721565,0.797169102010595,1.09145714103399,4,1.28382539535768,14.191269763533,0.702879434111532,3.14912061888008,0.14020977364588,0.365170529423048,0.074578623608348,11.5329724929794
"TS",0.0556976588628763,0.859333182838924,0.796299513617482,1.09026652983364,4,1.28412947497046,14.2064737418049,0.704100978866799,3.14434283501966,0.140255015883912,0.36458166624176,0.0742838995196721,11.5537917296478
"TS",0.0554809364548495,0.855989473956282,0.795420463820066,1.08906296439653,4,1.28443453509855,14.221726754748,0.705327545422814,3.13953300044803,0.140300249741119,0.36398771416652,0.0739882893017135,11.5746952638389
"TS",0.0552642140468227,0.85264576507364,0.794531878313544,1.08784634298701,4,1.28474058330054,14.2370291649816,0.706559180392789,3.13469076533383,0.140345461158634,0.36338862357831,0.0736917922677219,11.5956838501942
"TS",0.055047491638796,0.849302056190999,0.793633677223532,1.08661655624376,4,1.28504761968266,14.2523809753277,0.707795884748777,3.12981606478448,0.140390675664412,0.362784356999442,0.0733944073397436,11.6167575284493
"TS",0.0548307692307692,0.845958347308357,0.792725785514719,1.08537350143096,4,1.2853556417295,14.2677820838826,0.709037643515409,3.12490906245545,0.140435875390838,0.362174932494144,0.0730961596211102,11.6379160440462
"TS",0.0546140468227425,0.842614638425715,0.791808124050951,1.08411707019805,4,1.28566466572854,14.2832332828152,0.710284565861947,3.11996884668453,0.140481059725265,0.3615602166759,0.0727970149744636,11.6591611607231
"TS",0.0543973244147157,0.839270929543073,0.790880616200892,1.08284715762397,4,1.28597467932249,14.2987339607651,0.711536564944272,3.11499613462503,0.14052623486329,0.360940290069286,0.07249701670519,11.6804914961472
"TS",0.054180602006689,0.835927220660432,0.789943183023775,1.08156365562567,4,1.28628568850001,14.3142844261507,0.712793682592044,3.10999058404875,0.140571397053255,0.360315097163157,0.072196159923116,11.7019077273517
"TS",0.0539638795986622,0.83258351177779,0.78899574218301,1.08026645147068,4,1.28659769709578,14.3298848412951,0.714055937497723,3.10495205648077,0.140616548161559,0.359684604812152,0.0718944479900576,11.7234101640784
"TS",0.0537471571906354,0.829239802895148,0.788038218524232,1.07895544226016,4,1.28691070403228,14.3455352024787,0.715323334442342,3.09988047767249,0.140661686597365,0.359048791131013,0.0715918888776211,11.7449988792191
"TS",0.0535304347826087,0.825896094012506,0.787070528666276,1.07763051383141,4,1.28722471106989,14.3612355534866,0.716595876239762,3.09477582240797,0.140706819941084,0.358407634535143,0.0712884870347451,11.7666739367298
"TS",0.0533137123745819,0.822552385129865,0.786092592352452,1.07629155629968,4,1.28753972481232,14.3769862410708,0.717873601211008,3.08963785418981,0.140751927711018,0.357761106941043,0.0709842562715697,11.7884359617731
"TS",0.0530969899665552,0.819208676247223,0.785104328585063,1.07493845876564,4,1.28785573440705,14.3927867216058,0.71915644264712,3.0844670568832,0.140797025641272,0.35710924903181,0.0706792155802644,11.8102838730549
"TS",0.0528802675585284,0.815864967364581,0.784105664243178,1.07357112111457,4,1.28817276201803,14.4086380972923,0.720444562065779,3.07926201099068,0.140842116618565,0.356451851796691,0.0703733140593481,11.832220275352
"TS",0.0526635451505017,0.81252125848194,0.783096500055852,1.07218940742804,4,1.28849079319732,14.424539655058,0.721737838874055,3.07402387082389,0.140887190451382,0.355789067841691,0.0700666181401555,11.8542432496904
"TS",0.0524468227424749,0.809177549599298,0.782076751187992,1.07079320155267,4,1.28880983633045,14.4404918164155,0.723036332219791,3.06875211996463,0.140932254157689,0.355120811187887,0.0697591105848065,11.8763537590773
"TS",0.0522301003344482,0.805833840716656,0.781046353143851,1.06938241518307,4,1.28912988827543,14.4564944056383,0.724340033247073,3.06344673978483,0.140977303596909,0.354447065030967,0.0694508060629168,11.8985516412903
"TS",0.0520133779264214,0.802490131834014,0.780005223476555,1.06795693543574,4,1.28945094754674,14.4725474187547,0.725648944219917,3.0581076969376,0.141022335397308,0.353767817307241,0.0691417125551362,11.9208369284161
"TS",0.0517966555183946,0.799146422951373,0.778953254519222,1.06651661489681,4,1.28977302946746,14.4886514740864,0.72696312011203,3.05273469498409,0.141067350875081,0.35308301672212,0.0688318266145875,11.9432105727208
"TS",0.0515799331103679,0.795802714068731,0.777890391298537,1.06506137829866,4,1.290096116973,14.504805855884,0.728282503100897,3.04732796503354,0.141112361662008,0.352392663316859,0.0685211710350154,11.9656715717025
"TS",0.0513632107023411,0.792459005186089,0.776816523813881,1.06359107503214,4,1.29042022555421,14.5210112773969,0.729607158287188,3.04188716778933,0.141157351820158,0.351696718622442,0.068209740960336,11.988221037407
"TS",0.0511464882943144,0.789115296303447,0.775731560369086,1.06210557954995,4,1.2907453586319,14.5372679335619,0.730937108156075,3.03641214615474,0.141202318139293,0.350995159596695,0.0678975321582152,12.0108593399763
"TS",0.0509297658862876,0.785771587420806,0.774635439850252,1.06060480817698,4,1.29107150127979,14.5535750616525,0.732272280112119,3.03090327437539,0.141247289570163,0.350287970895262,0.0675845945906609,12.0335852632678
"TS",0.0507130434782609,0.782427878538164,0.773528070177418,1.05908863484044,4,1.29139866500258,14.5699332450257,0.733612741132946,3.02536010737655,0.141292234667987,0.349575129975444,0.0672708994871883,12.0563999053048
"TS",0.0504963210702341,0.779084169655522,0.772409356014759,1.05755692900973,4,1.29172685082301,14.5863425356845,0.734958490885349,3.01978266162555,0.141337163710091,0.348856612160959,0.0669564647862608,12.0793032948666
"TS",0.0502795986622074,0.775740460772881,0.771279215015486,1.0560095779384,4,1.29205605230949,14.6028026173266,0.736309490847516,3.01417122367445,0.141382076125667,0.348132443521222,0.0666413143439734,12.1022948060196
"TS",0.0500628762541806,0.772396751890239,0.770137554116064,1.05444645420697,4,1.29238628246513,14.6193141182848,0.737665830125769,3.00852505398818,0.141426972553222,0.347402505383131,0.0663254271465997,12.125375853025
"TS",0.0498461538461538,0.769053043007597,0.768984287684638,1.05286744057119,4,1.2927175429799,14.6358771424836,0.739027520943424,3.00284404262998,0.141471848111127,0.346666774721227,0.0660088108275664,12.1485466622899
"TS",0.0496294314381271,0.765709334124955,0.767819328316574,1.05127241735958,4,1.29304982157725,14.6524910783843,0.740394481233829,2.99712884624202,0.141516708510988,0.345925326224996,0.0656915034536632,12.171805913117
"TS",0.0494127090301003,0.762365625242314,0.766642582074377,1.04966125595607,4,1.29338312673375,14.6691563323456,0.741766764346902,2.99137903577753,0.141561551617268,0.345178087753831,0.0653734984697013,12.1951544726815
"TS",0.0491959866220736,0.759021916359672,0.765453975683712,1.0480338560359,4,1.29371745490434,14.6858727432589,0.743144367507899,2.98559452088126,0.141606379066404,0.344425029655698,0.0650548021310621,12.2185922613801
"TS",0.0489792642140468,0.75567820747703,0.764253377681672,1.04639003760449,4,1.29405281611995,14.7026407936426,0.744527313112944,2.97977536605402,0.141651182096684,0.34366616246811,0.064735432408318,12.2421197286085
"TS",0.0487625418060201,0.752334498594388,0.763040739489545,1.04472973414949,4,1.29438919885065,14.7194599440444,0.745915574153459,2.97392150710969,0.1416959692624,0.34290144897038,0.0644153932841358,12.2657363634413
"TS",0.0485458193979933,0.748990789711747,0.761815949006621,1.04305279218638,4,1.29472661566813,14.7363307735167,0.747309208283289,2.96803259842526,0.14174073437273,0.342130836414312,0.0640946851428312,12.289443133143
"TS",0.0483290969899666,0.745647080829105,0.760578924849335,1.04135910028751,4,1.29506505456302,14.7532527389134,0.74870815797951,2.96210899579539,0.141785487544979,0.341354352164249,0.0637733276034784,12.3132390931416
"TS",0.0481123745819398,0.742303371946463,0.759329564740085,1.03964851841784,4,1.29540452774238,14.7702263845397,0.750112478159031,2.95615037743657,0.141830208474629,0.340571953146976,0.0634513325641755,12.3371251625485
"TS",0.047895652173913,0.738959663063822,0.758067779697885,1.03792092474758,4,1.29574503080022,14.7872515369479,0.751522156146724,2.95015676359415,0.141874906943862,0.339783616579634,0.063128711567203,12.3611011277188
"TS",0.0476789297658863,0.73561595418118,0.756793476356115,1.0361761914423,4,1.29608656535076,14.8043282549855,0.752937209510915,2.94412793935433,0.141919593467852,0.338989309036713,0.0628054381446907,12.3851672604373
"TS",0.0474622073578595,0.732272245298538,0.755506566933056,1.03441419831422,4,1.29642912359947,14.821456173966,0.754357590815197,2.93806428001654,0.141964263245899,0.338189043102377,0.0624815756372465,12.4093227965681
"TS",0.0472454849498328,0.728928536415896,0.754206947760715,1.0326348034246,4,1.29677271758221,14.8386358790973,0.755783360340448,2.93196541536535,0.142008893333389,0.337382809438459,0.0621570969847,12.4335687524526
"TS",0.047028762541806,0.725584827533255,0.752894546632936,1.03083790791121,4,1.29711734003405,14.855866988009,0.757214498491192,2.92583129334667,0.142053504146102,0.336570541347534,0.0618320255600643,12.4579047574164
"TS",0.0468120401337793,0.722241118650613,0.751569213816216,1.02902330676397,4,1.2974629996678,14.8731499820855,0.758651033249951,2.91966190184805,0.14209809654918,0.335752233016315,0.0615063653201092,12.4823313282802
"TS",0.0465953177257525,0.718897409767971,0.750230907702962,1.02719094301515,4,1.29780968632013,14.8904843108664,0.760092925022974,2.91345735310675,0.142142660616723,0.334927893908791,0.0611801354593594,12.5068477811084
"TS",0.0463785953177258,0.715553700885329,0.748879516042144,1.02534066297443,4,1.29815740299233,14.9078701487708,0.761540192137842,2.90721751803174,0.142187202736488,0.33409748540765,0.0608533420744563,12.5314544239635
"TS",0.046161872909699,0.712209992002688,0.747514941552784,1.02347233344795,4,1.29850615152843,14.9253075799407,0.762992842386641,2.90094234784104,0.142231715531329,0.333260997909123,0.0605259941390471,12.556151401359
"TS",0.0459451505016722,0.708866283120046,0.746137083248248,1.02158581616821,4,1.29885593193886,14.9427965880337,0.764450877753271,2.894631803501,0.142276203439881,0.332418405037774,0.0601981019616415,12.5809387308964
"TS",0.0457284280936455,0.705522574237404,0.744745852292958,1.01968098950452,4,1.29920674154863,14.9603370685593,0.765914291175,2.8882858886829,0.142320663970052,0.331569696494183,0.0598696779182476,12.6058163008199
"TS",0.0455117056856187,0.702178865354763,0.743341175970492,1.017757753896,4,1.29955857195092,14.9779286386634,0.767383054088542,2.8819047102357,0.142365093869278,0.330714875152766,0.0595407391339364,12.6307836006522
"TS",0.045294983277592,0.698835156472121,0.741922870328818,1.01581585748171,4,1.29991145052264,14.9955725232764,0.768857266639691,2.87548779265843,0.142409500055535,0.329853859044583,0.0592112743874333,12.6558423980518
"TS",0.0450782608695652,0.695491447589479,0.740490921647387,1.01385528147594,4,1.30026535003971,15.0132674986597,0.770336831367013,2.86903555301495,0.142453874484991,0.3289866962845,0.0588813163617316,12.6809909864864
"TS",0.0448615384615385,0.692147738706837,0.739045204938595,1.01187585474987,4,1.30062027891597,15.0310139405805,0.7718217812943,2.86254780701192,0.142498219065207,0.328113346913867,0.058550868170088,12.7062299468957
"TS",0.0446448160535117,0.688804029824196,0.737585617112059,1.00987743615559,4,1.30097623581746,15.0488117875435,0.773312111075621,2.85602459018055,0.142542532103892,0.327233803630618,0.0582199431145597,12.7315591786533
"TS",0.0444280936454849,0.685460320941554,0.736112062752895,1.00785989505427,4,1.30133322086339,15.0666610380448,0.774807823955436,2.84946583422364,0.142586813694422,0.326348043272203,0.0578885504079405,12.7569787494489
"TS",0.0442113712374582,0.682116612058912,0.734624441239382,1.00582309367802,4,1.30169123286121,15.0845616409737,0.776308916619784,2.84287154214333,0.142631062698716,0.325456053601462,0.057556702149064,12.782488602614
"TS",0.0439946488294314,0.67877290317627,0.733122643437097,1.00376688260366,4,1.30205027457808,15.1025137184358,0.777815400739013,2.8362416323279,0.142675278371886,0.324557811113609,0.0572244069432537,12.8080889500196
"TS",0.0437779264214047,0.675429194293629,0.731606591026012,1.00169115459803,4,1.30241033612705,15.1205168033409,0.779327238215676,2.8295762885717,0.142719459729591,0.323653326465866,0.0568916840223647,12.8337791120928
"TS",0.0435612040133779,0.672085485410987,0.730076165201602,0.999595746997988,4,1.30277142104198,15.1385710495131,0.780844443312093,2.82287539412131,0.142763618168759,0.322742563067488,0.0565585325630422,12.8595593593328
"TS",0.0433444816053512,0.668741776528345,0.728531264145416,0.997480520397117,4,1.30313353749709,15.1566768752243,0.782367052924577,2.81613877908713,0.142807715921439,0.321825512774362,0.0562249826006211,12.8854303387813
"TS",0.0431277591973244,0.665398067645703,0.726971793440837,0.995345345523363,4,1.30349667567779,15.1748337839006,0.783895034279626,2.80936649190865,0.142851787787907,0.320902140113373,0.0558910238841871,12.9113914460631
"TS",0.0429110367892977,0.662054358763062,0.725397644941225,0.993190074305981,4,1.3038608301283,15.1930414974304,0.78542833959131,2.80255896721394,0.142895825175987,0.319972502384062,0.0555566921270428,12.937441951637
"TS",0.0426943143812709,0.65871064988042,0.723808744217266,0.991014604838857,4,1.30422600171486,15.2113000837772,0.786967001690457,2.79571580895075,0.142939819831735,0.319036533449355,0.055221986421733,12.963582338674
"TS",0.0424775919732441,0.655366940997778,0.722204919068243,0.988818701350556,4,1.30459220314905,15.2296101487913,0.788511063612197,2.78883687716248,0.14298377851909,0.318094198505493,0.0548869093350625,12.9898133794626
"TS",0.0422608695652174,0.652023232115137,0.720586138805934,0.986602321823795,4,1.30495941623323,15.2479708115482,0.790060452759485,2.78192249670658,0.143027689256701,0.317145535466879,0.0545514923001929,13.0161338272533
"TS",0.0420441471571906,0.648679523232495,0.718952268385505,0.984365281359729,4,1.30532764546055,15.2663822705149,0.791615184322003,2.77497257138165,0.143071568047817,0.316190509031145,0.0542157331223317,13.0425439718649
"TS",0.0418274247491639,0.645335814349853,0.717303211504481,0.982107448104243,4,1.30569689004468,15.2848445023047,0.793175259005307,2.76798709714232,0.143115400119464,0.315229115824854,0.0538796549563789,13.0690438073402
"TS",0.0416107023411371,0.641992105467211,0.715638860970408,0.979828675293033,4,1.30606714634338,15.3033573172263,0.794740662294118,2.76096611652254,0.143159186517882,0.314261341418574,0.053543262088847,13.095633087424
"TS",0.0413939799331104,0.63864839658457,0.713959113604725,0.977528821657483,4,1.30643841510253,15.3219207508233,0.796311395377379,2.75390962532939,0.143202928603311,0.313287178387477,0.0532065743151817,13.1223118535806
"TS",0.0411772575250836,0.635304687701928,0.712263861918695,0.975207740027626,4,1.30681069382562,15.3405346758607,0.79788744897657,2.74681764392283,0.143246625358888,0.31230661525646,0.052869597588492,13.1490799486009
"TS",0.0409605351170569,0.631960978819286,0.71055300830591,0.972865296764046,4,1.3071839793145,15.3591989542773,0.799468812424252,2.7396902119778,0.143290273948527,0.311319645825637,0.0525323502857013,13.1759371910568
"TS",0.0407438127090301,0.628617269936645,0.708826444692987,0.970501343896304,4,1.30755827056462,15.3779135206933,0.801055479719719,2.73252734756821,0.143333874434883,0.310326259575458,0.0521948436387891,13.2028834921152
"TS",0.0405270903010033,0.625273561054003,0.707084068713565,0.968115741267815,4,1.30793356470423,15.3966782332334,0.802647440376424,2.72532908903433,0.143377424551833,0.309326450509329,0.0518570909038394,13.2299186644571
"TS",0.0403103678929766,0.621929852171361,0.705325770892724,0.9657083389892,4,1.30830986183648,15.4154930935848,0.804244694354255,2.71809543367543,0.14342091877655,0.308320209395881,0.0515191071174018,13.2570427182126
"TS",0.0400936454849498,0.618586143288719,0.703551443945293,0.963278990169209,4,1.30868715717737,15.4343578522281,0.805847217633879,2.71082647516117,0.143464372452745,0.307307524763905,0.0511808987458711,13.2842552771123
"TS",0.0398769230769231,0.615242434406078,0.701760990596885,0.960827561623022,4,1.3090654436083,15.4532721804005,0.807454972317214,2.70352251008532,0.143507770507215,0.306288437258493,0.0508424980475696,13.3115557087111
"TS",0.0396602006688963,0.611898725523436,0.699954294371764,0.958353893875972,4,1.30944473797152,15.4722368976043,0.809068068204388,2.69618265279016,0.143551106759486,0.305262814400162,0.0505038819585891,13.3389457837126
"TS",0.0394434782608696,0.608555016640794,0.698131257053363,0.95585785245324,4,1.30982501914476,15.4912509594727,0.810686377308903,2.68880785021061,0.143594382019548,0.304230776846234,0.0501650918586384,13.3664234358149
"TS",0.0392267558528428,0.605211307758153,0.696291768707351,0.953339286836435,4,1.31020628835705,15.5103144189394,0.812309910748447,2.68139795242043,0.143637612437058,0.303192269357846,0.0498261476205999,13.3939888547171
"TS",0.0390100334448161,0.601867598875511,0.694435723242216,0.950798051768623,4,1.31058854539557,15.5294272641219,0.813938672797975,2.67395290040438,0.143680785124456,0.302147293117861,0.0494870433852898,13.4216421021724
"TS",0.0387933110367893,0.598523889992869,0.692563016499544,0.948234004639605,4,1.31097178720768,15.5485893580241,0.815572651563971,2.66647276023326,0.143723892811395,0.301095844991728,0.0491478027550817,13.4493829726329
"TS",0.0385765886287625,0.595180181110227,0.690673538611331,0.945646995021803,4,1.31135601125837,15.5678005569061,0.817211831773245,2.65895761531507,0.143766937018572,0.300037924551798,0.0488084386426576,13.477211227013
"TS",0.0383598662207358,0.591836472227586,0.688767185908361,0.943036880974812,4,1.31174121362202,15.5870606746932,0.818856201175436,2.65140747342338,0.143809924047182,0.298973510338626,0.0484689634396586,13.5051266551953
"TS",0.038143143812709,0.588492763344944,0.686843851205543,0.940403515744404,4,1.3121273920001,15.606369592536,0.820505745129773,2.6438224472822,0.143852843175561,0.297902619978917,0.0481293929567744,13.5331290261599
"TS",0.0379264214046823,0.585149054462302,0.684903426256007,0.937746751122608,4,1.31251454301816,15.6257271487376,0.822160450726178,2.63620257645141,0.143895697623999,0.296825241190594,0.0477897406583649,13.5612181257739
"TS",0.0377096989966555,0.58180534557966,0.682945803746319,0.935066440179472,4,1.31290266457924,15.6451332298391,0.823820307972033,2.6285479171099,0.143938480062825,0.295741375064766,0.0474500226197285,13.5893937844327
"TS",0.0374929765886288,0.578461636697019,0.680970874266626,0.932362433114707,4,1.3132917520347,15.6645875975952,0.825485293200001,2.6208585692969,0.143981203076324,0.294651015973895,0.0471102476813064,13.6176556337632
"TS",0.037276254180602,0.575117927814377,0.678978534150885,0.929634587992249,4,1.31368180319181,15.684090158596,0.827155400512916,2.61313456702663,0.144023850954022,0.293554166293924,0.046770435642095,13.6460035579296
"TS",0.0370595317725752,0.571774218931735,0.676968676596582,0.926882758581686,4,1.31407281448041,15.7036407245313,0.828830613004897,2.60537598802879,0.144066424501087,0.292450826084583,0.0464305983858329,13.6744372772966
"TS",0.0368428093645485,0.568430510049094,0.674941187568927,0.924106788750416,4,1.31446478265369,15.7232391232066,0.830510910942265,2.59758293728135,0.144108929583048,0.291340989804618,0.0460907530683767,13.702956496334
"TS",0.0366260869565217,0.565086801166452,0.672895971150292,0.921306547171246,4,1.31485770274673,15.7428851365963,0.832196279058733,2.5897554816788,0.144151353779134,0.290224666623916,0.0457509146440181,13.7315609299722
"TS",0.036409364548495,0.56174309228381,0.67083290807556,0.918481870550388,4,1.3152515725184,15.7625786226558,0.83388670065974,2.58189370091712,0.144193708835209,0.28910184964999,0.0454110915592785,13.7602503336203
"TS",0.0361926421404682,0.558399383401168,0.668751898210181,0.915632621786981,4,1.31564638798882,15.7823193933657,0.835582160393238,2.57399767875377,0.144235981805801,0.287972545149046,0.0450713049149203,13.7890244371743
"TS",0.0359759197324415,0.555055674518527,0.666652864711052,0.912758695670031,4,1.31604213877521,15.802106937996,0.837282612632669,2.56606763209648,0.14427817373851,0.286836771834425,0.0447315731226036,13.8178824799521
"TS",0.0357591973244147,0.551711965635885,0.664535601864093,0.909859810542734,4,1.31643884069604,15.8219420358665,0.838988122512777,2.55810325896513,0.144320285324128,0.285694476682588,0.0443918950377365,13.8468255886196
"TS",0.035542474916388,0.548368256753243,0.66240010095282,0.906935954470772,4,1.31683646990149,15.8418234964898,0.840698588551957,2.55010502643931,0.144362314371955,0.284545717763601,0.0440522927370523,13.8758520343545
"TS",0.0353257525083612,0.545024547870601,0.660246219206589,0.903986931977381,4,1.31723502905821,15.8617514502603,0.842414013972123,2.54207298955204,0.144404255814316,0.283390482658757,0.0437128007776271,13.9049619038281
"TS",0.0351090301003344,0.54168083898796,0.658073853672331,0.901012602102675,4,1.31763451431394,15.8817257110112,0.844134387175178,2.53400715004348,0.14444611000129,0.282228774874798,0.04337341033685,13.9341549978053
"TS",0.0348923076923077,0.538337130105318,0.655882894922374,0.898012815021967,4,1.31803492100916,15.9017460446793,0.845859684114548,2.52590765238308,0.144487875563682,0.281060598103059,0.0430341454411229,13.9634309232823
"TS",0.0346755852842809,0.534993421222676,0.653673239588742,0.894987429207297,4,1.31843624376595,15.9218121869585,0.84758988429612,2.51777458780992,0.144529549559803,0.279885951879882,0.0426950221529863,13.992789313261
"TS",0.0344588628762542,0.531649712340035,0.651444772987797,0.891936287637681,4,1.31883848071326,15.9419240346607,0.849324966405679,2.50960809700776,0.144571135270687,0.278704857247836,0.0423560491577442,14.0222299058392
"TS",0.0342421404682274,0.528306003457393,0.649197396360531,0.888859255095608,4,1.319241625793,15.9620812851347,0.851064913103115,2.50140824409322,0.144612625260624,0.277517304479214,0.0420172491687224,14.0517523299677
"TS",0.0340254180602007,0.524962294574751,0.646930995879543,0.885756175732423,4,1.31964567467539,15.9822837265107,0.852809697906474,2.493175195584,0.144654015698229,0.276323312443835,0.0416786340125784,14.0813561928735
"TS",0.0338086956521739,0.521618585692109,0.644645471734557,0.882626912891253,4,1.32005062214559,16.0025311055571,0.854559300289237,2.48490903244941,0.144695310838487,0.275122878450544,0.041340220760914,14.111041141925
"TS",0.0335919732441472,0.518274876809468,0.642340713914463,0.879471315948583,4,1.32045646455786,16.0228232270483,0.856313698645961,2.47660989603628,0.14473650330363,0.273916019517005,0.0410020247222276,14.1408068333831
"TS",0.0333752508361204,0.514931167926826,0.640016616581178,0.876289239994468,4,1.32086319651253,16.0431598245679,0.858072869079724,2.46827790039521,0.144777594475322,0.272702737875079,0.0406640610093996,14.1706528688588
"TS",0.0331585284280936,0.511587459044184,0.637673075341549,0.873080542097309,4,1.32127081307779,16.0635406505522,0.859836786987771,2.45991318288108,0.144818581363437,0.27148304584002,0.0403263454427446,14.2005788500119
"TS",0.0329418060200669,0.508243750161542,0.635309984692165,0.869845077805385,4,1.32167931005928,16.0839655016627,0.861605432948609,2.45151584950756,0.144859460367069,0.270256953041366,0.0399888937455218,14.230584457978
"TS",0.0327250836120401,0.504900041278901,0.632927233144962,0.866582694472984,4,1.32208868123257,16.1044340566255,0.863378775821079,2.44308606568211,0.144900232852312,0.26902446504972,0.039651719911473,14.260669182918
"TS",0.0325083612040134,0.501556332396259,0.630524722681982,0.863293257897212,4,1.32249892244785,16.1249461164247,0.865156796378573,2.43462394081414,0.144940893508374,0.267785597681548,0.0393148416459701,14.2908327095841
"TS",0.0322916387959866,0.498212623513617,0.628102350457268,0.859976627264844,4,1.32291002774129,16.1455013879217,0.866939467126654,2.42612962249888,0.144981438402297,0.266540363784653,0.0389782736440632,14.3210745824062
"TS",0.0320749163879599,0.494868914630976,0.625659999049293,0.856632641806269,4,1.32332199318435,16.1660996529778,0.868726763844668,2.41760324982945,0.145021873635623,0.265288765281713,0.0386420330076493,14.3513944218161
"TS",0.0318581939799331,0.491525205748334,0.623197578519398,0.8532611783805,4,1.32373481133123,16.1867405620669,0.87051865519178,2.40904499202222,0.145062189887803,0.26403082659238,0.0383061346883605,14.3817916977143
"TS",0.0316414715719064,0.488181496865692,0.620714978046846,0.849862085255505,4,1.32414847822378,16.2074239079323,0.87231512303391,2.40045491908083,0.14510239268796,0.262766538334885,0.0379705935935304,14.412266114603
"TS",0.0314247491638796,0.48483778798305,0.618212094584072,0.846435221342027,4,1.32456298885146,16.2281494499989,0.874116134637572,2.39183331697858,0.145142455069185,0.261495962155711,0.0376354314311541,14.4428171536752
"TS",0.0312080267558528,0.481494079100409,0.615688822697778,0.842980442284334,4,1.32497833661166,16.2489168277508,0.875921663108271,2.38318022360909,0.145182410453765,0.260219066573819,0.0373006510763834,14.4734443598016
"TS",0.0309913043478261,0.478150370217767,0.613145064749682,0.839497614399374,4,1.32539451603694,16.2697257999556,0.877731683186564,2.37449582433364,0.145222234179151,0.258935879355521,0.0369662806031724,14.5041473185996
"TS",0.0307745819397993,0.474806661335125,0.610580712686309,0.835986589743959,4,1.32581152204305,16.2905760977044,0.879546166735354,2.36578027960153,0.145261929776479,0.257646416446942,0.0366323312739231,14.5349255783399
"TS",0.0305578595317726,0.471462952452483,0.607995671357301,0.832447238041419,4,1.32622934827652,16.3114674142519,0.881365086727783,2.35703371547581,0.145301494736348,0.256350693756602,0.0362988111891551,14.5657786887908
"TS",0.0303411371237458,0.468119243569842,0.605389830024027,0.828879407672141,4,1.32664798955555,16.3323994727147,0.883188408109472,2.34825639492252,0.145340924000137,0.255048727098236,0.0359657621893937,14.5967060957999
"TS",0.0301244147157191,0.4647755346872,0.602763088550953,0.825282961533917,4,1.32706743990933,16.3533719883619,0.885016110188573,2.33944837789305,0.145380219364926,0.253740530437736,0.0356331738128109,14.6277074356349
"TS",0.0299076923076923,0.461431825804558,0.600115360573537,0.821657781379322,4,1.32748769212585,16.3743846050291,0.886848155857632,2.33060989276856,0.145419371908321,0.252426129360503,0.0353010740957734,14.6587821105662
"TS",0.0296909698996656,0.458088116921917,0.597446528930834,0.818003706795525,4,1.32790874195344,16.3954370986738,0.8886845211491,2.32174107499342,0.145458386172234,0.251105533119559,0.0349694727962022,14.6899297390825
"TS",0.0294742474916388,0.454744408039275,0.594756497744476,0.814320606509086,4,1.32833058210701,16.4165291008512,0.890525169147839,2.31284213365279,0.14549726327775,0.249778760279866,0.0346383885671638,14.7211497193985
"TS",0.029257525083612,0.451400699156633,0.592045171374882,0.810608349573509,4,1.32875320764928,16.4376603738974,0.892370077453849,2.30391320940928,0.145535989310872,0.248445833262176,0.0343078393111404,14.7524416730935
"TS",0.0290408026755853,0.448056990273991,0.58931245330301,0.806866803838163,4,1.32917661174061,16.4588305879287,0.894219213353951,2.29495448565984,0.145574562198873,0.247106772863216,0.0339778400366101,14.7838050664589
"TS",0.0288240802675585,0.44471328139135,0.586558234057724,0.803095819418849,4,1.3296007889554,16.4800394385866,0.896072543064526,2.28596615915664,0.14561299074388,0.245761590819,0.0336484056574137,14.8152393701529
"TS",0.0286073578595318,0.441369572508708,0.583782428517753,0.799295279770383,4,1.33002573092253,16.5012865428871,0.897930032213531,2.27694842064289,0.14565126510332,0.244410313198774,0.0333195542045137,14.8467439957316
"TS",0.0281739130434783,0.434682154743424,0.578165654165759,0.791604981111544,4,1.33087788983396,16.5438944842946,0.901657377591503,2.25882539863564,0.145727336735614,0.241689556663366,0.0326636603971422,14.9099624383703
"TS",0.0279571906354515,0.431338445860783,0.575324498701937,0.787714966543799,4,1.33130509270488,16.5652546354351,0.903527170152485,2.24972043792739,0.145765137954269,0.240320098950073,0.0323366501462982,14.941675202863
"TS",0.0277404682274247,0.427994736978141,0.572461358701883,0.783794851487964,4,1.3317330381448,16.5866518967498,0.905400995299223,2.24058688709752,0.14580276191627,0.23894466166804,0.0320102847491535,14.9734562643878
"TS",0.027523745819398,0.424651028095499,0.569576152678513,0.779844524374659,4,1.33216171682892,16.608085830133,0.907278820094802,2.23142485385165,0.145840222067546,0.237563229084746,0.0316845833211635,15.0053050458945
"TS",0.0273070234113712,0.421307319212858,0.566668783976983,0.775863852867321,4,1.33259112330576,16.6295561595325,0.90916061488731,2.22223451962655,0.145877513043134,0.236175827109023,0.0313595588848141,15.0372210748432
"TS",0.0270903010033445,0.417963610330216,0.563739159879118,0.771852710019341,4,1.33302125195396,16.6510625976782,0.911046353515581,2.21301601348751,0.145914636232911,0.234782459374272,0.0310352302334838,15.0692039170827
"TS",0.0268735785953177,0.414619901447574,0.560787182687587,0.767810962066818,4,1.33345209587538,16.6726047931068,0.912935986297922,2.20376974528338,0.145951571263429,0.233383217261916,0.0307116072888342,15.1012528008816
"TS",0.026656856187291,0.411276192564932,0.557812764194668,0.763738488238704,4,1.33388364885377,16.6941824432575,0.914829495346031,2.1944957133186,0.145988330763424,0.231978059891343,0.0303887112985143,15.1333674004002
"TS",0.0264401337792642,0.407932483682291,0.554815810080475,0.75963515939538,4,1.33431590199677,16.7157950862049,0.91672682956571,2.18519425256719,0.146024911482408,0.230567034380436,0.0300665556091375,15.1655468890421
"TS",0.0262234113712375,0.404588774799649,0.551796236649861,0.755500860944262,4,1.33474885083043,16.7374425317451,0.918627968200382,2.17586549152783,0.146061307055928,0.229150164946087,0.0297451578691465,15.1977909436254
"TS",0.0260066889632107,0.401245065917007,0.54875395024793,0.751335464656219,4,1.33518249055378,16.7591245136859,0.9205328838564,2.1665096045893,0.146097508526646,0.227727474345036,0.0294245337157623,15.2300991138484
"TS",0.0257899665551839,0.397901357034365,0.545688863758592,0.747138851254826,4,1.33561681156263,16.7808405737847,0.922441528947918,2.15712686616939,0.146133520934491,0.226298991547157,0.0291046979036409,15.2624706330576
"TS",0.0255732441471572,0.394557648151724,0.542600888201702,0.742910898911457,4,1.3360518086892,16.8025904223127,0.924353873662682,2.14771746809436,0.146169337937572,0.224864742870804,0.028785666442484,15.2949050065553
"TS",0.0253565217391304,0.391213939269082,0.539489943181006,0.738651497550268,4,1.33648747317343,16.8243736582102,0.926269873515965,2.13828168916222,0.146204957253838,0.223424766570647,0.0284674584008126,15.3274015310787
"TS",0.0251397993311037,0.38787023038644,0.536355926183482,0.734360506813871,4,1.33692380327297,16.8461901521827,0.928189520130939,2.1288195476475,0.146240374409208,0.221979055687268,0.0281500806359452,15.3599600546494
"TS",0.0249230769230769,0.384526521503799,0.533198773772619,0.730037839847127,4,1.33736078777218,16.8680393894466,0.930112756302784,2.11933141928065,0.146275584244607,0.220527673337049,0.0278335526773698,15.3925796600737
"TS",0.0247063545150502,0.381182812621157,0.53001838316972,0.725683355928902,4,1.33779841963197,16.8899209815243,0.9320395439072,2.10981749594919,0.146310603188255,0.219070605617872,0.0275178993141464,15.4252597253098
"TS",0.0244896321070234,0.377839103738515,0.526814672116731,0.721296942434231,4,1.33823669931458,16.9118349546363,0.933969868877656,2.10027803149127,0.146345382663739,0.217607961529045,0.0272031281244269,15.4580000637028
"TS",0.0240561872909699,0.371151685973232,0.520336990897664,0.712427919028706,4,1.3391151463165,16.9557573003996,0.937840881657244,2.08112362294253,0.146414322487417,0.214665932628796,0.0265762993176031,15.5236574226586
"TS",0.0238394648829431,0.36780797709059,0.517062849280724,0.707945074373097,4,1.33955531112872,16.9777655522464,0.939781560700404,2.07150870112764,0.146448458882155,0.213186559072564,0.0262642587929502,15.5565743187739
"TS",0.0236227424749164,0.364464268207948,0.513765078735394,0.70342987778292,4,1.33999607357253,16.9998036838685,0.941725505391191,2.06186994595777,0.146482401519743,0.211701772006716,0.0259532090602331,15.5895470754662
"TS",0.0234060200668896,0.361120559325306,0.51044356718546,0.698882175807193,4,1.3404375160971,17.0218758058653,0.943673239805556,2.05220346256627,0.14651604299006,0.210211068481134,0.0256430250999243,15.6225840803857
"TS",0.0231892976588629,0.357776850442665,0.507098270394878,0.69430190787941,4,1.34087949387888,17.0439746939194,0.945623839882223,2.04251611374794,0.146549500149356,0.208715413354498,0.0253338922092199,15.6556706415349
"TS",0.0229725752508361,0.354433141560023,0.503729097676282,0.689688949833478,4,1.34132210423963,17.0661052078366,0.947577957481003,2.0328028923635,0.146582707266286,0.207214048558296,0.0250257157347743,15.6888170310592
"TS",0.0225391304347826,0.34774572379474,0.496918860625672,0.680364602160851,4,1.34220902121033,17.1104511130038,0.951495436346353,2.01330870819266,0.14664842620156,0.204195707880611,0.0244124791327047,15.755268659981
"TS",0.0223224080267559,0.344402014912098,0.493477608180804,0.67565295497636,4,1.34265339434264,17.1326697468977,0.953459220756964,2.00352451710082,0.146680892291909,0.202678249806766,0.0241073591465922,15.7885806451273
"TS",0.0218889632107023,0.337714597146814,0.486522516579248,0.666130277321245,4,1.34354386608789,17.1771933041756,0.957396274763454,1.98388619833986,0.146745061768351,0.199627360026655,0.0235002607634438,15.8553672548415
"TS",0.0216722408026756,0.334370888264173,0.483008550468464,0.661319073029341,4,1.34398992684281,17.1994963165788,0.95936931196123,1.9740336837541,0.146776792984462,0.198094130729403,0.0231983468610514,15.8888382061411
"TS",0.0214555183946488,0.331027179381531,0.479470233776991,0.656474528740799,4,1.3444365233655,17.2218261891862,0.961345258118067,1.964159870142,0.146808211037135,0.196555937205752,0.0228975741391805,15.9223593543254
"TS",0.0212387959866221,0.327683470498889,0.475907383168018,0.651596393437018,4,1.34488373211381,17.2441866037923,0.963324610681683,1.95426073839212,0.14683937870053,0.195012083760251,0.0225978008508338,15.9559386515191
"TS",0.0210220735785953,0.324339761616248,0.472320056477111,0.646684746304513,4,1.34533146071255,17.2665730345131,0.965306787435514,1.94434073568715,0.146870267939845,0.193463266555614,0.022299201564651,15.9895668008203
"TS",0.0208053511705686,0.320996052733606,0.468708145363158,0.641739439006273,4,1.34577973108571,17.288986553071,0.967291924771561,1.93439879908775,0.146900880953109,0.191909326597284,0.02200173600941,16.0232460121158
"TS",0.0205886287625418,0.317652343850964,0.465071581752814,0.636760378338564,4,1.34622851348556,17.3114256314988,0.969279821536665,1.92443652446199,0.146931197428532,0.190350516533282,0.0217054585121119,16.0569730757234
"TS",0.0203719063545151,0.314308634968322,0.461410304654539,0.631747480793818,4,1.34667785568834,17.3338927876377,0.971270829213179,1.91445098082294,0.146961252498727,0.18878632592274,0.021410311217948,16.090753599736
"TS",0.0201551839464883,0.310964926085681,0.457724245150523,0.626700652012085,4,1.34712772128024,17.356386065352,0.973264657971419,1.90444476681645,0.146990955930098,0.187217281794859,0.0211163486158838,16.1245829626831
"TS",0.0199384615384615,0.307621217203039,0.45401334649056,0.621619814292893,4,1.34757811972685,17.3789059896557,0.975261425594783,1.89441644352853,0.147020436200946,0.185642993466566,0.0208235503812867,16.1584630655721
"TS",0.0197217391304348,0.304277508320397,0.450277542855226,0.616504877518498,4,1.34802901108561,17.4014505789686,0.977260824584718,1.88436887777952,0.147049537185945,0.184064045961761,0.0205320199160844,16.1923890328977
"TS",0.019505016722408,0.300933799437755,0.44651678248157,0.611355770816806,4,1.34848043310074,17.4240216446739,0.979263131197591,1.87429948277324,0.147078396820115,0.182479925471393,0.0202416635646571,16.2263652984201
"TS",0.0192882943143813,0.297590090555114,0.442731009385269,0.606172417535964,4,1.34893238886779,17.4466194429446,0.98126836675559,1.86420829276984,0.147106915961518,0.180890697044154,0.0199525098729103,16.2603921795196
"TS",0.0190715719063545,0.294246381672472,0.438920154109363,0.600954722577839,4,1.34938481136409,17.4692405696202,0.983276055351471,1.85409916211608,0.147135098736045,0.179296984391718,0.0196646833205958,16.2944621592605
"TS",0.018638127090301,0.287558963907189,0.431222983599875,0.590416015423801,4,1.35029122672724,17.5145613318121,0.987300016932957,1.83381670074196,0.147190544577996,0.176094291519879,0.0190926972054338,16.3627509151027
"TS",0.0184214046822742,0.284215255024547,0.427336556826689,0.585094850511612,4,1.35074516663053,17.537258318397,0.989315898184602,1.82364667154595,0.147217751093902,0.174485898048725,0.0188086520444692,16.3969635700439
"TS",0.0179879598662207,0.277527837259263,0.419487836918378,0.574348647014392,4,1.35165456728222,17.5827284210716,0.993355876560341,1.803245732269,0.147271072763231,0.171254460345576,0.0182444541008691,16.4655319517019
"TS",0.017771237458194,0.274184128376622,0.415525324303781,0.568923307925445,4,1.3521100547413,17.6055027409517,0.995380125661521,1.79301345560186,0.147297281679676,0.169631104367231,0.017964239219384,16.4998902676701
"TS",0.0175545150501672,0.27084041949398,0.411537421134556,0.563463204942496,4,1.35256592367237,17.6282961839415,0.997406228101413,1.78276804022,0.147323069470837,0.168004088179654,0.0176855191491144,16.5342824291125
"TS",0.0173377926421405,0.267496710611338,0.407524017599244,0.557968187715387,4,1.35302234565603,17.6511172870778,0.999435370400298,1.77249996137277,0.147348500366488,0.166371764640953,0.0174080690696762,16.5687271003017
"TS",0.016904347826087,0.260809292846055,0.399420541400073,0.546873180467268,4,1.35393680747542,17.6968403740681,1.00350234171911,1.75189995020385,0.147398112555363,0.163092021634632,0.0168571507503334,16.6377676870058
"TS",0.0166876254180602,0.257465583963413,0.395330373447691,0.541273059980415,4,1.3543945289374,17.7197264431497,1.00553810961659,1.74158327501293,0.147422567240618,0.161446845090855,0.0165839672328568,16.6723310559483
"TS",0.0164709030100334,0.254121875080771,0.391214537235959,0.535637795375589,4,1.35485289614177,17.7426447953119,1.00757739872929,1.73124114503998,0.147446387385865,0.159796142625068,0.0163120606332011,16.7069548820596
"TS",0.0162541806020067,0.250778166198129,0.387072968700195,0.529967298937581,4,1.35531195182327,17.7655976176146,1.0096205495975,1.72087053353186,0.147469735914301,0.158139221382732,0.0160414168544664,16.7416444390648
"TS",0.0160374581939799,0.247434457315488,0.382905644407336,0.524261538582628,4,1.35577111526159,17.7885557655203,1.01166373036084,1.71050015127962,0.147492946048616,0.156480539442102,0.0157724814285025,16.7763394627903
"TS",0.0158207357859532,0.244090748432846,0.378712522896175,0.51852045754344,4,1.35623122468181,17.8115611840544,1.01371234500268,1.70009023684002,0.147515358087256,0.154814208300671,0.0155045785880677,16.8111252249855
"TS",0.0156040133779264,0.240747039550204,0.374493533823772,0.512743959508827,4,1.3566913146122,17.834565724792,1.01576023973333,1.6896856391786,0.147537871190758,0.153146574142284,0.0152385934615774,16.8459045363036
"TS",0.0153872909698997,0.237403330667563,0.3702486936669,0.506932067038232,4,1.35715219501175,17.8576097514256,1.01781254008273,1.67924910093112,0.14755972031632,0.151472383599396,0.0149737793923806,16.8807585429958
"TS",0.0151705685618729,0.234059621784921,0.365977927067633,0.501084676954118,4,1.35761357605671,17.8806788074536,1.0198672669513,1.66879613988857,0.147580899168718,0.149794122097871,0.0147105088802659,16.9156562108331
"TS",0.0149538461538462,0.230715912902279,0.361681205488823,0.495201750184378,4,1.35807585471349,17.9037927360751,1.02192723184417,1.6583040456664,0.1476016479101,0.148107807079738,0.0144482950051065,16.9506413671275
"TS",0.0147371237458194,0.227372204019637,0.357358492531982,0.489283236893428,4,1.35853825547829,17.9269127758608,1.02398715523192,1.64781363835353,0.147622117531023,0.146420041007503,0.0141879355628448,16.9856314768325
"TS",0.0145204013377926,0.224028495136996,0.353009755114795,0.483329091786074,4,1.35900069332384,17.9500346658712,1.02604638544287,1.63733035441038,0.147642266411066,0.144731854337705,0.0139295024068671,17.0206165473127
"TS",0.0143036789297659,0.220684786254354,0.348634962937559,0.477339273376981,4,1.35946415192159,17.9732076019898,1.02811158711099,1.6268028440875,0.147661847595601,0.143034792381071,0.0136721274303923,17.0557009109217
"TS",0.0140869565217391,0.217341077371712,0.34423413043602,0.471313801431085,4,1.35992806088055,17.9964030808245,1.03017873592375,1.61626351346161,0.147680668174745,0.14133453201476,0.0134164428137834,17.0908217193159
"TS",0.0136535117056856,0.210653659606429,0.335353905762985,0.459155296279638,4,1.36085768122282,18.0428840620806,1.03432221355573,1.59511925730572,0.147717276783931,0.137918059366381,0.0129092751275022,17.1612258873231
"TS",0.0134367892976589,0.207309950723787,0.330874552950822,0.453022316963562,4,1.36132330261542,18.0661651297087,1.03639776900127,1.58452194694607,0.147734710274715,0.136203400336221,0.0126581287112881,17.1964971338268
"TS",0.0132200668896321,0.203966241841145,0.326369002629889,0.446853468898995,4,1.36178949347767,18.0894746280345,1.0384760825773,1.57390573530781,0.147751675480954,0.134484093867385,0.0124083897637182,17.2318179511397
"TS",0.0130033444816054,0.200622532958504,0.321837195363545,0.440648670707288,4,1.36225635059182,18.1128175359697,1.04055761014979,1.56326869272706,0.147767856640847,0.132759952593494,0.0121603282005078,17.2671958876465
"TS",0.0127866220735786,0.197278824075862,0.317279114613218,0.434407899744381,4,1.36272376179981,18.136188092873,1.04264180676333,1.55261309766346,0.147783800189379,0.131030863180775,0.0119137997357275,17.3026220507501
"TS",0.0125698996655518,0.19393511519322,0.312694745927822,0.428131136224335,4,1.36319177361722,18.1595886847753,1.04472860463361,1.54194201107499,0.147798894387303,0.129298085521981,0.0116688660263449,17.3380963779229
"TS",0.0123531772575251,0.190591406310578,0.308084017366284,0.42181828164785,4,1.36366098366617,18.1830492498703,1.04682216399442,1.5312224315121,0.147813362838609,0.12755554722723,0.0114251758930341,17.3736838459974
"TS",0.0121364548494983,0.187247697427937,0.303446994456806,0.415469425733939,4,1.36413034293031,18.2065171466992,1.04891545381336,1.52050827839797,0.147827402710525,0.125812409464523,0.0111833175185918,17.4092738716887
"TS",0.0119197324414716,0.183903988545295,0.298783567726637,0.409084418596187,4,1.36460071018869,18.2300355094224,1.05101402424597,1.5097583971655,0.147840607559084,0.124061956869992,0.010942892469378,17.4449541866713
"TS",0.0117030100334448,0.180560279662653,0.294093743384479,0.402663268735345,4,1.36507073129129,18.2535365296837,1.05310882456632,1.49904087709462,0.147853704297277,0.122315069831732,0.0107048726097575,17.4805833747886
"TS",0.0114862876254181,0.177216570780012,0.289377480641207,0.396205920304311,4,1.36554243597302,18.2771217982079,1.05521340502642,1.48825317892803,0.147865863376945,0.120555030467185,0.0104677312573323,17.5163735958773
"TS",0.0112695652173913,0.17387286189737,0.284634770608797,0.389712361133903,4,1.36601429175264,18.3007145879149,1.05731725723243,1.47747708042306,0.147877294626521,0.118795730253815,0.0102327136787611,17.552160595665
"TS",0.0110528428093645,0.170529153014728,0.279865583478348,0.383182550410773,4,1.3664881167256,18.3244058369734,1.05943258901963,1.46661895006642,0.147887645888925,0.117021428448306,0.00999840221110481,17.5881358663844
"TS",0.0108361204013378,0.167185444132086,0.275069892729781,0.376616451824523,4,1.36696099833495,18.3480499168173,1.06153992513904,1.4558258882844,0.147898277591966,0.115255898172957,0.00976698979778155,17.6239949164281
"TS",0.010619397993311,0.163841735249445,0.27024767013336,0.370014026723946,4,1.36743567741646,18.3717838724927,1.0636572055148,1.44496530963408,0.147907206566392,0.113478324197224,0.00953667920356076,17.6600188451308
"TS",0.0101859531772575,0.157154317484161,0.260523581313316,0.356700131145308,4,1.36838670934601,18.419335476961,1.06789749415167,1.42321685833019,0.147924178484658,0.109913349554358,0.0090812472273296,17.7321836343484
"TS",0.00996923076923077,0.153810608601519,0.255621617531699,0.349988527094121,4,1.36886483412213,18.4432417064478,1.07003165218978,1.412248255476,0.147930895966995,0.108113197063078,0.00885535672593154,17.7685011961539
"TS",0.00975250836120402,0.150466899718878,0.250693059920017,0.343240511664646,4,1.36934191464593,18.4670957510152,1.0721568108722,1.40135418988592,0.147937872476325,0.10632339966181,0.00863256232414753,17.8046875295401
"TS",0.00953578595317726,0.147123190836236,0.245737819870501,0.336455963538106,4,1.36982114336075,18.4910571676483,1.07429369764699,1.39038113689749,0.147943157466708,0.104519686615125,0.00841051282160351,17.8410690193971
"TS",0.0093190635451505,0.143779481953594,0.240755914529606,0.329634906190849,4,1.37030382552473,18.515191277174,1.07645111785178,1.37926303478899,0.147946427966376,0.102690853856867,0.00818863443628296,17.8777820226152
"TS",0.00910234113712375,0.140435773070953,0.235747302402028,0.322777282808901,4,1.37078300652396,18.5391503294254,1.07858253471743,1.36834943328389,0.147951062755348,0.100893786718392,0.00797157308554613,17.9141010380447
"TS",0.00866889632107024,0.133748355305669,0.225649844224392,0.308952182455066,4,1.37174977280697,18.5874886467938,1.08289321357166,1.34619012503991,0.147956221897812,0.097239809399349,0.00753910532164448,17.9875237524289
"TS",0.00845217391304348,0.130404646423027,0.220560932278778,0.3019846152612,4,1.37223429648829,18.611714824769,1.08505099802373,1.33511339839009,0.147956656291932,0.0954123928876517,0.0073261190355803,18.0242941469064
"TS",0.00801872909698997,0.123717228657744,0.210302586880755,0.287939233532748,4,1.37321255768455,18.6606278843541,1.08941841091475,1.31260656102592,0.147952877721044,0.0916941644589379,0.00690211174634406,18.0986845252297
"TS",0.00780200668896321,0.120373519775102,0.205133084175715,0.280861324179789,4,1.37369826249933,18.6849131227452,1.09157363135279,1.30158515486061,0.147952576548761,0.0898703761552628,0.00669598464883775,18.1354613933295
"TS",0.00758528428093646,0.11702981089246,0.19993664384126,0.27374653273003,4,1.3741893151859,18.709465760265,1.0937607682836,1.2903400967109,0.147949359304328,0.0880083683220869,0.00648937647279653,18.1727504274053
"TS",0.0073685618729097,0.113686102009819,0.194713214975001,0.266594789489628,4,1.37468287862594,18.7341439198858,1.09596019241997,1.27902113066863,0.147944392637905,0.0861333097450833,0.00628396173115948,18.2102487361883
"TS",0.00715183946488294,0.110342393127177,0.189462759869954,0.25940604283145,4,1.37517690779188,18.7588454293355,1.09815792414476,1.26773572939188,0.147937953901864,0.0842629833014919,0.00608165085469973,18.2477386661181
"TS",0.00693511705685619,0.106998684244535,0.184185250006684,0.252180253707643,4,1.37567410859733,18.7837054278053,1.10037253465858,1.25633629655624,0.147931302364326,0.0823711559424333,0.00587920973557947,18.2855119993554
"TS",0.00671839464882943,0.103654975361893,0.178880601718411,0.244917307564464,4,1.37617235689066,18.8086178270201,1.10258849827191,1.24495263967481,0.147922633217239,0.0804814203310885,0.00568019125932814,18.3233261309097
"TS",0.00628494983277592,0.0969675575966101,0.16818969140727,0.230279672495795,4,1.37717839241647,18.8589196137345,1.10706778046614,1.22189361977021,0.14790081239208,0.0766487212366424,0.00528459166808173,18.3997583514028
"TS",0.00563478260869565,0.0869364309486849,0.151948352294675,0.208042576866165,4,1.37870893973757,18.935446925027,1.11387893232313,1.18683842484136,0.147849474135303,0.0708191305265734,0.00470433644025456,18.516031740572
"TS",0.0054180602006689,0.0835927220660432,0.146479573262004,0.20055490842431,4,1.379228146812,18.9614073700643,1.11619577100881,1.17485992534128,0.147829927555491,0.0688219761802749,0.00451249394630348,18.555566020358
"TS",0.00498461538461539,0.0769053043007597,0.135459013848036,0.185465928883801,4,1.38026608007771,19.0133040040052,1.12079650485998,1.15127616967916,0.147785264200769,0.0648917142718009,0.00414014471508621,18.6342338996592
"TS",0.00476789297658863,0.073561595418118,0.129907009637918,0.177864311326246,4,1.38079358546204,19.0396792122193,1.12314264249672,1.13918141204378,0.14776428279221,0.0628676064498732,0.00395414220895288,18.67432476911
"TS",0.00433444816053512,0.0668741776528345,0.118718847589646,0.162545855892094,4,1.38186475015375,19.0932375160277,1.12790346207567,1.11466846981039,0.147702745527626,0.0587745628488635,0.00358882217292085,18.7557054115172
"TS",0.00390100334448161,0.0601867598875512,0.107417507768796,0.147072441255717,4,1.38295624912229,19.1478124276974,1.13274848587583,1.08974817947175,0.147629771164694,0.0546107518575599,0.00322838167711175,18.8385823919475
"TS",0.00368428093645485,0.0568430510049093,0.10172400977587,0.139277095166451,4,1.38350050065768,19.1750250267565,1.13513167390365,1.07771702728333,0.147585054920664,0.0526102764756172,0.00305739613024456,18.8795129600092
"TS",0.00303411371237459,0.0468119243569843,0.0844687426769095,0.115651763416753,4,1.38523153126806,19.2615765645148,1.142846536872,1.03780173123911,0.147425361061586,0.0459360430982883,0.00252409029148809,19.0113983965928
"TS",0.00281739130434783,0.0434682154743425,0.0786579557976611,0.107695829326501,4,1.38581957800919,19.2909789005562,1.14544899691746,1.02443375122654,0.147375373789879,0.0436904415161195,0.00235133728881366,19.0560018389444
"TS",0.0648,0.999768955909876,0.825550951424404,1.13031661531657,4,1.27217736764123,13.6088683708784,0.656970996593741,3.31856506500355,0.138346355108562,0.385228328707901,0.0858380237989275,10.7494742502734
"TS",0.0668,1.0306260224503,0.830237659268642,1.13673349817321,4,1.26976574105335,13.4882870537674,0.647700001586556,3.35005536676667,0.137924766094653,0.388747789608743,0.0881384890558232,10.5909653058109
"TS",0.0688,1.06148308899073,0.83439649858671,1.14242764118586,4,1.267426530994,13.3713265478618,0.638791252007821,3.37931250707262,0.137502402818663,0.391945440804529,0.0903502136726759,10.4385464048878
"TS",0.0708,1.09234015553116,0.838067029761194,1.14745320910072,4,1.2651573811133,13.2578690549515,0.630231148267341,3.40643663593894,0.137079282528915,0.394840925067791,0.0924729761109619,10.2919915236548
"TS",0.0728,1.12319722207159,0.841285960506737,1.15186046088689,4,1.26295590084006,13.1477950355587,0.622005924621779,3.43152870184092,0.13665545135422,0.397453408682801,0.0945070710138336,10.1510719288257
"TS",0.0748,1.15405428861202,0.844087316590654,1.15569598348136,4,1.26081971589555,13.0409857865346,0.614101991403129,3.45468770588334,0.13623094276287,0.399801235334942,0.0964531958005679,10.0155617395472
"TS",0.0768,1.18491135515245,0.846502600482419,1.15900290900649,4,1.25874645016933,12.9373225070618,0.606505771640717,3.47601226849538,0.135805829944128,0.401902121544897,0.0983124875174798,9.8852352942555
"TS",0.0788,1.21576842169287,0.848560956229972,1.1618211405132,4,1.25673376787597,12.8366883578747,0.599203970703518,3.49559844873399,0.135380197846953,0.403772924088737,0.100086384176319,9.75987157754653
"TS",0.0808,1.2466254882333,0.850289321043934,1.16418755952486,4,1.25477936815595,12.7389683849349,0.592183550052545,3.51354013620292,0.134954150988002,0.405429704309788,0.101776624447116,9.63925373051065
"TS",0.0828,1.27748255477373,0.85171258525306,1.16613624504304,4,1.25288100379772,12.6440501889985,0.585431799484129,3.52992846955718,0.134527805059492,0.406887692282356,0.103385194015429,9.52317036363628
"TS",0.0848,1.30833962131416,0.852853728944632,1.16769866063086,4,1.25103648919369,12.551824424385,0.578936389559069,3.54485159548688,0.134101297987286,0.408161280533581,0.104914271867443,9.41141631742769
"TS",0.0868,1.33919668785459,0.85373396633905,1.16890385208588,4,1.24924369552224,12.4621847328584,0.572685379102535,3.55839445745625,0.133674777268798,0.409264034860528,0.106366200605167,9.30379282283318
"TS",0.0888,1.37005375439502,0.854372873708586,1.1697786225821,4,1.24750056042541,12.3750280200931,0.566667223642442,3.57063892562024,0.133248404675281,0.41020873784284,0.107743463024131,9.20010765747385
"TS",0.0908,1.40091082093544,0.854788513373204,1.17034770244094,4,1.24580511309532,12.2902556676382,0.560870943969606,3.58166239543772,0.132822341224628,0.411007269241445,0.109048569188611,9.10017786889631
"TS",0.0928,1.43176788747587,0.854997549428188,1.17063390758157,4,1.24415543932228,12.2077719631221,0.5552859049023,3.59153963625504,0.132396761091086,0.411670839167924,0.110284146659693,9.00382622249481
"TS",0.0948,1.4626249540163,0.855015391350444,1.17065833614184,4,1.24255048255737,12.1275241271673,0.5499045264663,3.60033805469876,0.131972060302853,0.412209709984582,0.111452306375158,8.91092789725959
"TS",0.0968,1.49348202055673,0.854856234783174,1.1704404243193,4,1.24098688563777,12.0493442729692,0.544711796526716,3.60813337198471,0.131547985994304,0.412634096354183,0.112556842814443,8.82122925726839
"TS",0.1008,1.55519615363759,0.854058099686547,1.16934764457091,4,1.23797952358742,11.8989761805224,0.534863891362055,3.62095391095046,0.130703070913366,0.413174218389952,0.114583859653834,8.65096177209759
"TS",0.1028,1.58605322017801,0.853442347440506,1.16850457729152,4,1.23653259911419,11.8266299701317,0.530191558894768,3.62609680111456,0.130282580256662,0.413306179300047,0.115511534056415,8.57010615402429
"TS",0.1048,1.61691028671844,0.852696148132658,1.16748290627952,4,1.23512151846603,11.7560759168385,0.525676188086259,3.63046830621783,0.129863631047816,0.413355980330585,0.116385410921438,8.49192232295471
"TS",0.1068,1.64776735325887,0.851829012568826,1.16629565341058,4,1.23374488335271,11.6872441227624,0.521310278620626,3.63411916674507,0.129446383194045,0.413330328229343,0.117207951073901,8.41628473042378
"TS",0.1108,1.70948148633973,0.849766376673595,1.16347156166954,4,1.23108962954204,11.5544813954817,0.512998679432059,3.63944648055085,0.128617581891329,0.413076948591222,0.118708485520208,8.27217626352324
"TS",0.1128,1.74033855288015,0.848586497263171,1.1618561104374,4,1.22980850638195,11.4904253123606,0.509039764640633,3.64121073322991,0.128206329289498,0.412860333292775,0.119391091066148,8.20348368911523
"TS",0.1148,1.77119561942058,0.847317028641432,1.16011799666829,4,1.22855683074095,11.4278415358717,0.505203935860792,3.64242918052116,0.127797350678493,0.412590465724867,0.120031499466799,8.13689512293237
"TS",0.1168,1.80205268596101,0.845964396963135,1.15826601883731,4,1.22733350160497,11.3666749971332,0.501485485095632,3.64313888614224,0.127390757187846,0.412271867473158,0.120631797640567,8.07231463696365
"TS",0.1208,1.86376681904187,0.843032948821825,1.15425237857035,4,1.22496767051514,11.2483835227735,0.494379202280757,3.64316931402066,0.126585198022571,0.411504882667642,0.121719956048673,7.94881609499095
"TS",0.1228,1.8946238855823,0.841464759344923,1.15210526624658,4,1.22382322424905,11.1911612293712,0.490981419236535,3.64255347192171,0.126186435867054,0.411063953186079,0.122211575682622,7.88973056392202
"TS",0.1248,1.92548095212272,0.839834692173733,1.14987343306354,4,1.22270320132273,11.1351600706202,0.487681058173848,3.64155529333159,0.125790466912553,0.410589162824458,0.122670554128199,7.83231717837603
"TS",0.1268,1.95633801866315,0.83814713615656,1.14756288808482,4,1.22160672424045,11.0803362041806,0.484473704491929,3.64020228188872,0.125397383732088,0.410083616856969,0.123098608295303,7.77650160592297
"TS",0.1288,1.98719508520358,0.836406163924029,1.14517920741939,4,1.22053298035072,11.0266490513379,0.481355384500591,3.63851841738121,0.125007229755298,0.409550017962471,0.123497263514702,7.72221659744297
"TS",0.1308,2.01805215174401,0.834615560897402,1.14272757393882,4,1.21948117359373,10.9740587019967,0.478322135797285,3.63652791670764,0.124620096950889,0.408991020452453,0.123868071932731,7.66939531582253
"TS",0.1328,2.04890921828444,0.832778840894653,1.14021279864456,4,1.21845055995018,10.922528016202,0.475370355821288,3.63425215364595,0.124236029459689,0.408408948410019,0.124212454263931,7.61797679352524
"TS",0.1348,2.07976628482487,0.830899267872608,1.13763935043661,4,1.21744042132522,10.8720211162082,0.472496567465043,3.63171169902677,0.123855065525996,0.407806016482914,0.124531789670484,7.56790221713296
"TS",0.1368,2.11062335136529,0.828979884530507,1.13501139527649,4,1.216450078076,10.8225039213108,0.469697505120581,3.62892557498662,0.123477263822392,0.407184230685464,0.124827354103927,7.51911622733424
"TS",0.1388,2.14148041790572,0.827023512322658,1.13233279620461,4,1.21547887824442,10.7739439439922,0.466970081628625,3.62591145546364,0.123102654275984,0.406545441580827,0.125100376186852,7.47156654616246
"TS",0.1408,2.17233748444615,0.825032785449005,1.12960715987899,4,1.21452620657489,10.7263103298695,0.464311402927321,3.62268566874313,0.122731268939724,0.405891330240975,0.125351995136286,7.42520398964519
"TS",0.1428,2.20319455098658,0.823010152638418,1.12683783901691,4,1.21359145807015,10.6795729545993,0.461718625692299,3.61926437449065,0.122363122595244,0.405223544309412,0.125583367584338,7.37998033050387
"TS",0.1768,2.72776468217386,0.785469068034847,1.07543784776112,4,1.19997797824332,9.99889893277716,0.425633030302853,3.54211638774366,0.116604364935711,0.392828171664399,0.127244675158129,6.7497819501281
"TS",0.1808,2.78947881525472,0.780820813051912,1.06907361326975,4,1.19861017750319,9.93050883818689,0.422168774179809,3.53169979462651,0.115987344634552,0.391331794488335,0.127240119220065,6.68923701876415
"TS",0.1968,3.03633534757814,0.762030380502871,1.04334638458384,4,1.19352541785791,9.6762708921711,0.409525182205544,3.48903325771686,0.113637692258222,0.385413926954781,0.126961614386587,6.46826691761653
"TS",0.1988,3.06719241411857,0.759667636455742,1.04011139484808,4,1.19292960779497,9.64648065176421,0.408067136516488,3.48363707066849,0.113356807865887,0.384685231637479,0.12690244875184,6.44278769236124
"TS",0.2008,3.098049480659,0.757303194003494,1.03687407971311,4,1.1923419766795,9.617098818078,0.406633707372616,3.4782360551378,0.113078653131695,0.383959629024178,0.126838794556598,6.41773980568496
"TS",0.2028,3.12890654719943,0.75493737796456,1.03363488390941,4,1.19176232765777,9.58811637779836,0.405224313152864,3.47283093729471,0.112803238992594,0.383237072502868,0.126770761804655,6.39311302383475
"TS",0.2048,3.15976361373986,0.75257052986634,1.03039427504483,4,1.19119047849634,9.55952392547942,0.403838175866784,3.46742525986004,0.112530454539665,0.382517880102988,0.126698720955963,6.36889395125562
"TS",0.2068,3.19062068028028,0.750202956124476,1.02715267265336,4,1.19062627643831,9.53131383937279,0.40247486775785,3.46201862249186,0.112260358434088,0.381801870615551,0.12662265779144,6.34507492124339
"TS",0.2088,3.22147774682071,0.747834945711588,1.02391047238661,4,1.1900695416595,9.50347709818385,0.40113361386576,3.45661467034607,0.111992857780413,0.381089417246338,0.126542939841581,6.32164281210083
"TS",0.2108,3.25233481336114,0.745466774321338,1.02066805171506,4,1.1895201073956,9.47600537318588,0.399813841712067,3.45121472627719,0.111727949806176,0.380380500636639,0.126459730476592,6.29858751991948
"TS",0.2148,3.314048946442,0.740730957228941,1.01418393012644,4,1.18844255966933,9.42212794053445,0.397236741445232,3.44043125735172,0.111205692610316,0.378973592583161,0.126283434163284,6.25357258923809
"TS",0.2188,3.37576307952285,0.735997379607915,1.00770287474675,4,1.18739244164047,9.36962206912287,0.394739447105801,3.42967767865412,0.110693403699346,0.377581441741639,0.126094958549366,6.20995810699675
"TS",0.2248,3.46833427914414,0.72890479750693,0.997991949720971,4,1.18586625314552,9.29331292181116,0.391134569929547,3.41362430107525,0.109943092125287,0.375521914780305,0.125791969925507,6.14701309603256
"TS",0.2308,3.56090547876542,0.721825794419587,0.988299616624273,4,1.18439574794555,9.21978739731525,0.387688132775744,3.39768837780021,0.109213801152892,0.373497789617727,0.12546793643676,6.08685126820525
"TS",0.2328,3.59176254530585,0.719469852336697,0.985073939909323,4,1.1839173718202,9.19586859086518,0.386572541060029,3.39240688212213,0.108975249551729,0.372831090895092,0.125355829060416,6.06738109927055
"TS",0.2348,3.62261961184628,0.717115998605581,0.981851122495432,4,1.18344471587262,9.17223579460374,0.385473013252932,3.38714099632018,0.108738908978976,0.372168342782022,0.125241796751068,6.04819320768614
"TS",0.2368,3.65347667838671,0.714764355793735,0.978631332197895,4,1.1829777104503,9.1488855222232,0.384389425737931,3.38188942400503,0.108504712489595,0.371509481960072,0.125125772783298,6.02928532205165
"TS",0.2388,3.68433374492714,0.712415038708887,0.975414726207594,4,1.18251614222186,9.12580711053778,0.383320739571518,3.37665847299591,0.108272738182561,0.370854842550841,0.125008311757754,6.01063970094499
"TS",0.2408,3.71519081146756,0.710067567782487,0.972200647915388,4,1.18205992471384,9.10299630533074,0.382267243797919,3.37143978044343,0.108042788746368,0.370203780780479,0.124888844844008,5.99226063564106
"TS",0.2428,3.74604787800799,0.707723220285216,0.968990846117365,4,1.1816090696136,9.08045348073253,0.381228269636157,3.36624399324935,0.107815042593644,0.369557136178907,0.124768158792391,5.97413743070572
"TS",0.2468,3.80776201108885,0.703042499179078,0.962582160101315,4,1.18072288033802,9.03614407796225,0.379193247930551,3.35590644213473,0.107365690434813,0.368275691910354,0.124522276042553,5.93864503441512
"TS",0.2608,4.02376147687185,0.686752494973431,0.940278433861948,4,1.17777446331264,8.88872316562459,0.372487437203697,3.32036452492679,0.105855517870903,0.363917000614236,0.123624702679992,5.82175311348413
"TS",0.2628,4.05461854341228,0.684437226237882,0.937108445727116,4,1.17737147906931,8.86857392979695,0.371578626461841,3.31536971184358,0.105647279696295,0.363309953192408,0.123492521785493,5.80591905522591
"TS",0.2648,4.0854756099527,0.682126406334035,0.933944548783123,4,1.17697303350426,8.84865167521669,0.370681827777271,3.31039944246598,0.105440997352819,0.362707118942548,0.123359617256742,5.79029633360309
"TS",0.2668,4.11633267649313,0.679817768651756,0.930783639663554,4,1.17657864906416,8.82893243132411,0.369795909893331,3.30544878082131,0.105236480291795,0.362107831391475,0.123225859113134,5.77486502003677
"TS",0.2768,4.27061800919527,0.668328820261766,0.915053357679973,4,1.17466894311716,8.73344715704766,0.365530908680576,3.2810328351308,0.104240028418752,0.35916976570276,0.122547530681735,5.70060468682893
"TS",0.2828,4.36318920881656,0.661477625199044,0.905672931673791,4,1.17357001508465,8.67850075422626,0.363094958732559,3.26665426089759,0.103662404832248,0.357452167073606,0.122134267163903,5.65821369197079
"TS",0.2848,4.39404627535699,0.659201066723487,0.90255594432586,4,1.17321116237384,8.66055811855491,0.362302458583692,3.26190597907114,0.103473110872811,0.356886950364386,0.12199561002056,5.6444260839044
"TS",0.2868,4.42490334189741,0.656928125529474,0.89944390963824,4,1.17285591413079,8.64279570739195,0.361519220061056,3.25718172693391,0.10328540267893,0.356325497649193,0.121856707007072,5.63080158800778
"TS",0.2908,4.48661747497827,0.652393721717073,0.893235556342942,4,1.17215613622563,8.60780681128135,0.359980425065798,3.2478027119579,0.102914812752674,0.355213510690032,0.121577942229402,5.60403952095931
"TS",0.2928,4.5174745415187,0.650131152801201,0.890137723029933,4,1.17181137512769,8.59056875732006,0.359224412919545,3.24314407474069,0.102731617312198,0.354662665985004,0.121438015557546,5.59089409561866
"TS",0.2948,4.54833160805913,0.647872818507268,0.887045687618954,4,1.17147007360644,8.57350368438693,0.358477180878915,3.23851044248003,0.102550071461284,0.354115525367091,0.121297934362313,5.57790309763956
"TS",0.2968,4.57918867459956,0.645618161486289,0.883958687006508,4,1.17113212954713,8.55660649836554,0.357738598005122,3.23389905320691,0.102370022545297,0.353571857610713,0.12115759091887,5.56506416494608
"TS",0.2988,4.61004574113999,0.64336719028267,0.880876732891307,4,1.17079747801145,8.53987390477093,0.357008368497913,3.22931130322902,0.102191438971048,0.353031780869474,0.121017147596708,5.55237243793078
"TS",0.3028,4.67175987422084,0.638876324023668,0.874727989750795,4,1.17013788537764,8.50689426922628,0.355572747078712,3.22020306883482,0.101838635989688,0.351961924412617,0.120735711249742,5.52742572937017
"TS",0.3068,4.7334740073017,0.634400809676884,0.868600265932502,4,1.16949095866709,8.47454793319769,0.354169210263266,3.21118753583682,0.101491656745406,0.350905875105968,0.120453887755562,5.50304343078994
"TS",0.3088,4.76433107384213,0.632167766853544,0.865542858752994,4,1.16917203979318,8.45860199403136,0.353479120143666,3.20671029742385,0.101320057973098,0.350382709130234,0.120312720495793,5.49105780210976
"TS",0.3108,4.79518814038255,0.629939540663586,0.862492046346023,4,1.16885623272201,8.44281163608055,0.352796671250503,3.20225975150207,0.101150135709189,0.349863101370814,0.120171665730421,5.4792065520146
"TS",0.3148,4.85690227346341,0.625493072704966,0.856404091866134,4,1.16823340671805,8.41167033578426,0.351454143908678,3.19342173932318,0.100813909284317,0.348833680756725,0.119889340582279,5.45589738873466
"TS",0.3188,4.91861640654427,0.621061385673888,0.850336374935436,4,1.16762212746162,8.38110637303994,0.350140619561169,3.18467236155761,0.100483105021611,0.347817145042215,0.119606930255634,5.4330984008536
"TS",0.3208,4.9494734730847,0.618850522902288,0.847309335937284,4,1.16732067422443,8.36603369538465,0.349494415780476,3.18032907506277,0.100319507924209,0.347313619317016,0.119465707182595,5.4218847803373
"TS",0.3228,4.98033053962512,0.616643894171865,0.844288094046,4,1.16702203536032,8.35110177071877,0.34885517275968,3.17600944923529,0.100157321804933,0.346813343901461,0.119324578960333,5.4107933425463
"TS",0.3248,5.01118760616555,0.614441491757166,0.841272638684156,4,1.16672615549819,8.33630777491302,0.348222624305696,3.17171473537561,0.0999965335012631,0.346316407572706,0.11918368583948,5.39981985067487
"TS",0.3268,5.04204467270598,0.612242206345988,0.83826145101877,4,1.16643293647589,8.32164682229569,0.347596911451487,3.1674386339653,0.0998368137368287,0.345822392342728,0.11904270239566,5.38896597467518
"TS",0.3348,5.16547293886769,0.603481044833524,0.826265963144976,4,1.1652861831204,8.26430915381212,0.345158632746474,3.15055103076078,0.099210150589876,0.343877195512823,0.118479811946662,5.34668801230466
"TS",0.3368,5.19633000540812,0.601300523696689,0.823280466893339,4,1.16500592385107,8.25029619439389,0.344564877646271,3.14638461661227,0.099056565475061,0.343398629164815,0.118339429315249,5.33639622627553
"TS",0.3388,5.22718707194855,0.599122527420539,0.820298427596088,4,1.1647280339738,8.2364017000254,0.343977055105093,3.1422365018663,0.0989040060401654,0.342922684755546,0.118199179099734,5.32620909757688
"TS",0.3408,5.25804413848898,0.596948680134742,0.817322068956979,4,1.16445264387522,8.22263221236918,0.343395336516522,3.13811085146278,0.0987526676925141,0.342449844149683,0.118059083556835,5.316129027112
"TS",0.3448,5.31975827156984,0.592611754656809,0.811384096359843,4,1.16390908657715,8.19545434504321,0.34224964721988,3.12992168396005,0.0984534534532409,0.341512814585383,0.117779318330972,5.29628103467772
"TS",0.3468,5.35061533811026,0.590448649712094,0.808422445773084,4,1.16364082188257,8.18204108135489,0.341685213278223,3.12586083827489,0.0983054333244504,0.341048880861844,0.117639988450308,5.28650540241623
"TS",0.3488,5.38147240465069,0.588289104110633,0.805465668519478,4,1.16337487677647,8.16874383855014,0.341126626111242,3.1218186907481,0.0981585646183872,0.340587549403811,0.117500620397843,5.27683131769222
"TS",0.3528,5.44318653773155,0.583980633404749,0.799566655239846,4,1.16284985020387,8.14249251211205,0.340026113517127,3.11379612260154,0.0978680938681255,0.339673381938076,0.117222552251871,5.25777705043484
"TS",0.3568,5.5049006708124,0.57968677111723,0.793687643315639,4,1.16233374904791,8.1166874524608,0.338947165421891,3.10585713869565,0.0975821109745435,0.338770329555134,0.116945409225057,5.23910135900188
"TS",0.3588,5.53575773735283,0.5775448145754,0.790754948411298,4,1.16207897039431,8.1039485196517,0.338415661807917,3.10191713228327,0.0974405268764054,0.338322924547524,0.116807263861262,5.22990373018491
"TS",0.3628,5.59747187043369,0.573270784566754,0.784903090176747,4,1.1615757729254,8.0787886503997,0.337368030674602,3.09409598356999,0.0971604048911237,0.337436201906544,0.116531563773826,5.21177910147837
"TS",0.3668,5.65918600351455,0.569011082076373,0.779070848698646,4,1.16108097159061,8.05404857935234,0.336340648999906,3.08635489936272,0.0968844255550826,0.336560044511386,0.116256896789112,5.19400920345086
"TS",0.3708,5.7209001365954,0.564765053560502,0.773257329166852,4,1.16059432112118,8.02971605482039,0.335332810986147,3.07869260570283,0.0966124141154022,0.335694389933631,0.115983333510982,5.17658264399928
"TS",0.3728,5.75175720313583,0.562647129381479,0.770357538565922,4,1.16035399301528,8.01769965679629,0.334836082741955,3.07489046894062,0.0964778623904127,0.3352654043897,0.11584698169908,5.16799558471358
"TS",0.3848,5.9368996023784,0.550009870443641,0.753055028375787,4,1.15895248337342,7.94762417208612,0.331952326468146,3.05247670307582,0.0956902950998365,0.332744171440739,0.11503495009838,5.11816919421415
"TS",0.3868,5.96775666891883,0.547915227717211,0.750187113957239,4,1.1587254221738,7.93627111417875,0.3314872049484,3.04880674564785,0.0955622311452815,0.332332561514548,0.114900694050871,5.11013689504972
"TS",0.3908,6.02947080199969,0.543736235085076,0.744465377704331,4,1.1582767366456,7.91383683293404,0.330569772806832,3.04152315883282,0.0953089013109316,0.331516600271707,0.114633101772002,5.09429726729817
"TS",0.3948,6.09118493508054,0.539569111347417,0.738759891942816,4,1.15783499440495,7.89175020935225,0.32966884430456,3.03431044750147,0.0950588438006958,0.330709847917065,0.114366919999773,5.07874688643695
"TS",0.3968,6.12204200162097,0.537491145571209,0.735914811043989,4,1.15761681271347,7.88084063776812,0.329224624494604,3.03073280867852,0.094935173182995,0.330310198487654,0.114234308814973,5.07108137001172
"TS",0.4008,6.18375613470183,0.533343167588384,0.73023553900649,4,1.15718539627063,7.85926981959704,0.328348137357866,3.02362590846294,0.0946901467227194,0.329517274157022,0.113969923522762,5.05595926476254
"TS",0.4048,6.24547026778268,0.529208818995715,0.7245749278719,4,1.15676068494433,7.83803424838106,0.327487109932405,3.01659380152787,0.0944486797426826,0.328733730006931,0.113707037093329,5.04110903335756
"TS",0.4088,6.30718440086354,0.52508641509965,0.71893067101443,4,1.15634246169404,7.81712308509954,0.326641454691208,3.00962897370214,0.0942102373550948,0.327958881016111,0.113445538835464,5.02652756107119
"TS",0.4128,6.3688985339444,0.520975829569132,0.713302595465843,4,1.15593055316209,7.79652766655065,0.325810574544498,3.00273163109234,0.0939750097215187,0.327192652658815,0.113185307323578,5.01220532303775
"TS",0.4288,6.61575506626782,0.504656236835862,0.690958357608946,4,1.15434390813737,7.71719540842169,0.322628624125956,2.97581709829121,0.0930648680965612,0.324212807086975,0.112158761850327,4.95739665427919
"TS",0.4348,6.70832626588911,0.49858551422289,0.682646528248711,4,1.15377281586628,7.6886407930759,0.321490486725878,2.96599534325669,0.092735898478894,0.323129086726508,0.111779831731272,4.93780814674548
"TS",0.4368,6.73918333242954,0.496567030822076,0.679882888619025,4,1.15358526868449,7.67926342841655,0.321117819511091,2.96274977174505,0.0926273134056655,0.32277176196794,0.111654172861792,4.93139645830868
"TS",0.4388,6.77004039896996,0.494551907285884,0.677123849203054,4,1.15339906289083,7.6699531452484,0.320748109956265,2.95952185276114,0.0925196799822859,0.322416359672104,0.111528883275411,4.92503616334851
"TS",0.4408,6.80089746551039,0.492539623141303,0.67436869738664,4,1.1532141877431,7.66070938789213,0.320381328485545,2.95631083420963,0.0924128147677701,0.322063019535114,0.11140404575227,4.91872763459725
"TS",0.4428,6.83175453205082,0.490530162264127,0.671617411093067,4,1.15303066120443,7.65153306078075,0.320017744320886,2.95311421708357,0.0923065402204784,0.321711442467238,0.111279545318804,4.91247458613632
"TS",0.4508,6.95518279821253,0.482520235158411,0.660650488119452,4,1.1523096163098,7.6154808142375,0.318593216589147,2.94048145819371,0.0918881368570781,0.320324244689745,0.110785162719909,4.88798403269384
"TS",0.4588,7.07861106437425,0.474554222202483,0.649743690923741,4,1.15160887887975,7.58044393971644,0.317214984497592,2.92808859305937,0.0914800773099289,0.318966638829561,0.110296782993767,4.86430363882837
"TS",0.4608,7.10946813091468,0.472569464458183,0.647026227329411,4,1.15143676354816,7.5718381497229,0.316877439134822,2.92502672557928,0.0913796653824197,0.31863166959857,0.110175560101801,4.85850581770224
"TS",0.4688,7.23289639707639,0.464656954112583,0.636192684109498,4,1.1507602178701,7.53801089827012,0.315554084259044,2.91292507202213,0.090984151069858,0.317309563169366,0.109694557028951,4.83578478283405
"TS",0.4728,7.29461053015724,0.460716400834245,0.630797411005687,4,1.15042895068705,7.52144753993128,0.314908296767955,2.90695864713202,0.0907900149245349,0.316658816038622,0.109456195808771,4.82470199492292
"TS",0.4768,7.3563246632381,0.456786156060906,0.625416251960445,4,1.15010219900043,7.50510994947158,0.31427265922808,2.90104847297932,0.0905982516605083,0.31601479722624,0.109219376089029,4.8137962869779
"TS",0.4808,7.41803879631896,0.45286610151604,0.620049045033527,4,1.14977990721217,7.48899536653612,0.313647020000257,2.89519371667736,0.0904087469045883,0.315377539022581,0.10898408261698,4.80306572732271
"TS",0.4888,7.54146706248067,0.445056584673204,0.609356517055912,4,1.14914831993662,7.45741599738634,0.312424907970864,2.88364733738554,0.0900366161186782,0.314122566479156,0.108517851583321,4.78211294706821
"TS",0.4908,7.5723241290211,0.443110271055083,0.606691689867011,4,1.14899306697118,7.4496533477936,0.312125293217565,2.8807939283983,0.0899449530220538,0.313812814833749,0.108402231245813,4.77697820026702
"TS",0.4928,7.60318119556153,0.441166404167824,0.604030212659768,4,1.14883884987865,7.44194249416152,0.311828010195051,2.87795351424577,0.0898538412083442,0.313504631295259,0.108286933183307,4.77188397559793
"TS",0.4988,7.69575239518281,0.435348859285154,0.596065025738373,4,1.14838233233262,7.41911662406216,0.310949920775737,2.86950881673019,0.0895836613203461,0.312589300496818,0.107943189574985,4.75684178460056
"TS",0.5048,7.7883235948041,0.429553317723285,0.588129965024269,4,1.14793482709551,7.39674135941445,0.310091830884199,2.86118096459967,0.089318263183055,0.311687841803596,0.107602799501471,4.7421482726433
"TS",0.5088,7.85003772788495,0.425701394897892,0.582856041757697,4,1.14764136604193,7.38206828145294,0.309530584018248,2.85569159371495,0.0891440534044756,0.311094151162413,0.10737760362983,4.73254177385201
"TS",0.5108,7.88089479442538,0.423779404251755,0.580224516764522,4,1.14749609799101,7.37480490033411,0.309253167209447,2.85296738479589,0.0890575102400603,0.310799931231931,0.107265692523193,4.7277938222248
"TS",0.5188,8.0043230605871,0.416112001395487,0.56972656648076,4,1.14692426489889,7.34621323955854,0.308164056814561,2.84218670684749,0.08871671669278,0.309636378705625,0.106821239223942,4.70916257781319
"TS",0.5228,8.06603719366795,0.412292608971866,0.564497182746924,4,1.14664385361519,7.33219268045801,0.307631629938568,2.83686982271877,0.0885494075503115,0.309063088639997,0.106601071358659,4.70005765799841
"TS",0.5268,8.12775132674881,0.408481185596585,0.559278709966227,4,1.14636703677791,7.31835183905357,0.307107262412072,2.83159816824737,0.0883837132175486,0.308495442339584,0.10638237748951,4.69109351304955
"TS",0.5288,8.15860839328924,0.406579027188914,0.556674338607385,4,1.14622994664655,7.31149723571055,0.30684786911337,2.82898129370948,0.0883016170820073,0.308213776250608,0.10627363632869,4.68666038221134
"TS",0.5328,8.22032252637009,0.402781273203186,0.551474581495427,4,1.14595836705697,7.29791831844634,0.306334899929441,2.82378134739816,0.0881388589705552,0.307654404783263,0.10605706444047,4.67789486204946
"TS",0.5348,8.25117959291052,0.400885654451139,0.548879164013262,4,1.14582388250654,7.29119404108012,0.306081309252068,2.82119824536688,0.0880581533873948,0.307376724342448,0.10594928489937,4.67356258812426
"TS",0.5368,8.28203665945095,0.398992189043818,0.54628669481832,4,1.14569009701571,7.28450485097199,0.305829212574208,2.81862738220681,0.0879782274021233,0.307099948299842,0.105841811353368,4.66925382113788
"TS",0.5388,8.31289372599138,0.397101339704294,0.543697807455479,4,1.14555740190654,7.27787009598655,0.305579424382998,2.81606819502167,0.087898402724122,0.306825290698848,0.105734806338935,4.66499016116968
"TS",0.5428,8.37460785907223,0.393324601977303,0.538526825098612,4,1.14529428188874,7.26471409805073,0.30508488547462,2.81098278132445,0.087739872319202,0.306279573185464,0.105521890090034,4.65654717920114
"TS",0.5448,8.40546492561266,0.391440105507728,0.53594663587178,4,1.14516393413506,7.25819670728703,0.304840354521468,2.80845681137409,0.0876616178592218,0.306008456732374,0.105415739068165,4.65237114266653
"TS",0.5468,8.43632199215309,0.389556761014401,0.533368023892108,4,1.14503439020065,7.25171950997843,0.304597511468804,2.80594166895329,0.0875833603820027,0.305738745686538,0.105310201629743,4.64822626334561
"TS",0.5488,8.46717905869352,0.387675969441569,0.530792907285372,4,1.14490566093059,7.24528304651222,0.304356422285181,2.80343781335154,0.0875058497381219,0.305470241115693,0.105204863196374,4.64411181052007
"TS",0.5508,8.49803612523395,0.385797717428932,0.528221267759099,4,1.14477774599888,7.23888729995274,0.304117118048587,2.80094505052387,0.0874288799367041,0.305202903049098,0.105099801103329,4.64002820229055
"TS",0.5588,8.62146439139566,0.378303295410781,0.517960157024875,4,1.14427386823168,7.2136934133456,0.303176867179094,2.79108168425311,0.0871243004589229,0.30414679890457,0.104683335597293,4.62398878944399
"TS",0.5648,8.71403559101694,0.372703177523192,0.510292663837262,4,1.14390398940305,7.19519953757151,0.302489076843044,2.78379578112787,0.0869001222766091,0.303367761928415,0.104374647010392,4.61226223633464
"TS",0.5748,8.86832092371909,0.363410296919952,0.497569164055847,4,1.14330229739192,7.16511486990345,0.30137441379858,2.77186449554735,0.0865347267686191,0.302093516794607,0.10386701006434,4.59326805701146
"TS",0.5908,9.11517745604251,0.348639893045262,0.477346023514742,4,1.14237649076837,7.11882452570523,0.299670650544542,2.75329154936236,0.0859700212507234,0.300114519050004,0.103071383220774,4.56426505240533
"TS",0.5948,9.17689158912337,0.344966450792507,0.472316469849363,4,1.14215178783877,7.10758939191609,0.299259169999633,2.74874720892503,0.0858326219310085,0.299630930230987,0.102875789893141,4.55726352673303
"TS",0.6028,9.30031985528508,0.337639912614129,0.462285220025856,4,1.14171011912655,7.08550597374895,0.298452340760249,2.739774625007,0.0855619882765576,0.298677138714191,0.102488622187671,4.54354356065381
"TS",0.6088,9.39289105490637,0.332164499789494,0.454788468819011,4,1.14138571735896,7.06928586786573,0.29786218906415,2.73313957641525,0.08536267764649,0.29797260709493,0.102201281297813,4.53351280324519
"TS",0.6108,9.4237481214468,0.33034226190633,0.452293521956136,4,1.14127888916785,7.06394447354529,0.297668311113297,2.73094444766948,0.0852968286636382,0.297739897068673,0.102106004992348,4.53022024147875
"TS",0.6128,9.45460518798722,0.328522672209921,0.449802200901559,4,1.14117259517527,7.05862975872018,0.297475549203728,2.72876048837219,0.085231449935573,0.29750808528982,0.102011190880288,4.52694378110951
"TS",0.6148,9.48546225452765,0.326703900654592,0.447312000018251,4,1.14106688011611,7.05334400690127,0.297283843752098,2.72658602056559,0.0851664379596135,0.297277545215551,0.101916696384228,4.52368762091051
"TS",0.6208,9.57803345414894,0.32125967539525,0.439857949777568,4,1.14075324556569,7.03766227853723,0.296715704757932,2.72012349807977,0.084973283104538,0.296592166164689,0.101635658326691,4.51403923448776
"TS",0.6288,9.70146172031065,0.31402326750115,0.42995010330995,4,1.14034340620754,7.01717029996396,0.295976412791548,2.71162266077622,0.084720388673373,0.29569158664437,0.101264681353961,4.5014891912608
"TS",0.6308,9.73231878685108,0.312218434135609,0.427478986127626,4,1.14024284835466,7.01214242615092,0.295796371121127,2.70950973374258,0.0846574932250722,0.295468950542923,0.101171818026159,4.49843868005874
"TS",0.6368,9.82488998647236,0.306814213012105,0.420079708205165,4,1.13994303194336,6.99715160218891,0.29525722481732,2.70325839564371,0.0844721819869596,0.294807279623624,0.10089821406891,4.48929149919925
"TS",0.6488,10.0100323857149,0.296047842788139,0.40533875596012,4,1.13935889796365,6.96794490820695,0.294213765645126,2.69095512859943,0.0841096023788405,0.293507239038136,0.100356802147105,4.47159850431971
"TS",0.6588,10.1643177184171,0.28711935969606,0.393114177003319,4,1.13888673695267,6.94433686315919,0.293373404196751,2.68094177506733,0.0838150579930823,0.292451487625531,0.0999148696800587,4.45736890104279
"TS",0.6668,10.2877459845788,0.280004481843223,0.383372725383484,4,1.13851832783018,6.92591639222094,0.292721298621337,2.67306619549318,0.0835847973997646,0.291621707640438,0.0995656945206875,4.44633066643484
"TS",0.6708,10.3494601176596,0.276455794576474,0.378513982051837,4,1.13833716683468,6.91685834239034,0.292401751280123,2.66917340831108,0.0834712610684916,0.29121183211268,0.0993929548461413,4.44092363931276
"TS",0.6808,10.5037454503618,0.267609742236114,0.36640226450973,4,1.13789194479902,6.89459724006426,0.291616300873379,2.65960108081323,0.0831925900333835,0.290203947032038,0.0989676418490757,4.42764051057577
"TS",0.7028,10.8431731823065,0.248273427671108,0.339927632515056,4,1.13695481368624,6.84774068428578,0.2899806848089,2.6391375208736,0.0826021309374277,0.288055108563852,0.0980508944251817,4.40000852462747
"TS",0.7268,11.2134579807916,0.22736586000591,0.311301693586571,4,1.13599106204319,6.79955310311254,0.288311758919055,2.61783167280196,0.0819919472472972,0.28582171410539,0.0970917556657855,4.37186243412969
"TS",0.7288,11.2443150473321,0.225631554999693,0.308927141463322,4,1.13591430904535,6.79571546993186,0.288182618072441,2.61607096351895,0.0819422343106611,0.285638649229197,0.0970108749957639,4.36968757876033
"TS",0.7408,11.4294574465746,0.215254663936597,0.29471945099466,4,1.13545705403768,6.77285270141051,0.287399490924127,2.60580288702443,0.0816508704581522,0.284564838189515,0.0965450996617479,4.35649900503978
"TS",0.7488,11.5528857127363,0.208361779171931,0.285281944849798,4,1.13515962288632,6.75798114405109,0.286891915389531,2.59909073889868,0.0814611416736071,0.283863128616637,0.0962399689328354,4.34795435655955
"TS",0.7848,12.1083129104641,0.177573781484835,0.243128053223838,4,1.13389335019975,6.69466748321576,0.284754815962129,2.57006093206625,0.0806480958585988,0.280835418025349,0.094911119547133,4.31204743121047
"TS",0.7868,12.1391699770045,0.17587408312534,0.240800883358128,4,1.13382628167163,6.69131408423923,0.284642670857901,2.56850485123962,0.0806042852685985,0.280673531785336,0.0948400382574068,4.31016542074019
"TS",0.7888,12.1700270435449,0.174175900887265,0.238475789314908,4,1.13375950721942,6.68797536015,0.284531003134589,2.56695424554282,0.0805611621292741,0.280512314766646,0.0947684595423588,4.30829247842502
"TS",0.7928,12.2317411766258,0.170781513859562,0.233828308684417,4,1.13362687776033,6.68134376085855,0.284309518907052,2.56386922637386,0.0804752949968916,0.280191262555616,0.0946265436508741,4.3045777728227
"TS",0.7948,12.2625982431662,0.169086147438582,0.231507069963323,4,1.13356103129087,6.6780514701486,0.284199720112444,2.56233502294843,0.08043271687211,0.280031580553113,0.0945558562281685,4.30273623076583
"TS",0.7968,12.2934553097066,0.167392274636008,0.229187876254346,4,1.13349551791042,6.67477589899472,0.284090537182038,2.56080638526563,0.0803905528468098,0.279872409090006,0.094485259143609,4.30090610209775
"ATPS",0.0357,0.998961340999237,0.850078430995208,1.16389881595832,4,1.24560851786873,12.2804258942541,0.570248862212787,3.4376397767029,0.131606755929137,0.390582017964416,0.0971811303287004,9.24248836908453
"ATPS",0.035580602006689,0.995620333169808,0.849754661348174,1.16345552143973,4,1.24571380703417,12.2856903459146,0.571038703705987,3.4307102073549,0.131578803122655,0.389631048814757,0.0966272878692657,9.25526078962192
"ATPS",0.0357,0.998961340999237,0.850078430995208,1.16389881595832,4,1.24560851786873,12.2804258942541,0.570248862212787,3.4376397767029,0.131606755929137,0.390582017964416,0.0971811303287004,9.24248836908453
"ATPS",0.0377,1.05492556178351,0.853698170999138,1.16885484230958,4,1.24420329523836,12.2101647638561,0.559722635488509,3.52968820656192,0.131993910895723,0.403046114069487,0.104872742974092,9.07216272977683
"ATPS",0.0397,1.11088978256778,0.854934860833533,1.17054807646478,4,1.24340664639941,12.1703323140204,0.553692150393999,3.58249225963799,0.132149123137565,0.410083334243558,0.109631767085487,8.97454987117874
"ATPS",0.0457,1.27878244492059,0.853159724488614,1.16811761944495,4,1.24269342429368,12.1346712195899,0.54788656770886,3.63521015267555,0.131746470830834,0.417273450463118,0.114740390076966,8.88084075018826
"ATPS",0.0477,1.33474666570486,0.851899567756011,1.16639225520146,4,1.24263417110141,12.1317085504669,0.547299947987325,3.64104126032237,0.131567469910643,0.418133830373713,0.115337381070831,8.8714447606729
"ATPS",0.0497,1.39071088648913,0.850506342429406,1.1644846979116,4,1.24260004039243,12.1300020271488,0.546919788144342,3.64499330104677,0.131406251741586,0.418739092687885,0.115748580579484,8.86538012368296
"ATPS",0.0517,1.44667510727341,0.84902402161695,1.16245515407708,4,1.24258003900906,12.1290019449879,0.546661752399938,3.64780489342758,0.131264435494249,0.419185336191575,0.116045625076886,8.86128177438529
"ATPS",0.0537,1.50263932805768,0.84747920655202,1.16034004521254,4,1.24256849473646,12.1284248210307,0.546480465164733,3.64988319941093,0.131140421169073,0.419526711992745,0.116268459215921,8.85841674563105
"ATPS",0.0557,1.55860354884195,0.845888891041285,1.15816263866692,4,1.24256224793389,12.1281123969976,0.546350068062792,3.65146212322614,0.131032121535036,0.419794842738122,0.116440308994582,8.8563677135165
"ATPS",0.0577,1.61456776962622,0.844264428211664,1.15593847875999,4,1.24255902526932,12.1279512179352,0.546253107357786,3.65269444576809,0.130937028204562,0.420010657297241,0.116576375838711,8.85485196538898
"ATPS",0.0597,1.67053199041049,0.842613256778955,1.15367775033141,4,1.2425597699425,12.1279884964266,0.546187274109269,3.6536525231764,0.130853100523049,0.420186052332192,0.116684383589839,8.85384010220701
"ATPS",0.0617,1.72649621119476,0.840942265390039,1.15138988508495,4,1.2425602898812,12.1280146910513,0.546132646355847,3.65444302257943,0.130778721184835,0.420333141663858,0.116774501352208,8.85299932464375
"ATPS",0.0637,1.78246043197903,0.839254307020899,1.14907878921945,4,1.24256265537229,12.1281327689462,0.546096559025616,3.65504685769994,0.130712483101626,0.420452491096986,0.116846237478185,8.85245482078816
"ATPS",0.0657,1.8384246527633,0.837552918024252,1.14674930459017,4,1.24256336524341,12.128168261767,0.54605668807081,3.65563697102121,0.130653875037611,0.420563814885242,0.116912569084081,8.85184367133875
"ATPS",0.0677,1.89438887354757,0.835840444263559,1.14440464307453,4,1.24256580353413,12.1282899919693,0.546033428542546,3.6560632284241,0.130600630676446,0.420651445565054,0.116965347079482,8.8514971288878
"ATPS",0.0697,1.95035309433184,0.834118731365575,1.14204733164265,4,1.24256808911345,12.1284045371949,0.546008929374921,3.65650542012457,0.130551023001336,0.420738749490768,0.117016379934068,8.85113285038958
"ATPS",0.0717,2.00631731511612,0.832389246810641,1.13967937951928,4,1.24257009180114,12.1285047360826,0.545996680882906,3.65675466549545,0.13050821666154,0.420798072872879,0.117050985629611,8.85095235348767
"ATPS",0.0737,2.06228153590039,0.830653129365219,1.13730234586519,4,1.2425844545485,12.1292227177474,0.546026689032405,3.65693213467037,0.130465418686642,0.420855813786016,0.117076825938913,8.85150187470308
"ATPS",0.0757,2.11824575668466,0.828911353920292,1.13491756546834,4,1.24258574337252,12.1292871747394,0.546019485939358,3.65707725253891,0.130431131479981,0.420895691247668,0.11710133986837,8.85139495669027
"ATPS",0.0797,2.2301741982532,0.825413681089295,1.1301286693875,4,1.24261355390312,12.1306777074805,0.546089600880982,3.65725183627984,0.130360553773303,0.420978319300562,0.117134041083818,8.85264332483826
"ATPS",0.0837,2.34210263982174,0.821900929457786,1.1253191279198,4,1.24264485213511,12.1322426033767,0.546204343146187,3.65691498241052,0.130308887525252,0.420989542102126,0.11712261542751,8.85459548573549
"ATPS",0.0857,2.39806686060601,0.820140046750928,1.12290818650213,4,1.24265173621811,12.1325868199456,0.546214115479248,3.65706932627702,0.13028032967475,0.4210290568895,0.117143637885655,8.85478856136866
"ATPS",0.0877,2.45403108139028,0.818376351066605,1.12049339365026,4,1.24268704531781,12.134352269037,0.546375909766869,3.65622658247714,0.130262632254933,0.420964691568852,0.117078731550679,8.85748787751298
"ATPS",0.0897,2.50999530217455,0.816610345450629,1.11807543811761,4,1.24271890711638,12.1359453550447,0.54649475938108,3.65588050864725,0.130234751726878,0.420953321338712,0.117062716499742,8.85951092282857
"ATPS",0.0917,2.56595952295883,0.81484221598107,1.11565457467602,4,1.24275215975554,12.1376079894414,0.546609223910903,3.65566837100565,0.130200976308297,0.420968865556104,0.117052981297898,8.86147863970045
"ATPS",0.0937,2.6219237437431,0.813072043064327,1.11323091341523,4,1.24278701051253,12.1393505326171,0.546777805944482,3.65471591489622,0.130182066802479,0.420884027176617,0.116988398488834,8.86427498107797
"ATPS",0.0957,2.67788796452737,0.811300377304682,1.11080520820411,4,1.24281648402542,12.1408242446543,0.546844886796244,3.65502749191517,0.130155206814492,0.420959556857789,0.117009184068591,8.865504057895
"ATPS",0.0997,2.78981640609591,0.807753525912365,1.10594897849003,4,1.24278386178793,12.1391930496302,0.546764800728683,3.65472628544471,0.13015243695299,0.420897794390264,0.117004311541946,8.86404834369574
"ATPS",0.1017,2.84578062688018,0.805978044720138,1.10351804931686,4,1.24278066936169,12.1390336053593,0.546741810536329,3.65492827528111,0.13012914001838,0.420938370046125,0.117024795592153,8.86367480049038
"ATPS",0.1037,2.90174484766445,0.804201801166902,1.10108607634462,4,1.24274694066858,12.1373470318402,0.546577155058678,3.65588078743647,0.130104100169383,0.421052080521079,0.117102782983774,8.86093075630168
"ATPS",0.1097,3.06963751001726,0.798866145831539,1.09378067639473,4,1.24269439019589,12.1347195743445,0.546347584303745,3.65695143791425,0.130056302015983,0.421186341750127,0.11720028707407,8.85706282767975
"ATPS",0.1117,3.12560173080153,0.797084875696939,1.09134182119624,4,1.24278247886268,12.1391239489487,0.546682184865855,3.65589497428644,0.130039174571167,0.421123913538084,0.117115031565482,8.86277336079694
"ATPS",0.1137,3.18156595158581,0.795303722449266,1.08890312603539,4,1.24275892653867,12.1379462363498,0.546652773151864,3.65527878058816,0.130041246317456,0.42101241277302,0.117096125277599,8.86214754401205
"ATPS",0.1177,3.29349439315435,0.791736436194248,1.08401891759413,4,1.24293183736701,12.1465920965531,0.54734953025793,3.65262425485442,0.130015727669863,0.420831538526569,0.116851053678682,8.87394743857148
"ATPS",0.1197,3.34945861393862,0.789953805602095,1.08157819970288,4,1.24287686676952,12.143843396546,0.547214243257633,3.65220848925564,0.129999997854752,0.420762819529432,0.116845725250316,8.87148748661926
"ATPS",0.1217,3.40542283472289,0.788167841301226,1.0791329174097,4,1.24301090244476,12.1505450826254,0.547625890500059,3.65207356361631,0.129966639852263,0.42083551790088,0.116823379015898,8.8786889664144
"ATPS",0.1237,3.46138705550716,0.786378972975022,1.07668365902264,4,1.24316156922272,12.1580781184159,0.548230015428964,3.6498943545817,0.129890898643905,0.420704486737433,0.116666706745233,8.88890650092503
"ATPS",0.1277,3.5733154970757,0.782800556326144,1.07178421122021,4,1.24336900269746,12.1684496974234,0.549151922173604,3.64542601772128,0.129885348239669,0.420278922455597,0.116326418236739,8.90436372339789
"ATPS",0.1337,3.74120815942852,0.77739876361055,1.06438825819223,4,1.24405335245628,12.2026673778362,0.551913924049413,3.63496820828985,0.129779260776267,0.419471220017574,0.115491740441524,8.95111607482758
"ATPS",0.1377,3.85313660099706,0.773800168128813,1.05946118221008,4,1.24431456532102,12.2157281601908,0.553101402471505,3.62902600821359,0.129738015144897,0.418952006045397,0.115014685017908,8.9709537868484
"ATPS",0.1397,3.90910082178133,0.771963047072008,1.05694585780609,4,1.24474781835809,12.2373909945322,0.555038834728839,3.61952828582607,0.129765568735659,0.418010832042031,0.114274219720213,9.0034099743795
"ATPS",0.1617,4.52470725040831,0.751926806807247,1.02951291106833,4,1.24679804497862,12.3399019084518,0.563473059457169,3.58593449608446,0.12940065357481,0.415255925294791,0.111696398290473,9.14586307904521
"AAS",0.1715,0.999799328919641,0.835482384777625,1.14391440006103,4,1.23570475387705,11.7852376917417,0.529458805054169,3.52140614046659,0.127522575255653,0.406939246022095,0.106245030009912,8.63633398554292
"AAS",0.170926421404682,0.996455518455027,0.83481435865622,1.14299976114845,4,1.23555497784751,11.777748892746,0.529030251226722,3.51978413276802,0.127432010779399,0.406825385446265,0.106145243039484,8.63021382184826
"AAS",0.170352842809365,0.993111707990413,0.834132359184577,1.14206599039438,4,1.23540381799518,11.7701908932059,0.5285984879905,3.51814291671728,0.127340666232669,0.406710034692196,0.106044317503435,8.62404141734984
"AAS",0.169205685618729,0.986424087061184,0.832725890042864,1.14014030011801,4,1.23509724847567,11.7548623926495,0.527725036950116,3.51480292222379,0.127155609059768,0.406474856140095,0.105839081171821,8.61153470770523
"AAS",0.168632107023411,0.98308027659657,0.832001140728426,1.13914799771604,4,1.23494183027187,11.7470914591962,0.527283371148436,3.51310343739576,0.127061879665678,0.406354961127816,0.10573474161792,8.60520068889134
"AAS",0.168058528428094,0.979736466131956,0.831261861574871,1.13813580154671,4,1.23478496124897,11.7392480533097,0.526838363361084,3.5113838092359,0.12696734732525,0.406233467518424,0.105629220270996,8.59881197759962
"AAS",0.167484949832776,0.976392655667342,0.83050792638561,1.13710353882589,4,1.2346266606093,11.7313330497659,0.526390020464815,3.50964472085229,0.126872011718063,0.406110481310072,0.105522554848919,8.59236879347968
"AAS",0.166911371237458,0.973048845202728,0.829739180370951,1.13605099762073,4,1.23446688404687,11.7233442735632,0.525938304168608,3.50788481693104,0.126775853351161,0.40598587220292,0.105414642509167,8.5858702576797
"AAS",0.16633779264214,0.969705034738114,0.82895548256414,1.13497798492431,4,1.23430563354126,11.7152816712642,0.525483203699685,3.506104229285,0.126678852063899,0.405859610467119,0.105305565272794,8.57931620368191
"AAS",0.165764214046823,0.966361224273499,0.828156711078312,1.13388433385321,4,1.23414290503,11.7071452455826,0.525024695979704,3.50430324185569,0.126581065244868,0.405731744145073,0.105195259370669,8.57270628376987
"AAS",0.165190635451505,0.963017413808885,0.827342719086665,1.13276984337711,4,1.23397869274375,11.6989346047033,0.524562782452269,3.50248157316531,0.126482424569166,0.405602291411152,0.105083751289957,8.5660404467418
"AAS",0.158307692307692,0.922891688233515,0.816338013849752,1.11770257084295,4,1.23188810577638,11.5944052218545,0.518747985957558,3.478912949577,0.125232214834214,0.403914304174217,0.103645277240099,8.48156311595377
"AAS",0.157160535117057,0.916204067304286,0.81427253507455,1.11487458672621,4,1.23151745040974,11.5758724417277,0.517728959392899,3.47466555554846,0.125011584436974,0.403607791473301,0.103386820331667,8.46665576233417
"AAS",0.156586956521739,0.912860256839672,0.813214037096856,1.11342532687204,4,1.23132970379476,11.5664852237105,0.517214151274183,3.47250548389426,0.124899932758028,0.403451651952289,0.103255429980679,8.45911378168099
"AAS",0.156013377926421,0.909516446375058,0.812138192156291,1.11195231613936,4,1.23114036682541,11.55701834391,0.516695907779193,3.4703206017459,0.124787370138221,0.403293524603966,0.103122598634821,8.45151446366807
"AAS",0.155439799331104,0.906172635910444,0.811044899186305,1.11045541615123,4,1.23094937684136,11.5474687300519,0.516173964014202,3.46811211992942,0.124673933766991,0.403133569155488,0.102988340183868,8.44385330251101
"AAS",0.154292642140468,0.899485014981215,0.808805419715936,1.10738919613095,4,1.23056235714641,11.5281179048612,0.515119075583414,3.46362001657582,0.124444298685951,0.402807578982567,0.102715468696933,8.42834648229462
"AAS",0.153719063545151,0.896141204516602,0.807659000303577,1.10581955720355,4,1.2303663703096,11.5183185186246,0.514586224489415,3.46133666539803,0.124328134064434,0.402641630165541,0.10257682092365,8.42050242870808
"AAS",0.153145484949833,0.892797394051987,0.80649466368515,1.10422538663981,4,1.23016873845307,11.5084369006321,0.514049703391249,3.45902991901705,0.124211042922741,0.402473912055239,0.102436803192618,8.41259691234569
"AAS",0.152571906354515,0.889453583587373,0.805312257923393,1.10260647641234,4,1.22996941873309,11.4984707042879,0.513509556922384,3.45669698425098,0.124093025261329,0.402304028987058,0.102295291916164,8.40463032640833
"AAS",0.151998327759197,0.886109773122759,0.804111689627687,1.10096269865384,4,1.2297683806964,11.4884190565817,0.5129657843731,3.45433709154499,0.123974111812746,0.402131948410407,0.102152117903343,8.39660251311092
"AAS",0.150851170568562,0.879422152193531,0.801655653090274,1.097599975976,4,1.22936132054012,11.4680659721634,0.51186734079845,3.44954303932786,0.123733494353785,0.401782015555417,0.101861483109313,8.38036344049826
"AAS",0.149704013377926,0.872734531264302,0.79912567560311,1.09413601583498,4,1.22894748168486,11.447374006816,0.510754354559618,3.44464503900575,0.123489191330076,0.401423758329367,0.101564736266395,8.36387867076071
"AAS",0.149130434782609,0.869390720799688,0.797832714136853,1.09236573645277,4,1.22873798375902,11.4368991884929,0.510192347369661,3.4421564963361,0.123365661613905,0.401241420645326,0.10141404357145,8.3555428805401
"AAS",0.147983277591973,0.862703099870459,0.795190357059164,1.08874790995356,4,1.22831392215841,11.4156961287672,0.509057625423162,3.43709965044315,0.123115817348439,0.400870406361984,0.101107941408191,8.33868967686135
"AAS",0.147409698996656,0.859359289405845,0.793840795574749,1.08690013572885,4,1.22809938619243,11.4049692119333,0.508485034023408,3.43453081128858,0.122989512404057,0.40068172419854,0.100952447419512,8.3301741959557
"AAS",0.14626254180602,0.852671668476617,0.791084370265443,1.08312613084082,4,1.22766494187755,11.3832471534405,0.507328143895197,3.42931544127884,0.1227340610163,0.400298052877449,0.100637064579423,8.31294401967437
"AAS",0.145688963210702,0.849327858012003,0.789677402204561,1.08119975746109,4,1.22744535556196,11.372267669798,0.506745146501873,3.42666361143785,0.12260502450569,0.400102605959986,0.100476668913061,8.30425108121507
"AAS",0.145115384615385,0.845984047547389,0.788251097850849,1.07924690947913,4,1.22722391343586,11.3611956873095,0.506158027570335,3.42398656150565,0.122474998227904,0.399905174279991,0.10031486451967,8.29548784578014
"AAS",0.143394648829431,0.835952616153546,0.78385570063809,1.07322887934795,4,1.22654932708047,11.3274660665496,0.504375311487435,3.41579138480846,0.122079367892787,0.399299742186625,0.0998197575800389,8.26883237980778
"AAS",0.142247491638796,0.829264995224318,0.780827636024622,1.06908295505466,4,1.22609083770617,11.3045419348254,0.503168472682106,3.41019139265419,0.121811048758722,0.398885077149567,0.0994816271036517,8.25074692425042
"AAS",0.134217391304348,0.782451648719719,0.757406265257214,1.0370152014094,4,1.22269340391174,11.1346701876405,0.494346737585876,3.36778600512853,0.119830737571079,0.395722479927548,0.0969250744160117,8.11766304264768
"AAS",0.13364381270903,0.779107838255105,0.755583080502239,1.03451895812146,4,1.22243826672754,11.1219132813138,0.493692194578582,3.36454187557456,0.119682727332591,0.395478947298607,0.096729748677349,8.10772981583555
"AAS",0.133070234113712,0.775764027790491,0.753739838976042,1.0319952537765,4,1.22218143956022,11.1090718429308,0.49303439124471,3.36126829203813,0.119533793330978,0.395232993512357,0.0965326768002614,8.09773896220193
"AAS",0.132496655518395,0.772420217325877,0.751876483934377,1.02944401068218,4,1.22192302806061,11.0961516160597,0.492373641028086,3.35796582813506,0.119383952186356,0.39498491650597,0.0963337601926463,8.08769590299112
"AAS",0.131923076923077,0.769076406861262,0.749993041062984,1.02686526400657,4,1.22166289068824,11.0831445350061,0.491709518379152,3.35463352314645,0.119233227134772,0.394734183966044,0.0961331823337057,8.07759313537903
"AAS",0.131349498327759,0.765732596396648,0.748089575917584,1.02425910350635,4,1.22140136590934,11.0700682869843,0.491042870402991,3.35127492242693,0.119081734270523,0.394481256001221,0.0959312599096682,8.06744547418875
"AAS",0.130775919732441,0.762388785932034,0.746166083655906,1.02162552255165,4,1.22113820310769,11.0569101343941,0.490373287165655,3.34788457843256,0.118929366012091,0.39422574815904,0.0957272557488456,8.05724524922202
"AAS",0.130202341137124,0.75904497546742,0.744222581176667,1.01896454427962,4,1.22087340523065,11.0436702631472,0.489700501206478,3.34446678239632,0.118776175681404,0.393968037985219,0.0955216252300948,8.0469881943713
"AAS",0.129628762541806,0.755701165002806,0.742259107460322,1.01627622206099,4,1.22060706043087,11.0303530272488,0.489024953338117,3.34101893014424,0.118622167708095,0.393707790257398,0.0953142057728495,8.03668155115924
"AAS",0.129055183946488,0.752357354538191,0.740275694801217,1.0135606001121,4,1.22033914509593,11.016957193049,0.488346359481871,3.3375442994275,0.118467355297427,0.393445448404322,0.0951051890769144,8.02632065107602
"AAS",0.127908026755853,0.745669733608963,0.736249193907264,1.00804765042175,4,1.21979870614198,10.989935312933,0.48698099206228,3.33050551294871,0.11815531622708,0.392913156663683,0.0946818384007652,8.0054513773939
"AAS",0.127334448160535,0.742325923144349,0.734206198476931,1.00525044974512,4,1.21952625615841,10.9763127962673,0.486294398283521,3.32694218245051,0.117998012039836,0.392643420792199,0.0944675933695837,7.9949459490204
"AAS",0.126760869565217,0.738982112679735,0.732143438113132,1.00242618758589,4,1.21925177366248,10.9625886796176,0.485602828619093,3.32336046559933,0.117839883114303,0.392372383769542,0.0942523833132753,7.98435353666545
"AAS",0.125613712374582,0.732294491750506,0.727958841614365,0.996696778707143,4,1.21869971628654,10.9349857729551,0.484217919043706,3.31608027374222,0.117521752467039,0.391819668814262,0.0938144310627211,7.96312791601607
"AAS",0.125040133779264,0.728950681285892,0.725837129157609,0.993791801323666,4,1.21842128445788,10.9210642179665,0.483520698079835,3.31240194882871,0.117361341477139,0.39154053857511,0.0935931441718125,7.95242958877141
"AAS",0.124466555183947,0.725606870821278,0.723695891904879,0.990860091245785,4,1.21814142773926,10.9070713823033,0.482820976977279,3.30869576276451,0.117200298608866,0.391258648119291,0.0933705547672241,7.94168562711653
"AAS",0.123892976588629,0.722263060356664,0.721535203079762,0.987901748728773,4,1.21786016745308,10.8930083808126,0.482118835546556,3.30496191949706,0.117038382323065,0.390974830545748,0.0931461053447295,7.93089726020057
"AAS",0.123319397993311,0.71891924989205,0.719355134390201,0.984916871952736,4,1.21757750414356,10.878875124112,0.48141430199635,3.30119969459348,0.116875819585235,0.390688483058055,0.0929200190637256,7.92006489186882
"AAS",0.122745819397993,0.715575439427435,0.717155760901718,0.981905563694863,4,1.21729342918272,10.8646714261481,0.480707355073738,3.29740951487689,0.11671245023854,0.390399824783553,0.0926923456290234,7.9091880610146
"AAS",0.122172240802676,0.712231628962821,0.714937173059108,0.978867947789129,4,1.21700779482366,10.8503897366796,0.479997645707554,3.29358952055435,0.116548411999687,0.390108439683529,0.0924628984343942,7.89826059751071
"AAS",0.121598662207358,0.708887818498207,0.71269944418922,0.975804124632189,4,1.2167206557461,10.836032785072,0.479284764018749,3.28974885513158,0.116383586687999,0.389815912802701,0.092232006347664,7.8872761324385
"AAS",0.12102508361204,0.705544008033593,0.71044267286031,0.972714229180387,4,1.21643325961457,10.8216629804803,0.478574964340155,3.28584970697638,0.116218293957549,0.389517132366896,0.0919978247009861,7.87633859170736
"AAS",0.120451505016722,0.702200197568979,0.70816695174934,0.969598388323904,4,1.2161437256313,10.8071862239077,0.477858998086959,3.28194636231149,0.116052140224608,0.389219040346575,0.091763234755549,7.86529398020975
"AAS",0.119877926421405,0.698856387104364,0.70587236444984,0.966456716516192,4,1.21585244501673,10.7926222526313,0.47713914059586,3.27802213334209,0.115885360569352,0.388919099433584,0.0915276035012048,7.85417985489532
"AAS",0.119304347826087,0.69551257663975,0.703559022027606,0.963289365824808,4,1.21556012587458,10.7780062916145,0.476418487865096,3.27406273234361,0.115717884341082,0.38861599790105,0.091289804705317,7.84304794085314
"AAS",0.118730769230769,0.692168766175136,0.701227022715288,0.960096470746591,4,1.21526706752887,10.7633533777246,0.47569804961546,3.27006686887266,0.115549735499187,0.388309974107186,0.0910495114636104,7.83191531644056
"AAS",0.118157190635452,0.688824955710522,0.698876471973941,0.956878175675275,4,1.21497250288055,10.7486251931436,0.474974429725623,3.2660505927672,0.115381044455495,0.388001715937717,0.0908085453320268,7.82072516349246
"AAS",0.117583612040134,0.685481145245908,0.696507484045754,0.953634637027425,4,1.21467663727048,10.7338318603401,0.47424843668873,3.26201135369012,0.115211618273457,0.387692299123926,0.0905658066902187,7.80949092655214
"AAS",0.117010033444816,0.682137334781294,0.694120151247059,0.950365981199461,4,1.21437967074049,10.7189835562528,0.473521116344107,3.25794250866327,0.11504157679392,0.387380160245174,0.0903213444685436,7.79822998377621
"AAS",0.116436454849498,0.678793524316679,0.691714606065169,0.947072389588557,4,1.21408088641975,10.7040443298208,0.472789478706228,3.25385623259734,0.114870925840722,0.38706670772317,0.0900758620248031,7.78689209063313
"AAS",0.115862876254181,0.675449713852065,0.689290969346132,0.943754027653062,4,1.2137815438124,10.6890771771927,0.472058553962143,3.24973460580223,0.114699704961484,0.386749991035612,0.0898283796977268,7.77556173107364
"AAS",0.115289297658863,0.672105903387451,0.6868493330894,0.940411021355531,4,1.2134808855373,10.6740442749633,0.471325965213949,3.24557868085924,0.114527709879365,0.386430230665332,0.089578713110261,7.76419832181601
"AAS",0.114715719063545,0.668762092922837,0.684389845132385,0.937043573109983,4,1.2131787403224,10.6589370129098,0.470590026572484,3.24140617236779,0.114355202410593,0.386108831675727,0.0893284133518943,7.75277440214761
"AAS",0.114142140468227,0.665418282458223,0.681912622706828,0.933651843426175,4,1.21287630169301,10.6438150950753,0.469856069209646,3.23719160717802,0.114182025968917,0.38578392999877,0.0890754276369403,7.7413789142306
"AAS",0.11356856187291,0.662074471993608,0.679417793047559,0.930236006509761,4,1.21257253344468,10.6286266720948,0.469119334248804,3.23295884014244,0.114008628642164,0.385457710780605,0.0888209012423582,7.72993251030976
"AAS",0.112994983277592,0.658730661528994,0.676905486096761,0.92679624027321,4,1.21226737009158,10.6133685249705,0.468379491819412,3.22871050508781,0.113834586987282,0.385130564502558,0.0885654802068717,7.71842955760298
"AAS",0.112421404682274,0.65538685106438,0.674375827608024,0.923332716894111,4,1.21196082922846,10.5980414702818,0.46763791517724,3.22442617676673,0.1136597972646,0.38479948575348,0.0883083981666443,7.70689195621851
"AAS",0.111847826086957,0.652043040599766,0.671828957641162,0.919845628137653,4,1.21165353858899,10.5826769245434,0.466895367621398,3.2201239075625,0.113484478217292,0.384467603245712,0.088050035189635,7.69533396599716
"AAS",0.111274247491639,0.648699230135152,0.669265009043067,0.916335155893336,4,1.21134532311388,10.5672661548544,0.466152526934819,3.2157848567265,0.113308562759744,0.384131916202138,0.0877895479084536,7.68376581060058
"AAS",0.110700668896321,0.645355419670538,0.666684118592851,0.912801487434525,4,1.21103598027525,10.5517990316835,0.465407329055329,3.2114308576984,0.113132617814558,0.3837943131487,0.0875287657352836,7.67215384986737
"AAS",0.110127090301003,0.642011609205923,0.664086426072392,0.909244814145865,4,1.2107260167125,10.5363008246741,0.464662007721628,3.20705240080019,0.112955842043246,0.38345603479385,0.0872656479958214,7.66053524088422
"AAS",0.109553511705686,0.638667798741309,0.661472072188432,0.905665328678301,4,1.21041473822684,10.5207369134724,0.463914700595978,3.20264517529375,0.112778299600003,0.383115665052919,0.0870002697339463,7.64887798131397
"AAS",0.108979933110368,0.635323988276695,0.658841198974716,0.902063225499662,4,1.21010242049597,10.5051210260922,0.463166052317694,3.19821148148691,0.112600753256348,0.382771397588419,0.0867344760277077,7.6371932796699
"AAS",0.10840635451505,0.631980177812081,0.656193949235836,0.898438700133195,4,1.20978961495839,10.4894807524956,0.462417848741769,3.193750785509,0.112422581753124,0.382424957008935,0.0864670365828328,7.62551136256676
"AAS",0.107832775919732,0.628636367347467,0.653530469739525,0.894791953528348,4,1.20947564863886,10.4737824472605,0.461667721670017,3.18926757555565,0.112243881681168,0.382076892157837,0.0861979197005782,7.61379218442319
"AAS",0.107259197324415,0.625292556882852,0.650850904478009,0.891123182834436,4,1.2091603873445,10.4580193654212,0.460916062668465,3.18474886774313,0.112064982816797,0.381725331570009,0.0859261881435146,7.60204160539722
"AAS",0.106112040133779,0.618604935953624,0.645444115700758,0.883720389366765,4,1.2085284018832,10.4264201739395,0.459411855178838,3.17566587932129,0.11170520108804,0.381019361046953,0.0853809641078665,7.57851274848462
"AAS",0.105538461538462,0.61526112548901,0.642717182047655,0.879986763463179,4,1.20820516271498,10.4102581091827,0.458632900103629,3.17119957140677,0.111524515261373,0.380673860491278,0.0851143684707219,7.56629155569107
"AAS",0.104964882943144,0.611917315024396,0.63997476575272,0.87623193924678,4,1.20788683850405,10.3943419351519,0.457876792370239,3.16661624159878,0.111344053063109,0.380318342076854,0.0848384903859401,7.55444827482159
"AAS",0.104391304347826,0.608573504559782,0.637217008012647,0.872456110039335,4,1.20756748915561,10.3783744520786,0.457119977842344,3.16199808565854,0.111163023177481,0.37995858317454,0.0845610394130309,7.54258747951684
"AAS",0.103817725752508,0.605229694095167,0.634444068192591,0.868659494038257,4,1.20724734561015,10.3623672751987,0.456362458513083,3.15735659911279,0.110981213776945,0.379596655400506,0.0842825326834589,7.53070981572497
"AAS",0.103244147157191,0.601885883630553,0.631656090756244,0.864842289038381,4,1.20692642836719,10.3463214198,0.455604265593704,3.15269189886114,0.110798969510324,0.379232674572234,0.0840028178751664,7.51881581467128
"AAS",0.102670568561873,0.598542073165939,0.628853233078372,0.861004710511943,4,1.20660476323987,10.330238181886,0.454845442812812,3.14800441146786,0.11061644822104,0.378866670463911,0.0837217510102758,7.506906252252
"AAS",0.102096989966555,0.595198262701325,0.62603564869514,0.857146968675502,4,1.20629078878475,10.3145394398243,0.454125559110474,3.14308125682141,0.110434988861905,0.378474651480678,0.0834246565222873,7.49564085356706
"AAS",0.101523411371237,0.591854452236711,0.623203490021335,0.85326927221026,4,1.20595995933232,10.2979979566381,0.453328627859897,3.13855502985802,0.110251122360651,0.378128102358077,0.0831539084227255,7.48308640187215
"AAS",0.10094983277592,0.588510641772096,0.620356910761413,0.849371831563195,4,1.20563584898219,10.2817924566729,0.452568095947514,3.13378487809533,0.110069230210747,0.377752837720041,0.0828671856455685,7.47113261412205
"AAS",0.100376254180602,0.585166831307482,0.617496067441291,0.845454861044329,4,1.2053117542846,10.2655876823715,0.451808795207118,3.12900188206451,0.109885306408107,0.377378665618491,0.0825797800799178,7.45919501697298
"AAS",0.094066889632107,0.548384916196726,0.585129208412163,0.801139245535547,4,1.20172141901925,10.0860709341138,0.443500442431293,3.07471678713258,0.107847436709183,0.373098676916526,0.0793208612402706,7.3282868670265
"AAS",0.0923461538461539,0.538353484802884,0.576032321095271,0.788684093174322,4,1.2007308871446,10.0365444413125,0.441227246479667,3.05955444915604,0.107287004196557,0.371901596132234,0.0784086964486611,7.29236129832854
"AAS",0.0917725752508361,0.53500967433827,0.572975864585231,0.784499295650523,4,1.20040219008307,10.0201094941005,0.440481014097067,3.05439947468008,0.107099591689805,0.371490009702371,0.0781007412755984,7.28056783559303
"AAS",0.0906254180602007,0.528322053409041,0.566827583330549,0.77608127560486,4,1.1997362655937,9.98681327413759,0.438958458586598,3.04415600268813,0.106726425921284,0.370676156681772,0.0774847149823507,7.25646342705004
"AAS",0.0889046822742475,0.518290622015199,0.557518944187477,0.763336199760364,4,1.19873621785191,9.93681089117773,0.43667474486318,3.02876436851317,0.106163017250225,0.369459950493652,0.0765587433895892,7.22027746113634
"AAS",0.0866103678929766,0.504915380156742,0.544952504783278,0.74613065329539,4,1.19740291359732,9.87014568004091,0.433656346660097,3.00788327239499,0.105409083798194,0.367799762253988,0.0753070595938032,7.17240592119424
"AAS",0.0854632107023411,0.498227759227513,0.538605417059367,0.737440434114092,4,1.19672997338884,9.8364986745004,0.432127051435171,2.99747169006848,0.10503423024681,0.366976649358795,0.0746771810280625,7.14810849545376
"AAS",0.0848896321070234,0.494883948762899,0.535416387945241,0.733074122636641,4,1.19639772630121,9.81988636084363,0.4313850396319,2.99212153010248,0.104846501711831,0.366547292155632,0.074355833310519,7.13632992713177
"AAS",0.0825953177257525,0.481508706904443,0.522560165594696,0.715471815101349,4,1.19505383374489,9.75269174478567,0.428359493236615,2.97094100553683,0.104090361997171,0.364863925871241,0.073083079165487,7.08821361064306
"AAS",0.0814481605351171,0.474821085975214,0.516073830956883,0.706590943725726,4,1.19439417449959,9.71970871130012,0.42691952806187,2.95982306145137,0.103714162703711,0.363958936292453,0.0724159825686291,7.06533965811285
"AAS",0.0803010033444816,0.468133465045986,0.509550050948946,0.697658803407896,4,1.19373012792794,9.68650638649921,0.42545705383422,2.94886508542982,0.103333917095544,0.363080196996859,0.0717566372461614,7.04207624219372
"AAS",0.0791538461538462,0.461445844116757,0.50298982909735,0.688676768142564,4,1.1930570142639,9.65285071071318,0.423963706548316,2.93795875658285,0.102958296321266,0.362202248760651,0.0710992882111804,7.01827910281022
"AAS",0.0768595317725752,0.448070602258301,0.489763962198996,0.670568355716436,4,1.19171728228155,9.58586413671755,0.421007575200827,2.91602260450252,0.102209943693973,0.360437828032325,0.0697763552593732,6.97114991029886
"AAS",0.0757123745819398,0.441382981329072,0.483100185295314,0.66144453635435,4,1.19104719156911,9.55235957001747,0.419534756425294,2.90499327556614,0.101825881086959,0.359556573580719,0.0691147096410643,6.94764745307117
"AAS",0.0739916387959866,0.43135154993523,0.473043571303488,0.647675358486924,4,1.18998723486194,9.49936174205499,0.417071597656387,2.88977425266173,0.101269956134332,0.358385824157442,0.0681826068678524,6.90813594093053
"AAS",0.0728444816053512,0.424663929006001,0.466299853892401,0.638442087268957,4,1.18934598974147,9.46729948642915,0.415747624237537,2.87783535147312,0.100893148788931,0.357392995926557,0.0674680993401609,6.88707309518556
"AAS",0.071123745819398,0.414632497612159,0.456127381158267,0.62451427950566,4,1.1883269471728,9.41634735760935,0.413479534599885,2.86160462535181,0.100329115662797,0.356119404628631,0.0664784577485619,6.85075650175602
"AAS",0.0694030100334448,0.404601066218316,0.445889253184664,0.610496578795203,4,1.18733854927327,9.36692746368373,0.411369221032154,2.84441251809841,0.0997673626126745,0.354723157575154,0.0654406922296529,6.81703252675837
"AAS",0.0671086956521739,0.39122582435986,0.432140722759134,0.59167255303477,4,1.18604274908306,9.3021374553257,0.408685517218052,2.82055553733567,0.0990244817360046,0.35274255269845,0.0640047440148294,6.77417743223902
"AAS",0.064814381270903,0.377850582501403,0.418286267266392,0.572703498232532,4,1.18472978222983,9.23648911154553,0.405922227100537,2.79716517789304,0.0982828507200244,0.350824481912893,0.0625896328772038,6.72994275771808
"AAS",0.0625200668896321,0.364475340642946,0.404331587143948,0.553597219235928,4,1.18340426267558,9.17021313117399,0.40309670409807,2.77419039486904,0.097544636783336,0.348969225269106,0.0611883200598272,6.68462004408103
"AAS",0.0602257525083612,0.351100098784489,0.390282179713646,0.53436124279326,4,1.18204092236676,9.10204594187191,0.400084272708322,2.75235912608802,0.0968112200466409,0.347263782066476,0.0598421430965447,6.63613480167093
"AAS",0.0596521739130435,0.347756288319875,0.386755626926356,0.529532805246931,4,1.18168908128096,9.08445378392449,0.399280393602735,2.74716963542797,0.0966289747733028,0.346871991408245,0.0595168409561102,6.6231594564748
"AAS",0.0562107023411371,0.32769342553219,0.365482729256246,0.500406668754729,4,1.17940395089737,8.97019755069746,0.39356906693061,2.72160058877204,0.095532498562109,0.345298588455146,0.0577920081959057,6.53046471462642
"AAS",0.0550635451505017,0.321005804602962,0.358350676261829,0.490641701508311,4,1.17889824038589,8.94491199985905,0.392866288671634,2.70671527840874,0.0951456587036215,0.344003129440513,0.0569047719838279,6.51955340806261
"AAS",0.0510484949832776,0.297599131350662,0.333234783081461,0.456253864729365,4,1.1761189882697,8.80594941685025,0.385651573441912,2.68016775481427,0.0939150568827867,0.342614834304336,0.0549866775384625,6.40204651823399
"AAS",0.0476070234113712,0.277536268562977,0.31153178786021,0.426538853126035,4,1.17418272371758,8.70913632167106,0.381471991737867,2.6478585985811,0.0927711063554811,0.340377422110566,0.0528781113301985,6.33463300096379
"AAS",0.0464598662207358,0.270848647633749,0.30426479566835,0.416589131665885,4,1.17437962145727,8.7189810783651,0.384417003897605,2.6097236006572,0.0924825702169196,0.335757481653113,0.0510214539465191,6.38434416963382
"AAS",0.0447391304347826,0.260817216239906,0.293330075418876,0.401617680224282,4,1.17352065014591,8.67603231176521,0.382998264467286,2.58826822653382,0.0919759004498588,0.333807048591665,0.0497218395690956,6.36173607791219
"AAS",0.0430183946488294,0.250785784846064,0.282365814027442,0.386605782044008,4,1.17253848361638,8.62692418089153,0.380886746367229,2.57173577407818,0.0914904792192248,0.332544132834283,0.0486432886559953,6.32758712037796
"AAS",0.0401505016722408,0.234066732522993,0.2640082577647,0.361471233020009,4,1.1685579147435,8.42789574126499,0.365460576840195,2.61765337471396,0.0906062720413055,0.34086951458864,0.0496584771816575,6.07237424411554
"AAS",0.0200752508361204,0.117033366261496,0.133397871621963,0.182643882224366,4,1.15930807607154,7.96540380099576,0.348789597565616,2.41177326327617,0.0833504671058941,0.329984140329612,0.034194095813351,5.80499600536908
"AAS",0.1715,0.999799328919641,0.835482387536706,1.14391440383867,4,1.23570475137184,11.7852376804939,0.529458799176088,3.52140622314539,0.127522574803973,0.40693925640148,0.106245035226916,8.63633388977045
"AAS",0.1735,1.01145879631229,0.837704377232624,1.14695667744762,4,1.23621623394906,11.8108116887933,0.530927869426208,3.52691634698006,0.127832307884889,0.407324900165269,0.106584492803641,8.65726364311575
"AAS",0.1775,1.03477773109759,0.841666910148966,1.15238204433303,4,1.23719062744059,11.8595315073318,0.53375157807139,3.53728311428603,0.128424409100991,0.408045416030392,0.107225038751078,8.69726891777304
"AAS",0.1855,1.08141560066818,0.847823711648677,1.16081173001182,4,1.23895862312354,11.9479311621226,0.538966498621787,3.55563721970044,0.129506062384333,0.40930258129114,0.108366559788976,8.7703216084532
"AAS",0.1875,1.09307506806083,0.849026004682324,1.16245786922354,4,1.23936572906693,11.9682865459122,0.540185584002289,3.55977573100838,0.129756578674235,0.409582261174024,0.108625531748332,8.78723265412092
"AAS",0.1915,1.11639400284613,0.851061894696679,1.16524534140343,4,1.24014136833932,12.0070684743296,0.542528936289299,3.56756384103661,0.130235446779642,0.410104239336033,0.109114745888523,8.81955094664068
"AAS",0.1935,1.12805347023878,0.851905055273186,1.16639976852554,4,1.24051078164507,12.0255390396585,0.543655050014912,3.57122686240596,0.130464274714362,0.410347600911544,0.109345770599071,8.83499018994154
"AAS",0.1955,1.13971293763143,0.852637800312604,1.16740301840541,4,1.24086848971443,12.043424480373,0.544751933278114,3.57474532690033,0.130686350983286,0.410579981586582,0.109568299782832,8.84996938668254
"AAS",0.1975,1.15137240502408,0.853264512088841,1.16826109110519,4,1.24121494382297,12.0607471589917,0.545820623070198,3.57812467392683,0.130901886211545,0.410801820228026,0.109782639908139,8.8645062367343
"AAS",0.1995,1.16303187241673,0.853789407570064,1.16897976035596,4,1.24155050658883,12.0775252510719,0.546861821240646,3.5813715610612,0.131111121373118,0.41101363331922,0.109989183466208,8.87861276904309
"AAS",0.2035,1.18635080720202,0.854549834808308,1.17002091177205,4,1.24219059195977,12.1095295152451,0.548865470736909,3.58748928139331,0.131511506721594,0.411408880992434,0.110380118498479,8.90559817173556
"AAS",0.2055,1.19801027459467,0.854793016057884,1.17035386736547,4,1.24249588353963,12.1247941451075,0.549829640676483,3.59037071744645,0.131703069964656,0.411593164796523,0.110565115742664,8.91850616159914
"AAS",0.2075,1.20966974198732,0.854949689850077,1.17056837985581,4,1.24279179095018,12.1395894137425,0.550769625346128,3.5931414046491,0.131889149654774,0.411769155361038,0.110743585336643,8.93103978828538
"AAS",0.2195,1.27962654634321,0.854256530520137,1.16961932939886,4,1.24438898596689,12.2194492997045,0.555945543131629,3.60768105781945,0.132900530546292,0.412669906750082,0.111691014064786,8.99911525932029
"AAS",0.2255,1.31460494852116,0.852990836223626,1.16788638330899,4,1.24508647806631,12.2543238323569,0.55826624537287,3.61379423232843,0.13334623186575,0.413034885481561,0.112096073433242,9.02908402211403
"AAS",0.2275,1.32626441591381,0.852449930141017,1.16714579288093,4,1.24530576984479,12.2652885854006,0.5590043492487,3.6156842874611,0.133486905811468,0.413145759873882,0.112222301591608,9.03853889886419
"AAS",0.2295,1.33792388330646,0.851853308294631,1.16632891830176,4,1.24551885475248,12.2759427542573,0.559725660962516,3.61750538751957,0.133623854057665,0.413251608839569,0.112344408547128,9.04774164957203
"AAS",0.2315,1.34958335069911,0.851203089661184,1.16543866080317,4,1.24572595212738,12.2862976388974,0.560430712782565,3.6192605131363,0.133757208288099,0.41335266612769,0.112462571756179,9.05670096326918
"AAS",0.2335,1.36124281809176,0.85050130484073,1.1644778006145,4,1.24592727923408,12.2963639977021,0.561120024427915,3.62095235751627,0.133887092431774,0.413449137743962,0.112576947840644,9.06542526004505
"AAS",0.2355,1.37290228548441,0.849749892290979,1.16344899180691,4,1.24612304409995,12.3061522327984,0.561794078249763,3.62258381917893,0.134013619515269,0.413541264886541,0.112687704776927,9.0739223898426
"AAS",0.2375,1.38456175287705,0.848950705850269,1.16235477259354,4,1.24631343703943,12.3156719834666,0.56245336298507,3.62415704737489,0.134136908036708,0.413629188377741,0.112794967475359,9.0822001609653
"AAS",0.2395,1.3962212202697,0.848105521341757,1.16119757437175,4,1.24649865930265,12.3249329723163,0.56309833765744,3.6256746518569,0.134257065797141,0.413713129239953,0.112898886717363,9.09026600905315
"AAS",0.2415,1.40788068766235,0.84721603172895,1.1599797150903,4,1.24667888285384,12.3339441882551,0.563729442272358,3.62713886793112,0.13437418968763,0.413793257002903,0.112999595362694,9.09812699620383
"AAS",0.2435,1.419540155055,0.846283860996529,1.15870341825441,4,1.24685428914136,12.3427144290511,0.564347114509693,3.62855178991793,0.134488381620113,0.41386973569398,0.113097213347593,9.10579011631876
"AAS",0.2455,1.43119962244765,0.845310558003172,1.15737080450933,4,1.24702504028614,12.3512520067232,0.564951759490904,3.62991550667273,0.134599749663032,0.413942708876678,0.113191861871703,9.11326186031321
"AAS",0.2475,1.4428590898403,0.844297607525238,1.15598390676095,4,1.24719127955999,12.3595639842501,0.565543691965951,3.6312323775701,0.134708381814644,0.414012371805766,0.113283685635201,9.12054714438817
"AAS",0.2495,1.45451855723295,0.8432464323258,1.15454467300866,4,1.24735322076067,12.367661013171,0.566123546881855,3.63250309202849,0.134814368060849,0.414078752459677,0.113372702129489,9.1276563671207
"AAS",0.2535,1.47783749201824,0.841034772795435,1.15151654311518,4,1.24766463239475,12.3832316271297,0.56724781436695,3.63491629413067,0.135018721585333,0.414202538946198,0.113542971482993,9.14135830846724
"AAS",0.2575,1.50115642680354,0.838685772154148,1.14830037038877,4,1.24796037833488,12.3980189861979,0.568327302033156,3.63716872984622,0.135213478684206,0.414315084638945,0.113703466696156,9.15441101944068
"AAS",0.2595,1.51281589419619,0.837462719802332,1.14662580821635,4,1.24810272309128,12.4051361201422,0.568851156302373,3.63823810697163,0.135307448095082,0.414367396121844,0.113780241651611,9.16070824364757
"AAS",0.3215,1.87425938336831,0.788196601270356,1.07917229459279,4,1.25120479878449,12.5602397519173,0.581170288596293,3.6587204431483,0.137402786205982,0.415140003346251,0.115373694702668,9.30081278458452
"AAS",0.3595,2.09578926382864,0.751318632219033,1.02868021886334,4,1.25232627660021,12.6163138289882,0.586245301537506,3.66431848378843,0.138190374751688,0.415178129565745,0.115903558274239,9.35330065177121
"AAS",0.3715,2.16574606818453,0.73905448173508,1.01188855622781,4,1.25260755370594,12.6303776855944,0.587598121597361,3.66550472608965,0.138391499155824,0.415157974561592,0.116031398305642,9.36668638726345
"AAS",0.3735,2.17740553557718,0.736987109297865,1.00905797937268,4,1.25265167391698,12.6325835824754,0.587813785715888,3.66568218235986,0.13842321653941,0.415153594612832,0.116051292102981,9.36879464439418
"AAS",0.3755,2.18906500296983,0.734913485885475,1.00621884389245,4,1.25269505721588,12.6347530315989,0.588026885395517,3.66585351315338,0.138454429039206,0.415148877557791,0.116070762050812,9.37087133823152
"AAS",0.3775,2.20072447036248,0.732833747820824,1.00337133643585,4,1.25273775507645,12.6368877585267,0.588237465017227,3.6660195092481,0.138485186076577,0.415143890048471,0.116089842642365,9.37291742680492
"AAS",0.3795,2.21238393775512,0.730748039408378,1.00051565457972,4,1.25277972299959,12.6389861484836,0.588445407910551,3.66618080431168,0.138515473857891,0.415138698429583,0.116108593858804,9.37493057456084
"AAS",0.3815,2.22404340514777,0.7286564919811,0.997651978140736,4,1.25282102038943,12.6410510147256,0.588650995199761,3.66633596487804,0.138545303449222,0.41513313731947,0.116126907557166,9.37691519729629
"AAS",0.3835,2.23570287254042,0.726559230486943,0.994780478193435,4,1.25286161672375,12.6430809635878,0.588853999405552,3.6664871430234,0.138574678323801,0.415127441825599,0.116144944531686,9.37886762489431
"AAS",0.3855,2.24736233993307,0.724456382578762,0.991901329515816,4,1.25290156877364,12.6450784371968,0.589054641906346,3.66663338561799,0.138603621648167,0.415121498528945,0.116162624214149,9.3807913763131
"AAS",0.3875,2.25902180732572,0.722348068071598,0.989014696154606,4,1.25294087856798,12.6470439373838,0.589252938192089,3.66677502286891,0.138632135062586,0.415115351020428,0.116179964421172,9.38268663809739
"AAS",0.3895,2.27068127471837,0.7202344041524,0.986120738558237,4,1.25297952116126,12.6489762469694,0.589448848825975,3.6669119731772,0.138660224414092,0.41510894668112,0.116196983456282,9.3845522101973
"AAS",0.3915,2.28234074211102,0.718115507330637,0.983219616247556,4,1.25301761329164,12.6508806606428,0.589642632129723,3.66704464935559,0.138687915270351,0.415102376085222,0.116213672375172,9.38639321169046
"AAS",0.3935,2.29400020950367,0.715991488541984,0.980311481111965,4,1.25305505142408,12.6527525476783,0.589834056148527,3.66717317193191,0.138715185736463,0.415095599438494,0.116230090008404,9.38820467177106
"AAS",0.3955,2.30565967689632,0.713862455006347,0.97739647995335,4,1.2530919006911,12.6545950354585,0.590023319377491,3.66729725785315,0.138742062785996,0.41508862069104,0.116246161019308,9.38999014205917
"AAS",0.3975,2.31731914428896,0.71172851197924,0.974474756884028,4,1.2531281821357,12.6564093338077,0.590210475826071,3.66741718067919,0.138768562916864,0.415081440045903,0.116261928717283,9.39175059621673
"AAS",0.3995,2.32897861168161,0.709589231450925,0.971545725887449,4,1.2531638911265,12.6581945782103,0.590395455314943,3.66753383239448,0.138794680797738,0.415074150307582,0.116277468173866,9.39348422009988
"AAS",0.4015,2.34063807907426,0.707446316299258,0.968611718486738,4,1.25319908921347,12.6599543213213,0.59057851617088,3.66764546912687,0.138820423969818,0.415066588114873,0.11629261938542,9.39519652279744
"AAS",0.4035,2.35229754646691,0.705298254029056,0.965670663824328,4,1.25323368716681,12.6616844086314,0.590759414565702,3.66775357101872,0.138845807935234,0.415058841612755,0.116307532650937,9.39688160971867
"AAS",0.4055,2.36395701385956,0.703145680690262,0.962723432758422,4,1.25326779964375,12.6633899750084,0.590938366416257,3.66785867394615,0.138870821951241,0.41505106836631,0.116322199520931,9.3985443414171
"AAS",0.4075,2.37561648125221,0.700988146267376,0.959769409142923,4,1.25330135501058,12.6650677478966,0.591115289645802,3.66796010113166,0.13889550651616,0.415043075458078,0.116336610099488,9.40018192900367
"AAS",0.4115,2.39893541603751,0.696661792850109,0.953845911455916,4,1.25336697807565,12.6683488375795,0.591463440802464,3.668151802024,0.13894381511845,0.4150266186995,0.116364581813042,9.40339125434364
"AAS",0.4135,2.41059488343015,0.69449206504003,0.950875193064501,4,1.25339903323535,12.6699516871224,0.591634672647028,3.6682425982983,0.138967491173655,0.415018144861249,0.116378189562612,9.40496191431654
"AAS",0.4175,2.43391381821545,0.690140471633364,0.944917137632343,4,1.25346171507382,12.6730857642843,0.59197151905185,3.66841625663026,0.139013848109644,0.415001034778528,0.116404799499861,9.40803700961772
"AAS",0.4195,2.4455732856081,0.687958755312184,0.941930004974471,4,1.25349236905146,12.6746185294668,0.592137321553627,3.6684980543235,0.139036558617291,0.414992250489073,0.116417722774703,9.40954411917842
"AAS",0.4295,2.50387062257135,0.676994099844825,0.926917567238686,4,1.2536390201054,12.6819510570071,0.592940611259474,3.66886388521062,0.139145643546676,0.414946629348378,0.116479016168792,9.41677978511562
"AAS",0.4315,2.51553008996399,0.674790449792101,0.923900403652793,4,1.25366709689955,12.6833548138466,0.593096338170458,3.66892901406753,0.139166600806869,0.414937209867004,0.116490658935872,9.41816999122859
"AAS",0.4335,2.52718955735664,0.672583383340482,0.920878562448361,4,1.25369477842354,12.6847389211587,0.593250509287949,3.66899150293438,0.139187279344826,0.414927701568258,0.116502093104733,9.41954250664832
"AAS",0.4815,2.80701677478022,0.618736618625297,0.847153382029634,4,1.25425571227563,12.7127852273624,0.596531556605916,3.66987129077672,0.13961307867273,0.414680262505645,0.116726121316162,9.44774624820483
"AAS",0.4835,2.81867624217287,0.616461708641786,0.844038651741605,4,1.25427538518119,12.7137692835953,0.596652948705653,3.66988648883648,0.139628296919546,0.414669339250154,0.116733659419056,9.44875173147955
"AAS",0.4855,2.83033570956551,0.61418465546193,0.840920987061177,4,1.25429486032041,12.7147430146487,0.596773285000118,3.6699015063005,0.139643318019723,0.414658594376114,0.116741147532372,9.44974672935129
"AAS",0.4875,2.84199517695816,0.611905497751297,0.837800440927941,4,1.25431406692691,12.7157030345614,0.596892532570112,3.66991468212588,0.139658177110193,0.414647725954492,0.116748489079039,9.45072934850774
"AAS",0.4895,2.85365464435081,0.609624265525809,0.834677054438694,4,1.25433303142516,12.716651180995,0.597010747853091,3.66992652250726,0.139672870331538,0.414636832341894,0.116755712083655,9.45170100772791
"AAS",0.4915,2.86531411174346,0.607340990978215,0.831550871670663,4,1.25435173877719,12.7175869398674,0.597127882243576,3.66993736277271,0.139687396187362,0.414625949370211,0.116762838117606,9.45266082358251
"AAS",0.4935,2.87697357913611,0.605055715309302,0.82842194903458,4,1.25437023367844,12.7185117222233,0.597244068734055,3.66994660179327,0.13970175673488,0.414615009587456,0.116769830846156,9.45361089041156
"AAS",0.4955,2.88863304652876,0.602768464069596,0.825290321513369,4,1.25438849598456,12.719424814023,0.597359215816939,3.66995495360258,0.139715958232351,0.414604087601659,0.116776734826486,9.45454972734211
"AAS",0.4975,2.90029251392141,0.60047927019098,0.822156034196256,4,1.25440641940823,12.7203209896393,0.597472955401879,3.66996371814828,0.139730016037697,0.414593272456844,0.116783654909469,9.45547049110658
"AAS",0.4995,2.91195198131406,0.598188172845903,0.819019140716839,4,1.25442421796019,12.7212108972086,0.597586078505052,3.6699700064897,0.139743888640141,0.414582357230935,0.116790370293394,9.45638737438773
"AAS",0.5035,2.93527091609935,0.593600365869209,0.812737669603911,4,1.25445922675216,12.7229613293886,0.597809753075561,3.66997747166825,0.139771201138027,0.414560274529748,0.116803358345494,9.45819587816564
"AAS",0.5055,2.946930383492,0.591303718835502,0.809593177677354,4,1.25447641488102,12.7238207776338,0.597920187250857,3.66997956225308,0.139784638676153,0.414549214020924,0.116809695622237,9.45908543768613
"AAS",0.5075,2.95858985088465,0.589005283508449,0.806446237279652,4,1.25449336073849,12.7246680815323,0.598029558805131,3.66998122721202,0.139797916650876,0.41453821085977,0.116815987395657,9.45996281437289
"AAS",0.5095,2.9702493182773,0.586705083894792,0.803296881280031,4,1.25451012270065,12.7255061183526,0.598138065215484,3.66998186787396,0.139811056407527,0.414527210976428,0.116822171119822,9.46083162660177
"AAS",0.5115,2.98190878566995,0.584403149029827,0.800145149432642,4,1.25452658892282,12.7263294410644,0.598245267385091,3.66998351542495,0.139824065506999,0.414516385631406,0.116828422547724,9.46168406072816
"AAS",0.5135,2.9935682530626,0.582099507824207,0.796991081320979,4,1.25454290840398,12.7271454192876,0.598351736433213,3.66998390300425,0.139836906898338,0.414505579695728,0.11683454765411,9.46253022054042
"AAS",0.5215,3.04020612263319,0.572868394104831,0.784352150680922,4,1.25460640311333,12.7303200077919,0.598769854970591,3.66996916181391,0.139886954384251,0.414461452295701,0.116857671453644,9.46583884281362
"AAS",0.5235,3.05186559002584,0.57055660602911,0.78118692814854,4,1.25462177650762,12.7310887464788,0.598872166714618,3.66996342939011,0.139899173529864,0.414450401835734,0.116863228075714,9.46664217718817
"AAS",0.5275,3.07518452481114,0.565927807454668,0.774849332717732,4,1.25465212869108,12.7326064421294,0.599074915959431,3.66994705322154,0.139923143927068,0.414428122544378,0.116873961752645,9.46823351309414
"AAS",0.5295,3.08684399220379,0.563611998170572,0.771678604481999,4,1.25466688691842,12.733344461249,0.599174299251505,3.6699420470253,0.139934960612903,0.414417439296434,0.116879526542779,9.46900418285614
"AAS",0.5315,3.09850345959644,0.561293552318677,0.768504266346251,4,1.25468168572022,12.734084284285,0.599273970064251,3.66993000829017,0.139946635633274,0.414406108910148,0.116884550182253,9.46978407895655
"AAS",0.5335,3.11016292698909,0.558974798059733,0.765329505949939,4,1.25469608806999,12.7348044043664,0.599371734838623,3.66992346961134,0.13995819674226,0.414395429391324,0.116889970400745,9.47053773880723
"AAS",0.5355,3.12182239438174,0.556654021822612,0.762151977129067,4,1.25471040099768,12.7355202339994,0.599469089697764,3.66991439992865,0.139969649356056,0.414384550699827,0.116895191675298,9.47128957881407
"AAS",0.5395,3.14514132916703,0.55200765019947,0.755790321270623,4,1.25473882125485,12.7369410654258,0.599662883993867,3.6698861870937,0.139992179922037,0.414362073430152,0.116904754681882,9.47279252417221
"AAS",0.5415,3.15680079655968,0.549682675908908,0.752607044616079,4,1.25475261885179,12.7376309495424,0.599757883714445,3.66987503987107,0.140003281593609,0.414351225710446,0.116909747153792,9.47351953817541
"AAS",0.5455,3.18011973134498,0.545029260395046,0.746235744499211,4,1.25477977691029,12.7389889452668,0.599945716269469,3.66985106987721,0.140025140803345,0.414329618488813,0.116919544896588,9.47495270844596
"AAS",0.5475,3.19177919873763,0.542700260219813,0.743046955738688,4,1.25479318079667,12.7396588592841,0.600038800595023,3.66983666127598,0.140035897786943,0.41431869265815,0.116924227306459,9.47566238194311
"AAS",0.5495,3.20343866613028,0.540369972702722,0.739856404392962,4,1.25480639667374,12.7403198185277,0.600131028772689,3.66982234606929,0.140046586554302,0.414307825275313,0.116928874421097,9.47636260745228
"AAS",0.5515,3.21509813352293,0.538038405796899,0.736664101351185,4,1.2548195200854,12.7409759827598,0.600222791270314,3.66980624440842,0.140057120266618,0.414296875682636,0.116933397483058,9.47705976627572
"AAS",0.5535,3.22675760091558,0.535705562276059,0.733470050411035,4,1.2548324655507,12.7416232729767,0.600313682793338,3.66979062991593,0.140067573091691,0.414286039936195,0.116937922329964,9.47774717000467
"AAS",0.5555,3.23841706830822,0.53337148730589,0.730274313411853,4,1.25484524343309,12.7422621729847,0.600404009137296,3.66977228017385,0.140077924329283,0.414274924187655,0.116942246497112,9.47842864801385
"AAS",0.5575,3.25007653570087,0.531036187588478,0.727076899529912,4,1.25485793787077,12.742896859762,0.600493572557868,3.66975607704315,0.140088141930383,0.414264230836743,0.116946685363278,9.47910362229387
"AAS",0.5595,3.26173600309352,0.528699673043131,0.723877822346392,4,1.25487047165452,12.7435235991709,0.600582452108405,3.66973880533765,0.140098299003508,0.41425345846499,0.116951005685482,9.47977138800906
"AAS",0.5615,3.27339547048617,0.526361950642238,0.720677091407656,4,1.25488283758323,12.7441420228367,0.600670609132352,3.66972086066756,0.1401083431017,0.414242635731349,0.116955304529999,9.4804312043117
"AAS",0.5635,3.28505493787882,0.524023089802017,0.717474801756056,4,1.25489508152072,12.7447541626504,0.600758201248663,3.66970162285653,0.140118282985624,0.414231772955459,0.116959466086365,9.48108583724235
"AAS",0.5655,3.29671440527147,0.521683028574431,0.714270868574421,4,1.25490722484497,12.7453612554345,0.600845241190008,3.66968166258029,0.140128134162965,0.414220918839962,0.116963532540617,9.4817359832102
"AAS",0.5675,3.30837387266412,0.519341861087253,0.711065420739336,4,1.25491918206278,12.7459590874085,0.600931411136731,3.66966231728796,0.140137886648923,0.414210174280041,0.116967646093547,9.48237585296589
"AAS",0.5695,3.32003334005677,0.516999544100098,0.707858399047517,4,1.25493111259436,12.7465556081645,0.601017372800285,3.6696404898391,0.140147545533719,0.414199270063526,0.116971537978856,9.48301697134252
"AAS",0.5735,3.34335227484206,0.512311608755612,0.701439835538797,4,1.25495444128155,12.7477220241486,0.601186974182023,3.66959628452703,0.140166589255377,0.414177507600438,0.116979258566487,9.48427203460142
"AAS",0.5755,3.35501174223471,0.509966002197326,0.69822830987675,4,1.25496597678553,12.7482988387257,0.601270883834944,3.66957485818253,0.140175963479771,0.414166892139198,0.116983102285957,9.4848922860669
"AAS",0.5775,3.36667120962736,0.507619336943438,0.695015334684269,4,1.25497734788458,12.7488674031844,0.601354095480898,3.66955279762553,0.140185266483429,0.414156205609677,0.116986906361402,9.48550457957515
"AAS",0.5795,3.37833067702001,0.505271631747232,0.691800935637719,4,1.25498850491301,12.7494252206843,0.601436425323928,3.66953090751555,0.140194475720862,0.41414555722647,0.116990724150478,9.48610548645653
"AAS",0.5815,3.38999014441266,0.502922864704468,0.688585082746552,4,1.25499969199445,12.7499845975132,0.601518741694184,3.66950612636169,0.140203607347098,0.414134713952697,0.116994274659287,9.48671106261953
"AAS",0.5835,3.40164961180531,0.500573080058708,0.685367836587566,4,1.25501062838929,12.7505314389898,0.601599816810335,3.66948485337398,0.140212610893043,0.414124323504773,0.116998098808029,9.48729999005994
"AAS",0.5855,3.41330907919796,0.498222306194282,0.682149236023628,4,1.25502150888552,12.7510757012167,0.601680708319471,3.66946025423261,0.140221583813041,0.414113567974175,0.117001656121979,9.48788963362308
"AAS",0.5875,3.42496854659061,0.4958705211462,0.678929250981017,4,1.25503262200882,12.7516311249649,0.601762487074013,3.6694280222886,0.140230419208339,0.414102230558311,0.117004550128791,9.48849894590441
"AAS",0.5895,3.43662801398326,0.493517753695545,0.675707920865823,4,1.25504301853559,12.7521510840331,0.601841016930092,3.66940951915622,0.140239216067917,0.414092225692154,0.117008543537531,9.48905696817772
"AAS",0.5915,3.44828748137591,0.491164027375138,0.672485277898391,4,1.25505347358454,12.7526736865013,0.601919673962381,3.66938729058527,0.140247943920232,0.414081936675587,0.117012191292737,9.48962163973128
"AAS",0.5935,3.45994694876855,0.488809304147485,0.669261269999066,4,1.25506386645722,12.7531933949194,0.601998258740091,3.669360578888,0.140256570387791,0.414071220930183,0.117015480875666,9.49018795201664
"AAS",0.5955,3.4716064161612,0.486453698763991,0.666036054281613,4,1.25507435581991,12.7537177927809,0.602076918821883,3.66933204745363,0.140265093886477,0.414060452921747,0.117018620253678,9.49076114719953
"AAS",0.5975,3.48326588355385,0.484096547602282,0.662808722136582,4,1.25508478608323,12.7542392971726,0.602155362393731,3.66930087979299,0.140273551451793,0.41404945781221,0.117021525299588,9.49133405759214
"AAS",0.5995,3.4949253509465,0.481739653729845,0.659581742263375,4,1.25509470080363,12.7547350188893,0.602231416122381,3.66927891304237,0.140281954157097,0.414039409969985,0.117025126099302,9.49187050230467
"AAS",0.6015,3.50658481833915,0.479381264211542,0.656352714602119,4,1.25510459789041,12.7552300037858,0.602307218944537,3.66925603768968,0.140290267200849,0.414029341364849,0.11702865478813,9.49240717981463
"AAS",0.6035,3.5182442857318,0.477021978166569,0.653122459446678,4,1.25511451310125,12.7557255372161,0.60238315541842,3.66922842759027,0.140298512852753,0.414018850301667,0.117031778732782,9.49294934469061
"AAS",0.6055,3.52990375312445,0.474661812956148,0.649891000567455,4,1.25512431194042,12.7562155964965,0.602458504475074,3.66920093432019,0.140306714217212,0.414008407787642,0.117034870473572,9.4934856693875
"AAS",0.6075,3.5415632205171,0.472300770375197,0.646658340421992,4,1.25513399837068,12.756699918789,0.602533310001349,3.66917314569487,0.140314797503489,0.413997980774578,0.117037969283174,9.49401637934606
"AAS",0.6095,3.55322268790975,0.469938869471963,0.643424505090508,4,1.25514359262607,12.7571796272955,0.602607558175504,3.6691457957726,0.140322803965002,0.413987693721799,0.117041058277678,9.49454185816757
"AAS",0.6135,3.57654162269504,0.465212531589691,0.636953362117787,4,1.25516252771855,12.7581263816415,0.602754766271422,3.66908872303358,0.140338623231593,0.413966977310009,0.117047052635574,9.49558210510389
"AAS",0.6155,3.58820109008769,0.462848114759235,0.633716082063314,4,1.25517183369513,12.7585916888276,0.602827555889104,3.6690600521946,0.140346424538052,0.413956686186771,0.117049997729046,9.49609398251186
"AAS",0.6175,3.59986055748034,0.460482885577745,0.630477689765108,4,1.25518104138082,12.7590520406977,0.602899835719649,3.66903118513912,0.140354164969403,0.413946449040397,0.117052880714858,9.4966009052442
"AAS",0.6195,3.61152002487299,0.458116841661075,0.627238181958876,4,1.25519019082902,12.7595095392321,0.602971814018814,3.66900084559653,0.14036187319133,0.413936047775421,0.117055645983883,9.49710636059146
"AAS",0.6215,3.62317949226564,0.455750002848236,0.623997585807528,4,1.25519925145069,12.7599625698623,0.603043223468268,3.66897144170286,0.14036946821467,0.413925902683394,0.11705842288244,9.49760626787339
"AAS",0.6235,3.63483895965829,0.45338237248673,0.620755905894349,4,1.25520820882579,12.760410652161,0.603114194632437,3.66894112854068,0.140376995797328,0.413915635588312,0.117061196117181,9.49810196469995
"AAS",0.6255,3.64649842705094,0.451013979731313,0.617513182137052,4,1.25521704559117,12.7608522918908,0.603184510664399,3.66891157093425,0.140384469314204,0.413905480950824,0.117063987706471,9.49859016500445
"AAS",0.6295,3.66981736183623,0.446274857832177,0.611024535718121,4,1.25523454802596,12.7617275051326,0.603324174144727,3.66884970396071,0.14039922647828,0.413885095578861,0.117069268070507,9.49956107111051
"AAS",0.6315,3.68147682922888,0.443904208538192,0.607778722384061,4,1.25524317373412,12.7621590881342,0.603393353671046,3.66881818808832,0.14040653372908,0.413874847262109,0.11707186846171,9.50004085020471
"AAS",0.6335,3.69313629662153,0.441532794598885,0.604531862123325,4,1.25525167686677,12.7625836491673,0.603461845357579,3.668787783984,0.140413740714967,0.413864825156239,0.117074513655267,9.50051220461839
"AAS",0.6355,3.70479576401418,0.439160652718026,0.601284005189484,4,1.25526015738698,12.7630078698302,0.603530220341647,3.66875539455473,0.140420909527174,0.413854688982208,0.117076926429622,9.5009852637064
"AAS",0.6375,3.71645523140683,0.436787789088313,0.59803516006137,4,1.25526851393763,12.7634257390851,0.60359801251011,3.66872319910527,0.140428006242501,0.413844528846228,0.117079420341973,9.50145151501582
"AAS",0.6395,3.72811469879948,0.434414216782811,0.594785344638185,4,1.25527704840733,12.7638524465241,0.603666298466125,3.66868730467897,0.140435027751972,0.413834124950655,0.1170815823561,9.50193090721384
"AAS",0.6415,3.73977416619213,0.432039935839076,0.591534558971349,4,1.25528496669207,12.7642483319946,0.603732130284527,3.66865951008677,0.140442013673156,0.413824482709126,0.117084369724743,9.50236964622295
"AAS",0.6435,3.75143363358478,0.42966496156473,0.588282824019545,4,1.25529309097438,12.7646545434932,0.603798682980271,3.66862625018453,0.140448931400391,0.413814384774144,0.117086689091139,9.50282489293561
"AAS",0.6455,3.76309310097742,0.427289304492725,0.585030154204134,4,1.25530134184498,12.765067574087,0.603865491440153,3.66859101329666,0.140455746899601,0.413804207174867,0.117088867153377,9.50328942252279
"AAS",0.6475,3.77475256837007,0.424912966914221,0.581776552662097,4,1.25530930732144,12.7654658038806,0.603931089307435,3.66855854598079,0.140462549631843,0.413794285703195,0.11709122368455,9.50373557065111
"AAS",0.6495,3.78641203576272,0.422535961764243,0.578522037103636,4,1.25531731000913,12.7658655602245,0.60399645195008,3.6685268063527,0.140469308119448,0.413784551359925,0.117093595918072,9.50418261317775
"AAS",0.6515,3.79807150315537,0.420158292613005,0.575266612416967,4,1.25532484334712,12.7662421621789,0.604060472233996,3.66849469785274,0.14047603130899,0.413774550987938,0.117096001043074,9.50460573377842
"AAS",0.6535,3.80973097054802,0.417779966342579,0.572010288024793,4,1.25533289223981,12.7666449296908,0.60412570236356,3.66846056445803,0.140482635225832,0.413764786401698,0.117098110206048,9.50505852869895
"AAS",0.6555,3.82139043794067,0.41540100222739,0.568753090317006,4,1.25534035643516,12.7670178177937,0.604189043486073,3.66842864853664,0.140489267398006,0.413754938867985,0.117100475632229,9.50547762628315
"AAS",0.6575,3.83304990533332,0.413021393998149,0.56549501070991,4,1.25534813469655,12.7674067380904,0.604253170134045,3.66839402267204,0.140495754658614,0.41374510786437,0.11710256267135,9.50591647992782
"AAS",0.6595,3.84470937272597,0.410641155562554,0.562236068245455,4,1.25535551327316,12.7677756332168,0.604315736441421,3.66836348821938,0.140502195090455,0.413735634973474,0.117104984092057,9.50633014255518
"AAS",0.6615,3.85636884011862,0.408260289957615,0.558976267081814,4,1.25536300952354,12.7681505793753,0.604378809112064,3.66832753082242,0.140508695952097,0.413725535834019,0.117106952086686,9.50675564892512
"AAS",0.6635,3.86802830751126,0.40587882005646,0.555715638536104,4,1.25537040218165,12.7685200605811,0.604441273523069,3.66829312061787,0.140515029158862,0.413715789749199,0.117108998266278,9.50717398800982
"AAS",0.6655,3.87968777490391,0.403496733798489,0.55245416609536,4,1.25537781114475,12.7688905719344,0.604503566817658,3.66825844075367,0.14052139028367,0.413706020486296,0.117111009437534,9.50759364720125
"AAS",0.6675,3.89134724229656,0.401114039641443,0.549191861339633,4,1.25538469597192,12.7692348114361,0.604563796555971,3.66823052745642,0.140527582149146,0.413696923734048,0.117113625945195,9.50797894356354
"AAS",0.6695,3.90300670968921,0.398730766571775,0.5459287639562,4,1.25539219511742,12.7696097849251,0.604626230592483,3.66819150421441,0.140533818293279,0.413686892934238,0.117115203413209,9.50840785156146
"AAS",0.6715,3.91466617708186,0.396346896011529,0.542664848508752,4,1.25539897610601,12.7699488050737,0.604685830025342,3.66816255049141,0.140539990254186,0.413677709554448,0.117117657689604,9.50878873099584
"AAS",0.6735,3.92632564447451,0.393962444917933,0.539400138214552,4,1.25540635603992,12.7703177988545,0.604747521865238,3.66812363928761,0.140546104388954,0.413667727069124,0.11711927818462,9.50921135322598
"AAS",0.6755,3.93798511186716,0.391577419665078,0.536134641800794,4,1.2554133226582,12.7706664997041,0.604807625386045,3.66808928098569,0.140552123343754,0.413658190258634,0.11712129483939,9.50960807672642
"AAS",0.6775,3.94964457925981,0.389191831731087,0.532868374982936,4,1.25542026327924,12.7710130495489,0.604867442643641,3.66805440997326,0.140558154897776,0.413648640589636,0.117123170927397,9.5100030441033
"AAS",0.6795,3.96130404665246,0.386805666834347,0.529601318207073,4,1.25542704136879,12.771352106628,0.60492675069915,3.66801872048168,0.140564136460369,0.413638930731946,0.11712505339465,9.51039102145175
"AAS",0.6815,3.9729635140451,0.384418970511771,0.526333533820818,4,1.25543372076156,12.7716860438282,0.604985922327716,3.66797928814531,0.140570066497373,0.413628851429272,0.117126574532005,9.51077749666088
"AAS",0.6835,3.98462298143775,0.382031706548339,0.523064972239782,4,1.25544060671746,12.772030254708,0.605044463712164,3.66795033371367,0.140575958183446,0.413620192471791,0.117128839112432,9.51116407144051
"AAS",0.6855,3.9962824488304,0.379643917973968,0.519795692379081,4,1.25544733803913,12.7723668988839,0.605103023163953,3.66791462831177,0.140581751835988,0.413610760671593,0.117130599175115,9.51154969740165
"AAS",0.6875,4.00794191622305,0.377255584306034,0.516525666194595,4,1.25545388004441,12.772694008855,0.605160800320711,3.66788010599001,0.140587561457111,0.413601348841876,0.11713248124264,9.51192407189739
"AAS",0.6895,4.0196013836157,0.374866722171327,0.513254916451165,4,1.25546042600343,12.7730211121518,0.60521843264624,3.66784492247271,0.140593287164581,0.413591975901529,0.117134265049732,9.51229919259917
"AAS",0.6915,4.03126085100835,0.37247733432127,0.509983446915947,4,1.2554669037325,12.7733450215505,0.605275725584463,3.66780938590358,0.140599017380398,0.413582514233341,0.117136039395571,9.51267131355371
"AAS",0.6935,4.042920318401,0.370087427456516,0.50671126676325,4,1.25547333692334,12.7736669700713,0.605332665340281,3.66777459257434,0.140604645488598,0.413573356601464,0.117137766388771,9.51304070260641
"AAS",0.6955,4.05457978579365,0.367697003698676,0.503438378897914,4,1.25547970728775,12.7739854225182,0.605389285227351,3.66773918004895,0.140610241863596,0.413564048976854,0.117139504040603,9.51340707991668
"AAS",0.6975,4.0662392531863,0.365306088122989,0.500164817652111,4,1.25548601771573,12.7743009444635,0.605445568228615,3.66770361709447,0.140615826733441,0.413554690262387,0.117141241958304,9.51377054047381
"AAS",0.6995,4.07789872057894,0.362914665600499,0.496890562311785,4,1.25549227343861,12.7746133939703,0.605501618882862,3.66766685166248,0.140621318989152,0.413545296306433,0.117142845761506,9.51413208695509
"AAS",0.7015,4.08955818797159,0.360522742985925,0.493615622262186,4,1.25549850745117,12.774925388021,0.605557323647139,3.66763139805011,0.140626818057002,0.413536151348672,0.117144461381556,9.51449179988946
"AAS",0.7035,4.10121765536424,0.35813033363724,0.490340015792601,4,1.25550464384499,12.7752321966849,0.605612570544351,3.66759617017716,0.140632243765507,0.413526924899618,0.117146238294995,9.51484589803067
"AAS",0.7055,4.11287712275689,0.35573744046619,0.487063746889697,4,1.25551063341498,12.7755316878958,0.605667512251892,3.66755822290859,0.140637592586835,0.413517485820221,0.117147699524077,9.51519516539373
"AAS",0.7075,4.12453659014954,0.35334406562408,0.483786818498966,4,1.25551675801142,12.7758378908905,0.605722223749065,3.66752419746879,0.140642990794639,0.413508586395615,0.11714938420677,9.51554741514682
"AAS",0.7095,4.13619605754219,0.350950218592068,0.480509243601691,4,1.25552275321775,12.7761377315091,0.605776610647094,3.66748825360585,0.140648327182088,0.413499425339776,0.117150993180305,9.51589499394581
"AAS",0.7115,4.14785552493484,0.348555901433547,0.477231025023002,4,1.25552867613254,12.7764341886737,0.605830656227543,3.66745224323802,0.140653560477464,0.413490359250942,0.117152539398817,9.51623918712762
"AAS",0.7175,4.18283392711278,0.341370194430192,0.467392596510898,4,1.25554618502828,12.7773092529781,0.60599105836333,3.66734312506085,0.140669170022394,0.413463111988392,0.117157010569536,9.51725790567213
"AAS",0.7235,4.21781232929073,0.334180447648994,0.457548636870751,4,1.25556322437086,12.7781612146091,0.6061486983241,3.6672339172944,0.140684400577283,0.413436114871121,0.117161392270211,9.51825276525535
"AAS",0.7255,4.22947179668338,0.331782989152794,0.454266117278095,4,1.25556881813722,12.7784410047951,0.606200718059931,3.66719706669929,0.140689405848232,0.41342713595029,0.117162776481998,9.51858049534757
"AAS",0.7275,4.24113126407603,0.329385103637894,0.450983013025787,4,1.25557436118651,12.7787179961175,0.606252374377107,3.66716080585268,0.140694379790639,0.413418262049603,0.117164186053245,9.51890470272143
"AAS",0.7295,4.25279073146868,0.32698679025657,0.447699322953151,4,1.25557984944724,12.7789924707073,0.606303780327342,3.66712381442249,0.140699369818479,0.413409312512919,0.117165449458163,9.51922699720288
"AAS",0.7315,4.26445019886133,0.324587457357867,0.444414236991588,4,1.25558683157108,12.7793415786597,0.606361382937596,3.66705544209123,0.140704107364241,0.413397511679694,0.117164344716652,9.51966008135496
"AAS",0.7335,4.27610966625398,0.322188907733726,0.441130223463229,4,1.25559082406027,12.7795412085496,0.606405859922946,3.66705255324276,0.140709062733273,0.413391921956955,0.117168373115852,9.51986884415947
"AAS",0.7355,4.28776913364662,0.319789347116494,0.437844825717108,4,1.25559605649121,12.7798028333864,0.606456377328278,3.66701268480982,0.140713948596782,0.413382679403,0.117169363217351,9.52018067026216
"AAS",0.7375,4.29942860103927,0.317389377802299,0.434558868396844,4,1.2556030017124,12.7801500859155,0.606513419574926,3.66694358579234,0.140718597850414,0.413370915798711,0.117168145207901,9.52061261841227
"AAS",0.7395,4.31108806843192,0.314989008259645,0.431272363097226,4,1.25560662495917,12.7803313987174,0.606556696402602,3.66693843947921,0.14072348524001,0.413365051019009,0.117171871031963,9.520804501958
"AAS",0.7415,4.32274753582457,0.312588234971649,0.427985305003054,4,1.25561187142531,12.7805935728708,0.606606498436024,3.66690136387749,0.140728225977534,0.413356237536823,0.117173184568172,9.52111417397268
"AAS",0.7435,4.33440700321722,0.310186468527123,0.424696887112343,4,1.2556187753763,12.7809387664199,0.60666302149687,3.66683136900835,0.140732723639828,0.413344549779877,0.117171802894026,9.52154501263703
"AAS",0.7455,4.34606647060987,0.30778494132599,0.421408796785645,4,1.25562394604767,12.7811973030673,0.606712346877659,3.66679390673266,0.14073738017935,0.413335820113445,0.117172995351165,9.52185133266765
"AAS",0.7475,4.35772593800252,0.305383568452186,0.418120917758738,4,1.25562727829766,12.7813638251799,0.606754238077502,3.6667889063399,0.140742101361756,0.413330020334248,0.117176763994416,9.52202766750632
"AAS",0.7495,4.36938540539517,0.302981244630764,0.414831736726314,4,1.25563234549983,12.7816171554656,0.606802969149452,3.66675159267917,0.140746685827758,0.413321341628259,0.117177935373524,9.52232842164834
"AAS",0.7515,4.38104487278781,0.300578537527532,0.41154203091732,4,1.25563773746189,12.7818868729403,0.606851903830382,3.66671875685457,0.140751323624528,0.413313321680752,0.117179359301962,9.52264175835439
"AAS",0.7535,4.39270434018046,0.298174891206547,0.408251039162945,4,1.2556441306457,12.7822065346511,0.606906670779364,3.66664544874382,0.14075569360782,0.413301232168135,0.117177679917179,9.52304927140616
"AAS",0.7555,4.40436380757311,0.295772006570019,0.404961090281328,4,1.25564918387073,12.7824591934925,0.606955072529909,3.66660597543369,0.140760124285656,0.413292466302343,0.117178651049806,9.52335166877011
"AAS",0.7575,4.41602327496576,0.293368188622359,0.401669863541478,4,1.25565221319737,12.7826106663818,0.606995451023505,3.66660088557879,0.140764698203436,0.413286739148979,0.117182360530754,9.52351240980818
"AAS",0.7595,4.42768274235841,0.290964006433638,0.398378138095011,4,1.25565897689086,12.782948853917,0.607050320812416,3.66653071157792,0.140769021031482,0.413275289355061,0.117180792463434,9.52393620544431
"AAS",0.7615,4.43934220975106,0.288559464204392,0.395085919693158,4,1.25566190410042,12.7830951982986,0.607090134312059,3.66652577300609,0.140773497177367,0.413269623307333,0.117184535430606,9.52409149060153
"AAS",0.7635,4.45100167714371,0.286154566875841,0.391793215101271,4,1.25566865819675,12.7834329097678,0.607144706281078,3.66645512865417,0.140777776842319,0.413258183583821,0.117182920684525,9.52451529761409
"AAS",0.7655,4.46266114453636,0.283748715003172,0.388499203579661,4,1.25567342594254,12.7836713011997,0.607191494176158,3.66641741340465,0.140782096289982,0.413249722468483,0.117183918557389,9.52480100071848
"AAS",0.7715,4.4976395467143,0.27653148441116,0.378617614029497,4,1.25568751980597,12.7843759903694,0.607330418404613,3.66630396943109,0.140794905465063,0.413224334416718,0.117186869186065,9.52564749776502
"AAS",0.7735,4.50929901410695,0.274124256795961,0.375321718887454,4,1.25569214523117,12.7846072610209,0.607376279637666,3.66626600317385,0.14079912052784,0.413215917462849,0.117187831241823,9.52592606935153
"AAS",0.7755,4.5209584814996,0.271717897251366,0.372027012278506,4,1.25569672795358,12.7848363975909,0.607421849796687,3.6662282007441,0.140803325505035,0.413207502727794,0.117188781315478,9.52620221924088
"AAS",0.7775,4.53261794889225,0.269310604107599,0.368731027416951,4,1.25569963286274,12.7849816463253,0.607460409814566,3.66622262248731,0.140807715350303,0.413202016339559,0.117192185759117,9.5263570588618
"AAS",0.7795,4.5442774162849,0.266902981779909,0.365434591847833,4,1.25570412242143,12.7852061131628,0.607505427669377,3.6661857375954,0.140811684115014,0.413194013270451,0.117193138343078,9.52662759535342
"AAS",0.7815,4.55593688367755,0.264495034835897,0.362137711824957,4,1.25570860969619,12.7854304835711,0.607550320503512,3.66614814009808,0.140815809071385,0.413185589223544,0.117194191068781,9.52689860060478
"AAS",0.7835,4.5675963510702,0.262086765318548,0.35884039014551,4,1.25571292443754,12.7856463131773,0.607594939019679,3.66610732119798,0.140819918584505,0.41317683650287,0.117194855800932,9.52716394155926
"AAS",0.7895,4.60257475324814,0.254859452990725,0.348944997021529,4,1.25572787762665,12.7863939013452,0.607734719541836,3.66596247685557,0.140831789105963,0.413149372149953,0.117194927640108,9.52808848763497
"AAS",0.7975,4.64921262281874,0.24521951352945,0.335746315916595,4,1.25574494972814,12.7872474860935,0.607908659361654,3.66581024005481,0.14084752482209,0.413116587427131,0.117198138124016,9.52912892501053
"AAS",0.7995,4.66087209021139,0.24280937949199,0.33244644139888,4,1.25574780265274,12.7873901295329,0.607945778199321,3.66580232966349,0.140851386426211,0.413111426603064,0.117201301478986,9.52928389208919
"NTS",0.0215,0.998379883714899,0.854770794076448,1.17032344177538,4,1.24161925498983,12.0809627489502,0.543016646444861,3.66186042118747,0.13139043239035,0.41914519810431,0.115223837565359,8.80007225067589
"NTS",0.0209247491638796,0.971667378465003,0.854973291797666,1.17060069484917,4,1.24244535438363,12.1222677182502,0.547762988622072,3.62770280022465,0.131794140603224,0.415418278513593,0.112998006997869,8.87777557528507
"NTS",0.0208528428093645,0.968328315308766,0.85498863318549,1.17062169976175,4,1.24255319302878,12.1276596514194,0.548381311340858,3.62326581034146,0.13184536770592,0.414929656058572,0.112708360430006,8.88790061989719
"NTS",0.0207809364548495,0.964989252152528,0.855001634451037,1.17063950065755,4,1.24266204759194,12.1331023799523,0.549005180737929,3.61879187662975,0.131896740910851,0.414435958049672,0.112416246108262,8.89811698320382
"NTS",0.0207090301003344,0.961650188996291,0.855012257313465,1.17065404512375,4,1.24277190763244,12.1385953720223,0.549634532577764,3.61428147103268,0.131948257301277,0.41393723702996,0.112121713378963,8.90842361991252
"NTS",0.0206371237458194,0.958311125840054,0.855020463088214,1.17066528019473,4,1.24288277799913,12.1441389003817,0.550269392044557,3.60973450299532,0.131999908868425,0.413433467031811,0.111824769981007,8.91882092199766
"NTS",0.0205652173913043,0.954972062683817,0.855026213205856,1.17067315306254,4,1.24299464805565,12.1497324030687,0.550909696214204,3.60515138653538,0.13205169355831,0.412924685395791,0.111525468092526,8.92930787081434
"NTS",0.0204933110367893,0.95163299952758,0.855029468514203,1.17067761012132,4,1.24310751961662,12.1553759805424,0.551555451412019,3.60053214841055,0.132103598077553,0.41241088813851,0.111223819012321,8.93988455872097
"NTS",0.0203494983277592,0.944954873215106,0.855028380462836,1.17067612039796,4,1.24333464910215,12.1667324550374,0.552854059548317,3.59125148533549,0.132207034707368,0.411375581020259,0.110617895518308,8.96115553189951
"NTS",0.0202056856187291,0.938276746902631,0.855016866712305,1.17066035615771,4,1.24356732523156,12.1783662628672,0.554183242956423,3.58176399937986,0.13231162547984,0.410313161682482,0.10999872089855,8.98292910970948
"NTS",0.020133779264214,0.934937683746394,0.855007088729463,1.17064696847225,4,1.24368514485335,12.1842572429966,0.554855876048049,3.57696722620734,0.132364066361769,0.409774475065326,0.109685824213283,8.99394826440363
"NTS",0.0198461538461538,0.921581431121446,0.854940209624309,1.17055539984933,4,1.24416623454986,12.2083117277388,0.557599569437044,3.55743054813381,0.132574684922066,0.407570144588964,0.10841280006325,9.03889991160616
"NTS",0.0197742474916388,0.918242367965209,0.854916339139594,1.17052271718396,4,1.24428894692267,12.2144473463986,0.558298696095639,3.55245975510268,0.132627526180261,0.407006699322973,0.108089327980833,9.05035513338673
"NTS",0.0197023411371237,0.914903304808972,0.85488952363441,1.17048600229555,4,1.2444126291821,12.220631459107,0.55900306479944,3.5474546449881,0.132680431464555,0.406438326216589,0.107763827364312,9.06189662531953
"NTS",0.0196304347826087,0.911564241652734,0.854859720131596,1.17044519634122,4,1.24453727905157,12.2268639578617,0.559712662904645,3.54241532425655,0.132733395179087,0.405865022993592,0.107436326691686,9.07352417071797
"NTS",0.0195585284280936,0.908225178496497,0.854826885327871,1.17040024003156,4,1.24466289358965,12.2331446792709,0.560427463035711,3.53734205024615,0.132786416142429,0.405286823238253,0.107106847516959,9.08523733072069
"NTS",0.0194866220735786,0.90488611534026,0.854790975264349,1.17035107317955,4,1.24478946968267,12.2394734872892,0.561147458481314,3.5322348282316,0.13283948439593,0.404703700398495,0.106775424487189,9.09703596832186
"NTS",0.0194147157190635,0.901547052184023,0.854751946307737,1.17029763604395,4,1.24491700682213,12.2458503410087,0.561872626931202,3.52709395176462,0.132892600008552,0.404115688612831,0.10644208317792,9.10891973632778
"NTS",0.0193428093645485,0.898207989027786,0.85470975383971,1.17023986753485,4,1.2450455028933,12.2522751438806,0.562602963050469,3.52191943703035,0.132945754572774,0.403522778359249,0.106106843432693,9.12088852630492
"NTS",0.0192709030100334,0.894868925871549,0.854664352849139,1.17017770602452,4,1.24517494460512,12.2587472299029,0.563338409565037,3.51671154006517,0.132998941895342,0.402924970970395,0.105769761998964,9.13294137528085
"NTS",0.0191270903010033,0.888190799559075,0.85456374484325,1.17003995692436,4,1.24543669325625,12.2718346631798,0.564824686499632,3.5061961109322,0.133105414505333,0.401714757859952,0.10509009090735,9.15730021426019
"NTS",0.0190551839464883,0.884851736402837,0.854508446303471,1.16996424402232,4,1.24556898689924,12.2784493454004,0.565575463375027,3.50088881414559,0.133158684507661,0.401102339172563,0.104747573876728,9.16960527589891
"NTS",0.0189832775919732,0.8815126732466,0.854449756707472,1.16988388820008,4,1.24570222412134,12.2851112062435,0.566331308275823,3.49554871273922,0.133211973429672,0.40048506910106,0.104403301126207,9.18199370508052
"NTS",0.0189113712374582,0.878173610090363,0.854387628635395,1.16979882453196,4,1.24583640301355,12.2918201509252,0.567092212346651,3.4901758672035,0.133265275743926,0.399862937823635,0.104057301062982,9.19446534371949
"NTS",0.0188394648829431,0.874834546934126,0.854322015524645,1.16970898926603,4,1.24597152075726,12.2985760379923,0.567858155255957,3.48477046233731,0.133318588089173,0.39923595941743,0.10370960036494,9.20701985630666
"NTS",0.0187675585284281,0.871495483777889,0.854252869296511,1.16961431657452,4,1.24610757502476,12.3053787479736,0.568629123970422,3.47933259892034,0.133371905200538,0.398604134160141,0.103360223669914,9.21965701616541
"NTS",0.0176170568561873,0.818070473278095,0.852625478655429,1.16738614800655,4,1.24841005662204,12.4205028331315,0.581636602069947,3.38801364153791,0.134222732111145,0.387839510636432,0.0975629613120554,9.43289785304927
"NTS",0.0174732441471572,0.811392346965621,0.852347148497178,1.16700506770875,4,1.248714279413,12.4357139711038,0.583350090641726,3.37604016082487,0.134328393430272,0.386407486967409,0.0968136001478167,9.46099142724482
"NTS",0.0174013377926421,0.808053283809384,0.852201221418297,1.16680526925706,4,1.24886774238028,12.4433871190696,0.584214025467579,3.37000781164906,0.134381139861232,0.385684288020196,0.0964370790808745,9.47515628325528
"NTS",0.0173294314381271,0.804714220653146,0.852050709205108,1.16659919299359,4,1.24902210563065,12.4511052835926,0.58508274816415,3.36394512729417,0.13443382494243,0.384956293309462,0.0960593573118842,9.48939974489249
"NTS",0.017257525083612,0.801375157496909,0.851895554025738,1.16638675973688,4,1.24917736736713,12.4588683683279,0.585956247247754,3.35785220304033,0.134486445823738,0.384223504199959,0.0956804571464613,9.50372161445602
"NTS",0.0163946488294314,0.761306399622064,0.849649434645497,1.16331144857517,4,1.25111024843867,12.5555124227342,0.596808433625412,3.28240242432197,0.135111950306831,0.375055394432747,0.0910490555615535,9.68165800709921
"NTS",0.0163227424749164,0.757967336465827,0.849428318164278,1.16300870332098,4,1.25127711177902,12.5638555860144,0.597743474705295,3.27592209230847,0.135163507199194,0.374260075002481,0.0906566354444538,9.69698932948417
"NTS",0.0162508361204013,0.75462827330959,0.849201672463412,1.16269838764508,4,1.25144486005022,12.572243002959,0.598683207290731,3.26941232596683,0.135214965130373,0.373459920234646,0.090263310166993,9.71239754612734
"NTS",0.0161070234113712,0.747950146997115,0.848731516817004,1.16205466633629,4,1.25178302261261,12.5891511305402,0.600576794057345,3.25630439191506,0.135317577956358,0.371845050037689,0.0894739813889496,9.74344532880697
"NTS",0.0160351170568562,0.744611083840878,0.848487867233916,1.16172106951637,4,1.25195343966597,12.5976719839378,0.601530613745222,3.24970682172435,0.135368731589085,0.371030412761628,0.0890780580206059,9.75908441958
"NTS",0.0159632107023411,0.741272020684641,0.848238410144838,1.16137952125444,4,1.25212473748475,12.6062368754859,0.602489157311177,3.24307928859166,0.135419771323773,0.370210805095902,0.0886812386651764,9.77480074474029
"NTS",0.0158913043478261,0.737932957528404,0.847983066900864,1.16102991386707,4,1.25229693068378,12.6148465340385,0.603452402206739,3.23642268922969,0.135470690828141,0.369386386538069,0.0882836267501198,9.79059413353401
"NTS",0.015819397993311,0.734593894372167,0.847721773645637,1.16067215992427,4,1.25247000268155,12.6235001334616,0.604420302910304,3.2297369481063,0.135521530565588,0.368557090373228,0.0878851945488676,9.80646375965108
"NTS",0.015747491638796,0.73125483121593,0.847454447010215,1.16030614528009,4,1.25264396751083,12.6321983746911,0.605392926677658,3.22302177873172,0.135572241647523,0.367722902907135,0.087485969418533,9.82241070401873
"NTS",0.0156755852842809,0.727915768059693,0.847181019379515,1.15993177735824,4,1.25281882960019,12.6409414774007,0.606370264139137,3.21627749280179,0.135622837005751,0.366883844540592,0.0870859768865188,9.83843486168463
"NTS",0.0154598662207358,0.717898578590981,0.8463233545656,1.15875749152177,4,1.25334869591218,12.6674347956963,0.609330286866387,3.19586953140913,0.135773926781659,0.36433728912695,0.0858815024117252,9.8869655871153
"NTS",0.0153160535117057,0.711220452278507,0.845719646668844,1.1579309149606,4,1.25370641005129,12.6853205030618,0.611327212354802,3.18211808115725,0.135874032871437,0.362614976656263,0.0850749012341986,9.9197052151349
"NTS",0.0152441471571906,0.70788138912227,0.845407974309365,1.15750418364154,4,1.25388659959931,12.6943299773229,0.612332717125712,3.17519863058883,0.135923894639719,0.361746424859002,0.0846705746692307,9.93619020048313
"NTS",0.0151722408026756,0.704542325966033,0.845089648489161,1.15706834262768,4,1.25406767018232,12.7033835079209,0.613342896781081,3.16825001433436,0.135973634389651,0.360872925760647,0.0842655720086447,9.95275159960061
"NTS",0.0149565217391304,0.694525136497321,0.844093913388263,1.15570501559492,4,1.2546162561712,12.7308128079132,0.616401755713927,3.14722921528549,0.136122069212919,0.358222666753003,0.0830466924049767,10.002898871625
"NTS",0.0148846153846154,0.691186073341084,0.843748136210694,1.15523158910522,4,1.25480089933135,12.7400449682818,0.617430788877422,3.14016395714045,0.136171279180606,0.357329289808153,0.0826391558765564,10.0197684638896
"NTS",0.0148127090301003,0.687847010184847,0.843395277746205,1.15474846715547,4,1.25498643727669,12.7493218646361,0.618464550691891,3.13306942509039,0.136220349426967,0.356430907323946,0.0822310153059087,10.0367153074825
"NTS",0.0146688963210702,0.681168883872373,0.842667967137207,1.15375265791507,4,1.25536019840954,12.7680099201483,0.62054626038081,3.11879262259378,0.136318074574467,0.354619089152095,0.0814129813304022,10.070840711703
"NTS",0.0145250836120401,0.674490757559899,0.841911270083499,1.15271661374228,4,1.25573754742924,12.7868773716627,0.622646912087681,3.10439887575559,0.136415229165546,0.352787145625709,0.0805927072371153,10.1052754388076
"NTS",0.0144531772575251,0.671151694403662,0.841521675580495,1.15218319404332,4,1.25592757228126,12.7963786130422,0.62370435499231,3.0971581987768,0.136463585796521,0.351863611983185,0.080181767435459,10.122609004622
"NTS",0.01438127090301,0.667812631247425,0.841124445302412,1.15163931969777,4,1.25611848859103,12.8059244301627,0.624766542869194,3.08988795015605,0.136511800664175,0.350934967223189,0.0797702923838696,10.1400199546916
"NTS",0.014309364548495,0.664473568091187,0.840719496244241,1.15108487705796,4,1.2563103207521,12.8155160367861,0.625833514632563,3.08258862446963,0.136559860732283,0.350001288206471,0.0793583236158756,10.157509063894
"NTS",0.0142374581939799,0.66113450493495,0.840306728217805,1.1505197289496,4,1.25650304844306,12.825152420694,0.626905256553694,3.07525962151818,0.136607765236214,0.349062460510748,0.0789458378868659,10.1750758959175
"NTS",0.0141655518394649,0.657795441778713,0.839886043390689,1.14994374142384,4,1.25669668017075,12.8348340098744,0.627981746340023,3.06790154285678,0.136655529584429,0.348118571784306,0.078532885300668,10.1927202505306
"NTS",0.0140936454849498,0.654456378622476,0.839457348249143,1.14935678644479,4,1.25689121423475,12.8445607129274,0.629063025248171,3.06051384316813,0.136703128738355,0.347169526106763,0.0781194452973615,10.2104426315644
"NTS",0.0140217391304348,0.651117315466239,0.839020526559361,1.14875870486904,4,1.25708666535214,12.8543332687277,0.630149125409527,3.05309664601834,0.136750566275118,0.346215352085234,0.077705547256162,10.2282436735653
"NTS",0.0139498327759197,0.647778252310002,0.838575483858386,1.14814936736108,4,1.25728301562039,12.8641507795347,0.631239992731353,3.04564996477749,0.136797857757916,0.345256018202693,0.07729119859652,10.2461224029868
"NTS",0.0138779264214047,0.644439189153765,0.838122105714923,1.14752861724542,4,1.25748027779122,12.874013889804,0.632335689302727,3.03817349863411,0.136844990645918,0.344291487131245,0.076876397899711,10.2640798210761
"NTS",0.0138060200668896,0.641100125997528,0.83766030594888,1.14689633652719,4,1.25767845806698,12.8839229049797,0.633436211156584,3.03066760508946,0.136891941773726,0.34332180725306,0.076461188979401,10.2821159031396
"NTS",0.0137341137123746,0.63776106284129,0.83718996783691,1.14625236539269,4,1.2578775513033,12.8938775654507,0.634541556684301,3.02313205959251,0.136938750693047,0.342346915574153,0.076045550659041,10.3002305653103
"NTS",0.0135903010033445,0.631082936528816,0.836223239867086,1.14492875394884,4,1.2582784772174,12.9139238609281,0.636766744459868,3.00797180865343,0.137031854553857,0.340381477297293,0.0752130824659199,10.3366959620244
"NTS",0.0134464882943144,0.624404810216342,0.835221034190828,1.14355656762178,4,1.25868308328789,12.934154164501,0.639011378912317,2.99269228266329,0.137124274330628,0.33839504817883,0.0743790776281037,10.3734779687706
"NTS",0.0133026755852843,0.617726683903868,0.834182435100354,1.14213455265518,4,1.25909138419756,12.9545692103393,0.6412755373405,2.97729311792448,0.137216007658992,0.33638749408161,0.0735436289956296,10.4105777212683
"NTS",0.0132307692307692,0.61438762074763,0.833649195488811,1.14140445890163,4,1.25929691924586,12.964845962517,0.642414948122956,2.96954853204966,0.137261618837879,0.335375747406791,0.0731253895038772,10.4292468382749
"NTS",0.0131588628762542,0.611048557591393,0.833106500795188,1.14066141956749,4,1.25950338709674,12.9751693546203,0.643559284925787,2.96177383783738,0.137307046902658,0.334358672283155,0.0727068188155805,10.4479960814585
"NTS",0.0130869565217391,0.607709494435156,0.832554230373639,1.13990526946852,4,1.2597107814501,12.9855390717043,0.644708543143123,2.95396886269946,0.13735228804914,0.333336229108165,0.0722879231591179,10.4668253029532
"NTS",0.0130150501672241,0.604370431278919,0.831992259107915,1.13913583729975,4,1.25991911514087,12.9959557569927,0.645862754322749,2.94613371074159,0.13739734472708,0.332308431649499,0.0718687194811993,10.4857350640458
"NTS",0.012943143812709,0.601031368122682,0.831420460948769,1.13835295047881,4,1.2601283820031,13.0064190999709,0.647021913498267,2.9382682059739,0.137442220206836,0.331275228884392,0.0714492169737986,10.5047252168083
"NTS",0.012871237458194,0.597692304966445,0.830838710756264,1.13755643766828,4,1.26033858097984,13.0169290482519,0.64818602401848,2.93037228629891,0.137486902882909,0.330236618250112,0.0710294209040387,10.5237957812456
"NTS",0.0127993311036789,0.594353241810208,0.830246870537543,1.13674610993299,4,1.2605497321509,13.0274866069576,0.64935514354389,2.92244597258179,0.137531418068549,0.329192584954973,0.0706093371585693,10.5429477617588
"NTS",0.0127274247491639,0.591014178653971,0.82964481554257,1.13592179646938,4,1.26076182431467,13.0380912157517,0.650529254716086,2.91448909052672,0.137575737932632,0.328143093449767,0.0701889888649111,10.5621807795111
"NTS",0.0126555183946488,0.587675115497733,0.829032409833074,1.13508331115535,4,1.260974855182,13.0487427546059,0.651708363672516,2.90650147563375,0.137619849382326,0.327088123731589,0.0697683778593467,10.5814948898261
"NTS",0.0125836120401338,0.584336052341496,0.828409519146903,1.13423047016366,4,1.26118883413611,13.0594417050002,0.652892464993424,2.898483548072,0.137663812401402,0.326027705654552,0.0693475242033773,10.6008900954428
"NTS",0.0122959866220736,0.570979799716548,0.825810270792479,1.13067166667943,4,1.26205427402734,13.1027137014583,0.657679539413689,2.86610126218005,0.137837510355504,0.321730519651143,0.0676617095451005,10.6792924840339
"NTS",0.0122240802675585,0.567640736560311,0.825132818457853,1.12974412171253,4,1.262273028379,13.1136514197845,0.658889016752621,2.85792806384716,0.137880439562196,0.320642283248622,0.0672397167980867,10.6990990997691
"NTS",0.0121521739130435,0.564301673404074,0.824444015165795,1.12880103539622,4,1.26249274687735,13.1246373459751,0.660103614899046,2.84972359593613,0.137923158829092,0.319548427129709,0.0668175256425546,10.7189886956593
"NTS",0.0120802675585284,0.560962610247837,0.823743707579834,1.12784219778738,4,1.26271342724018,13.1356713621009,0.661323335825532,2.84148775712343,0.137965671654757,0.31844892246012,0.066395145384654,10.7389612462831
"NTS",0.0120083612040134,0.557623547091599,0.823031741883276,1.12686739828534,4,1.26293508805079,13.1467544029108,0.66254824413777,2.83322047219007,0.138007956586699,0.317343766840268,0.0659725907367567,10.759017833045
"NTS",0.0119364548494983,0.554284483935362,0.822307955861985,1.12587641479197,4,1.26315770320724,13.1578851620482,0.663778272773263,2.82492154205323,0.138050058197513,0.316232885114811,0.0655498478975225,10.7791572395339
"NTS",0.0117926421404682,0.547606357622888,0.820824294045674,1.12384503490004,4,1.26360588689299,13.1802943447062,0.666253992114926,2.80822857001562,0.138133578548915,0.313993980704795,0.0647038953594384,10.8196895685024
"NTS",0.0117207357859532,0.544267294466651,0.82006408667584,1.12280418452039,4,1.26383147592829,13.1915737962681,0.667499760382999,2.79983434804378,0.138174994851153,0.312865922168,0.0642806953742198,10.8400837549953
"NTS",0.0116488294314381,0.540928231310414,0.81929140478143,1.12174625444097,4,1.26405801800256,13.2029009001303,0.668750680210673,2.79140807203431,0.138216214914162,0.311732036140613,0.0638573605733611,10.8605611200417
"NTS",0.0115769230769231,0.537589168154177,0.818506074203615,1.12067100620936,4,1.26428555613946,13.2142778074294,0.670006905247745,2.78294949682948,0.138257195543129,0.310592324551745,0.0634338782714762,10.8811242239818
"NTS",0.011505016722408,0.53425010499794,0.817707947301317,1.11957823768037,4,1.26451403763169,13.2257018809933,0.671268258123444,2.77445888675895,0.13829795750226,0.30944678525473,0.0630102930516742,10.9017699952794
"NTS",0.011433110367893,0.530911041841702,0.816896785414983,1.11846762208935,4,1.26474358995006,13.2371794968948,0.672535170590489,2.76593557048433,0.138338472518344,0.308295359092733,0.062586572276661,10.9225058585663
"NTS",0.0113612040133779,0.527571978685465,0.816072464423004,1.11733898949316,4,1.2649741188787,13.2487059455956,0.673807330509267,2.75737998821693,0.13837875645865,0.307138067306432,0.0621627677617496,10.9433263898132
"NTS",0.0112892976588629,0.524232915529228,0.81523477954778,1.11619205951721,4,1.26520563915299,13.2602819553762,0.675084822842786,2.74879158105085,0.138418820108181,0.305974814804459,0.0617388381160556,10.9642329219477
"NTS",0.0111454849498328,0.517554789216754,0.813518596882229,1.1138423198937,4,1.26567168956708,13.2835844796178,0.677655908078555,2.73151659977492,0.138498176311856,0.303630509682917,0.0608907573326292,11.0063056792529
"NTS",0.0110735785953177,0.514215726060517,0.812639710127153,1.11263897768868,4,1.26590622466151,13.2953112339804,0.678949539733862,2.72282964829418,0.13853751085507,0.302449340255918,0.0604666013582772,11.0274725020392
"NTS",0.0109297658862876,0.507537599748043,0.810839297186431,1.11017391280344,4,1.2663783666431,13.3189183332845,0.681553241266013,2.70535556625469,0.138615459293797,0.300068795690517,0.0596180611959898,11.070071093881
"NTS",0.0108578595317726,0.504198536591805,0.80991740495367,1.10891168894382,4,1.26661597635382,13.330798819165,0.682863325661016,2.6965684517467,0.138654038406897,0.298869421142768,0.0591937118593456,11.0915030310324
"NTS",0.0107859531772575,0.500859473435568,0.808980777808864,1.10762929053788,4,1.26685460182716,13.3427300914801,0.684178886444417,2.68774773458383,0.138692360840839,0.297663917200386,0.0587693247734443,11.1130230817321
"NTS",0.0107140468227425,0.497520410279331,0.808029193653881,1.10632641349632,4,1.26709426642801,13.3547133126133,0.685500011273755,2.67889318671152,0.138730424224959,0.296452253772133,0.0583448953010422,11.1346327050797
"NTS",0.0105702341137124,0.490842283966857,0.806080306810703,1.10365806313416,4,1.26757666808498,13.3788334043598,0.688158848433825,2.66108231499811,0.138805782529168,0.294010343418204,0.0574959738022932,11.1781186276611
"NTS",0.0104264214046823,0.484164157654383,0.80406897143097,1.10090421033468,4,1.26806328123553,13.4031640632327,0.690840284750817,2.64313411172138,0.138880029884471,0.291543401224851,0.0566469626384618,11.2219678869219
"NTS",0.0102826086956522,0.477486031341908,0.801993347154209,1.0980623353382,4,1.26855406464907,13.4277032325484,0.693544277271963,2.62504761547388,0.13895318391982,0.289051199070191,0.0557979656396566,11.2661792684731
"NTS",0.0102107023411371,0.474146968185671,0.800930835747705,1.0966075804322,4,1.2688010584497,13.4400529229805,0.69490488138958,2.61595212864245,0.138989337990658,0.287795548374217,0.0553734854363722,11.2884231672965
"NTS",0.0101387959866221,0.470807905029434,0.799851545043812,1.09512985187619,4,1.26904905075154,13.4524525381822,0.696271060739171,2.60682131011445,0.139025179289275,0.286533443319854,0.0549490347777701,11.3107561025651
"NTS",0.00999498327759197,0.46412977871696,0.797641518320529,1.09210395756729,4,1.26954830684222,13.4774153424005,0.699020947622112,2.58845369316912,0.139096087889015,0.283989805730241,0.0541001896043648,11.3557033769077
"NTS",0.00992307692307692,0.460790715560723,0.796510303942684,1.09055513686209,4,1.2697996006823,13.4899800343731,0.700404774324087,2.57921670307787,0.13913108312812,0.282708265859727,0.0536758404843873,11.3783195709268
"NTS",0.00985117056856187,0.457451652404486,0.795361320039625,1.08898198672021,4,1.27005191684723,13.5025958400748,0.701794288722414,2.56994398337332,0.139165717857135,0.28142021656185,0.0532515585117079,11.4010265050933
"NTS",0.00970735785953177,0.450773526092011,0.79300861753382,1.08576074552532,4,1.27055983120391,13.5279915619751,0.704591155013291,2.55128916654619,0.139234215962609,0.278824027412301,0.0524030896792418,11.4467258136386
"NTS",0.00963545150501672,0.447434462935774,0.791804458372094,1.08411205127376,4,1.27081538697024,13.5407693518535,0.705998380806614,2.5419073024816,0.139267969252307,0.27751596618964,0.0519789751309435,11.4697158309319
"NTS",0.00956354515050167,0.444095399779537,0.790581420582681,1.0824375090397,4,1.271072065115,13.5536032564199,0.70741164193009,2.5324891946809,0.139301351313733,0.276201283682143,0.0515549695218284,11.4928023811574
"NTS",0.00949163879598662,0.4407563366233,0.789339006829161,1.08073643788682,4,1.27132986670973,13.5664933343709,0.708831033963546,2.52303337375256,0.139334504763956,0.27487966552875,0.0511309872024902,11.5159868728321
"NTS",0.00941973244147157,0.437417273467063,0.78807713383297,1.07900872379291,4,1.27158876272926,13.5794381332309,0.710256406194962,2.51354098134863,0.139367296417717,0.2735513640868,0.050707112906818,11.5392667547385
"NTS",0.00934782608695652,0.434078210310826,0.786795415227407,1.07725383775767,4,1.27184874589938,13.5924372932784,0.711687804507748,2.50401105417287,0.139399726983048,0.272216179234504,0.0502833630214934,11.5626426349675
"NTS",0.00927591973244147,0.430739147154589,0.785493548741337,1.07547136592164,4,1.27210987102975,13.6054935533369,0.713125380561322,2.49444379087638,0.139431849962662,0.27087415413161,0.0498596885165505,11.5861171289388
"NTS",0.00920401337792642,0.427400083998352,0.784171295713051,1.0736609815172,4,1.2723720597638,13.6186029921957,0.714568881176546,2.48483945758288,0.139463679910296,0.269525241174818,0.0494361688208388,11.6096858240833
"NTS",0.00913210702341137,0.424061020842114,0.782828151923631,1.07182199418478,4,1.27263539867541,13.6317699423145,0.716018714968651,2.47519619110348,0.139495096151499,0.268169283193506,0.0490127387380176,11.6333553170437
"NTS",0.00906020066889632,0.420721957685877,0.781463907274819,1.06995411626489,4,1.2728998704735,13.6449935234717,0.717474755518568,2.46551496853872,0.139526169616034,0.266806355504674,0.0485894395663268,11.6571236009692
"NTS",0.00898829431438127,0.41738289452964,0.780078083061921,1.06805669233116,4,1.2731655045713,13.658275228377,0.718937201089007,2.45579436577618,0.139556822543105,0.265436299506119,0.0481662542560091,11.6809937863935
"NTS",0.00891638795986622,0.414043831373403,0.778670543960617,1.06612953710208,4,1.27343220030147,13.6716100158245,0.720405651204454,2.44603569787242,0.139587205829314,0.264059138726611,0.0477432140355321,11.7049590696061
"NTS",0.00884448160535117,0.410704768217166,0.777240830813875,1.06417202191526,4,1.27370012651415,13.6850063249452,0.721880673380903,2.43623830267574,0.139617192664109,0.262674908718435,0.0473203407999071,11.7290291272825
"NTS",0.00877257525083612,0.407365705060929,0.775788698386722,1.06218381100324,4,1.27396910254345,13.6984551314072,0.723361743384405,2.42640202055157,0.139646753692444,0.2612835669493,0.0468976401292418,11.7531946749207
"NTS",0.00870066889632107,0.404026641904692,0.774313467448609,1.06016397438638,4,1.27423933361254,13.7119666807263,0.724849579467271,2.41652524338939,0.139675962996824,0.259884841643289,0.0464750507352212,11.7774680411731
"NTS",0.00848494983277592,0.39400945243598,0.769746867384299,1.0539115390651,4,1.27505680763133,13.7528403803071,0.729351199937863,2.38665696911325,0.139761316715193,0.255644880140604,0.0452083716049857,11.850890790632
"NTS",0.00841304347826087,0.390670389279743,0.768176286001315,1.05176115182392,4,1.27533163289397,13.7665816463018,0.730864783152913,2.37662006509985,0.13978894854905,0.254216773763685,0.0447865012893621,11.87557139007
"NTS",0.00826923076923077,0.383992262967269,0.764960074552603,1.04735762320757,4,1.27588480031451,13.7942400197386,0.733911722508197,2.35642331107446,0.139842980061373,0.251338007850854,0.0439433699494977,11.925244714177
"NTS",0.00812541806020067,0.377314136654795,0.761640955935517,1.04281319755507,4,1.27644268909752,13.8221344542888,0.736985274349262,2.33606083910008,0.139895306807115,0.248428887875378,0.043101080929659,11.9753377860709
"NTS",0.00805351170568562,0.373975073498558,0.759941698239221,1.0404866310306,4,1.27672341437388,13.8361707226642,0.738532149225606,2.32581651577141,0.139920746090092,0.246962835023021,0.0426802765484435,12.0005433394913
"NTS",0.00798160535117057,0.37063601034232,0.758215349506819,1.03812297237004,4,1.27700528331075,13.850264165573,0.740085649679891,2.31552980030621,0.13994580997349,0.245488960007541,0.0422596834303422,12.0258528244704
"NTS",0.00790969899665552,0.367296947186083,0.756461438197289,1.03572157595528,4,1.27728848611346,13.8644243061014,0.741646366578623,2.30520057127585,0.139970426667212,0.244007274354041,0.0418393426266038,12.0512764589557
"NTS",0.00783779264214047,0.363957884029846,0.754679502588267,1.03328180961157,4,1.27757284592305,13.8786422952878,0.743213806358776,2.29482839710557,0.139994497296075,0.242517843985707,0.0414192499344622,12.0768054706611
"NTS",0.00776588628762542,0.360618820873609,0.752869030036729,1.03080297144532,4,1.27785835544584,13.8929177712788,0.744787979993743,2.28441281736159,0.140018218064338,0.241020372881646,0.0409993539418596,12.1024397587301
"NTS",0.00769397993311037,0.357279757717372,0.751029487874833,1.02828433214561,4,1.27814510915035,13.9072554577468,0.746369240044635,2.27395316746374,0.14004135788056,0.239514867064811,0.0405797941831167,12.1281852121608
"NTS",0.00755016722408027,0.350601631404898,0.747261184146187,1.02312489733581,4,1.27872229176903,13.9361145884373,0.749552841014297,2.25290169141424,0.140086165138164,0.236479775197565,0.0397414129344451,12.1800062506915
"NTS",0.00747826086956522,0.347262568248661,0.745331330333738,1.02048260635961,4,1.27901274021881,13.9506370120142,0.751155306824477,2.24230908595801,0.140107844022264,0.234949983107767,0.0393226388223247,12.2060836550371
"NTS",0.00740635451505017,0.343923505092424,0.743370262527378,1.01779757823207,4,1.27930437689359,13.9652188446474,0.752764822701241,2.23167098455103,0.140128955283718,0.233411921395115,0.038904150507318,12.232270724124
"NTS",0.00733444816053512,0.340584441936186,0.7413774148307,1.01506903814685,4,1.2795973363157,13.9798668212792,0.754381742768437,2.22098790050698,0.140149605806726,0.231865737503585,0.038485818666272,12.2585738874938
"NTS",0.00726254180602007,0.337245378779949,0.739352176983245,1.01229615055585,4,1.27989142764839,13.994571383979,0.756005627323987,2.21025832270438,0.140169620538853,0.230310873813047,0.0380680901977323,12.2849848401464
"NTS",0.00719063545150501,0.333906315623712,0.737293960262997,1.00947810940066,4,1.28018677143899,14.0093385717335,0.757636846770835,2.19948232301343,0.140189106803103,0.228747691514805,0.0376504784924964,12.3115097456715
"NTS",0.00711872909698997,0.330567252467475,0.73520214095896,1.00661406071715,4,1.28048327345451,14.0241636723633,0.759275148423647,2.18865932879988,0.140207966992971,0.227175999245704,0.037233209603808,12.3381443327911
"NTS",0.00690301003344481,0.320550062998764,0.728718603166473,0.997737018688146,4,1.2813806374039,14.0690318701956,0.76423549999154,2.15590713649414,0.140261298532743,0.222409074300128,0.0359834560704917,12.4187546592934
"NTS",0.00683110367892976,0.317210999842527,0.726485828264494,0.99467997833756,4,1.28168230673443,14.0841153367352,0.765904042014586,2.1448935094808,0.140277883388943,0.220802646676441,0.0355674968584136,12.4458585297964
"NTS",0.00675919732441471,0.313871936686289,0.724216084963788,0.991572322097972,4,1.2819851284882,14.0992564223442,0.767579898444994,2.13383038262058,0.140293779584542,0.219187255884798,0.0351519143352281,12.4730744119605
"NTS",0.00668729096989966,0.310532873530052,0.721908657625323,0.988413070140474,4,1.28228927610539,14.1144638041745,0.769263519705746,2.12271844942599,0.140309117315793,0.217562932862975,0.0347367176428372,12.5004105614475
"NTS",0.00661538461538461,0.307193810373815,0.719562829515335,0.985201241137283,4,1.28259465278697,14.1297326353935,0.770954746834495,2.11155646653257,0.140323772408345,0.215929600287086,0.0343218286831686,12.5278633062205
"NTS",0.00654347826086956,0.303854747217578,0.717177725812887,0.981935637312979,4,1.28290136972252,14.14506848432,0.772653937010096,2.10034396021544,0.140337727352059,0.214287039933736,0.0339074527417968,12.5554389923954
"NTS",0.00647157190635451,0.300515684061341,0.714752647300266,0.978615301322168,4,1.28320888225515,14.1604441143405,0.774359644692068,2.08907910202558,0.140350906192736,0.212635099895767,0.033493401746493,12.5831109576118
"NTS",0.00639966555183946,0.297176620905104,0.712286777563779,0.975239115358662,4,1.28351859128255,14.1759295640827,0.77607567904989,2.07776603515776,0.140363581723042,0.210974342558808,0.033079750461208,12.6109482521307
"NTS",0.00632775919732441,0.293837557748867,0.709779262300674,0.971805909739848,4,1.28382893100491,14.1914465500144,0.77779789119785,2.06639879897831,0.140375362184624,0.209303900208453,0.0326665076349335,12.6388751514749
"NTS",0.00618394648829431,0.287159431436392,0.704635850001791,0.964763722494082,4,1.28445372927267,14.2226864636019,0.781267034195831,2.04350773674054,0.140396896633636,0.20593462241454,0.0318412548560336,12.6951079693814
"NTS",0.00611204013377926,0.283820368280155,0.701998191143322,0.961152328638718,4,1.28476804181323,14.2384020952482,0.78301367474548,2.03198229166517,0.140406585178546,0.204235528672697,0.0314292284908019,12.7234079557055
"NTS",0.00604013377926421,0.280481305123918,0.699315251080621,0.957478937280453,4,1.28508358904333,14.2541794535732,0.784768363608243,2.02040220347373,0.140415375809575,0.202526646784247,0.0310177216743011,12.7518297471496
"NTS",0.00589632107023411,0.273803178811444,0.693809891828352,0.949941184431413,4,1.2857186693714,14.2859334652945,0.78830275268872,1.99707813036234,0.140430660534063,0.199079342532275,0.0301959822375433,12.8090531474494
"NTS",0.00582441471571906,0.270464115655207,0.690985340384784,0.946073903530129,4,1.28603808445266,14.3019042227056,0.79008230137333,1.98533193179027,0.140437013552314,0.19734060561571,0.0297857982327126,12.8378509714252
"NTS",0.00575250836120401,0.26712505249897,0.688111569086333,0.942139232457853,4,1.28635871521104,14.3179357606197,0.791870021700411,1.9735293340362,0.140442505819763,0.195591759461974,0.029376101127058,12.8667713634745
"NTS",0.00568060200668896,0.263785989342733,0.685187448691238,0.938135625094723,4,1.28668027910545,14.3340139554969,0.793665279751662,1.96166806778486,0.140446918459204,0.193832536797504,0.0289669190331732,12.8958020538532
"NTS",0.00560869565217391,0.260446926186496,0.68221184479687,0.934061528254787,4,1.28700342157759,14.3501710836029,0.79546983895183,1.94975006089919,0.140450702585219,0.192062927999826,0.0285581681005453,12.9249745007757
"NTS",0.00553678929765886,0.257107863030258,0.679183644211077,0.929915417792764,4,1.28732782515026,14.3663912564657,0.797282922113681,1.93777340424427,0.140453446498583,0.190282910781211,0.0281499802441721,12.9542743914882
"NTS",0.00546488294314381,0.253768799874021,0.676101575556695,0.925695552981775,4,1.28765347949545,14.3826739748083,0.799104627884968,1.92573679222596,0.140455114510225,0.188492317051046,0.0277422909159193,12.9837025857952
"NTS",0.00532107023411371,0.247090673561547,0.669771022604197,0.917027972653749,4,1.2883082320854,14.4154116042618,0.802773130818534,1.90148242133201,0.140455620620776,0.184878697250947,0.0269285052359997,13.0429285238576
"NTS",0.00524916387959866,0.24375161040531,0.666519964673676,0.912576733405724,4,1.28863749966294,14.4318749767059,0.804620538555057,1.88926357235253,0.14045439650688,0.18305553057418,0.0265224312983787,13.0727363435516
"NTS",0.00517725752508361,0.240412547249073,0.663209873125502,0.908044667312572,4,1.28896813767345,14.4484068847901,0.806477189111839,1.87698221759586,0.140452056456615,0.181221289253253,0.026116929308126,13.1026814154754
"NTS",0.00510535117056856,0.237073484092836,0.659839397744708,0.903429925705341,4,1.28929982860986,14.4649914314115,0.808342240838084,1.86463727023274,0.140448584438795,0.179375810406049,0.0257119928646703,13.1327481582324
"NTS",0.00503344481605351,0.233734420936599,0.65640694841048,0.898730331444059,4,1.28963268152205,14.481634077384,0.810216147873912,1.85222736210188,0.140443929280558,0.177518883149749,0.025307616447872,13.162943776311
"NTS",0.00496153846153846,0.230395357780361,0.652911194018171,0.893944062024981,4,1.2899668199064,14.4983409950214,0.812099296752058,1.83975250868748,0.140437988739946,0.175650585179556,0.0249038492489377,13.1932748411743
"NTS",0.00488963210702341,0.227056294624124,0.64935051895246,0.889068905401914,4,1.29030217185129,14.5151085926123,0.813991487578006,1.82721257195987,0.140431064242118,0.173770642731639,0.024500674706258,13.2237373869068
"NTS",0.00481772575250836,0.223717231467887,0.645723308875811,0.884102651278161,4,1.29063849634853,14.5319248175643,0.815892278201729,1.81460464401766,0.140422770324124,0.171878771062718,0.024098136396473,13.2543221658696
"NTS",0.00474581939799331,0.22037816831165,0.642027885332298,0.879043001568281,4,1.2909758714868,14.5487935750855,0.817801934582981,1.80192850821857,0.140413143996889,0.169974993320509,0.0236962112042518,13.2850334472021
"NTS",0.00467391304347826,0.217039105155413,0.638262734879113,0.873887884117253,4,1.29131435937482,14.5657179692153,0.819720602204428,1.78918479440979,0.140402269722124,0.16805930442555,0.0232949961690617,13.3158737391155
"NTS",0.00460200668896321,0.213700041999176,0.634425445948104,0.868633997087014,4,1.29165383914064,14.5826919570245,0.821648346041506,1.77636879133606,0.140389996702518,0.166130990238843,0.022894310334185,13.3468417191977
"NTS",0.00453010033444816,0.210360978842939,0.630514762765357,0.86327962111413,4,1.2919944391284,14.599721955599,0.823585433130893,1.7634821152032,0.14037619595464,0.164190392333895,0.0224943468659013,13.3779425977818
"NTS",0.00445819397993311,0.207021915686702,0.626528587385364,0.857821883762126,4,1.29233602989109,14.6168014963742,0.825531540807113,1.75052428293063,0.14036110156877,0.162237240135615,0.0220951574828867,13.4091697854359
"NTS",0.00438628762541806,0.203682852530464,0.622464869826161,0.852257978264596,4,1.29267861693884,14.6339308467849,0.827487001152517,1.73749189715319,0.140344349106238,0.160271308871485,0.0216964986665853,13.4405274978263
"NTS",0.00431438127090301,0.200343789374227,0.61832155204186,0.846585086814284,4,1.29302194928045,14.6510974641589,0.829451142384861,1.72438444506435,0.140325962172641,0.158292377697633,0.0212986102779077,13.4720030147737
"NTS",0.00424247491638796,0.19700472621799,0.614096486837164,0.840800269543559,4,1.29336748529921,14.6683742650323,0.831427953373462,1.71120574573221,0.140306516923056,0.156300680737247,0.0209015103310082,13.5036684039476
"NTS",0.00417056856187291,0.193665663061753,0.609787405180098,0.834900419770104,4,1.29371148102683,14.6855740513133,0.833407610697945,1.69794181047988,0.140284450514849,0.154294977686799,0.0205050559777204,13.5353430397833
"NTS",0.00402675585284281,0.186987536749279,0.600907784199751,0.822742741174393,4,1.29440425675309,14.7202128393488,0.837401079099031,1.67118452081292,0.140235829855822,0.150243520495422,0.0197145129245256,13.5991834669942
"NTS",0.00395484949832776,0.183648473593042,0.596332279143047,0.81647811343684,4,1.29475174794642,14.7375873973231,0.839411599164965,1.65768553312038,0.140208913997323,0.148197009917088,0.0193204759340189,13.6312876950011
"NTS",0.00388294314381271,0.180309410436805,0.591662829745957,0.810084860265968,4,1.29510146778282,14.7550733890354,0.841435729484281,1.64410702135053,0.140180368078397,0.146136699274362,0.018927190368814,13.6635922466211
"NTS",0.00381103678929766,0.176970347280567,0.586896669895253,0.803559194392515,4,1.29544870530023,14.77243526237,0.843460928859705,1.63043531325061,0.140148873950142,0.144061183949844,0.0185346797201663,13.6958650372562
"NTS",0.00373913043478261,0.17363128412433,0.582030982353725,0.796897258549987,4,1.29579760583761,14.7898802920043,0.845498233237523,1.61668066193582,0.140115498576505,0.141971469349026,0.0181430149458195,13.7283121830874
"NTS",0.00359531772575251,0.166953157811856,0.571988815094814,0.783147860663702,4,1.29649883913234,14.8249419566964,0.849606140585375,1.5889135411664,0.140043148737359,0.137747618309012,0.0173623576356404,13.7936568757282
"NTS",0.00352341137123745,0.163614094655619,0.566805913006204,0.776051605325123,4,1.29684764456106,14.8423822280442,0.851667693519988,1.57488651772685,0.140002423171448,0.135612360331424,0.0169733531910819,13.8263859344703
"NTS",0.00345150501672241,0.160275031499382,0.56151064492099,0.768801502240697,4,1.29719772442031,14.8598862204659,0.853741096591748,1.5607695385001,0.139959765402671,0.133461581429135,0.016585245569197,13.859276181101
"NTS",0.00337959866220736,0.156935968343145,0.556099512768528,0.761392761969671,4,1.29754964724394,14.8774823621845,0.855827999476908,1.54656355685094,0.139915365260081,0.131295350731147,0.0161981326237316,13.8923562536441
"NTS",0.00330769230769231,0.153596905186908,0.550568655266138,0.75382009777358,4,1.29789754561599,14.8948772779615,0.857913190668592,1.53224705658511,0.13986647396746,0.129112051629542,0.0158118966389193,13.9253429967648
"NTS",0.00323578595317725,0.15025784203067,0.54491424806769,0.746078273486244,4,1.29824648787115,14.9123243935373,0.860010194765732,1.51783601422289,0.139815516022147,0.126912533761907,0.015426760208155,13.9584836180251
"NTS",0.0031638795986622,0.146918778874433,0.539132115059276,0.73816157131286,4,1.29859872450564,14.9299362253495,0.862125251035983,1.50333253356219,0.139762868627366,0.124696881007035,0.0150425465466434,13.9918938158695
"NTS",0.00309197324414716,0.143579715718196,0.533217961062233,0.730064110439168,4,1.2989455981464,14.9472799073283,0.864235543468849,1.48871011470324,0.139705036169258,0.122463267916216,0.0146593518043522,14.0251497179777
"NTS",0.00294816053511706,0.136901589405722,0.520975253946071,0.713301807342095,4,1.2996401981439,14.9820099072548,0.868487804051546,1.45915306181452,0.139581356993136,0.117943663121171,0.0138962491499138,14.0920347048216
"NTS",0.002876254180602,0.133562526249485,0.514636909730704,0.704623559478818,4,1.29998460913221,14.9992304565515,0.870621462896792,1.44420207715319,0.139513398427372,0.115656581006084,0.0135162733134807,14.1255087128255
"NTS",0.00280434782608695,0.130223463093248,0.508146907866594,0.695737667060208,4,1.30032857723152,15.0164288611449,0.872764587538943,1.42913841733558,0.139442142967585,0.113350969209148,0.0131375538895585,14.159078406934
"NTS",0.00273244147157191,0.126884399937011,0.501499795364274,0.686636664036364,4,1.30067175493912,15.0335877461679,0.874916517345237,1.41395759055982,0.139366973470183,0.111026630543076,0.0127600347281017,14.1927308090726
"NTS",0.00266053511705686,0.123545336780774,0.494689662371365,0.677312458836043,4,1.30101307677579,15.0506538387879,0.87707423591231,1.39865658053781,0.139288178927737,0.108682706211403,0.0123836266446293,14.2264127301546
"NTS",0.00251672240802675,0.116867210468299,0.480554869332333,0.657959575287776,4,1.30168170809908,15.0840854046623,0.881386939626654,1.3676521439537,0.139113568097223,0.103933965563514,0.0116346650379971,14.2934710802099
"NTS",0.0024448160535117,0.113528147312062,0.473216869162095,0.64791263209026,4,1.30200956116607,15.1004780576282,0.883543681762136,1.35194682462303,0.139018268209577,0.101528322275289,0.0112621158079316,14.326877439569
"NTS",0.0021571906354515,0.100171894687114,0.441883296617649,0.605011757706788,4,1.3032933830211,15.1646691507824,0.892224974662468,1.28773159693305,0.138584977902415,0.0916892232273761,0.00978598902124014,14.4605375015622
"NTS",0.0020133779264214,0.0934937683746393,0.424905256864902,0.581765996321711,4,1.30389708238127,15.1948541190513,0.896545054674175,1.25467825501994,0.138325756002189,0.086630124018784,0.00905672951420828,14.5263750162581
"NTS",0.00194147157190635,0.0901547052184022,0.416053773216547,0.569646842415248,4,1.30418548952417,15.2092744762085,0.898690693904491,1.23789891381141,0.138185653412788,0.0840622160817379,0.00869458327704964,14.5588577936644
"NTS",0.0018695652173913,0.0868156420621651,0.40694559528065,0.557176231317967,4,1.30446056761265,15.2230283806887,0.90081529234461,1.22092461781357,0.138033172820156,0.081469221191095,0.00833426108894918,14.5908534467554
"NTS",0.00179765886287625,0.083476578905928,0.397568418711124,0.544337316332763,4,1.30473318932618,15.236659466314,0.9029493507344,1.20378187747269,0.137874280025979,0.0788503367266516,0.00797572175903483,14.6228995501623
"NTS",0.0015819397993311,0.0734593894372166,0.367685652712148,0.503422837508674,4,1.30545144465004,15.2725722326462,0.909180595044312,1.15110073314275,0.137327480922792,0.0708231741489091,0.00691104405480411,14.7151646995912
"NTS",0.00151003344481605,0.0701203262809795,0.357089655250008,0.488915153922768,4,1.30565830342136,15.2829151714138,0.911203720265055,1.13309926802795,0.137119414044285,0.0680885443520375,0.00656026926036388,14.744689155512
"NTS",0.001438127090301,0.0667812631247423,0.346147427507712,0.473933423474327,4,1.30584569134797,15.2922845675121,0.913191301209424,1.11486176178453,0.136897623715874,0.0653223061239867,0.00621153635759157,14.7734475359507
"NTS",0.00136622073578595,0.0634421999685052,0.334839432000333,0.458450896095657,4,1.30600000300767,15.3000001503924,0.915107569806787,1.09634988138268,0.136655970980815,0.062523372018207,0.00586548461835767,14.8007709428481
"NTS",0.0012943143812709,0.0601031368122681,0.323144462848075,0.442438537408886,4,1.30612897383705,15.3064486918345,0.916972062284773,1.07757415844789,0.13639760896974,0.0596904717051142,0.00552172593038181,14.8270516676952
"NTS",0.00122240802675585,0.0567640736560311,0.311039379351159,0.425864663945655,4,1.30622229009243,15.3111145046533,0.918757888558249,1.05849476802488,0.136116073759321,0.0568227807043951,0.00518000975932323,14.851795797486
"NTS",0.0010066889632107,0.0467468841873196,0.271997289815399,0.372409547186592,4,1.30623299850443,15.3116499252116,0.923470803536124,0.99929487542273,0.135122437897738,0.0479934196770829,0.00417266450979059,14.9140564571214
"NTS",0.0215,0.998379883714899,0.854770794076029,1.17032344177481,4,1.24161925331216,12.0809626653098,0.543016642438114,3.66186041126144,0.131390430684759,0.419145191080345,0.115223843954373,8.8000721746758
"NTS",0.0235,1.09125243103722,0.85317499485308,1.16813852711473,4,1.23926108553261,11.9630542791933,0.529351302289628,3.76138446948762,0.13011054473212,0.429570318854312,0.121562394229461,8.57661852344782
"NTS",0.0255,1.18412497835953,0.850683455438068,1.16472719509016,4,1.237666594752,11.8833297378674,0.519965756158687,3.83119422914125,0.129113910905945,0.436267234635729,0.125598731223931,8.4235870447266
"NTS",0.0475,2.20572299890501,0.820379575868416,1.12323614171904,4,1.23490171614324,11.7450858125559,0.502999622691048,3.96426445664045,0.12810936317879,0.440605217265194,0.125828625041944,8.1523583527488
"NTS",0.0495,2.29859554622733,0.818012917474056,1.11999579259061,4,1.23486722435963,11.7433612156299,0.502781235311155,3.96603734057229,0.128192993069356,0.440246862968564,0.125499211558129,8.14909388210465
"NTS",0.0515,2.39146809354964,0.815693027985082,1.1168194778755,4,1.23483751296447,11.7418756561078,0.502593130162483,3.96756219314583,0.128276095111484,0.439901872719028,0.125189133241286,8.14630019597434
"NTS",0.0595,2.76295828283891,0.806797573186374,1.10464012014787,4,1.2347515881492,11.7375794068529,0.502048401687899,3.97196799521405,0.128591483239436,0.438663952472636,0.124119109624624,8.13832999524726
"NTS",0.0635,2.94870337748354,0.802535030346001,1.09880398975803,4,1.23472191359575,11.7360956821558,0.501859354766378,3.97349623442006,0.12873554704096,0.438126156669378,0.123670242546207,8.13561909188585
"NTS",0.0675,3.13444847212817,0.798368453677898,1.09309925302577,4,1.23469807311953,11.7349036560668,0.501706679142066,3.9747323562585,0.128869904661308,0.437636149847538,0.123267802993538,8.13345860986676
"NTS",0.0695,3.22732101945049,0.796316582742689,1.09028990030617,4,1.23468792124846,11.7343960635791,0.501641297415522,3.97526300819123,0.128933616155047,0.437407329839823,0.12308176266591,8.1325434240696
"NTS",0.0715,3.32019356677281,0.794283502872396,1.08750627568107,4,1.23467872163635,11.733936081981,0.501581938562064,3.97574481554635,0.128995066919739,0.437188426636695,0.122904916626496,8.13171821596597
"NTS",0.1075,4.9918994185745,0.759772142195735,1.04025448059476,4,1.23460425028863,11.7302124638735,0.501072651458377,3.9800295500688,0.129802003153833,0.434442042984481,0.120754839130924,8.12511583839493
"NTS",0.1195,5.5491347025084,0.748798521021862,1.02522976731496,4,1.23459883520347,11.7299417602639,0.501020606502611,3.9805524922057,0.129983488785258,0.433845605038184,0.120300782498092,8.12462162676891
"NTS",0.1335,6.19924253376461,0.736182188008325,1.00795590819704,4,1.23459557318862,11.7297786593756,0.500981316346768,3.98097721466687,0.130160316558174,0.433273575777513,0.11986845053433,8.12431788526204
"NTS",0.1655,7.68520329092167,0.707846045994942,0.96915901495086,4,1.23458760309962,11.7293801476575,0.500908731995294,3.98166990953351,0.130463555252277,0.432314717706341,0.119155090083842,8.12368438979953
"NTS",0.1675,7.77807583824398,0.706091878196458,0.966757267360044,4,1.23458964320672,11.7294821523379,0.500915743014242,3.98165522841123,0.13047900603103,0.432263176895839,0.119115649439148,8.12383102667689
"NTS",0.1695,7.8709483855663,0.704339720770936,0.964358272304317,4,1.23458512096306,11.7292560483643,0.500894367184315,3.98176995205574,0.130493566127717,0.432222545775167,0.119087693446028,8.12350055120764
"NTS",0.1715,7.96382093288862,0.702588212533746,0.961960166095434,4,1.23458503427966,11.7292517122746,0.500892074050076,3.98179777753963,0.130508978391116,0.432175705707316,0.11905324152277,8.12349037401986
"NTS",0.1795,8.33531112217788,0.695598623672684,0.952390255952083,4,1.2345926208913,11.7296310442245,0.500919626078513,3.98171901143098,0.130566396500551,0.431984254502473,0.118908824464126,8.12405628619767
"NTS",0.1815,8.4281836695002,0.693854453394897,0.95000219663058,4,1.23459632434918,11.7298162173151,0.500931117516383,3.98171084926623,0.130580158006244,0.431943399128421,0.118875215989624,8.12427930352355
"NTS",0.1835,8.52105621682252,0.69211112627103,0.947615291727087,4,1.23459652172516,11.7298260942823,0.500933221142204,3.98168498631922,0.130594941396395,0.431895035846631,0.118839845586049,8.12433521895727
"NTS",0.1855,8.61392876414483,0.690369827506056,0.945231163984414,4,1.2345942953279,11.7297147661601,0.500928875809601,3.98164949990557,0.130607755606409,0.431844008825456,0.118805437544292,8.12427482880584
"NTS",0.1895,8.79967385878946,0.68688990205688,0.940466567022252,4,1.2345956067565,11.7297803382411,0.500932812897547,3.98164682037402,0.130632831339849,0.431761491068342,0.118745503816535,8.12438476013777
"NTS",0.1915,8.89254640611178,0.685151174301934,0.938085959420098,4,1.23458225040712,11.7291125260128,0.500863829500804,3.98207656819867,0.130641753171802,0.431766716830254,0.118752252160793,8.12326448891986
"NTS",0.1935,8.9854189534341,0.683414396621038,0.935708021793787,4,1.2345938203701,11.7296910332843,0.500914929446189,3.98183054337499,0.130655292127608,0.431706845292555,0.118703374368926,8.12414062769732
"NTS",0.1955,9.07829150075641,0.681678216667301,0.933330902555414,4,1.23458817323513,11.7294086618292,0.50089187859214,3.98192154650134,0.130665667455674,0.431674702890644,0.118682479938024,8.12376996801287
"NTS",0.1995,9.26403659540104,0.678208865125235,0.928580783031471,4,1.23459588195943,11.7297940978226,0.500913194597446,3.98194203068567,0.130690352768189,0.431611790372899,0.118628991857926,8.1241861364734
"NTS",0.2535,11.7715953731036,0.631673798762946,0.864866534245979,4,1.23457754062195,11.7288770291918,0.50080142823165,3.98275270780255,0.130928159105542,0.430918191682528,0.118126763857801,8.12275385022173
"NTS",0.2635,12.2359581097152,0.623102416994595,0.853130886419187,4,1.234558218936,11.7279111843367,0.500705458180311,3.9833181665955,0.130956702981262,0.430863917116703,0.118096715084181,8.12121558132818
"NTS",0.2655,12.3288306570375,0.621389886614205,0.850786147381761,4,1.23455050947008,11.7275254687815,0.500681644969137,3.98332298664562,0.130965961918381,0.430833677714738,0.118075604405039,8.12081360243874
"NTS",0.2675,12.4217032043598,0.61967734872797,0.848441398067584,4,1.23455060242433,11.7275301086652,0.500678944940394,3.98336881392615,0.130970351409308,0.43081989143257,0.118067084826312,8.12078256247228
"NTS",0.2695,12.5145757516821,0.617965209644492,0.846097194780738,4,1.23455179190042,11.7275896038401,0.500672891385605,3.98351216066165,0.130974578293344,0.430824285234412,0.118064119117556,8.1207087012234
"NTS",0.2715,12.6074482990044,0.61625347489088,0.843753545088754,4,1.23454802689539,11.7274013492831,0.500661616529661,3.98351485186641,0.130979671125036,0.430798951591498,0.118052524908715,8.12051903674707
"NTS",0.2735,12.7003208463267,0.614542084897682,0.841410367431142,4,1.23453811832495,11.7269059128519,0.500608948738132,3.98385458331192,0.130984855893584,0.430813668979204,0.118065790752691,8.11966057077752
"NTS",0.2755,12.7931933936491,0.612831164828849,0.839067833178176,4,1.23454063004583,11.7270314874343,0.500639122420388,3.98351565680462,0.130993054328058,0.430750289415314,0.118019964810463,8.12014745244958
"NTS",0.2775,12.8860659409714,0.611120562887203,0.836725734494262,4,1.23453874978226,11.7269374707337,0.500622741374585,3.98367295818072,0.131000190866611,0.430747372812856,0.118021342052963,8.1198955444705
"NTS",0.2795,12.9789384882937,0.609410324049431,0.834384132959967,4,1.23453752991312,11.7268764965046,0.500606913666714,3.98384822572652,0.131006951859086,0.430753367352603,0.118017750035769,8.11965943116654
"NTS",0.2815,13.071811035616,0.607700449149931,0.832043029717723,4,1.23453266001665,11.7266329910366,0.500590593055256,3.98388242079474,0.131007205383069,0.430738334501216,0.118009570989476,8.11938223628074
"NTS",0.2835,13.1646835829383,0.605990938187569,0.829702424765976,4,1.23453490476723,11.7267452917812,0.500593010453378,3.98393598270934,0.131019608270297,0.4307257757173,0.117996377184901,8.11944824215067
"NTS",0.2855,13.2575561302606,0.604281740725692,0.827362249048555,4,1.23452872197714,11.726436107976,0.500564322237968,3.98409347131431,0.13101940861336,0.430726252249267,0.117999053081535,8.11897544805931
"NTS",0.2875,13.350428677583,0.602572909135769,0.825022574270718,4,1.23453013961269,11.7265069772704,0.50056608622713,3.9841287102955,0.131024735377742,0.430712421549611,0.11799161433656,8.11902181297794
"NTS",0.2895,13.4433012249053,0.600864410646616,0.822683355563258,4,1.23452303721579,11.7261518467566,0.500556130419382,3.98396513655402,0.1310273441363,0.430662220991691,0.117966202147941,8.11882739159432
"NTS",0.2915,13.5361737722276,0.599156182687658,0.820344507256649,4,1.23451874501278,11.7259372981241,0.50051938888694,3.98431814683901,0.131031383766646,0.430696354829514,0.117977988409536,8.11824953241354
"NTS",0.2935,13.6290463195499,0.597448323937176,0.818006164457875,4,1.23452050973413,11.7260254711283,0.500522171871646,3.98434828680939,0.13104210411688,0.430679910649887,0.117967388774417,8.11831493883008
"NTS",0.2955,13.7219188668722,0.595740758754557,0.815668223602354,4,1.23451744600566,11.7258722919922,0.500509404990718,3.98440620621446,0.131043857730477,0.430667497739619,0.117963373446588,8.11810532923431
"NTS",0.2975,13.8147914141945,0.59403349128405,0.813330690364249,4,1.23451471611159,11.7257358091454,0.500492890234325,3.98452554196611,0.131051564662635,0.430662433769528,0.117958820721429,8.1178455308218
"NTS",0.2995,13.9076639615169,0.592326517019566,0.810993558573976,4,1.23450471653025,11.7252358542221,0.500461938917725,3.98453352080348,0.13105873437276,0.430631088683754,0.117944119813808,8.11731894389008
"NTS",0.3015,14.0005365088392,0.590619854960794,0.808656854245271,4,1.23450757239186,11.7253786238104,0.500463768766764,3.98464166867494,0.131057772757384,0.430641861356355,0.117944026010603,8.11737025883304
"NTS",0.3035,14.0934090561615,0.588913473097784,0.806320533551185,4,1.23450388894786,11.7251944505958,0.500450235603633,3.98467662216381,0.131063753164557,0.430624320477769,0.117934796069504,8.11714798911992
"NTS",0.3055,14.1862816034838,0.587207365632029,0.803984588552599,4,1.23450190900103,11.7250954332254,0.500437092122072,3.9847869084767,0.131065672288702,0.430616854431533,0.117939560127561,8.11694027841762
"NTS",0.3075,14.2791541508061,0.5855015218249,0.801649004546541,4,1.2344915398012,11.7245770261747,0.500403615637233,3.98481174805069,0.131077007462596,0.43058890190292,0.1179205196088,8.11637334948242
"NTS",0.3095,14.3720266981284,0.583795963637114,0.799313811600886,4,1.23449384054168,11.7246920508978,0.500397854917756,3.98499872586003,0.131079848685941,0.430606696663246,0.117924534363855,8.11631073886214
"NTS",0.3115,14.4648992454508,0.582090677777626,0.796978991517986,4,1.23448669164362,11.7243346020137,0.500382024930101,3.98492319888768,0.131081122415332,0.430572147272194,0.11790961947514,8.11602324644808
"NTS",0.3135,14.5577717927731,0.580385625420964,0.794644491139306,4,1.23448734249198,11.7243671336302,0.500364034073132,3.98521240761015,0.131087343712437,0.430600198264912,0.117919815478534,8.11576637088663
"NTS",0.3155,14.6506443400954,0.578680443513536,0.792309813384071,4,1.23447591364943,11.7237954688452,0.500342298826264,3.98503673793574,0.131087729095568,0.430545578239536,0.117898480725705,8.11535775876229
"NTS",0.3175,14.7435168874177,0.576976309434363,0.789976570280066,4,1.23447446979537,11.7237235647596,0.50032156092819,3.98527859550619,0.131091340052365,0.430561981281576,0.117910531391811,8.11504173641854
"NTS",0.3195,14.83638943474,0.575271983696085,0.787643064762855,4,1.23446300429657,11.7231501890853,0.500277118947665,3.98543073717953,0.13109622247835,0.43055416646286,0.117911052194492,8.11429129153004
"NTS",0.3215,14.9292619820623,0.573567967225499,0.785309982684573,4,1.23447002892015,11.7235014162812,0.500286357518668,3.98560648450203,0.131097536772452,0.430578828924602,0.117915316794765,8.11448790287886
"NTS",0.3235,15.0221345293847,0.571864221505482,0.782977271308871,4,1.23445995120916,11.7229975303657,0.500291231282452,3.98508579508266,0.131104357043075,0.430474063261448,0.117858538049067,8.11449848422026
"NTS",0.3255,15.115007076707,0.570160517399402,0.780644616909573,4,1.23445394814176,11.7226974227617,0.500212113697981,3.98598655523826,0.131108169739392,0.430580724998809,0.117922655211661,8.11326636962968
"NTS",0.3275,15.2078796240293,0.568457220726411,0.778312520353965,4,1.23445433681589,11.7227168528033,0.500221377085694,3.98587856473121,0.131102018748151,0.430562420441185,0.117907548806812,8.11341198791928
"NTS",0.3295,15.3007521713516,0.566753959191977,0.775980471908889,4,1.23442646453429,11.7213232214398,0.500121543195839,3.98611707144649,0.131109500795445,0.430534424080784,0.117919335576573,8.11171023496686
"NTS",0.3315,15.3936247186739,0.565050969374595,0.773648795489668,4,1.23440500712409,11.7202503641593,0.50006404938128,3.98602778914898,0.131106787968867,0.430486122014354,0.117899653092452,8.11068839160578
"NTS",0.3335,15.4864972659962,0.563348459491476,0.771317776180309,4,1.23444079831306,11.7220399331715,0.500143555383831,3.98642110856724,0.13111923422734,0.430574238479674,0.117921217948223,8.11216071241027
"NTS",0.3355,15.5793698133186,0.561646013904562,0.768986844903153,4,1.2344391842731,11.7219592169894,0.500139464975667,3.98641876578179,0.131119565808768,0.430565479700125,0.117911400878888,8.11208799056204
"NTS",0.3375,15.6722423606409,0.559943729561245,0.76665613439531,4,1.23443056913136,11.7215284654035,0.500107361795919,3.98651132801234,0.131120490217319,0.430551962073063,0.117913443428877,8.11154964156883
"NTS",0.3395,15.7651149079632,0.558241654622336,0.764325710596945,4,1.23442633016901,11.7213165359319,0.500081085920903,3.98670096089806,0.131133084778905,0.430560140928785,0.117908178716886,8.11113235943488
"NTS",0.3415,15.8579874552855,0.556539785240855,0.7619955682409,4,1.23442061329817,11.7210306943315,0.500056434370471,3.98681791515543,0.131132139977714,0.430552304718704,0.117916820963308,8.11072190076493
"NTS",0.3435,15.9508600026078,0.554838082903377,0.75966565459589,4,1.23441632687922,11.720816332769,0.500021860038411,3.98712209720416,0.131146654609163,0.430563645623643,0.117930516989793,8.11018248549281
"NTS",0.3455,16.0437325499301,0.553136867607377,0.757336407791703,4,1.23444591323215,11.7222956356565,0.500134584457622,3.98676759976665,0.131145894630008,0.430552452529205,0.117890016069212,8.11210583979919
"NTS",0.3475,16.1366050972524,0.551435371045948,0.755006775888343,4,1.23441284214999,11.7206421588388,0.49999959101826,3.98730781363431,0.131143722368986,0.430582023674468,0.117922302714889,8.10982939740694
"NTS",0.3515,16.3223501918971,0.548033307951343,0.750348785445048,4,1.23439156093493,11.7195780819035,0.49992206223086,3.98753880491858,0.131132888252501,0.430564466689095,0.117942820254595,8.10850212044143
"NTS",0.3535,16.4152227392194,0.546332647377133,0.748020298147292,4,1.2344102330246,11.7205116559492,0.499956351528039,3.9878552806591,0.131136443489283,0.430631921084377,0.117955393925438,8.10916169441319
"NTS",0.3555,16.5080952865417,0.544631884734004,0.7456916711002,4,1.23437859323049,11.7189296907617,0.499830273791007,3.9883085391771,0.131146787328457,0.43063915692802,0.117972490454376,8.10703850605995
"NTS",0.3575,16.600967833864,0.542931430564952,0.743363466405448,4,1.23436322034639,11.7181610380473,0.499770562961365,3.98851236503367,0.131149827933565,0.430628201194012,0.117985475617047,8.10602906277279
"NTS",0.3595,16.6938403811863,0.541231136756449,0.74103548127097,4,1.23437311053576,11.7186555075536,0.4997567249208,3.98916049208182,0.131145469527795,0.430729926488494,0.118036037029667,8.10589367257734
"NTS",0.3615,16.7867129285087,0.539531216012288,0.738708006923648,4,1.23436013147401,11.7180065913833,0.499739530904608,3.98883683366628,0.131152756650614,0.43065327928192,0.117995507330679,8.10554808543885
"NTS",0.3635,16.879585475831,0.537831406383192,0.736380684711341,4,1.23435006270822,11.717503118443,0.499722482813632,3.98865677324359,0.131144925509365,0.43061692340534,0.117971770364224,8.10521896976262
"NTS",0.3655,16.9724580231533,0.536132010796508,0.734053929391986,4,1.23438911263654,11.7194555040293,0.499841530082848,3.98858672987205,0.13117479828082,0.430624904080678,0.117952003357095,8.10732223000532
"NTS",0.3675,17.0653305704756,0.534432242569158,0.731726663865557,4,1.23434283763663,11.7171417939424,0.499690859997806,3.98877662368335,0.131171815846755,0.430569547536,0.117966595245676,8.10471129218473
"NTS",0.3695,17.1582031177979,0.532732516449657,0.72939945599178,4,1.23433567874498,11.7167837718284,0.499596372026719,3.98988093287126,0.1311524122971,0.430735559762098,0.118053153206864,8.10322583420569
"NTS",0.3715,17.2510756651202,0.531033475776241,0.727073186607742,4,1.23433569725755,11.7167849023017,0.499612704177272,3.98963612137893,0.131161954888054,0.430687192307237,0.118021819512871,8.10347914381923
"NTS",0.3755,17.4368207597649,0.527635225067562,0.722420415955121,4,1.23429713290556,11.714856615992,0.499464039821264,3.99012944172174,0.131163117389646,0.430688547086445,0.118040451580499,8.10096475604101
"NTS",0.3795,17.6225658544095,0.52423735224205,0.717768162687431,4,1.23429242763255,11.7146218639259,0.499413203223763,3.990671311648,0.131167248422327,0.430742546918547,0.118070713509129,8.100174554134
"NTS",0.3855,17.9011834963765,0.519142793453449,0.710792864025941,4,1.23427229805245,11.713614939312,0.499336003071253,3.99093825801146,0.131167777474612,0.430728392751099,0.118077131766192,8.09886677428323
"NTS",0.3875,17.9940560436988,0.517444587335194,0.708467737286781,4,1.2342679787504,11.7133988624435,0.499286793468914,3.99147319116099,0.131164971355103,0.43079118714547,0.118113997643824,8.0980990445682
"NTS",0.3895,18.0869285910211,0.515746593315299,0.706142900945566,4,1.23425765679427,11.7128828861504,0.499238633911645,3.99172410192698,0.131175013875093,0.430797169753709,0.118126855496432,8.0973010775124
"NTS",0.4115,19.1085266115666,0.497077156993436,0.680581336227136,4,1.23418024291277,11.7090122232755,0.498823708511549,3.99447495299613,0.131162044245103,0.431021510033801,0.118289844991887,8.09050229893463
"NTS",0.4295,19.9443795374674,0.481811159687087,0.659679645816663,4,1.23405955920592,11.702977516995,0.498228036016377,3.99795306400439,0.131164884111438,0.431301850739459,0.118501875743611,8.08065731678337
"NTS",0.4415,20.5016148214013,0.471636091978433,0.645748285101472,4,1.23379105169187,11.6895521079791,0.497401888302157,3.99828461894238,0.131179710454193,0.430863146545945,0.118518515703043,8.06626591781473
"NTS",0.4475,20.7802324633683,0.466553334952505,0.638789145016767,4,1.2339670863512,11.698354720249,0.497767905031113,4.00069045317421,0.131158474911172,0.431505599025199,0.118698265500141,8.07305850971497
"NTS",0.4555,21.1517226526575,0.459772569707652,0.629505149150014,4,1.23386103398198,11.6930517148675,0.49722964810239,4.00394875191206,0.131154686341107,0.431778155548595,0.118954169395965,8.06417731892468
"NTS",0.4655,21.6160853892691,0.451303459151252,0.617909527629216,4,1.23381006169425,11.690502744587,0.49720495510603,4.00209825689562,0.131145262798729,0.431463699193441,0.118746654833361,8.06343812475917
"NTS",0.4715,21.8947030312361,0.446218970541368,0.610948016717959,4,1.23368813052927,11.684406942939,0.49669287092597,4.00426772529388,0.131161175708991,0.431557577740165,0.11891236101554,8.05482642120425
"NTS",0.4795,22.2661932205253,0.439453642912732,0.601685157516461,4,1.23396923314852,11.6984615814993,0.497907942511682,3.99863570241145,0.131262206665857,0.430941706416041,0.118515740047693,8.07527765739552
"NTS",0.5255,24.4022618089386,0.400514044648744,0.548370368361902,4,1.23367825891953,11.683913265226,0.496184739898431,4.01134425527461,0.131169622632467,0.432421317209944,0.119408876847278,8.04715719874607
"ADPS",0.0041,0.989892264546357,0.854853401796417,1.17043654548906,4,1.24309130250495,12.1545651381432,0.551783092190851,3.59586040775191,0.133215479655551,0.41158587025876,0.111270235867065,8.94310232106137
"ADPS",0.00407257525083612,0.983270911606248,0.85486469000482,1.1704520009246,4,1.24309433551107,12.1547167677807,0.551790722418901,3.59589684576217,0.13318347270512,0.411599470467644,0.111262236941638,8.94324265343047
"ADPS",0.00405886287625418,0.979960235136193,0.854870230253396,1.17045958644673,4,1.24309586619292,12.154793323797,0.551794591522343,3.5959150115331,0.133167296703948,0.411606304295752,0.111258168650868,8.94331377680444
"ADPS",0.00404515050167224,0.976649558666138,0.854875699927726,1.17046707534099,4,1.24309741696502,12.1548708569539,0.551798512368551,3.59593335729131,0.133150997634271,0.411613188160498,0.111254081511806,8.9433858341555
"ADPS",0.0040314381270903,0.973338882196084,0.854881098755065,1.17047446723392,4,1.24309898407621,12.1549492020208,0.551802477336476,3.59595185367299,0.133134578950172,0.411620122909391,0.111249959821556,8.94345867610355
"ADPS",0.00401772575250836,0.970028205726029,0.854886424020109,1.17048175840783,4,1.24310056040977,12.1550280186818,0.551806482094679,3.59597023724895,0.133118050569692,0.411627065212832,0.111245788510682,8.94353220496476
"ADPS",0.00400401337792642,0.966717529255974,0.854891676883985,1.1704889504525,4,1.24310214473071,12.1551072237261,0.551810527825792,3.59598845473754,0.133101380998451,0.411634031496217,0.111241556835799,8.94360642085169
"ADPS",0.00399030100334448,0.96340685278592,0.854896853313231,1.17049603784544,4,1.24310374342929,12.1551871677954,0.551814605711852,3.59600688393913,0.133084626277836,0.411641011068281,0.111237298886892,8.9436812489764
"ADPS",0.00397658862876254,0.960096176315865,0.854901954713795,1.17050302251163,4,1.24310536723827,12.1552683791041,0.551818754640593,3.59602551340972,0.133067691967251,0.4116481061143,0.111233018631804,8.94375735102032
"ADPS",0.0039628762541806,0.95678549984581,0.854906979460177,1.17050990222549,4,1.24310699936268,12.1553499753933,0.551822931818046,3.59604411915188,0.133050669487756,0.41165518470826,0.111228686840477,8.94383393394796
"ADPS",0.00394916387959866,0.953474823375756,0.854911925311094,1.17051667391833,4,1.24310853759047,12.155426878946,0.551826711774576,3.59606452640546,0.133033506076102,0.41166246871606,0.111224455828814,8.94390385075297
"ADPS",0.00393545150501672,0.950164146905701,0.85491679224154,1.17052333755592,4,1.24311018180207,12.1555090900309,0.551830936990001,3.59608314496128,0.133016215003907,0.411669601931183,0.11122005354578,8.94398126709924
"ADPS",0.00392173913043478,0.946853470435646,0.854921579300457,1.17052989183609,4,1.24311197203215,12.1555985976868,0.551835735432154,3.59609980588424,0.132998788578236,0.411676612527569,0.11121543646331,8.94406845549009
"ADPS",0.00390802675585284,0.943542793965591,0.854926283811258,1.17053633309416,4,1.24311353194739,12.1556765696557,0.551839554761047,3.59612081304088,0.132981239850248,0.411684047365042,0.111211108620417,8.94413916231295
"ADPS",0.0038943143812709,0.940232117495537,0.854930905282882,1.17054266065777,4,1.24311525671883,12.1557628359199,0.551844010542862,3.59613983086553,0.132963555926183,0.411691344879905,0.111206581186252,8.94422072177907
"ADPS",0.00388060200668896,0.936921441025482,0.854935443006415,1.17054887355632,4,1.24311701241325,12.1558506119851,0.551848631011082,3.59615785198346,0.132945734629183,0.411698561883252,0.111201938419711,8.94430498823919
"ADPS",0.00386688963210702,0.933610764555427,0.85493989513799,1.17055496926523,4,1.24311867282826,12.1559336432129,0.551852882756685,3.59617717247078,0.132927803518933,0.411705878967462,0.111197353217613,8.94438301060392
"ADPS",0.00385317725752508,0.930300088085373,0.854944260607247,1.17056094631901,4,1.24312041180369,12.1560205903998,0.551857403381059,3.59619611181756,0.132909699301307,0.41171324697237,0.111192687771725,8.94446568015779
"ADPS",0.00383946488294314,0.926989411615318,0.854948538202187,1.17056680305823,4,1.24312224955411,12.1561124848648,0.551862255561324,3.59621461535777,0.132891451256124,0.41172065142858,0.111187927367538,8.94455410163419
"ADPS",0.0038257525083612,0.923678735145263,0.854952725893786,1.17057253670482,4,1.24312402547728,12.1562012753937,0.551866908142866,3.59623340911579,0.132873072646442,0.411728068889332,0.111183146453277,8.94463905955672
"ADPS",0.00381204013377926,0.920368058675209,0.854956823617042,1.17057814716977,4,1.24312582380405,12.1562911836691,0.551871623620137,3.59625235122377,0.13285454447463,0.411735538495465,0.111178336490457,8.94472515032306
"ADPS",0.00377090301003345,0.910436029265044,0.85496855537899,1.17059420990392,4,1.24313124629955,12.1565623067238,0.551885826784127,3.59631008802253,0.132798129527751,0.411758183465674,0.111163652433014,8.94498457557371
"ADPS",0.00363377926421405,0.877329264564497,0.855001044774378,1.17063869329209,4,1.2431506206316,12.1575310349243,0.551937567416437,3.59650120616512,0.13260068966558,0.411835703498496,0.111111372438822,8.94592621117337
"ADPS",0.00352408026755853,0.85084385280406,0.855019136856915,1.17066346436341,4,1.24316770736148,12.1583853742555,0.551984127206465,3.59665652157836,0.132429222093131,0.41190102570261,0.111065042564721,8.94677057853483
"ADPS",0.00351036789297659,0.847533176334005,0.855020827020947,1.1706657784792,4,1.24316990641848,12.1584953209553,0.551990169751505,3.59667591860472,0.132407069242802,0.411909300847561,0.111059013478774,8.94688002610712
"ADPS",0.00349665551839465,0.84422249986395,0.855022386154961,1.17066791319309,4,1.24317218815965,12.1586094017778,0.551996496622385,3.59669491886815,0.132384706606586,0.411917644183104,0.111052853236755,8.94699439378235
"ADPS",0.00348294314381271,0.840911823393895,0.855023811541891,1.17066986478496,4,1.24317445416261,12.1587226988565,0.552002761229385,3.59671426222397,0.132362167372279,0.411926020841856,0.111046670422206,8.94710772089934
"ADPS",0.00346923076923077,0.837601146923841,0.855025101146175,1.1706716304678,4,1.2431767314626,12.1588365763278,0.552009035023314,3.59673411335776,0.132339428220933,0.411934499229084,0.111040453646912,8.94722129647146
"ADPS",0.00345551839464883,0.834290470453786,0.855026253093256,1.17067320767503,4,1.24317905390787,12.1589526802431,0.552015519495835,3.5967529403982,0.132316496569447,0.411942891582501,0.111034099228051,8.94733840711418
"ADPS",0.00344180602006689,0.830979793983731,0.8550272643567,1.17067459226295,4,1.2431813655662,12.1590682756643,0.552021920261994,3.5967726998703,0.132293354364502,0.411951433320404,0.111027741284964,8.94745419901108
"ADPS",0.00342809364548495,0.827669117513677,0.855028132946777,1.17067578150729,4,1.24318375140031,12.1591875733748,0.552028602497749,3.5967917133787,0.132270011289375,0.411959950744188,0.111021253594565,8.94757480091099
"ADPS",0.00341438127090301,0.824358441043622,0.855028856314229,1.17067677191769,4,1.24318613756402,12.1593068745238,0.552035268347176,3.59681111887767,0.132246453811091,0.411968558332267,0.111014721605702,8.94769517776414
"ADPS",0.00340066889632107,0.821047764573567,0.855029431847221,1.17067755991812,4,1.24318853941152,12.1594269725114,0.552041980167652,3.5968306649684,0.132222707451903,0.411977192716319,0.111008129548217,8.9478163912834
"ADPS",0.00337324414715719,0.814426411633458,0.855030129779592,1.17067851550366,4,1.24319344938608,12.1596724149679,0.552055805271362,3.59686893466414,0.132174546418653,0.411994537706013,0.110994659865297,8.94806571071022
"ADPS",0.00335953177257525,0.811115735163403,0.855030246136858,1.17067867481612,4,1.24319593687563,12.1597968182478,0.552062818395233,3.59688829660633,0.132150135915865,0.412003302416308,0.110987827283202,8.94819216866742
"ADPS",0.00333210702341137,0.804494382223294,0.855030021410439,1.17067836712826,4,1.24320079024887,12.1600395100454,0.552076538829993,3.59692557464935,0.132102491665545,0.412020286254448,0.110974450091208,8.9484394829386
"ADPS",0.00331839464882943,0.801183705753239,0.855029666418617,1.17067788108539,4,1.24320336614599,12.1601683035524,0.552083854139887,3.59694479815999,0.132077434686726,0.412029167237711,0.110967378643216,8.94857121183785
"ADPS",0.00330468227424749,0.797873029283184,0.855029144467089,1.1706771664469,4,1.24320597566854,12.1602987831088,0.552091291998019,3.59696385732192,0.132052138669529,0.41203807442327,0.110960212558506,8.94870507337827
"ADPS",0.00329096989966555,0.79456235281313,0.85502845284862,1.17067621950614,4,1.24320860478341,12.1604302334436,0.552098794297536,3.59698297561018,0.132026613041377,0.412047043759125,0.110952962511418,8.9488400776434
"ADPS",0.00327725752508361,0.791251676343075,0.855027588254966,1.17067503573357,4,1.24321125183711,12.1605626139081,0.552106355361664,3.59700218959575,0.132000863920187,0.412056034972801,0.110945652473653,8.94897614065626
"ADPS",0.00326354515050167,0.78794099987302,0.855026547889506,1.17067361130015,4,1.24321393858028,12.1606969289113,0.552114049592174,3.59702136420567,0.131974853112287,0.412065103376645,0.110938246419163,8.94911449075731
"ADPS",0.00324983277591973,0.784630323402966,0.85502532808721,1.17067194118784,4,1.2432166724408,12.1608336235869,0.552121924987154,3.5970400884067,0.131948614680953,0.412074154170996,0.110930722839419,8.94925598131186
"ADPS",0.00323612040133779,0.781319646932911,0.855023925967447,1.17067002145259,4,1.24321942085813,12.1609710392382,0.552129839365421,3.59705905851427,0.131922118857056,0.412083285550102,0.110923132166532,8.94939819066856
"ADPS",0.00322240802675585,0.778008970462856,0.855022337933851,1.17066784717036,4,1.24322218211606,12.1611091097538,0.552137786143175,3.59707830887384,0.131895378134893,0.412092487343121,0.110915472060934,8.94954099826806
"ADPS",0.00319498327759197,0.771387617522747,0.855018590804662,1.17066271672702,4,1.24322784000702,12.1613919982568,0.552154177549179,3.59711594045008,0.131841131199889,0.412110940544646,0.110899829879434,8.94983521596479
"ADPS",0.00318127090301003,0.768076941052692,0.855016424539414,1.17065975074945,4,1.24323071356148,12.1615356720934,0.552162523889985,3.59713476882077,0.131813615450629,0.412120242383801,0.110891869465972,8.94998497628614
"ADPS",0.00316755852842809,0.764766264582637,0.855014058184278,1.17065651081554,4,1.24323364527342,12.1616822635138,0.552171098878783,3.59715299571582,0.131785830534713,0.412129547914326,0.110883766223751,8.95013863807044
"ADPS",0.00314013377926421,0.758144911642528,0.85500871049732,1.17064918894229,4,1.2432395783729,12.1619789187153,0.552188452818127,3.59719005699896,0.13172945104629,0.412148352485042,0.110867327990586,8.95044965389023
"ADPS",0.00311270903010033,0.751523558702418,0.855002516629928,1.17064070850724,4,1.2432456333688,12.1622816645802,0.552206233181535,3.59722699577293,0.131671973925237,0.412167326734346,0.110850492631189,8.95076809509034
"ADPS",0.00308528428093646,0.744902205762309,0.854995443779299,1.17063102459788,4,1.24325184467881,12.162592233202,0.552224566458766,3.59726347661082,0.131613346099139,0.412186469557729,0.110833219913392,8.95109617828638
"ADPS",0.00307157190635452,0.741591529292254,0.854991567225256,1.17062571695038,4,1.24325500478694,12.1627502394405,0.552233926063949,3.597281585732,0.13158359115535,0.412196106046868,0.110824419923357,8.95126358082853
"ADPS",0.00305785953177258,0.7382808528222,0.854987458166987,1.17062009096591,4,1.2432582038314,12.1629101754499,0.552243413645291,3.59729973821812,0.13155353606308,0.412205805954607,0.110815516348582,8.95143321660745
"ADPS",0.00304414715719064,0.734970176352145,0.854983111591622,1.17061413978101,4,1.24326144448904,12.1630722260698,0.552253061616686,3.59731758090905,0.131523184913721,0.412215515578845,0.110806483742185,8.95160563598484
"ADPS",0.0030304347826087,0.73165949988209,0.854978523147072,1.17060785743695,4,1.24326472381273,12.1632361909233,0.552262840303501,3.5973354164574,0.13149252018365,0.412225283638622,0.110797341563842,8.95178033697828
"ADPS",0.00301672240802676,0.728348823412035,0.854973688383197,1.17060123784075,4,1.24326804355903,12.163402179918,0.552272762725808,3.59735313859973,0.13146154268769,0.41223509491039,0.110788080751884,8.95195754380994
"ADPS",0.00300301003344482,0.725038146941981,0.854968601883112,1.1705942735758,4,1.24327140409312,12.1635702054806,0.552282834296317,3.59737068544298,0.131430241492088,0.412244941969933,0.110778695727747,8.95213734293559
"ADPS",0.00298929765886288,0.721727470471926,0.854963258962676,1.17058695822872,4,1.24327478708408,12.1637393544554,0.552292968653168,3.59738854505071,0.131398614507999,0.412254887702083,0.110769213347788,8.95231827622563
"ADPS",0.00297558528428094,0.718416794001871,0.854957654569613,1.1705792848821,4,1.24327823412117,12.1639117059901,0.552303337267701,3.59740602140713,0.13136665381366,0.412264849541161,0.110759601903434,8.95250324941478
"ADPS",0.002961872909699,0.715106117531817,0.854951783026852,1.1705712457631,4,1.24328172001996,12.1640860025794,0.552313856999446,3.59742318668179,0.131334386504953,0.41227481517109,0.110749840859343,8.95269083419697
"ADPS",0.00294816053511706,0.711795441061762,0.85494563934058,1.17056283403435,4,1.24328525989716,12.1642629958905,0.552324545201879,3.59744052590962,0.131301745198663,0.412284890150029,0.110739970749918,8.9528814044347
"ADPS",0.00293444816053512,0.708484764591707,0.854939217939041,1.17055404206719,4,1.2432888990157,12.1644449438826,0.552335653249265,3.59745627616473,0.131268785588938,0.412294843061193,0.11072985677118,8.95307906923177
"ADPS",0.00292073578595318,0.705174088121652,0.854932513056683,1.17054486196763,4,1.24329252670683,12.1646263176544,0.552346679345258,3.5974729749625,0.131235474966278,0.41230493745257,0.11071969438062,8.95327545787592
"ADPS",0.00290702341137124,0.701863411651598,0.854925518666081,1.1705352854831,4,1.24329613345991,12.164806671371,0.552357567801305,3.59749107586619,0.131201803630251,0.412315225817449,0.11070951849684,8.95346964729305
"ADPS",0.0028933110367893,0.698552735181543,0.854918229296077,1.17052530512269,4,1.24329992764573,12.1649963794966,0.552369258235847,3.59750586849146,0.131167769304241,0.412325265023173,0.110698956772858,8.95367736257576
"ADPS",0.00287959866220736,0.695242058711488,0.854910638481161,1.17051491203404,4,1.24330368730762,12.1651843598675,0.552380783055266,3.59752184094036,0.131133369563738,0.412335452438696,0.110688362991267,8.95388236621586
"ADPS",0.00286588628762542,0.691931382241434,0.854902740063477,1.17050409778602,4,1.2433075244806,12.1653762224254,0.552392542230359,3.59753804191256,0.131098594704519,0.412345752424172,0.110677645065845,8.95409153794832
"ADPS",0.00285217391304348,0.688620705771379,0.854894527067987,1.17049285282864,4,1.243311378062,12.1655689255527,0.552404397199598,3.59755386272947,0.131063447552771,0.412356040953979,0.110666771334273,8.95430229792453
"ADPS",0.00283846153846154,0.685310029301324,0.854885994179817,1.17048116988495,4,1.24331532940439,12.1657664708579,0.552416578912196,3.59756944583397,0.131027888162507,0.412366422000169,0.110655739529006,8.95451875121175
"ADPS",0.0028247491638796,0.68199935283127,0.854877133723642,1.17046903844616,4,1.24331928006943,12.1659640066147,0.552428790830173,3.59758481940618,0.130991969451467,0.412376766731791,0.110644562142518,8.95473571152277
"ADPS",0.00281103678929766,0.678688676361215,0.854867938737036,1.17045644897955,4,1.24332331282814,12.1661656417678,0.55244127946341,3.59760005907409,0.1309556304068,0.412387219459075,0.110633215718846,8.95495748341071
"ADPS",0.00278361204013378,0.672067323421106,0.854848516856278,1.1704298571932,4,1.24333154387908,12.1665771934469,0.55246686493752,3.59762975726492,0.130881737756263,0.412408203862392,0.110610043726093,8.95541157909093
"ADPS",0.00276989966555184,0.668756646951051,0.854838275068206,1.17041583448121,4,1.24333574483392,12.1667872406363,0.552479971746377,3.59764420444119,0.130844171608772,0.412418722541256,0.110598229148684,8.95564406243686
"ADPS",0.00274247491638796,0.662135294010941,0.854816690938061,1.17038628221567,4,1.24334432623287,12.1672163126498,0.552506840078402,3.59767232959404,0.130767742614172,0.412439915391671,0.110574048722155,8.95612038288619
"ADPS",0.00272876254180602,0.658824617540887,0.854805332371472,1.17037073044807,4,1.24334870475367,12.167435237753,0.552520586732017,3.59768616959334,0.130728859618705,0.412450594529411,0.110561706898956,8.95636396988784
"ADPS",0.00271505016722408,0.655513941070832,0.85479358555167,1.17035464709722,4,1.24335314487687,12.1676572340428,0.552534572180488,3.59769949077564,0.130689546038,0.412461267203871,0.110549168051901,8.95661168682117
"ADPS",0.00267391304347826,0.645581911660668,0.854755923842436,1.17030308195077,4,1.24336686110145,12.1683430539186,0.552577964838505,3.59773793880708,0.130568788127869,0.412493561250906,0.110510455576579,8.95737971349073
"ADPS",0.00266020066889632,0.642271235190613,0.854742534057805,1.17028474910769,4,1.24337156314131,12.1685781565256,0.552592916392637,3.59775001799165,0.130527583279122,0.412504385029909,0.110497153292075,8.95764414409332
"ADPS",0.00256421404682274,0.61909649990023,0.854636061764951,1.17013897082293,4,1.24340658969687,12.1703294866898,0.552705474248192,3.59782217428254,0.13022486532349,0.412580805567425,0.110398064006817,8.95963151520298
"ADPS",0.0025505016722408,0.615785823430176,0.854618902950594,1.17011547755103,4,1.24341191231903,12.1705956097138,0.552722752291319,3.59783052703286,0.130179462259435,0.41259180567739,0.110382994409439,8.95993610283227
"ADPS",0.00253678929765886,0.612475146960121,0.854601220093004,1.17009126677675,4,1.24341730449807,12.1708652270558,0.552740272431599,3.59783881630439,0.130133493620213,0.412602870950007,0.110367718265728,8.96024493161589
"ADPS",0.00252307692307692,0.609164470490066,0.854583004102577,1.17006632605492,4,1.24342278002956,12.171139023301,0.552758106904811,3.5978466064024,0.130086947480447,0.412613965943962,0.110352185034229,8.96055918615969
"ADPS",0.00250936454849498,0.605853794020011,0.854564240355195,1.17004063536266,4,1.24342834104625,12.1714170449714,0.552776266626265,3.5978537999227,0.130039802551343,0.412625053767337,0.110336422824249,8.9608790329496
"ADPS",0.00249565217391304,0.602543117549957,0.854544913757354,1.17001417403448,4,1.24343398614753,12.1716993077081,0.552794755005481,3.59786035496804,0.129992047073654,0.412636152550237,0.110320391887053,8.96120454357558
"ADPS",0.0024819397993311,0.599232441079902,0.854525013900044,1.1699869278187,4,1.24343972951073,12.1719864755439,0.552813584046121,3.59786668325355,0.129943695692687,0.412647307084884,0.110304110051371,8.96153597967148
"ADPS",0.00245451505016722,0.592611088139793,0.854483433615593,1.16992999749077,4,1.24345148891597,12.1725744460042,0.552852294195041,3.59787732892936,0.129845088026956,0.412669631982729,0.110270734189128,8.96221697285719
"ADPS",0.00242709030100334,0.585989735199683,0.854439380117479,1.16986968092183,4,1.24346373458523,12.1731867295139,0.55289291687009,3.59788328320196,0.129743865374701,0.412691807949407,0.110236076655505,8.96293070614634
"ADPS",0.0024133779264214,0.582679058729628,0.854416387022032,1.16983819954835,4,1.24346996773023,12.17349838704,0.55291362714656,3.5978860352458,0.129692239493547,0.412702973065509,0.110218373051789,8.96329453131934
"ADPS",0.00239966555183947,0.579368382259574,0.854392727850641,1.16980580620609,4,1.24347630623082,12.1738153102048,0.552934740234484,3.59788803828454,0.129639932177285,0.41271413425657,0.110200366885235,8.96366527881903
"ADPS",0.00235852842809365,0.56943635284941,0.854317581950285,1.16970291896503,4,1.24349593151604,12.174796577205,0.553000397139216,3.59789019143553,0.129478688203016,0.412747677019254,0.110144529389633,8.96481751286357
"ADPS",0.00234481605351171,0.566125676379355,0.85429108363748,1.16966663836577,4,1.24350270842478,12.1751354222778,0.553023183819718,3.59788912892783,0.129423482450367,0.412758812453451,0.110125245932264,8.96521711249794
"ADPS",0.00233110367892977,0.5628149999093,0.85426382855388,1.16962932162136,4,1.24350960332303,12.1754801662779,0.553046425654674,3.59788720275422,0.129367492001875,0.412769952860787,0.110105634804189,8.96562452544705
"ADPS",0.00231739130434783,0.559504323439245,0.854235797239809,1.16959094208829,4,1.2435166279445,12.175831397386,0.553070173717132,3.59788419348643,0.129310706491749,0.41278107109218,0.110085670221974,8.96604060603064
"ADPS",0.00228996655518395,0.552882970499136,0.85417732584063,1.1695108850138,4,1.24353112996923,12.1765564733242,0.553119394728758,3.59787451839059,0.129194773493695,0.41280317911856,0.11004456545052,8.96690247250441
"ADPS",0.00227625418060201,0.549572294029081,0.854146840328237,1.16946914527487,4,1.24353853815604,12.1769269111381,0.553144617146808,3.59786862810657,0.129135561252285,0.412814224967488,0.110023497264425,8.96734395163304
"ADPS",0.00224882943143813,0.542950941088972,0.854083250869809,1.16938208072568,4,1.24355376306524,12.1776881495916,0.553196640078024,3.59785365950868,0.129014547702271,0.412836237647112,0.109980191894676,8.96825400123118
"ADPS",0.00223511705685619,0.539640264618917,0.854050103026295,1.16933669581247,4,1.2435615383101,12.1780769159171,0.553223288601596,3.59784502681871,0.128952719832851,0.412847213863821,0.109957991341201,8.96872000672973
"ADPS",0.00222140468227425,0.536329588148863,0.854016023282041,1.16929003497208,4,1.24356950577995,12.1784752887841,0.553250662617901,3.5978348908771,0.128889997511445,0.412858148597619,0.109935343479224,8.969198488652
"ADPS",0.00220769230769231,0.533018911678808,0.853980977766884,1.16924205183063,4,1.24357761698149,12.1788808501602,0.553278604221504,3.59782351501819,0.128826330196154,0.41286902466606,0.109912272674424,8.96968669107862
"ADPS",0.00219397993311037,0.529708235208753,0.853944942618112,1.1691927137161,4,1.24358588147381,12.1792940719347,0.553307145410225,3.59781080963643,0.128761724615636,0.412879831518678,0.109888769149562,8.97018518931453
"ADPS",0.00216655518394649,0.523086882268644,0.853869797953906,1.16908982816754,4,1.24360299606765,12.1801497975781,0.55336653421907,3.59777956131221,0.128629606843569,0.412901107909069,0.109840245083948,8.97122169724373
"ADPS",0.00202943143812709,0.489980117568097,0.853424189046956,1.16847971542938,4,1.24369891643397,12.1849458199012,0.553704094863415,3.59753437956063,0.127904218421059,0.413002784293513,0.109567706032133,8.97710111716379
"ADPS",0.00201571906354515,0.486669441098042,0.85337235744861,1.16840874934703,4,1.2437097553496,12.1854877679954,0.553742757591473,3.59749794738216,0.127825131066574,0.413012166068574,0.109537188299048,8.97777310354198
"ADPS",0.00200200668896321,0.483358764627987,0.853319038794316,1.16833574723765,4,1.24372071601257,12.1860357968209,0.553781936303205,3.59746038118709,0.12774473354727,0.41302144635181,0.10950612097209,8.978453916693
"ADPS",0.00198829431438127,0.480048088157933,0.853264187014896,1.16826064602487,4,1.2437318758569,12.1865937932447,0.553821920401728,3.5974208553538,0.127662992952665,0.413030588479175,0.109474411837155,8.97914852169129
"ADPS",0.00197458193979933,0.476737411687878,0.853207752190593,1.16818337736025,4,1.24374330139718,12.1871650697391,0.553862943132358,3.59737887642458,0.127579881502758,0.41303953700803,0.109442029568738,8.9798609339918
"ADPS",0.00196086956521739,0.473426735217823,0.853149686377755,1.16810387560095,4,1.24375497947898,12.1877489754877,0.55390498031003,3.59733426673942,0.127495360460126,0.413048293302492,0.109408930458421,8.98059069228165
"ADPS",0.00165919732441472,0.40059185287662,0.851325598029935,1.16560639514406,4,1.24409600654693,12.204800326178,0.555169644451972,3.59542834297095,0.12519581152923,0.41315367365378,0.108450036220164,9.00244925522257
"ADPS",0.00164548494983278,0.397281176406565,0.851209865306007,1.16544793778832,4,1.24411650751199,12.20582536927,0.555247526624788,3.59528289494971,0.125066591585621,0.413152203652742,0.108392866118898,9.00379066448846
"ADPS",0.00163177257525084,0.39397049993651,0.851090372756682,1.16528433260602,4,1.24413769385291,12.2068846933745,0.555328290308599,3.59512749257916,0.124934744854474,0.413149655663251,0.108333936644301,9.00518097293951
"ADPS",0.0016180602006689,0.390659823466455,0.850966964668138,1.16511536639902,4,1.24415935606274,12.2079678018044,0.555410990369502,3.59496691954373,0.124800162441412,0.413146426941776,0.108273585813172,9.00660437061534
"ADPS",0.00160434782608696,0.387349146996401,0.85083948917534,1.16494083123883,4,1.24418163894871,12.20908194813,0.55549626524675,3.59479823604477,0.124662780664145,0.4131422449609,0.108211567839776,9.00807155740956
"ADPS",0.00159063545150502,0.384038470526346,0.85070778208466,1.16476050231704,4,1.24420456015085,12.2102280101275,0.555584183827212,3.59462124995983,0.124522522084116,0.413137066691021,0.108147837527915,9.00958373571906
"ADPS",0.00157692307692308,0.380727794056291,0.850571669078396,1.16457414096372,4,1.24422814540434,12.2114072713166,0.555674855774309,3.59443556732038,0.124379298769336,0.413130838897278,0.108082320131515,9.01114275397443
"ADPS",0.00156321070234114,0.377417117586237,0.850430968022862,1.16438149780755,4,1.24425241822856,12.2126209111652,0.555768383953949,3.59424080317926,0.124233025582683,0.413123493653627,0.108014952243001,9.01275033837892
"ADPS",0.0015494983277592,0.374106441116182,0.850285490380921,1.16418231470982,4,1.24427741926061,12.2138709632586,0.555864933813142,3.59403634620256,0.124083623042637,0.413114958564563,0.107945638644319,9.01440933804941
"ADPS",0.00153578595317726,0.370795764646127,0.850135037375355,1.16397631951143,4,1.24430315122,12.2151575629704,0.555964505084908,3.59382243996699,0.123931005618807,0.413105224597926,0.107874372145666,9.01611973633651
"ADPS",0.00152207357859532,0.367485088176073,0.84997939224128,1.1637632154252,4,1.24432971637609,12.2164858165343,0.556067475729526,3.59359808542099,0.123775053784532,0.413094239912863,0.107801011925874,9.01788805416685
"ADPS",0.00150836120401338,0.364174411706018,0.849818333156167,1.16354269873918,4,1.24435715670778,12.2178578391172,0.556174250569121,3.59335926128801,0.123615717999184,0.413081407220103,0.107725245344788,9.01972068846033
"ADPS",0.00146722408026756,0.354242382295854,0.849300276256546,1.16283339264449,4,1.24444435485801,12.2222177432068,0.556514808447811,3.592578702623,0.123116097256781,0.413034432937135,0.107484647712271,9.02556288081639
"ADPS",0.00145351170568562,0.350931705825799,0.849115094980922,1.16257984866599,4,1.24447529363933,12.2237646819221,0.556636158593202,3.59229234360742,0.122942029934179,0.41301533760344,0.107399491782673,9.02764330784084
"ADPS",0.00143979933110368,0.347621029355744,0.848923191619511,1.16231710103356,4,1.24450724771691,12.2253623852816,0.556761718703724,3.59199219344191,0.122764015645255,0.412994413776579,0.107311694727674,9.02979531794679
"ADPS",0.00142608695652174,0.34431035288569,0.848724257224001,1.16204472674555,4,1.24454036250422,12.2270181243777,0.556892235233548,3.59167372776063,0.122581965023749,0.412971105605772,0.107220885467427,9.03203128357726
"ADPS",0.0014123745819398,0.340999676415635,0.8485179758296,1.16176229319361,4,1.24457440247727,12.2287201238359,0.557026648632122,3.59134238661161,0.122395695050324,0.412945912621692,0.107127417195569,9.03433345771829
"ADPS",0.00139866220735786,0.33768899994558,0.848303993922471,1.16146931635846,4,1.24460961609164,12.2304808047933,0.557165993115176,3.59099395262377,0.122205111595129,0.412918420403432,0.107030880905138,9.03671931537153
"ADPS",0.00138494983277592,0.334378323475525,0.848081956539124,1.16116531023602,4,1.24464601584778,12.2323007926259,0.557310339462016,3.59062803122691,0.122010089520451,0.412888507799011,0.106931204784955,9.03919005451284
"ADPS",0.00137123745819398,0.331067647005471,0.847851479162738,1.16084974835878,4,1.24468367606519,12.2341838031037,0.557459966077789,3.59024390439598,0.1218105061506,0.412856069205767,0.106828249763767,9.04175044933105
"ADPS",0.00135752508361204,0.327756970535416,0.847612149029141,1.16052206558392,4,1.24472275912285,12.2361379590747,0.557615645542465,3.58983739546247,0.121606284457518,0.412820543316095,0.10672164294591,9.04441339786443
"ADPS",0.0013438127090301,0.324446294065361,0.847363524088497,1.16018165667166,4,1.24476302798948,12.2381513994701,0.557776373325763,3.58941318271231,0.121397124414235,0.412782408532044,0.106611642353271,9.04716197322826
"ADPS",0.00133010033444816,0.321135617595307,0.847105163280366,1.15982791773686,4,1.24480476149574,12.2402380744284,0.557943290460044,3.5889666780111,0.121183044613976,0.412741073748128,0.1064978308326,9.05001551079165
"ADPS",0.00131638795986622,0.317824941125252,0.846836576877563,1.15946017826153,4,1.24484809023027,12.2424045107894,0.558116992760342,3.58849505560629,0.120963822498459,0.412696257185308,0.10637991992259,9.05298401368954
"ADPS",0.00130267558528428,0.314514264655197,0.846557250025653,1.15907773332428,4,1.24489292380443,12.2446461934641,0.558297029801567,3.58800102749983,0.120739369276906,0.412648051706626,0.106258011889847,9.05606004987795
"ADPS",0.00128896321070234,0.311203588185142,0.846266614511643,1.15867980494697,4,1.24493932309066,12.2469661544871,0.558483767553108,3.5874821749729,0.120509421202889,0.412596188429457,0.106131832907354,9.05924957530204
"ADPS",0.00126153846153846,0.304582235245033,0.845649104092978,1.15783433043671,4,1.24503753272568,12.2518766360354,0.558880375857268,3.58635689485164,0.120032752301517,0.412479619873748,0.105865288029277,9.06602037132687
"ADPS",0.00124782608695652,0.301271558774978,0.845320924287204,1.15738499767701,4,1.24508936554946,12.2544682761475,0.559090287938718,3.58575125020166,0.119785608693016,0.412414810760705,0.105724785641035,9.06960247794509
"ADPS",0.00122040133779264,0.294650205834869,0.844622223885816,1.15642836057126,4,1.24519924042277,12.2599620230306,0.559536676609043,3.58443817341783,0.119273100442491,0.412269844130498,0.10542748275387,9.0772165227902
"ADPS",0.00117926421404682,0.284718176424705,0.843456186201941,1.15483186096589,4,1.24538074965575,12.2690374830404,0.560277917784656,3.58219102604636,0.118455968217833,0.412009478396556,0.104937191676436,9.08985054207366
"ADPS",0.00116555183946488,0.28140749995465,0.843032435557525,1.15425167582612,4,1.24544617292821,12.2723086464056,0.560546161208749,3.58135880110828,0.118170031095267,0.411909598086097,0.104760699010637,9.09442002793309
"ADPS",0.00115183946488294,0.278096823484595,0.842589452366121,1.15364515812944,4,1.2455143988474,12.275719942385,0.560826440612433,3.58047884125802,0.117877064971432,0.411802239935944,0.104576928102393,9.09919316020381
"ADPS",0.001138127090301,0.274786147014541,0.842126117573312,1.15301077570415,4,1.24558539044558,12.279269522254,0.561118678073323,3.5795508326337,0.11757684815533,0.411687102841345,0.104385714362681,9.10416855804429
"ADPS",0.00112441471571906,0.271475470544486,0.841641220472105,1.15234687089092,4,1.24565930483837,12.2829652405304,0.561423547217184,3.57857191264529,0.117269201961351,0.411563647050377,0.104186649591255,9.10935760778543
"ADPS",0.00111070234113712,0.268164794074431,0.841133472860924,1.15165167992747,4,1.24573658292878,12.2868291464272,0.56174298306293,3.57753299098614,0.11695407401299,0.411430695420194,0.103978877550836,9.11479284960944
"ADPS",0.00109698996655518,0.264854117604377,0.840601483729596,1.1509232982894,4,1.24581706620654,12.2908533103294,0.562076237831431,3.57643831203487,0.116631169906622,0.411288411128115,0.10376246979822,9.12046192748137
"ADPS",0.00108327759197324,0.261543441134322,0.840043762248336,1.15015968478268,4,1.24590125278422,12.2950626391987,0.562425484670329,3.57527779370791,0.11630045784519,0.411135417534657,0.103536513880383,9.1264013796504
"ADPS",0.0010695652173913,0.258232764664267,0.839458701645404,1.14935863946947,4,1.24598903836112,12.2994519180138,0.562790436964973,3.57405124909212,0.115961672918181,0.410971292017774,0.103300737400628,9.1326062102256
"ADPS",0.00105585284280936,0.254922088194212,0.838844576869553,1.14851780046756,4,1.24608073573806,12.3040367870144,0.563172394561252,3.5727533474237,0.115614698327539,0.410795142723285,0.103054514187186,9.13909844610991
"ADPS",0.00104214046822742,0.251611411724158,0.838199527690192,1.14763462081175,4,1.24617667462736,12.308833731372,0.563572786087282,3.57137757626041,0.115259441385356,0.410605904176695,0.102797098609288,9.14590218623554
"ADPS",0.00102842809364549,0.248300735254103,0.837521542861888,1.14670634677241,4,1.24627719976805,12.3138599884043,0.56399310932427,3.56991708206118,0.11489580122963,0.410402455096084,0.102527702176685,9.1530426799317
"ADPS",0.00101471571906355,0.244990058784048,0.83680846214286,1.14573002061908,4,1.24638236126479,12.3191180630704,0.564433701918418,3.56836908141588,0.114523630684596,0.410183866123836,0.102245842736908,9.16052557445904
"ADPS",0.00100100334448161,0.241679382313994,0.83605795313812,1.14470244891495,4,1.24649254960023,12.3246274807924,0.564896210897362,3.56672656585947,0.114142827137074,0.409949038780283,0.101950677836776,9.16837868256156
"ADPS",0.000987290969899666,0.238368705843939,0.835267464493513,1.14362013843166,4,1.24660810612118,12.3304053060633,0.565382181947647,3.56498170205393,0.113753339596801,0.409696423464825,0.10164133477778,9.17662802472882
"ADPS",0.000973578595317726,0.235058029373884,0.834434286033725,1.14247937848825,4,1.24672945377115,12.3364726878645,0.565893385210357,3.56312690152859,0.113355152792084,0.409424746142241,0.101316868178225,9.18530361581881
"ADPS",0.000959866220735786,0.23174735290383,0.833555443459422,1.14127609677406,4,1.24685671988743,12.342835994722,0.566430606015667,3.56115623829075,0.112948135916511,0.409132510458166,0.100976518191886,9.19441836937697
"ADPS",0.000946153846153846,0.228436676433775,0.832627740647079,1.14000591726418,4,1.24699043152713,12.3495215780191,0.566996090670502,3.55905957823391,0.112532338581969,0.408817984441436,0.100619150867527,9.20401030638783
"ADPS",0.000932441471571907,0.22512599996372,0.831647659421325,1.13866402299112,4,1.24713121183442,12.3565605920474,0.567592564624927,3.55682398583378,0.112107845221783,0.40847898092857,0.100243377045096,9.21412533524109
"ADPS",0.000918729096989966,0.221815323493665,0.830611454644694,1.13724528623856,4,1.247279299492,12.3639649746025,0.568221218867604,3.55444224771389,0.111674657440933,0.408113728146573,0.0998483041003593,9.22478338987896
"ADPS",0.000905016722408027,0.218504647023611,0.829514994683216,1.13574405011213,4,1.24743535352715,12.3717676770456,0.568884716483822,3.55190375281124,0.111232914752331,0.407720288348874,0.0994326084173745,9.23602982106992
"ADPS",0.000891304347826087,0.215193970553556,0.828353832009606,1.13415422520695,4,1.24759986236195,12.3799931181871,0.569585617248302,3.54919195788993,0.110782766488213,0.407295563089665,0.0989947153096044,9.2479070842531
"ADPS",0.000877591973244147,0.211883294083501,0.827123081133552,1.1324691224739,4,1.2477735735208,12.3886786759506,0.570326946825944,3.54629473586346,0.110324441693117,0.406837266242399,0.0985332082312411,9.26046663385511
"ADPS",0.000863879598662208,0.208572617613447,0.825817457788147,1.13068150687233,4,1.24795709093563,12.3978545468689,0.571111580649939,3.5431957865385,0.109858190735434,0.406342221509511,0.0980463966130722,9.27375663934256
"ADPS",0.000850167224080268,0.205261941143392,0.824431186225548,1.12878347044243,4,1.24815110252001,12.4075551262667,0.571942503357515,3.53988080128518,0.109384320847799,0.405807486380268,0.097532702924836,9.28782757302341
"ADPS",0.000822742474916388,0.198640588203282,0.821390928963105,1.12462085238397,4,1.24857427890352,12.4287139451972,0.573759773016453,3.53251741855565,0.108415552342383,0.404603317237064,0.0964163865712953,9.31859052667702
"ADPS",0.000809030100334448,0.195329911733228,0.819722567167305,1.12233658748803,4,1.24880540772565,12.4402703863354,0.574754724569442,3.52842684287471,0.107921744483903,0.40392581377756,0.0958095750811108,9.3354277804895
"ADPS",0.000795317725752509,0.192019235263173,0.817944686325575,1.11990237279541,4,1.24905082046998,12.4525410234651,0.575812787939069,3.52403567863706,0.1074224318639,0.40319239139812,0.0951674941850736,9.35332943761389
"ADPS",0.000781605351170569,0.188708558793118,0.816048334864936,1.11730595211327,4,1.2493120220002,12.4656010997878,0.57694083015268,3.51930761850734,0.106918577926504,0.402396695884099,0.0944871300992445,9.37241072647523
"ADPS",0.000767892976588629,0.185397882323064,0.814023767075681,1.11453398194343,4,1.24959019920995,12.4795099602928,0.578143910730518,3.51421899757549,0.106411023679086,0.401533828217977,0.0937661588934258,9.39275734867008
"ADPS",0.000754180602006689,0.182087205853009,0.811860252951857,1.11157177112239,4,1.24988679166782,12.4943395835077,0.579428816949424,3.5087315650891,0.105900862996331,0.400596599176325,0.0930013889102023,9.41448295227042
"ADPS",0.000740468227424749,0.178776529382954,0.809545994981477,1.10840316689325,4,1.2502036824577,12.5101841228711,0.58080316327229,3.50281449245333,0.105389171491798,0.399579542863299,0.0921902067940649,9.43771689604914
"ADPS",0.000726755852842809,0.175465852912899,0.807068451241943,1.10501099727715,4,1.25054240391135,12.5271201952601,0.582274527583896,3.49642130830712,0.104877470798784,0.398473622983261,0.0913288306183613,9.46258567014883
"ADPS",0.00071304347826087,0.172155176442845,0.804413634577316,1.10137611153028,4,1.25090523318976,12.5452616594838,0.583852472850743,3.48950923244998,0.104367308431828,0.397270989305703,0.0904141904352552,9.48925107687276
"ADPS",0.00069933110367893,0.16884449997279,0.80156639020058,1.09747776022763,4,1.2512961492493,12.564807461094,0.585553569319336,3.48200575644157,0.103861313203026,0.395960779874899,0.0894410550687661,9.51799361327168
"ADPS",0.00068561872909699,0.165533823502735,0.798510247858458,1.09329339285198,4,1.25171201035197,12.5856005176088,0.587366843774107,3.47393439609705,0.103358699573935,0.394539266258665,0.0884104849549738,9.54862500647577
"ADPS",0.00067190635451505,0.162223147032681,0.795227297452812,1.08879848749895,4,1.25216114178214,12.6080570890712,0.589326313822263,3.46515459353691,0.102864401420422,0.392988793000389,0.0873136222683245,9.58172132217695
"ADPS",0.00065819397993311,0.158912470562626,0.791698155294472,1.08396650467281,4,1.25264442729586,12.6322213650178,0.591436451723796,3.45563729910932,0.10237978712328,0.391300672122943,0.0861487784975553,9.61735729704261
"ADPS",0.000644481605351171,0.155601794092571,0.787901902876474,1.07876880345692,4,1.25316927555091,12.6584637775485,0.593728598029028,3.44524038190871,0.101909656240427,0.389455871974263,0.0849074515182569,9.65606260908773
"ADPS",0.000630769230769231,0.152291117622516,0.783816033058089,1.07317456783067,4,1.25373098738278,12.6865493691558,0.596182729584985,3.43405312220106,0.101452483558096,0.387456948415836,0.0835959541364965,9.69750056814838
"ADPS",0.000617056856187291,0.148980441152462,0.779416417734301,1.06715076240364,4,1.25433827928249,12.7169139650564,0.598838571174051,3.42186654881024,0.101014254493812,0.385275354022853,0.0822022351695476,9.74233679501812
"ADPS",0.000603344481605351,0.145669764682407,0.77467734752296,1.0606621867539,4,1.25499320033295,12.7496600167232,0.601703086419207,3.40866498123464,0.100597032938998,0.382903783993638,0.0807274258807162,9.79069278193683
"ADPS",0.000589632107023411,0.142359088212352,0.769571727498527,1.05367174342008,4,1.25570044123616,12.7850220611694,0.6047975485942,3.39433656393867,0.100204616719171,0.380324210201465,0.0791664464947125,9.84292550488995
"ADPS",0.000575919732441472,0.139048411742298,0.764070986771159,1.04614031410011,4,1.25646439240255,12.8232196200004,0.608139139511485,3.37881560378256,0.099840697171961,0.377522159532539,0.0775191414458024,9.89932896178841
"ADPS",0.000562207357859532,0.135737735272243,0.758145437041275,1.03802725057203,4,1.25728994945473,12.8644974728091,0.611750078326963,3.36198556083243,0.0995091719147458,0.374480665954288,0.0757806704650161,9.96027558040197
"ADPS",0.000534782608695652,0.129116382332134,0.7448969353302,1.0198878473211,4,1.25914406706064,12.9572033565859,0.619854450838248,3.32407900151019,0.0989588050627674,0.367613622175305,0.0720346385561457,10.0970641937311
"ADPS",0.000521070234113713,0.125805705862079,0.737511554102866,1.00977603157272,4,1.2601813974415,13.0090698721129,0.624388310806139,3.30278100516402,0.0987476356892914,0.363751402674496,0.0700249211001245,10.1735856447808
"ADPS",0.000466220735785953,0.11256299998186,0.702189331803241,0.961414032005901,4,1.26515222995946,13.2576114979724,0.646036170208326,3.20119100485058,0.0984025164499876,0.345273806933037,0.0612037225158843,10.5390971366264
"ADPS",0.000452508361204014,0.109252323511805,0.691777368506148,0.947158321813254,4,1.26661011809238,13.3305059046199,0.65236357491821,3.17154890872753,0.0984521548420513,0.339862988125574,0.0588379111065541,10.6459833049636
"ADPS",0.000438795986622074,0.105941647041751,0.680687199025275,0.931974034508782,4,1.26815972162111,13.4079860805998,0.659080064606484,3.14010981746985,0.0985609304393595,0.334124977722776,0.0564212453134282,10.7594657532583
"ADPS",0.000425083612040134,0.102630970571696,0.668901988256072,0.915838120033179,4,1.26980415349905,13.4902076749041,0.666195955295922,3.10685100193305,0.098731089820516,0.328058506398363,0.0539632204684108,10.87972893194
"ADPS",0.000411371237458194,0.0993202941016412,0.656408771964996,0.898732828193611,4,1.2715171848189,13.5758592409161,0.673635963985303,3.07175258366621,0.0989525564877686,0.32162203718797,0.0514733078208616,11.0054263705275
"ADPS",0.000397658862876254,0.0960096176315865,0.643198768256435,0.880646135113775,4,1.27332880774819,13.6664403875604,0.681462651958477,3.03516581162975,0.0992361170817134,0.314921483127789,0.0489757396053831,11.1377617840484
"ADPS",0.000370234113712375,0.0893882646914771,0.614615040480536,0.841510255763095,4,1.27717985933258,13.8589929666335,0.698075031285189,2.9575573715201,0.0999617812405989,0.300663540202139,0.0439876768923932,11.4187753044194
"ADPS",0.000329096989966555,0.079456235281313,0.566384615482508,0.775474778915798,4,1.28350955186339,14.1754775931095,0.725305603290089,2.83052943690674,0.101437215776238,0.277273240044485,0.0366662124580572,11.879817328631
"ADPS",0.000315384615384615,0.0761455588112582,0.548883510615084,0.751512854356307,4,1.28742472722893,14.3712363614392,0.741345500241842,2.76345923070344,0.102829011054092,0.267573599383508,0.0339006297982561,12.1527022608806
"ADPS",0.000287959866220736,0.0695242058711488,0.511998623148559,0.701011306165296,4,1.29030379487708,14.5151897429377,0.754382359114711,2.69558938632872,0.103262745394534,0.252201570340938,0.0298187127111881,12.3729982859363
"ADPS",0.000260535117056857,0.0629028529310395,0.472466759007881,0.646885606478864,4,1.29805702102508,14.9028510513071,0.785965890059935,2.56425506331896,0.10605639212039,0.232861135984717,0.0251143968673426,12.9118321341827
"ADPS",0.000246822742474916,0.0595921764609847,0.451936964845984,0.618776902333852,4,1.29749844148185,14.8749220735354,0.785215414720148,2.5512700542169,0.105406942096524,0.225266201606032,0.0235026388186371,12.8964864828622
"ADPS",0.000219397993311037,0.0529708235208753,0.408830273427766,0.559756669291581,4,1.30728196780137,15.3640983906744,0.824942680923407,2.38685410399788,0.109227993423596,0.203162504694335,0.0190039616240009,13.5747716431519
"ADPS",0.000205685618729097,0.0496601470508206,0.386613447665063,0.529338138181118,4,1.30948459960301,15.4742299852048,0.83463836800919,2.33849987621866,0.10989489884869,0.193499373518724,0.0173456908590568,13.7393016997884
"ADPS",0,0,3.40350828555341e-19,4.65996915016687e-19,4,1.25288837169009,12.6444185845045,0.87737037768416,1.6185356539294,0.189535893230151,0.117985357617915,2.78303789789185e-18,11.5078350865633
"ADPS",0.0041,0.989892264546357,0.854853401796417,1.17043654548906,4,1.24309130250495,12.1545651381432,0.551783092190851,3.59586040775191,0.133215479655551,0.41158587025876,0.111270235867065,8.94310232106137
"ADPS",0.0081,1.95564081532329,0.852024620730765,1.16656347353137,4,1.24289425843164,12.1447127655762,0.551377917086942,3.59224142673361,0.135491199051909,0.410431558745316,0.111751782441861,8.93534641751726
"ADPS",0.0101,2.43851509071176,0.850360295256853,1.1642847350317,4,1.24286027297846,12.1430136498774,0.551333284190128,3.59126981758873,0.135939138820701,0.41015955663205,0.111825374737605,8.93438796679821
"ADPS",0.0121,2.92138936610022,0.848665089685456,1.16196371654044,4,1.24283543598425,12.1417717871938,0.551303692756585,3.59052646704389,0.13624253522361,0.409957988919976,0.111866259026591,8.93373704287839
"ADPS",0.0341,8.23300639537336,0.82976047159767,1.13608014885274,4,1.24309441173264,12.1547205464639,0.553011707694931,3.5764116454062,0.137309444240791,0.408024432381953,0.111025332309609,8.96139493486982
"ADPS",0.0361,8.71588067076183,0.828039680148972,1.13372409903825,4,1.24302758851341,12.1513793230796,0.552902700349216,3.57510420451145,0.137335369746135,0.407716328108589,0.111067021897454,8.9592130683847
"RNAP",0.147294983277592,0.983367525227909,0.847678262834944,1.1606125863847,4,1.23919286129376,11.9596430659586,0.53055685291919,3.7378270551419,0.130219702034228,0.462627123998689,0.0910978780324421,8.59533611436721
"RNAP",0.133266889632107,0.889713475206203,0.852565032359251,1.16730338696947,4,1.24079814604702,12.0399073020873,0.539218136954463,3.68068188196985,0.131011292525985,0.441682921258079,0.0995542795432967,8.73746683055375
"RNAP",0.130260869565217,0.869644750201552,0.853306333527311,1.1683183516131,4,1.24117684276982,12.0588421423343,0.541254053669211,3.66732447603074,0.131194067759392,0.436877298419999,0.10144639203523,8.77087240086514
"RNAP",0.129759866220736,0.866299962700777,0.853418198199645,1.1684715129626,4,1.24124121548126,12.0620607723955,0.541599845557614,3.66505869593547,0.131224987068778,0.43606518375424,0.101764488245509,8.77654604041212
"RNAP",0.129258862876254,0.862955175200002,0.853526639201478,1.16861998673753,4,1.24130595105015,12.065297539723,0.541947509831473,3.66278144078558,0.131256040931083,0.435249841179975,0.102083365491127,8.78225035180393
"RNAP",0.128757859531773,0.859610387699226,0.853631622413126,1.16876372622236,4,1.24137105088427,12.0685525431359,0.542297045755539,3.66049282213863,0.131287224829263,0.434431287795914,0.102403032742802,8.78798532881676
"RNAP",0.128256856187291,0.856265600198451,0.853733116662472,1.16890268873726,4,1.24143651878643,12.071825943713,0.542648466359883,3.65819279339362,0.13131853941054,0.433609504527423,0.10272349877311,8.79375118796784
"RNAP",0.127755852842809,0.852920812697676,0.853831083183303,1.16903682120486,4,1.24150235355562,12.0751176806406,0.543001771419396,3.65588130170774,0.13134998638432,0.432784510553947,0.103044729745839,8.79954791768077
"RNAP",0.127254849498328,0.849576025196901,0.853925493365944,1.16916608445374,4,1.24156855880056,12.0784279428818,0.543356994754131,3.65355801955135,0.13138156902614,0.431956233628028,0.103366736353047,8.80537604783072
"RNAP",0.126753846153846,0.846231237696126,0.854016311049799,1.16929042897402,4,1.24163513648252,12.0817567965609,0.543714113274788,3.65122335844244,0.131413278412783,0.431124730531954,0.103689545075243,8.81123523601158
"RNAP",0.126252842809365,0.84288645019535,0.854103501649723,1.1694098074129,4,1.24170208760946,12.0851042888464,0.544073134447915,3.64887723671102,0.131445124336664,0.43028998017302,0.104013150254395,8.81712560537448
"RNAP",0.125751839464883,0.839541662694575,0.854187027834365,1.16952416865753,4,1.24176941216058,12.0884705891913,0.54443409966898,3.6465192167366,0.131477100672892,0.429451945503972,0.104337518686027,8.82304778677611
"RNAP",0.125250836120401,0.8361968751938,0.85426685614493,1.16963346689727,4,1.2418371133336,12.0918556698237,0.544796989564396,3.64414954736005,0.131509210044304,0.42861063877007,0.104662675567113,8.82900149496281
"RNAP",0.12474983277592,0.832852087693025,0.85434295017022,1.16973765227912,4,1.24190518759593,12.0952593790441,0.545161780419978,3.64176845732624,0.131541453338176,0.427766075462859,0.104988646585757,8.83498633496873
"RNAP",0.124248829431438,0.82950730019225,0.854415273022509,1.16983667429765,4,1.24197365377177,12.0986827392506,0.545528579965966,3.63937524977839,0.131573829836778,0.426918196631025,0.105315367083252,8.84100409367731
"RNAP",0.123747826086957,0.826162512691474,0.85448378804446,1.16993048276287,4,1.24204249682224,12.102124805929,0.545897298545407,3.63697044606094,0.131606340477591,0.426067042688263,0.10564288968102,8.84705324619546
"RNAP",0.123246822742475,0.822817725190699,0.854548457559822,1.17001902608971,4,1.24211172473441,12.1055862013521,0.546268003366657,3.63455359307192,0.131638979634524,0.425212565096233,0.105971180468074,8.85313491498031
"RNAP",0.122244816053512,0.816128150189149,0.854666109384288,1.1701801110134,4,1.24225133623147,12.1125668195611,0.547015292532409,3.6296847383688,0.131704666247393,0.42349370356549,0.106630165727266,8.86539458534332
"RNAP",0.12174381270903,0.812783362688374,0.854719013306571,1.17025254528565,4,1.24232172644098,12.1160863120164,0.547391915087198,3.62723243689015,0.131737712354918,0.422629307496344,0.1069608215806,8.87157317878526
"RNAP",0.120741806020067,0.806093787686823,0.854812785511746,1.17038093503723,4,1.24246367895537,12.123183948621,0.548151148829091,3.62229189159128,0.131804196730802,0.420890489465981,0.107624524652327,8.88402839357983
"RNAP",0.118236789297659,0.789369850182947,0.854975116353547,1.17060319296976,4,1.24282552047602,12.1412759511356,0.550084644715295,3.60972899514631,0.131972771012531,0.416484710442276,0.109297540954111,8.91574615646562
"RNAP",0.117234782608696,0.782680275181397,0.855010334507275,1.17065141248214,4,1.24297305932936,12.1486530197499,0.550872313605113,3.60461872803471,0.132041148813842,0.414698741822623,0.109972306130492,8.92866681091727
"RNAP",0.116733779264214,0.779335487680622,0.855021405976727,1.17066657116599,4,1.24304744707071,12.15237234285,0.551269265180435,3.60204515497955,0.132075536829889,0.413800665979122,0.110310867407385,8.93517816374897
"RNAP",0.115731772575251,0.772645912679071,0.8550302502075,1.17067868038951,4,1.24319729610432,12.159864805251,0.552068581096643,3.59686639987537,0.132144647999777,0.411996105388297,0.110989702810884,8.94828942606891
"RNAP",0.115230769230769,0.769301125178296,0.855027943095405,1.17067552156917,4,1.24327292482511,12.1636461755119,0.552471809697968,3.59425576292253,0.132179443831861,0.411087786340695,0.111330635835218,8.95490350128815
"RNAP",0.114729765886288,0.765956337677521,0.855021081764624,1.17066612726568,4,1.24334895955289,12.1674479536292,0.55287711873553,3.59163269324439,0.132214372685122,0.410176023149001,0.111672373549513,8.96155161207889
"RNAP",0.114228762541806,0.762611550176746,0.855009621036774,1.17065043562231,4,1.24342541595687,12.1712707847452,0.55328455034248,3.58899715988954,0.132249443236944,0.409260823047824,0.11201489941954,8.96823445434679
"RNAP",0.113727759197324,0.75926676267597,0.854993513155171,1.17062838125222,4,1.24350229223667,12.1751146205174,0.553694104597618,3.58634913083717,0.132284645815044,0.408342158646848,0.112358234835692,8.97495202499384
"RNAP",0.113226755852843,0.755921975175195,0.854972712083907,1.17059990112458,4,1.24357958989149,12.1789794162947,0.554105784202744,3.58368853148696,0.132319985436317,0.407420039871967,0.112702356668428,8.98170434886676
"RNAP",0.11222474916388,0.749232400173645,0.854916831489861,1.1705233912934,4,1.24373546049394,12.1867730225297,0.5549355980085,3.57832945875287,0.132391073638392,0.405565374643871,0.113392995806057,8.99531460578212
"RNAP",0.111723745819398,0.74588761267287,0.854881655294516,1.17047522922903,4,1.24381406033517,12.1907030155382,0.555353823087513,3.57563069519173,0.132426826480449,0.404632813463104,0.113739476278641,9.00217407514648
"RNAP",0.111222742474916,0.742542825172094,0.854841588718786,1.17042037142021,4,1.24389307358066,12.1946536877185,0.555774152467635,3.57291945186292,0.132462710208141,0.403696771010518,0.114086781382303,9.00906791569124
"RNAP",0.110220735785953,0.735853250170544,0.854746579342299,1.17029028777526,4,1.24405240245168,12.2026201217393,0.556621361634182,3.5674586968455,0.132534897779495,0.401814138106913,0.114783813755039,9.02296272676467
"RNAP",0.109719732441472,0.732508462669769,0.854691533823378,1.17021492130087,4,1.24413272236408,12.2066361156229,0.55704826221275,3.56470909700274,0.132571195267855,0.4008675457074,0.115133531602088,9.02996403734334
"RNAP",0.10921872909699,0.729163675168994,0.854631391287671,1.17013257616242,4,1.24421348195029,12.2106740807005,0.5574773780987,3.56194652526604,0.132607629464137,0.399917413796645,0.115484038412127,9.03700157220896
"RNAP",0.108717725752508,0.725818887668218,0.854566097528364,1.17004317814175,4,1.24429468388822,12.2147341955662,0.557908709269842,3.55917115098339,0.132644208646888,0.398963741852615,0.115835366841225,9.04407533540261
"RNAP",0.108216722408027,0.722474100167443,0.854495599926367,1.16994665519457,4,1.2443763322329,12.2188165682212,0.558342266691725,3.55638292353999,0.132680917191016,0.398006536877056,0.116187508456455,9.05118550883826
"RNAP",0.107715719063545,0.719129312666668,0.85441984264872,1.16984293087627,4,1.24445842510122,12.2229212628068,0.558778067059363,3.55358165159159,0.132717764422232,0.39704577050421,0.116540444613973,9.05833234561932
"RNAP",0.107214715719064,0.715784525165893,0.854338769445131,1.16973192817085,4,1.24454096713245,12.2270483627455,0.559216135459826,3.55076702703378,0.132754751987763,0.396081388583227,0.116894168316276,9.06551624716163
"RNAP",0.106713712374582,0.712439737665118,0.854252325867026,1.16961357252914,4,1.24462396082585,12.2311980536233,0.559656444628427,3.5479396440151,0.132791877725808,0.395113462661735,0.117248729115781,9.07273680043101
"RNAP",0.1062127090301,0.709094950164342,0.854160454313532,1.16948778508596,4,1.2447074112326,12.2353705597288,0.560099029481338,3.54509918171927,0.132829145229595,0.39414194940055,0.117604105019761,9.07999456859962
"RNAP",0.105711705685619,0.705750162663567,0.85406309719186,1.16935448698721,4,1.24479131541195,12.2395657556071,0.560543891155061,3.54224552749298,0.132866545011647,0.393166836691668,0.117960282692255,9.08728954103908
"RNAP",0.105210702341137,0.702405375162792,0.85396019690871,1.16921359937808,4,1.24487570131178,12.2437849555735,0.560991138898248,3.53937822799652,0.132904086016435,0.39218809615633,0.118317221873171,9.09462355581198
"RNAP",0.104709698996656,0.699060587662017,0.85385169049374,1.16906503604168,4,1.24496052192077,12.2480260956579,0.561440588714018,3.53649818733531,0.132941762581214,0.391205754050549,0.118675036186457,9.10199352498556
"RNAP",0.104208695652174,0.695715800161242,0.853737523280767,1.16890872213092,4,1.2450458127185,12.2522906271989,0.561892374672406,3.53360470510606,0.132979585832763,0.390219779101338,0.119033647785283,9.10940167638663
"RNAP",0.103707692307692,0.692371012660466,0.853617629133102,1.16874456709367,4,1.24513156881023,12.2565784856717,0.562346481729448,3.53069796682205,0.13301754074903,0.38923016194438,0.119393086874071,9.11684776880036
"RNAP",0.103206688963211,0.689026225159691,0.853491949370279,1.1685724905866,4,1.24521779430167,12.2608897187111,0.562802926151164,3.52777777249489,0.133055643553291,0.388236878395886,0.119753346145624,9.12433204087244
"RNAP",0.102705685618729,0.685681437658916,0.85336042370845,1.1683924100711,4,1.24530449275165,12.2652246250239,0.563261716184064,3.52484427549953,0.13309388043459,0.387239967229568,0.120114416391774,9.13185466208341
"RNAP",0.102204682274247,0.682336650158141,0.853222981380823,1.16820422865565,4,1.24539166371835,12.2695831861498,0.563722862305161,3.52189731209831,0.133132257175018,0.38623935637151,0.120476333586343,9.13941577430983
"RNAP",0.101703678929766,0.678991862657366,0.853079564823536,1.16800786752575,4,1.24547931122793,12.273965557197,0.564186380011538,3.5189367926727,0.133170775521748,0.385235069032717,0.120839055842043,9.14701563150008
"RNAP",0.101202675585284,0.67564707515659,0.852930106577453,1.16780323431861,4,1.24556743878107,12.2783719394783,0.564652283564455,3.5159626935814,0.133209435003938,0.384227085280956,0.121202599561078,9.15465446867629
"RNAP",0.100701672240803,0.672302287655815,0.852774541222055,1.16759023946267,4,1.24565604674491,12.2828023574476,0.565120572356396,3.51297505608536,0.133248232794253,0.383215404573634,0.121566976281405,9.1623322716157
"RNAP",0.100200668896321,0.66895750015504,0.852612799577686,1.16736878823945,4,1.24574514098531,12.2872570715568,0.565591277344861,3.50997366446907,0.133287168367532,0.382199991567605,0.121932178134004,9.17004953575329
"RNAP",0.0996996655518395,0.665612712654265,0.852444816595895,1.16713879158682,4,1.24583472234669,12.2917361215242,0.566064392382264,3.50695863824549,0.133326249970146,0.381180857040648,0.122298211701336,9.17780617016294
"RNAP",0.0991986622073578,0.66226792515349,0.852270521968204,1.16690015324075,4,1.24592479518615,12.2962397582371,0.566539921881592,3.50393014986841,0.133365468094115,0.380158010261285,0.122665101712805,9.1856022746541
"RNAP",0.0986976588628762,0.658923137652714,0.852089846297347,1.16665277818486,4,1.24601535877318,12.3007679462977,0.56701791075718,3.500887527389,0.133404830059581,0.379131380891407,0.123032794253627,9.19343848987387
"RNAP",0.0981966555183946,0.655578350151939,0.851902717389888,1.16639656757431,4,1.24610643196056,12.3053216541371,0.567498399489407,3.49783099564249,0.133444333032975,0.378100993005196,0.123401310582383,9.20131560331575
"RNAP",0.097695652173913,0.652233562651164,0.851709063177765,1.16613142273593,4,1.2461979962835,12.3098998124792,0.567981320081486,3.49476067116767,0.133483972919465,0.377066821955052,0.123770686649102,9.20923238028461
"RNAP",0.0971946488294314,0.648888775150389,0.851508815191032,1.16585724992297,4,1.2462900409789,12.3145020069998,0.568466623519607,3.49167688084256,0.133523762626673,0.376028892097453,0.124140945939432,9.21718803653071
"RNAP",0.0966936454849498,0.645543987649614,0.851301892713662,1.16557393862178,4,1.24638260300851,12.3191302668653,0.568954494990679,3.48857871063625,0.133563690676505,0.374987139221093,0.124512010557838,9.22518564803044
"RNAP",0.0961926421404682,0.642199200148838,0.851088223160079,1.1652813894506,4,1.24647569715266,12.3237848556445,0.569444932153265,3.48546642960005,0.133603765647603,0.37394156992937,0.124883907640803,9.23322521056174
"RNAP",0.0956916387959866,0.638854412648063,0.850867732801766,1.16497950146284,4,1.24656927535363,12.328463771404,0.569937795177762,3.48234035712759,0.13364397532686,0.372892189929999,0.125256695581566,9.24130430466197
"RNAP",0.095190635451505,0.635509625147288,0.850640342754872,1.16466816665338,4,1.24666338207112,12.3331691152699,0.570433249791436,3.47919990301977,0.133684322312554,0.371838968653494,0.125630293850145,9.2494257394377
"RNAP",0.0946896321070234,0.632164837646513,0.850405978575968,1.16434728309678,4,1.24675799871783,12.3378999366895,0.570931214017831,3.47604542869606,0.133724823218993,0.370781909536784,0.126004749586221,9.25758812934875
"RNAP",0.0941886287625418,0.628820050145738,0.850164548782291,1.16401672553791,4,1.24685314104217,12.3426570566642,0.571431767463011,3.4728765139744,0.133765464653959,0.369720946844491,0.126380065533462,9.26579277845302
"RNAP",0.0936876254180602,0.625475262644962,0.849915988915606,1.16367640572272,4,1.24694880155521,12.3474399701894,0.571934860141001,3.46969345859522,0.133806247151365,0.368656138000323,0.126756235666404,9.27403885024528
"RNAP",0.0931866220735786,0.622130475144187,0.849660202715768,1.16332619185507,4,1.24704498233054,12.3522490353824,0.572440503899969,3.46649639248515,0.133847173903816,0.367587443031399,0.12713331406332,9.28232658455322
"RNAP",0.092685618729097,0.618785687643412,0.849397112020119,1.16296597691725,4,1.24714169559562,12.3570847867719,0.572948783505408,3.46328458470045,0.133888246828344,0.36651481509766,0.127511221685586,9.290657288322
"RNAP",0.0921846153846154,0.615440900142637,0.849126637236559,1.16259565193446,4,1.24723895492564,12.3619477226045,0.573459711758433,3.46005825740693,0.133929460006446,0.365438283122604,0.12788997607253,9.2990312608721
"RNAP",0.0916836120401338,0.612096112641862,0.848848685886854,1.16221509028859,4,1.24733673024485,12.3668365081286,0.573973174533785,3.45681793603418,0.133970822750144,0.364357828453409,0.128269658662968,9.30744655620876
"RNAP",0.0911826086956522,0.608751325141086,0.848563176651701,1.16182418064,4,1.24743505233236,12.3717526925728,0.574489338996806,3.45356255129093,0.134012325069515,0.363273404700109,0.128650164157807,9.31590590372245
"RNAP",0.0906816053511706,0.605406537640311,0.84827001531369,1.16142279398936,4,1.24753392281888,12.3766961408537,0.57500814871316,3.45029281561161,0.134053972448076,0.362185026811326,0.12903157569319,9.3244084278011
"RNAP",0.090180602006689,0.602061750139536,0.847969116494632,1.16101081343974,4,1.24763333651841,12.3816668289794,0.575529627841872,3.44700834642084,0.134095766366772,0.361092669037037,0.129413853890915,9.33295449239061
"RNAP",0.0896795986622073,0.598716962638761,0.847660388402583,1.16058811331268,4,1.2477333172847,12.3866658676436,0.576053863685967,3.44370886189475,0.134137705668702,0.359996313083771,0.129796971902404,9.34154555209327
"RNAP",0.0891785953177257,0.595372175137986,0.847343742263294,1.16015457206148,4,1.24783383490526,12.3916917073303,0.576580714800567,3.44039509104418,0.134179784737833,0.358895983959131,0.130181031923839,9.35017924019029
"RNAP",0.0886775919732441,0.59202738763721,0.847019073058197,1.15971004589823,4,1.24793491868343,12.3967459234982,0.577110331890217,3.43706619972064,0.134222018306352,0.357791596475154,0.130565954359874,9.35885804914015
"RNAP",0.0881765886287625,0.588682600136435,0.846686295653587,1.15925441826073,4,1.24803656031342,12.4018278970025,0.577642655719802,3.4337225439215,0.134264394050218,0.356683182154395,0.130951783719055,9.3675809768499
"RNAP",0.0876755852842809,0.58533781263566,0.84634531052643,1.15878755288539,4,1.24813875926453,12.4069378591902,0.578177703223187,3.43036407812089,0.134306916230353,0.355570723496408,0.131338523028398,9.37634830812942
"RNAP",0.0871745819397993,0.581993025134885,0.845996009093916,1.15830930110427,4,1.24824152722118,12.4120764629645,0.578715537332621,3.42699045841283,0.134349585728402,0.354454165547026,0.131726163348853,9.38516107886907
"RNAP",0.0866735785953177,0.57864823763411,0.84563830727858,1.15781954780133,4,1.24834484942327,12.4172424758601,0.579256054303124,3.42360214886508,0.134392403133075,0.353333535517991,0.132114751089339,9.39401751943717
"RNAP",0.0861725752508361,0.575303450133334,0.84527209543291,1.15731814285089,4,1.24844879732006,12.4224398713804,0.579799573017516,3.42019797109035,0.134435364462646,0.352208794685858,0.132504143849319,9.40292301464056
"RNAP",0.0856715719063545,0.571958662632559,0.844897273859378,1.15680494975043,4,1.24855329986063,12.427664958841,0.580345805948499,3.41677889283052,0.134478477711022,0.351079931335319,0.132894488659206,9.4118726833667
"RNAP",0.0851705685618729,0.568613875131784,0.844513731677923,1.15627981668672,4,1.24865838595427,12.4329192934747,0.580894873084058,3.41334454896673,0.134521738362971,0.349946921814878,0.133285750862016,9.42086854223593
"RNAP",0.0846695652173913,0.565269087631009,0.844121367823257,1.15574260528455,4,1.248764074984,12.438203748357,0.581446842482501,3.40989471699302,0.134565142599736,0.348809762700505,0.133677909873873,9.42991173931389
"RNAP",0.0841685618729097,0.561924300130234,0.843720071443688,1.15519316376951,4,1.24887033087435,12.4435165331478,0.582001572103809,3.40642992520748,0.134608701854921,0.347668430828702,0.134071050563744,9.43899983811106
"RNAP",0.0836675585284281,0.558579512629458,0.843309736528223,1.15463134699491,4,1.24897719586831,12.4488598449569,0.582559241590733,3.40294947158246,0.134652403461924,0.346522916751263,0.13446508667859,9.44813588034043
"RNAP",0.0831665551839465,0.555234725128683,0.842890239298566,1.15405698548768,4,1.24908466476078,12.4542332364003,0.583119815583222,3.3994534953218,0.134696258848009,0.345373167716603,0.13486007155943,9.4573192400113
"RNAP",0.0826655518394649,0.551889937627908,0.842461484821986,1.15346994926909,4,1.24919273664966,12.4596368060977,0.583683283950481,3.3959422447627,0.134740263650559,0.344219234621872,0.135256008889403,9.46654977123796
"RNAP",0.0821645484949833,0.548545150127133,0.842023332993791,1.15287004651253,4,1.24930144211297,12.4650719448319,0.584249818570168,3.39241443321802,0.13478441712964,0.343060975305408,0.135652803742881,9.47583025149865
"RNAP",0.0816635451505017,0.545200362626358,0.841575684643979,1.15225714143776,4,1.24941072045592,12.4705360285555,0.584819152333874,3.38887169968522,0.13482871664732,0.341898490692803,0.136050644826559,9.48515625026304
"RNAP",0.0811625418060201,0.541855575125582,0.841118416221279,1.15163106488253,4,1.24952062979058,12.4760314965538,0.585391493241776,3.3853131273011,0.134873173411653,0.340731718733052,0.136449425303754,9.49453125352781
"RNAP",0.0806615384615385,0.538510787624807,0.840651408806222,1.15099165402629,4,1.24963119066842,12.4815594941197,0.585966942034476,3.38173826738216,0.134917780858454,0.339560642086177,0.136849091545866,9.50395693425345
"RNAP",0.0801605351170569,0.535166000124032,0.840174524144569,1.150338719576,4,1.24974235962586,12.4871179799343,0.586545338235466,3.37814768191777,0.134962543787625,0.338385211124684,0.137249775509023,9.51343056333633
"RNAP",0.0796595317725752,0.531821212623257,0.839687657284697,1.14967211783542,4,1.24985416389649,12.4927081754707,0.587126776508391,3.37454109712214,0.135007453049355,0.337205456023048,0.137651414445683,9.52295371443511
"RNAP",0.0791585284280936,0.528476425122482,0.839190657939785,1.14899164303688,4,1.24996660375877,12.4983301879517,0.587711275792472,3.37091832030224,0.135052517196204,0.336021297018238,0.138054034028471,9.53252668982623
"RNAP",0.078657525083612,0.525131637621706,0.838683412089899,1.14829713906812,4,1.2500796848086,12.5039842387742,0.588298850415899,3.36727937374644,0.135097730453118,0.334832755284506,0.138457619100773,9.54214970150195
"RNAP",0.0781565217391304,0.521786850120931,0.838165781842143,1.14758841713083,4,1.25019342070893,12.5096710352929,0.588889532494848,3.36362439552674,0.135143100651891,0.333639817207861,0.138862212428884,9.55182334514982
"RNAP",0.0776555183946488,0.518442062620156,0.837637632239131,1.14686529244588,4,1.25030780603093,12.5153902980413,0.589483342150349,3.35995287762234,0.13518862207407,0.332442424068611,0.13926777564744,9.56154785040279
"RNAP",0.0771545150501672,0.515097275119381,0.837098832753433,1.14612758629951,4,1.25042285032169,12.5211425392565,0.590080283511557,3.35626521103237,0.135234299909982,0.331240602019486,0.139674348508209,9.57132335108702
"RNAP",0.0766535117056856,0.511752487618606,0.836549222072311,1.14537507782773,4,1.25053855786565,12.5269278956419,0.590680412988906,3.35256071771812,0.135280134633493,0.330034242030549,0.140081911536809,9.58115068333619
"RNAP",0.076152508361204,0.50840770011783,0.835988678381253,1.14460760024622,4,1.25065494696914,12.532747368705,0.59128377340047,3.34883965131465,0.135326124038168,0.328823399987388,0.140490461873836,9.59103064072777
"RNAP",0.0756515050167224,0.505062912617055,0.835417052183857,1.14382494886952,4,1.25077200658062,12.5386003339676,0.591890334563171,3.34510193986978,0.135372265217938,0.327608026846927,0.140900031900373,9.60096264261559
"RNAP",0.0751505016722408,0.50171812511628,0.834834194073127,1.1430269191346,4,1.25088974064816,12.544487033813,0.592500108501737,3.34134761094577,0.13541856332939,0.326388100818222,0.141310635774516,9.61094690966744
"RNAP",0.0746494983277592,0.498373337615505,0.834239955723973,1.14221330795973,4,1.25100816494099,12.5504081112409,0.593113159728995,3.3375763535948,0.135465017076397,0.32516358944941,0.141722261997085,9.62098443948353
"RNAP",0.0741484949832776,0.49502855011473,0.833634186152475,1.14138390862279,4,1.25112726216322,12.5563629978873,0.593729419411187,3.33378863174423,0.135511634643931,0.323934494043526,0.142134966816214,9.63107414595585
"RNAP",0.073647491638796,0.491683762613954,0.833016717904226,1.14053849185085,4,1.25124706669759,12.562353356533,0.594349048118629,3.32998359139194,0.13555840763456,0.322700746397641,0.142548680370599,9.64121866084882
"RNAP",0.0731464882943144,0.488338975113179,0.832387393921962,1.13967684260638,4,1.25136757867261,12.5683789222065,0.594972019505287,3.32616141483152,0.135605340510915,0.32146232469065,0.142963449861239,9.65141751426668
"RNAP",0.0721444816053512,0.481649400111629,0.831092560398765,1.13790400006672,4,1.25161074676074,12.5805373360652,0.59622812591771,3.31846517235649,0.135699678656501,0.318971421999115,0.143796105856859,9.67198047496326
"RNAP",0.0716434782608696,0.478304612610854,0.830426724624681,1.13699236010407,4,1.25173340841731,12.5866703945715,0.596861267312587,3.3145912316427,0.135747090632056,0.317718904902627,0.144214038791991,9.68234466719347
"RNAP",0.0711424749163879,0.474959825110078,0.829748346934566,1.13606354817154,4,1.25185677576709,12.5928387794059,0.597497773937078,3.31070000302056,0.135794667817566,0.316461566157485,0.144633119353296,9.69276346956069
"RNAP",0.0706414715719064,0.471615037609303,0.829057292519735,1.1351173796936,4,1.2519809167158,12.5990458347867,0.598137909906949,3.30679056431488,0.135842396176196,0.315199451364577,0.145053175946547,9.7032413521921
"RNAP",0.0701404682274247,0.468270250108528,0.828353378085588,1.13415360370945,4,1.25210577058514,12.60528853153,0.598781412643991,3.30286413159086,0.135890295297389,0.313932533986107,0.145474410271822,9.71377386782056
"RNAP",0.0696394648829431,0.464925462607753,0.827636405557626,1.13317194902213,4,1.25223139920326,12.6115699554245,0.599428556490262,3.29891939009588,0.13593835044687,0.312660739686666,0.145896679642651,9.72436561748296
"RNAP",0.0691384615384615,0.461580675106978,0.826906202659267,1.13217217975636,4,1.25235775832278,12.6178879116718,0.600079149558782,3.29495727155934,0.135986576482071,0.311384068658138,0.146320126492204,9.73501332651583
"RNAP",0.0686374581939799,0.458235887606202,0.82616256317823,1.13115401357319,4,1.25248488554908,12.6242442955561,0.600733372270707,3.29097681463,0.136034964354355,0.310102442413405,0.146744669800417,9.74571997786949
"RNAP",0.0681364548494983,0.454891100105427,0.825405319467291,1.13011722093569,4,1.252612785195,12.6306392598728,0.601391204815054,3.28697845281475,0.136083517710639,0.308815895215911,0.147170343265768,9.75648528260558
"RNAP",0.0676354515050167,0.451546312604652,0.82463426470605,1.12906151867231,4,1.25274146049032,12.6370730330178,0.602052690439078,3.28296178973082,0.136132233582014,0.307524360075123,0.147597143745004,9.76730989132597
"RNAP",0.0671344481605351,0.448201525103877,0.823849197742552,1.12798663137257,4,1.25287092039202,12.6435460465325,0.602717855779856,3.27892683424419,0.136181120408228,0.306227806596604,0.148025097208084,9.77819423677487
"RNAP",0.0666334448160535,0.444856737603102,0.823049916053512,1.12689228174838,4,1.25300119725875,12.650059849334,0.603386827834234,3.27487308323145,0.136230170376877,0.304926205268521,0.148454146612742,9.78914046816578
"RNAP",0.0661324414715719,0.441511950102326,0.822236221928721,1.12577819910157,4,1.25313222868887,12.6566114594437,0.604059377455577,3.27080134461794,0.136279393042912,0.303619528200201,0.148884435572998,9.80014461573359
"RNAP",0.0656314381270903,0.438167162601551,0.821407870529272,1.12464404820695,4,1.25326409977753,12.6632049967557,0.60473580446625,3.26671082027801,0.136328784717618,0.302307721276263,0.14931589962827,9.81121182627342
"RNAP",0.0651304347826087,0.434822375100776,0.820564691830013,1.12348959627178,4,1.25339675855141,12.6698378061509,0.605415932508937,3.26260181709635,0.136378346865496,0.300990784202952,0.1497485677931,9.82233899561708
"RNAP",0.0646294314381271,0.431477587600001,0.819706422586345,1.12231448287041,4,1.25353027843092,12.6765139114461,0.606100071995083,3.25847334169295,0.136428078778777,0.299668640930866,0.150182361586122,9.83353136652097
"RNAP",0.0641284280936455,0.428132800099226,0.81883283701864,1.12111839887296,4,1.2536646223303,12.6832311178378,0.606788068834672,3.25432574973193,0.136477981006712,0.298341232978189,0.150617372815902,9.84478626664822
"RNAP",0.0636274247491639,0.42478801259845,0.817943731729724,1.11990106579486,4,1.25379979707726,12.6899898535584,0.607479923236095,3.25015943564898,0.136528060103628,0.297008588025528,0.151053647633418,9.85610373580559
"RNAP",0.0631264214046823,0.421443225097675,0.817038859062178,1.11866214455189,4,1.25393581004963,12.6967905173398,0.608175717404241,3.24597358029783,0.13657830933611,0.295670614932828,0.151491121453121,9.86748503594439
"RNAP",0.0626254180602007,0.4180984375969,0.816117978909915,1.11740130639887,4,1.25407270971524,12.7036354925086,0.608875577880698,3.24176844313696,0.136628734291055,0.294327329157573,0.15192984057226,9.87893239917337
"RNAP",0.0621244147157191,0.414753650096125,0.815180854909933,1.11611822771552,4,1.25421045048918,12.7105224850065,0.609579372418498,3.23754397830385,0.136679337624912,0.292978657961398,0.152369837557129,9.89044345833338
"RNAP",0.0616234113712374,0.41140886259535,0.814227211454318,1.11481253114875,4,1.25434907214367,12.7174536232271,0.610287276113215,3.23329951628581,0.136730116545222,0.29162453160065,0.152811071728153,9.90202113599064
"RNAP",0.0611224080267559,0.408064075094574,0.813256788620868,1.11348386082181,4,1.25448859658176,12.7244298406943,0.6109993343502,3.22903525161638,0.136781072386457,0.290264929693012,0.153253598440122,9.91366621259317
"RNAP",0.0606214046822742,0.404719287593799,0.812269352262369,1.11213189614821,4,1.25462900519719,12.7314502593759,0.611715498920182,3.22475113122329,0.136832210623063,0.288899824623339,0.153697420307952,9.92537781174373
"RNAP",0.0601204013377926,0.401374500093024,0.811264618202079,1.11075624804271,4,1.2547703279749,12.7385163973207,0.612435860282891,3.22044719428215,0.136883532889209,0.2875291820271,0.154142571379521,9.93715748573215
"RNAP",0.059619397993311,0.398029712592249,0.810242315158121,1.10935654507528,4,1.25491257930453,12.7456289647325,0.613160553052352,3.21612215735765,0.136935023769073,0.286152907133523,0.154588937055683,9.94900730779833
"RNAP",0.0591183946488294,0.394684925091474,0.80920215898029,1.10793239819701,4,1.25505572929596,12.7527864606781,0.613889404194722,3.21177724852226,0.136986704164675,0.284770983117023,0.155036709500109,9.96092442223592
"RNAP",0.0586173913043478,0.391340137590698,0.808143882280227,1.10648344130874,4,1.25519983369779,12.7599916993057,0.614622621538083,3.20741190724649,0.137038572879922,0.283383405013649,0.155485815391788,9.97291235990871
"RNAP",0.0576153846153846,0.384650562589148,0.805971665251097,1.10350931476227,4,1.255490877588,12.7745438816912,0.616102168557237,3.19861862001423,0.137142857100588,0.280590860206356,0.156388152584315,9.99710045295638
"RNAP",0.057114381270903,0.381305775088373,0.804857168845072,1.10198338374218,4,1.2556378951416,12.7818947553983,0.61684876848013,3.19419020859725,0.137195277443473,0.279185894957784,0.156841329235983,10.0093052038746
"RNAP",0.0566133779264214,0.377960987587598,0.803723288340175,1.10043091266543,4,1.25578586208758,12.7892931025902,0.617599776200131,3.18974068295155,0.137247898451167,0.277774975682553,0.157295951145155,10.0215811752481
"RNAP",0.0561123745819398,0.374616200086822,0.802569738585811,1.09885151111341,4,1.25593480791029,12.7967404024446,0.618355289213391,3.18526996466403,0.137300704883216,0.276358118416161,0.157752017273726,10.033930013639
"RNAP",0.0556113712374582,0.371271412586047,0.80139617634197,1.09724470913343,4,1.25608480041946,12.8042400137949,0.619115555080304,3.18077736844586,0.137353708776912,0.274935271677815,0.158209456013894,10.0463559369522
"RNAP",0.0551103678929766,0.367926625085272,0.800202261732312,1.09561004137823,4,1.25623578865565,12.8117894201788,0.619880424456192,3.17626299680442,0.13740689278055,0.273506345620468,0.158668368560503,10.0588562081735
"RNAP",0.054609364548495,0.364581837584497,0.798987650683579,1.09394703675428,4,1.2563878098366,12.81939049234,0.62064998830734,3.17172712305195,0.137460282114364,0.272071323052672,0.159128797533383,10.0714324886794
"RNAP",0.0541083612040134,0.361237050083722,0.797751985592902,1.09225520564373,4,1.25654087903507,12.8270439487135,0.621424349064578,3.16716895761314,0.137513870384914,0.270630116352348,0.159590688421742,10.0840863466798
"RNAP",0.0536073578595318,0.357892262582946,0.796494902616356,1.09053404988373,4,1.25669501042787,12.8347505218618,0.622203574246381,3.16258817350598,0.13756765182963,0.269182663488147,0.160054048494662,10.0968188894438
"RNAP",0.0526053511705686,0.351202687581396,0.793914975473761,1.08700170035333,4,1.25700651456508,12.8503257279589,0.623776769107897,3.15335915533649,0.137675820873195,0.266268821911238,0.160985392121489,10.1225224257908
"RNAP",0.0521043478260869,0.347857900080621,0.792591357428091,1.08518944701298,4,1.25716390637999,12.8581953187077,0.62457083969012,3.14871036841669,0.137730212427232,0.264802292550523,0.161453400962064,10.135494983647
"RNAP",0.0516033444816053,0.344513112579846,0.79124476902222,1.08334574342748,4,1.25732240482322,12.8661202473581,0.62536992778202,3.1440388764826,0.13778481177921,0.263329286038894,0.161923049492264,10.1485486251623
"RNAP",0.0511023411371237,0.34116832507907,0.789874795274454,1.08147002141787,4,1.25748205498325,12.874102750376,0.626174266036075,3.13934327717303,0.137839619194881,0.26184970037612,0.162394196041536,10.1616871346153
"RNAP",0.0506013377926421,0.337823537578295,0.788481015696218,1.0795617052653,4,1.25764285109972,12.8821425580855,0.626983782048777,3.13462444687186,0.137894633936424,0.260363508033127,0.162867005237781,10.1749093289719
"RNAP",0.0501003344481605,0.33447875007752,0.787062988308293,1.0776201898267,4,1.25780480856951,12.8902404253179,0.627798568978914,3.12988174855326,0.137949858746413,0.258870609440881,0.163341460686246,10.1882166480249
"RNAP",0.0495993311036789,0.331133962576745,0.785620268419242,1.07564486624548,4,1.25796793995081,12.898396998385,0.628618666455337,3.12511521540829,0.138005303246827,0.25737094208523,0.163817610004553,10.2016097259341
"RNAP",0.0490983277591973,0.32778917507597,0.784152399619086,1.07363510962046,4,1.25813227525412,12.9066137624777,0.629444218885318,3.12032408531311,0.138060961341342,0.255864422792237,0.164295403168238,10.2150909052744
"RNAP",0.0485973244147157,0.324444387575194,0.782658907630534,1.07159027058709,4,1.25829781821315,12.9148909095325,0.630275222856285,3.11550864993115,0.138116841028039,0.254350984295565,0.164774942157989,10.2286600807428
"RNAP",0.0480963210702341,0.321099600074419,0.781139309787746,1.06950968829555,4,1.25846460981468,12.9232304976487,0.631111859947993,3.11066810517904,0.138172940159231,0.2528305457512,0.165256162287798,10.2423202356088
"RNAP",0.0475953177257525,0.317754812573644,0.779593104627535,1.06739267615928,4,1.25863264445738,12.931632213396,0.631954084052445,3.10580290890692,0.138229266268231,0.251303032924847,0.165739203743393,10.2560705623743
"RNAP",0.0470943143812709,0.314410025072869,0.778019775615811,1.06523852695717,4,1.25880195702703,12.9400978600237,0.632802065037486,3.10091222187409,0.138285812155308,0.249768351945363,0.166224004477426,10.2699138182531
"RNAP",0.0465933110367893,0.311065237572094,0.776418803972849,1.06304653039346,4,1.25897255465547,12.9486277323258,0.633655829875752,3.09599598781141,0.13834259140688,0.248226417649781,0.166710627706456,10.2838503571879
"RNAP",0.0460923076923077,0.307720450071318,0.774789642683911,1.06081593751395,4,1.25914446192783,12.9572230930169,0.634515479070942,3.09105389589269,0.138399609236932,0.246677141236362,0.167199086327829,10.2978818125015
"RNAP",0.0455913043478261,0.304375662570543,0.773131739002127,1.05854599151621,4,1.25931770032308,12.9658850223553,0.635381102729022,3.08608565593882,0.138456853543524,0.245120443051757,0.167689409857434,10.3120096271056
"RNAP",0.0450903010033445,0.301030875069768,0.77144451316844,1.05623589861363,4,1.25949228543099,12.9746142710984,0.636252759687027,3.08109112506897,0.138514337377411,0.243556222090096,0.168181659229423,10.3262347192774
"RNAP",0.0445892976588629,0.297686087568993,0.769727374926748,1.05388485064738,4,1.25966825014599,12.9834125117625,0.637130611118647,3.07606949977908,0.138572060734627,0.241984373741327,0.168675780959296,10.3405596657622
"RNAP",0.0430862876254181,0.287651725066667,0.764390306004387,1.04657751526169,4,1.26020462224,13.0102310977043,0.63980200375031,3.06084163402485,0.138746710770196,0.237222156423887,0.170170096038741,10.3841444025592
"RNAP",0.0425852842809365,0.284306937565892,0.76254724215973,1.04405405419231,4,1.26038630845834,13.0193154198983,0.64070539964208,3.05571004137791,0.138805429616206,0.235618830217498,0.170672269039385,10.3988809497694
"RNAP",0.0420842809364548,0.280962150065117,0.760671031025213,1.04148520896777,4,1.26056950019049,13.0284750035071,0.641615498306575,3.05054981815278,0.138864407918889,0.234007365185804,0.171176489027992,10.4137254718262
"RNAP",0.0415832775919732,0.277617362564342,0.758760958923763,1.03887000244539,4,1.26075421551418,13.037710779893,0.642532355738862,3.04536102985001,0.138923650114258,0.232387655663638,0.171682854218638,10.4286788740865
"RNAP",0.0410822742474916,0.274272575063566,0.756816293267699,1.03620743159075,4,1.2609404829879,13.0470241493471,0.643456111088238,3.04014299493619,0.138983154960954,0.230759572446633,0.172191366532222,10.4437433224303
"RNAP",0.04058127090301,0.270927787562791,0.754836293877907,1.03349648297548,4,1.26112831949966,13.0564159793705,0.644386832421858,3.03489557236895,0.139042925776412,0.22912300834688,0.172702092454436,10.4589198648547
"RNAP",0.0400802675585284,0.267583000062016,0.752820157979671,1.03073605746742,4,1.26131777155909,13.0658885709057,0.645324701847745,3.029618184347,0.139102972788239,0.227477825273152,0.173215043339725,10.4742114955617
"RNAP",0.0395792642140468,0.264238212561241,0.750767088075894,1.02792506316036,4,1.26150883057899,13.075441518031,0.64626972131061,3.02431060382216,0.139163303056948,0.225823878352986,0.173730293340165,10.4896180106131
"RNAP",0.0390782608695652,0.260893425060466,0.74867625580715,1.0250623658924,4,1.2617015767322,13.0850788416219,0.647222181746658,3.01897215364779,0.139223910281605,0.224161068972123,0.174247836322711,10.5051443271648
"RNAP",0.0385772575250836,0.25754863755969,0.746546798670595,1.02214678475365,4,1.26189600806452,13.0948004090144,0.64818209518432,3.01360269273014,0.139284807794994,0.222489241526092,0.174767759633106,10.5207904338773
"RNAP",0.038076254180602,0.254203850058915,0.744377815833684,1.01917708635445,4,1.26209217911196,13.1046089548319,0.649149679197632,3.00820153484463,0.139345995392356,0.220808255174597,0.175290078894981,10.5365599020709
"RNAP",0.0375752508361204,0.25085906255814,0.742168401777852,1.01615203088924,4,1.26229010116626,13.1145050574787,0.650125001020901,3.00276833285479,0.139407482997558,0.219117961758198,0.175814848010422,10.5524536788698
"RNAP",0.0370742474916388,0.247514275057365,0.73991758697689,1.0130702909153,4,1.26248983067267,13.1244915344683,0.651108269442323,2.99730262872791,0.139469269051294,0.217418216865445,0.176342124859575,10.5684751895907
"RNAP",0.0365732441471572,0.24416948755659,0.737624387091158,1.00993051870789,4,1.26269139593173,13.1345697976741,0.652099605807603,2.99180400315824,0.139531366605543,0.215708861001764,0.176871963545896,10.5846263283321
"RNAP",0.0360722408026756,0.240824700055814,0.735287768303902,1.00673129879985,4,1.26289485006159,13.1447425036531,0.653099237981834,2.9862715899973,0.139593780730046,0.213989724038989,0.177404359068493,10.6009107630596
"RNAP",0.035571237458194,0.237479912555039,0.732906695958101,1.00347121457357,4,1.26310019150352,13.1550095774826,0.654107180175743,2.98070527946935,0.139656514902727,0.21226064160846,0.177939437709201,10.6173285166017
"RNAP",0.0350702341137124,0.234135125054264,0.730480026786981,1.0001487007066,4,1.26330752742196,13.165376373121,0.655123834652187,2.97510399678624,0.139719568192313,0.210521443363159,0.17847717015664,10.6338863104967
"RNAP",0.0340682274247492,0.227445550052714,0.725485373144696,0.993310188813564,4,1.26372819518349,13.1864097612878,0.657183406408399,2.96379593711027,0.139846694721161,0.207011966479238,0.179561072069004,10.66742318493
"RNAP",0.033066220735786,0.220755975051163,0.720294116864271,0.986202495196343,4,1.2641572163243,13.2078608230228,0.659279470565719,2.95234242986194,0.139975203400845,0.203459761618677,0.180656518373058,10.7015454623942
"RNAP",0.0320642140468227,0.214066400049613,0.714895789304578,0.978811286543364,4,1.26459497414653,13.2297487108288,0.661413612240469,2.94073851434578,0.140105169581116,0.199863176536254,0.181764054883719,10.7362782112487
"RNAP",0.0315632107023411,0.210721612548838,0.712115480119849,0.975004580655867,4,1.26481725953111,13.2408629765097,0.662495506451732,2.93487839695025,0.140170713817298,0.198047698360164,0.182322519630784,10.7538821180549
"RNAP",0.0310622073578595,0.207376825048062,0.70927906989461,0.971121063109299,4,1.26504189439522,13.2520947193635,0.663587607094738,2.92897846287751,0.140236646591244,0.196220440803918,0.182884205731248,10.7716495495474
"RNAP",0.0305612040133779,0.204032037547287,0.706385009647454,0.967158613090384,4,1.26526893878646,13.2634469388253,0.664690151836883,2.92303809671523,0.140302978605796,0.194381174677684,0.18344921551884,10.7895842698999
"RNAP",0.0300602006688963,0.200687250046512,0.703431666201681,0.963114994508474,4,1.26549844363715,13.274922182255,0.665803368988628,2.91705644027504,0.140369711470141,0.192529641207265,0.18401760579515,10.8076898225068
"RNAP",0.0295591973244147,0.197342462545737,0.700417308048493,0.95898783663992,4,1.2657304900625,13.286524493503,0.666927578151813,2.91103256119936,0.140436876094893,0.190665560756553,0.184589456205566,10.8259713687968
"RNAP",0.0290581939799331,0.193997675044962,0.697340174362779,0.954774728622163,4,1.26596515018735,13.2982574846061,0.668063081362081,2.90496549706252,0.140504461765441,0.188788675729487,0.185164837741739,10.8444336901008
"RNAP",0.0280561872909699,0.187308100043411,0.690990033917316,0.946080329757119,4,1.26644247477337,13.3221237428589,0.670368678315317,2.89269976101132,0.140640968566728,0.184995282899262,0.186326802032143,10.8819112999929
"RNAP",0.0275551839464883,0.183963312542636,0.687713014900778,0.94159354546269,4,1.26668532832049,13.3342663886532,0.671539536686835,2.88649868742549,0.140709913475743,0.183078153556533,0.186913513204663,10.9009388537868
"RNAP",0.0270541806020067,0.180618525041861,0.684365240914688,0.937009885842079,4,1.26693107482117,13.3465537388566,0.672722840731555,2.88025102410613,0.140779336665971,0.181146987385035,0.187504197876787,10.9201653013726
"RNAP",0.0260521739130435,0.17392895004031,0.677448274595826,0.92753940804261,4,1.26743159651403,13.3715798260052,0.675128253388146,2.86761092308235,0.140919677367609,0.177241078424648,0.188697898159242,10.9592380342892
"RNAP",0.0255511705685619,0.170584162539535,0.67387427208883,0.92264600393488,4,1.26768656006881,13.38432799161,0.676351128308607,2.86121626391397,0.140990625162213,0.17526560815037,0.189301138557488,10.9790964431853
"RNAP",0.0250501672240803,0.16723937503876,0.670219831065775,0.917642466114559,4,1.26794477906888,13.3972389288376,0.677587947808799,2.85477034300816,0.14106211281968,0.173274595922107,0.189908833512957,10.9991773934183
"RNAP",0.0245491638795987,0.163894587537985,0.66648220237305,0.912525030532925,4,1.26820636052737,13.4103180109146,0.67883916506464,2.84827167146504,0.14113415185255,0.171267613716653,0.190521089303676,11.0194880285552
"RNAP",0.024048160535117,0.16054980003721,0.662658546261883,0.907289809101405,4,1.2684714181211,13.4235709059549,0.680105237410337,2.84171896793074,0.141206765015203,0.169244244731014,0.19113804242961,11.0400355716191
"RNAP",0.0235471571906354,0.157205012536434,0.658745813818611,0.901932627349888,4,1.26874003859256,13.4370019299151,0.68138650060577,2.83511154319162,0.141279982450366,0.167204017996631,0.191759956170281,11.0608252187239
"RNAP",0.0230461538461539,0.153860225035659,0.654740770130606,0.896449056144731,4,1.26901237590808,13.4506187950735,0.68268361547213,2.82844700242027,0.141353804687902,0.165146430413818,0.192386861666394,11.0818675048507
"RNAP",0.0220441471571906,0.147170650034109,0.64644010223816,0.885084060657937,4,1.26956867745705,13.4784338727634,0.685327354407552,2.81494096551664,0.141503401770019,0.160977109229762,0.193656421996907,11.1247405459247
"RNAP",0.021543143812709,0.143825862533334,0.642137092349242,0.879192524145353,4,1.26985292855597,13.4926464390417,0.686675132260851,2.80809631447261,0.141579220108969,0.158864264376697,0.194299466179485,11.1465895209323
"RNAP",0.0210421404682274,0.140481075032558,0.637727002954396,0.873154377972273,4,1.27014143716483,13.5070718681429,0.688040990147734,2.80118796250899,0.141655744134867,0.156731816339277,0.194948270478295,11.1687260792778
"RNAP",0.0205411371237458,0.137136287531783,0.633205566278013,0.866963778843777,4,1.27043436030921,13.5217180129437,0.689425559353319,2.79421420971186,0.141733018065514,0.154579122206632,0.195603073313287,11.1911601422632
"RNAP",0.0200401337792642,0.133791500031008,0.628568236501672,0.860614502778069,4,1.27073189989738,13.5365949953238,0.69082966980671,2.78717252390493,0.141811053822285,0.152405506027573,0.196264029072028,11.2139048952737
"RNAP",0.0195391304347826,0.130446712530233,0.623810177743034,0.854099928647592,4,1.27103421496034,13.5517107581909,0.692253963936245,2.78006123350077,0.141889903935464,0.15021023544857,0.196931446437853,11.2369703143272
"RNAP",0.019038127090301,0.127101925029458,0.618926209621856,0.84741296364983,4,1.27134151035362,13.5670755178111,0.69369929240392,2.77287772429087,0.141969589805285,0.147992526074298,0.197605565124492,11.260369755757
"RNAP",0.0185371237458194,0.123757137528682,0.613910832032372,0.840546077224832,4,1.27165397855948,13.5826989286805,0.695166462857751,2.76561957107891,0.142050146548956,0.145751552486191,0.198286644674611,11.284115778887
"RNAP",0.0180361204013378,0.120412350027907,0.608758135101582,0.833491177773122,4,1.27197189339769,13.5985946679655,0.696656517509917,2.75828438067152,0.142131638014756,0.143486454725559,0.198974999115952,11.30822510203
"RNAP",0.0175351170568562,0.117067562527132,0.603461785642608,0.82623959410809,4,1.27229544327902,13.6147721600998,0.698170331975449,2.75086882619148,0.142214063811224,0.141196255043747,0.199670901365554,11.3327109975898
"RNAP",0.0170341137123746,0.113722775026357,0.598014987809574,0.818782021585975,4,1.27262489478896,13.6312447383917,0.699708953621044,2.743370341139,0.142297522799225,0.138879943773987,0.200374744520436,11.3575899577339
"RNAP",0.016533110367893,0.110377987525582,0.592410417223016,0.811108431912593,4,1.27296057646031,13.6480288198777,0.701273670567762,2.73578566108667,0.142382043992951,0.136536459906361,0.201086866981502,11.3828824985488
"RNAP",0.0160321070234114,0.107033200024806,0.586640179970711,0.803208017008648,4,1.27330272770062,13.6651363852098,0.702865552326247,2.72811114496225,0.14246765495555,0.134164600044057,0.201807677800308,11.4086048621641
"RNAP",0.0150301003344482,0.100343625023256,0.574567851062989,0.786678990028035,4,1.27400796143695,13.7003980698169,0.706136871749349,2.71247645781741,0.1426424782389,0.129330651967775,0.203276831133717,11.461434980911
"RNAP",0.0145290969899665,0.0969988375224807,0.56824645942837,0.778023953068529,4,1.27437171175288,13.7185855935622,0.707819074313737,2.70450861656597,0.142731813553093,0.126865692541169,0.20402627815212,11.4885854413238
"RNAP",0.0135270903010034,0.0903092625209305,0.554978369181384,0.759857729852613,4,1.27512372322687,13.7561861716285,0.71128562160559,2.68824752316312,0.142914741008205,0.121831771872879,0.205557494887223,11.5444992512424
"RNAP",0.0130260869565217,0.0869644750201552,0.548006601140504,0.750312219377284,4,1.27551294770224,13.7756473852896,0.71307390848319,2.6799434284757,0.143008519968374,0.119259126810491,0.206340484863731,11.5733239486784
"RNAP",0.0125250836120401,0.08361968751938,0.540790895407447,0.740432717612751,4,1.27591174865355,13.7955874316969,0.71490198660212,2.67151507043575,0.143103950331278,0.116646618693455,0.207135931065737,11.6027758627594
"RNAP",0.0120240802675585,0.0802749000186048,0.533315358987529,0.730197464404867,4,1.27632069315706,13.8160346585783,0.71677213980945,2.66295691579706,0.143201172961453,0.113991925601304,0.207944805860811,11.6328901959477
"RNAP",0.0115230769230769,0.0769301125178295,0.525562348527484,0.719582303067349,4,1.27674047201969,13.8370235997327,0.718687241299475,2.65426063381616,0.143300314642792,0.111292463597175,0.208767837033173,11.6637115158002
"RNAP",0.0110220735785953,0.0735853250170543,0.517512264415087,0.708560398469893,4,1.27717192760991,13.8585963804325,0.720650612289645,2.64541826797253,0.143401508283404,0.108545425998729,0.209606055959654,11.6952919611029
"RNAP",0.0105210702341137,0.0702405375162793,0.509143191851479,0.697101745606476,4,1.27761592034419,13.8807960172591,0.722665799386901,2.63642002694219,0.143504928068871,0.105747627828908,0.210460425275659,11.7276864238208
"RNAP",0.0100200668896321,0.066895750015504,0.500430508588815,0.685172632522919,4,1.27807336742122,13.9036683735313,0.724736532469525,2.62725657599935,0.143610748802069,0.102895504743944,0.211332337564103,11.7609523102343
"RNAP",0.0095190635451505,0.0635509625147288,0.491346409758986,0.672734989728349,4,1.27854541947665,13.9272709743568,0.726867480864961,2.6179156801926,0.143719181108634,0.099985060073807,0.212223048417567,11.7951621659091
"RNAP",0.00901806020066889,0.0602061750139536,0.481859289424092,0.659745543434895,4,1.27903337366699,13.9516686830746,0.729063818045407,2.60838502967376,0.143830457298372,0.0970117774011408,0.213134237386077,11.8303962962645
"RNAP",0.00801605351170567,0.0535166000124031,0.461525917534231,0.631905774062858,4,1.28006300499646,14.0031502621483,0.733677182167683,2.58869153091519,0.144062702133136,0.0908551944170833,0.215025221473668,11.9043156276039
"RNAP",0.00751505016722406,0.0501718125116279,0.450589590892089,0.616932123202407,4,1.28060836098948,14.0304180500272,0.736109053402998,2.57849243303993,0.144184353412226,0.0876590652743004,0.216009534080701,11.9432298301893
"RNAP",0.00651304347826087,0.0434822375100776,0.426891611911081,0.584485646888087,4,1.28177198258925,14.0885991300107,0.741270824886803,2.55727542741077,0.144440936331776,0.0809905920973651,0.218070095702455,12.0257012072175
"RNAP",0.00601204013377926,0.0401374500093024,0.413981864341298,0.566810054421637,4,1.28239648037048,14.1198240185236,0.744025804682692,2.54619835757058,0.144577023624436,0.077497359157478,0.219153644525802,12.0696440213573
"RNAP",0.00551103678929765,0.0367926625085272,0.400239728619719,0.547994784074923,4,1.28305455042837,14.1527275188217,0.74691746299248,2.5347619180546,0.144719302986565,0.073880505851053,0.220279300965257,12.11570637304
"RNAP",0.00501003344481604,0.0334478750077519,0.385543582946961,0.527873315368031,4,1.28375154203269,14.1875771072545,0.749967243643017,2.52291710083959,0.144868756197869,0.0701230397835115,0.221452857979612,12.1642174717738
"RNAP",0.00450903010033443,0.0301030875069767,0.369740019915751,0.506235608035058,4,1.28449410626335,14.2247053132248,0.753201791266852,2.51060512859934,0.145026609180894,0.0662035873346652,0.222681997559758,12.2155843457853
"RNAP",0.00350702341137124,0.0234135125054264,0.333953050524031,0.457237292370236,4,1.28615328698897,14.3076643490977,0.760374591700642,2.48426284301604,0.145374633470202,0.0577597829602789,0.225351442191228,12.3291565270496
"RNAP",0.00300602006688963,0.0200687250046512,0.31334331654096,0.42901913730891,4,1.28709798324119,14.3548991619464,0.764424991370343,2.47000109247258,0.145570059995863,0.0531490771969068,0.226823627577319,12.3930628779
"RNAP",0.00250501672240802,0.016723937503876,0.290277116635789,0.397437671670667,4,1.28814913036497,14.407456518244,0.768903049698697,2.45477857717962,0.145785307012884,0.0481906892352814,0.228420605465273,12.4635044888872
"RNAP",0,0,2.25466177819665e-13,3.08700712586878e-13,4,1.33147886984729,16.5739434923378,0.977940266189391,1.07587547150288,0.168198908018642,0.000360360177692408,2.43216775924721e-06,16.180451244519
"RNAP",0.1778,1.18702444641997,0.830899604610184,1.13763981148638,4,1.23649971835369,11.8249859170527,0.515913576587041,3.83557069714074,0.128827614240555,0.500352632099008,0.0748353239297274,8.35500813668963
"RNAP",0.1918,1.28049093826406,0.821197845087459,1.12435648843113,4,1.23556598095869,11.7782990484281,0.510804506325927,3.86998434232219,0.128325484963631,0.514445402073823,0.0683375238149843,8.27115712616159
"RNAP",0.2758,1.84128988932861,0.749384090595359,1.02603150949357,4,1.23246014364525,11.6230071873781,0.493713306455957,3.98593016762138,0.126590031039666,0.568113273332746,0.0404806423796231,7.9907503793585
"RNAP",0.2898,1.93475638117271,0.736139598980043,1.00789759673097,4,1.23219819438617,11.6099097178908,0.492268693394195,3.99573899660415,0.12644118383902,0.573478885586158,0.0373224329468229,7.96706709561588
"RNAP",0.2938,1.96146109312816,0.73231598402617,1.00266243165063,4,1.23213132819292,11.6065663853705,0.491900054878038,3.99823975579859,0.126403229077408,0.574885896355378,0.0364791855887617,7.96102448141745
"RNAP",0.3038,2.0282228730168,0.722691979698065,0.989485568394442,4,1.23197770700152,11.5988853422979,0.491053467475594,4.00397760068951,0.126316265884683,0.578182398892455,0.0344777172663443,7.94714907935648
"RNAP",0.3078,2.05492758497225,0.71881754121157,0.984180817441456,4,1.23192126189135,11.5960630982451,0.490742505351461,4.00608336820385,0.126284403518669,0.579418589061339,0.0337173994157942,7.94205315599748
"RNAP",0.3198,2.13504172083862,0.707118608549851,0.968163032050748,4,1.23176701057112,11.5883505391762,0.489893327339201,4.01182572620036,0.126197633921886,0.582870955784774,0.0315645185428126,7.9281389526128
"RNAP",0.3298,2.20180350072725,0.697291686599443,0.954708340806313,4,1.23165390559585,11.582695429107,0.489271296144229,4.01602365505498,0.126134342163821,0.585481099827869,0.0299062910275753,7.91794868558789
"RNAP",0.3318,2.21515585670498,0.695318614697679,0.952006877074813,4,1.23163278219285,11.5816390787676,0.489155201193149,4.01680606987538,0.126122513726393,0.58597661068749,0.0295884490062616,7.91604693423755
"RNAP",0.3378,2.25521292463816,0.68938508910307,0.943882893260827,4,1.23157220825314,11.5786107318202,0.488822294930613,4.0190493558535,0.126088832523755,0.58741352641247,0.0286610757825183,7.91059440037745
"RNAP",0.3398,2.26856528061589,0.687402663495452,0.941168622749657,4,1.23155290790684,11.577645691431,0.48871624935527,4.01976340630192,0.126078110688668,0.587876517532132,0.0283604104300009,7.90885764393949
"RNAP",0.3418,2.28191763659362,0.685418033791786,0.938451334464259,4,1.23153403058261,11.5767017950717,0.488612539900604,4.02046151583912,0.126067636285174,0.588331829838974,0.0280638535397531,7.90715921725896
"RNAP",0.3438,2.29526999257135,0.683431249803411,0.935731096604645,4,1.23151555722238,11.5757781211656,0.488511097444983,4.02114385068968,0.126057412824425,0.5887795708147,0.0277713284196354,7.9054979769978
"RNAP",0.3498,2.33532706050453,0.677458461347696,0.927553355400886,4,1.23146250557925,11.5731254607238,0.48821986324705,4.0231014080118,0.126028122798294,0.590079254675634,0.0269172601879397,7.90072904734784
"RNAP",0.3518,2.34867941648226,0.675463539929075,0.924821976045283,4,1.23144557832709,11.5722789173769,0.488126960712447,4.0237253240508,0.126018801583905,0.590498466449951,0.026640176823166,7.89920790785395
"RNAP",0.3578,2.38873648441544,0.669467417831119,0.916612287202829,4,1.23139693889873,11.5698469326738,0.487860088206461,4.02551677803478,0.125992092983329,0.59171618752738,0.0258308294727785,7.89483875581951
"RNAP",0.3598,2.40208884039317,0.667465063474007,0.913870730917673,4,1.23138116472541,11.5690580723486,0.487773835107295,4.02609313902595,0.125983526752361,0.592110063489653,0.0255682475714851,7.89342629984058
"RNAP",0.3618,2.41544119637089,0.665460947332516,0.911126762456557,4,1.23136621395276,11.5683107073765,0.487691611618145,4.0266464760746,0.125975217728156,0.592496000035468,0.025308876906553,7.89208078391807
"RNAP",0.3638,2.42879355234862,0.663455111974532,0.908380440102006,4,1.23135123166838,11.5675616885427,0.487609598810889,4.02719510985311,0.125967106701808,0.592876976210005,0.0250530397885475,7.89073818287451
"RNAP",0.3678,2.45549826430408,0.65943843205892,0.902880936965111,4,1.23132214996217,11.566107499228,0.487450541064144,4.02825757466506,0.125951417953349,0.593621187155781,0.0245512829380459,7.88813424476519
"RNAP",0.3698,2.4688506202818,0.657427656476813,0.900127850621734,4,1.23130829672246,11.5654148351149,0.487374674147483,4.0287650849035,0.125943781982672,0.593983603989998,0.0243051221961932,7.88689257789234
"RNAP",0.3718,2.48220297625953,0.655415303243352,0.89737260421115,4,1.231294580356,11.5647290186347,0.487299561767816,4.029267385768,0.125936347353628,0.594341334703771,0.0240622146123438,7.88566326723288
"RNAP",0.3978,2.65578360396999,0.629124638772942,0.861376310066804,4,1.23113927078661,11.556963524508,0.486450804160847,4.03492176321914,0.125853185458926,0.598531157558163,0.0211681948036679,7.87177601082899
"RNAP",0.4018,2.68248831592544,0.625061353558649,0.855812996521394,4,1.23111851449929,11.5559257297135,0.486338002871059,4.03566692326434,0.12584237684168,0.599107650093656,0.0207627911311717,7.86993045557128
"RNAP",0.4038,2.69584067190317,0.62302773884003,0.853028639599945,4,1.23110851270003,11.5554256280118,0.486283558626106,4.03602714006315,0.125837159917713,0.599389580583978,0.0205636652424478,7.86903992851213
"RNAP",0.4118,2.74925009581408,0.614882334010768,0.841876225080756,4,1.23107031700378,11.5535158463741,0.486075548947336,4.03740372907436,0.12581717094883,0.600479506831433,0.0197905288588548,7.8656381844703
"RNAP",0.4138,2.76260245179181,0.612843347661398,0.839084513503027,4,1.23106129966387,11.5530652294971,0.486026413402464,4.03772905311312,0.125812499821984,0.600742166845479,0.0196028375588498,7.86483492973811
"RNAP",0.4218,2.81601187570272,0.604677456500538,0.827904049787177,4,1.23102649370591,11.5513247029632,0.485837142715926,4.0389777703183,0.125794508808885,0.60175916492011,0.0188736861396097,7.86174033296632
"RNAP",0.4278,2.8560689436359,0.598542581685428,0.819504385387976,4,1.23100209712618,11.5501048567577,0.485704524162195,4.0398516545613,0.125782031053782,0.602486245495134,0.0183483372131336,7.85957258431723
"RNAP",0.4338,2.89612601156908,0.592400711896619,0.811095143705893,4,1.23097882388666,11.5489412706551,0.485578438516585,4.04067865998041,0.125770219329134,0.603185002474735,0.0178406477097921,7.85751144060079
"RNAP",0.4378,2.92283072352454,0.58830155037661,0.805482709528526,4,1.23096403844417,11.5482019234033,0.485498323545879,4.04120379508047,0.125762759941024,0.603635643892727,0.0175114925286598,7.85620205094351
"RNAP",0.4478,2.98959250341317,0.578039644090498,0.791432452351787,4,1.23092918866869,11.5464594069335,0.485309873495584,4.04243517829629,0.125745254845247,0.604712769627949,0.0167196716046537,7.85312232555189
"RNAP",0.4498,3.0029448593909,0.575984974017566,0.788619267146899,4,1.23092271562756,11.5461357923608,0.485274341627494,4.04267160626644,0.125741923637698,0.604920810218893,0.0165664404665226,7.85254248863982
"RNAP",0.4538,3.02964957134635,0.57187292966418,0.782989194227073,4,1.23090981492799,11.5454907495298,0.485204619272594,4.04312641889089,0.125735509359833,0.605327978698703,0.0162648076745475,7.85140337668007
"RNAP",0.4618,3.08305899525726,0.563641975154986,0.771719647961509,4,1.23088523638852,11.5442618158416,0.48507213560419,4.04398695155059,0.125723537637629,0.60611200096906,0.0156805704237157,7.8492389639389
"RNAP",0.4718,3.1498207751459,0.553337832905477,0.75761156272327,4,1.23085671748796,11.5428358750077,0.484918667143022,4.04498069220285,0.125709764580094,0.607039894883086,0.0149838499238713,7.84673223121126
"RNAP",0.4758,3.17652548710136,0.549211834637917,0.751962384573158,4,1.23084604146092,11.5423020726979,0.484860883525196,4.04535715557449,0.12570468284229,0.607396213649882,0.0147150775749988,7.84578915235553
"RNAP",0.4778,3.18987784307908,0.547147941902936,0.749136572009373,4,1.23084073485902,11.5420367471739,0.484832470608908,4.04553991441948,0.125702058962534,0.607571253878819,0.0145827409647715,7.84532497755348
"RNAP",0.4898,3.26999197894545,0.534752730313976,0.732165464913933,4,1.23081104954512,11.5405524777755,0.484672928278656,4.04656900981127,0.125688018195101,0.608578277254493,0.0138159839110845,7.84272062617019
"RNAP",0.4938,3.2966966909009,0.530616159197326,0.726501810774209,4,1.23080185991656,11.5400929273072,0.484623078316454,4.04689413528088,0.125683567632115,0.608899901460622,0.0135703929382623,7.84190768600471
"RNAP",0.4958,3.31004904687863,0.528547876994963,0.723669988299218,4,1.23079710469823,11.5398552455662,0.484598036669012,4.04705126907695,0.12568148425549,0.609057469502025,0.0134494344521248,7.84149834041589
"RNAP",0.4998,3.33675375883409,0.52440877420517,0.718002867877716,4,1.23078814122887,11.539407060357,0.484550148536089,4.0473573142223,0.125677351014497,0.609367569793993,0.0132109470476357,7.84071661458239
"RNAP",0.5018,3.35010611481181,0.522338478000835,0.715168287898917,4,1.23078394926194,11.5391975506099,0.484527630580186,4.04750213545241,0.125675371449716,0.609519260642593,0.0130933806694894,7.84034939459778
"RNAP",0.5078,3.390163182745,0.516124759179599,0.706660672936533,4,1.23077129924129,11.5385649917486,0.484459911250579,4.0479355698013,0.125669558703035,0.609966735693873,0.012747501024152,7.83924449174316
"RNAP",0.5138,3.43022025067818,0.509906889005221,0.698147374080958,4,1.23075915541846,11.5379578505205,0.48439499063679,4.04835003827471,0.125664120719844,0.610399980543819,0.0124113562749592,7.83818541320698
"RNAP",0.5218,3.48362967458909,0.501610262798736,0.686787912334737,4,1.23074392016226,11.5371959569967,0.484313528850322,4.04886952585445,0.125657323435928,0.610955791966432,0.0119775959226326,7.83685693518211
"RNAP",0.5238,3.49698203056682,0.499535052586538,0.683946604261535,4,1.23074023089953,11.5370115589387,0.484293857113145,4.04899470440064,0.125655565908733,0.611091320544085,0.0118716570874443,7.83653608610306
"RNAP",0.5258,3.51033438654454,0.49745943324284,0.681104736019235,4,1.23073655751932,11.5368278784675,0.484274334200077,4.04911812195204,0.12565398060662,0.61122527159199,0.0117666830432448,7.83621762584432
"RNAP",0.5278,3.52368674252227,0.495382891470867,0.678261604819143,4,1.23073309110699,11.5366545551387,0.484255481374968,4.04924096151113,0.125652317871393,0.61135829375248,0.0116626460814087,7.83591072782702
"RNAP",0.5318,3.55039145447773,0.49123017813369,0.672575849293624,4,1.2307259446722,11.5362972518016,0.484217932368431,4.04947456571855,0.125649308854951,0.611618511260256,0.0114574383394601,7.83529779570592
"RNAP",0.5358,3.57709616643318,0.487075399329891,0.66688726580063,4,1.23071919181595,11.5359595738883,0.484181716643273,4.04970606652363,0.12564626663335,0.611874647143259,0.0112559168832918,7.83470769873313
"RNAP",0.5418,3.61715323436636,0.48084042635309,0.658350550362814,4,1.23070941605899,11.5354708029486,0.484129554760158,4.05003693090478,0.125642016092618,0.612248372320507,0.0109603007395873,7.83385771697156
"RNAP",0.5498,3.67056265827727,0.472522106963448,0.646961387039341,4,1.23069678719975,11.5348393592742,0.484062709531157,4.0504560763513,0.125636708326778,0.612729438248082,0.0105781829112086,7.83276794820644
"RNAP",0.5538,3.69726737023273,0.468360362307863,0.641263266136207,4,1.23069085246946,11.5345426268891,0.484031026319269,4.05065689813084,0.125634113373977,0.612963145298057,0.0103920603263589,7.83225195665873
"RNAP",0.5698,3.80408621805455,0.451703053269974,0.618456638465918,4,1.23066829910957,11.5334149754912,0.483911929367789,4.05139952898047,0.125624906690024,0.613852327562192,0.00967884881142395,7.83031142724762
"RNAP",0.5738,3.83079093001,0.447535533495141,0.612750610463618,4,1.23066304884003,11.5331523617637,0.483884192928113,4.05157225245216,0.125622777551378,0.614064261355988,0.00950796023896299,7.82985969691991
"RNAP",0.5758,3.84414328598773,0.445451333888876,0.609896994414199,4,1.23066047464827,11.533023726496,0.483870621591491,4.05165665208195,0.125621700624716,0.61416876277623,0.00942357987774992,7.829638669057
"RNAP",0.5778,3.85749564196546,0.443366848261822,0.607042986754729,4,1.2306579338113,11.532896687654,0.48385722148434,4.05173983251095,0.125620709878879,0.614272194170308,0.00933989365894547,7.829420485832
"RNAP",0.5798,3.87084799794318,0.441282079880093,0.604188591957063,4,1.23065541824243,11.5327708668288,0.483843978390751,4.05182182182754,0.125619724768619,0.614374685727786,0.00925689868887226,7.829204799528
"RNAP",0.5818,3.88420035392091,0.439197030604364,0.601333812568771,4,1.2306528317427,11.5326415882598,0.483830421396869,4.05190557329578,0.125618614651005,0.614476897637303,0.00917460606536168,7.82898381365897
"RNAP",0.5838,3.89755270989864,0.437111705429629,0.598478655428834,4,1.23065049686674,11.532524901736,0.483818073263324,4.05198229509947,0.125617755418502,0.614576877954482,0.00909294288283439,7.82878299735911
"RNAP",0.5958,3.977666845765,0.424594150038394,0.581340039311385,4,1.23063649275746,11.5318246672016,0.483744398985985,4.05243740075842,0.125612286468767,0.615161616585862,0.00861678226913591,7.82758377691267
"RNAP",0.5978,3.99101920174273,0.422506987583009,0.578482366628534,4,1.23063423972356,11.5317118835197,0.483732561618688,4.0525104108389,0.125611308814945,0.615256304898629,0.00853964131218717,7.82739102279194
"RNAP",0.5998,4.00437155772046,0.420419574230232,0.575624350425408,4,1.23063203181641,11.5316015971967,0.48372098592948,4.05258159099162,0.12561045530495,0.61534986881877,0.00846310423885254,7.82720264261871
"RNAP",0.6018,4.01772391369818,0.418331915406648,0.572765998131903,4,1.23062985424299,11.5314927114012,0.483709580019329,4.05265157022096,0.125609577409065,0.615442600842129,0.00838717212310757,7.82701699468889
"RNAP",0.6038,4.03107626967591,0.416244011371933,0.569907310103559,4,1.23062769491757,11.5313851274481,0.483698274983365,4.0527210176605,0.125608855221325,0.615534437424861,0.00831183663978805,7.8268331003048
"RNAP",0.6138,4.09783804956455,0.405800945363265,0.555609015123608,4,1.23061733614435,11.5308671704849,0.483644013596893,4.05305320353409,0.125604986050703,0.615981948398172,0.00794389877929557,7.82595035899668
"RNAP",0.6158,4.11119040554228,0.403711641939785,0.552748411099201,4,1.23061529940239,11.5307649876217,0.483633464063117,4.0531165394747,0.12560418574221,0.616069094729376,0.00787201266030368,7.82577850954682
"RNAP",0.6178,4.12454276152001,0.401622113316854,0.549887498739276,4,1.23061336374746,11.5306684220754,0.48362330594154,4.05317907513819,0.125603399390407,0.616155549922925,0.00780067744509072,7.82561336717784
"RNAP",0.6198,4.13789511749773,0.39953236520826,0.547026285866957,4,1.23061138122421,11.530569054966,0.483612979009588,4.05324143831509,0.125602756470501,0.616241204891405,0.00772988957270295,7.82544531501444
"RNAP",0.6218,4.15124747347546,0.397442397605778,0.544164772470985,4,1.23060949039566,11.5304744942828,0.483603000170619,4.05330309323534,0.125601998088823,0.616326315830644,0.00765964223166669,7.8252831633025
"RNAP",0.6258,4.17795218543091,0.393261817274448,0.538440862393702,4,1.23060569931418,11.5302849018999,0.483583248272593,4.05342274425833,0.125600661029119,0.616493959499532,0.00752073776713835,7.8249619362041
"RNAP",0.6318,4.2180092533641,0.386989369915941,0.529852838291996,4,1.23060019652814,11.5300098183364,0.483554623231579,4.05359582177466,0.125598680697502,0.616740140068684,0.00731628147214923,7.82449642634879
"RNAP",0.6358,4.24471396531955,0.382806715830683,0.524126088900537,4,1.23059652402763,11.5298262019557,0.483535609021869,4.05370987755593,0.125597521892447,0.616901167723551,0.00718252287280818,7.82418705731898
"RNAP",0.6398,4.27141867727501,0.378623265384127,0.518398249157955,4,1.23059308577074,11.529654303114,0.483517762374757,4.05381727650782,0.125596232218607,0.617059037532499,0.00705072296405967,7.82389697595362
"RNAP",0.6418,4.28477103325273,0.376531244183971,0.515533924045069,4,1.23059146352206,11.5295733779303,0.483509068125733,4.05387207327427,0.125595605956395,0.617137447014576,0.0069855575984597,7.82375607333687
"RNAP",0.6458,4.31147574520819,0.372346636323714,0.509804499610549,4,1.23058805339344,11.5294026704671,0.483491504613102,4.05397633094276,0.125594439624617,0.617291587335675,0.00685665066266454,7.82347034619249
"RNAP",0.6598,4.40494223705228,0.357694682866682,0.489743537400096,4,1.23057689201886,11.5288446064577,0.48343367853986,4.05432243559151,0.125590664552676,0.617812122997686,0.00641995601046927,7.82253076373435
"RNAP",0.6638,4.43164694900774,0.353506815250616,0.484009649817484,4,1.2305738683386,11.5286933433984,0.483418031609228,4.0544157583333,0.12558962532991,0.617955606436522,0.00629916633518492,7.82227659781249
"RNAP",0.6678,4.45835166096319,0.349318268351791,0.47827483218375,4,1.23057089146467,11.5285448282588,0.483402664782956,4.05450731676378,0.12558867971297,0.618096888259021,0.00618007999632557,7.82202704050351
"RNAP",0.6698,4.47170401694092,0.347223743755651,0.475407079505224,4,1.23056949580254,11.5284747902711,0.483395254061018,4.05455288988467,0.125588170161286,0.618166910710301,0.00612116583616583,7.82190694856191
"RNAP",0.6718,4.48505637291865,0.345129056398125,0.472539103979281,4,1.23056806669952,11.5284033558509,0.483387882629703,4.05459662346381,0.125587688578513,0.61823611200444,0.00606266111116324,7.82178724589341
"RNAP",0.6818,4.55181815280728,0.33465320262801,0.458195917098377,4,1.23056105264303,11.5280526295028,0.48335187374761,4.05480818254844,0.125585650867693,0.618573947914675,0.00577617145200256,7.82120245572056
"RNAP",0.6838,4.56517050878501,0.332557562988199,0.455326637739535,4,1.23055973291952,11.5279866570218,0.483345014122001,4.05484922002082,0.125585220881278,0.618640099482071,0.00572005422409999,7.8210912175827
"RNAP",0.6958,4.64528464465137,0.319980569921571,0.438106641554681,4,1.23055190465061,11.5275952382981,0.483304890283133,4.05508423242475,0.125582753827287,0.619026434058879,0.00539127985971762,7.82043985462337
"RNAP",0.6998,4.67198935660683,0.315787067847624,0.432365039461717,4,1.23054942193602,11.5274711016903,0.483292155234594,4.05515875186659,0.125582030050447,0.619151327106884,0.00528461676413767,7.82023322255694
"RNAP",0.7078,4.72539878051774,0.307398405485927,0.420879564905183,4,1.23054463084797,11.5272315452373,0.483267605912014,4.05530180367158,0.125580739288703,0.619395442025875,0.00507551345948493,7.81983510978797
"RNAP",0.7098,4.73875113649547,0.305300900391421,0.418007731428473,4,1.2305434504895,11.5271725263682,0.483261576885714,4.05533680503889,0.125580396446485,0.619455496292893,0.00502410164071983,7.81973729497856
"RNAP",0.7158,4.77880820442865,0.299007573772653,0.409391120145385,4,1.23053996477312,11.5269982395048,0.483243852658326,4.05543903454901,0.125579354495612,0.619632929558015,0.00487187115363325,7.81944965636917
"RNAP",0.7258,4.84556998431729,0.28851613448349,0.395026594095642,4,1.23053447926352,11.5267239598656,0.483215875806248,4.05560075416446,0.125577709141389,0.619920147050406,0.00462466301441791,7.81899610604565
"RNAP",0.7298,4.87227469627274,0.28431868788783,0.389279591296126,4,1.23053235238179,11.5266176203961,0.48320505971785,4.05566286897846,0.125577141657455,0.620032163324193,0.0045279882715084,7.81882078080369
"RNAP",0.7338,4.8989794082282,0.280120757121306,0.383531925586138,4,1.23053026967868,11.5265134815733,0.483194481324008,4.05572345364816,0.125576588935487,0.620142601723516,0.0044325397577201,7.818649329758
"RNAP",0.7398,4.93903647616138,0.273822974359098,0.374909213101226,4,1.23052731727113,11.5263658648897,0.48317926787542,4.0558120713683,0.125575987796087,0.620305272572184,0.00429161329947416,7.81840327162765
"RNAP",0.7498,5.00579825605002,0.263324382333358,0.360534893764971,4,1.23052252603791,11.5261263017232,0.48315498294263,4.05595049140621,0.125574546523598,0.620569093966251,0.00406255525281179,7.81800996456744
"RNAP",0.7598,5.07256003593865,0.252823045477047,0.346156816298953,4,1.2305177032627,11.5258851641044,0.483130879698168,4.05608456081506,0.125573522733372,0.62082427621104,0.00384048951326483,7.81761907465023
"RNAP",0.7658,5.11261710387183,0.246520978911256,0.337528238574157,4,1.23051510061441,11.5257550382042,0.483117616096314,4.05616039159521,0.125572873693048,0.620973282230196,0.00371046936947776,7.81740461361796
"RNAP",0.7718,5.15267417180502,0.240217995978916,0.328898406191082,4,1.23051244976094,11.5256224960955,0.483104402726838,4.05623338243023,0.125572263892321,0.621119231808638,0.00358278876559526,7.8171904980139
"RNAP",0.7758,5.17937888376047,0.236015510649207,0.323144504526262,4,1.23051078588515,11.5255392910789,0.483096015992606,4.05628041050419,0.125571862718993,0.621214922005927,0.00349893573916023,7.81705484901763
"DNAP",0.00371103678929766,0.980880998132136,0.848617911489229,1.16189912173986,4,1.25125548825222,12.5627744125814,0.592956153578316,3.34303841723669,0.134900247847383,0.394117250711321,0.0749072707514422,9.62902263283198
"DNAP",0.00331705685618729,0.876746371618108,0.842692776950862,1.15378662667805,4,1.25456168271483,12.728084135872,0.609141364783595,3.24830126159855,0.135735360586339,0.384888797386917,0.064149851745553,9.89895862227109
"DNAP",0.00259264214046823,0.685273026092314,0.821565750325872,1.124860211918,4,1.26283422427006,13.1417112131043,0.64824168351726,3.03315625167523,0.137216674423024,0.359285209689125,0.0446944338653394,10.5524637907824
"DNAP",0.00255451505016722,0.675195481590957,0.819899366505508,1.12257865519954,4,1.2633844724869,13.1692236240621,0.650777770372802,3.01984886946778,0.137289821583561,0.357513314773439,0.0436940310727023,10.5949247724924
"DNAP",0.0019571906354515,0.517313951069688,0.781181351224551,1.06956725001778,4,1.2744533831043,13.7226691554546,0.700384485740916,2.77364327198708,0.138308744573868,0.321584171252639,0.0286155721119263,11.4273922568227
"DNAP",0.00194448160535117,0.513954769569236,0.780014714368699,1.06796993004627,4,1.27475249476527,13.7376247389825,0.701692409899325,2.76748139971605,0.138327264886136,0.320618829840529,0.0283107222271883,11.4493905096272
"DNAP",0.00193177257525084,0.510595588068783,0.778829408622421,1.06634704925746,4,1.27505490448135,13.752745223918,0.703013255279909,2.76127394495725,0.13834564065465,0.319643548269794,0.0280067131327419,11.4716086220407
"DNAP",0.0019190635451505,0.507236406568331,0.77762509787011,1.06469814745316,4,1.27536065751468,13.768032875574,0.704347166268558,2.75502073402138,0.138363876489493,0.318658268683575,0.0277035562857709,11.4940491447957
"DNAP",0.00190635451505017,0.503877225067878,0.776401435586608,1.06302275018278,4,1.27566980754405,13.7834903772702,0.705694346059649,2.74872112474514,0.138381966733869,0.317662861819018,0.0274012672013361,11.5167155540868
"DNAP",0.00189364548494983,0.500518043567426,0.775158073287243,1.06132038031281,4,1.27598239297385,13.7991196486927,0.707054932582902,2.74237473321365,0.138399918626936,0.316657229124486,0.0270998561224563,11.5396102541362
"DNAP",0.00149966555183947,0.396383417053397,0.724553572387324,0.992034398535078,4,1.28765078823781,14.3825394118944,0.756879249671846,2.51962362580021,0.138895582794665,0.279789776132151,0.0182640809664375,12.3798347269729
"DNAP",0.00148695652173913,0.393024235552945,0.722444972253512,0.989147374103461,4,1.28810021950732,14.4050109753618,0.758766355884162,2.51150592251129,0.1389101641292,0.278396169168299,0.017997924600388,12.4117264138872
"DNAP",0.00143612040133779,0.379587509551135,0.713642422683856,0.977095219092844,4,1.28995000483483,14.49750024202,0.766512754323053,2.47838652831399,0.138968112242576,0.272679502114509,0.0169469086716314,12.5426891973678
"DNAP",0.00138528428093645,0.366150783549325,0.704217262375052,0.96419060638459,4,1.29188541914227,14.5942709571144,0.774584261064706,2.4442041456178,0.13902577241787,0.266729561220099,0.0159183875097356,12.6792336485136
"DNAP",0.00135986622073579,0.35943242054842,0.699256590553072,0.957398621257757,4,1.29288620335709,14.6443101685653,0.778745378770552,2.42670389692321,0.139054602210255,0.263664809101359,0.0154128812529488,12.7496603076512
"DNAP",0.00134715719063545,0.356073239047967,0.696711538471832,0.953914021489192,4,1.29339503799555,14.6697518995418,0.780857903128281,2.41784950895327,0.139069042349011,0.262109548816907,0.0151623744429395,12.7854233624573
"DNAP",0.00133444816053512,0.352714057547515,0.694122303087693,0.950368927427331,4,1.29390955875497,14.6954779373456,0.782991924051044,2.40892523128056,0.139083504393881,0.260538940769007,0.0149133869741302,12.8215563241608
"DNAP",0.00130903010033445,0.34599569454661,0.688808056725352,0.943092839923737,4,1.2949557918911,14.7477895934595,0.787325035130285,2.39086391969138,0.139112501472873,0.257351061095121,0.0144200288799205,12.8949421051913
"DNAP",0.00129632107023411,0.342636513046157,0.686081362344839,0.939359541624139,4,1.29548760948058,14.7743804739157,0.789524465053942,2.38172618900197,0.139127054618969,0.255733613767362,0.0141756909975531,12.9322011499303
"DNAP",0.00128361204013378,0.339277331545705,0.683307236246456,0.935561301410649,4,1.29602526188027,14.8012630937796,0.791745953404573,2.37251632116652,0.139141651511793,0.254100343007844,0.013932939948874,12.9698401850086
"DNAP",0.00127090301003344,0.335918150045252,0.680484724051354,0.931696812579823,4,1.29656880488084,14.8284402438015,0.793989679928484,2.36323394473245,0.139156296950058,0.252451146297926,0.0136917832607525,13.0078625176711
"DNAP",0.00125819397993311,0.332558968544799,0.677613031591805,0.9277649877839,4,1.29711826427364,14.8559132127872,0.796255750969745,2.35387853987264,0.139170985296302,0.250785941046848,0.0134522434500344,13.0462700416746
"DNAP",0.00124548494983278,0.329199787044347,0.674691258542669,0.923764594327962,4,1.29767367661177,14.8836838306598,0.79854429431589,2.34444956997065,0.139185742852348,0.249104573613277,0.0132143365304042,13.0850652000927
"DNAP",0.00123277591973244,0.325840605543894,0.671718508185194,0.919694404454829,4,1.29823507400349,14.9117537008689,0.800855440026123,2.3349464987494,0.139200547485812,0.247406975422831,0.012978075768467,13.1242502524711
"DNAP",0.00122006688963211,0.322481424043442,0.668693916105388,0.91555323463792,4,1.29880248856911,14.9401244292264,0.803189286960154,2.32536902914447,0.139215431027723,0.245693037279896,0.0127434841459448,13.1638271578863
"DNAP",0.00120735785953177,0.319122242542989,0.665616514582881,0.911339759907029,4,1.29937595296876,14.968797648227,0.805545944610422,2.31571685032742,0.139230387456201,0.243962698637262,0.0125105703011359,13.2037979552651
"DNAP",0.00119464882943144,0.315763061042537,0.662485434594235,0.907052790424472,4,1.29995548739121,14.9977743691556,0.807925496660194,2.30598943324326,0.139245409542928,0.242215865941815,0.0122793564527551,13.2441642546206
"DNAP",0.0011819397993311,0.312403879542084,0.65929969390006,0.902690981341092,4,1.30054112161662,15.0270560813286,0.810328064184652,2.29618614836275,0.139260513731695,0.240452398022061,0.0120498547254189,13.2849282533355
"DNAP",0.00116923076923077,0.309044698041632,0.656058373483916,0.898253074370467,4,1.30113290453103,15.0566452265936,0.812753788383155,2.28630685792747,0.13927570173566,0.238672279688416,0.0118220893217585,13.3260926562226
"DNAP",0.00115652173913044,0.305685516541179,0.652760513517744,0.893737755348279,4,1.30173079453433,15.0865397272142,0.81520253785255,2.27635151136585,0.139290964615893,0.236875439231951,0.011596063707564,13.3676553471154
"DNAP",0.0011438127090301,0.302326335040727,0.64940514283513,0.889143694586117,4,1.30233488243304,15.1167441216526,0.817674663675727,2.26631873574078,0.139306325033384,0.235061678718708,0.0113718098103031,13.4096224682904
"DNAP",0.00113110367892977,0.298967153540274,0.645991311089796,0.884469590901798,4,1.30294511154761,15.147255577418,0.820169919685695,2.25620943313351,0.139321766925683,0.233231078581162,0.0111493312652897,13.4519901490312
"DNAP",0.00111839464882943,0.295607972039822,0.642517952084738,0.879713984494219,4,1.30356155186631,15.1780775930751,0.822688587589187,2.24602237302945,0.139337291238374,0.231383472257301,0.0109286470680916,13.4947633199836
"DNAP",0.0011056856187291,0.292248790539369,0.638984150208898,0.874875621739494,4,1.30418418009714,15.2092090048562,0.825230591963417,2.23575746158348,0.139352906432464,0.229518798742737,0.0107097762900951,13.5379408446819
"DNAP",0.00109297658862876,0.288889609038917,0.635388868189103,0.86995308243806,4,1.30481304951063,15.2406524755966,0.827796055309213,2.22541489724234,0.139368632097063,0.227637093458007,0.0104927388277428,13.5815253070932
"DNAP",0.00106755852842809,0.282171246038012,0.628009811439827,0.859849925952468,4,1.30608941823429,15.3044709117158,0.832997259184092,2.20449368353308,0.139400343739188,0.223822006006377,0.0100642144251131,13.6699134053806
"DNAP",0.00105484949832776,0.278812064537559,0.624223981020099,0.854666494186316,4,1.30673693009011,15.336846504506,0.835633004388057,2.19391498604035,0.139416337329311,0.221888593865032,0.00985276058021067,13.7147177432436
"DNAP",0.00104214046822742,0.275452883037107,0.620372603180379,0.849393317095809,4,1.30739063763625,15.3695318812332,0.838292082341441,2.18325768767207,0.139432429027489,0.219937918548308,0.00964320019555883,13.7599276210059
"DNAP",0.00102943143812709,0.272093701536654,0.616454534304627,0.844028828880302,4,1.30805059316338,15.4025296589526,0.840974693938575,2.17252086580977,0.13944860518734,0.217969890680045,0.00943555006436986,13.8055467460749
"DNAP",0.00101672240802676,0.268734520036202,0.612468824670073,0.838571729211299,4,1.30871673127042,15.4358365635264,0.843680616482109,2.16170474080607,0.139464867761639,0.215984485881726,0.00922982672390586,13.8515714609733
"DNAP",0.00100401337792642,0.265375338535749,0.60841438139596,0.833020521753199,4,1.30938912893147,15.4694564466005,0.846410098710314,2.15080872395178,0.139481215442954,0.21398168294538,0.00902605917787695,13.898006409786
"DNAP",0.000991304347826087,0.262016157035297,0.604290149722069,0.827373762363763,4,1.31006756306754,15.5033781533777,0.849162381674534,2.13983400521197,0.139497637117718,0.21196147678839,0.008824225783268,13.9448386825205
"DNAP",0.000978595317725752,0.258656975534844,0.600095063402297,0.821629991174663,4,1.31075228328648,15.5376141643657,0.851938298998701,2.12877890176098,0.139514154659117,0.209923848268732,0.00862438954781778,13.9920830871276
"DNAP",0.000965886287625418,0.255297794034392,0.595828076798335,0.815787776533071,4,1.31144302653015,15.5721513268939,0.854736980043595,2.11764457743158,0.139530727606938,0.207868772426917,0.0084265268950307,14.0397246641289
"DNAP",0.000953177257525084,0.251938612533939,0.591488057189819,0.809845567556337,4,1.31214001431359,15.6070007156122,0.857559169831533,2.10642937181023,0.139547372661076,0.205796227047274,0.00823068980210091,14.0877767265184
"DNAP",0.000940468227424749,0.248579431033487,0.58707399716793,0.803801984934165,4,1.31284291016671,15.6421455083877,0.860403652749448,2.09513618214381,0.139564064607419,0.203706355869663,0.00803684804001545,14.1362186737473
"DNAP",0.000889632107023411,0.235142705031676,0.568655704865381,0.778584278165845,4,1.31571480616784,15.7857403083711,0.872009071169305,2.04916490661992,0.139631306100938,0.195172898427745,0.00728205041179879,14.3339692051574
"DNAP",0.000876923076923077,0.231783523531224,0.563855268967739,0.772011682680969,4,1.31644755108519,15.8223775542653,0.874966083293336,2.03747523015317,0.139648182216342,0.192996431046894,0.00709855249913162,14.3843836291441
"DNAP",0.000864214046822743,0.228424342030771,0.558974408354164,0.765328972378172,4,1.3171861343636,15.8593067183325,0.877945210324904,2.02570544163516,0.139665061690918,0.190802610909509,0.00691717267780099,14.4351865207671
"DNAP",0.000851505016722408,0.225065160530319,0.554011937807266,0.758534524497639,4,1.31793045929917,15.8965229656708,0.88094597964356,2.01385778422677,0.139681931138058,0.188591716632597,0.00673791026825182,14.4863705357139
"DNAP",0.000838795986622074,0.221705979029866,0.548966933857012,0.751627074655239,4,1.31868050512841,15.9340252564293,0.883968383291745,2.00193121975011,0.139698786274359,0.186363688263358,0.00656079401010658,14.5379356484649
"DNAP",0.000826086956521739,0.218346797529414,0.543838306908215,0.744605131013864,4,1.31943621214101,15.9718106069813,0.887012111846172,1.98992721536456,0.139715603824082,0.184118749110916,0.00638583763569698,14.5898772447296
"DNAP",0.000813377926421405,0.214987616028961,0.538625031035332,0.737467288910742,4,1.32019742194455,16.0098710971635,0.890076653196688,1.97784612908396,0.139732365545087,0.181856925060624,0.00621303836692023,14.6421866755665
"DNAP",0.00080066889632107,0.211628434528509,0.533326095068133,0.730212163885583,4,1.3209642868474,16.0482143426368,0.893162476267531,1.96568729818986,0.139749074241005,0.179578399060122,0.00604244274727464,14.6948726135833
"DNAP",0.000787959866220736,0.208269253028056,0.52794054149804,0.722838444949822,4,1.32173634798136,16.0868173996032,0.896268056361309,1.9534529357639,0.139765623800439,0.177283159623507,0.00587401569153036,14.7479088074272
"DNAP",0.000775250836120402,0.204910071527604,0.52246715930149,0.7153444740107,4,1.32251397950594,16.1256989752745,0.899394554069116,1.94114151942387,0.139782204008305,0.17497133053189,0.00570781911539978,14.8013162883059
"DNAP",0.000762541806020067,0.201550890027151,0.516905176807299,0.70772919452197,4,1.32329678612345,16.164839306196,0.9025406564971,1.92875509410692,0.139798594765976,0.172643122392055,0.00554383605487215,14.8550724267241
"DNAP",0.000749832775919733,0.198191708526699,0.511253747944063,0.699991448071102,4,1.32408454191624,16.2042270969372,0.905705504296583,1.91629589328735,0.139814798552094,0.170298757939657,0.00538206440153911,14.9091630645436
"DNAP",0.000737123745819398,0.194832527026246,0.50551140370707,0.692129223346217,4,1.32487757208586,16.243878604165,0.908890273945752,1.90376048880392,0.139830885185501,0.167938057574102,0.00522255011279088,14.9636087437643
"DNAP",0.000724414715719063,0.191473345525794,0.499677704215007,0.68414191807661,4,1.32567556571009,16.2837782855057,0.912093770395007,1.8911523359121,0.139846775549472,0.165561523210542,0.00506529627364032,15.0183896753203
"DNAP",0.000711705685618729,0.188114164025341,0.493751577323529,0.676028064318274,4,1.32647866366789,16.3239331833248,0.915316447946792,1.87847041763363,0.139862498894426,0.163169293601449,0.00491033567061989,15.0735142753189
"DNAP",0.000698996655518395,0.184754982524889,0.487732128010885,0.667786436637513,4,1.32728636427608,16.3643182138042,0.918556588632487,1.86571788612843,0.139877949698004,0.160761420473766,0.00475763180253654,15.1289530828053
"DNAP",0.00068628762541806,0.181395801024436,0.481618494333394,0.659415854890011,4,1.32809875234023,16.4049376170027,0.921814407361127,1.8528946870565,0.139893159889935,0.158338159449785,0.00460721841294647,15.1847105900099
"DNAP",0.000660869565217391,0.174677438023531,0.469105469065026,0.64228344126453,4,1.32973692735657,16.4868463678556,0.928380800979607,1.82703952032299,0.139922563650132,0.153446140438303,0.00431328261800741,15.2971438505537
"DNAP",0.000648160535117057,0.171318256523079,0.462704135658087,0.633518950717266,4,1.33056274812655,16.5281374062642,0.931689206448317,1.81401004164118,0.139936818936407,0.150978042525001,0.00416979468111971,15.3538187933974
"DNAP",0.000635451505016722,0.167959075022626,0.456205559803786,0.624621319079463,4,1.33139298509759,16.5696492548948,0.9350142509817,1.8009115345505,0.139950720189275,0.148495391838507,0.00402866022599482,15.4107966481255
"DNAP",0.000622742474916388,0.164599893522174,0.449608845204059,0.615589319169938,4,1.33222707162241,16.6113535809304,0.938353942003326,1.78774832514633,0.139964131004872,0.145998317749616,0.00388983164045974,15.4680433847049
"DNAP",0.000610033444816054,0.161240712021721,0.442913287094283,0.606421986048658,4,1.33306522545052,16.6532612725507,0.941708817307938,1.77452094921222,0.139977141233944,0.143487322541497,0.00375335442404939,15.5255697790704
"DNAP",0.000597324414715719,0.157881530521268,0.436118213902369,0.59711840022169,4,1.33390756108234,16.6953780538995,0.945079408507388,1.76122634715393,0.139989693681727,0.140962465303398,0.00361925765341024,15.5833850744118
"DNAP",0.000584615384615385,0.154522349020816,0.429223015375192,0.587677726150965,4,1.33475337307697,16.7376686537548,0.948462941967033,1.74787379584653,0.1400016612098,0.13842435952383,0.00348749116238525,15.6414428436997
"DNAP",0.00057190635451505,0.151163167520363,0.422227038500756,0.578099069754408,4,1.3356030385653,16.7801519281769,0.951861008715605,1.73445609469636,0.14001310129315,0.135872761297379,0.00335810671937435,15.6997702278499
"DNAP",0.000559197324414716,0.147803986019911,0.415129762674948,0.568381718238364,4,1.33645612609123,16.822806304564,0.955271809251332,1.72098010277536,0.140023927340913,0.133308288367708,0.00323108463831781,15.7583376347901
"DNAP",0.000546488294314381,0.144444804519458,0.407930641621352,0.558524923659525,4,1.33731222981925,16.8656114910233,0.958694024031419,1.70744713326144,0.140034059914518,0.130730823272625,0.0031064029359755,15.8171224870924
"DNAP",0.000533779264214047,0.141085623019006,0.400629223583299,0.548528067487846,4,1.33817243382636,16.9086216913574,0.962131071899665,1.69385280759893,0.140043614002057,0.128141654380416,0.0029841734255129,15.8761861021363
"DNAP",0.000521070234113713,0.137726441518553,0.393225035422415,0.538390501918165,4,1.33903510908032,16.951755454008,0.965577667255719,1.68020452903145,0.14005226155714,0.125539747531559,0.00286426962632013,15.9354356914744
"DNAP",0.000508361204013378,0.134367260018101,0.385717657184982,0.528111651963966,4,1.3399014907866,16.9950745393299,0.969037470615841,1.66649980691155,0.14006034687238,0.122926663464003,0.00274681124560346,15.9949383427369
"DNAP",0.000495652173913044,0.131008078517648,0.37810675987636,0.517691067176849,4,1.34077014703496,17.0385073514362,0.972505965452426,1.65274382053016,0.140067397354509,0.120301562068611,0.00263168757819594,16.0546140234812
"DNAP",0.000482943143812709,0.127648897017196,0.370392023729776,0.507128309742893,4,1.34164237359092,17.0821186794927,0.975987297868202,1.63893002807657,0.140073715470727,0.117665627141367,0.00251901660921454,16.1145371790432
"DNAP",0.000470234113712375,0.124289715516743,0.362573181961121,0.496423014390265,4,1.34251674504589,17.1258372522628,0.979476589865457,1.62506823669471,0.140078979901014,0.115018345464171,0.00240870034757793,16.1746232784094
"DNAP",0.000444816053511706,0.117571352515838,0.346622032893289,0.474583237216423,4,1.34427359111308,17.2136795556257,0.986483920380765,1.59719636178034,0.140086501205237,0.109692804473868,0.00219528283110213,16.2953761440314
"DNAP",0.000432107023411372,0.114212171015386,0.338489521984436,0.463448476619685,4,1.34515563549434,17.2577817749625,0.990000266143797,1.58319084550993,0.140088450096636,0.10701522057761,0.00209216810004622,16.3560159575928
"DNAP",0.000406688963210702,0.107493808014481,0.321910085495182,0.440748469425634,4,1.3469277777319,17.3463888865954,0.997061321999602,1.55502718255914,0.140089265507349,0.101630530493813,0.00189319777839808,16.4778782934148
"DNAP",0.000393979933110368,0.104134626514028,0.313463097708805,0.429183137657989,4,1.34781727553577,17.390863776208,1.00060383156096,1.54087432882909,0.14008756454934,0.098923997432804,0.00179730840876636,16.5390644536256
"DNAP",0.000368561872909699,0.0974162635131232,0.296254749063684,0.405622045078325,4,1.34960196885985,17.4800984429936,1.00770745047965,1.51244689691997,0.140079526248376,0.0934841925726704,0.0016126634847389,16.6618657649796
"DNAP",0.000355852842809365,0.0940570820126706,0.287493637302494,0.393626625322304,4,1.35049723460132,17.5248617298835,1.01126841447385,1.49817489885257,0.140073144311873,0.0907519162264873,0.00152388510657906,16.7234819928214
"DNAP",0.000330434782608696,0.0873387190117656,0.269658241318932,0.369207000602366,4,1.35229535132807,17.6147675664812,1.01841613932778,1.4694764308855,0.140055437550311,0.0852596616164267,0.00135360523700367,16.84727664863
"DNAP",0.000292307692307692,0.077261174510408,0.242126300643095,0.331511192797755,4,1.35500890538521,17.7504452699902,1.02918753868679,1.4261160573438,0.140013364773329,0.0769618234780258,0.00111588702236442,17.0341659979014
"DNAP",0.0058,1.53302435739073,0.853795462648935,1.16898805076643,4,1.23977587769868,11.9887938951917,0.534105077842878,3.71434691981678,0.130645630649583,0.416982782477825,0.131163105897999,8.64962746537622
"DNAP",0.0078,2.06165344614615,0.843532430617111,1.1549362522565,4,1.23275879586783,11.6379397954371,0.496267664927914,3.97149011721535,0.126976626982369,0.421681413026872,0.181892422475759,8.02107513353675
"DNAP",0.0098,2.59028253490157,0.828848029491649,1.13483086378903,4,1.22735226349116,11.3676131725399,0.466312297678697,4.18273742955453,0.123636201810635,0.420507032531743,0.228956981735444,7.52383377415823
"DNAP",0.0318,8.40520251121123,0.659252144190874,0.902625877877455,4,1.2038514583614,10.1925729361009,0.323083074991569,5.31536070279374,0.0988580273039768,0.357365207630947,0.547692901512555,5.15207855018585
"DNAP",0.0358,9.46246068872207,0.634563773852443,0.868823391004333,4,1.2027741750416,10.138708736087,0.314528157954886,5.40005345541272,0.0961671618548654,0.346240868079537,0.578705165191561,5.01128567830548
"R",0.5487,1.00006003804424,0.849511221620346,1.16312221194658,4,1.25011087397282,12.5055436676474,0.584084169470575,3.40427761940588,0.13324984696807,0.373961626920732,0.110799577141786,9.50786323151629
"R",0.5447,0.992769642286676,0.850607367554932,1.16462301811794,4,1.24939123929633,12.4695619192931,0.58075226099663,3.42423392993112,0.133135353455103,0.37786976099782,0.110848583842499,9.44970956592293
"R",0.5427,0.989124444407892,0.851110003866578,1.16531121086187,4,1.24903097349093,12.4515486745099,0.579084179297481,3.43423225397621,0.133077979878078,0.379830733162711,0.110870516593738,9.42058864149617
"R",0.5407,0.985479246529109,0.851582342648287,1.16595792124614,4,1.24867042369057,12.4335211233774,0.577414733245588,3.4442438281665,0.13302052883133,0.38179628567172,0.110890730569736,9.39143915011116
"R",0.5387,0.981834048650326,0.852024377283723,1.16656314021187,4,1.24830957847463,12.4154787821702,0.575743881399663,3.45426882252442,0.132962994834257,0.383766441574138,0.110909223507864,9.36226041894778
"R",0.5367,0.978188850771542,0.852436103510747,1.16712686192349,4,1.24794843525279,12.397421747594,0.574071632590908,3.46430722374697,0.132905379427997,0.385741202813468,0.110925994887824,9.33305256046136
"R",0.5347,0.974543652892759,0.852817519645556,1.16764908407559,4,1.24758700529676,12.3793502137611,0.572398003292602,3.4743589866805,0.132847688314907,0.387720556371295,0.110941045502452,9.30381581809937
"R",0.5327,0.970898455013975,0.853168621519921,1.16812980096118,4,1.24722528446291,12.3612642122768,0.570722992768807,3.48442416709532,0.132789912767616,0.389704523696045,0.110954370754761,9.27455017799796
"R",0.5307,0.967253257135192,0.853489407685553,1.16856901059731,4,1.24686324603364,12.3431623892246,0.569046499064801,3.49450303954836,0.132732072538332,0.39169307894797,0.1109660135203,9.24525391621793
"R",0.5287,0.963608059256408,0.853779809537856,1.16896661905286,4,1.24650106862888,12.3250534706475,0.567369280913506,3.50459198643362,0.132674139749549,0.393685750289316,0.110975832049677,9.21593993521792
"R",0.5267,0.959962861377625,0.854040033097043,1.16932290840379,4,1.24613839697618,12.3069198332728,0.565689735321256,3.51469993345366,0.13261611536367,0.395684029830764,0.110983995950512,9.1865805686878
"R",0.5247,0.956317663498841,0.854269871323766,1.16963759517879,4,1.24577553043027,12.288776499957,0.564009260630206,3.52481859025771,0.13255802798214,0.397686404355357,0.110990413415136,9.15720007159053
"R",0.5227,0.952672465620058,0.854469395469724,1.16991077693328,4,1.24541238154926,12.2706190853057,0.562327440759328,3.534950593686,0.132499865156203,0.39969338034518,0.110995098280666,9.12779114529059
"R",0.5207,0.949027267741274,0.854638608406524,1.17014245759898,4,1.24504894859824,12.2524474210687,0.560644263788751,3.54509597649894,0.132441624649028,0.401704962228224,0.110998054578713,9.09835358003122
"R",0.5187,0.945382069862491,0.854777513498324,1.17033264178197,4,1.24468523838627,12.2342618034735,0.558959755158556,3.55525466179733,0.132383304396399,0.403721145829256,0.110999274000593,9.06888776930388
"R",0.5167,0.941736871983707,0.854886112368807,1.17048133170535,4,1.24432123130443,12.2160615972048,0.557273854904102,3.56542695084356,0.132324912579617,0.405741941048524,0.110998789313115,9.03939272898525
"R",0.5147,0.938091674104924,0.854964413976736,1.17058853963515,4,1.24395696412435,12.1978481160237,0.555586682019656,3.57561234287216,0.132266443652908,0.407767326472599,0.110996545555735,9.00987035634718
"R",0.5107,0.930801278347357,0.855030139941045,1.17067852941638,4,1.24322770377307,12.1613851906674,0.552208884849415,3.59602007089289,0.132149303295897,0.411831382495153,0.110986774418747,8.95075006902919
"R",0.4607,0.839671331377771,0.845666957737064,1.15785877504612,4,1.23402343744524,11.7011718624962,0.509561115367265,3.85558798527522,0.13066187214238,0.464185842736951,0.11027174020559,8.20252462436712
"R",0.3387,0.617314260771979,0.746019610984056,1.0214249770924,4,1.21106081686003,10.5530408457408,0.402997153082498,4.52130642510057,0.126907536474279,0.603726342895374,0.103716069424991,6.31720764994618
"R",0.3367,0.613669062893196,0.743521043507476,1.01800402248216,4,1.21068054595563,10.5340272932073,0.401229721546949,4.53257608906145,0.126845144195454,0.60615121938322,0.103548572212492,6.28573356322786
"R",0.3347,0.610023865014412,0.740995872544142,1.01454664327201,4,1.21030019524068,10.5150097659236,0.399461812677092,4.54385680366435,0.126782732402359,0.608580534921082,0.10337905303608,6.2542439298469
"R",0.3327,0.606378667135629,0.738444163191765,1.01105292859156,4,1.20991976421638,10.4959882280697,0.397693434446246,4.55514844289386,0.126720321850464,0.61101426994693,0.103207484415804,6.22273882743677
"R",0.3307,0.602733469256845,0.73586599128251,1.00752298226766,4,1.20953926285064,10.4769631577438,0.395924601539939,4.56645118597154,0.126657869669748,0.613452523685901,0.10303385144942,6.19121861459047
"R",0.3267,0.595443073499278,0.73063053855933,1.00035477636649,4,1.20877803019668,10.4389014230681,0.392385561161598,4.58908943396731,0.126532977584852,0.618342300030898,0.102680421174208,6.12813223383437
"R",0.3247,0.591797875620495,0.727973393480902,0.996716702633707,4,1.20839730432368,10.4198652049726,0.390615374671555,4.60042503280437,0.126470497806234,0.620793923898518,0.102500591329834,6.09656647680024
"R",0.3227,0.588152677741712,0.72529007681641,0.993042795644927,4,1.2080165109077,10.4008254790486,0.388844752152243,4.61177158238969,0.126408018994345,0.623249993953379,0.102318696807318,6.06498574691851
"R",0.3207,0.584507479862928,0.722580643777872,0.989333130994596,4,1.2076356459711,10.3817822849126,0.387073696382449,4.62312908488313,0.126345529078334,0.625710554520684,0.10213470819046,6.03339009439531
"R",0.3187,0.580862281984145,0.719845182642507,0.985587829548912,4,1.20725471303195,10.3627356770267,0.385302211174998,4.63449753756966,0.126283020272024,0.628175615815021,0.101948622375467,6.00177958847279
"R",0.3167,0.577217084105361,0.717083758215582,0.981806980037069,4,1.206873716138,10.3436858058443,0.383530305553859,4.6458769596882,0.126220504293619,0.630645177791895,0.101760436774538,5.97015435188485
"R",0.3147,0.573571886226578,0.714296446239046,0.977990686162399,4,1.20649265270488,10.3246326303116,0.381757980726031,4.65726731499233,0.12615798036023,0.633119244234277,0.101570139536365,5.93851438145532
"R",0.3127,0.569926688347794,0.711483318423844,0.974139046109115,4,1.20611152318499,10.3055762048735,0.379985241164082,4.6686686114871,0.126095444635696,0.635597824130024,0.101377724454379,5.90685972688366
"R",0.3107,0.566281490469011,0.708644452424635,0.970252166199369,4,1.20573033426358,10.2865166724989,0.37821209134544,4.68008088371701,0.126032899990824,0.638080949696208,0.101183170200875,5.87519050145368
"R",0.3087,0.562636292590227,0.705779915785137,0.966330138911748,4,1.205349081602,10.2674540826095,0.376438540076756,4.69150413833595,0.125970340077445,0.640568608547999,0.100986500480408,5.84350675661432
"R",0.3067,0.558991094711444,0.702889788378067,0.962373073605293,4,1.20496776713934,10.2483883610267,0.374664583941873,4.70293831719254,0.125907781019285,0.643060800619609,0.100787682391006,5.81180845316698
"R",0.3047,0.55534589683266,0.699974144041429,0.958381071376516,4,1.20458639406243,10.2293196204459,0.372890228420337,4.71438347446826,0.125845229709346,0.645557528825252,0.100586720482993,5.78009564912452
"R",0.3027,0.551700698953877,0.697033052188688,0.954354227263999,4,1.20420497902266,10.2102489550577,0.371115612860326,4.72583870619973,0.125782618762132,0.648058824310164,0.100383498367012,5.74837048605579
"R",0.3007,0.548055501075093,0.694066597360957,0.950292657018595,4,1.20382346434985,10.1911731838563,0.369340331722248,4.73730669123645,0.125720065216965,0.650564769555893,0.100178276140401,5.71662676416642
"R",0.2987,0.54441030319631,0.691074849766438,0.946196456767014,4,1.20344190937909,10.1720954649722,0.367564789071063,4.74878478426655,0.125657469840275,0.653075271138585,0.0999707940141,5.68487060094651
"R",0.2967,0.540765105317527,0.68805788364682,0.94206572815848,4,1.20306030232962,10.1530151232354,0.365788871105478,4.76027392569395,0.125594879513542,0.655590372315043,0.0997611294621523,5.6531002809237
"R",0.2947,0.537119907438743,0.685015777367901,0.937900578488809,4,1.20267863454633,10.1339317479099,0.364012560202546,4.77177405079631,0.125532281628675,0.658110080763153,0.0995492744297682,5.62131545278186
"R",0.2927,0.53347470955996,0.681948614228124,0.933701121807433,4,1.20229691255453,10.1148455560241,0.362235860319218,4.78328524991482,0.125469672094396,0.660634441526079,0.0993352058955654,5.58951625069703
"R",0.2907,0.529829511681176,0.6788564494331,0.929467433700016,4,1.20191513082545,10.0957565507411,0.360458778820338,4.79480749339751,0.125407057807968,0.663163454179432,0.0991189154623804,5.55770270382881
"R",0.2887,0.526184313802393,0.675739379323228,0.925199646072593,4,1.20153332145683,10.0766660761214,0.358681457722659,4.8063399552527,0.125344439116688,0.665697091761632,0.0989002877402635,5.52587706603856
"R",0.2787,0.507958324408475,0.65978303233899,0.903352752086315,4,1.19962327799907,9.98116390416569,0.349788213874928,4.86417476409136,0.125031260898346,0.678436144326636,0.0977740173164375,5.36651868140707
"R",0.2687,0.489732335014558,0.643215448680391,0.880668973389614,4,1.19771188303588,9.88559422655379,0.340885621621615,4.92228872372765,0.124717921540342,0.691294528517964,0.096590129982473,5.20680137589951
"R",0.2647,0.482441939256991,0.636419437771372,0.871364103671902,4,1.19694690658097,9.84734532343053,0.337321703268955,4.94561485499454,0.124592573424775,0.696471982514342,0.0961002048404164,5.14280921216529
"R",0.2587,0.471506345620641,0.626046330308893,0.857161593582036,4,1.19579897526126,9.7899487915042,0.331972718484785,4.98069085631433,0.124404552602658,0.704275190801046,0.095347450292422,5.04670696989771
"R",0.2547,0.464215949863074,0.6190124278541,0.84753101075556,4,1.19503338619804,9.75166932270988,0.328404704577618,5.00413277572507,0.124279146834662,0.70950239037769,0.0948334325658562,4.98256316093007
"R",0.2507,0.456925554105507,0.611884468488706,0.837771648368412,4,1.19426753109526,9.71337655671515,0.324834926629814,5.02762215472875,0.124153732275469,0.714749935718878,0.0943095625097421,4.91835636542135
"R",0.2487,0.453280356226723,0.608285417002511,0.832843948040276,4,1.19388452066423,9.6942261267972,0.323049512467395,5.03938377508778,0.124090982465629,0.717381365040739,0.094043807701684,4.88623125894457
"R",0.2467,0.44963515834794,0.604663074288495,0.827884358145844,4,1.1935014148989,9.67507074653382,0.321263456746917,5.05115863607097,0.124028265608499,0.720018041435145,0.0937756449955897,4.85408724903869
"R",0.2447,0.445989960469157,0.601017535336789,0.82289300874241,4,1.1931182208052,9.65591103575394,0.319476860681733,5.06294600724972,0.123965557472223,0.722659924610021,0.0935050098256207,4.82192575677198
"R",0.2427,0.442344762590373,0.597348867521407,0.817869992076208,4,1.1927349878574,9.63674937316298,0.317690012889297,5.07474414536634,0.123902806366861,0.725306990286338,0.093231699710008,4.78975111762944
"R",0.2407,0.43869956471159,0.593657153582346,0.812815421432063,4,1.19235139215562,9.61756960700398,0.315901416765101,5.08655973257336,0.123840096195083,0.727959422543417,0.0929565162877642,4.75753944821139
"R",0.2387,0.435054366832806,0.589942470053717,0.807729401597906,4,1.19196823497225,9.59841174608569,0.314114518716888,5.0983794013918,0.123777314230207,0.730617168727749,0.0926775392091479,4.72534654099833
"R",0.2327,0.424118773196456,0.578661378067781,0.792283709616547,4,1.19081751455272,9.5408758741753,0.308747657020429,5.13392438603238,0.123588984810986,0.738622714877375,0.0918265964302078,4.62861364515143
"R",0.2267,0.413183179560105,0.567176354375036,0.776558801196521,4,1.1896659716027,9.48329857361111,0.303375818944168,5.16958428117435,0.123400574927279,0.746677736541848,0.0909517268540611,4.53171852430615
"R",0.2247,0.409537981681322,0.563303057929426,0.77125561388753,4,1.18928192832487,9.46409640033718,0.301584052717873,5.18149685453114,0.123337803989516,0.749373865209558,0.0906547063614886,4.49938306031113
"R",0.2207,0.402247585923755,0.555489478910127,0.760557524114435,4,1.188513501536,9.42567514338093,0.297998564571848,5.20536233819701,0.123212151712673,0.7547834192871,0.090052394493853,4.43465278689096
"R",0.2187,0.398602388044972,0.551549355648948,0.755162839775664,4,1.18812913586277,9.40645679341329,0.2962049312302,5.21731478563366,0.123149310239864,0.757496836519881,0.0897470058972957,4.40225917134164
"R",0.2127,0.387666794408621,0.539596567382562,0.73879748382332,4,1.18697531638918,9.34876580608197,0.290820031464061,5.25325366487894,0.122960672009506,0.765672321667283,0.0888138473885381,4.30495636677578
"R",0.2087,0.380376398651054,0.531518447064895,0.727737192995926,4,1.18620547075442,9.31027355196684,0.287226566497129,5.27728258910915,0.12283483847542,0.771152676689992,0.0881772554593061,4.23998265501856
"R",0.2047,0.373086002893487,0.523353358898889,0.71655782871364,4,1.18543506676326,9.27175336183712,0.283630095158468,5.30136816610419,0.122708928450079,0.776657583574013,0.0875287981418183,4.1749210671946
"R",0.2027,0.369440805014704,0.519238385548454,0.710923745509501,4,1.18504948267575,9.25247413761951,0.281829766331761,5.31343800085656,0.122645960929181,0.779419729541439,0.0872006217933314,4.14234227726444
"R",0.2007,0.36579560713592,0.51510190061143,0.705260209364024,4,1.18466403641666,9.23320182580074,0.28003028925507,5.32551255809613,0.122582977266952,0.782187563486848,0.0868683513220208,4.10976575780818
"R",0.1987,0.362150409257137,0.510943964592188,0.699567303117761,4,1.18427830673971,9.21391537680397,0.278229228419949,5.33760662613006,0.122519928786939,0.78496221215604,0.0865334292035057,4.077154321718
"R",0.1967,0.358505211378354,0.50676465847495,0.693845137651586,4,1.18389238658805,9.19461933794443,0.276427205895175,5.34971595809787,0.122456903833757,0.78774325458952,0.0861954741015614,4.04451699893324
"R",0.1947,0.35486001349957,0.502563004970551,0.688092374894022,4,1.18350585633137,9.17529282306532,0.274622431470308,5.36184858501234,0.122393815156577,0.790531553763183,0.0858550886118701,4.01182370904343
"R",0.1927,0.351214815620787,0.498342234232022,0.682313437462033,4,1.18312002618703,9.1560013243706,0.272820440729955,5.37398068644109,0.12233073128005,0.793325217400383,0.0855100537249751,3.97916756169373
"R",0.1907,0.347569617742003,0.494099262164097,0.676504102716037,4,1.18273357020363,9.13667850678314,0.271015550000595,5.38613741983437,0.122267628555685,0.796126354660462,0.0851625892997371,3.94645314753432
"R",0.1867,0.340279221984436,0.48555015109776,0.664798947185909,4,1.18196003528069,9.09800176717737,0.267402818465078,5.41049684662564,0.12214134826015,0.801748890411606,0.0844577588493543,3.88094413286055
"R",0.1847,0.336634024105653,0.481244161439485,0.658903330873273,4,1.18157297115594,9.07864856792581,0.26559483401888,5.42270205992708,0.122078115713742,0.804570826219525,0.0841004123103981,3.84814777591813
"R",0.1827,0.332988826226869,0.476917306821238,0.652979146958731,4,1.18118564809381,9.05928239326227,0.263785732393097,5.43492252691239,0.122014925065756,0.807399537067121,0.0837396627130336,3.81532192597865
"R",0.1767,0.322053232590519,0.463812282895606,0.635036188669235,4,1.1800223493567,9.00111744388531,0.258351572011236,5.47168722814121,0.121825039814514,0.815929635967381,0.0826367540525717,3.71666804554823
"R",0.1747,0.318408034711735,0.459402686842083,0.628998717962511,4,1.1796340831933,8.98170416051721,0.256537736127022,5.4839768893101,0.121761663494615,0.818787852335332,0.0822620864759618,3.68372129683309
"R",0.1727,0.314762836832952,0.454972580943477,0.622933165865253,4,1.17924554966039,8.96227747535889,0.25472258338153,5.49628456125407,0.121698256542816,0.821653681681001,0.0818838321770654,3.65074185905566
"R",0.1707,0.311117638954168,0.450522032302784,0.616839624252624,4,1.17885673808237,8.94283689931025,0.252906094494545,5.50861031427479,0.121634806239427,0.824527221026677,0.0815019347660012,3.61772916617783
"R",0.1687,0.307472441075385,0.446051111473502,0.610718189724103,4,1.17846763846021,8.92338194572763,0.251088200641733,5.52095461868453,0.12157132076427,0.827408611922316,0.0811163579181896,3.58468218437493
"R",0.1667,0.303827243196601,0.441559881868475,0.604568949102425,4,1.17807824218269,8.90391215522622,0.249268894619072,5.53331757222942,0.121507784271312,0.830297946280239,0.0807270386121534,3.55160037896141
"R",0.1647,0.300182045317818,0.437048414852197,0.598392000097458,4,1.17768853306743,8.88442665670246,0.247448106430266,5.54569947817546,0.121444178381641,0.833195351172932,0.0803339318135286,3.51848251318793
"R",0.1627,0.296536847439035,0.432516775698546,0.592187432079998,4,1.17729850531485,8.86492526074856,0.245625766583797,5.55810104473101,0.121380570604532,0.836100988421292,0.0799369691537999,3.48532760546609
"R",0.1607,0.292891649560251,0.427965029842248,0.585955334641076,4,1.17690816154679,8.84540808878321,0.243802009064143,5.57052104226433,0.121316874781602,0.839014892996221,0.079535978200586,3.45213711696166
"R",0.1587,0.289246451681468,0.423393248573258,0.5796958053885,4,1.17651743395562,8.82587169614305,0.241976328659283,5.58296325595593,0.12125313796967,0.841937434463892,0.0791312398019937,3.41890350563498
"R",0.1567,0.285601253802684,0.418801493210242,0.573408928277728,4,1.17612634672739,8.8063173522181,0.24014899420942,5.59542546502895,0.121189356330365,0.844868552813747,0.0787224348218877,3.38563037964435
"R",0.1547,0.281956055923901,0.414189818218731,0.567094777881134,4,1.17573492498227,8.78674601053125,0.238320115479987,5.6079073058579,0.12112551536277,0.847808349423017,0.0783094672734357,3.35231912091301
"R",0.1527,0.278310858045117,0.409558313167525,0.560753476833309,4,1.17534305289127,8.76715264930387,0.236489113852029,5.62041207313972,0.12106160142543,0.850757261988982,0.0778924308861399,3.31896108394391
"R",0.1507,0.274665660166334,0.404907018135232,0.554385080008535,4,1.17495080609914,8.74754030304131,0.234656384660508,5.63293764110479,0.120997628997607,0.853715183679614,0.0774711354633725,3.28556162481146
"R",0.1487,0.27102046228755,0.400236003292363,0.547989683481918,4,1.17455813778927,8.72790688748371,0.232821707111246,5.64548529924611,0.12093358987175,0.8566823553397,0.0770455462807707,3.25211722901201
"R",0.1467,0.267375264408767,0.395545331507141,0.541567373330516,4,1.17416504970693,8.70825249414714,0.230985144849197,5.65805445602707,0.120869480432894,0.859658903760809,0.0766155224525076,3.21862859773723
"R",0.1447,0.263730066529983,0.390835062446353,0.535118231248087,4,1.17377147797859,8.68857390221873,0.229146226115252,5.67064879449367,0.120805317138742,0.862645229495043,0.0761812514573865,3.18508855719393
"R",0.1427,0.2600848686512,0.386105256844155,0.528642340389797,4,1.17337744812907,8.66887241125744,0.227305335521102,5.68326480675999,0.120741078241977,0.865641191437731,0.075742327370146,3.15150208809467
"R",0.1407,0.256439670772416,0.381355979217721,0.522139789090392,4,1.17298294199728,8.64914705525497,0.225462249649489,5.69590466995475,0.120676767474034,0.868647131857226,0.0752988171340701,3.1178659094004
"R",0.1367,0.24914927501485,0.371799223407894,0.509055000245158,4,1.17219234472754,8.60961724060528,0.221768840542599,5.72125958020705,0.120547883510789,0.874689943828611,0.0743977569572312,3.05043293564401
"R",0.1347,0.245504077136066,0.366991867279149,0.502472929812449,4,1.17179621212243,8.58981061719033,0.219918224382865,5.73397722505828,0.120483247310664,0.877727403072379,0.0739402357062345,3.01663123745641
"R",0.1327,0.241858879257283,0.362165264771854,0.495864507885117,4,1.17139952332013,8.56997621951277,0.21806536298257,5.74671737382342,0.120418647338157,0.880775200129644,0.073477474008337,2.98277697859941
"R",0.1307,0.238213681378499,0.357319476421285,0.489229817346023,4,1.17100225121264,8.55011251881619,0.216209709545477,5.75948607041489,0.120353877921401,0.883834368003273,0.073009800208854,2.94886257384833
"R",0.1287,0.234568483499716,0.352454554176689,0.48256892932233,4,1.17060436078619,8.53021803747001,0.214351336688364,5.7722816225045,0.120289028426465,0.886904769546434,0.0725369806222808,2.91488811458049
"R",0.1267,0.230923285620932,0.347570553343377,0.475881919536215,4,1.17020581824045,8.51029089466479,0.212490034396321,5.78510540478735,0.120224077192223,0.889986788736694,0.07205888990303,2.88085022710852
"R",0.1247,0.227278087742149,0.342667523355396,0.469168855671109,4,1.16980638939315,8.4903194693296,0.210624771456417,5.79796232059096,0.120158921952326,0.893080823835843,0.0715760889360189,2.8467317954488
"R",0.1227,0.223632889863365,0.337745520160281,0.4624298143285,4,1.16940671097135,8.4703355631673,0.208758426498642,5.81083961601835,0.120093856187021,0.896186547443405,0.0710865855816918,2.81257890210626
"R",0.1207,0.219987691984582,0.332804617864907,0.455664896973028,4,1.16900615158378,8.45030754659926,0.20688833943632,5.82374841766871,0.120028654226896,0.899304393980194,0.0705920021664465,2.77834724105032
"R",0.1187,0.216342494105798,0.327844797296977,0.448874077354631,4,1.16860469732026,8.43023492043566,0.205014113395192,5.83669258577474,0.119963222037107,0.902435602755443,0.0700918679321779,2.74403241954166
"R",0.1167,0.212697296227015,0.322866171884707,0.442057510775407,4,1.16820257782105,8.41012887865571,0.203136765064025,5.8496687132297,0.119897646890843,0.905579892435422,0.0695859799065934,2.70964951310666
"R",0.1147,0.209052098348231,0.31786876997905,0.435215236052529,4,1.16779965425879,8.38998274954286,0.201256273136571,5.86267242414985,0.119832060700473,0.908736886341877,0.0690737230000868,2.67519591290955
"R",0.1127,0.205406900469448,0.312852638238945,0.428347317069849,4,1.1673957838031,8.36978919591555,0.199371412166587,5.8757140665255,0.119766275438913,0.911907878993851,0.068555934414214,2.64065349216447
"R",0.1107,0.201761702590665,0.307817818502827,0.421453811111144,4,1.16699116199193,8.34955835363823,0.197483056558313,5.88879015249634,0.119700372172939,0.915093204767585,0.0680315289525762,2.60603636768672
"R",0.1087,0.198116504711881,0.302764380706735,0.414534813930491,4,1.16658548735522,8.32927439107671,0.195590593682842,5.90189794835259,0.119634307523442,0.918292166339892,0.0675008446829192,2.57133072379919
"R",0.1067,0.194471306833098,0.297692314867584,0.407590311859382,4,1.1661789457121,8.3089471647613,0.193693963292218,5.91504489804923,0.119568123344228,0.921506480114457,0.0669635543402867,2.53653925694318
"R",0.1047,0.190826108954314,0.292601699769782,0.400620412766783,4,1.16577135744574,8.28856786840112,0.191793075720718,5.92822682509418,0.119501798514596,0.92473558864617,0.0664194877898778,2.50165700862819
"R",0.1027,0.187180911075531,0.287492570845913,0.393625165165797,4,1.16536285515509,8.26814282907798,0.189887682599714,5.94145157825018,0.119435255174261,0.92798104950465,0.0658686843650091,2.46668264351737
"R",0.1007,0.183535713196747,0.282364965655753,0.386604620482006,4,1.16495310868797,8.24765542040907,0.187977419097672,5.95471244441076,0.119368527604685,0.931241953087931,0.0653107142780039,2.43160553584463
"R",0.0967,0.17624531743918,0.272054475307919,0.372487843640904,4,1.16413028568991,8.20651446399676,0.184142580664189,5.98135559984637,0.119234738803299,0.937813551275214,0.0641724687885117,2.36115143894194
"R",0.0947,0.172600119560397,0.266871649806599,0.365391693163067,4,1.16371709374623,8.18585475342647,0.182217262551707,5.99474374184823,0.119167490341697,0.941125815387111,0.0635919780527298,2.32576212413137
"R",0.0926999999999999,0.168954921681613,0.261670468786305,0.358270410925594,4,1.16330258053568,8.16512901525669,0.18028615491102,6.00817881426682,0.119100012949886,0.944456439435814,0.0630037712638536,2.29025514264621
"R",0.0906999999999999,0.16530972380283,0.256450988368423,0.351124073768,4,1.16288671561066,8.14433578965052,0.178349916134971,6.02165282028643,0.119032439390755,0.947804688474885,0.0624068817374318,2.25463697532583
"R",0.0886999999999999,0.161664525924046,0.251213225821378,0.343952705333632,4,1.16246962551594,8.12348122350969,0.176407088309621,6.03518749648132,0.118964550488703,0.9511742609912,0.0618021234748773,2.21889204322578
"R",0.0846999999999999,0.15437413016648,0.240682961558419,0.329535021434703,4,1.16163051946524,8.08152606181483,0.172503029419723,6.06238487894571,0.118828357507043,0.957970209653438,0.0605654023818009,2.14701145021041
"R",0.0806999999999999,0.147083734408913,0.230079824634051,0.315017562737077,4,1.16078517579815,8.03925874840838,0.168571541291875,6.08980374698084,0.11869099300227,0.964853066176044,0.0592920538241765,2.07457496927992
"R",0.0786999999999999,0.143438536530129,0.224750983299483,0.307721492288057,4,1.16035988825748,8.01799441029655,0.166594372266175,6.10360198197682,0.118621904483898,0.968329253664204,0.0586406350049478,2.03812803353342
"R",0.0766999999999999,0.139793338651346,0.219403993177439,0.300400573129218,4,1.15993264424256,7.99663227000799,0.164609883048186,6.1174506655688,0.118552745836356,0.971827696927509,0.0579786010664164,2.00152613720538
"R",0.0746999999999999,0.136148140772562,0.214038833666581,0.293054777053903,4,1.15950359056423,7.97517953770996,0.162616865217146,6.1313700671037,0.118483037056212,0.975352420944128,0.0573063154774381,1.96475651999813
"R",0.0726999999999999,0.132502942893779,0.208654173531416,0.285682281379216,4,1.15907235149672,7.95361757448055,0.160614736544322,6.1453562252416,0.118413134839751,0.978903626477584,0.0566225783685918,1.92780331320773
"R",0.0706999999999999,0.128857745014995,0.203254077835203,0.278288651853144,4,1.15863920706867,7.93196038864582,0.158605509353492,6.15939315107644,0.118343117840218,0.982478513668565,0.0559271747582668,1.89069749418162
"R",0.0687,0.125212547136212,0.197834494217571,0.270868340120067,4,1.15820287933748,7.91014396715212,0.156581238127496,6.17353616886903,0.118272145214217,0.986085422386941,0.0552226128055248,1.85331612647367
"R",0.0667,0.121567349257428,0.192396767056827,0.26342318685758,4,1.15776579265581,7.88828966414937,0.154554865264361,6.18771409119672,0.118201490852658,0.989719301540526,0.0545008580698761,1.81585786198777
"R",0.0627,0.114276953499861,0.181466850763275,0.248458312830962,4,1.15688229666355,7.84411471301048,0.150462744546405,6.21633494421552,0.118058709120429,0.997081399933603,0.0530216242757656,1.74017936482557
"R",0.0607,0.110631755621078,0.175974634051703,0.240938554306914,4,1.1564362156207,7.82181078327894,0.148399446928671,6.23076413822664,0.117986845266277,1.00081069242814,0.0522609154137195,1.70199028618881
"R",0.0587,0.106986557742295,0.170464220048016,0.233393880662126,4,1.15598740047084,7.79937002020065,0.146324063006539,6.24528714910513,0.117914364666799,1.00457647586797,0.0514852565870791,1.66356110742043
"R",0.0547,0.0996961619847276,0.1593886875964,0.218229633886153,4,1.15507995672282,7.75399782338399,0.142131676926802,6.27463027437464,0.11776806065671,1.01222282668974,0.0498863124616303,1.5858814598197
"R",0.0507,0.0924057662271607,0.148239971456061,0.202965186463338,4,1.15415825289192,7.70791261417698,0.137880604855467,6.30438810804182,0.117619699679924,1.02003392273428,0.0482175696143733,1.50702597311439
"R",0.0447,0.0814701725908103,0.131378774914723,0.179879402876135,4,1.15274370996406,7.63718550181708,0.131373654985882,6.34991569811827,0.117393464920707,1.03210314960747,0.0455650793698479,1.38614510337563
"R",0.0407,0.0741797768332434,0.120045064525985,0.164361667546205,4,1.15177648218716,7.5888240864059,0.126934426055141,6.38097975082801,0.117238993211516,1.04042745910008,0.0436816249580863,1.30355413096964
"R",0.0387,0.0705345789544599,0.114350052251265,0.156564248153203,4,1.151284064048,7.56420320383415,0.124678488866482,6.39675919315073,0.1171602961773,1.04468493375673,0.0427010900562796,1.26154204691693
"R",0.0367,0.0668893810756764,0.108636117114755,0.148740920213848,4,1.15078515311473,7.53925765154755,0.122397225664734,6.41270242763173,0.117081549775724,1.04900935388621,0.0416910826814137,1.2190193466227
"R",0.0347,0.063244183196893,0.102903120602372,0.140891494079318,4,1.15027565542138,7.51378276708904,0.120079901971807,6.42881356372754,0.117001722074135,1.05339820013463,0.0406546255441435,1.17576815642965
"R",0.0266999999999999,0.0486633916817591,0.0797755733063431,0.109226033655443,4,1.14817105212496,7.40855260538287,0.110503206749442,6.49570655374123,0.116672056165573,1.07192162770841,0.0361063386588789,0.996744497226682
"R",0.0246999999999999,0.0450181938029757,0.0739458773440275,0.101244209884203,4,1.14761804522329,7.38090225719237,0.107996370642682,6.51319003714223,0.116583852942779,1.07683695540845,0.0348592230375773,0.949798909511091
"R",0.0226999999999999,0.0413729959241922,0.0680943081897072,0.0932324380736436,4,1.14705206501104,7.35260327887471,0.10544623305475,6.53091537112672,0.116498866905708,1.08187304512252,0.0335480402797812,0.901917271470543
"R",0.0206999999999999,0.0377277980454087,0.06222195422691,0.0851922084019107,4,1.1464709630239,7.32354815459148,0.102827553826098,6.54913379257163,0.116408110714427,1.08708180680569,0.0321776005579945,0.852738796454408
"R",0.0186999999999999,0.0340826001666253,0.0563283874467807,0.0771229348536651,4,1.14587265306878,7.29363265467904,0.100140693564604,6.56779359618958,0.116317347909473,1.09246820307747,0.0307309893958252,0.802200110300491
"R",0.0106999999999999,0.0195018086514914,0.0325298318284998,0.0445387523880458,4,1.14322433361771,7.16121668107808,0.0883551118067533,6.64927851002644,0.115910977145957,1.11666058822978,0.0238916838857921,0.579622388149707
"R",0.5487,1.00006003804424,0.849511221620346,1.16312221194658,4,1.25011087397282,12.5055436676474,0.584084169470575,3.40427761940588,0.13324984696807,0.373961626920732,0.110799577141786,9.50786323151629
"R",0.5507,1.00370523592303,0.848917726849322,1.16230961885389,4,1.25047024572359,12.5235122818861,0.585748010471735,3.39431949601762,0.133306969088592,0.372014444406503,0.110772502217061,9.53689622543658
"R",0.5527,1.00735043380181,0.848293961717794,1.161455580601,4,1.25082932126922,12.5414660614576,0.58741043578726,3.3843747879139,0.133364011922401,0.370071859368527,0.110743710457805,9.56589993340005
"R",0.5547,1.01099563168059,0.847639934947171,1.16056010912899,4,1.25118808584662,12.5594042878224,0.589071385206147,3.37444372762703,0.133420962622647,0.368133874898719,0.110713252685518,9.59487337581577
"R",0.5567,1.01464082955938,0.846955656948809,1.15962321869272,4,1.25154657611422,12.5773287753673,0.590731027929585,3.36452545228948,0.133477832180599,0.366200454657444,0.110681005866766,9.6238193301758
"R",0.5587,1.01828602743816,0.846241136148127,1.15864492082799,4,1.25190475184354,12.5952376215546,0.592389190469233,3.3546207469114,0.133534617671501,0.364271621064069,0.110647081247754,9.65273499809377
"R",0.5607,1.02193122531694,0.84549638651906,1.15762523466745,4,1.25226262380766,12.6131312020567,0.594045893942971,3.34472961537543,0.133591325742352,0.362347379943541,0.110611468709553,9.68162076347929
"R",0.5627,1.02557642319573,0.844721418214296,1.15656417411182,4,1.25262018951194,12.6310095730078,0.595701157342144,3.3348518388865,0.133647932621711,0.360427725295104,0.110574164318351,9.71047693373811
"R",0.5647,1.02922162107451,0.843916246545122,1.1554617601248,4,1.25297746491376,12.6488732543215,0.597355030446856,3.32498710734909,0.133704462259478,0.35851263209498,0.110535101712016,9.73930434796183
"R",0.5667,1.03286681895329,0.843080881361387,1.15431800619247,4,1.25333445247219,12.6667226325057,0.599007532447543,3.31513549309637,0.1337609008329,0.356602101777958,0.110494332226315,9.76810335060633
"R",0.5687,1.03651201683208,0.84221533880982,1.15313293442238,4,1.25369112267052,12.6845561256904,0.600658532607192,3.30529743157119,0.133817252744679,0.354696151642243,0.110451880553801,9.79687183326939
"R",0.5707,1.04015721471086,0.841319634759106,1.15190656654142,4,1.25404748917857,12.7023744638828,0.602308097795905,3.29547259548703,0.133873516837948,0.352794762623593,0.110407720087988,9.82561089708823
"R",0.5727,1.04380241258964,0.840393784327008,1.1506389232483,4,1.25440355255728,12.7201776273686,0.603956219394644,3.28566105725413,0.133929698542975,0.350897933868101,0.110361861248203,9.85432044129756
"R",0.5747,1.04744761046843,0.839437804612894,1.14933002795492,4,1.25475930386954,12.7379652340171,0.605602862768365,3.2758629679881,0.133985787972213,0.349005675422161,0.110314325299787,9.88299992149688
"R",0.5767,1.05109280834721,0.838451711581046,1.14797990251902,4,1.25511476967834,12.7557384581841,0.607248141959831,3.26607769547208,0.134041786006709,0.347117955009647,0.110265038034676,9.91165121662234
"R",0.5787,1.05473800622599,0.837435524293378,1.14658857303955,4,1.25546992196247,12.7734960713334,0.608891937176588,3.25630585381467,0.134097699876482,0.345234788118682,0.110214078793849,9.94027240096758
"R",0.5807,1.05838320410478,0.836389261120827,1.14515606466937,4,1.25582477022467,12.7912385007118,0.610534293093501,3.24654716118293,0.134153519634296,0.343356164328078,0.110161419500948,9.96886422105309
"R",0.5827,1.06202840198356,0.835312941479129,1.14368240399185,4,1.25617932114869,12.8089660574256,0.61217523761828,3.23680145040693,0.134209257485606,0.341482068936636,0.110107032060337,9.99742716317608
"R",0.5847,1.06567359986235,0.834206585519137,1.14216761859686,4,1.25653353393289,12.8266766882773,0.613814593066562,3.22706945563997,0.134264897830115,0.339612523742812,0.11005103138141,10.0259583358384
"R",0.5867,1.06931879774113,0.833070214581138,1.14061173770281,4,1.25688748629543,12.8443744196513,0.615452698253621,3.2173498253128,0.134320452901421,0.337747496380318,0.109993223714679,10.0544633378464
"R",0.5887,1.07296399561991,0.831903848791478,1.13901478886602,4,1.25724112343106,12.8620561648306,0.617089288557263,3.20764363963799,0.134375909442929,0.335886997973861,0.10993377472493,10.0829378367048
"R",0.5907,1.0766091934987,0.830707511556529,1.1373768041337,4,1.25759445584758,12.8797227376366,0.618724437176545,3.19795051090835,0.134431276866271,0.334031023564289,0.109872623670782,10.1113830733852
"R",0.5927,1.08025439137748,0.829481224615036,1.13569781326982,4,1.25794746604623,12.8973733573067,0.620358087290785,3.18827054422328,0.134486559112924,0.332179552168865,0.109809793373287,10.1397981169705
"R",0.5947,1.08389958925626,0.828225010733991,1.13397784744616,4,1.25830019417156,12.9150098668434,0.621990389163483,3.17860320077296,0.134541739285117,0.330332582416137,0.109745225609075,10.1681854714567
"R",0.5967,1.08754478713505,0.826938898407253,1.13221694567557,4,1.25865261992402,12.9326309883159,0.623621230874501,3.16894892314589,0.134596832995579,0.328490112625979,0.109678968108756,10.1965433262808
"R",0.5987,1.09118998501383,0.825622575279275,1.13041468029133,4,1.25900486668854,12.9502433347168,0.625251211890521,3.15930445666775,0.134651855844876,0.32665165709147,0.109610900709363,10.2248819477649
"R",0.6027,1.0984803807714,0.822901400741754,1.12668893957523,4,1.25970805426206,12.9854027297632,0.628505059539873,3.14006393074016,0.134761568042032,0.322989639417504,0.10947007675688,10.28144122952
"R",0.6047,1.10212557865018,0.821495934210764,1.12476462203976,4,1.26005927796179,13.002963937333,0.630130214268349,3.13046091781863,0.134816280290307,0.321165095351548,0.109397012467606,10.309683865896
"R",0.6067,1.10577077652896,0.820060695830566,1.12279954188901,4,1.26041027917943,13.0205139503296,0.631754239282759,3.12086979910047,0.13487089556833,0.319345029148739,0.109322119297458,10.3379026168739
"R",0.6107,1.11306117228653,0.817101019921169,1.11874725311075,4,1.26111112143795,13.0555560962024,0.634996990485397,3.10172910622546,0.134979888365639,0.315718220517306,0.109167720572997,10.3942368945702
"R",0.6127,1.11670637016531,0.815576638452161,1.11666012123896,4,1.26146114093844,13.0730570295551,0.636616409521715,3.09217730074221,0.135034245956545,0.313911492658649,0.109087902090226,10.4223639675857
"R",0.6147,1.1203515680441,0.814022600300059,1.11453238443346,4,1.26181086249488,13.0905431247957,0.638234429934955,3.08263794925482,0.135088495250605,0.312109191188864,0.109006378880901,10.4504627682508
"R",0.6167,1.12399676592288,0.812438938879431,1.11236408844436,4,1.26216027622206,13.1080138271098,0.639850986177909,3.07311145003332,0.135142669903496,0.310311309697906,0.108923188980263,10.4785322719849
"R",0.6187,1.12764196380166,0.81082568047467,1.11015526925937,4,1.26250942139878,13.1254710297839,0.641466255105066,3.06359692948912,0.135196718924413,0.30851785740597,0.108838233433401,10.506575414408
"R",0.6207,1.13128716168045,0.809182855341677,1.10790596830383,4,1.26285825876063,13.1429129246177,0.643080071360939,3.05409512124488,0.135250687333214,0.306728798541108,0.108751617409467,10.5345894980735
"R",0.6227,1.13493235955923,0.807510501743251,1.1056162379659,4,1.26320678922983,13.1603395429048,0.644692438791829,3.04460596922416,0.13530456845312,0.304944146333589,0.108663321431849,10.5625746224192
"R",0.6247,1.13857755743801,0.805808645504071,1.10328611360385,4,1.26355505846241,13.1777529491076,0.646303542483168,3.03512863014932,0.13535834102633,0.303163866239941,0.108573269551361,10.5905338380211
"R",0.6267,1.1422227553168,0.80407732427882,1.10091564677321,4,1.26390302473043,13.195151236797,0.647913206094887,3.02566390767507,0.13541202331412,0.301387979014592,0.108481549578878,10.6184643035441
"R",0.6287,1.14586795319558,0.80231657154356,1.09850488330829,4,1.26425069914248,13.2125350305704,0.649521505706837,3.01621123910147,0.135465613955355,0.299616438685559,0.108388106305826,10.6463672519065
"R",0.6307,1.14951315107436,0.800526416090823,1.09605386263084,4,1.26459809118256,13.2299045657814,0.651128433264839,3.006770922879,0.135519105362707,0.297849270624123,0.108292983120152,10.674242633097
"R",0.6327,1.15315834895315,0.79870689707565,1.09356263835064,4,1.26494519785195,13.2472599037987,0.652734007870438,2.99734270537346,0.135572501994057,0.29608645294845,0.108196143248395,10.702090767115
"R",0.6347,1.15680354683193,0.796858048765682,1.09103125738578,4,1.26529210218548,13.2646051139378,0.654338571180779,2.98792524530014,0.135625795174964,0.294327956668803,0.108097425987594,10.7299173070399
"R",0.6367,1.16044874471072,0.79497990525206,1.08845976641271,4,1.26563853258615,13.2819266278921,0.655940982838318,2.97852292319341,0.135679010571616,0.292573821201255,0.107997426467478,10.7577034980288
"R",0.6387,1.1640939425895,0.793072504105717,1.08584821687229,4,1.26598482192153,13.2992410732848,0.657542665526261,2.96912994270542,0.135732110954851,0.290823955491488,0.107895375861323,10.7854727696164
"R",0.6407,1.16773914046828,0.79113588182843,1.08319665874153,4,1.26633078804764,13.3165394914751,0.659142824805688,2.95974977546767,0.1357851293032,0.289078419363278,0.107791727763141,10.8132121289673
"R",0.6427,1.17138433834707,0.789170070445541,1.08050513586844,4,1.26667650400774,13.3338251979295,0.660741764231829,2.95038097415037,0.135838044664876,0.287337156941628,0.107686326958568,10.8409265584857
"R",0.6447,1.17502953622585,0.787175112486841,1.07777370648339,4,1.26702194273076,13.3510971910633,0.662339394677525,2.94102390334273,0.135890854330654,0.285600187769073,0.107579208703199,10.8686146384135
"R",0.6467,1.17867473410463,0.785151044043955,1.07500242000182,4,1.26736710366856,13.3683551700182,0.663935691228652,2.93167861149038,0.135943575507924,0.283867485931853,0.107470387911989,10.8962759863409
"R",0.6487,1.18231993198342,0.783097903920971,1.07219132955297,4,1.26771199432734,13.3855997087084,0.665530705829418,2.92234484172824,0.135996199897217,0.282139032119569,0.107359848893734,10.9239114730302
"R",0.6507,1.1859651298622,0.781015729352692,1.0693404861175,4,1.26805661801064,13.4028308547749,0.667124437615808,2.91302261098625,0.13604872382267,0.280414835838336,0.107247584603004,10.9515211392644
"R",0.6527,1.18961032774098,0.778904558932876,1.06644994253668,4,1.26840106370783,13.420053177556,0.668717322785752,2.90370964108414,0.13610115834354,0.278694776004836,0.107133329434624,10.9791121001423
"R",0.6547,1.19325552561977,0.776764433049202,1.06351975410795,4,1.26874505578461,13.4372527787737,0.67030804822098,2.89441255543203,0.136153498995678,0.276979100777291,0.107017926456622,11.0066629913516
"R",0.6567,1.19690072349855,0.774595391562773,1.06054997540781,4,1.26908888872223,13.4544445333304,0.671898013162433,2.88512431038192,0.136205727010551,0.275267553132078,0.106900493961575,11.0341966585213
"R",0.6587,1.20054592137733,0.772397471763994,1.05754065749302,4,1.26943248149127,13.4716240745327,0.673486803021609,2.87584695797958,0.136257871351062,0.273560183150547,0.106781285349339,11.0617063872413
"R",0.6607,1.20419111925612,0.770170717934287,1.05449186099222,4,1.26977580401535,13.4887902099512,0.675074309406904,2.86658101810908,0.13630990914586,0.271857002454245,0.10666039783857,11.0891904159905
"R",0.6627,1.2078363171349,0.767915168797318,1.05140363892454,4,1.27011887459384,13.5059437122968,0.676660609245897,2.85732600764471,0.136361854987737,0.270157977416319,0.106537763235998,11.1166500376645
"R",0.6647,1.21148151501368,0.76563086630192,1.04827604872493,4,1.27046169513168,13.5230847407476,0.678245709739983,2.84808193524926,0.136413704920484,0.268463106766083,0.106413389249814,11.144085413906
"R",0.6687,1.21877191077125,0.760976160900049,1.04190298253675,4,1.27114660016185,13.5573300099602,0.681412381407134,2.8296260670627,0.136517112549814,0.265085744611048,0.106159410837441,11.1988846526815
"R",0.6707,1.22241710865003,0.758605844458931,1.03865762493365,4,1.27148869103573,13.5744345416675,0.682993976150779,2.8204141274114,0.136568668718474,0.263403231196831,0.10602980183181,11.2262489697355
"R",0.6727,1.22606230652882,0.756206940047351,1.03537312564226,4,1.27183054417804,13.5915272128447,0.684574428010613,2.81121273746462,0.136620130545238,0.261724801396224,0.105898452064486,11.2535900820952
"R",0.6747,1.2297075044076,0.753779491322469,1.03204954443648,4,1.27217216393409,13.6086081978715,0.686153754943215,2.80202174843053,0.136671493326106,0.260050455681857,0.105765328320467,11.2809083318652
"R",0.6767,1.23335270228638,0.751323550994331,1.02868695348515,4,1.27251355343656,13.6256775792886,0.687731976220944,2.79284094738562,0.136722757063394,0.258380153959363,0.105630439462987,11.3082040221786
"R",0.6787,1.23699790016517,0.74883913391843,1.02528537312791,4,1.27285471676305,13.6427358396747,0.689309095541616,2.78367065029442,0.136773935693542,0.25671390210027,0.105493822669522,11.3354773235963
"R",0.6807,1.24064309804395,0.746326312544031,1.02184490255986,4,1.27319566446718,13.6597828986791,0.690885142995627,2.77451033306511,0.13682500553715,0.255051688933897,0.105355411056081,11.3627287124065
"R",0.6827,1.24428829592273,0.743785124527284,1.01836559333852,4,1.27353635832779,13.6768179625946,0.692460048960738,2.76536027443527,0.13687598705346,0.253393468618111,0.105215277687256,11.3899570482748
"R",0.6867,1.2515786916803,0.738617784305103,1.01129064478441,4,1.2742171739102,13.7108586934434,0.695606970327815,2.74708887972101,0.136977649045731,0.250088989541402,0.104929555848382,11.4443536233312
"R",0.6887,1.25522388955909,0.735991737101001,1.00769514921593,4,1.27455725444014,13.727862720755,0.697178856864737,2.73796788031626,0.137028335422091,0.248442711123126,0.104784022326863,11.4715197900358
"R",0.6927,1.26251428531665,0.730655100481044,1.00038840572416,4,1.27523681510916,13.7618407716086,0.700319696907004,2.71975443249881,0.137129422524877,0.245161940604455,0.104487610545616,11.5257915500428
"R",0.6947,1.26615948319544,0.727943919960828,0.996676348480648,4,1.27557638875523,13.7788194372849,0.701889095488289,2.71065922501942,0.137179830269771,0.243526998607384,0.10433664696281,11.5529048425071
"R",0.6967,1.26980468107422,0.725206040452223,0.992927735879608,4,1.27591559454138,13.7957797514762,0.703456733738186,2.70157806903743,0.137230122308389,0.241896780001924,0.104183984604144,11.5799845432143
"R",0.6987,1.273449878953,0.722439455754636,0.989139821098614,4,1.27625469035363,13.8127349159183,0.705023850124738,2.69250362574503,0.137280325109195,0.240270032040941,0.104029458093278,11.6070520199212
"R",0.7047,1.28438547258935,0.71397207915095,0.977546573647593,4,1.27727095683702,13.8635478187256,0.70972001966586,2.66533298577791,0.137430381565908,0.2354127266773,0.103554947652789,11.6881455990606
"R",0.7107,1.2953210662257,0.705254178401701,0.965610316956767,4,1.27828570716919,13.9142853310788,0.714408750288442,2.6382388449092,0.137579580284393,0.230589532120411,0.103063890277122,11.7690822083438
"R",0.7127,1.29896626410449,0.702292758711202,0.961555640652027,4,1.27862364805143,13.9311823870427,0.715970121783839,2.62922379870495,0.137629131113035,0.228989288351116,0.102896485274753,11.7960282411589
"R",0.7147,1.30261146198327,0.69930368404404,0.957463100082743,4,1.27896144422234,13.9480721030693,0.717530758589824,2.62021671517351,0.137678582734787,0.227392750989395,0.102727228698981,11.8229584772068
"R",0.7167,1.30625665986205,0.696286986261542,0.953332738872374,4,1.27929909504626,13.964954739076,0.719090691792603,2.61121733221683,0.137727928274139,0.225799893502211,0.10255610343006,11.8498734650341
"R",0.7207,1.31354705561962,0.690170974576571,0.944958901236957,4,1.27997400612316,13.9987002646236,0.722208546691204,2.59324138166519,0.137826363910554,0.222625163737417,0.102208184381153,11.9036594944271
"R",0.7227,1.3171922534984,0.687071739600108,0.940715532874746,4,1.28031127528245,14.0155637712212,0.72376653772627,2.58426430083742,0.137875434810353,0.22104323257733,0.102031375832829,11.9305317283822
"R",0.7247,1.32083745137719,0.683945081424479,0.936434617589953,4,1.28064842519805,14.0324212722226,0.725323914278124,2.57529443202312,0.137924419669649,0.21946489985006,0.101852663804843,11.9573903265331
"R",0.7287,1.32812784713475,0.677609668013611,0.92776038248569,4,1.28132240702233,14.0661203517522,0.728437001551317,2.55737546275833,0.138022129408118,0.216318927687643,0.101489484293605,12.0110696946855
"R",0.7327,1.33541824289232,0.671165104706983,0.91893670301276,4,1.28199599668042,14.0997998400546,0.731548061545892,2.53948261335742,0.138119433034907,0.213187074415314,0.101118536880808,12.0647020220089
"R",0.7347,1.3390634407711,0.66790200231782,0.914468972896786,4,1.28233264266067,14.1166322153769,0.733102818034978,2.53054604721551,0.13816796787228,0.211626370741183,0.100930178738359,12.0915004226761
"R",0.7367,1.34270863864989,0.66461174670016,0.909964065492992,4,1.28266924073169,14.1334620455815,0.734657257553385,2.521615237425,0.138216400481348,0.210069134816759,0.100739820096803,12.1182903267981
"R",0.7387,1.34635383652867,0.661294384287218,0.90542204437618,4,1.28300577832828,14.1502888694116,0.736211360948774,2.51269001481758,0.138264733215747,0.208515320401922,0.100547448225228,12.145071422509
"R",0.7407,1.34999903440746,0.657949959991812,0.900842971039466,4,1.28334223645551,14.1671118124572,0.737765047539356,2.50377071696105,0.138312983222586,0.206964910188666,0.100353118239604,12.1718424290606
"R",0.7447,1.35728943016502,0.651180098710367,0.891573904512921,4,1.28401500287753,14.2007501558893,0.740871519577218,2.48594833327175,0.138409222752297,0.203874191433714,0.0999584377926634,12.2253600909961
"R",0.7527,1.37187022168016,0.637317600770596,0.872593838262522,4,1.28536013710213,14.2680068186403,0.74708181265555,2.45036252305613,0.138600628252566,0.197732428260946,0.0991446598520686,12.3323147473613
"R",0.7547,1.37551541955894,0.633784985236442,0.867757099806961,4,1.28569638655232,14.2848193305324,0.748634057750554,2.44147709573431,0.138648259238512,0.196205097526228,0.0989360458226238,12.3590405365953
"R",0.7567,1.37916061743772,0.630225658701596,0.862883789547028,4,1.2860326364434,14.3016318747862,0.750186240928743,2.43259560638007,0.138695805984173,0.194680941355629,0.098725340115236,12.3857623846359
"R",0.7587,1.38280581531651,0.626639665691101,0.857973968444916,4,1.28636890496245,14.3184452485634,0.751738417601326,2.42371792288109,0.138743265889123,0.193159950235176,0.0985125320567686,12.4124812674503
"R",0.7627,1.39009621107407,0.619387851993446,0.848045028868872,4,1.28704199764228,14.3520998817782,0.754844926409473,2.4059649267117,0.138837821787998,0.190127248618594,0.0980795306110375,12.4659461719936
"R",0.7667,1.39738660683164,0.61202988407102,0.837970746496191,4,1.28771429568805,14.3857147748214,0.757947866090767,2.38823949906212,0.138932258753729,0.18710694078895,0.0976398734399874,12.5193411412853
"R",0.7707,1.40467700258921,0.604566094341862,0.827751576462483,4,1.28838728514506,14.4193643440042,0.761053524456438,2.37051656660056,0.139026235323426,0.184098605698152,0.097190498189238,12.5727703331637
"R",0.7807,1.42290299198312,0.585445783011197,0.80157268883624,4,1.29007149782816,14.5035748793247,0.768824189003913,2.32623738243652,0.13925975814972,0.176628615798444,0.096027589014535,12.7064064687391
"R",0.7827,1.42654818986191,0.581543033993446,0.796229176055396,4,1.29040933917968,14.5204669578592,0.770382394011241,2.31737449242563,0.139306098167002,0.175142988141022,0.0957868664156178,12.7331936907252
"R",0.7847,1.43019338774069,0.577614150600228,0.790849880966058,4,1.29074659189468,14.5373295964027,0.771938227013161,2.30852202601139,0.139352484956057,0.173660100789104,0.0955451158160688,12.7599392620065
"R",0.7867,1.43383858561947,0.573659165540142,0.78543484835174,4,1.29108359437979,14.5541797313573,0.773492826697162,2.29967860688213,0.139398906583562,0.172180151649345,0.0953020883818077,12.7866623924108
"R",0.7887,1.43748378349826,0.569678115213495,0.77998412805052,4,1.29142128674367,14.5710643146339,0.775050370852104,2.29082546345728,0.139445146427823,0.170702688251007,0.0950555239796729,12.8134318121123
"R",0.7927,1.44477417925583,0.561637972077527,0.768975834303868,4,1.29209729364438,14.6048646843093,0.778168054221129,2.27311586728022,0.139537362175967,0.167755632498939,0.0945549993724733,12.8670070189783
"R",0.7967,1.45206457501339,0.553494015577797,0.757825402788796,4,1.29277412852025,14.6387065624263,0.781289211449882,2.25540124785067,0.139629297339017,0.164818740161688,0.0940447030623736,12.9206311728401
"R",0.7987,1.45570977289218,0.549383177624871,0.752196981631932,4,1.29311296127976,14.6556480316247,0.782851522299448,2.24654007192151,0.139675130437233,0.163354044767281,0.0937856441717903,12.9474688797986
