"reaction","phi","rel_phi","mu","mu_norm","convergence","f.TS","f.ATPS","f.AAS","f.NTS","f.ADPS","f.RNAP","f.DNAP","f.R"
"TS",0.0854,0.999688058160622,0.892561828818636,0.999999968956936,4,1.24112989898615,12.0564949503218,0.550138187634938,3.58175152643428,0.13314086664402,0.407444748464484,0.11290045843328,8.85545626369911
"TS",0.085114381270903,0.996344619839015,0.892558356469261,0.999996078639028,4,1.24144978491994,12.0724892410201,0.551227795187998,3.57973122713278,0.133214727702174,0.407305617153858,0.112651104942467,8.87425341363049
"TS",0.084828762541806,0.993001181517407,0.892548946322769,0.999985535788217,4,1.24177077048053,12.088538465,0.552322850862012,3.57767715425983,0.13328849261056,0.407162348854272,0.11239987650762,8.89314294028404
"TS",0.084543143812709,0.9896577431958,0.892533526695081,0.999968260091777,4,1.24209286020061,12.1046429729988,0.553423388678002,3.57558898623151,0.133362159604936,0.4070148863234,0.112146779741813,8.91212554534924
"TS",0.084257525083612,0.986314304874192,0.892512026774564,0.999944172214438,4,1.24241606278657,12.1208031090695,0.554529450214677,3.57346644840491,0.133435727484549,0.406863180067037,0.111891811738479,8.93120187128807
"TS",0.0839719063545151,0.982970866552585,0.892484373978717,0.999913190836907,4,1.24274038290786,12.1370191380793,0.555641076132852,3.57130916680902,0.133509196846054,0.40670719119376,0.111634936655324,8.95037257811716
"TS",0.0836862876254181,0.979627428230977,0.892450495545665,0.999875234438923,4,1.2430658287462,12.1532914079937,0.556758300311206,3.56911693899615,0.13358256552254,0.40654686491809,0.111376176103432,8.96963824032742
"TS",0.0834006688963211,0.97628398990937,0.89241031673787,0.99983021928675,4,1.24339240432617,12.1696201987763,0.557881160683291,3.56688944229538,0.133655833027756,0.406382155826551,0.111115513749818,8.98899948238344
"TS",0.0831150501672241,0.972940551587762,0.892363762901094,0.999778061739981,4,1.24372011636755,12.186005813031,0.559009693431261,3.56462640158651,0.133728998842954,0.406213018108888,0.11085294343234,9.00845690384541
"TS",0.0828294314381271,0.969597113266155,0.892310758451533,0.999718677116749,4,1.2440489714428,12.2024485702513,0.56014393729827,3.56232749103277,0.133802062002381,0.406039401341843,0.110588457946185,9.02801117595615
"TS",0.0822581939799331,0.96291023662294,0.892185089295585,0.999577881097931,4,1.24471013334791,12.2355066566378,0.562429709356108,3.55762097194056,0.133947876368225,0.405678533181789,0.110053716941236,9.06741257966787
"TS",0.0819725752508361,0.959566798301333,0.892112268506914,0.999496294832354,4,1.24504245305066,12.2521226546258,0.563581309978743,3.55521278226428,0.134020626547335,0.405491186506368,0.109783456293795,9.08726101174764
"TS",0.0805444816053512,0.942849606693296,0.89164509983688,0.998972892822041,4,1.24672168410259,12.3360842054662,0.569428026437401,3.54261023923128,0.134382779197229,0.404483305667706,0.108402898292164,9.18800568167926
"TS",0.0802588628762542,0.939506168371688,0.891530477839353,0.998844473713955,4,1.24706110044925,12.3530550238462,0.570615376693772,3.53997534743654,0.134454885072865,0.404267144094038,0.108120907062706,9.20845953853128
"TS",0.0799732441471572,0.936162730050081,0.891408596965521,0.998707921974777,4,1.24740172326971,12.3700861233594,0.571808822263097,3.53730162414226,0.134526881346299,0.404045999780313,0.107836944099781,9.22901657458518
"TS",0.0796876254180602,0.932819291728473,0.891279370466466,0.998563140413577,4,1.24774355466636,12.3871777345801,0.573008397664429,3.53458875196597,0.134598767448301,0.403819821018707,0.107551000361301,9.2496773569358
"TS",0.0794020066889632,0.929475853406866,0.89114271233255,0.998410032667692,4,1.2480866040329,12.4043302016262,0.574214140405267,3.53183647734709,0.134670541600683,0.403588559805015,0.10726307652331,9.27044250768216
"TS",0.0791163879598662,0.926132415085259,0.890998533951362,0.998248499458387,4,1.24843087745268,12.4215438704015,0.575426092501422,3.52904446142087,0.134742209160987,0.403352154370386,0.106973167716951,9.29131273202155
"TS",0.0788307692307692,0.922788976763651,0.890846746679613,0.998078441472334,4,1.24877638062801,12.4388190318456,0.576644295907472,3.52621236030543,0.13481375792495,0.403110555218983,0.10668126629584,9.31228869742091
"TS",0.0785451505016722,0.919445538442044,0.89068726123711,0.997899758682635,4,1.24912311806236,12.4561559125253,0.577868784241764,3.52333984896165,0.134885196935506,0.402863701348799,0.10638736187723,9.33337096665257
"TS",0.0782595317725752,0.916102100120436,0.890519983460991,0.997712345591995,4,1.24947110230907,12.4735551161553,0.579099602413534,3.52042678416482,0.134956525298841,0.402611558710371,0.106091463892141,9.35456032008434
"TS",0.0779739130434783,0.912758661798829,0.890344825009668,0.997516103225102,4,1.2498203341918,12.4910166914713,0.580336791520428,3.51747260897008,0.135027736673875,0.402354044343587,0.10579355555386,9.37585738472672
"TS",0.0776882943143813,0.909415223477221,0.890161690467143,0.997310924680684,4,1.25017082127603,12.5085410456911,0.581580382130821,3.51447721226114,0.135098835531306,0.402091125538272,0.105493641814598,9.39726269727991
"TS",0.0774026755852843,0.906071785155614,0.88997048633715,0.99709670520828,4,1.25052256813301,12.5261284120647,0.582830406579548,3.51144031404021,0.135169821823202,0.401822748345868,0.1051917223816,9.41877678878015
"TS",0.0771170568561873,0.902728346834006,0.889771117711283,0.996873338475309,4,1.25087558533921,12.5437792670319,0.584086927735198,3.50836138858986,0.135240690477461,0.401548840315591,0.104887778443505,9.4404007012427
"TS",0.0768314381270903,0.899384908512399,0.889563489832332,0.996640718318586,4,1.25122987205872,12.5614935992052,0.585349952634115,3.50524036000767,0.135311444269224,0.401269361782872,0.104581824388916,9.46213449882064
"TS",0.0765458193979933,0.896041470190792,0.889347499350465,0.996398728948002,4,1.25158544563939,12.5792722814486,0.586619555394985,3.50207683774175,0.135382085249671,0.400984254922514,0.104273847743252,9.48397949433399
"TS",0.0762602006688963,0.892698031869184,0.889123053981449,0.996147266971027,4,1.2519423047647,12.5971152407135,0.587895762395295,3.4988703660465,0.135452606959108,0.400693444825923,0.103963842943043,9.50593608392073
"TS",0.0759745819397993,0.889354593547577,0.888890055793903,0.995886222668222,4,1.25230044826316,12.6150224637771,0.589178584829441,3.49562082729895,0.13552301183001,0.400396893786248,0.103651814213468,9.52800436933485
"TS",0.0756889632107023,0.886011155225969,0.888648392811785,0.995615470584935,4,1.25265990635311,12.6329953144573,0.590468118896318,3.49232788170541,0.135593307393049,0.400094551601058,0.103337748266641,9.55018612518474
"TS",0.0754033444816053,0.882667716904362,0.888397973853649,0.995334908564157,4,1.25302066488764,12.6510332426012,0.591764367363131,3.48899108611478,0.135663478837824,0.399786327032582,0.103021663063458,9.57248124033862
"TS",0.0751177257525084,0.879324278582754,0.888138693455221,0.995044418446826,4,1.25338273172896,12.6691365860935,0.59306734247804,3.48561052455822,0.135733537624781,0.399472214372472,0.102703563993218,9.59488997104499
"TS",0.0748321070234114,0.875980840261147,0.887870447886891,0.994743884017342,4,1.25374612009758,12.6873060171446,0.594377156535756,3.4821851206635,0.135803473441281,0.399152091708757,0.10238338400019,9.61741413502502
"TS",0.0745464882943144,0.87263740193954,0.887593128336384,0.994433183365641,4,1.25411083504311,12.7055417521939,0.59569379170755,3.47871530075489,0.13587329717395,0.398825957605075,0.102061189534458,9.64005351201138
"TS",0.0742608695652174,0.869293963617932,0.887306632077689,0.994112201400525,4,1.25447687965955,12.7238439834798,0.597017300318687,3.47520047607193,0.135943001443695,0.398493727676224,0.101736961703767,9.66280891314445
"TS",0.0739752508361204,0.865950525296325,0.88701085059509,0.993780816544185,4,1.25484426212279,12.7422131084947,0.598347727180945,3.47164031395392,0.136012587334489,0.398155345256376,0.101410691712559,9.68568109462129
"TS",0.0736896321070234,0.862607086974717,0.886705676952597,0.99343890898869,4,1.25521298619382,12.7606493315757,0.599685110129867,3.46803445361895,0.136082052822957,0.397810743536724,0.101082377872424,9.70867064121656
"TS",0.0734040133779264,0.85926364865311,0.88639099496284,0.993086348561135,4,1.25558306502753,12.7791532492066,0.601029484404239,3.46438284934033,0.136151405883549,0.397459892890389,0.100752032195671,9.73177821834847
"TS",0.0731183946488294,0.855920210331502,0.886066699625619,0.992723017622389,4,1.25595449915007,12.7977249551254,0.60238089977801,3.46068487515423,0.136220634129207,0.397102701041688,0.100419642244313,9.75500457614999
"TS",0.0728327759197324,0.852576772009895,0.885732680278726,0.992348792189775,4,1.25632729122534,12.8163645855271,0.603739378134422,3.45694031284681,0.136289746702633,0.396739113204521,0.100085205997555,9.77835007142034
"TS",0.0725471571906355,0.849233333688288,0.885388813409698,0.99196353388357,4,1.25670145916502,12.8350729524635,0.60510496955563,3.45314910192475,0.136358744613973,0.396369102101066,0.0997487409592751,9.80181561786127
"TS",0.0722615384615385,0.84588989536668,0.885034993667108,0.991567124671141,4,1.25707700054183,12.8538500270208,0.606477729100577,3.44931044165564,0.136427618825654,0.395992549634483,0.0994102211397049,9.82540201175109
"TS",0.0719759197324415,0.842546457045073,0.884671101959639,0.991159431126085,4,1.25745392056463,12.8726960248441,0.607857644247427,3.44542465391565,0.13649637894156,0.395609468843602,0.0990696803814636,9.84910914100572
"TS",0.0716903010033445,0.839203018723465,0.884297020636283,0.99074032143568,4,1.25783222977671,12.8916114891857,0.609244806970585,3.44149089547376,0.136565017853747,0.395219735882761,0.0987270913025021,9.87293844443149
"TS",0.0714046822742475,0.835859580401858,0.883912632098912,0.99030966384645,4,1.25821193235178,12.9105966110783,0.61063923098479,3.43750909037781,0.136633539484548,0.394823317807916,0.0983824662639616,9.89689019661299
"TS",0.0711190635451505,0.83251614208025,0.883517816199615,0.989867323748215,4,1.25859303724696,12.9296518584787,0.612040986835339,3.43347861952065,0.136701937918783,0.394420117321734,0.0980357928176947,9.92096552726755
"TS",0.0708334448160535,0.829172703758643,0.883112451173041,0.989413164718663,4,1.25897554667292,12.9487773278696,0.613450062893504,3.42939969873386,0.136770221588815,0.394010133401441,0.0976870991500183,9.94516430857787
"TS",0.0705478260869565,0.825829265437035,0.882696415060261,0.988947050118608,4,1.25935946757965,12.9679733685344,0.614866521900576,3.42527175722625,0.136838387746265,0.39359327296366,0.0973363697764271,9.96948749209525
"TS",0.0702622073578595,0.822485827115428,0.882269585453343,0.988468842805807,4,1.2597448060339,12.9872403018062,0.61629040113228,3.4210944734382,0.136906434601332,0.393169473453964,0.0969836105735977,9.99393574652197
"TS",0.0699765886287625,0.819142388793821,0.88183183552017,0.987978400681295,4,1.26013156884483,13.0065784363888,0.617721730742049,3.41686767779032,0.13697436473585,0.392738688461993,0.0966288295751262,10.0185095659973
"TS",0.0696909698996656,0.815798950472213,0.881383039712518,0.987475583084543,4,1.26051976232216,13.0259881066965,0.619160561033248,3.41259091660443,0.137042176464425,0.392300838382023,0.0962720216042093,10.0432097668611
"TS",0.0694053511705686,0.812455512150606,0.880923072290641,0.986960249140443,4,1.2609093854257,13.0454692721753,0.62060688181926,3.40826429715214,0.137109881509732,0.391855893367542,0.0959132178708557,10.0680361846809
"TS",0.0691197324414716,0.809112073828998,0.880451801475418,0.986432251207552,4,1.26130045646647,13.0650228207479,0.6220608014377,3.4038869576399,0.137177453639062,0.391403773159608,0.0955523717017697,10.0929906585973
"TS",0.0688341137123746,0.805768635507391,0.879969100413485,0.9858914471631,4,1.26169297761274,13.0846488873425,0.623522380026659,3.39945822171562,0.137244905870625,0.390944321517245,0.0951894906009345,10.1180740083718
"TS",0.0685484949832776,0.802425197185783,0.879474835516014,0.985337687338101,4,1.26208694803063,13.1043474120146,0.624991555558145,3.39497884615582,0.137312248179745,0.390477617553318,0.0948246228325601,10.1432853868125
"TS",0.0682628762541806,0.799081758864176,0.878968868581693,0.984770816895877,4,1.26248238132556,13.124119066342,0.626468412977605,3.39044816769256,0.137379476929672,0.390003555193065,0.0944577551643866,10.1686261809942
"TS",0.0679772575250836,0.795738320542569,0.878451074481766,0.984190695645858,4,1.26287927764831,13.1439638715471,0.627952990181979,3.38586568169379,0.137446587687863,0.389522046117182,0.0940888804012921,10.194096932475
"TS",0.0676916387959866,0.792394882220961,0.877921313356794,0.983597166893651,4,1.2632776446311,13.1638822360181,0.629445318865161,3.38123124087495,0.137513578620917,0.389033048516836,0.0937180163407071,10.2196982215057
"TS",0.0674060200668896,0.789051443899354,0.877379448901464,0.9829900779268,4,1.26367748847933,13.1838744240088,0.630945447551619,3.37654438471798,0.137580458654124,0.388536474091442,0.093345147313734,10.2454307876642
"TS",0.0671204013377927,0.785708005577746,0.876825342724576,0.982369273695882,4,1.26407881301595,13.2039406483836,0.63245338317557,3.37180514878386,0.137647221783264,0.388032304086853,0.0929703073756368,10.2712948235276
"TS",0.0668347826086957,0.782364567256139,0.87625885498305,0.981734597524831,4,1.26448162532325,13.2240812619943,0.633969181398695,3.36701303493341,0.137713868321305,0.387520444983164,0.0925934930416692,10.2972912077698
"TS",0.0665491638795987,0.779021128934532,0.875679844379162,0.981085891107842,4,1.26488593244939,13.2442966181937,0.635492889725445,3.36216763481956,0.137780398111925,0.387000823144464,0.0922147001066686,10.3234207289924
"TS",0.0662635451505017,0.775677690612924,0.875088168225395,0.980422994582027,4,1.26529173661557,13.2645868236065,0.637024521415649,3.35726886366513,0.137846817061695,0.386473398832605,0.0918339386309378,10.3496835786564
"TS",0.0659779264214047,0.772334252291317,0.874483683616172,0.979745747840187,4,1.26569904063026,13.2849520285586,0.638564085995213,3.35231667302882,0.137913126843043,0.385938138071997,0.0914512302189457,10.3760799622823
"TS",0.0656923076923077,0.768990813969709,0.873866244283782,0.97905398700829,4,1.26610786023517,13.3053930127719,0.640111699044727,3.34731003043212,0.137979312811369,0.385394886321261,0.0910665578839245,10.4026117690965
"TS",0.0654066889632107,0.765647375648102,0.873235702614101,0.978347546703822,4,1.26651819057369,13.3259095186615,0.641667323009812,3.34224932227116,0.138045394137342,0.384843658101484,0.0906799419976553,10.4292783112939
"TS",0.0651210702341137,0.762303937326494,0.872591913180303,0.977626263994853,4,1.26693003968891,13.3465019850534,0.643231008685243,3.33713409814406,0.138111358275128,0.384284376072247,0.090291396311513,10.4560805249104
"TS",0.0648354515050167,0.758960499004887,0.871934723571221,0.976889968124402,4,1.26734341322956,13.3671706614695,0.64480279378553,3.3319640460019,0.138177216732627,0.383716964573958,0.0899009178561629,10.4830189762504
"TS",0.0645498327759197,0.755617060683279,0.871263983878951,0.976138491140073,4,1.26775831747783,13.3879158740178,0.646382706659285,3.32673897817889,0.138242958422271,0.383141376732234,0.0895085356724334,10.5100942133542
"TS",0.0636929765886288,0.745586745718457,0.869167671718332,0.973789844774232,4,1.2690129860567,13.4506493026932,0.651174369680518,3.31072107224549,0.138439638080738,0.381363807630388,0.088319247347632,10.5921938829341
"TS",0.0634073578595318,0.74224330739685,0.868442450948078,0.972977328795703,4,1.26943331913996,13.4716659569899,0.652784310120615,3.30528248470053,0.13850482947739,0.380755900991825,0.0879199799355038,10.619773173246
"TS",0.0628361204013378,0.735556430753635,0.866946354709533,0.971301146660419,4,1.2702801177123,13.5140058797539,0.656034705117778,3.29421695494446,0.138635110449189,0.379512429473484,0.0871144480793079,10.6754465893239
"TS",0.0625505016722408,0.732212992432027,0.8661764065842,0.970438519471387,4,1.27070586203907,13.5352931019523,0.657672425241491,3.2885989214601,0.13870009043922,0.378877786488492,0.0867089017041675,10.7034938374067
"TS",0.0622648829431438,0.72886955411042,0.865391652531714,0.969559304157906,4,1.27113317015875,13.5566585033618,0.659318512177052,3.28292376879231,0.138764964136581,0.378234464468501,0.0863015182625886,10.731681728795
"TS",0.0619792642140468,0.725526115788813,0.864591924000567,0.968663311879837,4,1.27156204562735,13.5781022847596,0.660972977714801,3.27719147939593,0.138829733095579,0.377582424855822,0.0858923293008622,10.7600104894361
"TS",0.0616936454849498,0.722182677467205,0.863777053829639,0.967750355354786,4,1.27199250182154,13.5996250866533,0.662635926989589,3.27140108862613,0.138894390084973,0.376921524602851,0.0854813039475366,10.7884817853458
"TS",0.0614080267558528,0.718839239145598,0.862946876148104,0.966820248745967,4,1.27242453331415,13.6212266629599,0.664307309080267,3.26555309156408,0.138958945238479,0.376251790209766,0.0850684910883125,10.817094840615
"TS",0.0611224080267559,0.71549580082399,0.862101222524018,0.965872803347195,4,1.2728581453328,13.6429072613981,0.665987162633802,3.25964712982084,0.139023400803578,0.375573141269344,0.0846538982358262,10.8458502783563
"TS",0.0608367892976589,0.712152362502383,0.861239921731984,0.964907827322579,4,1.27329334575136,13.6646672865765,0.667675547074035,3.25368268619804,0.139087748827538,0.374885487485951,0.0842375271772769,10.8747490598355
"TS",0.0605511705685619,0.708808924180776,0.860362801986123,0.963925128208286,4,1.27373013927788,13.686506955786,0.669372491837859,3.24765950673235,0.13915199029164,0.37418876565242,0.0838193899584847,10.9037916712259
"TS",0.0602655518394649,0.705465485859168,0.859469705300268,0.962924529001267,4,1.27416851329792,13.7084257181615,0.671077942569572,3.24157790265624,0.139216135401708,0.373482965982527,0.0833995313080283,10.9329772036376
"TS",0.0599799331103679,0.702122047537561,0.858560414179717,0.961905786026871,4,1.27460850493427,13.7304252438367,0.672792059981302,3.23543694669009,0.139280175241588,0.372767975847394,0.0829779122210422,10.9623083679331
"TS",0.0596943143812709,0.698778609215953,0.857634796936845,0.96086875174616,4,1.27505008661091,13.7525043304981,0.674514748982325,3.22923699340005,0.139344109302785,0.372043778545258,0.0825546012278275,10.9917835388342
"TS",0.0594086956521739,0.695435170894346,0.856692659360525,0.959813208570714,4,1.27549326796698,13.7746633894635,0.676246043797522,3.22297787219772,0.139407960108332,0.371310321422788,0.08212959100363,11.0214032975393
"TS",0.0591230769230769,0.692091732572738,0.855733821365748,0.958738954738595,4,1.2759380642407,13.7969032118389,0.677986065505636,3.21665852049403,0.139471695895769,0.370567451023155,0.0817028750898942,11.0511695937062
"TS",0.0588374581939799,0.688748294251131,0.854758105998505,0.957645791995746,4,1.27638446617305,13.8192233044527,0.679734732230026,3.21027967007785,0.139535336356425,0.369815219766668,0.0812745072163592,11.0810811400718
"TS",0.0585518394648829,0.685404855929523,0.853765331277332,0.956533516455498,4,1.27683248002324,13.8416239984322,0.681492099459439,3.20384078446305,0.139598879994384,0.369053527036477,0.0808444876746121,11.1111388334696
"TS",0.058266220735786,0.682061417607916,0.852755311220973,0.955401919749933,4,1.27728210960606,13.8641054807102,0.683258191309029,3.19734168049691,0.139662324726785,0.368282320341226,0.0804128356647379,11.1413430569002
"TS",0.057980602006689,0.678717979286309,0.851727860074878,0.954250793765125,4,1.27773335669823,13.8866678316924,0.685033025303217,3.19078217718478,0.139725673035599,0.367501538627176,0.079979563823298,11.1716940800583
"TS",0.057694983277592,0.675374540964701,0.850682796915933,0.953079935800152,4,1.27818622147522,13.9093110747306,0.686816605348096,3.18416219525923,0.139788926560939,0.366711141786467,0.0795447006523546,11.2021920022263
"TS",0.057409364548495,0.672031102643094,0.849619928720097,0.951889129596567,4,1.27864071261913,13.932035631752,0.688608994265418,3.17748119175927,0.139852078750084,0.365911038710901,0.0791082377581462,11.2328378288553
"TS",0.057123745819398,0.668687664321486,0.848539067929413,0.95067816501996,4,1.27909682423085,13.9548412108753,0.690410145902711,3.17073955907518,0.13991514421782,0.365101219036594,0.0786702375250562,11.2636308380921
"TS",0.056838127090301,0.665344225999879,0.84744003277547,0.949446838422361,4,1.27955456195108,13.9777281001657,0.692220124802088,3.16393661465586,0.139978106559944,0.36428158999976,0.078230681631453,11.2945720395215
"TS",0.056552508361204,0.662000787678271,0.846322603724275,0.948194903844355,4,1.28001393338663,14.0006966678426,0.694038942365975,3.15707248899457,0.14004097768463,0.363452126488104,0.0777896025486283,11.3256616797789
"TS",0.056266889632107,0.658657349356664,0.845186615928894,0.946922176596294,4,1.28047493035177,14.0237465177524,0.695866590669089,3.15014694890039,0.14010375817139,0.362612759139915,0.0773470201300292,11.3568995768898
"TS",0.05598127090301,0.655313911035057,0.844031872791096,0.945628436415315,4,1.28093755627403,14.0468778324522,0.697703100790026,3.14315971207274,0.140166442251007,0.361763422647966,0.0769029489656365,11.3882862167431
"TS",0.055695652173913,0.651970472713449,0.842858150236849,0.944313432255474,4,1.28140182063573,14.0700910339956,0.699548484276068,3.13611092744513,0.140229033765117,0.360904104426829,0.0764574245769213,11.4198218852162
"TS",0.0554100334448161,0.648627034391842,0.841665275416076,0.942976970460641,4,1.2818677190069,14.0933859257472,0.70140276852715,3.1290000271015,0.140291540653077,0.360034697145809,0.0760104357971398,11.4515069459793
"TS",0.0551244147157191,0.645283596070234,0.840453049848461,0.941618828659318,4,1.28233524717655,14.1167623585967,0.703265928943888,3.12182724743996,0.140353951272732,0.359155197716106,0.0755620361507533,11.4833410125743
"TS",0.0548387959866221,0.641940157748627,0.83922127778307,0.940238787537928,4,1.28280440566451,14.1402202956881,0.705137969125335,3.11459248964386,0.140416269663281,0.358265561025868,0.0751122436700673,11.5153241414076
"TS",0.0545531772575251,0.638596719427019,0.837969714978564,0.938836573455672,4,1.28327521416559,14.163760707052,0.707018974514725,3.10729528606668,0.140478499609571,0.357365698616711,0.0746610628078778,11.5474578249694
"TS",0.0542675585284281,0.635253281105412,0.836698203653197,0.937412009638533,4,1.28374764695019,14.187382348911,0.70890884934248,3.09993604696566,0.140540647140263,0.356455608936507,0.074208539550595,11.5797403307931
"TS",0.0539819397993311,0.631909842783805,0.835406524083813,0.935964849915159,4,1.28422172500596,14.2110862512533,0.710807720806912,3.09251373886606,0.140602694150709,0.355535151534241,0.0737546570715084,11.6121738128536
"TS",0.0536963210702341,0.628566404462197,0.83409446946422,0.93449486258599,4,1.28469743474083,14.2348717363915,0.712715485879113,3.08502925833541,0.140664659426493,0.354604396056769,0.0732994805814654,11.6447566232241
"TS",0.0534107023411371,0.62522296614059,0.83276186229541,0.933001848786369,4,1.28517477095839,14.2587385410186,0.714632155720796,3.07748224483135,0.140726530030458,0.353663263061901,0.0728430315608642,11.6774888654815
"TS",0.0531250836120401,0.621879527818982,0.831408405457341,0.931485475631756,4,1.28565376527519,14.2826882519813,0.716557862087929,3.06987208162763,0.140788318070435,0.352711643418973,0.0723852962875564,11.7103728235881
"TS",0.0528394648829431,0.618536089497375,0.830033978122173,0.929945607750199,4,1.28613438342538,14.306719172899,0.718492481038102,3.06219916673463,0.140850017323286,0.35174954715125,0.071926327513534,11.743406315069
"TS",0.0525538461538462,0.615192651175767,0.828638335616653,0.928381971016996,4,1.2866166361136,14.3308318003256,0.720436037554887,3.05446351004048,0.140911630109471,0.350776950595002,0.0714661545029307,11.776589846052
"TS",0.0522682274247492,0.61184921285416,0.827221272293648,0.926794335031162,4,1.28710052259374,14.3550261297743,0.722388555321846,3.04666476978286,0.140973153059423,0.349793775220529,0.0710047916329795,11.8099237645372
"TS",0.0519826086956522,0.608505774532553,0.825782565422656,0.925182450252003,4,1.28758604234542,14.3793021122034,0.724350030945789,3.03880294911309,0.141034593043635,0.348799981836846,0.0705422603536612,11.8434080057911
"TS",0.0516969899665552,0.605162336210945,0.824322010883243,0.923546087989003,4,1.28807319229662,14.4036596146998,0.726320454642144,3.030878039509,0.14109594470832,0.347795545020651,0.0700785976736621,11.8770424439274
"TS",0.0514113712374582,0.601818897889338,0.822839382224124,0.921884994532816,4,1.28856197170451,14.4280985816522,0.728299832027463,3.022889955454,0.141157209793041,0.346780412065588,0.0696138196237191,11.9108271072226
"TS",0.0511257525083612,0.59847545956773,0.821334468518044,0.92019893356676,4,1.28905237854739,14.4526189287203,0.730288160474866,3.0148386127431,0.14121839124859,0.345754541381807,0.0691479558161979,11.944761986435
"TS",0.0508401337792642,0.595132021246123,0.819807044049265,0.918487652205574,4,1.28954441327236,14.4772206587984,0.732285430427367,3.00672412047467,0.141279481179244,0.344717925657502,0.0686810415439392,11.9788469795561
"TS",0.0505545150501672,0.591788582924515,0.818256895678908,0.91675091165474,4,1.29003806944611,14.5019034660051,0.734291636217326,2.99854634462874,0.141340488828767,0.343670499836406,0.0682130942706932,12.013081892412
"TS",0.0502688963210702,0.588445144602908,0.816683804203758,0.914988466325436,4,1.2905333423822,14.5266671198471,0.736306753139352,2.99030542476788,0.141401413840997,0.34261224944055,0.0677441501821211,12.0474663389822
"TS",0.0499832775919732,0.585101706281301,0.815087541003804,0.91320006007854,4,1.29103023671798,14.551511838331,0.738330807294653,2.98200112363327,0.141462249819263,0.341543123269515,0.0672742301733652,12.0820007966081
"TS",0.0496976588628763,0.581758267959693,0.813467885960927,0.911385446300196,4,1.29152874546817,14.576437278913,0.740363773832443,2.97363352652399,0.141523000500806,0.340463092196943,0.0668033625232263,12.116684812569
"TS",0.0494120401337793,0.578414829638086,0.811824612762264,0.909544371436143,4,1.29202886697573,14.6014433482229,0.742405647850179,2.96520262101052,0.141583662708963,0.339372124028873,0.0663315795004417,12.1515183032273
"TS",0.0491264214046823,0.575071391316478,0.81015749832582,0.907676585551889,4,1.29253060176007,14.6265300865229,0.744456458285571,2.95670800623532,0.141644237080035,0.338270131282727,0.0658588895869668,12.1865017191932
"TS",0.0488408026755853,0.571727952994871,0.808466314629845,0.905781833178584,4,1.29303393630416,14.6516968101531,0.746516099386399,2.94815060892553,0.141704723873295,0.33715721446233,0.0653853604216591,12.2216333929437
"TS",0.0485551839464883,0.568384514673263,0.806750840586009,0.903859866615379,4,1.29353887129631,14.6769435573357,0.748584607679699,2.93952991116494,0.141765127193332,0.336033260909897,0.0649110001049048,12.2569138893784
"TS",0.0482695652173913,0.565041076351656,0.805010838718849,0.901910419801764,4,1.29404540191976,14.7022700946699,0.750661966884917,2.93084600768701,0.141825446020809,0.334898249865307,0.0644358400794786,12.2923428645433
"TS",0.0479839464882943,0.561697638030048,0.803246090798757,0.899933248239716,4,1.29455351869054,14.7276759326695,0.7527481094487,2.92209936928905,0.141885681464257,0.333752218602153,0.0639599299111449,12.3279193221385
"TS",0.0476983277591973,0.558354199708441,0.801456354041321,0.897928079920738,4,1.29506323446938,14.7531617196559,0.754843153809315,2.91328888143562,0.141945817650678,0.332594995405282,0.0634832498612007,12.3636450962593
"TS",0.0474127090301003,0.555010761386834,0.799641410854191,0.89589467106077,4,1.29557452381532,14.778726191834,0.756946929688772,2.9044158882729,0.142005872108583,0.331426716664877,0.0630058858498625,12.3995174666434
"TS",0.0471270903010033,0.551667323065226,0.797801018230088,0.893832749401621,4,1.29608739471466,14.8043697313744,0.759059508578281,2.89547968790018,0.142065836085284,0.330247261772995,0.0625278363437053,12.4355375596712
"TS",0.0468414715719064,0.548323884743619,0.795934954388829,0.891742066467307,4,1.29660183430599,14.8300917153212,0.761180820814824,2.88648075472229,0.142125710199264,0.32905666680283,0.0620491528638703,12.4717042372903
"TS",0.0465558528428094,0.544980446422011,0.794042975932506,0.889622349561987,4,1.29711783961067,14.8558919670966,0.763310855109133,2.87741905841557,0.142185496803862,0.327854887796874,0.0615698528873175,12.5080173312218
"TS",0.0462702341137124,0.541637008100404,0.792124861156845,0.887473350294725,4,1.29763540267717,14.8817701350001,0.765449588136477,2.86829466409987,0.142245192236057,0.326641910834077,0.0610899771820863,12.5444764178262
"TS",0.0459846153846154,0.538293569778796,0.790180364116999,0.885294793116164,4,1.29815451930149,14.9077259646653,0.767596988755087,2.85910778111524,0.142304796484183,0.325417733744058,0.0606095589216975,12.5810810114103
"TS",0.0456989966555184,0.534950131457189,0.788209256194355,0.883086421888746,4,1.29867518241353,14.9337591192675,0.769753037384044,2.8498584015687,0.142364308602615,0.324182323849025,0.0601286261684985,12.6178307655721
"TS",0.0454133779264214,0.531606693135582,0.786211300123247,0.880847970787012,4,1.29919738472305,14.9598692311421,0.771917696933622,2.84054673816156,0.142423726569101,0.322935682914759,0.0596472156075858,12.6547250773903
"TS",0.0451277591973244,0.528263254813974,0.784186261301918,0.878579176970065,4,1.29972111889957,14.9860559463371,0.774090941054254,2.83117286331446,0.142483050729557,0.321677788007098,0.0591653590469793,12.6917634992849
"TS",0.0448421404682274,0.524919816492367,0.782133900606074,0.876279772530097,4,1.3002463778229,15.0123188899045,0.776272730401374,2.82173701154024,0.142542280364422,0.320408646884873,0.0586830914878262,12.7289453984097
"TS",0.0445565217391304,0.521576378170759,0.78005398210188,0.873949493133789,4,1.30077315321164,15.0386576660511,0.778463035141652,2.81223926971858,0.142601413784753,0.319128236109832,0.0582004462834238,12.7662702668626
"TS",0.0442709030100334,0.518232939849152,0.77794626846302,0.871588072887731,4,1.30130143758368,15.0650718777307,0.780661819713562,2.80267982283944,0.142660449743263,0.317836556654315,0.0577174581195575,12.8037375015099
"TS",0.0439852842809365,0.514889501527544,0.775810522620531,0.869195246186846,4,1.30183122233917,15.0915611091179,0.782869045075341,2.79305885157572,0.142719387168645,0.316533604216367,0.0572341620554313,12.8413464800041
"TS",0.0436996655518395,0.511546063205937,0.773646507799299,0.866770747755271,4,1.30236249852032,15.1181249249759,0.785084672901109,2.78337653399632,0.142778224418388,0.315219374970586,0.0567505952642325,12.879096563459
"TS",0.0434140468227425,0.50820262488433,0.771453981424903,0.864314305819775,4,1.30289525057346,15.1447625344373,0.787308612482941,2.7736334932553,0.14283696799682,0.313893918774572,0.0562667985322015,12.9169862785198
"TS",0.0431284280936455,0.504859186562722,0.769232712198281,0.861825661239705,4,1.30342948280365,15.1714741360454,0.789540919252796,2.76382911887981,0.142895600637793,0.312557144510053,0.0557827924616841,12.9550164655875
"TS",0.0428428093645485,0.501515748241115,0.766982446261778,0.859304529600425,4,1.3039651867221,15.1982593245035,0.791781556746041,2.75396357376999,0.142954123210211,0.311209037558079,0.0552985986631999,12.993186538412
"TS",0.0425571906354515,0.498172309919507,0.764702964234804,0.856750665114388,4,1.30450233693379,15.2251168480259,0.794030377982958,2.74403788807383,0.143012548162969,0.309849701946107,0.05481428815211,13.0314941128406
"TS",0.0422715719063545,0.4948288715979,0.762394014111093,0.8541637854412,4,1.30504093107876,15.2520465528378,0.796287371316122,2.73405209858407,0.14307086436809,0.308479130453722,0.0543298906733033,13.0699390010076
"TS",0.0419859531772575,0.491485433276292,0.760055362196176,0.851543628756466,4,1.30558095898133,15.279047949089,0.79855250704203,2.72400621551517,0.143129068519998,0.307097293987911,0.0538454274289183,13.108520675075
"TS",0.0417003344481605,0.488141994954685,0.757686767895239,0.848889925504845,4,1.30612240989234,15.306120495807,0.800825730004778,2.71390056231652,0.143187165336592,0.305704208899181,0.0533609419177073,13.147238234741
"TS",0.0414147157190635,0.484798556633078,0.755287992343438,0.846202408069207,4,1.3066652729425,15.3332636438808,0.803106984546656,2.70373546917521,0.143245145198376,0.304299900214437,0.0528764767152997,13.1860907730204
"TS",0.0411290969899666,0.48145511831147,0.75285879890247,0.843480811326969,4,1.30720953652717,15.3604768264116,0.805396224744994,2.69351112465138,0.143303006537087,0.302884367969617,0.0523920626794696,13.2250775016027
"TS",0.0408434782608696,0.478111679989863,0.750398943605009,0.84072486194433,4,1.3077551887948,15.3877594323531,0.807693388510127,2.68322786968515,0.143360761271255,0.301457628549903,0.0519077321315187,13.2641974160036
"TS",0.0405578595317726,0.474768241668255,0.747908198020205,0.837934303994098,4,1.30830221755039,15.4151108740625,0.809998422685737,2.67288598320644,0.143418390494334,0.300019705412636,0.0514235306523947,13.3034496327325
"TS",0.0402722408026756,0.471424803346648,0.745386317028441,0.835108862851477,4,1.30885061197211,15.4425305848013,0.812311271588996,2.66248577234621,0.14347589839834,0.298570614086874,0.0509394929322829,13.3428332365854
"TS",0.0399866220735786,0.46808136502504,0.742833065924478,0.832248275559634,4,1.30940035766597,15.4700178792452,0.814631872031804,2.65202756460548,0.143533281570411,0.29711037645219,0.0504556556752065,13.382347175246
"TS",0.0397010033444816,0.464737926703433,0.740248206876608,0.829352275658933,4,1.30995144349948,15.4975721617775,0.816960165802521,2.64151168220792,0.143590538352074,0.295639015137682,0.0499720576661788,13.421990493891
"TS",0.0394153846153846,0.461394488381826,0.737631504051092,0.826420598928204,4,1.31050385551703,15.5251927633297,0.819296089775913,2.63093845952947,0.143647665466086,0.294156554640454,0.0494887363701299,13.4617621500567
"TS",0.0391297658862876,0.458051050060218,0.734982726303452,0.823452986399983,4,1.31105757883332,15.552878941541,0.821639574448587,2.62030827887415,0.143704658141366,0.292663026206754,0.0490057316420847,13.501660978808
"TS",0.0388441471571906,0.454707611738611,0.732301627612209,0.820449162439057,4,1.31161260389954,15.580630186721,0.823990565108677,2.60962143981451,0.143761519687277,0.291158451446538,0.0485230770361482,13.5416861275925
"TS",0.0385585284280936,0.451364173417003,0.729587984774936,0.817408876976004,4,1.3121689125286,15.608445626746,0.826348984188737,2.59887835861524,0.143818243022149,0.289642863217619,0.0480408161605681,13.5818362686987
"TS",0.0382729096989967,0.448020735095396,0.726841554662822,0.81433185761647,4,1.31272649284676,15.6363246398889,0.828714769068114,2.58807939399782,0.143874825918533,0.288116294352094,0.0475589828090208,13.6221103770819
"TS",0.0379872909698997,0.444677296773788,0.724062113240815,0.811217853358184,4,1.31328532921506,15.6642664550599,0.83108784525217,2.57722494964745,0.143931264468248,0.286578781795611,0.0470776186303405,13.6625072369041
"TS",0.0377016722408027,0.441333858452181,0.721249423039206,0.808066598147083,4,1.31384540713902,15.6922703535922,0.833468143475403,2.5663154148535,0.143987556054905,0.285030359750198,0.0465967607723137,13.7030256953606
"TS",0.0374160535117057,0.437990420130573,0.718403257009568,0.8048778376048,4,1.31440671298986,15.7203356500744,0.835855603348955,2.55535106911279,0.14404369688423,0.283471047562844,0.0461164437115661,13.7436647495467
"TS",0.0371304347826087,0.434646981808966,0.715523379023376,0.801651307179896,4,1.31496922704675,15.7484613476768,0.838250107505346,2.54433273872487,0.144099685702325,0.281900945132109,0.0456367193757071,13.784422508103
"TS",0.0368448160535117,0.431303543487359,0.712609570755748,0.798386762267605,4,1.31553293654,15.7766468269989,0.840651616232799,2.53326047646299,0.144155517976007,0.28032003808186,0.0451576143795965,13.825298269706
"TS",0.0365591973244147,0.427960105165751,0.709661592823411,0.795083934669965,4,1.31609782720933,15.8048913489912,0.843060050030088,2.52213479056525,0.144211189224666,0.278728382882184,0.0446791691346718,13.8662907419092
"TS",0.0362735785953177,0.424616666844144,0.706679231196419,0.79174258459413,4,1.31666387902487,15.8331939510516,0.845475315558023,2.51095620053365,0.144266696305828,0.277126035276748,0.044201425314681,13.9073983846988
"TS",0.0359879598662207,0.421273228522536,0.703662249698485,0.78836244743515,4,1.31723107883163,15.8615539311269,0.84789734187721,2.49972512533445,0.144322035909679,0.275513037474052,0.0437244197899306,13.948620034667
"TS",0.0357023411371237,0.417929790200929,0.700610431778604,0.784943280575659,4,1.31779940802373,15.8899703896848,0.850326042265592,2.4884420447142,0.144377203009078,0.273889442376811,0.0432481919484101,13.9899542604794
"TS",0.0354167224080268,0.414586351879321,0.697523559192964,0.781484839501722,4,1.31836884875197,15.9184424474252,0.852761335028218,2.47710738106574,0.144432197995614,0.272255283366054,0.0427727824926002,14.0313997050659
"TS",0.0351311036789298,0.411242913557714,0.694401401255315,0.777986865759265,4,1.31893938812751,15.9469694070776,0.855203148541106,2.46572157854026,0.144487011236511,0.270610629183142,0.0422982163396448,14.0729551921434
"TS",0.0348454849498328,0.407899475236107,0.691243745989856,0.774449121856844,4,1.31951099504532,15.9755497520048,0.857651300783884,2.45428592225978,0.144541648590054,0.268955629052724,0.0418245711102046,14.1146178100154
"TS",0.0345598662207358,0.404556036914499,0.688044752652612,0.770865063997042,4,1.32008467721654,16.0042338604221,0.860110171104647,2.44277938220097,0.144596174237921,0.267287239938455,0.041351013253335,14.1564619094821
"TS",0.0342742474916388,0.401212598592892,0.684821071239242,0.767253346344312,4,1.32065739115504,16.0328695578684,0.862566658537063,2.43126374464604,0.144650332177655,0.265614383909723,0.0408800792919207,14.1982647214102
"TS",0.0339886287625418,0.397869160271284,0.68155562411671,0.763594835621884,4,1.32123213146894,16.0616065737551,0.865033580597603,2.4196791898697,0.144704373293054,0.263928397124385,0.0404093420222256,14.2402444423312
"TS",0.0337030100334448,0.394525721949677,0.678253820300343,0.759895591931127,4,1.32180787609212,16.0903938038274,0.867506562630779,2.40804612375656,0.144758225613358,0.262232198183696,0.0399396485840255,14.2823266004839
"TS",0.0334173913043478,0.391182283628069,0.674915448355378,0.75615537838676,4,1.3223846077995,16.119230383794,0.869985507507221,2.39636514308705,0.144811872161564,0.260525869133619,0.0394710374009945,14.3245096881226
"TS",0.0331317725752508,0.387838845306462,0.671540305179812,0.752373967439287,4,1.32296230750871,16.1481153644527,0.872470324218352,2.38463681113597,0.144865304220825,0.258809486767452,0.0390035561022312,14.3667921449978
"TS",0.0328461538461538,0.384495406984855,0.668128184624976,0.748551128125814,4,1.32354095477914,16.1770477329514,0.874960909534907,2.37286172242757,0.14491852142964,0.257083119573368,0.0385372404099017,14.4091722974188
"TS",0.0325605351170569,0.381151968663247,0.664678881674745,0.744686630752316,4,1.32412053227802,16.2060265909228,0.877457173207639,2.36104040869183,0.14497151641593,0.255346836519946,0.0380721269645965,14.4516486646206
"TS",0.0322749163879599,0.37780853034164,0.661192199260507,0.740780254528928,4,1.32470101758845,16.2350508718135,0.879959008206263,2.34917349384742,0.145024286139702,0.253600714621754,0.0376082558932636,14.4942194910708
"TS",0.0319892976588629,0.374465092020032,0.657667939344674,0.736831777580174,4,1.32528239305929,16.264119647485,0.88246632050579,2.33726153567084,0.145076823093604,0.251844827709894,0.0371456641435586,14.5368832382023
"TS",0.0317036789297659,0.371121653698425,0.654105895203413,0.73284096829876,4,1.32586463955674,16.2932319525528,0.884979011276746,2.32530513403473,0.145129125396134,0.250079249644558,0.036684389045321,14.5796382806048
"TS",0.0314180602006689,0.367778215376817,0.650499556236696,0.728800532400288,4,1.32644876247553,16.3224381222576,0.887501453102029,2.31328320476314,0.145181282302293,0.248300841217319,0.0362236411090732,14.6225589628822
"TS",0.0311324414715719,0.36443477705521,0.646867722180191,0.724731532554565,4,1.32703165889813,16.3515829450983,0.890020110571141,2.30126139145953,0.145232996038184,0.246519339646728,0.0357659405005207,14.6654154178435
"TS",0.0308468227424749,0.361091338733603,0.643191200368833,0.720612465865264,4,1.32761639350214,16.3808196637098,0.892548310459059,2.28917536555078,0.145284551557424,0.244725188434938,0.0353088456497704,14.7084341072083
"TS",0.0305612040133779,0.357747900411995,0.63947614392181,0.716450226105792,4,1.3282019169956,16.4100958416326,0.895081479007211,2.27704729835672,0.145335848979614,0.242921662986457,0.034853215671672,14.7515373843889
"TS",0.0302755852842809,0.354404462090388,0.635722380605588,0.712244620310772,4,1.32878820793377,16.4394103963094,0.897619501541058,2.26487789053433,0.145386880907017,0.241108863088365,0.0343990911218476,14.7947234010088
"TS",0.0299899665551839,0.35106102376878,0.631929715256798,0.707995429824916,4,1.32937524673851,16.4687623360626,0.900162277868591,2.25266776588184,0.145437641087592,0.239286872893529,0.0339465073780146,14.8379904826331
"TS",0.029704347826087,0.347717585447173,0.628097975591853,0.703702461626772,4,1.32996301083891,16.4981505471161,0.902709705454112,2.24041747864136,0.145488131375433,0.237455752572544,0.0334955008390831,14.8813368941904
"TS",0.02941872909699,0.344374147125565,0.624226985371366,0.699365518262923,4,1.33055148176281,16.527574080296,0.905261654174816,2.22812799256273,0.145538320502065,0.235615685265201,0.0330461098803452,14.9247606729947
"TS",0.029133110367893,0.341030708803958,0.620316583322826,0.694984419048402,4,1.33114063667541,16.5570318337762,0.907818040534227,2.21579961349858,0.145588227327727,0.233766665467643,0.0325983686801842,14.9682603423165
"TS",0.028847491638796,0.337687270482351,0.616366592407429,0.690558965634149,4,1.33173045484544,16.5865227422215,0.910378746500924,2.20343312210234,0.145637842576743,0.231908807918442,0.0321523166525523,15.0118339926101
"TS",0.028561872909699,0.334343832160743,0.612376847466434,0.686088972981179,4,1.33232091657426,16.6160458191861,0.912943657458107,2.19102929281175,0.145687143757737,0.230042256818676,0.0317079826257035,15.0554798093661
"TS",0.028276254180602,0.331000393839136,0.608347189892122,0.681574263390076,4,1.33291199979517,16.6455999772078,0.915512675147118,2.17858862790727,0.145736138264073,0.228167051145449,0.0312654074202201,15.0991961381207
"TS",0.027990635451505,0.327656955517528,0.604277473532994,0.677014673117011,4,1.33350368068905,16.6751840222596,0.918085671733314,2.16611193776511,0.145784815680829,0.226283317086211,0.0308246267450209,15.1429809032907
"TS",0.027705016722408,0.324313517195921,0.60016752700815,0.672410010151871,4,1.33409594171166,16.7047970726712,0.920662552302253,2.15359981609404,0.145833167143143,0.224391143528386,0.030385672528712,15.1868325807734
"TS",0.027419397993311,0.320970078874313,0.596017209139842,0.667760116323268,4,1.33468875976124,16.734437987844,0.923243200725453,2.14105295638241,0.145881186364453,0.222490627853573,0.0299485817913831,15.230749269716
"TS",0.027133779264214,0.317626640552706,0.591826369343365,0.663064822920539,4,1.33528211164906,16.764105581281,0.92582748676836,2.12847220356262,0.145928870970723,0.22058189647633,0.0295133844922457,15.2747288660382
"TS",0.0268481605351171,0.314283202231099,0.587594859630654,0.658323964142215,4,1.33587598412468,16.7937992058608,0.928415341720236,2.11585796314664,0.1459761948364,0.218665019579115,0.0290801237103886,15.3187702935919
"TS",0.0265625418060201,0.310939763909491,0.583322542577129,0.653537386021846,4,1.33647034841824,16.8235174216772,0.931006615945979,2.10321114186175,0.146023178481,0.216740115664252,0.0286488213147408,15.362871094844
"TS",0.0262769230769231,0.307596325587884,0.579009274591417,0.648704927683892,4,1.33706518506114,16.8532592402492,0.933601211924463,2.0905323881448,0.146069792258266,0.214807290851343,0.0282195168965619,15.4070296010815
"TS",0.0259913043478261,0.304252887266276,0.574654951389482,0.643826472291589,4,1.33766046963133,16.8830234808343,0.936198996531116,2.07782248741095,0.146116040628191,0.212866658316223,0.0277922435485813,15.4512437674219
"TS",0.0257056856187291,0.300909448944669,0.570259398357571,0.638901824212836,4,1.33825619307536,16.9128096452829,0.938799906582365,2.06508189114096,0.146161902800656,0.210918299571816,0.0273670346129841,15.4955126213156
"TS",0.0254200668896321,0.297566010623061,0.565822537508776,0.6339308960734,4,1.33885232278047,16.9426161402605,0.941403787205422,2.05231152840942,0.146207372706945,0.208962348919395,0.0269439226671553,15.5398335553606
"TS",0.0251344481605351,0.294222572301454,0.561344207281767,0.628913506864727,4,1.33944884189775,16.9724420870019,0.944010534317491,2.03951207478973,0.146252463452676,0.206998900785642,0.0265229325011121,15.5842049326263
"TS",0.0248488294314381,0.290879133979846,0.556824319068103,0.623849557312532,4,1.34004570962444,17.0022854825146,0.9466199135338,2.02668517016617,0.14629717712929,0.205028185927118,0.0261041210347176,15.6286229863066
"TS",0.0245632107023411,0.287535695658239,0.552262741323234,0.618738900038177,4,1.34064296832222,17.0321484166688,0.949232209034366,2.01382855029043,0.146341407052042,0.203049960505423,0.0256874639044497,15.6730923085629
"TS",0.0242775919732441,0.284192257336632,0.547659369200823,0.613581417574916,4,1.34124053672781,17.0620268338509,0.951846918413176,2.00094587505537,0.146385250616154,0.201064682219711,0.0252730440124451,15.7176048230919
"TS",0.0239919732441472,0.280848819015024,0.543014099681728,0.608376994503138,4,1.34183838934788,17.091919467442,0.954463904160963,1.98803805139835,0.146428706064646,0.199072489351881,0.0248608934251387,15.7621582733656
"TS",0.0237063545150502,0.277505380693417,0.538326826474342,0.603125511736861,4,1.34243657991568,17.1218289945616,0.957083524292504,1.97510226230439,0.146471633799339,0.197073069198197,0.024450984223367,15.806758469396
"TS",0.0234207357859532,0.274161942371809,0.533597471548741,0.597826881853654,4,1.34303500024459,17.151750014188,0.959705094871597,1.96214355024485,0.146514180578087,0.195067051722405,0.0240434310881471,15.8513944635581
"TS",0.0231351170568562,0.270818504050202,0.528825883958477,0.592480935737569,4,1.34363370588512,17.1816852788809,0.962328987651198,1.94915905129364,0.146556218667034,0.193054138149591,0.0236381658684525,15.8960721833492
"TS",0.0228494983277592,0.267475065728594,0.524012056689488,0.587087665530255,4,1.34423262435366,17.2116312177739,0.964954768481631,1.93615182962416,0.146597811177637,0.1910347069865,0.023235294382853,15.9407846943462
"TS",0.0225638795986622,0.264131627406987,0.519155847055441,0.581646911370151,4,1.34483174251988,17.2415871255803,0.967582345542617,1.92312253272913,0.146638967383372,0.189008851627566,0.0228348349016157,15.9855305924877
"TS",0.0222782608695652,0.26078818908538,0.514257193255246,0.576158604017136,4,1.34543106871257,17.2715534353979,0.970211784817013,1.91007062631979,0.146679596321211,0.186976590084301,0.0224367811021675,16.0303109469568
"TS",0.0219926421404682,0.257444750763772,0.509316013409499,0.570622651735939,4,1.34603060235321,17.3015301174928,0.972843117222432,1.89699572405628,0.146719670825836,0.184937856855602,0.0220411591994958,16.0751261531766
"TS",0.0217070234113712,0.254101312442165,0.504332238060359,0.565038976708042,4,1.34663025001464,17.3315125005721,0.975475728211352,1.88390235242476,0.146759332738543,0.18289322891428,0.0216480552162198,16.1199665625195
"TS",0.0214214046822742,0.250757874120557,0.499305797479993,0.559407500812437,4,1.34723009333791,17.3615046668568,0.978110154689152,1.87078647642839,0.146798373844264,0.180842282333927,0.0212574125126195,16.1648407602456
"TS",0.0211357859531772,0.24741443579895,0.494236628734152,0.553728153539444,4,1.34783001566515,17.3915007844531,0.980745649112247,1.8576535911358,0.146836973021388,0.178785693037501,0.0208693366210341,16.2097368593495
"TS",0.0208501672240803,0.244070997477343,0.489124669559644,0.548000865131219,4,1.34843010205151,17.4215051010581,0.983382783628921,1.84449932899163,0.146874944081975,0.176722948385145,0.0204837776589416,16.2546639431166
"TS",0.0205645484949833,0.240727559155735,0.483969865059798,0.542225574083149,4,1.3490302338433,17.4515116916788,0.986020777213509,1.83132949153776,0.14691245831939,0.17465479371298,0.020100835160575,16.2996097147533
"TS",0.0202789297658863,0.237384120834128,0.478772165582369,0.536402224766323,4,1.34963050059978,17.4815250280038,0.988660227562375,1.81813962068614,0.146949308550485,0.172580723908814,0.019720465551847,16.344583615311
"TS",0.0199933110367893,0.23404068251252,0.473531521993874,0.530530762133033,4,1.35023079728107,17.5115398617218,0.991300435077447,1.80493486137398,0.146985649526298,0.170501391462599,0.0193427558569271,16.3895747253922
"TS",0.0197076923076923,0.230697244190913,0.468238608033505,0.524600737315519,4,1.35083224729537,17.5416123648488,0.993946493669261,1.7916886535028,0.147021353571256,0.168412807978129,0.0189670112070685,16.4346693117555
"TS",0.0194220735785953,0.227353805869305,0.462921239234555,0.518643314017549,4,1.35143158579127,17.5715792887772,0.996583831939965,1.77847537374925,0.147056461412227,0.166326459853278,0.01859527208644,16.4796198649019
"TS",0.0191364548494983,0.224010367547698,0.457551527710742,0.512627247473197,4,1.35203206531985,17.6016032631921,0.999226941553343,1.7652212343208,0.147090886970342,0.164230973459096,0.0182255581983341,16.5246726927868
"TS",0.0188508361204013,0.22066692922609,0.452138722794771,0.506562900362246,4,1.35263249148746,17.6316245734036,1.00187022123143,1.75195663527545,0.147124803794108,0.162130940347853,0.0178586134325407,16.5697338445078
"TS",0.0185652173913043,0.217323490904483,0.446682786358608,0.500450229967172,4,1.35323303014666,17.6616515000776,1.00451482053829,1.73867281148859,0.147157928481432,0.160025214361024,0.017494329128615,16.614821228809
"TS",0.0182795986622074,0.213980052582876,0.441174075840713,0.494278433046191,4,1.35383457442011,17.6917287209296,1.00716429034371,1.7253546514035,0.147190530247022,0.157911195929241,0.0171322104913872,16.6599969977416
"TS",0.0179939799331104,0.210636614261268,0.435641522587543,0.488079923427261,4,1.35443397038044,17.7216985186393,1.00980468549734,1.71207250261001,0.147222418939673,0.155800082672907,0.0167741577644163,16.7050237506088
"TS",0.0177083612040134,0.207293175939661,0.43005613307488,0.481822217620293,4,1.3550344915313,17.7517245766032,1.01245074025399,1.69875021162712,0.147253523144378,0.153679980697966,0.0164182251353668,16.7501513223098
"TS",0.0174227424749164,0.203949737618053,0.424427561403994,0.475516131795844,4,1.35563493183335,17.7817465915034,1.01509667450156,1.68541996641354,0.147284004534263,0.151555848515863,0.0160651702475936,16.7952833260074
"TS",0.0171371237458194,0.200606299296446,0.418755802629788,0.469161660413572,4,1.35623537508751,17.8117687562637,1.01774316898758,1.67207613603308,0.147313787235494,0.149426782168116,0.0157149246924781,16.8404299839379
"TS",0.0168515050167224,0.197262860974838,0.413040852818387,0.462758799066077,4,1.35683579700167,17.8417898531776,1.02038993104278,1.65872157429944,0.14734277556988,0.14729338964535,0.0153675302789473,16.8855871971192
"TS",0.0165658862876254,0.193919422653231,0.407282713216732,0.456307549150398,4,1.35743618619257,17.8718093139104,1.02303684123138,1.64535718521796,0.147371021516598,0.145155756223199,0.0150230314723904,16.9307534121895
"TS",0.0162802675585284,0.190575984331623,0.401481386397603,0.449807913549,4,1.35803654661067,17.901827328666,1.02568393902064,1.63198264549918,0.147398489418998,0.143013845970949,0.0146814134203165,16.9759291713809
"TS",0.0159946488294314,0.187232546010016,0.395626617033153,0.443248402494792,4,1.35863792912285,17.9318964583844,1.02833578210467,1.61857545218462,0.147425180749752,0.140864104541069,0.0143421304684727,17.0211927048284
"TS",0.0157090301003344,0.183889107688409,0.389749222505422,0.436663542874414,4,1.35923726190744,17.9618630940649,1.03097900922862,1.60520182983129,0.147450852786523,0.138717228367162,0.0140069173033159,17.0663151996711
"TS",0.0154234113712375,0.180545669366801,0.383818416323704,0.430018842410966,4,1.35983755421745,17.991877719187,1.03362653594413,1.59179874449659,0.1474759129618,0.13656287793415,0.0136740572361655,17.1115187604279
"TS",0.0151377926421405,0.177202231045194,0.377844496931567,0.423325839177123,4,1.36043779755394,18.0218898744546,1.03627389544945,1.57838881123735,0.147500189673649,0.134404713004589,0.0133442401783135,17.1567274522358
"TS",0.0148521739130435,0.173858792723586,0.371827400145559,0.416584461263636,4,1.36103814904717,18.0519074099105,1.03892205739436,1.56496563344878,0.14752329985617,0.132242243858686,0.0130172658733792,17.2019563956831
"TS",0.0145665551839465,0.170515354401979,0.365767302642216,0.409794906613691,4,1.36163843313634,18.0819216606923,1.04156989801404,1.55153678962189,0.14754569630857,0.130076098084284,0.0126933321398225,17.2471883379561
"TS",0.0142809364548495,0.167171916080372,0.359664125850186,0.40295708719826,4,1.36223868866181,18.1119344365378,1.04421751872193,1.53810214350165,0.147567293342783,0.127906367491431,0.0123724230028107,17.292425430601
"TS",0.0139953177257525,0.163828477758764,0.353517926038635,0.396071066059659,4,1.36283903343696,18.1419516304493,1.04686562137288,1.52465707592213,0.147587816200856,0.125732568678388,0.0120545425773922,17.3376787853259
"TS",0.0137096989966555,0.160485039437157,0.347328746874305,0.389136892120817,4,1.36343948179449,18.1719740892359,1.0495142766957,1.51120118841432,0.147607238548191,0.123554731978743,0.0117395598913824,17.382949785465
"TS",0.0134240802675585,0.157141601115549,0.341096617425462,0.382154597948965,4,1.36403988765584,18.201994380204,1.05216239149647,1.49774272810989,0.147625907098249,0.121373749134333,0.0114277364468626,17.4282218130426
"TS",0.0131384615384615,0.153798162793942,0.334821583957908,0.375124235378941,4,1.36464044456666,18.2320222279799,1.0548110463997,1.48427486277822,0.14764331475096,0.119189045262951,0.011118974594101,17.4735125989796
"TS",0.0128528428093646,0.150454724472334,0.328503688919774,0.368045851968383,4,1.36524111021632,18.2620555205056,1.05746005654659,1.47079820283931,0.147659792577915,0.117000421988111,0.0108131944982267,17.5188189508211
"TS",0.0125672240802676,0.147111286150727,0.322142964417277,0.360919483688149,4,1.36584193582129,18.2920967910845,1.06010951921921,1.45731306330193,0.147675163440219,0.114808016552139,0.0105105180686896,17.5641434290511
"TS",0.0122816053511706,0.14376784782912,0.315739453154918,0.353745178383104,4,1.36644289730768,18.3221448113345,1.06275918691858,1.44382166713788,0.147689498532532,0.112612130616113,0.0102109886142313,17.6094823398899
"TS",0.0119959866220736,0.140424409507512,0.30929325238579,0.346523045012746,4,1.36704425214984,18.3522126080431,1.06541071509483,1.43031243071544,0.147702267281563,0.110411515352657,0.00991428774861447,17.65486174062
"TS",0.0117103678929766,0.137080971185905,0.302804364289575,0.339253086019129,4,1.36764559645583,18.3822798194797,1.06806088887299,1.41681020135616,0.147714270294248,0.108209326940412,0.00962097997482833,17.7002341630788
"TS",0.0114247491638796,0.133737532864297,0.296272842887481,0.33193536192602,4,1.36824735484607,18.4123677425182,1.07071293467492,1.40328988834448,0.147725087808868,0.106001807467438,0.00933062755218984,17.7456479409338
"TS",0.0111391304347826,0.13039409454269,0.289698758290787,0.32456995128403,4,1.36884964564305,18.4424822848737,1.07336724169681,1.38975097925395,0.147734156767877,0.103789452377783,0.0090433010533488,17.7911103166578
"TS",0.0108535117056856,0.127050656221082,0.283082156874181,0.317156906049995,4,1.36945200916173,18.4726004680408,1.07602014110181,1.3762216220518,0.147742458717562,0.101576029409295,0.00875937688441695,17.8365675870347
"TS",0.0105678929765886,0.123707217899475,0.276423091418002,0.309696285357448,4,1.3700551146977,18.5027557414688,1.07867662491374,1.36266378999499,0.147749028580277,0.0993560501185895,0.00847824825314542,17.8820945334872
"TS",0.0102822742474916,0.120363779577867,0.269721613889489,0.302188147428955,4,1.37065874134982,18.5329370678442,1.0813345932356,1.34909496020103,0.147754296070578,0.0971319421415572,0.00820038480077383,17.9276613975409
"TS",0.00999665551839464,0.11702034125626,0.262977788321778,0.294632564005353,4,1.37126263242496,18.5631316230937,1.08399177060327,1.33553398729624,0.147758488254821,0.0949067451304844,0.0079259304965234,17.9732351820578
"TS",0.00971103678929766,0.113676902934653,0.256191666487607,0.287029593091292,4,1.37186775758491,18.5933878841177,1.08665521153602,1.32192749742912,0.147760346569695,0.0926728339748958,0.00765398720920871,18.0189225097683
"TS",0.00942541806020067,0.110333464613045,0.249363291696587,0.279379283209584,4,1.37247340134575,18.6236700674574,1.0893190892999,1.30832121498783,0.147761108033195,0.0904363378614523,0.00738559028384121,18.0646380289436
"TS",0.00913979933110368,0.106990026291438,0.242492791669047,0.271681777454323,4,1.37307955614856,18.6539778338593,1.09198290581351,1.29472080205569,0.147760663021885,0.0881985253455396,0.00712066946493999,18.1103756292813
"TS",0.00885418060200668,0.10364658796983,0.23558001929968,0.263936911013055,4,1.37368725270455,18.6843626358467,1.09465421749791,1.28106815361103,0.147758032900998,0.0859505813597029,0.00685822311586076,18.1562496418989
"TS",0.00856856187290969,0.100303149648223,0.228625216248569,0.256144954634619,4,1.3742960814934,18.7148040746525,1.09732909065358,1.26739821923108,0.147753108776107,0.0836984160956898,0.00659908811014104,18.2022031083736
"TS",0.00828294314381271,0.0969597113266156,0.221628364383738,0.24830588800448,4,1.3749060033298,18.7453001645806,1.10000707160588,1.2537132422305,0.147746648916792,0.0814414751067468,0.00634323709417063,18.2482308006282
"TS",0.00799732441471572,0.0936162730050081,0.21458950465575,0.240419757002445,4,1.37551730065967,18.7758650319107,1.10268945496072,1.24000602205235,0.147738369383192,0.0791790042172087,0.00609052335129486,18.2943553803983
"TS",0.00771170568561873,0.0902728346834006,0.207508675141917,0.23248660428921,4,1.37613000935937,18.8065004680296,1.10537591278454,1.22628119588448,0.147728265307924,0.0769117672046633,0.00584101550200315,18.3405739346636
"TS",0.00742608695652174,0.0869293963617932,0.200386051861844,0.224506627071954,4,1.37674448091662,18.8372240908228,1.10806867214254,1.2125218287501,0.147716481092917,0.074636471594066,0.00559466092496852,18.3869221392784
"TS",0.00714046822742474,0.0835859580401857,0.193221226136869,0.216479367479148,4,1.37736108007475,18.8680540037332,1.11076905600958,1.19872512666664,0.147701546464949,0.0723543989084086,0.00535123389450139,18.4334232839062
"TS",0.00685484949832775,0.0802425197185783,0.186014643729754,0.208405324930254,4,1.37797970720017,18.8989853965765,1.1134760893495,1.18489810449681,0.147684548827958,0.0700656040975236,0.00511095645835537,18.4800640256657
"TS",0.00656923076923077,0.076899081396971,0.178766197544248,0.200284379437788,4,1.37860102744552,18.9300513841546,1.11619270328087,1.17102565117494,0.147663949528745,0.0677685311402316,0.00487423430050196,18.526896331383
"TS",0.00628361204013378,0.0735556430753635,0.171475865309462,0.192116506050102,4,1.37922537127008,18.9612685646709,1.11892249251396,1.15707401305236,0.147641647982461,0.0654557606739361,0.00463991907451068,18.5739701389053
"TS",0.00599799331103679,0.070212204753756,0.164143636016722,0.183901692433403,4,1.37985253803806,18.9926269019072,1.12166057007123,1.14309577673951,0.14761554922117,0.0631385577372481,0.00440908082416919,18.6212230328948
"TS",0.00571237458193979,0.0668687664321486,0.156769500763294,0.17563992861333,4,1.38048302521224,19.0241512681123,1.1244101627338,1.12906338597679,0.147587033722691,0.0608104428647888,0.00418122132708073,18.6687082832142
"TS",0.0054267558528428,0.0635253281105411,0.149353399572737,0.167331147394045,4,1.38111632752655,19.0558163760393,1.12716464224961,1.11503614525901,0.147556808365156,0.0584811177143233,0.00395736921768688,18.7163382162394
"TS",0.00514113712374581,0.0601818897889336,0.141895291278917,0.158975302654226,4,1.3817560739523,19.0878037007623,1.12995279476177,1.10079551344875,0.147520268726688,0.0561170969473821,0.00373470115305878,18.7645308238744
"TS",0.00485551839464883,0.0568384514673263,0.134395093088688,0.150572301634872,4,1.38239965742852,19.1199828685754,1.13275020038967,1.08653890577396,0.147480879630148,0.0537488450957072,0.00351584143782729,18.8129443124954
"TS",0.00456989966555184,0.0534950131457189,0.126852700558236,0.142122027320211,4,1.38304918636708,19.1524593170689,1.13557051479229,1.07217117616169,0.147436778066856,0.0513621666428391,0.00330032351325177,18.8617883059025
"TS",0.00428428093645485,0.0501515748241114,0.119267991002145,0.133624342257119,4,1.38370274818211,19.1851374091341,1.13839448540161,1.05785308824162,0.147389091318362,0.0489837182344719,0.00308889758546794,18.9107975342358
"TS",0.00399866220735785,0.046808136502504,0.11164078004135,0.125079039872724,4,1.38436780885085,19.2183904504594,1.14128282404697,1.04310834633476,0.147334020312323,0.0465327702550196,0.00287793842205619,18.9608540453514
"TS",0.000571237458193971,0.00668687664321476,0.0112672927480664,0.0126235427446052,4,1.29094009239074,14.547004625048,0.776264032160052,2.30367857940922,0.202270243737366,0.00824829434215165,0.000537856780600251,12.6997850539393
"TS",0.0854,0.999688058160622,0.892561828840658,0.999999968981608,4,1.24112989875173,12.0564949359708,0.550138186194332,3.58175154248098,0.133140866237611,0.407444749706785,0.112900460121987,8.85545623115939
"TS",0.0874,1.0230999564782,0.892425680646926,0.999847432557678,4,1.23892137455778,11.946068742883,0.54266176426615,3.59496787264843,0.132621286602311,0.408306126753635,0.114594029441894,8.72643781095275
"TS",0.0894,1.04651185479578,0.892024539622285,0.999398005975411,4,1.23676336860551,11.8381684437414,0.53543470665623,3.60664243869186,0.13209706734384,0.408981964309869,0.116199940001886,8.6016559825681
"TS",0.0914,1.06992375311336,0.891379508540585,0.998675332160723,4,1.23465503760184,11.7327518968631,0.528448889431135,3.61686072845068,0.131568814342988,0.409486074775102,0.117720125696024,8.48097847740648
"TS",0.0934,1.09333565143094,0.890510017740081,0.99770118029198,4,1.23259448607086,11.629724301808,0.52169281368507,3.6257117341151,0.131036895924004,0.409831868291228,0.119157538625649,8.36421433759801
"TS",0.0954,1.11674754974852,0.889433947705939,0.996495583137818,4,1.23057988201268,11.5289941209602,0.515155432248807,3.63328062058726,0.130501686763939,0.410031916672861,0.12051519804261,8.25117992939152
"TS",0.0974,1.1401594480661,0.888167756671838,0.995076980018222,4,1.22860947380001,11.4304736940597,0.508826182391551,3.63964875909286,0.129963580523622,0.410097910925008,0.121796232835381,8.14169954337591
"TS",0.0994,1.16357134638367,0.88672658421101,0.993462332864874,4,1.22668157099716,11.3340785511248,0.502694955892083,3.64489362453024,0.129422970469397,0.410040781456566,0.123003758371726,8.03560479715772
"TS",0.1014,1.18698324470125,0.88512435874505,0.991667246670853,4,1.22479455598676,11.2397278139412,0.496752128954854,3.64908865703702,0.128880245377976,0.409870663591005,0.124140901942621,7.93273520637554
"TS",0.1034,1.21039514301883,0.883373898874717,0.989706083018683,4,1.22294688510216,11.1473442601081,0.490988541394448,3.65230359402558,0.128335796720275,0.409596979757112,0.125210776783116,7.83293790376101
"TS",0.1054,1.23380704133641,0.881487000265375,0.987592057424216,4,1.22113708246417,11.0568541253335,0.485395511629544,3.65460415611033,0.12779000524818,0.409228447048586,0.126216436147149,7.73606776870425
"TS",0.1074,1.25721893965399,0.87947451657993,0.985337330011511,4,1.21936373620672,10.9681868343924,0.479964785579628,3.65605248642122,0.127243239697513,0.408773140195652,0.127160887743869,7.64198669778617
"TS",0.1094,1.28063083797157,0.877346443933701,0.982953100133584,4,1.21762550691355,10.8812753609787,0.474688570440893,3.65670697660186,0.126695861900338,0.40823851589054,0.128047055498598,7.55056415565285
"TS",0.1114,1.30404273628915,0.875111985180873,0.980449678397052,4,1.21592111381538,10.7960556880877,0.469559491162176,3.65662246894215,0.126148213675325,0.407631449316168,0.128877770815694,7.46167641598557
"TS",0.1134,1.32745463460673,0.872779613568101,0.977836557977757,4,1.21424933150384,10.7124665874483,0.4645705410677,3.65585080601859,0.125600626579156,0.406958314172953,0.129655808478365,7.37520575653834
"TS",0.1154,1.35086653292431,0.87035714092989,0.975122491024865,4,1.21260900158286,10.6304501225315,0.459715151454666,3.65444012224827,0.125053411987237,0.406224943129671,0.130383805528536,7.29104172642887
"TS",0.1174,1.37427843124189,0.867851775110729,0.972315552994922,4,1.21099902378118,10.5499511851772,0.454987124788617,3.65243558116436,0.124506868631849,0.405436711576225,0.131064292166031,7.20907989495955
"TS",0.1194,1.39769032955946,0.865270148261988,0.969423174354871,4,1.2094183394444,10.4709169804296,0.450380562686192,3.64987976738691,0.123961262557462,0.404598607824225,0.131699753102261,7.12922093317249
"TS",0.1214,1.42110222787704,0.862618390219039,0.966452222791616,4,1.20786594448517,10.3932972243693,0.445889919333396,3.64681241563574,0.123416875869041,0.403715202515617,0.132292505722496,7.05137104457778
"TS",0.1234,1.44451412619462,0.859902157354711,0.96340903553858,4,1.20634088744779,10.3170443936622,0.441510018973343,3.64327004038639,0.122873936694988,0.402790637553083,0.132844770884267,6.9754426836678
"TS",0.1254,1.4679260245122,0.857126671073155,0.960299462503097,4,1.20484225662182,10.2421128355113,0.437235888896371,3.63928778427131,0.1223326733129,0.401828841946381,0.133358714322743,6.90135167240573
"TS",0.1274,1.49133792282978,0.854296757290552,0.957128910499433,4,1.20336918942642,10.1684594814952,0.433062937943106,3.63489719862175,0.121793295534597,0.400833288994831,0.133836316909874,6.82902023973626
"TS",0.1294,1.51474982114736,0.851416878965973,0.95390237969541,4,1.20192085648788,10.0960428216937,0.428986756533543,3.63012878464309,0.121255998759139,0.399807274609099,0.134279534136255,6.75837334098927
"TS",0.1314,1.53816171946494,0.848491160660194,0.950624491127368,4,1.20049647144537,10.0248235770798,0.425003240933805,3.62501019509224,0.12072095525745,0.398753760672997,0.134690168410283,6.68934121284297
"TS",0.1374,1.60839741441768,0.839475755592292,0.940523896975847,4,1.19635965611615,9.81798284449778,0.413570708936793,3.60780675226657,0.11913091041899,0.395454690923129,0.135743547705393,6.49128624312612
"TS",0.1394,1.63180931273525,0.836402142164515,0.937080311071629,4,1.19502388170494,9.75119412118993,0.409920970115397,3.60153175368383,0.118606369148897,0.394316544874164,0.13604033272748,6.42808413719284
"TS",0.1414,1.65522121105283,0.833299170967959,0.933603833588454,4,1.19370862571686,9.6854312872954,0.406346495106593,3.59502016310234,0.118084749236421,0.393162545532912,0.136312317143053,6.36619956338321
"TS",0.1434,1.67863310937041,0.83016945794624,0.930097395352454,4,1.19241329055872,9.62066445455342,0.402844304481298,3.58829093279132,0.117566161177432,0.391994550665775,0.136560860355609,6.30558159131942
"TS",0.1454,1.70204500768799,0.827015406281466,0.926563688818043,4,1.19113729255684,9.55686466114075,0.399411689118709,3.58135994474683,0.117050675365913,0.390814104974946,0.136787113163677,6.24618344670197
"TS",0.1474,1.72545690600557,0.823839285368096,0.923005256547891,4,1.18988009815882,9.4940047984996,0.396045964522483,3.57424420618216,0.116538371636241,0.389622816131867,0.136992363490385,6.18795913824917
"TS",0.1494,1.74886880432315,0.82064317669242,0.919424430577898,4,1.18864116847717,9.4320583644535,0.392744662503173,3.56695799310099,0.116029328422185,0.388422031499614,0.137177654324258,6.1308661151361
"TS",0.1574,1.84251639759347,0.807695863946758,0.904918642938654,4,1.18385842732134,9.19292124113834,0.380138706019449,3.5363673579734,0.114026673632869,0.383547788530707,0.137739262174859,5.91303025758243
"TS",0.1594,1.86592829591104,0.804426443877952,0.901255681044306,4,1.18270370358637,9.1351852135521,0.377126721908646,3.52841532933349,0.113534577461433,0.382316565928259,0.137839274411725,5.86102698877155
"TS",0.1614,1.88934019422862,0.801146878866772,0.897581353055495,4,1.1815645282394,9.07822641989496,0.37416673145479,3.52036266307099,0.113045968299302,0.381082127773542,0.137924837527041,5.8099401002786
"TS",0.1914,2.24051866899231,0.751425486074543,0.841874969874697,4,1.1661043750036,8.30521872948145,0.335009178534648,3.39226539800837,0.106136200089394,0.362566511253118,0.137886003247772,5.13621443793367
"TS",0.1974,2.31075436394504,0.741487551023445,0.830740800317224,4,1.1633284242329,8.16642121149551,0.328156128641502,3.36587016014051,0.104846311393139,0.358928704872364,0.137660901830617,5.01877882328078
"TS",0.2034,2.38099005889778,0.731583509736844,0.819644604334637,4,1.16064250433616,8.03212519790719,0.321570910793752,3.33943284941843,0.103585590473997,0.355327084480106,0.137385147179689,4.9060870788293
"TS",0.2134,2.49804955048568,0.715175529283147,0.801261586582174,4,1.15635157273783,7.81757865254807,0.311138862569946,3.2954322392307,0.101546928645172,0.349413124979495,0.136830692673959,4.72789270677005
"TS",0.2154,2.52146144880325,0.711911098570958,0.797604214615941,4,1.15551960328206,7.77598016357305,0.309128252895659,3.28665675480368,0.101148294586336,0.348244364510956,0.136707437375485,4.69359676746696
"TS",0.2234,2.61510904207357,0.698917574164422,0.783046652793726,4,1.15227363055499,7.61368152786212,0.301319754982446,3.25168097054015,0.0995829247142739,0.343617786344872,0.136179005349581,4.56055744771602
"TS",0.2254,2.63852094039115,0.695686110245804,0.779426215851468,4,1.15148185293305,7.5740926465663,0.299423552267675,3.24297406899015,0.0991987159803988,0.342473421209857,0.136038813467162,4.52828824867592
"TS",0.2274,2.66193283870873,0.692461719825744,0.775813703848538,4,1.15069767085394,7.53488354284778,0.297548753940676,3.23428386819243,0.0988172953581569,0.34133400966677,0.135895665340824,4.49639816331991
"TS",0.2294,2.68534473702631,0.6892445381856,0.772209268350181,4,1.14992094592498,7.49604729630288,0.295694904058816,3.22561120266109,0.0984386294610387,0.34019956621883,0.135749690906675,4.46487909668932
"TS",0.2374,2.77899233029662,0.67644949238843,0.757874076112677,4,1.14688578547762,7.34428925454664,0.288479944527969,3.19110790211404,0.0969507605588958,0.335711301329271,0.135139844272053,4.34235262470893
"TS",0.2434,2.84922802524936,0.666935643167597,0.747215039821503,4,1.14468176350612,7.2340881753374,0.283269129476762,3.16545054230603,0.0958623568855552,0.332397852232125,0.134658359931213,4.25400528191499
"TS",0.2454,2.87263992356694,0.663779197848323,0.743678651507132,4,1.14395993590204,7.19799680098299,0.281567673101302,3.15693862903587,0.0955044711344075,0.331302871697753,0.13449367923282,4.22518453933465
"TS",0.2474,2.89605182188452,0.660632395334412,0.740153066707714,4,1.14324482799265,7.16224139949838,0.27988445933477,3.1484540639468,0.0951492338729808,0.330213410532927,0.134327225258333,4.19668608797105
"TS",0.2494,2.9194637202021,0.657492931563951,0.736635704020181,4,1.14253579034351,7.12678951726904,0.278217935150065,3.13998996137015,0.0947963427043057,0.329128556813354,0.1341588788642,4.1684832006314
"TS",0.2514,2.94287561851968,0.654360870709457,0.733126635341532,4,1.14183272296071,7.09163614825718,0.276567785638465,3.13154667761391,0.0944457684479885,0.328048297794154,0.133988718586359,4.14057028043812
"TS",0.2654,3.10675890674273,0.632675792291503,0.708831312547497,4,1.13707642597658,6.85382129880963,0.265463913233168,3.0731311954453,0.092057356176492,0.320623552837693,0.132754918098551,3.95308607215671
"TS",0.2674,3.13017080506031,0.629610782304609,0.705397365684898,4,1.13641903974728,6.8209520155151,0.263937244695632,3.06488112091204,0.091724983583821,0.319581477619392,0.132573158642774,3.92735653840495
"TS",0.2874,3.3642897882361,0.599439954334903,0.671594859170538,4,1.13012552882485,6.50627643916876,0.249417253065533,2.98377070948763,0.0885160066887889,0.309413208860003,0.130698046224198,3.68324716156285
"TS",0.2894,3.38770168655368,0.596470083787157,0.668267503731775,4,1.12952235036069,6.47611751803457,0.24803459883114,2.97579605205772,0.0882059231870433,0.308420534705608,0.130505606473469,3.66006038386739
"TS",0.2914,3.41111358487126,0.593508082676814,0.664948964978764,4,1.12892350180136,6.44617509545867,0.246663406130048,2.96784397180007,0.0878976314656481,0.307431857435568,0.130312353905885,3.63707611105146
"TS",0.2934,3.43452548318883,0.590556166872441,0.661641725505344,4,1.12832936583324,6.41646829169244,0.245304489816539,2.95992069710264,0.0875913432309035,0.306447905054801,0.130118494544258,3.61430782423653
"TS",0.2954,3.45793738150641,0.587611378576886,0.658342471482755,4,1.12773928062203,6.38696403391556,0.24395633300212,2.9520177003363,0.0872867454590531,0.305467600361507,0.129923812022883,3.59172984181329
"TS",0.2974,3.48134927982399,0.58467592410062,0.655053674796226,4,1.12715362997107,6.35768151223851,0.242619750422326,2.94414127745147,0.0869840103107258,0.304491704889282,0.129728532626209,3.56935569232299
"TS",0.2994,3.50476117814157,0.581749059103342,0.651774501508822,4,1.12657220317619,6.32861016724157,0.241294234616637,2.93628920702144,0.0866830377972754,0.303519922701087,0.129532612068046,3.54717666261787
"TS",0.3014,3.52817307645915,0.578831505385161,0.648505760304111,4,1.12599508581401,6.29975429096407,0.239979922040031,2.92846365386265,0.0863838946280607,0.302552487187235,0.129336161545078,3.52519497002063
"TS",0.3054,3.57499687309431,0.573019920468967,0.641994631833071,4,1.12485266310963,6.2426331571114,0.237382369882498,2.91287811012766,0.0857906089515512,0.300628820406324,0.128941275890052,3.48177982743822
"TS",0.3074,3.59840877141189,0.570127325697675,0.638753853896908,4,1.12428753504934,6.21437675253736,0.236099426562579,2.90512240285448,0.0854965479138697,0.2996730829413,0.128743046702726,3.46035120131003
"TS",0.3134,3.66864446636462,0.561500729054548,0.62908886924621,4,1.12261552189207,6.13077608003968,0.232311447081706,2.88199723153877,0.0846242932033583,0.296829230368564,0.128145318751132,3.39713742658571
"TS",0.3194,3.73888016131736,0.552951329825532,0.619510374303253,4,1.12097757390777,6.04887869538335,0.228611824624356,2.85908548167332,0.0837666448018266,0.294019938490192,0.127543575652891,3.33547954334322
"TS",0.3254,3.8091158562701,0.544476576539643,0.610015510475136,4,1.11937190474055,5.96859523930115,0.224995936154179,2.83637561909577,0.0829228335108479,0.291243404180617,0.126937977080459,3.2752962639746
"TS",0.3274,3.83252775458768,0.541669419300499,0.606870454232124,4,1.11884386627756,5.94219331387489,0.223809127520722,2.82885369104012,0.0826446640039818,0.290325460533105,0.126735471124873,3.25556019345055
"TS",0.3294,3.85593965290526,0.538869241400234,0.603733217434707,4,1.1183189882172,5.91594941163461,0.222630585172408,2.82134995567554,0.0823678401748306,0.2894105823865,0.126532478235405,3.23597012765922
"TS",0.3314,3.87935155122284,0.53607882339681,0.600606915338085,4,1.11779775146435,5.8898875732143,0.221461325377969,2.8138724736711,0.0820926225542358,0.288499701208348,0.126329281754683,3.21654279127141
"TS",0.3334,3.90276344954041,0.533296049697227,0.597489177694206,4,1.11727971823263,5.86398591162667,0.220300371434483,2.80641497559972,0.0818187762868561,0.287592067866641,0.126125701079179,3.19726185789447
"TS",0.3354,3.92617534785799,0.530521599447816,0.594380765398605,4,1.1167649754552,5.83824877275542,0.219147888292576,2.79897933196126,0.0815463567716216,0.286687885400892,0.125921813056184,3.17812991921924
"TS",0.3374,3.94958724617557,0.527754761979307,0.591280882238377,4,1.11625334975468,5.81266749644542,0.218003485296687,2.79156327845472,0.0812752955891971,0.28578685680615,0.125717550372835,3.15914026656804
"TS",0.3394,3.97299914449315,0.524996900620491,0.588191055646919,4,1.11574506007007,5.78725300026661,0.216867599349313,2.78417079898634,0.081005670414221,0.284889474578798,0.125513081191316,3.14030020648426
"TS",0.3414,3.99641104281073,0.522247988158748,0.585111255136017,4,1.11524006107051,5.76200305355986,0.215740098864538,2.77680187106355,0.0807374869160942,0.283995699088783,0.125308423396596,3.12160740992492
"TS",0.3434,4.01982294112831,0.519506629006331,0.582039917130284,4,1.11473805506404,5.73690275319489,0.21462034583244,2.76945197483921,0.0804706044578362,0.283104976590888,0.125103421100515,3.10305099931447
"TS",0.3454,4.04323483944589,0.516772808363076,0.578977025048055,4,1.11423900382199,5.71195018815,0.213508234397728,2.7621210059858,0.0802050137472594,0.282217275106286,0.124898086595386,3.08462908225326
"TS",0.3474,4.06664673776347,0.514048551593443,0.575924848047981,4,1.11374324830878,5.68716241540234,0.212404448790993,2.75481505650026,0.0799408534853874,0.281333339274281,0.124692669882641,3.06635319020721
"TS",0.3494,4.09005863608105,0.511331112381582,0.57288030923872,4,1.1132502436647,5.6625121844797,0.211307826743556,2.74752563628253,0.0796779129854739,0.280452100662377,0.124486845659206,3.04820361368471
"TS",0.3514,4.11347053439863,0.508622509646758,0.569845670557918,4,1.11276033106751,5.63801655623687,0.210219075547346,2.7402587074816,0.0794162791267455,0.27957431837373,0.124280906520614,3.03019207608806
"TS",0.3534,4.1368824327162,0.505922715585632,0.566820900855532,4,1.11227346688059,5.61367334397317,0.20913805828454,2.73301424975709,0.0791560254393419,0.27869990314927,0.124074811149076,3.0123162214115
"TS",0.3554,4.16029433103378,0.503230357871601,0.563804462617281,4,1.11178936950363,5.58946847518027,0.208064178058491,2.72578783670713,0.078896967587362,0.27782836528656,0.123868430015155,2.9945659951049
"TS",0.3574,4.18370622935136,0.50054542057684,0.560796337998098,4,1.11130800371946,5.56540018462357,0.206997336805161,2.71857932440682,0.0786391165001449,0.276959658320802,0.123661755638816,2.97693967716806
"TS",0.3594,4.20711812766894,0.497869891656333,0.557798754244162,4,1.1108297003373,5.54148501686285,0.205938207338759,2.71139474861364,0.0783825887206614,0.276094508145679,0.123455073022654,2.95944834211009
"TS",0.3614,4.23053002598652,0.495201072776959,0.554808688222564,4,1.1103539375512,5.51769686813831,0.204885676258381,2.70422571877862,0.0781271962922651,0.275231885112754,0.123248031340997,2.94207335794005
"TS",0.3634,4.2539419243041,0.492541609437512,0.55182910387219,4,1.10988116282606,5.49405814129954,0.203840664083878,2.69708013216269,0.0778730959992108,0.274372729740114,0.123040967706167,2.92483000717807
"TS",0.3654,4.27735382262168,0.489888819326597,0.548856996010401,4,1.10941086465074,5.47054323416735,0.202802073197819,2.68994988138891,0.0776200805138784,0.273516068673872,0.122833586304161,2.90769991392546
"TS",0.3674,4.30076572093926,0.487244672213756,0.545894571508943,4,1.10894336424153,5.44716821253304,0.20177057675213,2.68284054889224,0.0773683202146673,0.27266254079925,0.12262608923759,2.8906940559767
"TS",0.3694,4.32417761925684,0.484608481435038,0.542941061049762,4,1.10847851194408,5.42392559247516,0.200745820703158,2.67575026113328,0.0771177278611462,0.271811915372131,0.122418436304768,2.87380658489634
"TS",0.3714,4.34758951757442,0.481980224455869,0.539996439385783,4,1.10801627661607,5.40081382850769,0.199727729858596,2.66867873226357,0.0768682606819136,0.270964177270221,0.122210643168364,2.85703621265154
"TS",0.3734,4.37100141589199,0.479359878652638,0.537060681170181,4,1.10755662154056,5.37783107770547,0.198716223568178,2.66162562875849,0.0766199699767754,0.270119243812988,0.122002660781022,2.84038128784771
"TS",0.3754,4.39441331420957,0.476748073886696,0.53413449208105,4,1.10709963749313,5.35498187462887,0.197711444316316,2.65459307603921,0.0763728241765336,0.269277380057285,0.121794647380281,2.82384443447581
"TS",0.3774,4.41782521252715,0.474142831154427,0.531215654901062,4,1.1066449425973,5.33224713112088,0.196712614252607,2.64757466325221,0.0761266754853631,0.268437821048786,0.121586337626637,2.80741231877509
"TS",0.3834,4.48806090747989,0.466376031940206,0.522513961951235,4,1.10529602772854,5.26480139726818,0.193754531877346,2.62663290251614,0.0753949897303529,0.265936175201353,0.120960785785816,2.75878960223181
"TS",0.3854,4.51147280579747,0.463803324491067,0.51963157634364,4,1.10485134560178,5.24256728010561,0.192781056565717,2.61968942771229,0.0751532775499844,0.265107879130261,0.120752085974378,2.74280208464638
"TS",0.3874,4.53488470411505,0.461237726689272,0.516757156175408,4,1.10440892347877,5.22044617392448,0.191813374042151,2.61276142771083,0.0749125697017812,0.264281985923392,0.120543189079631,2.72691640564786
"TS",0.3894,4.55829660243263,0.458679860827263,0.513891398644649,4,1.10396884627036,5.19844231354743,0.190851653525467,2.60585052331881,0.0746729003352227,0.26345869000891,0.120334163167014,2.71113531710186
"TS",0.3914,4.5817085007502,0.456129704712659,0.511034278887674,4,1.10353108750477,5.17655437527221,0.189895817957187,2.59895663261732,0.074434253396905,0.262637972645427,0.120125027489252,2.69545752859168
"TS",0.3934,4.60512039906778,0.453586601559842,0.508185061061232,4,1.10309551179778,5.154775593262,0.188945559220209,2.59207784574331,0.0741965541532223,0.26181960231699,0.119915733897668,2.67987796777543
"TS",0.3954,4.62853229738536,0.451051800582818,0.505345144747883,4,1.10266230631972,5.13311531484653,0.188001297389961,2.58521717672418,0.0739599405607966,0.261003920959052,0.119706349526149,2.66440321807681
"TS",0.3974,4.65194419570294,0.448524643140504,0.502513792025564,4,1.10223134059217,5.1115670324367,0.187062696405222,2.57837331309303,0.073724296190019,0.260190783013923,0.119496881752444,2.64902791372683
"TS",0.3994,4.67535609402052,0.446005107595097,0.49969097865192,4,1.1018025857144,5.09012928446784,0.186129709974158,2.57154564257417,0.0734896419522551,0.259380084207119,0.119287310530293,2.63375112088479
"TS",0.4014,4.6987679923381,0.443493171971475,0.496876680006672,4,1.10137601471786,5.06880073576014,0.185202274160389,2.56473408377668,0.0732559512301877,0.25857182538571,0.119077629687117,2.61857155004767
"TS",0.4074,4.76900368729084,0.43600274904975,0.48848463091007,4,1.10010915384669,5.00545769349277,0.182452698012347,2.54439248782862,0.0725605014350923,0.256161320871667,0.118447808390135,2.57360677735197
"TS",0.4134,4.83923938224357,0.428580568848885,0.480169038946787,4,1.09886119179867,4.94305958998004,0.179750770736064,2.52419532211174,0.0718735157829263,0.253772260047688,0.117817481963916,2.52947801689935
"TS",0.4154,4.86265128056115,0.426120617321552,0.477412981751036,4,1.09844912583168,4.92245629215763,0.178860162296764,2.51749019934777,0.0716462400757398,0.252980133465577,0.117607073992086,2.51494470757647
"TS",0.4174,4.88606317887873,0.423668711543523,0.474665938775694,4,1.09803915653062,4.90195782680806,0.177974829700966,2.51080149568739,0.0714198934953911,0.252190461807557,0.117396607509691,2.50050374915885
"TS",0.4194,4.90947507719631,0.421224215092564,0.471927196992047,4,1.09763115919981,4.88155795916679,0.1770944893977,2.50412731615252,0.0711944023628642,0.251402998972045,0.117186050930034,2.48615061216786
"TS",0.4214,4.93288697551389,0.418787107403274,0.469196733359224,4,1.09722510334786,4.86125516774945,0.176219094527906,2.49746765949741,0.0709698196424384,0.250617677104805,0.11697538390914,2.47188364152655
"TS",0.4234,4.95629887383147,0.416357368018725,0.466474524957888,4,1.09682097977088,4.84104899259945,0.175348576237271,2.49082228287806,0.0707460521450325,0.249834559255252,0.116764663247476,2.45770269986875
"TS",0.4254,4.97971077214905,0.413934976775871,0.463760549197954,4,1.09641875533541,4.82093776518115,0.174482909985558,2.48419051851994,0.0705231445802394,0.24905352588914,0.116553775336786,2.44360667259704
"TS",0.4274,5.00312267046663,0.411520516342436,0.461055458883171,4,1.09601851879599,4.80092593997205,0.173622206682866,2.47757511975733,0.0703010976252359,0.248274881738096,0.116342949392753,2.42959741769615
"TS",0.4294,5.0265345687842,0.409112759286868,0.458357878835399,4,1.0956200397653,4.78100198827046,0.172766012988267,2.47097149274909,0.0700798547137447,0.247498070026812,0.116131904140254,2.41566758961211
"TS",0.4334,5.07335836541936,0.404318492840094,0.452986523996832,4,1.0948284914759,4.74142457415731,0.171067366813663,2.4578034501014,0.0696397207711978,0.245950439985721,0.115709581614515,2.38804949652864
"TS",0.4354,5.09677026373694,0.401932543470578,0.450313376637835,4,1.09443547516795,4.72177375672861,0.17022503096659,2.4512402891491,0.0694208829119318,0.245179760805958,0.115498287147824,2.37436266940231
"TS",0.4414,5.16700595868968,0.394818587339205,0.442343109838558,4,1.09326712743371,4.66335637174419,0.167725154489037,2.4316301505124,0.0687690722546643,0.242879773625371,0.11486389478893,2.33377815908777
"TS",0.4434,5.19041785700726,0.392461440644198,0.439702232147258,4,1.09288111571976,4.64405578598847,0.166900598559071,2.4251182714504,0.06855332479415,0.242116899399003,0.114652229177301,2.32040353760568
"TS",0.4454,5.21382975532484,0.390110861221371,0.437068712234168,4,1.09249671355919,4.62483568275808,0.166080146008152,2.41861778938309,0.0683382590935304,0.241355811890182,0.114440451361823,2.30710108974205
"TS",0.4474,5.23724165364242,0.387768590632113,0.434444501293344,4,1.09211418329141,4.60570916440109,0.165264411449781,2.41213218389765,0.0681240502712279,0.24059691606604,0.114228619874447,2.29388082672917
"TS",0.4514,5.28406545027757,0.383104209116266,0.429218665703642,4,1.09135391357322,4.56769567873347,0.163645137542515,2.39919506503464,0.0676977509154915,0.239084347213052,0.113804629155802,2.2676548487034
"TS",0.4534,5.30747734859515,0.38078206916681,0.426617008538398,4,1.09097614000009,4.54880699901978,0.16284152771593,2.39274297527471,0.0674856250052899,0.238330612160572,0.113592478702394,2.25464796116457
"TS",0.4554,5.33088924691273,0.378467573464581,0.424023915762468,4,1.090600071725,4.53000358602576,0.162042230552446,2.38630386079956,0.0672742563144553,0.23757885060808,0.113380235239759,2.24171657285607
"TS",0.4574,5.35430114523031,0.376160699064805,0.421439361669205,4,1.09022568990346,4.5112844952452,0.161247198484262,2.37987766957682,0.0670636320488936,0.236829050743525,0.113167905923542,2.22885975950228
"TS",0.4594,5.37771304354789,0.373860274727637,0.418862034036003,4,1.08985279385296,4.49263969263832,0.160455959500666,2.37346170803446,0.066853656029387,0.236080825774029,0.112955480453857,2.21606984010952
"TS",0.4614,5.40112494186547,0.371566860852879,0.416292560718285,4,1.08948145618296,4.4740728092231,0.159668703584883,2.36705672584431,0.0666443639441762,0.235334312503939,0.112742925019485,2.20334982328796
"TS",0.4634,5.42453684018305,0.369279869526991,0.413730283035045,4,1.08911157075707,4.45557853757849,0.158885166089796,2.36066159009675,0.0664357052829165,0.234589327128909,0.112530255127186,2.19069534774161
"TS",0.4654,5.44794873850063,0.367000996001779,0.411177100296451,4,1.08874339567601,4.43716978380586,0.158105925583685,2.35428010886613,0.0662277987377757,0.233846410920635,0.112317525311795,2.17811594296597
"TS",0.4674,5.47136063681821,0.364727943949174,0.408630439764204,4,1.088376547009,4.41882735291615,0.157330121563477,2.34790667349633,0.0660204924721988,0.233104761557372,0.112104632302082,2.16559735199545
"TS",0.4694,5.49477253513578,0.362462403746053,0.406092195286743,4,1.0880112860988,4.40056430481373,0.156558326778241,2.34154545163859,0.0658138378740505,0.232364999300003,0.111891690790679,2.15314897047612
"TS",0.4714,5.51818443345336,0.360203789883347,0.403561710876961,4,1.08764750018351,4.38237500925737,0.155790307027788,2.33519452228518,0.0656078541390489,0.2316268328536,0.111678602554856,2.14076683052001
"TS",0.4734,5.54159633177094,0.357952086120013,0.401038968338873,4,1.08728517682697,4.36425884166735,0.15502601276135,2.32885400026108,0.0654025074440654,0.23089027689829,0.111465413870673,2.12845019359278
"TS",0.4754,5.56500823008852,0.355707836687299,0.398524577413131,4,1.08692439013029,4.34621950651673,0.154265600819899,2.3225251578921,0.0651978337828698,0.230155505528396,0.111252147325422,2.11620160957922
"TS",0.4774,5.5884201284061,0.353469903212061,0.396017262700011,4,1.08656494362168,4.32824718111085,0.153508648958764,2.31620486567079,0.0649937356050526,0.229422105168412,0.111038734660403,2.10401406928012
"TS",0.4794,5.61183202672368,0.351238275125753,0.393517012358827,4,1.08620682140685,4.31034106814696,0.152755158545253,2.30989194330007,0.0647901813166313,0.228690036263606,0.110825071732197,2.09188797609109
"TS",0.4814,5.63524392504126,0.349014607503319,0.391025680686771,4,1.08585027889477,4.29251394496256,0.152005573057332,2.30359346331954,0.0645873853107197,0.227959911858418,0.11061151093205,2.07982928274954
"TS",0.4834,5.65865582335884,0.346797214294268,0.388541378682559,4,1.0854950315704,4.27475157854286,0.151259368141509,2.29730226023537,0.0643851160590829,0.227231089466015,0.110397721188828,2.06783062037523
"TS",0.4854,5.68206772167642,0.34458663715836,0.386064713205827,4,1.08514115777594,4.25705788879488,0.150516647273411,2.29102082739531,0.0641834321585501,0.2265037675935,0.110183848050578,2.05589349230665
"TS",0.4874,5.705479619994,0.342382310959354,0.383595051094582,4,1.08478854831677,4.23942741583669,0.149777218073521,2.28474707077518,0.063982327170792,0.22577770530868,0.109969759255449,2.04401431331579
"TS",0.4894,5.72889151831157,0.340185871114492,0.381134224622107,4,1.08443745690838,4.22187284534129,0.149041619809814,2.27848514932824,0.0637818419832034,0.225053485274541,0.109755636716393,2.03220210509177
"TS",0.4914,5.75230341662915,0.337995105922994,0.378679755864026,4,1.08408751768073,4.2043758848624,0.14830902062553,2.27222983662355,0.0635818813125203,0.224330327499158,0.109541316218115,2.02044310935643
"TS",0.4934,5.77571531494673,0.335812191159893,0.376234082494568,4,1.08373906257366,4.18695312867507,0.147580206893097,2.26598550507875,0.0633825491878083,0.223608938016915,0.109326888777005,2.00875016277011
"TS",0.4954,5.79912721326431,0.333634928992107,0.373794742126318,4,1.08339173368948,4.16958668673889,0.146854339096121,2.25974681480147,0.0631836914720136,0.222888533542823,0.109112227534135,1.99711011129702
"TS",0.4974,5.82253911158189,0.331465481972611,0.371364157619896,4,1.08304586954992,4.15229347784659,0.146132093268822,2.25352128568624,0.0629854691463222,0.222169991270549,0.108897676057968,1.98553285279815
"TS",0.4994,5.84595100989947,0.329301666135935,0.368939882124754,4,1.08270109975927,4.13505498984049,0.145412782128799,2.24730002693881,0.0627877206239904,0.221452363237669,0.108682765837264,1.97400821564621
"TS",0.5014,5.86936290821705,0.327145092824624,0.366523720941591,4,1.08235767901267,4.11788394851917,0.14469685519944,2.24108954043229,0.0625905535240083,0.220736324456308,0.108467858052171,1.96254279657662
"TS",0.5034,5.89277480653463,0.324995206530846,0.364115051695804,4,1.08201549009378,4.10077450906963,0.143984207706485,2.23488580331166,0.0623939106111888,0.220021499929619,0.108252667567905,1.95113463584945
"TS",0.5054,5.9161867048522,0.322851993937203,0.361713859466973,4,1.08167454253338,4.08372712642442,0.143274663288676,2.22869124135108,0.0621978144064629,0.219308057293212,0.108037428971003,1.93978170349893
"TS",0.5074,5.93959860316978,0.320715441900664,0.359320129530031,4,1.08133480521023,4.06674025913915,0.142568314175096,2.22250356763431,0.0620022107129347,0.218595830175816,0.10782196480216,1.92848477963515
"TS",0.5094,5.96301050148736,0.318585537242623,0.35693384712006,4,1.0809962753913,4.04981377053416,0.141865056600505,2.21632391126746,0.0618071332806596,0.217884892902538,0.10760636477404,1.91724252725647
"TS",0.5114,5.98642239980494,0.316462797066092,0.354555591584032,4,1.08065902200954,4.03295109863367,0.141165052459133,2.21015338283805,0.0616126136942954,0.217175377192454,0.107390664315221,1.90605738674361
"TS",0.5134,6.00983429812252,0.314346146972024,0.35218415919692,4,1.08032286465655,4.01614323314532,0.140467910217927,2.20398887625735,0.0614185580887805,0.216466923772933,0.107174746477956,1.89492317472093
"TS",0.5154,6.0332461964401,0.312235579618392,0.349819541732932,4,1.07998779505842,3.99938975388693,0.139773607502838,2.19783002048804,0.0612249254392525,0.215759536143818,0.106958626327339,1.88383987181626
"TS",0.5174,6.05665809475768,0.310132662454499,0.347463495316075,4,1.07965403447212,3.98270172406497,0.139082692725359,2.19168119529957,0.0610318776522522,0.215053623571848,0.106742415202571,1.87281444578402
"TS",0.5194,6.08006999307526,0.308035803418014,0.34511423624663,4,1.07932133894094,3.96606694520226,0.13839453587691,2.18553797553946,0.0608392725043286,0.214348743237883,0.106525996652668,1.86183876145516
"TS",0.5234,6.12689378971042,0.303861791893334,0.340437796743688,4,1.0786593233206,3.93296616360479,0.13702700383419,2.17327175056384,0.0604554759453926,0.212942434890927,0.106092607280086,1.84004252729516
"TS",0.5254,6.15030568802799,0.301784097417162,0.338110009082833,4,1.07832990394485,3.91649519803421,0.136347356561927,2.16714790065866,0.0602642435086784,0.212240861742041,0.105875659461224,1.82921767342786
"TS",0.5274,6.17371758634557,0.299713977956555,0.33579070824618,4,1.07800173546703,3.90008677259552,0.135670946706514,2.16103254681771,0.0600735417511393,0.211540669036889,0.105658559657937,1.81844926539437
"TS",0.5294,6.19712948466315,0.297649351334995,0.333477561424518,4,1.07767447030499,3.88372351670623,0.13499710260493,2.15491859898861,0.0598832125633553,0.210841055868848,0.1054409862417,1.80772648525296
"TS",0.5314,6.22054138298073,0.295592270810633,0.331172869027773,4,1.07734847037723,3.86742351642522,0.13432621504829,2.14881770430213,0.0596934043894589,0.210143203003714,0.10522369017016,1.79705624626999
"TS",0.5334,6.24395328129831,0.293540667558303,0.328874313205195,4,1.07702335625078,3.85116781155366,0.133657818920037,2.14271823377932,0.0595039595478904,0.209445925897149,0.105005946399896,1.78643070725961
"TS",0.5354,6.26736517961589,0.291496071996952,0.32658360859307,4,1.07669936016662,3.83496800949446,0.132992382525658,2.13662569821838,0.059315029663843,0.208749778907759,0.104788004176618,1.77585625641191
"TS",0.5374,6.29077707793347,0.289458468551178,0.32430073774118,4,1.07637649276286,3.81882463776058,0.132329772523598,2.13054107195217,0.0591264847256423,0.208054943562331,0.104569985751273,1.76533259332216
"TS",0.5394,6.31418897625105,0.287426827728551,0.322024547236543,4,1.07605455837244,3.80272791861626,0.131669745499848,2.12445929699123,0.0589383517573721,0.20736081436002,0.104351594100425,1.7548545912947
"TS",0.5494,6.43124846783894,0.277365368882255,0.310751985259213,4,1.07445991081146,3.72299554038384,0.128408886970327,2.0941339192423,0.0580038670924305,0.203905014397439,0.103256818513891,1.70316183697677
"TS",0.5534,6.4780722644741,0.273385753897595,0.306293341910786,4,1.07382884557265,3.6914422795868,0.127122511404758,2.08203778150105,0.0576328460946859,0.202529128143979,0.102817318673519,1.68280388060169
"TS",0.5614,6.57171985774442,0.265503214390612,0.297461976947849,4,1.07257790118531,3.6288950598015,0.124579469525951,2.05789840031565,0.0568952459218603,0.199787682541985,0.101935427710315,1.64261677239381
"TS",0.5694,6.66536745101473,0.257721998467273,0.28874413194199,4,1.07134124907984,3.56706245281733,0.122074709649344,2.03381990146033,0.0561632586365593,0.197058926956235,0.101049403820368,1.60311223532423
"TS",0.5774,6.75901504428505,0.250043059564024,0.280140875095309,4,1.07011848154049,3.50592407702474,0.119607322703161,2.00979651922739,0.0554366979124819,0.194342335708477,0.100158961318307,1.56427494963892
"TS",0.5794,6.78242694260263,0.248138504820022,0.2780070680879,4,1.06981478076997,3.49073904430781,0.118995848016508,2.00379767747504,0.0552557601288924,0.193664849465101,0.0999357071794156,1.55466233003746
"TS",0.5814,6.80583884092021,0.246240724075175,0.275880850469512,4,1.06951194579116,3.47559728991567,0.118386846105102,1.99779999851844,0.0550751706188295,0.192987967413725,0.0997119527272322,1.54509362110328
"TS",0.5854,6.85266263755536,0.242464498584614,0.271650078716329,4,1.06890876890286,3.445438445153,0.11717539529965,1.98581726110922,0.0547150145627691,0.191636512255666,0.09926389665659,1.52607318338705
"TS",0.5934,6.94631023082568,0.234985931265378,0.263271312287367,4,1.06771148051694,3.38557402596203,0.114777812175661,1.96186832142096,0.0539979645732933,0.188940072679803,0.0983634310654004,1.48848819873898
"TS",0.5954,6.96972212914326,0.233132523552178,0.261194808905952,4,1.0674141766658,3.37070883244122,0.114183613423804,1.95589171171596,0.0538195611542178,0.188267842001722,0.0981379284284268,1.47918618827244
"TS",0.5994,7.01654592577842,0.229443068229935,0.25706125189221,4,1.06682148765377,3.34107438126498,0.113001260969511,1.94393130990602,0.0534631679363807,0.186924021679622,0.0976851729070501,1.4606899091852
"TS",0.6054,7.08678162073115,0.223956378341108,0.250914126235083,4,1.0659379457748,3.29689728941817,0.111242980006705,1.92600111810577,0.0529305843609625,0.184912294001193,0.0970034042040764,1.43322122032759
"TS",0.6114,7.15701731568389,0.218526194218562,0.244830307973256,4,1.06506070617444,3.25303530879991,0.109502517635915,1.90807731858092,0.0524001998682646,0.182904707681761,0.0963181797994089,1.4060747668614
"TS",0.6134,7.18042921400147,0.216728419781176,0.242816134474534,4,1.06476962229143,3.23848111418914,0.108926134507295,1.9021036508118,0.0522237459157001,0.18223639353014,0.0960890959011873,1.39709448019708
"TS",0.6174,7.22725301063663,0.213151062393068,0.23880816868264,4,1.06418936009725,3.2094680063197,0.107778783433986,1.89015605769292,0.0518716640841327,0.180900699709704,0.095629703475836,1.37923340796888
"TS",0.6214,7.27407680727179,0.209599424838123,0.23482901863385,4,1.06361176789618,3.18058839481095,0.106639318177062,1.87820573204952,0.0515204872623456,0.179566403154317,0.0951682698052222,1.36151445249447
"TS",0.6254,7.32090060390694,0.206072148330201,0.230877161984218,4,1.06303665295185,3.15183264729821,0.105506755078824,1.8662575397465,0.0511701060316053,0.17823358979802,0.0947056482379882,1.34392263011516
"TS",0.6354,7.43796009549484,0.197361937221278,0.221118498150184,4,1.06160927437187,3.08046371801754,0.102706334183458,1.83636402678246,0.0502970902627265,0.174906026399322,0.0935409018679539,1.30051045605028
"TS",0.6374,7.46137199381242,0.195638983812178,0.219188151926557,4,1.06132561791258,3.06628089561898,0.102151599323133,1.83038267107547,0.050123079116799,0.174241358893633,0.0933066166364476,1.29192569480027
"TS",0.6434,7.53160768876516,0.190505948877417,0.213437250857652,4,1.06047780294784,3.02389014735732,0.100496842779058,1.81242718609824,0.0496018631914409,0.17224822189942,0.0926010871388151,1.26634799177024
"TS",0.6494,7.60184338371789,0.185428581328679,0.207748717887516,4,1.05963479390309,2.98173969521606,0.0988569285439568,1.7944486335216,0.0490818758364466,0.170256287839309,0.0918907510646393,1.24104513327342
"TS",0.6614,7.74231477362337,0.175440442711571,0.196558301734199,4,1.05796232888547,2.89811644565772,0.0956195310846379,1.75841090412257,0.0480450965571553,0.166274265096597,0.0904556936521237,1.19123076539383
"TS",0.6654,7.78913857025852,0.172161118508924,0.192884243540172,4,1.05740873555714,2.87043677866555,0.0945527743167994,1.74637127861171,0.0477003437622716,0.164947271793175,0.0899728792651434,1.17485745506836
"TS",0.6694,7.83596236689368,0.168905750376983,0.189237025021772,4,1.05685680258094,2.84284012870672,0.0934916395715547,1.73431215241394,0.0473558294752,0.1636197839622,0.0894875740461587,1.15859111980186
"TS",0.6714,7.85937426521126,0.16728756549968,0.187424058373611,4,1.05658149330728,2.82907466515344,0.0929634517669024,1.72827342213105,0.0471836837755165,0.162955781590444,0.0892437312383432,1.15050175999075
"TS",0.6754,7.90619806184642,0.16407019857043,0.1838194152828,4,1.05603231370149,2.80161568516408,0.091911006894486,1.71619369133547,0.0468398729673767,0.161628167410857,0.0887552261625122,1.13440046405989
"TS",0.6794,7.95302185848158,0.160877249638823,0.180242129396943,4,1.05548468507192,2.77423425358957,0.0908641785430303,1.7040893816503,0.0464961169384456,0.160299848680729,0.0882638635824134,1.11840579227597
"TS",0.6854,8.02325755343431,0.156134031723678,0.174927967828798,4,1.05466611157107,2.73330557256684,0.0893040854446655,1.68588953289859,0.0459808012355545,0.158305804918267,0.0875217294006308,1.09460867754441
"TS",0.6934,8.11690514670463,0.149897419191664,0.167940650942678,4,1.05357988887389,2.67899444336418,0.087242954546607,1.66153388189686,0.0452939018012249,0.155643847387204,0.0865221370427044,1.06324409876255
"TS",0.6974,8.16372894333979,0.146816927988797,0.164489359381939,4,1.05303894310512,2.65194715533899,0.0862201235640282,1.64932085390425,0.0449507541987215,0.154311396500453,0.0860183057595596,1.04771135273435
"TS",0.7054,8.2573765366101,0.140730249649731,0.157670024346995,4,1.05196072582936,2.59803629142379,0.0841892085201646,1.62479836080695,0.0442641063480831,0.151641772401622,0.085001083754698,1.01693813478158
"TS",0.7074,8.28078843492768,0.139223880778983,0.155982333057329,4,1.05169186249987,2.58459312306516,0.0836843705571781,1.61864714057746,0.0440922993215887,0.150973301865401,0.0847447847178273,1.00930240676184
"TS",0.7094,8.30420033324526,0.137724546997999,0.154302523674908,4,1.05142339602699,2.57116980135592,0.0831810652367081,1.61248817513947,0.0439205346658129,0.150304559293542,0.0844876010577488,1.00169542174737
"TS",0.7154,8.374436028198,0.13326319224159,0.149304153283223,4,1.05061946525005,2.53097326252183,0.0816775521041221,1.5939582806367,0.043404999155942,0.148295128114389,0.0837111613410055,0.979006214746199
"TS",0.7274,8.51490741810347,0.124511175510088,0.139498651661677,4,1.04901813034542,2.45090651719009,0.0787011246378084,1.55663129710298,0.0423719082575979,0.144261192455373,0.0821335685253381,0.934246755613384
"TS",0.7394,8.65537880800895,0.115988025439075,0.129949565501775,4,1.04742410283403,2.37120514057848,0.075762488785284,1.51891752958616,0.0413350744661137,0.140203872337438,0.0805219847263502,0.890271702154237
"TS",0.7454,8.72561450296168,0.111813287197095,0.125272311806186,4,1.04662921959083,2.33146098028014,0.0743069654705375,1.49989052492907,0.0408148741576234,0.138164342455837,0.0797015265791599,0.868572398825293
"TS",0.7474,8.74902640127926,0.110434967240395,0.123728082746181,4,1.04636460308855,2.31823015379187,0.0738237741015768,1.49352459619103,0.0406411477288353,0.137483100834048,0.0794260509379249,0.861381933386003
"TS",0.7574,8.86608589286716,0.103639086510115,0.116114178252518,4,1.04504277928372,2.25213896417357,0.0714208296272529,1.46147730052323,0.0397698750023806,0.134061836323597,0.0780310517479443,0.825721662302609
"TS",0.7654,8.95973348613747,0.098319830171454,0.110154640210682,4,1.04398651051684,2.19932552817813,0.0695144426462767,1.43555684778471,0.0390687094665804,0.131305926996394,0.0768922817954297,0.797550101274411
"TS",0.7694,9.00655728277263,0.0957002877647552,0.107219782096878,4,1.04345871402332,2.17293570113675,0.0685663664861818,1.42250075975627,0.0387168925669366,0.129921374179871,0.0763151637320625,0.783581642308535
"TS",0.7794,9.12361677436053,0.0892668403869686,0.100011937250334,4,1.04213900360469,2.10695018060939,0.066209726911157,1.38953942632968,0.0378318939584224,0.126437828389972,0.0748475829693694,0.748983964226417
"TS",0.7814,9.1470286726781,0.088000655274908,0.0985933407656169,4,1.04187503226273,2.09375161313582,0.0657409292107444,1.38288942609038,0.0376540066031914,0.125737190442412,0.0745494760346977,0.742123011547315
"TS",0.7854,9.19385246931326,0.0854879259001391,0.0957781528249767,4,1.04134676335034,2.06733816749106,0.0648053136054884,1.36952298384746,0.0372972452538384,0.1243309740424,0.0739481311315647,0.728453124751343
"TS",0.7874,9.21726436763084,0.0842417392350964,0.094381962010939,4,1.04108262327253,2.05413116341683,0.0643382540857626,1.36281744325227,0.0371183476578876,0.123626331606222,0.0736459845694825,0.721641317735661
"TS",0.7934,9.28750006258358,0.0805438366259644,0.0902389409059112,4,1.04028936247655,2.01446812335484,0.0629417827032796,1.3425489805355,0.0365792424819191,0.121501640813874,0.0727275435182732,0.701319939007367
"TS",0.7954,9.31091196090116,0.0793253367165757,0.0888737695169717,4,1.04002481193192,2.00124059642983,0.0624778066396596,1.33575109733155,0.0363988029456778,0.120790515308761,0.0724182209672747,0.694582860906059
"TS",0.7974,9.33432385921873,0.0781134322314462,0.0875159874470032,4,1.03976008146664,1.98800407344006,0.0620142163670319,1.32892929673659,0.0362181408865341,0.120077474930721,0.0721070726421014,0.687861075831165
"TS",0.7994,9.35773575753631,0.0769084520477051,0.0861659631602491,4,1.03949522182268,1.97476109058453,0.0615512330784077,1.32208447979369,0.0360368484632659,0.119362990947023,0.0717942870090289,0.68115677235264
"ATPS",0.0406,1.0003791201413,0.892561824140752,0.999999963715973,4,1.24109877683773,12.0549388390807,0.550016616357765,3.58217015054506,0.133129567049485,0.407488584949035,0.112943323173972,8.85339170875837
"ATPS",0.0404642140468227,0.997033370575607,0.892560118422652,0.999998052679681,4,1.24112079704365,12.0560398498218,0.550231390118528,3.58003529912341,0.133170534236655,0.407206936051184,0.112759771346453,8.85680380234495
"ATPS",0.0403284280936455,0.993687621009917,0.892553805944723,0.999990980365441,4,1.24114425681058,12.0572128349493,0.550458299535749,3.57778764154993,0.133212055486712,0.406911160020206,0.112566990894642,8.8604099181495
"ATPS",0.040056856187291,0.986996121878537,0.892526450780014,0.999960332445065,4,1.24119529250086,12.0597646126544,0.550945888374179,3.57298286115843,0.133295687840965,0.406281261446,0.112156411603348,8.86816279896011
"ATPS",0.0399210702341137,0.983650372312847,0.892504928360399,0.9999362193604,4,1.24122300578408,12.0611502875629,0.551207685823984,3.57041550393956,0.133337703279765,0.405945869004678,0.11193784398249,8.87232746202427
"ATPS",0.0397852842809365,0.980304622747157,0.892477835692004,0.999905865533159,4,1.24125234548267,12.0626172412089,0.551482552993959,3.56772968238166,0.13337979108283,0.405595846331084,0.111709775351351,8.87670156570679
"ATPS",0.0396494983277592,0.976958873181467,0.892444898752371,0.999868963956655,4,1.24128332847616,12.0641664123967,0.551770836582783,3.5649211982551,0.133421885919394,0.405230634597454,0.111471904160859,8.88129051001445
"ATPS",0.0395137123745819,0.973613123615777,0.892405831468775,0.999825194123438,4,1.24131609809986,12.0658048988627,0.552073438869577,3.56198308720645,0.133463936741326,0.404849398576222,0.111223714819881,8.88610895641307
"ATPS",0.0393779264214047,0.970267374050088,0.892360331278884,0.999774217051587,4,1.24135072106,12.0675360535776,0.552390991473999,3.55890909784386,0.133505873180595,0.404451356087596,0.110964745691509,8.89116692570666
"ATPS",0.0392421404682274,0.966921624484398,0.892308082262871,0.99971567879384,4,1.24138729800742,12.0693649005434,0.55272418357483,3.55569357707837,0.133547628601623,0.404035808132309,0.110694589137335,8.89647557276602
"ATPS",0.0391063545150502,0.963575874918708,0.892248750948341,0.999649205737552,4,1.24142592131986,12.0712960360652,0.553073722726567,3.5523302365528,0.133589124523406,0.40360195757484,0.110412793841361,8.90204626172926
"ATPS",0.0389705685618729,0.960230125353018,0.892181986747982,0.99957440509503,4,1.24146672088563,12.0733360455267,0.553440627412278,3.54880996983134,0.133630290546637,0.403148701551698,0.110118716621063,8.90789529011899
"ATPS",0.0388347826086956,0.956884375787328,0.892107426145226,0.999490869593023,4,1.24150976459245,12.0754882387038,0.553825338832534,3.54512924715562,0.133671039942042,0.402675557495039,0.109812106688233,8.91402985863625
"ATPS",0.0386989966555184,0.953538626221638,0.892024684102433,0.99939816784671,4,1.2415551908927,12.0777595321581,0.554228932844985,3.54127839123677,0.133711290250875,0.402181322911644,0.109492296175151,8.9204671921212
"ATPS",0.0385632107023411,0.950192876655948,0.891933362188907,0.999295853466079,4,1.24160305728673,12.0801528659357,0.554651888479796,3.53725300508698,0.133750952222109,0.401665410387619,0.109158989067836,8.92721496807502
"ATPS",0.0384274247491639,0.946847127090258,0.891833040642827,0.999183456162355,4,1.24165354652023,12.0826773356221,0.555095396584503,3.53304361511816,0.133789940861901,0.401126648245778,0.108811541426364,8.93429247698353
"ATPS",0.0382916387959866,0.943501377524568,0.891723284956265,0.999060489125662,4,1.24170668153705,12.0853340965376,0.555559875826404,3.52864513721441,0.133828156102665,0.400564320951166,0.108449637575398,8.94170621140558
"ATPS",0.0381558528428094,0.940155627958878,0.891603640884289,0.998926443433366,4,1.24176261510418,12.0881307735343,0.556046281453484,3.52405025036945,0.133865506801597,0.399977497576565,0.108072803249468,8.94947171479919
"ATPS",0.0380200668896321,0.936809878393188,0.891473635381881,0.998780789099767,4,1.24182146786709,12.0910734326518,0.556555524371332,3.51925092421332,0.133901905033395,0.399365137486092,0.107680524354744,8.95760359493469
"ATPS",0.0378842809364549,0.933464128827498,0.891332786414048,0.998622986067066,4,1.24188328348937,12.0941641745507,0.557088053242141,3.51424243296564,0.133937246195874,0.398726551775818,0.107272553521145,8.96610893682704
"ATPS",0.0377484949832776,0.930118379261808,0.891180583199787,0.99845246207128,4,1.2419481653894,12.0974082693755,0.55764465562811,3.50901782464112,0.133971448964005,0.398060804690288,0.106848467559483,8.97500039100969
"ATPS",0.0376127090301003,0.926772629696118,0.891016507447784,0.998268636434095,4,1.24201624026025,12.100812021913,0.558226139315448,3.5035707651472,0.134004417619524,0.39736703639261,0.106407924095926,8.98429105662645
"ATPS",0.0374769230769231,0.923426880130428,0.890840016288383,0.998070900940347,4,1.24208755456202,12.1043777350459,0.558833017342937,3.49789573381019,0.134036067717295,0.396644431375112,0.10595064287374,8.9939889896566
"ATPS",0.0373411371237458,0.920081130564738,0.890650561082946,0.997858640911474,4,1.24216217547892,12.1081087762462,0.559465823573489,3.49198780021325,0.134066321259403,0.395892259409401,0.105476403753045,9.00410273245575
"ATPS",0.036390635451505,0.896660883604909,0.88891229515856,0.995911138996984,4,1.24278194694439,12.1390973490096,0.564658555480971,3.44377424069076,0.134233311195572,0.389744799607234,0.101671785040963,9.08713448570363
"ATPS",0.0347612040133779,0.856511888816629,0.883787252212171,0.990169191916326,4,1.24423182911163,12.2115914569346,0.576657237791854,3.33287046238353,0.134321006380518,0.37541390265045,0.0933216246044261,9.27903655233781
"ATPS",0.0346254180602007,0.853166139250939,0.883211563692219,0.989524207464277,4,1.2443716859201,12.2185842947432,0.577815506205874,3.32214613048058,0.134317882727603,0.37400924426809,0.0925415997735289,9.29755457950517
"ATPS",0.0344896321070234,0.849820389685249,0.882610390253197,0.988850670459949,4,1.24451389463866,12.2256947299411,0.578994561617014,3.31122059818298,0.134313379859954,0.372574499891715,0.0917516786124108,9.31640267942779
"ATPS",0.0343538461538462,0.846474640119559,0.881983232999914,0.988148021955874,4,1.24465833916121,12.2329169552344,0.580193587863114,3.30010067026576,0.134307562647792,0.371110336396009,0.0909525543055434,9.33556761450611
"ATPS",0.0342180602006689,0.843128890553869,0.881329598156616,0.987415708740247,4,1.24480487896087,12.2402439480679,0.581411678560111,3.28879343875864,0.134300487991825,0.369617453656293,0.0901449347789192,9.35503460244358
"ATPS",0.0340822742474916,0.839783140988179,0.88064901976969,0.986653208772375,4,1.24495337202994,12.2476686008344,0.582647911635745,3.27730615177645,0.134292211790071,0.368096590197902,0.0893295259025161,9.37478861441356
"ATPS",0.0339464882943144,0.836437391422489,0.879941041380102,0.985860010649005,4,1.24510367401665,12.2551837012044,0.58390137362743,3.26564585702731,0.134282790708684,0.366548474861738,0.0885070093918421,9.39481472241077
"ATPS",0.0338107023411371,0.833091641856799,0.8792052300526,0.985035629322241,4,1.24525564744047,12.2627823739182,0.585171100806386,3.25382062666324,0.134272274654311,0.364973970727982,0.0876781121925439,9.41509733836268
"ATPS",0.0336749163879599,0.829745892291109,0.878441177116492,0.984179606929483,4,1.24540914143349,12.270457071196,0.586456204845229,3.24183687383066,0.134260713945176,0.363373735432804,0.0868434980945456,9.43562182745032
"ATPS",0.0335391304347826,0.826400142725419,0.877648482625211,0.983291495382385,4,1.24556401991017,12.2782009938618,0.587755713602015,3.2297028272107,0.134248176672803,0.361748694192921,0.0860038201411651,9.45637252613302
"ATPS",0.0334033444816053,0.82305439315973,0.876826772918981,0.982370876043545,4,1.24572014902792,12.2860074524827,0.589068755148193,3.21742546397526,0.134234687954606,0.360099626986101,0.0851597426756626,9.47733517843547
"ATPS",0.0332675585284281,0.81970864359404,0.875975701951251,0.981417361212604,4,1.24587738324564,12.293869162491,0.59039433148975,3.2050129721079,0.134220300373083,0.358427458782865,0.0843119364223254,9.49849367225812
"ATPS",0.0331317725752508,0.81636289402835,0.875094928706408,0.98043056882572,4,1.24603558455534,12.3017792262523,0.591731650633649,3.19247099423629,0.134205051129642,0.356732828720517,0.0834609342555547,9.5198348728712
"ATPS",0.0329959866220736,0.81301714446266,0.874184128237911,0.979410134822365,4,1.2461946231008,12.3097311543405,0.593079883489577,3.17980602944491,0.134188977807765,0.355016471658176,0.0826073239615449,9.54134522691514
"ATPS",0.0328602006688963,0.80967139489697,0.873243021356537,0.978355746407162,4,1.24635436937187,12.3177184673061,0.594437917283356,3.16702859158422,0.134172126857003,0.353279674051101,0.0817518068241063,9.56300717589371
"ATPS",0.0327244147157191,0.80632564533128,0.872271317985344,0.977267078586452,4,1.24651470181354,12.3257350891419,0.595805267870856,3.15414067060292,0.134154515666071,0.351522629125301,0.0808947505638839,9.58481213256482
"ATPS",0.0325886287625418,0.80297989576559,0.871268771195279,0.976143854708203,4,1.24667547299614,12.3337736500615,0.597180745159927,3.14115311950615,0.134136181521198,0.349746678392788,0.0800368544104197,9.60674129373139
"ATPS",0.0324528428093645,0.7996341461999,0.870235137675374,0.974985802173977,4,1.24683658164286,12.3418290822336,0.598563757731558,3.12807029796021,0.134117146089008,0.347952363297681,0.0791785331363686,9.62878477592677
"ATPS",0.0323170568561873,0.79628839663421,0.869170196291721,0.973792673231857,4,1.24699790624664,12.3498953079404,0.599953470261657,3.11489912008562,0.134097429559572,0.346140540751009,0.0783202914468668,9.65092909705947
"ATPS",0.03218127090301,0.79294264706852,0.868073751503369,0.972564248803528,4,1.24715930666714,12.3579653208899,0.601348905985967,3.10164770605471,0.134077074322683,0.344312211286811,0.0774626788442816,9.6731585832522
"ATPS",0.0320454849498328,0.78959689750283,0.866945611688353,0.971300314201386,4,1.24732071714063,12.3660358557302,0.602749709963899,3.08831860717565,0.134056060721395,0.342467764471537,0.0766059960825414,9.69546710336273
"ATPS",0.0319096989966555,0.78625114793714,0.865785614709889,0.970000687772157,4,1.24748204136482,12.3741020679615,0.604155216959214,3.07491736295333,0.13403443359682,0.340607917652867,0.0757506343210749,9.71784383447945
"ATPS",0.0317739130434783,0.78290539837145,0.864593614786222,0.968665206186257,4,1.24764308339486,12.382154171826,0.605564046758068,3.061455431604,0.134012217896436,0.338734051815116,0.074897246131548,9.74026690852238
"ATPS",0.031638127090301,0.77955964880576,0.863369464262935,0.967293704016032,4,1.24780386411097,12.3901932171201,0.606976453570504,3.04793039701045,0.13398938747793,0.336846035662389,0.0740458822637243,9.76273968969544
"ATPS",0.0315023411371237,0.77621389924007,0.862113077836241,0.96588608568963,4,1.24796419313282,12.3982096553078,0.608391013515383,3.03435450493945,0.133965976405033,0.334945376808086,0.0731971865181301,9.78523977281158
"ATPS",0.0313665551839465,0.77286814967438,0.860824319957953,0.964442199342858,4,1.24812403014653,12.4062015068879,0.609807508684498,3.02072946565837,0.133941964806869,0.333032398746646,0.0723513623663675,9.80776325624283
"ATPS",0.0312307692307692,0.76952240010869,0.859503125996483,0.96296197256439,4,1.24828325722616,12.4141628609643,0.611225180976002,3.00706104419092,0.13391739970061,0.331107840593355,0.0715087262368636,9.83029800158553
"ATPS",0.031094983277592,0.766176650543,0.858149424561389,0.961445325370477,4,1.2484418108288,12.4220905426159,0.612643500430086,2.99335438463537,0.13389229161007,0.329172419194774,0.0706696248898973,9.85283541166724
"ATPS",0.0309591973244147,0.76283090097731,0.856763157952547,0.959892193115603,4,1.2485995781321,12.4299789084125,0.614061854965109,2.97961364646012,0.133866578354386,0.327226793861843,0.0698343243123335,9.87536534398794
"ATPS",0.0308234113712375,0.75948515141162,0.855344294862381,0.95830254072368,4,1.248756501936,12.4378251116544,0.615479650913448,2.96584481770016,0.133840333959597,0.32527172937228,0.0690031304994747,9.89787866094563
"ATPS",0.0306876254180602,0.75613940184593,0.853892789778177,0.956676317203606,4,1.24891251293276,12.4456256465638,0.616896540126338,2.95205021072645,0.133813503791743,0.323307665634708,0.0681762285745544,9.92036930936837
"ATPS",0.0305518394648829,0.75279365228024,0.852408642102212,0.95501352188571,4,1.24906755530325,12.4533777725706,0.618312054352861,2.93823429147493,0.133786093896723,0.32133527022767,0.0673538661251701,9.94282984206846
"ATPS",0.0304160535117057,0.74944790271455,0.850891857817022,0.953314161472649,4,1.24922149140904,12.4610745453939,0.619725354530502,2.92440313983621,0.133758156630521,0.319355299827213,0.066536322085531,9.96524676674825
"ATPS",0.0302802675585284,0.74610215314886,0.84934242904549,0.951578227139132,4,1.24937431780531,12.4687158899213,0.621136316704559,2.91055868650893,0.13372963313738,0.317368193144521,0.06572373366839,9.98761803168211
"ATPS",0.0301444816053512,0.742756403583171,0.847760403809593,0.949805772687567,4,1.24952593692166,12.4762968480776,0.622544336787536,2.89670545022083,0.133700536906386,0.315374591110134,0.0649163368208292,10.0099338148206
"ATPS",0.0300086956521739,0.739410654017481,0.846145780312045,0.947996796104329,4,1.24967639586846,12.4838198062925,0.623949406686046,2.8828456752188,0.13367087376767,0.313374923826109,0.0641142284162768,10.0321942994614
"ATPS",0.0298729096989967,0.736064904451791,0.844492525996661,0.946144538691248,4,1.2498260062531,12.4913003126591,0.625355633203346,2.86893339473177,0.133640490709568,0.311362490924921,0.063314755807355,10.0544635736221
"ATPS",0.0297371237458194,0.732719154886101,0.842819045432043,0.944269620384599,4,1.24997315361357,12.4986576806786,0.626747276931146,2.85512677070517,0.133609765236592,0.309360238613797,0.0625268240097329,10.0764931591119
"ATPS",0.0296013377926421,0.729373405320411,0.841107037409726,0.94235153704976,4,1.25011945119677,12.5059725599386,0.628139672793204,2.84127352022936,0.13357834803936,0.307346154317509,0.0617417956598678,10.0985254624788
"ATPS",0.0294655518394649,0.726027655754721,0.8393627160813,0.940397250839038,4,1.25026427245924,12.5132136261777,0.629527172154006,2.82742846573254,0.133546328640327,0.305328303818301,0.0609627054235475,10.1204708878544
"ATPS",0.0293297658862876,0.722681906189031,0.837586140739079,0.938406828181795,4,1.2504076068328,12.5203803335636,0.630909604092038,2.81359365968293,0.133513719824831,0.303307025809748,0.0601896445028009,10.1423267399245
"ATPS",0.0291939799331104,0.719336156623341,0.835777431158818,0.936380403271258,4,1.25054937732662,12.5274688367106,0.632286491346684,2.79977273492523,0.133480490694341,0.301282909077142,0.0594227567870075,10.1640853189057
"ATPS",0.0290581939799331,0.715990407057651,0.833936675702651,0.934318075105756,4,1.25068955260811,12.5344776300234,0.633657555068796,2.78596843869658,0.133446648445843,0.299256405379576,0.0586621329645562,10.1857422436248
"ATPS",0.0289224080267559,0.712644657491961,0.832064005628243,0.93221999074251,4,1.25082804819307,12.5414024098453,0.635022357721508,2.7721834351351,0.133412196147767,0.29722794802733,0.0579078669565988,10.2072902703933
"ATPS",0.0287866220735786,0.709298907926271,0.830159548786784,0.930086293422225,4,1.25096498111184,12.5482490549806,0.636381136235778,2.75841943054939,0.133377129553578,0.295197955206785,0.0571600148269549,10.228733813587
"ATPS",0.0286508361204013,0.705953158360581,0.828223394118625,0.92791708279105,4,1.25110011423133,12.5550057114974,0.637732855533247,2.74468109126259,0.133341393535506,0.293167050416465,0.0564187117096146,10.2500558026688
"ATPS",0.0285150501672241,0.702607408794891,0.826255717127727,0.925712555478449,4,1.25123355477979,12.5616777394799,0.639077940199669,2.73096710951304,0.133305026389533,0.291135224978778,0.0556839517556362,10.2712630368498
"ATPS",0.0283792642140468,0.699261659229201,0.824256652457535,0.923472862334972,4,1.25136510535016,12.5682552565935,0.640415267355862,2.71728497523987,0.133268049976007,0.289103471033056,0.0549558542843052,10.2923376659279
"ATPS",0.0282434782608696,0.695915909663511,0.822226326752176,0.921198145248964,4,1.2514950443546,12.5747522358991,0.641745979760917,2.70363051071424,0.133230358545335,0.287071632106587,0.0542343484193371,10.3132985176602
"ATPS",0.0281076923076923,0.692570160097821,0.820164952858654,0.918888642687939,4,1.25162304482911,12.5811522143276,0.64306849171439,2.69001206910256,0.133192126010679,0.285040450774678,0.0535196799243156,10.3341198341834
"ATPS",0.027971906354515,0.689224410532131,0.818072621508674,0.916544456305022,4,1.25174922962459,12.5874614756629,0.644383485321018,2.6764258052489,0.133153096220942,0.283010002119533,0.0528116953080579,10.3548121889259
"ATPS",0.0278361204013378,0.685878660966441,0.815949555154787,0.914165835329497,4,1.25187353550412,12.5936767780652,0.645690296727441,2.6628777980839,0.133113559204476,0.280980794881565,0.0521105061421857,10.3753658596481
"ATPS",0.0277003344481605,0.682532911400751,0.81379589640973,0.911752939540474,4,1.25199592002595,12.5997960014857,0.646988864387411,2.64936776045218,0.133073225547893,0.278953252885823,0.0514161026315694,10.3957791102272
"ATPS",0.0275645484949833,0.679187161835061,0.811611837565094,0.90930598437578,4,1.25211625156706,12.6058125784541,0.648278586309645,2.63589855229134,0.133032152501674,0.276927580654289,0.0507286674272938,10.4160421186996
"ATPS",0.027428762541806,0.675841412269371,0.809397560615582,0.906825173736919,4,1.25223479572507,12.6117397801693,0.649560194929334,2.62247071927896,0.132990527915502,0.27490406481369,0.0500479563672535,10.4361680774832
"ATPS",0.0272929765886288,0.672495662703681,0.807153256301829,0.904310721324078,4,1.25235144064322,12.6175720405029,0.650833149447125,2.60908708358707,0.132948251088624,0.272883120557933,0.0493741618786635,10.4561483975423
"ATPS",0.0271571906354515,0.669149913137992,0.804879093881213,0.901762816768234,4,1.25246613760901,12.6233068805151,0.65209741918425,2.59574673577692,0.132905203273266,0.270865053878599,0.0487070662866066,10.4759814391455
"ATPS",0.0270214046822742,0.665804163572302,0.802575294590134,0.899181707936131,4,1.25257870541385,12.6289352755286,0.653352098949182,2.58245426683942,0.132861545056162,0.268850040876661,0.0480469286790753,10.4956530157968
"ATPS",0.026885618729097,0.662458414006612,0.800242049451624,0.896567608844343,4,1.25268944012713,12.6344720062812,0.654598306301006,2.56920698495039,0.132817092435488,0.266838309571271,0.0473936316074427,10.5151814246841
"ATPS",0.0267498327759197,0.659112664440922,0.79787956110973,0.89392074652929,4,1.25279807114857,12.639903557446,0.655834765554112,2.55601071220897,0.132772029670705,0.264830336110006,0.0467471931340315,10.5345465454347
"ATPS",0.0266140468227425,0.655766914875232,0.7954880354333,0.891241351640361,4,1.25290467035693,12.6452335162414,0.657061900142939,2.54286324043981,0.132726144663079,0.262826258894299,0.0461075983475943,10.553754466253
"ATPS",0.0264782608695652,0.652421165309542,0.793067710186471,0.888529690561489,4,1.25300930456999,12.6504652250192,0.658279495366695,2.52976955059266,0.132679683215422,0.2608265817282,0.0454748074636341,10.5728035490842
"ATPS",0.026342474916388,0.649075415743852,0.790618706117945,0.88578589857596,4,1.2531119140528,12.6555957027128,0.659487816636233,2.51672440089307,0.132632417958579,0.258830964353583,0.0448487596361742,10.5916960041264
"ATPS",0.0262066889632107,0.645729666178162,0.788141329110051,0.883010318385323,4,1.25321238238129,12.6606191192673,0.660686006121904,2.50373445067857,0.13258441407343,0.256840079110094,0.0442296151717741,10.61041905849
"ATPS",0.0260709030100334,0.642383916612472,0.785635765245269,0.880203158470902,4,1.25331091095409,12.6655455477005,0.66187473285376,2.49079814534799,0.132535874174223,0.254854001983303,0.0436170308131487,10.628984616661
"ATPS",0.0259351170568562,0.639038167046782,0.783102232400935,0.877364662936045,4,1.25340737177587,12.6703685884853,0.663053488682927,2.47791795615567,0.132486449866416,0.25287325329353,0.0430112683326927,10.6473838126311
"ATPS",0.0257993311036789,0.635692417481092,0.780540951156328,0.874495078911276,4,1.2535018088434,12.6750904420868,0.664222270436335,2.46509543943128,0.132436356216426,0.250897878588778,0.042412248034238,10.6656172250265
"ATPS",0.0256635451505017,0.632346667915402,0.777952141301229,0.871594652642587,4,1.25359419021868,12.6797095116299,0.665381309363815,2.45232647062094,0.132385569027263,0.24892759146845,0.0418198041064261,10.6836872225792
"ATPS",0.0255277591973244,0.629000918349712,0.775336031188189,0.868663639969447,4,1.25368451239105,12.684225620098,0.666530263911424,2.43961523384201,0.13233406304944,0.246962978536694,0.0412339978743361,10.7015895124775
"ATPS",0.0238983277591973,0.588851923561432,0.741895722986209,0.831198104155362,4,1.2546094566281,12.7304728319413,0.679520654395638,2.29178432360097,0.131660107418584,0.223887829271637,0.034706097408736,10.9032232307398
"ATPS",0.0406,1.0003791201413,0.892561824114756,0.999999963686848,4,1.24109878831536,12.0549394158297,0.550016645943612,3.58217021954537,0.133129566192248,0.407488605847348,0.112943322766019,8.85339224511022
"ATPS",0.0426,1.04965887975417,0.892167766116401,0.999558472718492,4,1.24088147418042,12.0440737097766,0.547753198367293,3.6052642497457,0.132566532749578,0.410596425315215,0.114961271739606,8.81752653110538
"ATPS",0.0446,1.09893863936704,0.89125438050861,0.998535142401258,4,1.24078379630197,12.0391898131564,0.546546607801491,3.6183121757921,0.13210603098124,0.41243106362714,0.116137234862332,8.79852214045666
"ATPS",0.0466,1.14821839897991,0.890047777845261,0.997183300336166,4,1.2407393158322,12.0369657879798,0.545853383509124,3.62628265212195,0.131739619579834,0.413602383098629,0.116876125925841,8.78767674537986
"ATPS",0.0486,1.19749815859278,0.888662318436678,0.995631072444673,4,1.24071994210725,12.0359971105325,0.545428603018954,3.63148840749819,0.131447005193347,0.414400404060584,0.117371507650634,8.78108055941659
"ATPS",0.0506,1.24677791820566,0.887160581363928,0.993948570484983,4,1.24071308922623,12.0356544598163,0.545154773928894,3.63507444094895,0.131210286094613,0.414972440009208,0.11772123751749,8.77686375229493
"ATPS",0.0526,1.29605767781853,0.885579305292297,0.992176955374985,4,1.2407128209649,12.0356407142005,0.544971702487472,3.63764793602904,0.131015920308395,0.415398811309307,0.117978221439696,8.77407147104914
"ATPS",0.0546,1.3453374374314,0.883941334366102,0.990341821020745,4,1.24071608462665,12.0358042395094,0.544845181495387,3.63956836541343,0.130853837865117,0.415728270460127,0.118174048821651,8.77216374567239
"ATPS",0.0566,1.39461719704427,0.882261585414836,0.988459879798427,4,1.24072094947786,12.0360474873207,0.544755896111101,3.64102759224052,0.130717160330182,0.415987344925317,0.118326425369457,8.77083309646515
"ATPS",0.0586,1.44389695665714,0.880550185525798,0.986542477798192,4,1.2407261184785,12.0363059051611,0.544688434555222,3.64219141910623,0.130600130249671,0.416199229853638,0.118449713559134,8.76983698967186
"ATPS",0.0606,1.49317671627002,0.878814244090617,0.984597580172903,4,1.24073376438808,12.0366882161033,0.54464698996059,3.64309077037216,0.130498847309454,0.416371107264867,0.118547679027189,8.76925419318995
"ATPS",0.0626,1.54245647588289,0.877058900367025,0.982630944795471,4,1.24073620799007,12.0368103907216,0.544598076210363,3.64387857456927,0.130410975758102,0.416518726184005,0.118633689527333,8.7685212102471
"ATPS",0.0646,1.59173623549576,0.875287949109385,0.980646823196849,4,1.24074528319709,12.037264212271,0.544582165019096,3.64447720064407,0.130333440847408,0.416640924136277,0.118701054839527,8.7683382658462
"ATPS",0.0666,1.64101599510863,0.873504266253263,0.978648437490492,4,1.24074820066421,12.0374100333107,0.544552403601172,3.64501469964512,0.130264328285169,0.416747140741759,0.118762533561915,8.76790079143906
"ATPS",0.0686,1.6902957547215,0.87171005897175,0.976638260528085,4,1.24075141669319,12.0375708346825,0.544529900880742,3.64546229508708,0.130203189997748,0.416839436190281,0.118813788759737,8.76757548766639
"ATPS",0.0706,1.73957551433437,0.869907048233844,0.974618220432576,4,1.24075971335342,12.0379857938075,0.544528856560568,3.64582042703674,0.130147633555365,0.416918751486664,0.118856860702523,8.7676137457438
"ATPS",0.0726,1.78885527394725,0.868096613125973,0.972589862291755,4,1.24076451449036,12.038225723737,0.544518136250293,3.64616761531312,0.13009815300691,0.416992984647732,0.118895635135335,8.76748196815907
"ATPS",0.0746,1.83813503356012,0.866279837928763,0.970554400901684,4,1.24077629613848,12.0388148172877,0.544546677450159,3.64624897367212,0.130054171376621,0.417034161369587,0.118914814554253,8.76799136488767
"ATPS",0.0766,1.88741479317299,0.864457611909208,0.968512832570894,4,1.24078822472169,12.0394117055164,0.544567808444821,3.64644766188686,0.130011196904706,0.417090483010624,0.118939434315841,8.76839449204748
"ATPS",0.0786,1.93669455278586,0.86263070992824,0.96646602543074,4,1.24079294075608,12.0396470346421,0.544571505870957,3.6465855943792,0.129975160204569,0.417130054131702,0.118960842861821,8.76847835319356
"ATPS",0.0806,1.98597431239873,0.860799654946254,0.964414565390635,4,1.24081732216154,12.0408661131818,0.544653600341628,3.64643687792279,0.129939377239091,0.417147464266569,0.118956416017277,8.76989448836844
"ATPS",0.0826,2.03525407201161,0.858965032594802,0.962359108574912,4,1.240829488985,12.0414744519683,0.544677339799809,3.64661208642803,0.129904227030056,0.417193948662913,0.118978981235758,8.77034086999221
"ATPS",0.0846,2.08453383162448,0.85712718966494,0.960300043518049,4,1.24085288237044,12.0426440930022,0.54476024038005,3.64640838124358,0.129875521681955,0.417201182840584,0.118967295426299,8.77176229320221
"ATPS",0.0866,2.13381359123735,0.855286524852522,0.958237816907132,4,1.24087705792031,12.043852962811,0.544837396621885,3.64632368363513,0.129848371746649,0.417222194510663,0.118962631430207,8.77310486888157
"ATPS",0.0886,2.18309335085022,0.85344334081968,0.956172767835895,4,1.24090145674288,12.0450729004138,0.544915280903915,3.64623429978813,0.129826517345896,0.417236748156678,0.118958380267872,8.77446128388699
"ATPS",0.0906,2.23237311046309,0.851597831005004,0.954105113027232,4,1.24092830161673,12.0464150844393,0.545028446459288,3.64574981231418,0.129796338568412,0.417213760757453,0.118927168261027,8.77636299784667
"ATPS",0.0926,2.28165287007596,0.849750258246709,0.952035146957335,4,1.24096537192754,12.048268763783,0.545152886572769,3.64553589047058,0.12977499181354,0.417221745906513,0.11890857067467,8.77851779399332
"ATPS",0.0946,2.33093262968884,0.847900875618203,0.94996315316219,4,1.24099412587148,12.0497062881883,0.545268550549563,3.64509626732984,0.129751804755513,0.417197222343325,0.118881644264239,8.78047097545165
"ATPS",0.0966,2.38021238930171,0.846050080455364,0.947889576805206,4,1.24099915275311,12.0499576367405,0.545303351184876,3.64481019488363,0.12972898103265,0.417178794606834,0.118868172002616,8.78102219658655
"ATPS",0.0986,2.42949214891458,0.844197852199274,0.945814394852777,4,1.24100819557959,12.0504098226022,0.5453014012948,3.64519602352944,0.129725609163201,0.417234652094147,0.118888035401243,8.78107645009773
"ATPS",0.1006,2.47877190852745,0.842344489619643,0.943737942037682,4,1.24099001162493,12.0495006069131,0.545237745838613,3.64535226761291,0.129697679518794,0.417260001033041,0.118914327638844,8.77996417480392
"ATPS",0.1046,2.57733142775319,0.83863373032971,0.939580516686375,4,1.24100382773304,12.0501913629644,0.54528190553202,3.64529230194066,0.129667126782899,0.417273899445862,0.118917172707874,8.78073467262196
"ATPS",0.1066,2.62661118736607,0.836776508150475,0.937499739689627,4,1.24102168043981,12.0510840014811,0.545391355891669,3.64447747650379,0.129651684106298,0.417212865192304,0.118847082171432,8.78250157711568
"ATPS",0.1086,2.67589094697894,0.834918617043477,0.935418213245927,4,1.24102594740523,12.0512973703518,0.545401033900407,3.64451904907721,0.129639046547617,0.41721613515354,0.118867911427521,8.78267518348024
"ATPS",0.1106,2.72517070659181,0.833059826808508,0.933335679445745,4,1.24102638403082,12.0513192586369,0.545417259478318,3.64431542592443,0.129614307897043,0.41721032704396,0.118857460466882,8.78291330791437
"ATPS",0.1126,2.77445046620468,0.831201204121903,0.931253333361814,4,1.24093650689364,12.0468254009215,0.545054214609833,3.64573007457935,0.129589613896693,0.417339317366601,0.118993872007948,8.77674913358089
"ATPS",0.1146,2.82373022581755,0.829339924409048,0.929168010423974,4,1.241039092346,12.0519544325433,0.545439755207629,3.64453567659817,0.12958446502753,0.417278563882153,0.118862690214659,8.78334931770627
"ATPS",0.1166,2.87300998543042,0.827479837317568,0.927084023663976,4,1.24095442451985,12.0477211640175,0.54510963169065,3.64564013636264,0.129598844167517,0.417308127588471,0.119000837209734,8.77773593027188
"ATPS",0.1206,2.97156950465617,0.823754971520297,0.922910793797571,4,1.24103793164742,12.0518965785622,0.545479212825841,3.64386449590842,0.129584034605081,0.417196885875842,0.118815841053345,8.78392612079847
"ATPS",0.1226,3.02084926426904,0.821889689258041,0.920820986521339,4,1.24119869358673,12.0599346363463,0.546062442009545,3.64237951680507,0.129527196583478,0.41711947310253,0.118718797263738,8.79394049697237
"ATPS",0.1246,3.07012902388191,0.820025306348695,0.918732186853604,4,1.24125550701601,12.06277571744,0.546243400984088,3.64219863106847,0.129528145700281,0.41707536124753,0.118741907395036,8.79709517745735
"ATPS",0.1306,3.21796830272053,0.814359639341009,0.912384540507013,4,1.24253992733129,12.1269962347711,0.551321202662618,3.62391345401848,0.129449712654224,0.415699652141491,0.117125214975688,8.88335848466825
"ATPS",0.1326,3.2672480623334,0.81254369761868,0.910350012917636,4,1.24186649761767,12.0933244760173,0.548658955247892,3.63352752457908,0.129448783187905,0.416487568905642,0.117949961562202,8.83811422064601
"ATPS",0.1346,3.31652782194627,0.810666123055304,0.908246433709487,4,1.24207141257101,12.1035708202482,0.549447967775275,3.63091152846467,0.129421181884951,0.416314370423956,0.117712607971184,8.85157965843045
"ATPS",0.1366,3.36580758155914,0.808786280923094,0.906140313984042,4,1.2422788353306,12.1139421199878,0.550212232311844,3.62874587669197,0.129429428449927,0.416145475866882,0.117528522748085,8.86467591205922
"ATPS",0.1526,3.76004565846212,0.793501008504862,0.889015145227989,4,1.24479931758739,12.2399658562974,0.560230837254312,3.59202267275282,0.129305874138958,0.413161015822314,0.114434038992672,9.03478765462284
"ATPS",0.1546,3.80932541807499,0.791548158404932,0.886827229527076,4,1.24520526722172,12.2602633956743,0.561812708753111,3.58654111877654,0.129300076153573,0.41271395235202,0.113969948710083,9.06173092448804
"ATPS",0.1606,3.9571646969136,0.786036948493919,0.880652632359704,4,1.2447503400903,12.2375171045945,0.5602020183617,3.59034824787797,0.129274646785666,0.412963507886071,0.11434489625744,9.03393439693237
"AAS",0.2077,0.999898103911932,0.892561847726626,0.99999999014089,4,1.24109738834793,12.0548694090155,0.550028159305823,3.58189466601586,0.133131912366044,0.407454240024499,0.112920854772968,8.85361081558433
"AAS",0.207005351170569,0.996553963096173,0.892556063824547,0.999993510027455,4,1.24096747461335,12.048373731185,0.549607548535631,3.58065423056801,0.133053539249895,0.4073593771617,0.112856397154106,8.84812975167096
"AAS",0.206310702341137,0.993209822280414,0.892539230355427,0.99997465030474,4,1.24083590154703,12.0417950221254,0.549182685707303,3.57939351835131,0.132974195290405,0.407262768632168,0.112790934187431,8.84258316371356
"AAS",0.205616053511706,0.989865681464655,0.892511173215468,0.999943215911982,4,1.24070266434112,12.0351332433041,0.548753570196515,3.57811375198221,0.132893913367717,0.407164505791599,0.112724555735183,8.8369697328524
"AAS",0.204921404682274,0.986521540648896,0.89247172054408,0.99989901430164,4,1.2405678005381,12.0283899738457,0.548320330636656,3.57681430578488,0.132812688047297,0.407064544849285,0.112657211006145,8.83129176318446
"AAS",0.204226755852843,0.983177399833137,0.892420690903414,0.999841842196096,4,1.24043123527981,12.0215617639907,0.547882768940066,3.57549500698578,0.132730509784429,0.406962851414862,0.112588910522713,8.82554581775663
"AAS",0.203532107023411,0.979833259017378,0.892357906314297,0.999771500192729,4,1.24029298833096,12.0146493991619,0.547440980316795,3.57415509663272,0.132647347204157,0.406859378002931,0.112519595800983,8.81973352918146
"AAS",0.20283745819398,0.97648911820162,0.892283182149421,0.999687781440544,4,1.2401530282822,12.007651380118,0.546994883772927,3.57279433732211,0.132563201058658,0.40675409328352,0.112449255577643,8.81385356620509
"AAS",0.202142809364548,0.97314497738586,0.892196332298002,0.999590477426505,4,1.2400113110078,12.0005655167802,0.546544343443068,3.57141275470924,0.132478060713313,0.406646992271062,0.112377909154971,8.80790361261078
"AAS",0.201448160535117,0.969800836570102,0.892097167933042,0.999479376594405,4,1.23986781791206,11.9933907485791,0.546089338426379,3.57000967753542,0.132391900021368,0.406538022563675,0.112305515384655,8.80188326884054
"AAS",0.200753511705686,0.966456695754343,0.89198549305721,0.999354259354613,4,1.23972249704137,11.9861248604568,0.545629742031228,3.56858494696264,0.132304705118115,0.406427167627285,0.112232070208191,8.7957903824516
"AAS",0.200058862876254,0.963112554938584,0.891861118043356,0.999214913254458,4,1.23957536963622,11.9787684183397,0.545165610320224,3.56713812841884,0.132216473371337,0.406314387493512,0.112157549324196,8.78962599873664
"AAS",0.199364214046823,0.959768414122825,0.891723839462067,0.999061110377621,4,1.23942637621275,11.9713188101345,0.54469684208771,3.56566839674734,0.132127172795257,0.406199605484782,0.112081903701215,8.78338824833081
"AAS",0.198669565217391,0.956424273307066,0.891573459298549,0.998892628874162,4,1.23927549361794,11.9637746797052,0.544223327571124,3.56417607602504,0.132036801343746,0.406082852782942,0.112005167146291,8.7770753789767
"AAS",0.19797491638796,0.953080132491307,0.89140977195301,0.998709238396133,4,1.23912271365861,11.956135741151,0.54374510718604,3.56266023633628,0.131945341770557,0.405964044161514,0.111927277968907,8.7706880599746
"AAS",0.197280267558528,0.949735991675548,0.891232570575403,0.998510707194837,4,1.23896797251746,11.9483986237094,0.543261977619332,3.56112088587419,0.131852773169494,0.40584317685051,0.111848253003797,8.76422276189295
"AAS",0.196585618729097,0.946391850859789,0.891041645901087,0.998296800816338,4,1.23881129019963,11.9405643876709,0.542774045181812,3.5595572688084,0.131759083982894,0.405720194387606,0.111768038852429,8.75768138598928
"AAS",0.195890969899666,0.94304771004403,0.890836780536315,0.998067275699088,4,1.23865258146764,11.9326290361932,0.542281070941427,3.55796934839789,0.131664261371249,0.405595075910295,0.111686644391354,8.75105978432929
"AAS",0.195196321070234,0.939703569228271,0.890617760643991,0.997821892266307,4,1.23849186326333,11.9245930681093,0.541783157913813,3.55635598783701,0.131568276198641,0.405467725970523,0.111604005598405,8.74435967309632
"AAS",0.194501672240803,0.936359428412512,0.890384364151727,0.997560401714635,4,1.23832905017785,11.9164526708909,0.541280015677187,3.55471802412161,0.13147112607964,0.405338221028917,0.111520188529391,8.73757619544431
"AAS",0.193807023411371,0.933015287596753,0.890136375658618,0.997282562715248,4,1.23816420152685,11.9082099151279,0.540771890981312,3.55305357593973,0.131372789780493,0.405206386782,0.111435063230696,8.7307134732778
"AAS",0.19311237458194,0.929671146780994,0.889873559237772,0.996988110942607,4,1.23799718899229,11.8998594469602,0.540258384016121,3.55136373837874,0.131273257051036,0.405072326610783,0.111348723407802,8.72376477331994
"AAS",0.192417725752508,0.926327005965235,0.889595694169719,0.996676799109123,4,1.23782806942068,11.8914033160776,0.539739762284163,3.54964633863317,0.131172500404746,0.404935834225274,0.111261019601291,8.71673449716887
"AAS",0.191723076923077,0.922982865149476,0.889302541498498,0.996348359495579,4,1.23765669730267,11.8828348651756,0.539215546693713,3.54790256303492,0.131070496249508,0.404797024598061,0.111172058045888,8.70961446650965
"AAS",0.191028428093645,0.919638724333717,0.88899387090893,0.996002534063638,4,1.23748315563743,11.8741580468303,0.538686075595916,3.54613072894546,0.130967245800014,0.40465574005,0.111081715822487,8.70241055326844
"AAS",0.190333779264214,0.916294583517958,0.888669444993455,0.995639056828863,4,1.23730736199019,11.8653681311732,0.538151030347696,3.54433134301423,0.130862728667617,0.404512027233434,0.110990047654823,8.69511729160908
"AAS",0.189639130434783,0.912950442702199,0.888329018930737,0.995257653500648,4,1.23712930083903,11.8564650452898,0.537610497248079,3.54250300960828,0.130756919360979,0.404365757056032,0.11089696153014,8.68773605876665
"AAS",0.188944481605351,0.90960630188644,0.887972349400127,0.994858051469705,4,1.23694891325732,11.8474458062296,0.537064294942033,3.54064573492594,0.130649799043167,0.404216931824882,0.110802470013356,8.6802637367871
"AAS",0.18824983277592,0.906262161070681,0.887599193190255,0.994439978249184,4,1.23676619517103,11.8383097618883,0.536512390907682,3.53875931271561,0.130541362981648,0.404065530424825,0.110706569802106,8.67269985576018
"AAS",0.187555183946488,0.902918020254922,0.887209297194936,0.994003150266375,4,1.23658109203022,11.8290545771089,0.535954709722304,3.53684278614188,0.13043158140678,0.403911462586083,0.110609204587991,8.665042974123
"AAS",0.186860535117057,0.899573879439163,0.886802406615874,0.993547282052775,4,1.2363935663361,11.8196783300916,0.535391172414411,3.53489556544764,0.130320433061569,0.40375467033093,0.110510345159519,8.65729169803605
"AAS",0.186165886287625,0.896229738623404,0.886378267360077,0.993072088930085,4,1.23620359270729,11.8101796359692,0.534821643594009,3.53291830033663,0.130207911007795,0.403595234951089,0.11041004728985,8.64944391612381
"AAS",0.185471237458194,0.892885597807645,0.885936623222318,0.992577283853519,4,1.23601114455426,11.8005572264632,0.534246194865098,3.53090884586902,0.13009398785823,0.403432935535841,0.110308161798533,8.64150051942558
"AAS",0.184776588628763,0.889541456991886,0.88547721133352,0.992062572312308,4,1.23581618711815,11.7908093064417,0.533664673820753,3.52886774075101,0.129978656273464,0.403267812255362,0.110204761741218,8.63345908047045
"AAS",0.184081939799331,0.886197316176127,0.884999762466448,0.991527652672195,4,1.23561865993983,11.7809330078491,0.533076988629515,3.52679380768656,0.12986188473873,0.403099775586318,0.110099751391831,8.62531782363631
"AAS",0.1833872909699,0.882853175360368,0.88450401652963,0.990972233534359,4,1.23541856819079,11.7709284104648,0.532483157308848,3.52468675966868,0.129743663060878,0.402928784587583,0.109993140577198,8.61707713805336
"AAS",0.182692642140468,0.879509034544609,0.883989699643936,0.990396008052692,4,1.23521585293522,11.7607925953695,0.531883005164004,3.52254653361786,0.129623972072763,0.402754847293262,0.109884924484636,8.60873404310325
"AAS",0.181997993311037,0.87616489372885,0.883456548010888,0.989798680675156,4,1.23501046993347,11.7505234628412,0.531276488724081,3.52037195856366,0.129502780497302,0.402577846633461,0.109775038104938,8.6002875631962
"AAS",0.181303344481605,0.872820752913091,0.88290427689248,0.989179932389679,4,1.23480240547511,11.7401202473489,0.530663552885414,3.51816299985427,0.129380089677032,0.402397783300783,0.109663487760989,8.59173692980985
"AAS",0.180608695652174,0.869476612097332,0.882332609588659,0.988539453189676,4,1.23459159737416,11.7295798658815,0.530044083670456,3.51591865934308,0.129255852748777,0.402214562064167,0.109550224427726,8.58307997602835
"AAS",0.179914046822742,0.866132471281573,0.881741276617418,0.987876941155448,4,1.23437801990169,11.7189009694701,0.529417991034501,3.51363898040398,0.129130089372405,0.402028164011934,0.109435260195774,8.57431522167589
"AAS",0.179219397993311,0.862788330465815,0.881129989264085,0.987192072819587,4,1.23416163652925,11.7080818230902,0.528785266859053,3.51132256109678,0.129002740630268,0.401838495227856,0.109318499045252,8.56544233856057
"AAS",0.17852474916388,0.859444189650055,0.880498468827895,0.986484535933967,4,1.23394243199068,11.6971215936094,0.528145867709225,3.50896920736578,0.1288738129404,0.401645509144984,0.10919994897816,8.55646064422652
"AAS",0.177830100334448,0.856100048834297,0.879846421927584,0.985754001802866,4,1.23372032361087,11.6860163667233,0.527499583282476,3.50657855922029,0.128743271569548,0.40144918438891,0.109079600970465,8.54736643441
"AAS",0.177135451505017,0.852755908018538,0.879173576264039,0.985000165350384,4,1.23349533738643,11.6747669334587,0.526846516488172,3.50414975037355,0.128611110675266,0.401249437110067,0.10895739812996,8.53816143489294
"AAS",0.176440802675585,0.849411767202779,0.878479634243832,0.984222693161613,4,1.23326739065392,11.6633695407628,0.526186444201267,3.50168271959713,0.128477302674792,0.401046279250002,0.10883334183119,8.52884179099727
"AAS",0.175746153846154,0.84606762638702,0.877764310088365,0.983421265058634,4,1.23303644262722,11.6518219822815,0.525519360972249,3.49917562863727,0.128341826777269,0.400839466537365,0.108707356504756,8.51940709388145
"AAS",0.175051505016722,0.842723485571261,0.877027301816908,0.982595542711137,4,1.23280245877494,11.6401228109115,0.524845112446978,3.49662935466844,0.128204666388443,0.400629157845501,0.108579476311738,8.50985494190269
"AAS",0.174356856187291,0.839379344755502,0.876268327619907,0.981745210388004,4,1.23256544315955,11.6282720589652,0.524163801896694,3.49404240200328,0.128065803676957,0.400415180281179,0.108449623377208,8.50018692091776
"AAS",0.17366220735786,0.836035203939743,0.875487088862942,0.980869933508029,4,1.23232527752333,11.616263861725,0.523475083531556,3.49141471260165,0.127925214654124,0.400197526112618,0.10831780977606,8.49039695430984
"AAS",0.172967558528428,0.832691063123984,0.874683298860954,0.979969390877723,4,1.23208201906844,11.6041009138168,0.522779178922749,3.48874532919322,0.127782882416168,0.399976119461218,0.108183974147332,8.48048887304615
"AAS",0.170883612040134,0.822658640676707,0.872133631152129,0.977112818316188,4,1.23133296948179,11.5666484733817,0.520646677978623,3.48048062140893,0.127345241756337,0.399288646980687,0.107770076908625,8.45002582193326
"AAS",0.170188963210702,0.819314499860948,0.871236657720626,0.976107875717595,4,1.23107678163607,11.5538390318383,0.519920773970597,3.47763857938639,0.127195753782503,0.399051624319918,0.107627880429264,8.43962262714498
"AAS",0.169494314381271,0.815970359045189,0.870315661630073,0.975076018839757,4,1.23081726280085,11.5408631876487,0.519187230635342,3.47475123856346,0.127044425571731,0.398810454894136,0.107483506641805,8.42909287511274
"AAS",0.168799665551839,0.81262621822943,0.869370331746965,0.974016899097864,4,1.23055438864294,11.5277194142732,0.51844591015972,3.47181920617425,0.126891240181804,0.398565243410127,0.10733698924804,8.41843436077498
"AAS",0.168105016722408,0.809282077413671,0.868400376473437,0.972930189794262,4,1.2302880717749,11.5144035975168,0.517696664990512,3.46884107958223,0.126736174156126,0.398315823681932,0.107188252663478,8.40764422336164
"AAS",0.167410367892977,0.805937936597912,0.867405512911437,0.971815573978309,4,1.23001836701557,11.5009182916965,0.516939677788808,3.46581637632436,0.126579226761486,0.398062174157257,0.107037254663531,8.39672564446088
"AAS",0.166715719063545,0.802593795782153,0.866385438032678,0.970672712146045,4,1.22974516994668,11.487258495603,0.516174711850137,3.46274421472607,0.126420359918799,0.397804186174646,0.106883972816267,8.38567431213204
"AAS",0.166021070234114,0.799249654966394,0.865339873439002,0.969501292388377,4,1.22946850470485,11.4734251658994,0.515401839345273,3.45962437235466,0.126259567425929,0.397541868581305,0.106728383108758,8.37449146972202
"AAS",0.165326421404682,0.795905514150635,0.864268514390271,0.968300973283435,4,1.22918825177799,11.4594129845551,0.514620791880973,3.45645611928439,0.126096830153492,0.397275105666026,0.106570473201995,8.36317229872189
"AAS",0.164631772575251,0.792561373334876,0.863171084862009,0.967071445581532,4,1.22890445836047,11.4452229117335,0.513831678345613,3.4532387298093,0.125932127740266,0.397003855521137,0.10641019109223,8.35171857445786
"AAS",0.163937123745819,0.789217232519117,0.862047303254892,0.965812393787082,4,1.22861707535634,11.4308537328289,0.513034471784797,3.4499715434002,0.125765450052909,0.396728050315,0.106247502647729,8.34012971028668
"AAS",0.163242474916388,0.785873091703358,0.860896876265291,0.964523489291344,4,1.22832600230335,11.4163001154135,0.512228882990076,3.44665415569323,0.125596769430559,0.396447622187508,0.106082413976184,8.32840054976825
"AAS",0.162547826086957,0.782528950887599,0.859719542095708,0.963204438784117,4,1.22803130976822,11.4015654571263,0.511415172319295,3.44328574490392,0.125426086293079,0.396162532891138,0.105914848601123,8.31653550492925
"AAS",0.161853177257525,0.77918481007184,0.858515011891354,0.961854918641007,4,1.2277328847107,11.3866442205976,0.510593044055017,3.43986583175868,0.125253368366734,0.395872700188417,0.105744816015876,8.30452928527985
"AAS",0.161158528428094,0.775840669256081,0.857283011687948,0.960474621920507,4,1.22743068868246,11.3715344342313,0.509762419350733,3.43639387055639,0.125078602543048,0.395578072982187,0.105572283310589,8.2923803955318
"AAS",0.160463879598662,0.772496528440322,0.856023289872168,0.959063266722469,4,1.22712476416494,11.3562380963962,0.508923483842677,3.43286893337819,0.124901788790526,0.395278555941053,0.105397201658926,8.28009188788156
"AAS",0.159769230769231,0.769152387624563,0.854735566448179,0.957620539347808,4,1.22681503757037,11.3407518785368,0.50807607549251,3.42929049578695,0.124722907655227,0.394974101031519,0.105219541532701,8.26766082281627
"AAS",0.143792307692308,0.692237148862107,0.816877974172427,0.915206008636089,4,1.21858874294702,10.9294371454771,0.486178128077459,3.33101999587509,0.120012770328975,0.386479993840221,0.100369773865933,7.94080133105309
"AAS",0.143097658862876,0.688893008046348,0.814856568233324,0.912941284993327,4,1.21818161378715,10.9090806666867,0.485120681780975,3.32600678535791,0.119781498575426,0.386040602294388,0.100123681085885,7.92477824342352
"AAS",0.142403010033445,0.685548867230589,0.812802965233228,0.910640488712285,4,1.21777013868015,10.8885069339696,0.484053967303827,3.32093024073032,0.119548044854916,0.385595021734311,0.0998746721095961,7.90859412777132
"AAS",0.141708361204013,0.68220472641483,0.810717126367594,0.908303576317495,4,1.21735471476463,10.8677357391487,0.482979516759351,3.31578558584489,0.119312348662471,0.385142965551841,0.0996223473737627,7.89227472111655
"AAS",0.138929765886288,0.668828163151794,0.802051102507365,0.898594418574686,4,1.21565101425831,10.7825507121379,0.478594653240988,3.29456028801094,0.118347703958681,0.383272192566168,0.0985827782146089,7.82547654304044
"AAS",0.138235117056856,0.665484022336035,0.799803944510394,0.896076768979267,4,1.21521474906787,10.7607374527814,0.47747739308253,3.28908966755843,0.118101093147961,0.382788567309094,0.0983151734427173,7.80840802009196
"AAS",0.136845819397993,0.658795740704517,0.795213047187761,0.890933262914042,4,1.21432989077117,10.716494554581,0.47521794091802,3.27795132374598,0.117601402351946,0.381802159260993,0.0977707390380608,7.77383232431667
"AAS",0.13545652173913,0.652107459072999,0.790493736250004,0.885645886018817,4,1.21342860556195,10.6714302681618,0.472925543277219,3.26654713419755,0.11709322452807,0.380789582757369,0.0972138977570278,7.73867523960489
"AAS",0.134067224080268,0.645419177441481,0.785646628514618,0.880215329357737,4,1.21251116345278,10.6255581754159,0.470600992549443,3.25487913022425,0.116576568343071,0.379751158617312,0.0966447946096908,7.70294897883517
"AAS",0.129899331103679,0.625354332546928,0.770347451951997,0.86307458280807,4,1.20966333343613,10.4831666497008,0.463440031954695,3.21828616213113,0.114977286345981,0.376478068247767,0.0948640547724927,7.59243526493358
"AAS",0.129204682274247,0.622010191731168,0.767688564750691,0.86009564394589,4,1.20917501655661,10.4587508325586,0.462219994672413,3.21195716196544,0.114703718804764,0.375909505487334,0.0945567286739285,7.57354136934026
"AAS",0.128510033444816,0.61866605091541,0.764998976668535,0.857082308721569,4,1.20868291376101,10.4341456875535,0.460992823875735,3.20556153436788,0.114428241403313,0.375334205423708,0.094246303372076,7.55451894983737
"AAS",0.127815384615385,0.615321910099651,0.762278885101154,0.85403479829135,4,1.20818703597215,10.4093517980707,0.45975840401759,3.19910190573808,0.114150745908691,0.37475257683115,0.0939329783868527,7.53536604206675
"AAS",0.127120735785953,0.611977769283892,0.759528519424021,0.85095336964075,4,1.20768738595103,10.3843692750001,0.458516866023311,3.19257641760885,0.113871349305163,0.374164158256964,0.0936167330663186,7.51608455162974
"AAS",0.126426086956522,0.608633628468133,0.75674800069251,0.847838158396645,4,1.2071838825888,10.3591941195804,0.457267994570624,3.18598466246363,0.113590067925196,0.373569017459098,0.0932973647657855,7.49667068107605
"AAS",0.12573143812709,0.605289487652374,0.753937641771188,0.844689515083274,4,1.20667687828224,10.3338439183786,0.456012672147831,3.17932982972204,0.113306960482325,0.372967456297594,0.0929752268914483,7.47713957456907
"AAS",0.123647491638796,0.595257065205097,0.745329654208633,0.835045379498034,4,1.20513379846409,10.2566898976215,0.452205473138814,3.15897707818151,0.11244653302636,0.371122921962957,0.091991301369638,7.41779727015663
"AAS",0.122258193979933,0.588568783573579,0.739446046069011,0.828453558330009,4,1.20408743056665,10.204371529185,0.449635139519699,3.14508806882352,0.111863898107854,0.36986027113952,0.0913210174106147,7.37764727835471
"AAS",0.0986401337792642,0.474867995837774,0.624040422791951,0.699156499046998,4,1.18442383184562,9.22119159106619,0.402712417302338,2.87276046237651,0.101047019103812,0.344471840369212,0.0784000149812848,6.63475278570258
"AAS",0.095166889632107,0.458147291758979,0.605040584395602,0.677869640038382,4,1.18128126921871,9.06406349986145,0.395415970023214,2.82742308365664,0.0993383624272946,0.340130283891984,0.0762962024735954,6.5178880140538
"AAS",0.0944722408026756,0.45480315094322,0.601190620976104,0.673556254482695,4,1.18063522780066,9.03176138512979,0.39390411614294,2.81834742745502,0.0989929448342461,0.339257502678088,0.0758808164228493,6.49360729454144
"AAS",0.0937775919732441,0.451459010127461,0.597324678402633,0.669224966353808,4,1.1799968075139,8.99984037156835,0.392427518152802,2.80909610412336,0.0986472262508906,0.33836629743412,0.075454365082563,6.46990727068586
"AAS",0.0930829431438127,0.448114869311702,0.593442995820575,0.664876043583161,4,1.17935617087302,8.96780853930819,0.390947523863054,2.79979671508086,0.0983005524019847,0.337469084212279,0.0750263809046403,6.4461412767841
"AAS",0.0923882943143813,0.444770728495943,0.589545858940937,0.66050980627295,4,1.17872521277511,8.93626061938512,0.389515574677119,2.79022043159747,0.0979539079848207,0.336540043865739,0.074581966386038,6.42316730570174
"AAS",0.0916936454849498,0.441426587680184,0.585633552134528,0.656126573023846,4,1.17808108444452,8.90405421208241,0.388029151851803,2.78086559268703,0.0976051272932879,0.335637339002595,0.0741524801127371,6.3992773397178
"AAS",0.0909989966555184,0.438082446864425,0.581706368017113,0.651726671673929,4,1.17742113774656,8.87105688597477,0.386487517900085,2.77161252005955,0.0972548387779649,0.334741435848791,0.0737335308516641,6.37445421038239
"AAS",0.090304347826087,0.434738306048666,0.577764524014727,0.647310345820922,4,1.17677180340353,8.83859016863662,0.384994399904485,2.76212111701264,0.0969044187792264,0.33381993105786,0.0732995897490001,6.35043281718995
"AAS",0.0896096989966555,0.431394165232907,0.573808302047707,0.642877911320062,4,1.17612057660666,8.80602882635803,0.383498904670875,2.75258101277175,0.0965531694915734,0.332892245081951,0.0728640747151987,6.32636297921979
"AAS",0.0889150501672241,0.428050024417148,0.569837935639656,0.638429629804311,4,1.17547101949751,8.77355096283577,0.382016307353966,2.74292572478057,0.0962013939400358,0.331950842659152,0.0724226478877971,6.30249954235814
"AAS",0.0882204013377926,0.424705883601389,0.565853717144623,0.63396582881853,4,1.17482703781782,8.74135188998731,0.380557890261623,2.73317049756451,0.0958481536540181,0.331001263625056,0.0719746760851322,6.27903304170113
"AAS",0.0875257525083612,0.42136174278563,0.561855876827714,0.629486766344959,4,1.17417195804824,8.70859790230925,0.37906284987897,2.72345320005672,0.0954950091684378,0.33004999363993,0.0715334140279641,6.2549448993546
"AAS",0.0868311036789298,0.418017601969871,0.55784468041894,0.62499274009967,4,1.17351525592158,8.6757628439291,0.37756914335185,2.71364165057697,0.095140918904633,0.329088235872469,0.0710864396347482,6.2308693488179
"AAS",0.0861364548494983,0.414673461154112,0.553820307392437,0.620483951160196,4,1.1728541622831,8.64270812510347,0.376060898738893,2.70385122335499,0.0947850550625756,0.328127990746873,0.0706435765319217,6.20654353007532
"AAS",0.0854418060200669,0.411329320338353,0.54978305630461,0.615960734020334,4,1.17219012918265,8.60950645892944,0.37454740861934,2.6940050207495,0.0944286488005667,0.327160777638261,0.0701981606788566,6.18212122105098
"AAS",0.0847471571906355,0.407985179522594,0.5457331398214,0.61142332694474,4,1.17152550435165,8.57627521953937,0.373033220721468,2.68414803605438,0.0940707861490922,0.326193064697616,0.06975335434819,6.15768064929891
"AAS",0.0826632107023411,0.397952757075318,0.533509681744595,0.59772852474428,4,1.16951609150757,8.47580456758096,0.368472474535569,2.65413518989986,0.0929927588820557,0.323225036081956,0.0684080447340763,6.08400124739447
"AAS",0.079189966555184,0.381232052996523,0.512904621128482,0.574643222066996,4,1.16611695930984,8.30584796062142,0.360758422843779,2.60355137575027,0.091177520497129,0.318205848437636,0.0661565249444767,5.95917001484328
"AAS",0.0771060200668896,0.371199630549246,0.50041111649355,0.560645867661159,4,1.16404938030483,8.20246901433103,0.356081088636259,2.57265869965053,0.0900774397804837,0.315119228904348,0.0647947131049319,5.88336484138796
"AAS",0.0722434782608696,0.347790644838933,0.470912432335632,0.527596411265258,4,1.15918847940629,7.95942389984049,0.345229979871378,2.4979638144612,0.0874832272661393,0.307567792960139,0.0615265934440151,5.7072774009356
"AAS",0.0715488294314381,0.344446504023174,0.466661241322925,0.52283350213843,4,1.15847770818073,7.92388541916266,0.343623254780718,2.4874053275526,0.0871063608889034,0.306500796183136,0.0610749025661299,5.68115552700953
"AAS",0.0701595317725753,0.337758222391656,0.458132713815822,0.513278391257609,4,1.15706011409791,7.85300570378688,0.340466068693716,2.46560069725235,0.0863534256022069,0.30427778694792,0.0601346266871936,5.62982305272444
"AAS",0.0694648829431438,0.334414081575897,0.453855677932748,0.508486526299679,4,1.15634788527631,7.81739426507343,0.338859367929127,2.4549799798842,0.0859788522925578,0.303205911456551,0.0596757522517015,5.60368621483929
"AAS",0.0680755852842809,0.327725799944379,0.445276848290588,0.498875058389158,4,1.15490435946893,7.74521796371972,0.335619536420321,2.4332333830725,0.0852186005790754,0.300986259678282,0.0587495157498893,5.55094120339757
"AAS",0.0666862876254181,0.321037518312861,0.436665976861272,0.489227691804587,4,1.1534465929326,7.67232964808476,0.332344996469597,2.4113502187624,0.0844543918203797,0.298742382066525,0.0578256119400772,5.49759312024581
"AAS",0.0659916387959866,0.317693377497102,0.43234886844942,0.484390930766363,4,1.15270667912158,7.63533395616756,0.330685170891518,2.4002265620602,0.0840692728769353,0.297592725898219,0.0573596514342837,5.47052978482821
"AAS",0.0652969899665552,0.314349236681343,0.428024190340812,0.479545688862975,4,1.15196515908042,7.59825795411075,0.329023715317472,2.38905947864082,0.0836778206636447,0.296447470155282,0.0568894632133927,5.4434334988474
"AAS",0.0646023411371237,0.311005095865584,0.423692022143206,0.474692055284608,4,1.15122090492436,7.56104524777177,0.32735506692589,2.37786515992914,0.0832945381190259,0.295281030113643,0.0564253060905937,5.41621293024704
"AAS",0.0632130434782609,0.304316814234066,0.41500590450012,0.464960385059657,4,1.14972899517414,7.48644975848563,0.324003733421483,2.35555314738829,0.0825177300068402,0.292975117710393,0.0554987127238132,5.36152595430058
"AAS",0.061823745819398,0.297628532602548,0.406291516174987,0.455197041195685,4,1.14823567646557,7.41178382272035,0.320673599960211,2.3328535435914,0.0817344486039463,0.2906238232845,0.0545536455503133,5.3071697997366
"AAS",0.0611290969899665,0.294284391786789,0.401923994042214,0.450303798110249,4,1.14748179315936,7.37408965796093,0.3190052845725,2.32119746800377,0.0813440340889465,0.289394876239455,0.0540768531315589,5.27992488505835
"AAS",0.0597397993311037,0.287596110155272,0.393169090048169,0.440495061684836,4,1.14603112057525,7.30155602877068,0.315906359711473,2.29695685365809,0.0805624059249406,0.286835677643407,0.0530626258136127,5.22938646537985
"AAS",0.0569612040133779,0.274219546892236,0.375579094625531,0.420787749195491,4,1.14276583246283,7.13829162174438,0.308306175980127,2.25276241786177,0.0789380422530839,0.282232613421643,0.0513250366483313,5.10487082046785
"AAS",0.0562665551839465,0.270875406076477,0.371170223922127,0.415848180390074,4,1.1419912302898,7.09956151290832,0.306576755752496,2.24108039117885,0.0785359242728416,0.281006718672293,0.0508539182637457,5.07657794517563
"AAS",0.0520986622073579,0.250810561181923,0.344576744791898,0.386053630089973,4,1.13716346537749,6.85817326913716,0.295756398238922,2.16915758687768,0.0760705059608202,0.273355392197649,0.0480188209319867,4.89929515006784
"AAS",0.0479307692307692,0.230745716287369,0.317789934202076,0.356042476920079,4,1.13216730263302,6.60836513171552,0.284479871890373,2.09623562514362,0.0735388195016768,0.265564817855044,0.0452086032246148,4.71426781469114
"AAS",0.044457525083612,0.214025012208574,0.295333091676631,0.330882492364119,4,1.12787348325874,6.39367416291039,0.274854918199605,2.03267436508049,0.0713713363413068,0.258670610397477,0.0428138220701312,4.55615979574058
"AAS",0.039594983277592,0.190616026498261,0.263707528178275,0.295450143034931,4,1.12252193789471,6.12609689450366,0.264497273661843,1.92695614420453,0.0683519769255657,0.246794089301795,0.0386952487138012,4.38659686914853
"AAS",0.0382056856187291,0.183927744866743,0.254633516429245,0.28528388768503,4,1.11993245458583,5.9966227291428,0.257203806988247,1.91303611973506,0.0673404173898948,0.245573635422819,0.0383846309959639,4.2659267091958
"AAS",0.0305645484949833,0.147142195893395,0.204461165403698,0.22907226418949,4,1.10910181394908,5.45509070004335,0.234061756814723,1.73575958446839,0.0619286937187753,0.224868011225152,0.0323420948836138,3.88447593167421
"AAS",0.0270913043478261,0.1304214918146,0.181517758545829,0.203367147294672,4,1.10541103436489,5.27055172000768,0.227665158761853,1.65110467848616,0.0595534929021541,0.215241559351282,0.0292146443571524,3.77989313515698
"AAS",0.0194501672240803,0.0936359428412512,0.1307363321495,0.146473133703333,4,1.08461293050837,4.23064652324231,0.166383750104519,1.58569067794089,0.0519369714738477,0.210870194370083,0.0288720063638455,2.76269529672201
"AAS",0.2077,0.999898103911932,0.892561847726626,0.99999999014089,4,1.24109738834793,12.0548694090155,0.550028159305823,3.58189466601586,0.133131912366044,0.407454240024499,0.112920854772968,8.85361081558433
"AAS",0.2117,1.01915468752121,0.892388594233065,0.999805882032535,4,1.2418158636227,12.090793223535,0.55237483463316,3.58868729327248,0.133566226973425,0.407970202144147,0.113274952949759,8.88399244198342
"AAS",0.2137,1.02878297932585,0.892176273894903,0.999568004582799,4,1.24215687229611,12.1078436319451,0.553501412646006,3.59186919442495,0.133772891066543,0.408209705730901,0.113441530444387,8.89845541563833
"AAS",0.2157,1.03841127113049,0.891884969636505,0.99924163587651,4,1.24248634800842,12.1243173318389,0.554598166400137,3.59491720996947,0.133972923805928,0.40843770382443,0.113601576812691,8.91245604388194
"AAS",0.2177,1.04803956293514,0.891518077418116,0.998830580647444,4,1.2428048081776,12.1402404915999,0.555666394716491,3.59783673511313,0.134166562313448,0.408654705662609,0.113755324781553,8.92601605410292
"AAS",0.2197,1.05766785473978,0.891078837224826,0.998338468879416,4,1.24311271718321,12.155635878211,0.556707152660063,3.60063374325948,0.134354089386024,0.408861220271506,0.113903063414204,8.93915296377161
"AAS",0.2217,1.06729614654442,0.890570329918057,0.997768752278767,4,1.24341046492748,12.1705232454908,0.557721276787078,3.60331478065304,0.13453574457131,0.40905784425972,0.114045136178979,8.95188058392459
"AAS",0.2237,1.07692443834906,0.889995492297946,0.997124721149823,4,1.24369847327991,12.1849236887888,0.558709806020004,3.60588458655228,0.134711750725937,0.409244992733743,0.114181760009201,8.96421599760727
"AAS",0.2257,1.0865527301537,0.889357120397188,0.996409508085216,4,1.24397715733655,12.1988578741987,0.559673707609991,3.60834843077542,0.134882334505134,0.409423152032734,0.114313181724291,8.97617529734905
"AAS",0.2277,1.09618102195834,0.888657689221763,0.995625886008706,4,1.24424696566593,12.2123482833926,0.560614118589754,3.6107117762705,0.135047760324819,0.409592782548959,0.114439679593163,8.98777624732358
"AAS",0.2297,1.10580931376298,0.887900283309675,0.994777310745771,4,1.24450801636612,12.2254008121565,0.561531085607736,3.61297737148415,0.135208086935978,0.40975416400397,0.114561375428578,8.99902215527561
"AAS",0.2397,1.15395077278618,0.883317720537521,0.989643142465281,4,1.24569635944106,12.2848180161583,0.565801748455259,3.62300280630153,0.135941386666753,0.410451457860846,0.115105773449558,9.05050982112454
"AAS",0.2417,1.16357906459082,0.88225688647812,0.988454615248209,4,1.24591265597322,12.2956328205565,0.566597786859287,3.62477325599194,0.136075532271422,0.410571280476657,0.11520309812339,9.05993687818444
"AAS",0.2437,1.17320735639546,0.881152360914501,0.987217137357414,4,1.2461224559553,12.3061228343548,0.567376015291209,3.62647296388773,0.13620585423302,0.410685216298322,0.115296923597746,9.0690987951827
"AAS",0.2457,1.1828356482001,0.880005856230959,0.985932627297793,4,1.24632601796397,12.3163008713837,0.568137032366927,3.62810537358483,0.136332503101363,0.410793572871538,0.115387427972869,9.07800536170921
"AAS",0.2477,1.19246394000475,0.878819009231927,0.984602918896797,4,1.24652357020164,12.3261785966376,0.568881415461286,3.62967325263784,0.136455619304264,0.41089657943998,0.115474742038739,9.08666585889839
"AAS",0.2497,1.20209223180939,0.877593374236791,0.983229753568059,4,1.24671534755702,12.335767381804,0.569609734140609,3.63117928611869,0.136575328046597,0.41099447599399,0.115558994398286,9.09508936447356
"AAS",0.2517,1.21172052361403,0.876330441036771,0.981814800429758,4,1.24690155719012,12.3450778817101,0.570322511540408,3.63262608167813,0.136691752032888,0.411087490418631,0.115640312155019,9.10328427917635
"AAS",0.2537,1.22134881541867,0.875031624683894,0.980359644864483,4,1.24708240724815,12.3541203607639,0.571020259018376,3.63401610946891,0.136805010403519,0.411175832191422,0.115718818136056,9.11125874269291
"AAS",0.2557,1.23097710722331,0.873698279709581,0.978865804449319,4,1.24725809511382,12.3629048008069,0.571703472999969,3.6353517265974,0.136915215339746,0.411259712322622,0.115794622709809,9.1190207178524
"AAS",0.2577,1.24060539902795,0.872331692740366,0.977334720682718,4,1.24742879460186,12.3714398383494,0.572372566010246,3.63663539997804,0.137022476613687,0.411339340323089,0.115867856146043,9.12657664762472
"AAS",0.2597,1.25023369083259,0.870933098247419,0.975767776629798,4,1.24759472993872,12.379736493946,0.573028152793394,3.63786857052648,0.137126893776553,0.411414845539452,0.115938563532249,9.13393653470146
"AAS",0.2657,1.27911856624651,0.86655677443659,0.970864672403656,4,1.24806540515951,12.4032702887019,0.57491731394102,3.64128814664057,0.137424068297171,0.41161860118434,0.116136761139972,9.15489322438764
"AAS",0.2677,1.28874685805115,0.865041401024694,0.969166892691454,4,1.24821379274825,12.410689648692,0.57552254669826,3.6423406174679,0.137518068757508,0.411679442644024,0.116198468347502,9.16152628133411
"AAS",0.2697,1.29837514985579,0.863499402986794,0.967439283532912,4,1.2483581727193,12.417908700126,0.576116158510183,3.64335229046718,0.137609681938638,0.411736996823606,0.116258137213859,9.16799291633382
"AAS",0.2717,1.30800344166043,0.861931717305191,0.965682894695387,4,1.24849868520942,12.4249342762767,0.576698504476161,3.64432470535839,0.137698988722198,0.411791392897401,0.116315841976385,9.17429865314184
"AAS",0.2737,1.31763173346507,0.860339240762095,0.96389873090724,4,1.24863546547109,12.4317732580216,0.577269932974177,3.64525943722177,0.137786066929108,0.411842768529079,0.116371658859993,9.18044903253577
"AAS",0.2757,1.32726002526971,0.858722838046626,0.962087760940678,4,1.24876862418357,12.4384312370443,0.577830739559594,3.64615782619267,0.137870983804541,0.411891236355995,0.116425651076333,9.18644849386141
"AAS",0.2777,1.33688831707436,0.857083327686185,0.960250901849677,4,1.24889830006962,12.4449149578739,0.578381266259293,3.64702136183876,0.137953813485165,0.411936916864329,0.116477904428298,9.19230252425325
"AAS",0.2797,1.346516608879,0.855421497262452,0.958389036017543,4,1.24902458972628,12.4512295494194,0.578921765796318,3.6478514907817,0.138034628347423,0.411979948957778,0.116528471117297,9.19801496156383
"AAS",0.2817,1.35614490068364,0.853738104318695,0.956503012173428,4,1.24914762802001,12.4573814340161,0.579452612648288,3.64864900261383,0.13811348756242,0.412020376373456,0.116577396399956,9.20359168846082
"AAS",0.2837,1.36577319248828,0.852033869906941,0.954593638162772,4,1.24926751161685,12.4633756948693,0.579974033431356,3.6494155694886,0.138190452823191,0.412058375993858,0.116624755891384,9.20903627299269
"AAS",0.2857,1.37540148429292,0.850309489433352,0.952661693098147,4,1.24938434436171,12.4692173225601,0.58048630311896,3.65015217914578,0.138265583833645,0.412094006200477,0.116670610422135,9.21435289017507
"AAS",0.2977,1.43317123512076,0.83957553406192,0.940635685832719,4,1.25002648630544,12.5013242068294,0.583381468584848,3.65400210331817,0.138680978508193,0.412263148302582,0.116916899506912,9.24377717839339
"AAS",0.2997,1.4427995269254,0.837727323912776,0.938565005648897,4,1.25012449560421,12.5062244348328,0.58383631914107,3.65455801747336,0.138744779982474,0.412284683283629,0.116953604133517,9.24830033641319
"AAS",0.3017,1.45242781873004,0.835863571442455,0.936476912306466,4,1.25022013984385,12.5110070762101,0.584283898841536,3.65509124547911,0.138807149902374,0.412304464492734,0.116989140084679,9.25272451695972
"AAS",0.3037,1.46205611053468,0.833984794433022,0.934371985913191,4,1.25031349508511,12.5156747620381,0.584724330861599,3.65560285014253,0.138868126514368,0.412322588176535,0.117023567816783,9.25705135805213
"AAS",0.3057,1.47168440233932,0.83209144173358,0.93225072934638,4,1.25040464419915,12.5202321738773,0.58515788817936,3.65609324974554,0.138927757260649,0.412339072832714,0.117056901877402,9.26128530563651
"AAS",0.3077,1.48131269414397,0.830183957740918,0.930113640495098,4,1.25049361320812,12.5246806655874,0.585584566189994,3.65656418201798,0.138986075465457,0.412354091331416,0.117089256109338,9.26542597143057
"AAS",0.3097,1.49094098594861,0.828262771417229,0.927961199955946,4,1.25058049079852,12.5290244391503,0.586004650534552,3.65701557972417,0.139043132156099,0.412367611933723,0.117120598801358,9.26947778944683
"AAS",0.3117,1.50056927775325,0.826328292683178,0.925793866991954,4,1.25066532633198,12.5332663171395,0.586418282786216,3.65744825751597,0.139098950807477,0.412379711964548,0.117150983772052,9.27344286939904
"AAS",0.3137,1.51019756955789,0.824380918719785,0.923612086593035,4,1.25074819664033,12.5374098399181,0.586825632669632,3.65786311736537,0.139153568226466,0.412390480601131,0.117180456154894,9.27732397155903
"AAS",0.3157,1.51982586136253,0.822421036485209,0.921416292295704,4,1.25082914460499,12.5414569957367,0.587226852896706,3.6582602781238,0.139207019048028,0.412399903168203,0.117209010861998,9.28112303110505
"AAS",0.3177,1.52945415316717,0.820449002763583,0.91920688383039,4,1.25090823498334,12.5454117443464,0.587622134796474,3.65864053355368,0.139259335917861,0.412408062831218,0.117236691111644,9.28484336384039
"AAS",0.3197,1.53908244497181,0.818465182192398,0.916984269726192,4,1.25098550150121,12.5492748257242,0.588011508323193,3.65900472290231,0.139310553694284,0.412415015021331,0.117263551303228,9.28848485509106
"AAS",0.3217,1.54871073677645,0.816469910162416,0.914748825745035,4,1.25106103167777,12.5530515220166,0.588395301194272,3.65935274492811,0.13936069801018,0.412420762314346,0.117289561148144,9.29205313382704
"AAS",0.3237,1.55833902858109,0.814463518588983,0.912500923755093,4,1.25113483984319,12.556741814531,0.588773472475316,3.65968578411159,0.139409799171853,0.412425401715373,0.117314799480768,9.29554693776929
"AAS",0.3257,1.56796732038573,0.81244632232495,0.910240916508219,4,1.25120700277632,12.560350135968,0.589146298037704,3.66000381483644,0.139457885156714,0.412428930959899,0.117339249115186,9.29897092525554
"AAS",0.3277,1.57759561219037,0.810418632936895,0.907969153074426,4,1.25127755540768,12.5638775587252,0.589513801622464,3.66030784996599,0.139504988952279,0.412431429241416,0.117362979606721,9.3023251529893
"AAS",0.3297,1.58722390399501,0.808380741160365,0.905685959185253,4,1.25134650689131,12.5673251924325,0.589876084172072,3.66059794159373,0.139551124806156,0.412432901506536,0.117385977196618,9.30561072219727
"AAS",0.3397,1.63536536301822,0.798047906552299,0.894109355801956,4,1.25166927157722,12.583463586919,0.59161429923869,3.66185631358892,0.13976826969276,0.41242630166584,0.117490897499601,9.32109223891006
"AAS",0.3417,1.64499365482286,0.795954467151845,0.891763927991944,4,1.25172965132119,12.586482632836,0.591947949295942,3.66207241207364,0.139809148157391,0.41242241257072,0.117510012800713,9.32400811502873
"AAS",0.3437,1.6546219466275,0.793852627744021,0.889409089061224,4,1.25178875955105,12.5894380315249,0.592277264009999,3.66227743299345,0.139849230429835,0.412417737168568,0.117528537386832,9.32686919426107
"AAS",0.3457,1.66425023843214,0.791742615814138,0.887045093877636,4,1.2518466143462,12.5923305106546,0.592602282580108,3.66247183295419,0.139888535417008,0.412412307464778,0.11754649850235,9.32967575424724
"AAS",0.3477,1.67387853023678,0.789624640860437,0.884672177156835,4,1.25190320876024,12.5951604328659,0.592923019104459,3.66265610432486,0.139927077594906,0.412406171345881,0.117563927545994,9.33242765946361
"AAS",0.3497,1.68350682204142,0.787498921717258,0.882290584074366,4,1.25195862695928,12.5979311828553,0.593239700315837,3.66283005154921,0.139964880410093,0.412399295285668,0.117580799576306,9.33512864454673
"AAS",0.3517,1.69313511384606,0.785365655046649,0.879900534964593,4,1.25201285780078,12.6006428854123,0.593552312982678,3.66299431255114,0.14000196114735,0.412391735882323,0.117597159757865,9.33777816968619
"AAS",0.3537,1.7027634056507,0.783225040646688,0.877502253675393,4,1.25206597037365,12.6032985275687,0.593861008006296,3.66314931961614,0.140038333635018,0.412383555689262,0.117613017834419,9.34037891921509
"AAS",0.3557,1.71239169745534,0.781077268701844,0.87509595328384,4,1.25211794612087,12.6058972925795,0.594165792457094,3.66329493552045,0.1400740215575,0.412374688156273,0.117628381352229,9.34293015389896
"AAS",0.3577,1.72201998925998,0.778922514059995,0.872681829684346,4,1.25216885423849,12.6084426815211,0.594466797496431,3.66343205327133,0.140109039497558,0.412365264526526,0.11764328280715,9.34543461915335
"AAS",0.3597,1.73164828106462,0.776760965016658,0.870260093837658,4,1.25221868271178,12.6109340828972,0.594764036260143,3.66356058398737,0.140143400002377,0.412355232762521,0.117657735901209,9.34789175651891
"AAS",0.3617,1.74127657286926,0.774592789571542,0.867830933965698,4,1.25226752431316,12.6133762303259,0.595057784201523,3.66368040192835,0.140177124073552,0.412344615731715,0.117671692191042,9.3503066472543
"AAS",0.3637,1.7509048646739,0.772418157683614,0.865394540485485,4,1.25231534150304,12.6157670658654,0.595347893433793,3.66379245269526,0.140210225742114,0.412333468407729,0.117685241742959,9.35267614722223
"AAS",0.3657,1.76053315647854,0.77023722688204,0.862951089888053,4,1.25236218546212,12.6181091500969,0.595634521682901,3.66389674766354,0.140242718096457,0.412321800001945,0.117698374856809,9.35500292370602
"AAS",0.3677,1.77016144828319,0.768050159097462,0.860500763595724,4,1.25240804358911,12.6204021781771,0.595917673534336,3.66399339949091,0.140274611738679,0.412309608871935,0.117711091717638,9.35728652933331
"AAS",0.3697,1.77978974008783,0.76585710337339,0.858043728592451,4,1.2524530229149,12.6226510412037,0.596197622950608,3.66408238861636,0.140305929293745,0.412296901603051,0.117723387093364,9.35953210433975
"AAS",0.3717,1.78941803189247,0.763658203994844,0.855580146530919,4,1.25249704719121,12.6248523707139,0.596474159806612,3.66416456945351,0.140336677176768,0.412283756242501,0.11773530734431,9.36173522707366
"AAS",0.3737,1.79904632369711,0.761453608296237,0.853110182480263,4,1.25254018601975,12.6270092986309,0.596747467611446,3.66423994633167,0.140366871193019,0.412270159455562,0.117746865280152,9.36389916879148
"AAS",0.3757,1.80867461550175,0.759243454360556,0.850633991144593,4,1.25258247609982,12.6291238118997,0.597017703004071,3.66430814666025,0.140396524082698,0.412256076132081,0.117758017243754,9.36602638741749
"AAS",0.3777,1.81830290730639,0.757027878766773,0.848151725542962,4,1.2526238977625,12.6311948839427,0.597284746537188,3.664370299912,0.14042564822647,0.412241611797672,0.117768849107392,9.36811463571625
"AAS",0.3797,1.82793119911103,0.7548070034066,0.845663522239254,4,1.25266450883177,12.6332254283324,0.597548823392847,3.66442576572153,0.140454255052414,0.412226703190394,0.117779302169773,9.37016762134613
"AAS",0.3817,1.83755949091567,0.752580965034929,0.843169534449619,4,1.25270430655555,12.635215345281,0.597809909044112,3.66447506399246,0.140482355706504,0.412211391383884,0.117789416171742,9.3721846928592
"AAS",0.3837,1.84718778272031,0.750349876617274,0.840669888737291,4,1.25274331217426,12.6371658028621,0.598068081458894,3.66451825196134,0.14050996464655,0.412195683507619,0.117799184142319,9.3741670089325
"AAS",0.3857,1.85681607452495,0.748113870501133,0.838164733380503,4,1.25278156011713,12.6390780124825,0.598323358094674,3.66455613716595,0.140537084652363,0.412179667252232,0.11780866949083,9.37611501260312
"AAS",0.3877,1.86644436632959,0.745873055417733,0.835654190198521,4,1.25281904059335,12.6409520299451,0.598575830725266,3.6645879343793,0.140563735242764,0.412163234092598,0.117817806956593,9.37802954713293
"AAS",0.3897,1.87607265813423,0.743627542503426,0.833138383705237,4,1.25285579448791,12.6427897239058,0.598825545820272,3.66461444714251,0.14058992285737,0.41214648039282,0.117826654199873,9.37991174809973
"AAS",0.3917,1.88570094993887,0.741377443994766,0.830617439647178,4,1.25289182358086,12.6445912665564,0.599072540374937,3.66463561629891,0.140615658222559,0.412129394885293,0.117835199944892,9.38176184524928
"AAS",0.3937,1.89532924174351,0.73912286177145,0.828091472167356,4,1.25292716894448,12.6463584840405,0.599316908081764,3.66465164820988,0.140640952792454,0.412111999107792,0.117843446947749,9.38358153711817
"AAS",0.3957,1.90495753354815,0.73686389645545,0.825560593999661,4,1.25296181523144,12.648090712474,0.599558618582617,3.66466278966428,0.140665819134667,0.412094307273302,0.117851415394716,9.3853698610469
"AAS",0.3977,1.91458582535279,0.734600665396193,0.823024936618934,4,1.25299576973254,12.6497884873644,0.599797736191713,3.66466885363609,0.140690255128508,0.412076271244874,0.117859117786915,9.38712757305787
"AAS",0.3997,1.92421411715744,0.732333252523798,0.820484594058006,4,1.25302908078705,12.6514540181491,0.600034367547972,3.66467009499942,0.140714276057951,0.412057959397731,0.117866527110971,9.38885671930811
"AAS",0.4017,1.93384240896208,0.730061753530293,0.817939673527406,4,1.25306175393554,12.6530876526861,0.600268509196449,3.66466696623721,0.140737895681312,0.412039387576128,0.117873695048327,9.39055718991616
"AAS",0.4037,1.94347070076672,0.727786261984916,0.81539027985935,4,1.25309379244512,12.6546896123038,0.600500205778886,3.66465933752482,0.140761117352681,0.412020537682863,0.117880617149233,9.39222934558166
"AAS",0.4177,2.0108687433992,0.711753267972074,0.797427385864264,4,1.25330160865184,12.6650804312667,0.602057411577071,3.66449056083289,0.140913221548806,0.411881928783489,0.117922301477203,9.40319736899669
"AAS",0.4197,2.02049703520384,0.70944887172632,0.794845608221736,4,1.25332909352542,12.6664546475427,0.602271086792688,3.66445136138801,0.140933549937155,0.411861261247742,0.117927383939732,9.40466516616183
"AAS",0.4217,2.03012532700848,0.707141206351781,0.792260167943659,4,1.25335606387887,12.6678031939153,0.602482679722049,3.66440871403154,0.140953555627742,0.411840408323232,0.117932257161592,9.40610981020602
"AAS",0.4237,2.03975361881312,0.704830346035865,0.789671148147418,4,1.25338251305665,12.6691256611889,0.602692179021695,3.66436275688176,0.140973229025093,0.411819383667215,0.117936932944509,9.40753074098256
"AAS",0.4257,2.04938191061776,0.702516356467063,0.787078622428464,4,1.25340847903176,12.6704239582181,0.602899691876202,3.66431346079053,0.140992587028763,0.411798174237402,0.117941408524982,9.4089299774875
"AAS",0.4277,2.0590102024224,0.700199308002422,0.78448266961276,4,1.25343397812863,12.6716988676217,0.603105241144474,3.66426118467221,0.141011632046379,0.411776832849368,0.117945707705694,9.4103079705129
"AAS",0.4297,2.06863849422705,0.697879266455761,0.781883363436165,4,1.25345899158232,12.672949433422,0.603308835198632,3.66420548636517,0.141030383739799,0.411755265508167,0.117949804496739,9.41166415409872
"AAS",0.4317,2.07826678603169,0.695556283198318,0.779280761453505,4,1.25348351107373,12.6741755773454,0.603510436127745,3.66414693834107,0.14104883277296,0.411733569957772,0.11795371980795,9.4129978651557
"AAS",0.4337,2.08789507783633,0.693230433863975,0.77667494840275,4,1.25350759683022,12.6753798374503,0.603710190345322,3.66408543552281,0.141066987223819,0.411711724726011,0.117957460043694,9.41431187107071
"AAS",0.4357,2.09752336964097,0.690901773145105,0.774065985559623,4,1.25353124606089,12.6765623171637,0.603908092230338,3.66402123937238,0.141084856272422,0.411689751354828,0.117961041294553,9.41560600560453
"AAS",0.4377,2.10715166144561,0.688570360653704,0.771453939711648,4,1.2535544464513,12.6777223109776,0.604104142806213,3.66395415278676,0.14110244422355,0.411667620014602,0.117964445546876,9.41687972470432
"AAS",0.4397,2.11677995325025,0.686236250105435,0.76883887104027,4,1.25357721269717,12.6788606903906,0.604298388320875,3.66388426873301,0.141119755798125,0.411645336880558,0.117967682809418,9.41813384236633
"AAS",0.4417,2.12640824505489,0.683899506708007,0.766220852602285,4,1.25359956919104,12.6799784637765,0.604490855622986,3.66381197508024,0.141136802815186,0.41162295572058,0.117970765150665,9.41936901454763
"AAS",0.4437,2.13603653685953,0.681560175597977,0.763599934967363,4,1.25362151544724,12.6810757720509,0.604681575459682,3.66373716626076,0.141153579391517,0.411600458131195,0.117973692144127,9.4205854988478
"AAS",0.4457,2.14566482866417,0.679218312682459,0.760976180772184,4,1.25364305065767,12.6821525356006,0.604870572526963,3.6636596842794,0.141170098979822,0.411577815712415,0.117976454184595,9.42178336265334
"AAS",0.4477,2.15529312046881,0.676873969920374,0.758349648229993,4,1.25366419121147,12.6832095581673,0.605057855209071,3.66357999827825,0.14118636143882,0.411555082958763,0.117979080958762,9.42296296925067
"AAS",0.4497,2.16492141227345,0.674527200096125,0.75572039647888,4,1.25368496148251,12.6842478148883,0.605243487258429,3.66349806828244,0.141202375516098,0.411532261380042,0.117981560408,9.42412537699371
"AAS",0.4517,2.17454970407809,0.672178046284279,0.75308847377832,4,1.25370532372028,12.6852661845971,0.605427446991311,3.66341366115534,0.141218140849058,0.411509305402964,0.117983889303275,9.42526964702567
"AAS",0.4537,2.18417799588273,0.669826562994629,0.750453941199479,4,1.25372532702993,12.6862662913751,0.60560979085519,3.6633271800917,0.141233667514148,0.411486261979407,0.117986092610783,9.42639706291586
"AAS",0.4557,2.19380628768737,0.667472793880165,0.74781684764988,4,1.25374497407553,12.6872486748236,0.605790586492704,3.66323827157405,0.141248954921337,0.411463104713099,0.117988131153906,9.42750855442245
"AAS",0.4577,2.20343457949201,0.665116790350407,0.745177250727235,4,1.2537642502358,12.6882126379145,0.605969742751964,3.66314770479466,0.14126401417861,0.411439904429544,0.117990064815671,9.42860259178412
"AAS",0.4597,2.21306287129666,0.662758584348507,0.742535186219708,4,1.25378319145197,12.6891594173683,0.606147382945192,3.66305495702152,0.141278841707297,0.411416604296307,0.11799185831279,9.42968101172853
"AAS",0.4617,2.2226911631013,0.660398229584723,0.739890714302693,4,1.25380176578852,12.6900883537075,0.60632346893233,3.66296014263637,0.141293450195751,0.411393191503227,0.117993528616982,9.43074299385424
"AAS",0.4637,2.23231945490594,0.658035769319291,0.73724388344368,4,1.25382001189553,12.6910006124393,0.606498048056674,3.66286353448985,0.141307840821186,0.411369718464816,0.117995079397137,9.43178948155399
"AAS",0.4657,2.24194774671058,0.655671242169217,0.734594736908027,4,1.25383793540451,12.6918967343007,0.606671168842206,3.66276500709471,0.141322006676472,0.411346184597713,0.117996498785497,9.43282117868628
"AAS",0.4677,2.25157603851522,0.653304693668703,0.731943325710909,4,1.25385552739856,12.6927763952725,0.60684281700546,3.66266463683083,0.141335962424138,0.411322574715943,0.117997793817074,9.43383765245439
"AAS",0.4697,2.26120433031986,0.65093614953115,0.729289678660865,4,1.25387282674454,12.6936413371334,0.607013102870981,3.6625622370159,0.141349715716989,0.411298861790048,0.117998961507088,9.43484091606321
"AAS",0.4717,2.2708326221245,0.648565663797173,0.726633856303407,4,1.25388977049075,12.6944884008498,0.607181803259495,3.66245878915593,0.141363264460463,0.411275151150408,0.118000061330415,9.43582664909243
"AAS",0.4737,2.28046091392914,0.646192674316736,0.723975228822202,4,1.25390643436656,12.6953217076273,0.607349250399018,3.66235315986301,0.141376613422603,0.41125134236174,0.118001006644135,9.43680033821879
"AAS",0.4757,2.29008920573378,0.643818999846251,0.721315833898335,4,1.25392276341352,12.6961381855207,0.607515167718918,3.66224597160484,0.141389757654724,0.411227446809098,0.11800186661574,9.43775811910869
"AAS",0.4777,2.29971749753842,0.641442894728955,0.71865371574941,4,1.25393882105336,12.6969411080903,0.607679797967951,3.662137325491,0.141402709849229,0.411203539339098,0.118002616428441,9.43870332100807
"AAS",0.4797,2.30934578934306,0.639064397151897,0.715988917159076,4,1.253954634013,12.6977316801206,0.607843200548932,3.66202724498731,0.141415484662723,0.411179611007597,0.118003251287185,9.43963717059355
"AAS",0.4817,2.3189740811477,0.636685323767855,0.713323473451567,4,1.25397008564223,12.6985039641835,0.608005001121826,3.66191607455317,0.141428052154329,0.411155667284343,0.118003816264726,9.44055310068529
"AAS",0.4837,2.32860237295234,0.63430391828508,0.710655416929363,4,1.25398527955644,12.6992640337168,0.608165636248658,3.66180302910514,0.141440444712305,0.41113160724045,0.118004277375702,9.44145827134191
"AAS",0.4857,2.33823066475698,0.631920819033012,0.70798546275796,4,1.2540002130579,12.7000103977091,0.608324982099898,3.66168861830557,0.141452664024541,0.411107505449334,0.118004641944953,9.44235059058233
"AAS",0.4877,2.34785895656162,0.629536055608599,0.705313644096906,4,1.25401487827708,12.7007437320874,0.608483083862828,3.66157272491661,0.141464697117752,0.41108338392064,0.11800488036173,9.44323090148165
"AAS",0.4897,2.35748724836627,0.627149653055955,0.702639989004887,4,1.25402928021212,12.7014635821039,0.6086399024241,3.66145569606422,0.141476559019998,0.411059231649088,0.118005050834672,9.44409835653682
"AAS",0.4917,2.36711554017091,0.62476164586515,0.699964536123562,4,1.25404341780748,12.7021705067389,0.608795490688661,3.66133727833306,0.141488250960646,0.411035034264832,0.118005120018397,9.44495380056659
"AAS",0.4937,2.37674383197555,0.622372055378616,0.697287309364361,4,1.25405730024063,12.7028649416083,0.608949839555266,3.66121789776606,0.141499775283786,0.411010839622097,0.118005124139769,9.44579725437058
"AAS",0.4957,2.38637212378019,0.619980928552582,0.694608361335662,4,1.25407091960382,12.7035460104094,0.60910300671741,3.66109665273447,0.14151112304,0.410986540071563,0.118004994449983,9.44662872968013
"AAS",0.4977,2.39600041558483,0.617588286469765,0.691927715657918,4,1.25408431663612,12.7042158240595,0.609254961960309,3.66097493711136,0.141522325217302,0.410962296700966,0.118004822921227,9.44744898337306
"AAS",0.4997,2.40562870738947,0.615194159444192,0.689245406294072,4,1.25409743533203,12.704871647637,0.609405654804415,3.66085209539224,0.141533363164299,0.410938008859434,0.118004580868654,9.4482558358528
"AAS",0.5017,2.41525699919411,0.612798571592288,0.686561460263455,4,1.25411036641178,12.7055183902752,0.609555376731344,3.66072745646505,0.141544235858264,0.410913664644845,0.118004195311241,9.44905513137122
"AAS",0.5037,2.42488529099875,0.610401546992303,0.68387590454263,4,1.2541230495125,12.7061524794376,0.609703869144458,3.66060215571163,0.14155495898135,0.410889316951381,0.118003769886496,9.44984193934837
"AAS",0.5057,2.43451358280339,0.608003121393959,0.681188779184531,4,1.25413551779007,12.7067756028216,0.609851276604362,3.66047558372098,0.141565526857218,0.41086494977685,0.11800323719804,9.4506186624168
"AAS",0.5077,2.44414187460803,0.605603311474002,0.678500102873293,4,1.25414771774248,12.7073858815562,0.609997433024583,3.66034861084401,0.141575949828174,0.410840609615278,0.118002687450541,9.45138242556121
"AAS",0.5097,2.45377016641267,0.603202146620269,0.675809908534184,4,1.25415970181572,12.7079851183374,0.610142565795434,3.66021984694546,0.141586219220179,0.410816163961032,0.118002005264416,9.45213655413973
"AAS",0.5117,2.46339845821731,0.600799658050602,0.673118231142752,4,1.25417152092554,12.7085760922175,0.610286646753674,3.66009096616986,0.141596352662321,0.410791830744949,0.118001295732245,9.45288223698391
"AAS",0.5137,2.47302675002195,0.598395860044804,0.670425086697668,4,1.25418310496886,12.7091552457427,0.610429660038102,3.65996053324421,0.141606343151242,0.410767395373916,0.118000477555638,9.45361721318834
"AAS",0.5157,2.48265504182659,0.59599078108738,0.667730507112132,4,1.25419446403304,12.7097232061816,0.610571543217803,3.6598296040333,0.141616190666525,0.410743001447111,0.117999617065743,9.45434106200647
"AAS",0.5177,2.49228333363123,0.593584443400736,0.665034517283473,4,1.25420562016893,12.7102810020567,0.610712410419414,3.65969753022275,0.141625897331377,0.410718572748574,0.117998666344486,9.45505552437719
"AAS",0.5197,2.50191162543588,0.591176869774286,0.66233714274428,4,1.2542165567152,12.7108278200509,0.61085222307957,3.65956442678409,0.141635461134143,0.410694099628522,0.117997654229768,9.45575963054754
"AAS",0.5217,2.51153991724052,0.588768081980379,0.65963840788765,4,1.25422735065308,12.7113675638978,0.610991075443614,3.65943116920501,0.141644911616489,0.410669724023632,0.117996603663344,9.4564565580225
"AAS",0.5237,2.52116820904516,0.586358106310556,0.65693834216985,4,1.25423789242258,12.7118946376566,0.611128863718741,3.6592963352789,0.141654223328425,0.410645239195909,0.117995433771722,9.4571419062354
"AAS",0.5257,2.5307965008498,0.58394696271985,0.654236967947911,4,1.25424827824116,12.7124137861424,0.611265652256594,3.65916159323787,0.141663397059293,0.410620869696993,0.117994271761493,9.4578189546569
"AAS",0.5277,2.54042479265444,0.581534661598994,0.651534296863306,4,1.25425846376067,12.7129232582316,0.611401462467567,3.65902586210465,0.141672455957364,0.410596467073231,0.117993021146499,9.45848694437286
"AAS",0.5297,2.55005308445908,0.579121234589194,0.648830364365907,4,1.2542684551563,12.713423004647,0.611536293370691,3.65888929599115,0.141681374130744,0.410572072106645,0.117991694908986,9.45914569474736
"AAS",0.5317,2.55968137626372,0.576706709801299,0.646125201950284,4,1.25427827643802,12.713913906815,0.611670186457902,3.65875191825686,0.14169017964689,0.410547653850866,0.11799031091946,9.45979607595452
"AAS",0.5337,2.56930966806836,0.574291083824887,0.643418805795497,4,1.25428793111019,12.7143965385183,0.611803145063802,3.65861399728492,0.141698879033427,0.410523223338949,0.117988900543748,9.46043841707299
"AAS",0.5357,2.578937959873,0.571874396842082,0.640711220920417,4,1.25429740227908,12.7148698564348,0.61193513561064,3.65847555074193,0.1417074403236,0.41049885355966,0.117987421795556,9.46107163011963
"AAS",0.5377,2.58856625167764,0.569456653382509,0.6380024523999,4,1.25430667534047,12.7153337786229,0.612066189951996,3.65833615418525,0.141715892166183,0.410474430193567,0.117985875869591,9.46169603523837
"AAS",0.5417,2.60782283528692,0.56461809554458,0.632581474791963,4,1.25432476092458,12.7162383165048,0.612325613879997,3.65805600265289,0.141732441123253,0.410425709154437,0.117982636346263,9.46292205275089
"AAS",0.5477,2.63670771070084,0.557352839157377,0.624441695644917,4,1.25435066419678,12.7175332124711,0.612708031070048,3.65763166634233,0.14175644296857,0.410352721002943,0.117977403109957,9.46470093910577
"AAS",0.5497,2.64633600250548,0.554929180239081,0.621726299618778,4,1.25435897802261,12.7179488078323,0.612833773665319,3.65748894139248,0.141764225213535,0.410328394067649,0.117975543865973,9.46527854801494
"AAS",0.5517,2.65596429431013,0.552504588904582,0.619009858941002,4,1.25436713440732,12.7183567507842,0.612958640460456,3.65734594789736,0.141771903675887,0.410304110080495,0.117973655297775,9.46584847935742
"AAS",0.5557,2.67522087791941,0.547652698497022,0.613573943914965,4,1.254383023767,12.7191510712408,0.613205869961116,3.65705884003717,0.141786947709702,0.410255681048688,0.117969720453556,9.46696709924967
"AAS",0.5577,2.68484916972405,0.545225409412981,0.610854480758106,4,1.25439072753588,12.7195363787873,0.613328240053147,3.65691422889221,0.141794322628855,0.410231408483812,0.117967692480675,9.46751515852327
"AAS",0.5597,2.69447746152869,0.542797268980023,0.608134063775011,4,1.25439832418244,12.7199161505034,0.613449859063101,3.65676928516422,0.141801597903814,0.41020717893074,0.117965625364398,9.46805783054893
"AAS",0.5617,2.70410575333333,0.540368274875939,0.605412690363943,4,1.25440570466163,12.7202852601031,0.613570461339532,3.65662448557882,0.14180877213576,0.410183021519918,0.117963555295382,9.46858923828795
"AAS",0.5637,2.71373404513797,0.537938447750619,0.602690383660432,4,1.25441302931252,12.7206518790815,0.613690537255516,3.65647844335283,0.141815856130698,0.410158829764341,0.117961358538918,9.46911937645018
"AAS",0.5657,2.72336233694261,0.535507800891653,0.599967158551504,4,1.25442017072277,12.7210086020673,0.613809673818785,3.65633230039532,0.141822834673605,0.410134665666062,0.117959168234754,9.46963930769953
"AAS",0.5697,2.74261892055189,0.530644100635837,0.594518012119519,4,1.254434108697,12.721705359399,0.614045675578199,3.65603973277665,0.141836538972679,0.410086535245361,0.117954679945336,9.47066214182604
"AAS",0.5717,2.75224721235653,0.528211074166599,0.591792120965369,4,1.25444086053249,12.7220429603084,0.614162518359458,3.65589259988682,0.14184324982179,0.41006245454295,0.11795236814033,9.47116322208576
"AAS",0.5737,2.76187550416117,0.525777281909046,0.589065371844558,4,1.25444749780217,12.7223747976775,0.614278681206578,3.65574464376749,0.141849874483641,0.410038337008595,0.117949982975345,9.47165916301849
"AAS",0.5757,2.77150379596581,0.52334273709001,0.58633777957604,4,1.25445400921871,12.7227004434759,0.614393959161725,3.65559789495783,0.141856408661565,0.410014466393835,0.117947645636878,9.47214743764602
"AAS",0.5777,2.78113208777045,0.520907451707599,0.58360935760214,4,1.25446038424278,12.7230192462442,0.614508557658959,3.65544993437229,0.141862857277196,0.409990484383748,0.117945228910724,9.47262983591009
"AAS",0.5797,2.79076037957509,0.518471440104688,0.580880121992195,4,1.25446667092826,12.7233333692349,0.614622456056457,3.65530204058006,0.141869221594554,0.409966580619323,0.117942801446198,9.4731073185711
"AAS",0.5817,2.80038867137974,0.516034711798307,0.578150083408803,4,1.25447279299193,12.7236396375847,0.614735593044732,3.65515339423132,0.141875503488791,0.409942652473408,0.11794028462539,9.47357738809526
"AAS",0.5837,2.81001696318438,0.513597280544769,0.575419257264133,4,1.25447882664095,12.7239411962966,0.614848054813976,3.65500464565452,0.141881708702526,0.40991877345619,0.117937752325213,9.47404267867949
"AAS",0.5857,2.81964525498902,0.511159157633953,0.572687656207031,4,1.25448471756271,12.7242360567359,0.614959736118208,3.65485597858055,0.141887826356456,0.409894961063903,0.117935212014334,9.47450091983502
"AAS",0.5877,2.82927354679366,0.508720358925656,0.569955298006348,4,1.25449052041135,12.7245260677005,0.615070820538034,3.6547064662468,0.141893850228261,0.409871090920934,0.117932629512128,9.47495501228834
"AAS",0.5897,2.8389018385983,0.50628089089503,0.567222189916654,4,1.25449624569064,12.7248123039078,0.615181386598202,3.65455572045374,0.141899806789677,0.40984716871346,0.117929909142683,9.47540645570046
"AAS",0.5917,2.84853013040294,0.503840764695827,0.564488344434281,4,1.25450182267905,12.7250911338806,0.615291030599433,3.65440639416236,0.141905685340955,0.409823453532013,0.117927283879865,9.47584872939106
"AAS",0.5957,2.86778671401222,0.498958586598396,0.559018495973099,4,1.2545126332502,12.7256316351428,0.615508319475612,3.65410644809666,0.141917214414009,0.409776027767858,0.1179218938825,9.47671676290253
"AAS",0.5977,2.87741500581686,0.496516557253619,0.556282518262512,4,1.25451787535719,12.725893770596,0.615615939720013,3.65395639660381,0.141922862936542,0.409752399303775,0.117919163718766,9.47714243013078
"AAS",0.5997,2.8870432976215,0.494073913275638,0.553545851934996,4,1.25452302862542,12.7261514305515,0.615722935504743,3.6538061544708,0.141928440153009,0.409728800955743,0.11791640589603,9.4775636487163
"AAS",0.6017,2.89667158942614,0.491630664872865,0.550808508427756,4,1.25452805916453,12.7264029514664,0.615829230577602,3.65365582386679,0.141933944906822,0.409705246823175,0.11791362034652,9.47797856972289
"AAS",0.6037,2.90629988123078,0.489186826068164,0.548070503451595,4,1.25453298482585,12.7266492466588,0.615934856275676,3.65350551729982,0.141939379231584,0.409681731655531,0.117910835034501,9.47838803117583
"AAS",0.6057,2.91592817303542,0.486742401294551,0.545331841973134,4,1.2545378421437,12.7268921020104,0.616039942373584,3.65335474998708,0.14194473827282,0.409658234620237,0.117907993612105,9.4787944152163
"AAS",0.6077,2.92555646484006,0.484297402562666,0.542592537448738,4,1.25454257646995,12.7271288063962,0.616144316436858,3.65320410600992,0.141950039444535,0.409634791082196,0.117905139783711,9.4791942564134
"AAS",0.6097,2.9351847566447,0.481851229541604,0.539851917285358,4,1.25454728226722,12.7273641064594,0.616248333150507,3.65305227970136,0.141955272130498,0.409611283665869,0.117902176915731,9.47959388827018
"AAS",0.6117,2.94481304844935,0.479405723995384,0.537112044941117,4,1.25455177610152,12.7275888042416,0.616351278394244,3.65290205547316,0.141960426113892,0.409587975660607,0.117899335022023,9.4799808066449
"AAS",0.6137,2.95444134025399,0.476959052012084,0.534370865755149,4,1.25455622320892,12.7278116429875,0.61645380467769,3.65275111326092,0.141965518409588,0.409564651625742,0.117896413571477,9.48036655712833
"AAS",0.6157,2.96406963205863,0.474511862185794,0.531629106393155,4,1.25456060624739,12.7280303125499,0.616555785523797,3.65259971948662,0.14197054757147,0.409541331707148,0.11789343507984,9.48074844158062
"AAS",0.6177,2.97369792386327,0.472064135485489,0.528886745533337,4,1.25456484430694,12.7282422154253,0.616656992189019,3.65244901380542,0.141975506009451,0.409518120399245,0.117890504358055,9.48112256881039
"AAS",0.6197,2.98332621566791,0.469615891036673,0.526143804603345,4,1.25456907055739,12.7284536360162,0.616757942949506,3.65229647720815,0.141980400915985,0.40949477190362,0.117887416923291,9.48149811903485
"AAS",0.6217,2.99295450747255,0.467167134657564,0.52340029012174,4,1.25457318769124,12.7286593428348,0.616858007863884,3.65214635542654,0.141985246813963,0.409471748487319,0.117884475036693,9.48186523052813
"AAS",0.6237,3.00258279927719,0.464717876380232,0.520656213328156,4,1.25457718424268,12.7288592569016,0.616957662002849,3.65199378231001,0.141989999602821,0.40944850390111,0.117881337023644,9.48222884618119
"AAS",0.6257,3.01221109108183,0.462268124472974,0.517911583486152,4,1.25458114812067,12.7290574061361,0.617056647304301,3.65184318666466,0.141994702921268,0.409425513732461,0.117878354242715,9.48258862087783
"AAS",0.6277,3.02183938288647,0.459817887820082,0.515166410549423,4,1.25458497940426,12.7292489182546,0.617155007814448,3.65169194866327,0.141999375969981,0.409402469134925,0.117875287304643,9.48294210082466
"AAS",0.6297,3.03146767469111,0.457367171722443,0.512420700456931,4,1.25458870951555,12.7294355073842,0.617252770738019,3.65154069729716,0.142003959907058,0.409379475414207,0.117872219126633,9.4832904992742
"AAS",0.6317,3.04109596649575,0.45491598868656,0.50967446722059,4,1.25459239682322,12.7296198483534,0.617350101880317,3.65138887053237,0.142008493835494,0.409356482439294,0.11786906974481,9.48363716334644
"AAS",0.6337,3.05072425830039,0.452464342800654,0.506927715420724,4,1.254596044141,12.7298022014655,0.617447046041549,3.65123617106494,0.142012967100105,0.409333442866899,0.117865841560546,9.48398268299701
"AAS",0.6357,3.06035255010503,0.4500122435608,0.504180455696455,4,1.2545995678491,12.7299779870686,0.617543129427925,3.6510855181357,0.142017396304027,0.409310658895321,0.117862747794246,9.48431924054602
"AAS",0.6377,3.06998084190967,0.447559694981967,0.501432692546036,4,1.25460298633206,12.7301493261449,0.617638761312091,3.6509336044704,0.14202175208435,0.409287770696602,0.117859559051237,9.48465247859125
"AAS",0.6397,3.07960913371431,0.445106708830495,0.498684439152127,4,1.25460639050244,12.7303195120345,0.617733985898057,3.6507815166533,0.142026054807416,0.409264944302737,0.117856307140475,9.48498472671062
"AAS",0.6417,3.08923742551895,0.442653290445913,0.495935701496981,4,1.25460969374209,12.7304847243622,0.617828518421492,3.65063049949169,0.142030316339528,0.409242238882492,0.117853149746038,9.48531068490568
"AAS",0.6437,3.0988657173236,0.440199444924411,0.493186485290218,4,1.25461291199908,12.7306452765457,0.617922591485862,3.65047844951673,0.14203449375155,0.409219480700863,0.117849889790937,9.48563287664195
"AAS",0.6457,3.10849400912824,0.437745183163708,0.490436802741319,4,1.25461604229873,12.7308021159754,0.618016111299001,3.65032658451229,0.142038635221388,0.409196774350784,0.117846624376725,9.48595100476864
"AAS",0.6477,3.11812230093288,0.435290513416814,0.487686663096716,4,1.25461912151316,12.730955649704,0.618109100089529,3.65017499430177,0.142042743195686,0.409174139093578,0.117843335571194,9.48626540060343
"AAS",0.6517,3.13737888454216,0.430379955602661,0.482185018837277,4,1.25462509571903,12.7312547672628,0.618293753669428,3.64987083240937,0.142050763110666,0.409128897928307,0.117836687785188,9.48688701135683
"AAS",0.6537,3.1470071763468,0.427924086007781,0.479433534918351,4,1.25462794264065,12.7313971070627,0.618385124929529,3.6497199334411,0.142054696516464,0.409106454756924,0.117833426525468,9.48718908293185
"AAS",0.6557,3.15663546815144,0.425467834851641,0.476681623509433,4,1.25463077380038,12.7315387025813,0.6184762240783,3.64956789860656,0.142058573742363,0.409083953532121,0.117830057068975,9.48749158268232
"AAS",0.6577,3.16626375995608,0.423011202009127,0.47392928447035,4,1.25463352336777,12.7316761710246,0.61856676920512,3.6494161402724,0.14206240907163,0.409061509130606,0.117826686741488,9.48778949430973
"AAS",0.6597,3.17589205176072,0.420554197674305,0.471176529222233,4,1.25463615147937,12.7318075770524,0.618656504495809,3.64926649955871,0.142066194951275,0.409039327839112,0.117823463130853,9.48807890871446
"AAS",0.6617,3.18552034356536,0.418096825265811,0.468423361595222,4,1.2546387826893,12.7319390831645,0.618746079020987,3.64911500520961,0.142069938638274,0.409016978134522,0.117820087707856,9.48837035877529
"AAS",0.6637,3.19514863537,0.415639094929861,0.465669792956837,4,1.2546413282313,12.7320663783971,0.618835120282525,3.64896365328257,0.142073630303252,0.408994705860127,0.11781668149913,9.48865727951941
"AAS",0.6657,3.20477692717464,0.413181008889254,0.462915825797437,4,1.25464379698027,12.7321898444475,0.618923642911552,3.6488124800366,0.142077274235154,0.408972471219745,0.117813282984428,9.48894003431011
"AAS",0.6677,3.21440521897928,0.410722573723544,0.460161467488561,4,1.25464621591128,12.7323107972559,0.619011804055223,3.64866048332791,0.142080870686256,0.408950176954737,0.117809810080605,9.48922103010343
"AAS",0.6697,3.22403351078392,0.408263795942109,0.457406725323122,4,1.25464857936539,12.7324289680227,0.619099420146501,3.64850941685389,0.142084432230918,0.408928029332682,0.117806374134139,9.48949817453222
"AAS",0.6717,3.23366180258856,0.405804679610493,0.454651603856039,4,1.25465087209997,12.7325436048355,0.61918655162062,3.64835843250011,0.142087941337599,0.408905927090041,0.117802939185926,9.48977156655701
"AAS",0.6737,3.24329009439321,0.403345231999833,0.451896111233677,4,1.25465311667209,12.7326558321778,0.619273267091668,3.64820727020931,0.142091419414507,0.408883839270293,0.117799460686182,9.49004263126558
"AAS",0.6757,3.25291838619785,0.400885457606744,0.449140252493914,4,1.25465532614812,12.7327663071412,0.619359638088707,3.64805563118619,0.142094812152534,0.408861756392016,0.117795949759556,9.49031241669168
"AAS",0.6777,3.26254667800249,0.398425361380368,0.446384033181618,4,1.25465741401853,12.7328706984759,0.61944526043248,3.64790566269339,0.142098192454925,0.408839864668406,0.117792535676715,9.49057410452597
"AAS",0.6797,3.27217496980713,0.395964335310337,0.443626772099896,4,1.2546594818267,12.7329740925299,0.619530607160658,3.64775497924524,0.142101523378161,0.408817944810826,0.117789043109107,9.49083551870676
"AAS",0.6817,3.28180326161177,0.393503612030047,0.440869850254874,4,1.25466147779817,12.7330738940314,0.619615474938743,3.64760422954584,0.142104811581596,0.408796029599836,0.117785545198294,9.49109325845724
"AAS",0.6837,3.29143155341641,0.391043198822682,0.438113275806422,4,1.25466346157382,12.7331730785478,0.619699878492671,3.64745454093819,0.142108066424854,0.408774284391221,0.117782100217138,9.49134928681524
"AAS",0.6857,3.30105984522105,0.388581254103307,0.435354985497046,4,1.25466533267647,12.7332666349017,0.619783895301033,3.64730351994591,0.142111283633858,0.408752411229064,0.117778520413242,9.49160079859269
"AAS",0.6877,3.31068813702569,0.386119628823086,0.432597053077885,4,1.2546671821329,12.7333591764286,0.61986745017774,3.64715345940537,0.142114447781923,0.408730696457333,0.117775005126495,9.49185030226712
"AAS",0.6897,3.32031642883033,0.383657711623753,0.429838793601154,4,1.2546689827033,12.7334492127871,0.619950602590609,3.64700328178082,0.142117575584286,0.408708992530502,0.117771466189408,9.49209732239461
"AAS",0.6917,3.32994472063497,0.381195510210859,0.427080215699925,4,1.25467072696743,12.7335363709764,0.620033287291418,3.64685353924241,0.142120660723365,0.408687379612061,0.11776793719093,9.49234090704491
"AAS",0.6937,3.33957301243961,0.378733641562985,0.424322010618818,4,1.25467245247939,12.7336226231247,0.620115557343008,3.64670433641612,0.142123720326909,0.408665876982583,0.117764408940779,9.49258300396622
"AAS",0.6957,3.34920130424425,0.376270879819994,0.421562804940261,4,1.2546740726288,12.7337036310465,0.620197398390589,3.646554392171,0.142126730918698,0.408644239150944,0.117760883581601,9.49282039238344
"AAS",0.6977,3.35882959604889,0.373807847218836,0.418803295800196,4,1.25467569584747,12.7337847926075,0.620278865004576,3.64640526692029,0.142129698416567,0.408622838145605,0.117757304432052,9.49305713419287
"AAS",0.6997,3.36845788785353,0.371343929182718,0.416042794644897,4,1.25467720779257,12.7338603844104,0.620359908831568,3.64625527655456,0.142132611613267,0.40860132124499,0.117753693857883,9.49328895956537
"AAS",0.7017,3.37808617965817,0.36888098208242,0.413283381297475,4,1.25467876552488,12.7339379505645,0.620440608762972,3.64610625250684,0.142135520087537,0.408579964717674,0.117750111830884,9.49352186542091
"AAS",0.7037,3.38771447146282,0.366416539134756,0.410522292046749,4,1.25468015653587,12.7340078214487,0.620520751189212,3.64595696358485,0.14213836926183,0.408558565846631,0.117746521568679,9.49374700734203
"AAS",0.7057,3.39734276326746,0.363953075161381,0.407762299609965,4,1.2546815923215,12.7340796157932,0.620600555927358,3.64580862342921,0.142141210144688,0.408537336787298,0.117742954243972,9.49397320038856
"AAS",0.7077,3.4069710550721,0.361488128707093,0.405000646245254,4,1.25468291749867,12.7341458629745,0.620679980643528,3.64565926093142,0.142143982705646,0.408516000621159,0.117739321747955,9.49419467202629
"AAS",0.7097,3.41659934687674,0.359023551380883,0.402239406440765,4,1.25468423076263,12.7342115390535,0.62075900195459,3.64551062035275,0.14214675218215,0.408494776904199,0.117735705744796,9.49441480197297
"AAS",0.7117,3.42622763868138,0.356559347527442,0.39947858506416,4,1.25468552764317,12.7342763819638,0.620837602537089,3.64536290980556,0.142149462022258,0.40847372668619,0.117732136324259,9.49463315132293
"AAS",0.7137,3.43585593048602,0.354094290120716,0.396716807391609,4,1.25468674756962,12.7343373774423,0.620915855761621,3.64521431174546,0.14215217562628,0.408452559805392,0.117728474704644,9.49484835894181
"AAS",0.7157,3.44548422229066,0.351628995700224,0.393954764175818,4,1.25468789519057,12.7343947591093,0.620993658611831,3.64506601560723,0.142154816556779,0.408431450529718,0.117724854732742,9.49505952504072
"AAS",0.7177,3.4551125140953,0.349162854983072,0.39119177279419,4,1.25468903907514,12.7344519962901,0.621071192987646,3.64491771725385,0.142157421201283,0.408410398113477,0.117721203979657,9.49527056713796
"AAS",0.7197,3.46474080589994,0.346697720204192,0.388429908436158,4,1.25469014512458,12.7345072559909,0.621148255422393,3.64477023433778,0.142160012265943,0.40838947716294,0.11771756436569,9.49547870705358
"AAS",0.7217,3.47436909770458,0.34423112908991,0.385666412442859,4,1.25469118898875,12.7345594450373,0.621224995385602,3.64462232199083,0.142162543522946,0.408368515066213,0.117713917191029,9.49568411111153
"AAS",0.7237,3.48399738950922,0.341765551717681,0.382904052216282,4,1.25469222995848,12.7346114974555,0.621301347338658,3.64447516768898,0.142165066746312,0.40834767140804,0.117710292068424,9.49588859356831
"AAS",0.7257,3.49362568131386,0.339299141182093,0.38014075853803,4,1.25469317924331,12.7346589613272,0.621377300490011,3.64432757364197,0.14216755130008,0.408326802584482,0.117706609176264,9.49608874055327
"AAS",0.7277,3.5032539731185,0.336832518697188,0.37737722739801,4,1.25469411095675,12.7347055482375,0.621452924396076,3.64418016921323,0.142170027506554,0.408305980741769,0.117702902503221,9.49628777081548
"AAS",0.7297,3.51288226492314,0.334365687358555,0.374613462264428,4,1.25469500538786,12.7347502688377,0.62152816096779,3.64403327271381,0.142172449124607,0.408285245327306,0.117699241958043,9.49648436639169
"AAS",0.7317,3.52251055672778,0.331898650480467,0.371849466850499,4,1.25469586255468,12.7347931277935,0.621603036530318,3.64388657259565,0.142174843450179,0.408264560183444,0.117695573250108,9.49667882547505
"AAS",0.7337,3.53213884853243,0.329431411479423,0.369085244983966,4,1.25469668979148,12.7348344895623,0.621677575890041,3.64374001648315,0.142177199728925,0.408243934881041,0.11769189058256,9.49687159478866
"AAS",0.7357,3.54176714033707,0.326963974302527,0.366320801087048,4,1.25469745165976,12.7348725820646,0.621751731466861,3.64359332896085,0.142179534478798,0.408223291670604,0.117688190635939,9.49706107866035
"AAS",0.7377,3.55139543214171,0.324495724264832,0.363555446484846,4,1.25469818411461,12.7349092096251,0.621825535477025,3.6434471793655,0.14218181648859,0.408202755013954,0.117684525130925,9.49724851693983
"AAS",0.7397,3.56102372394635,0.322028516430163,0.360791259536202,4,1.25469890391852,12.7349451951818,0.621899011107663,3.64330110272019,0.142184103149425,0.408182234373429,0.117680824880427,9.4974351966231
"AAS",0.7417,3.57065201575099,0.319560502773367,0.358026169768193,4,1.25469959091633,12.7349795464123,0.621972148330779,3.64315544347178,0.142186326102106,0.408161829024,0.117677148215253,9.49761978556801
"AAS",0.7437,3.58028030755563,0.317092303405901,0.355260871935423,4,1.25470020223679,12.7350101112771,0.622044899272967,3.64300941985045,0.142188571193106,0.408141354326711,0.117673400399613,9.49780074241892
"AAS",0.7457,3.58990859936027,0.314623921429255,0.35249536951271,4,1.25470081590133,12.7350407946486,0.622117315640293,3.64286443234616,0.142190730280068,0.408121075005246,0.117669738695116,9.49798083963585
"AAS",0.7477,3.59953689116491,0.31215536025461,0.349729666321839,4,1.2547013547768,12.7350678410092,0.622189339092917,3.64271931655125,0.142192884126506,0.408100748760894,0.117666065277648,9.4981572476314
"AAS",0.7497,3.60916518296955,0.309686622347573,0.346963765125203,4,1.25470185718899,12.7350928593321,0.622261035209838,3.6425741257222,0.142195043197857,0.408080439795541,0.117662337611153,9.49833159032069
"AAS",0.7517,3.61879347477419,0.307217710858468,0.344197669452335,4,1.25470239209745,12.7351196049535,0.622332606174522,3.64242851813873,0.142197135356675,0.408060159099485,0.117658569523245,9.4985082335073
"AAS",0.7537,3.62842176657883,0.304748629211267,0.341431383139352,4,1.25470285958406,12.73514297904,0.622403694041682,3.64228378715932,0.14219924397103,0.408039964542064,0.11765481534794,9.4986804128156
"AAS",0.7557,3.63805005838347,0.302279379807339,0.338664908876674,4,1.25470329975995,12.7351649879277,0.622474453849204,3.64213963460393,0.142201230898386,0.408019934784656,0.117651141749616,9.49885067758695
"AAS",0.7577,3.64767835018811,0.299809965425986,0.335898249778152,4,1.25470370058865,12.7351850293856,0.622544941664049,3.64199472204449,0.142203289143705,0.407999743129898,0.117647366971926,9.49901957797739
"AAS",0.7597,3.65730664199275,0.297340389114785,0.3331314092582,4,1.25470407557536,12.7352037784562,0.622615022965516,3.64185113048157,0.142205259142099,0.407979771263909,0.11764370571533,9.49918585203565
"AAS",0.7617,3.66693493379739,0.294870036161779,0.330363698611658,4,1.25470439054456,12.7352194348831,0.622684819522112,3.64170682493275,0.142207219848442,0.407959724001842,0.117639950848216,9.49934960444171
"AAS",0.7637,3.67656322560204,0.292400761459345,0.327597196005279,4,1.25470469530395,12.7352347655105,0.622754270990852,3.64156312082752,0.142209198123192,0.407939762552331,0.117636202627654,9.4995123830525
"AAS",0.7657,3.68619151740668,0.289930715259693,0.324829829036155,4,1.25470497514019,12.7352487568975,0.622823442147194,3.6414195583923,0.142211114933112,0.407919857777655,0.117632465553806,9.49967366295975
"AAS",0.7677,3.69581980921132,0.287459900739863,0.322061601263745,4,1.25470522218562,12.735261095854,0.622892292812088,3.64127634565304,0.142212998488957,0.40790001041121,0.117628746697444,9.49983287005074
"AAS",0.7697,3.70544810101596,0.284990172672702,0.319294590720889,4,1.25470544230128,12.7352721150559,0.622960797726658,3.6411334737956,0.142214860392518,0.407880238108021,0.117625021142432,9.49999035843532
"AAS",0.7717,3.7150763928206,0.282519680995733,0.316526724652106,4,1.25470567857792,12.7352839257927,0.623029220345795,3.64098953492321,0.142216722742331,0.407860366001333,0.117621184646133,9.50014976644227
"AAS",0.7737,3.72470468462524,0.280049045813257,0.313758697803983,4,1.25470578253864,12.7352891266672,0.623096945072151,3.64084760637403,0.142218559167123,0.40784070819897,0.117617491275743,9.50030018870939
"AAS",0.7757,3.73433297642988,0.27757826990151,0.310990513286932,4,1.25470599188865,12.7352997895539,0.62316475198638,3.64070489875569,0.142220325557333,0.407821064107032,0.117613721994761,9.50045721158987
"AAS",0.7777,3.74396126823452,0.275107354293277,0.308222172258055,4,1.25470596625118,12.7352983124489,0.623231645517999,3.64056406766009,0.142222129213313,0.407801523805364,0.117610099100323,9.50059951804827
"AAS",0.7797,3.75358956003916,0.272636303190849,0.305453679425474,4,1.25470610330653,12.7353051648236,0.623298888665699,3.64042099112881,0.142223854933525,0.407781844092374,0.117606296648397,9.50075294262287
"AAS",0.7817,3.7632178518438,0.270165118239974,0.302685036633039,4,1.25470615161393,12.7353075805001,0.623365580684408,3.64027935495937,0.142225579265082,0.407762346507266,0.117602548863677,9.50090022790732
"AAS",0.7837,3.77284614364844,0.267693801975139,0.299916246720312,4,1.25470615609906,12.7353078048968,0.623431997569248,3.64013736071638,0.142227287780516,0.407742806823152,0.117598764525996,9.50104558593299
"AAS",0.7857,3.78247443545308,0.265222356652502,0.297147312215028,4,1.25470615244199,12.7353076220293,0.623498110557201,3.63999592643344,0.142229023432262,0.407723340200338,0.117594966153519,9.50118990947079
"AAS",0.7877,3.79210272725772,0.262750784176299,0.294378235250635,4,1.25470612473441,12.7353062365149,0.62356395993993,3.63985466461669,0.142230666127944,0.407703934964768,0.117591226807453,9.50133288365748
"AAS",0.7897,3.80173101906236,0.260279086714769,0.291609018256365,4,1.25470612071522,12.7353064792197,0.623629644836123,3.63971340060587,0.142232320754553,0.407684581102027,0.117587411221303,9.50147754767187
"AAS",0.7917,3.811359310867,0.257807267890988,0.288839665291407,4,1.25470598941048,12.7352994700001,0.623694727450748,3.63957335968457,0.142233885402393,0.407665335788208,0.11758377078486,9.50161342721532
"AAS",0.7937,3.82098760267164,0.255334710541294,0.286069484903779,4,1.25470585887156,12.7352928653304,0.623759807470567,3.63943120153948,0.142235526182903,0.407645835782767,0.117579872108871,9.50175181568171
"AAS",0.7957,3.83061589447629,0.252863270620937,0.283300556451049,4,1.25470574546879,12.7352872740779,0.623824353754147,3.63929265509989,0.142237055674011,0.40762685911537,0.117576268794812,9.50188767620669
"AAS",0.7977,3.84024418628093,0.250391097001026,0.280530805982963,4,1.25470522698009,12.7352613491356,0.623886958736386,3.63916302728022,0.142238672727045,0.407608733206483,0.117573289024937,9.50199295250151
"AAS",0.7997,3.84987247808557,0.247918191656139,0.277760235711776,4,1.25470539793214,12.7352698721463,0.623953030993249,3.63901097256111,0.142240183354714,0.40758832171176,0.117568601919722,9.50215748128945
"NTS",0.0211,0.997997018757085,0.892561406424373,0.999999495718852,4,1.24116592366595,12.0582961843295,0.550417511729767,3.57919965222407,0.133157855668853,0.407157500830235,0.112739106589867,8.85992388583091
"NTS",0.0210294314381271,0.994659236085657,0.892558569665246,0.999996317497526,4,1.24127703174131,12.0638515867559,0.551064437102118,3.57451426709745,0.133198297741577,0.406642955521741,0.11242421455108,8.87048219002137
"NTS",0.0209588628762542,0.991321453414229,0.892553084431954,0.999990172003797,4,1.24138901913494,12.0694509568252,0.55171600092911,3.56979962500232,0.133238886802535,0.406124234587729,0.112107505427969,8.88111682461389
"NTS",0.0208882943143813,0.9879836707428,0.892544914511894,0.999981018666132,4,1.24150187315961,12.0750936583449,0.552372160355945,3.56505582810547,0.13327961464549,0.405601333641052,0.111789006221625,8.89182702069498
"NTS",0.0208177257525084,0.984645888071372,0.892534023380491,0.999968816563473,4,1.24161559787706,12.0807798961882,0.553032914482146,3.56028306884471,0.133320480167669,0.405074263968324,0.111468752671241,8.9026127958038
"NTS",0.0207471571906355,0.981308105399943,0.892520374417891,0.999953524668014,4,1.24173018727675,12.0865093606479,0.553698236709673,3.55548146266039,0.133361474794808,0.404543037327615,0.111146755514397,8.91347371138253
"NTS",0.0206765886287625,0.977970322728515,0.892503930463579,0.999935101346211,4,1.24184563981527,12.0922819922983,0.554368112990236,3.55065118560328,0.133402594717323,0.404007663576914,0.110823046704849,8.9244095249162
"NTS",0.0206060200668896,0.974632540057087,0.892484654328671,0.999913504932733,4,1.24196195604209,12.0980978020773,0.555042544065367,3.54579226496908,0.133443827125379,0.403468131392908,0.110497653007866,8.93542023267445
"NTS",0.0205354515050167,0.971294757385658,0.892462508380724,0.999888693265301,4,1.2420791263022,12.103956317618,0.555721476435046,3.54090503355519,0.13348518950148,0.402924466018158,0.11017060341768,8.94650497198263
"NTS",0.0204648829431438,0.96795697471423,0.892437454997846,0.999860624193455,4,1.24219714798655,12.1098574001838,0.55640490264402,3.53598950944969,0.133526655989028,0.402376672692331,0.109841916048755,8.95766360453505
"NTS",0.0203943143812709,0.964619192042802,0.892409455850342,0.999829254773734,4,1.24231603925673,12.1158019628598,0.557092867112279,3.53104586466736,0.133568227969392,0.401824767675187,0.10951161163715,8.96889690982631
"NTS",0.0202531772575251,0.957943626699945,0.892344466756997,0.999756442908797,4,1.24255635503416,12.1278177516239,0.558482161259754,3.52107457744701,0.133651666928857,0.400708566609084,0.108846291233948,8.99158320543697
"NTS",0.0201826086956522,0.954605844028516,0.892307399186297,0.999714913494978,4,1.24267779121204,12.1338895599803,0.55918349936252,3.51604733257363,0.133693527120103,0.400144334149262,0.108511301331208,9.00303639892805
"NTS",0.0201120401337793,0.951268061357088,0.892267230734282,0.999669909945115,4,1.24280004956039,12.1400024808209,0.559889202289107,3.51099245408024,0.133735480793086,0.399575979589633,0.108174813108928,9.01456127709148
"NTS",0.0200414715719064,0.94793027868566,0.89222392153283,0.999621387592143,4,1.24292316726035,12.1461583631686,0.56059937281564,3.50591007502956,0.133777511912375,0.399003536288774,0.10783683614846,9.0261596611156
"NTS",0.0199709030100334,0.944592496014231,0.892177431920926,0.999569302001028,4,1.2430471519703,12.1523576017625,0.56131402512781,3.50080034247417,0.133819621934183,0.398427027390713,0.107497373340293,9.03783181359846
"NTS",0.0199003344481605,0.941254713342803,0.892127722027914,0.999513608501862,4,1.2431719537743,12.1585976885198,0.562033001678932,3.49566337397416,0.133861807768441,0.397846422474096,0.107156483006846,9.04957497365366
"NTS",0.0198297658862876,0.937916930671374,0.892074750799635,0.999454261098775,4,1.24329759156414,12.1648795782804,0.562756351780695,3.4904992904915,0.133904063960328,0.397261742225338,0.106814174867363,9.06139002323015
"NTS",0.0197591973244147,0.934579147999946,0.892018483296591,0.999391220646584,4,1.24342405258399,12.1712026259228,0.563483994393661,3.48530872833187,0.13394638286485,0.396673052995539,0.106470503534552,9.07327564161538
"NTS",0.0196886287625418,0.931241365328518,0.891958861806702,0.999324422486375,4,1.24355137162751,12.1775685807713,0.564216131894083,3.48009025050599,0.133988772812492,0.396080179168604,0.106125392685247,9.0852351218105
"NTS",0.0196180602006689,0.927903582657089,0.891895861009968,0.999253838250365,4,1.24367951046738,12.1839755233631,0.564952540249199,3.47484548343694,0.134031217063769,0.395483299319925,0.105778963150519,9.09726480022115
"NTS",0.019547491638796,0.924565799985661,0.891829433756721,0.999179415113458,4,1.24380847850443,12.1904239278151,0.565693272253779,3.46957406674148,0.134073716312854,0.394882364262965,0.105431207249041,9.10936553802324
"NTS",0.0194769230769231,0.921228017314233,0.891759538184753,0.999101106174467,4,1.24393827455011,12.1969137296157,0.566438318665303,3.46427609294526,0.134116266892525,0.394277376110612,0.105082144100082,9.12153717502328
"NTS",0.0194063545150502,0.917890234642804,0.891686131340574,0.99901886330957,4,1.24406889676697,12.2034448372879,0.567187667205187,3.45895166844783,0.134158864764796,0.393668339456033,0.104731796119158,9.13377950547684
"NTS",0.0193357859531773,0.914552451971376,0.891609170917878,0.998932639120027,4,1.24420034202869,12.2100171026432,0.567941299743677,3.45360094196536,0.134201503865059,0.393055261214907,0.104380193649622,9.14609222517737
"NTS",0.0192652173913043,0.911214669299947,0.891528612718519,0.998842384087538,4,1.24433261429197,12.2166307148688,0.568699231392694,3.44822386715974,0.134244187806026,0.392438129802024,0.104027333604121,9.1584755767937
"NTS",0.0191946488294314,0.907876886628519,0.891444413776687,0.998748050074476,4,1.24446570535449,12.2232852673216,0.569461420906653,3.44282069287479,0.134286903370568,0.391816962096428,0.103673267827743,9.1709288844465
"NTS",0.0191240802675585,0.904539103957091,0.891356530137053,0.998649587834586,4,1.24459961609911,12.2299808041775,0.570227867405372,3.43739148464434,0.134329654287489,0.391191763324997,0.103317997094378,9.18345212203243
"NTS",0.0190535117056856,0.901201321285662,0.891264917007339,0.99854694718392,4,1.24473434583154,12.2367172918909,0.570998571194776,3.43193622194953,0.134372433259078,0.39056251720376,0.102961543307217,9.19604528371288
"NTS",0.0189829431438127,0.897863538614234,0.891169530067822,0.998440078467965,4,1.24486989258721,12.243494628605,0.571773510532648,3.42645513553372,0.134415239417938,0.389929245455661,0.102603933458236,9.2087080198177
"NTS",0.0189123745819398,0.894525755942806,0.891070323939649,0.998328930845593,4,1.24500625512668,12.2503127563319,0.572552679584052,3.42094826964185,0.134458068385905,0.3892919441063,0.102245183668989,9.22144022640543
"NTS",0.0188418060200669,0.891187973271377,0.89096725279892,0.998213452977056,4,1.2451434320579,12.2571716050972,0.573336071041672,3.41541568130385,0.134500919319371,0.388650611141495,0.101885314311033,9.23424177174244
"NTS",0.018771237458194,0.887850190599949,0.890860271376994,0.998093594144703,4,1.24528142184357,12.2640710945706,0.574123671353503,3.40985751255622,0.134543783613872,0.388005260086101,0.101524345878277,9.24711242977841
"NTS",0.0187006688963211,0.88451240792852,0.890749332338183,0.997969301315024,4,1.24542021939645,12.2710109717975,0.574915470166831,3.40427370016801,0.134586659745707,0.387355859417065,0.101162299408706,9.260052001314
"NTS",0.0186301003344482,0.881174625257092,0.890634390115283,0.997840523435867,4,1.2455598368925,12.2779918445758,0.575711479863046,3.39866458342688,0.134629551218872,0.3867024604556,0.100799193023015,9.27306076732585
"NTS",0.0185595317725753,0.877836842585664,0.890515395615135,0.997707205504703,4,1.24570026044563,12.2850130201492,0.576511676647517,3.3930299470074,0.134672447781891,0.386045017804124,0.100435038334273,9.28613823229741
"NTS",0.0184889632107023,0.874499059914235,0.890392302684289,0.997569295812567,4,1.24584149218413,12.2920746130085,0.577316048961521,3.38737004730853,0.134715349021011,0.385383557345856,0.100069862313681,9.29928424912495
"NTS",0.0184183946488294,0.871161277242807,0.890265062599102,0.997426739770925,4,1.24598353171359,12.2991765852733,0.578124595492306,3.38168488070162,0.134758256153688,0.384718065877013,0.0997036764243447,9.31249877931098
"NTS",0.0183478260869565,0.867823494571379,0.890133627140909,0.997279483357007,4,1.24612637944614,12.3063189717764,0.578937310988438,3.37597457976589,0.134801153596019,0.38404856156387,0.0993365093767953,9.32578173527575
"NTS",0.0182772575250836,0.86448571189995,0.889997946733653,0.997127471027257,4,1.24627003174205,12.3135015867811,0.57975418356086,3.37023914685906,0.134844050942509,0.383375026047584,0.0989683712444735,9.33913290930233
"NTS",0.0182066889632107,0.861147929228522,0.88985797213666,0.996970647613877,4,1.24641448977041,12.3207244875447,0.58057521115003,3.36447867802795,0.134886941767262,0.382697465832799,0.0985992805868752,9.35255226586163
"NTS",0.0180655518394649,0.854472363885665,0.88956493970579,0.99664234271408,4,1.24670581890305,12.3352909474127,0.582229707202609,3.35288284869591,0.134972692437046,0.381330264993944,0.0978583100094194,9.37959509926038
"NTS",0.017994983277592,0.851134581214237,0.889411781191954,0.996470748428803,4,1.24685265231712,12.3426326096316,0.583063061401542,3.3470475277311,0.135015548690856,0.38064059591487,0.0974864724186588,9.39321653975109
"NTS",0.0179244147157191,0.847796798542808,0.88925412337658,0.996294113258679,4,1.24700034098861,12.3500170497632,0.58390069670137,3.34118752401731,0.135058385965977,0.379946937550011,0.0971137442336791,9.40690842409854
"NTS",0.0178538461538462,0.84445901587138,0.88909191843621,0.996112383623714,4,1.24714883462129,12.3574417292953,0.584742474157479,3.33530269823949,0.135101200449244,0.379249235356443,0.0967401427472609,9.4206682341701
"NTS",0.0177832775919732,0.841121233199952,0.888925109533243,0.995925495844736,4,1.24729811140057,12.364905571145,0.585588323781183,3.32939311367646,0.135143995664377,0.378547486675685,0.0963656931764034,9.43449475700351
"NTS",0.0177127090301003,0.837783450528523,0.888753647018078,0.995733394295794,4,1.24744818870919,12.3724094353642,0.586438288628215,3.3234589107642,0.13518676579739,0.37784170623816,0.0959904113134319,9.4483887609527
"NTS",0.0176421404682274,0.834445667857095,0.888577476368987,0.995536017892352,4,1.24759906089744,12.3799530466487,0.587292353387846,3.31750007355881,0.135229516582026,0.377131877678347,0.0956143044182842,9.462349965215
"NTS",0.0175715719063545,0.831107885185666,0.888396541490917,0.995333303787164,4,1.24775074566077,12.3875372828441,0.588150568983186,3.31151665749496,0.135272223591354,0.37641801752105,0.0952374026454941,9.47637925694126
"NTS",0.0175010033444816,0.827770102514238,0.88821079017485,0.995125193486787,4,1.24790322370075,12.3951611853992,0.58901287385725,3.30550872025521,0.135314902179614,0.375700109671283,0.0948597120966465,9.49047555271964
"NTS",0.0174304347826087,0.82443231984281,0.888020167913883,0.994911625923292,4,1.24805650186489,12.4028250919166,0.589879284110139,3.29947631780458,0.135357552463206,0.37497815173404,0.0944812452359985,9.50463914915613
"NTS",0.0173598662207358,0.821094537171381,0.887824613335797,0.994692532337054,4,1.24821057738558,12.4105288684112,0.590749799949038,3.2934193555744,0.135400164491568,0.374252128819232,0.0941020188400308,9.51887000664802
"NTS",0.0172892976588629,0.817756754499953,0.887624076051757,0.994467856273906,4,1.2483654522692,12.4182726143132,0.591624414995142,3.28733802855613,0.135442734233479,0.37352205627514,0.0937220567257855,9.53316803513201
"NTS",0.01721872909699,0.814418971828525,0.887418496258772,0.994237530732341,4,1.24852113404516,12.426056702191,0.592503154994854,3.28123227923494,0.135485270418973,0.372787921105479,0.0933413516708679,9.54753367494426
"NTS",0.0165130434782609,0.781041145114241,0.88507237929238,0.991609010423931,4,1.25012190918604,12.5060954590301,0.601515878254454,3.21883867549607,0.135907903435618,0.365222091581192,0.0894973595990983,9.69487975681085
"NTS",0.016442474916388,0.777703362442812,0.884807390755812,0.991312125076848,4,1.25028639380335,12.5143196900333,0.602439699197639,3.21246618780289,0.135949853298183,0.364442946719954,0.0891095567752016,9.709983434118
"NTS",0.0163719063545151,0.774365579771384,0.884536621525959,0.991008763211367,4,1.25045168069476,12.5225840319783,0.603367629236032,3.20606944206068,0.135991739447476,0.363659660010524,0.0887211810200271,9.72515431730344
"NTS",0.0163013377926421,0.771027797099956,0.884260006417798,0.990698851796109,4,1.25061777160895,12.5308885811282,0.604299677130736,3.19964841526477,0.136033557137528,0.362872221518074,0.0883322422502937,9.74039253644707
"NTS",0.0162307692307692,0.767690014428527,0.883977483472173,0.990382321413862,4,1.25078467214136,12.5392336071252,0.60523583875215,3.19320339156644,0.136075310476998,0.36208065919091,0.0879427719016375,9.75569807358283
"NTS",0.0161602006688963,0.764352231757099,0.883688986053041,0.990059097407568,4,1.25095237452364,12.5476187257726,0.606176103067827,3.18673422188243,0.136116993064601,0.361284948941877,0.0875527615276729,9.77107068602124
"NTS",0.0160896321070234,0.76101444908567,0.883394435997514,0.98972909220583,4,1.25112088389216,12.5560441934625,0.607120501267402,3.18024069837181,0.136158599665986,0.360485054173918,0.0871622252168014,9.78651085925958
"NTS",0.0160190635451505,0.757676666414242,0.883093774473584,0.989392239894999,4,1.25129018978698,12.5645094884874,0.608068980579291,3.17372312671068,0.136200142520154,0.359680996180731,0.0867711857906419,9.80201771439063
"NTS",0.0159484949832776,0.754338883742814,0.882786928209126,0.989048458383148,4,1.25146030677558,12.5730153386084,0.60902159452898,3.1671813741939,0.136241604970201,0.358872764208901,0.0863796484669902,9.81759217107387
"NTS",0.0158779264214047,0.751001101071385,0.88247382670436,0.988697668684398,4,1.2516312396482,12.581561976924,0.60997836123641,3.16061542701555,0.136282983040557,0.358060349524741,0.0859876231677867,9.83323449110569
"NTS",0.0158073578595318,0.747663318399957,0.882154399539372,0.988339791902356,4,1.25180297087883,12.590148561074,0.610939218829983,3.15402539640397,0.13632429843955,0.357243743677578,0.0855951246011767,9.848943647294
"NTS",0.0157367892976589,0.744325535728529,0.8818285688107,0.987974740756276,4,1.25197552395547,12.5987762002786,0.611904255327126,3.14741103432197,0.136365523527612,0.356422921669957,0.0852021573321947,9.86472109155268
"NTS",0.015666220735786,0.7409877530571,0.881496268167207,0.987602440908301,4,1.25214888528375,12.6074442719429,0.612873416255979,3.1407725815528,0.13640666870207,0.355597902791116,0.0848087414854371,9.88056590603885
"NTS",0.015595652173913,0.737649970385672,0.881157419641485,0.987222805006044,4,1.25232305465689,12.6161527327837,0.613846718408203,3.13410979110501,0.136447730071318,0.354768639950952,0.0844148756844789,9.89647830537603
"NTS",0.0155250836120401,0.734312187714243,0.880811948814583,0.986835749672708,4,1.25249803745862,12.6249018726005,0.614824167776942,3.12742281633522,0.136488706606282,0.353935152696424,0.0840205804227072,9.9124584315612
"NTS",0.0154545150501672,0.730974405042815,0.88045978044048,0.986441190604865,4,1.25267383483377,12.6336917407919,0.615805773714533,3.12071158516865,0.136529596697943,0.353097422230316,0.0836258626958401,9.92850641402139
"NTS",0.0153839464882943,0.727636622371387,0.880100839510775,0.986039043765315,4,1.25285044819976,12.6425224107717,0.616791537657881,3.11397615308768,0.136570397711807,0.352255448042458,0.0832307364987915,9.94462227201637
"NTS",0.0153133779264214,0.724298839699958,0.879735042862288,0.985629215980481,4,1.25302787807622,12.6513939042771,0.61778147241445,3.10721636495722,0.13661110940003,0.351409202103517,0.082835204198584,9.96080618728205
"NTS",0.0152428093645485,0.72096105702853,0.879362310746357,0.985211617902314,4,1.2532061261106,12.6603063064243,0.618775585805047,3.10043219581525,0.136651731333121,0.350558670712061,0.0824392779121006,9.97705827349248
"NTS",0.0151722408026756,0.717623274357101,0.878982573227022,0.984786171176624,4,1.25338519236927,12.6692596193967,0.619773868446594,3.09362379589212,0.136692256209441,0.349703870359456,0.082042974455943,9.993378385646
"NTS",0.0151016722408027,0.714285491685673,0.878595735440579,0.984352769520913,4,1.25356508155502,12.6782540795715,0.620776355340592,3.08679088023411,0.13673268829554,0.348844752766088,0.0816462898040937,10.009767058031
"NTS",0.0150311036789298,0.710947709014245,0.878201726169871,0.983911333145577,4,1.25374579167475,12.6872895793967,0.621783025608385,3.07993365921308,0.136773024962192,0.347981339148876,0.0812492481105661,10.0262239625584
"NTS",0.0149605351170569,0.707609926342816,0.877800462821474,0.983461769515378,4,1.25392732886033,12.6963664464764,0.622793901815133,3.07305212396134,0.136813262018836,0.34711362219167,0.0808518577309852,10.042749454449
"NTS",0.0148899665551839,0.704272143671388,0.877391850063889,0.983003971823714,4,1.25410968714849,12.7054843571998,0.623808979381217,3.06614602646334,0.136853402547165,0.346241561012501,0.0804541201226906,10.0593434435899
"NTS",0.014819397993311,0.70093436099996,0.87697581977453,0.982537863748048,4,1.25429287442397,12.7146437232455,0.624828284194039,3.05921546353454,0.136893441062293,0.345365150168319,0.0800560449748425,10.0760062750518
"NTS",0.0147488294314381,0.697596578328531,0.876552268606843,0.982063329501945,4,1.25447688864501,12.7238444306727,0.625851807017248,3.05226034053038,0.136933371563688,0.344484386655419,0.0796576447110619,10.0927379191197
"NTS",0.0146782608695652,0.694258795657103,0.876121117414569,0.98158028041227,4,1.25466173405695,12.7330867003779,0.626879570091365,3.04528066058007,0.13697320250886,0.343599253528809,0.0792589266128439,10.109538602061
"NTS",0.0146076923076923,0.690921012985674,0.875682268086242,0.981088606557827,4,1.25484741493298,12.7423707471295,0.627911600946134,3.03827620981228,0.137012931304011,0.342709713148635,0.0788598912409355,10.1264087698681
"NTS",0.0145371237458194,0.687583230314246,0.875235646351254,0.980588224728017,4,1.25503392303953,12.751696149853,0.62894785268053,3.03124726175222,0.137052545864674,0.341815802742212,0.0784605661331179,10.1433477068602
"NTS",0.0144665551839465,0.684245447642818,0.874781153853161,0.980079024727177,4,1.25522127085719,12.7610635429016,0.629988380656233,3.02419361696021,0.137092052518416,0.340917481739444,0.0780609487813708,10.1603562798897
"NTS",0.0143959866220736,0.680907664971389,0.874318698488586,0.979560903365398,4,1.25540945133754,12.7704725668535,0.631033163839601,3.01711527113123,0.137131453109989,0.340014739305841,0.077661052010154,10.1774341093927
"NTS",0.0143254180602007,0.677569882299961,0.873848187110698,0.979033756283717,4,1.25559847591703,12.7799237959161,0.632082244620813,3.0100121341733,0.137170738568821,0.339107562470425,0.0772608789941053,10.1945819024709
"NTS",0.0142548494983278,0.674232099628533,0.873369523482672,0.97849747566123,4,1.25578835395666,12.7894176984626,0.633135649232928,3.00288422859669,0.1372099115973,0.338195947067189,0.0768604420936935,10.2118001220345
"NTS",0.0141842809364549,0.670894316957104,0.872882627315978,0.977951971545035,4,1.25597904553858,12.7989522753849,0.634193258062554,2.99573160043928,0.137248968039634,0.337279880704209,0.0764597611333028,10.2290866220888
"NTS",0.0141137123745819,0.667556534285676,0.872387357297518,0.9773970856121,4,1.25617060659583,12.8085303258124,0.635255282382268,2.98855360758868,0.137287909948773,0.33635928285802,0.0760588043053903,10.2464450032003
"NTS",0.014043143812709,0.664218751614247,0.87188365845912,0.976832756277708,4,1.25636301744671,12.8181508722717,0.636321620770301,2.98135089807548,0.137326731050541,0.33543422921518,0.0756576176536435,10.2638735756823
"NTS",0.0139725752508361,0.660880968942819,0.871371416960805,0.976258855998899,4,1.25655626592851,12.8278132972951,0.637392265665844,2.9741230769941,0.137365427739188,0.334504656225099,0.0752561965009252,10.2813721003754
"NTS",0.0139020066889632,0.657543186271391,0.87085052720638,0.97567526646881,4,1.25675036459443,12.8375182316459,0.638467243470695,2.96687026625947,0.137404016014207,0.33357056877504,0.0748545586245514,10.2989410910891
"NTS",0.0138314381270903,0.654205403599962,0.870320907599804,0.975081896269643,4,1.25694531269483,12.8472656299334,0.639546553245726,2.95959252167181,0.137442473363607,0.332631972498826,0.0744527133731529,10.3165804704001
"NTS",0.0137608695652174,0.650867620928534,0.869782403982323,0.974478572686473,4,1.25714112594693,12.8570562939681,0.640630299614895,2.95228902794532,0.137480806537425,0.331688753477207,0.074050628651213,10.33429191239
"NTS",0.0136903010033445,0.647529838257106,0.86923495674063,0.973865228930306,4,1.25733779782725,12.8668898900494,0.641718411849226,2.94496052295961,0.137519011564827,0.330740998651447,0.0736483541327209,10.3520743060312
"NTS",0.0136197324414716,0.644192055585677,0.868678444984489,0.973241729559286,4,1.25753533131927,12.8767665659135,0.642810921958477,2.93760670173727,0.137557083202582,0.329788664447274,0.0732458884244973,10.3699281257169
"NTS",0.0135491638795987,0.640854272914249,0.868112757027275,0.972607949443009,4,1.25773372972067,12.8866864852612,0.643907839624978,2.93022754445874,0.137595041745572,0.328831727536082,0.072843234871351,10.3878535398917
"NTS",0.0134785953177258,0.63751649024282,0.867537786318873,0.971963769205865,4,1.25793298605329,12.8966493018921,0.645009162703745,2.92282285847455,0.137632858674613,0.327870165835984,0.0724404004874976,10.4058504138607
"NTS",0.0134080267558528,0.634178707571392,0.866953417364274,0.971309059450652,4,1.25813309628008,12.9066548137997,0.646114878000926,2.91539264408245,0.137670545768073,0.326903968241606,0.0720373980551405,10.4239185176912
"NTS",0.0133374581939799,0.630840924899964,0.86635954755863,0.970643705221921,4,1.25833410532275,12.9167052706105,0.647225116758368,2.90793698210748,0.13770809416762,0.325933142065818,0.0716342306663404,10.4420601463679
"NTS",0.013266889632107,0.627503142228535,0.865756043057973,0.969967556564834,4,1.25853597783135,12.9267988904019,0.64833979909484,2.9004555026442,0.137745507548126,0.324957626180714,0.0712309005605574,10.4602737979283
"NTS",0.0131963210702341,0.624165359557107,0.865142789622395,0.969280485488367,4,1.25873872396904,12.9369361978626,0.64945895831485,2.89294819340273,0.137782784703195,0.323977410215175,0.0708274153192837,10.478560036634
"NTS",0.0131257525083612,0.620827576885678,0.864519673128414,0.968582364131931,4,1.25894232836525,12.9471164211628,0.650582556594009,2.88541496178784,0.137819922785776,0.32299247174831,0.0704237810638508,10.4969181482962
"NTS",0.0130551839464883,0.61748979421425,0.863886578940618,0.967873064061391,4,1.25914683569503,12.9573417843757,0.651710717072171,2.87785596549328,0.137856912221882,0.322002836212864,0.0700200170768574,10.5153503176139
"NTS",0.0129846153846154,0.614152011542822,0.863243375462063,0.967152437839407,4,1.25935221647294,12.9676108259727,0.652843364961032,2.87027099830597,0.137893788224125,0.321008439917869,0.0696161160913313,10.5338551801108
"NTS",0.0127729096989967,0.604138663528537,0.861251893457154,0.96492124009065,4,1.25997370432204,12.9986852180346,0.656268653920927,2.84735926861487,0.138003455553328,0.317996635424417,0.0684037269904981,10.5898127144513
"NTS",0.0127023411371237,0.600800880857108,0.860567024788713,0.964153933417803,4,1.26018265016958,13.0091325068308,0.657419555964055,2.83966957326385,0.138039697208805,0.316983124794665,0.0679993702467507,10.6086131176241
"NTS",0.0126317725752508,0.59746309818568,0.859871384958134,0.963374559052326,4,1.26039248758349,13.0196243785753,0.65857505421859,2.83195319235401,0.138075810921875,0.315964704379375,0.0675949152985301,10.6274879081583
"NTS",0.0125612040133779,0.594125315514252,0.859164892114139,0.96258302529046,4,1.2606032359287,13.0301617927481,0.659735177248177,2.82421066407184,0.138111759128437,0.314941492538268,0.0671903777643272,10.6464375809571
"NTS",0.012490635451505,0.590787532842823,0.858447375468533,0.961779140786143,4,1.26081490442914,13.0407452181516,0.660899982032761,2.81644152868607,0.138147563595872,0.313913389141542,0.0667857555128241,10.6654630768553
"NTS",0.0124200668896321,0.587449750171395,0.857718682226763,0.960962734352862,4,1.26102745675522,13.0513728364995,0.662069402074009,2.80864527546386,0.138183204073178,0.312880327615558,0.0663810373029565,10.6845630306728
"NTS",0.0123494983277592,0.584111967499966,0.85697873790192,0.960133722537677,4,1.2612409180935,13.062045904285,0.663243449488677,2.80082280283178,0.13821867941782,0.311842426409362,0.0659762754486038,10.7037378366176
"NTS",0.0122789297658863,0.580774184828538,0.856227307801814,0.959291842398378,4,1.26145528745297,13.0727643723094,0.664422219725303,2.79297273884729,0.138253996083505,0.310799481859938,0.065571409547776,10.7229888492764
"NTS",0.0122083612040134,0.57743640215711,0.855464322557588,0.95843701621614,4,1.26167057575904,13.0835287897946,0.665605667213461,2.785096159317,0.138289161602216,0.309751635801534,0.065166507457028,10.7423155259418
"NTS",0.0121377926421405,0.574098619485681,0.854689616566059,0.957569058454037,4,1.26188676260946,13.0943381275637,0.666793793231311,2.77719233344362,0.138324135702271,0.308698788739604,0.0647615496157789,10.7617175827565
"NTS",0.0120672240802676,0.570760836814253,0.85390301013152,0.956687767786295,4,1.26210389993115,13.1051949953316,0.667986749650207,2.76926120929423,0.138358955042618,0.30764091891083,0.0643565329369786,10.7811977724321
"NTS",0.0119966555183947,0.567423054142824,0.8531043979843,0.955793026271877,4,1.26232195040278,13.1160974868679,0.669184408207538,2.76130306315593,0.138393604350167,0.306578057745737,0.0639514895076387,10.800753821154
"NTS",0.0119260869565217,0.564085271471396,0.852293579977275,0.954884609671844,4,1.26254094426324,13.1270472130675,0.670386914599302,2.75331722588122,0.138428076647036,0.305510105540085,0.0635463931386231,10.8203881197566
"NTS",0.0118555183946488,0.560747488799968,0.851470435589723,0.95396238295833,4,1.26276083813447,13.1380419275315,0.67159412409122,2.7453039111489,0.138462366259258,0.304437089178633,0.0631412706972442,10.8400980890792
"NTS",0.0117849498327759,0.557409706128539,0.850634792273607,0.953026152813601,4,1.26298167802468,13.1490838721695,0.672806165653176,2.73726309323418,0.138496498401666,0.303358975917285,0.0627361338409955,10.8598860845677
"NTS",0.011714381270903,0.554071923457111,0.849786487865737,0.952075737554796,4,1.26320345884558,13.1601729452333,0.674023060345267,2.72919451053176,0.138530444149505,0.302275742099924,0.0623309740937734,10.8797522975768
"NTS",0.0116438127090301,0.550734140785683,0.84892534181232,0.951110934894767,4,1.26342620342723,13.1713101392538,0.675244883166239,2.72109794383993,0.13856420391639,0.301187359142309,0.0619257924369492,10.8996979967678
"NTS",0.0115732441471572,0.547396358114254,0.848051223185003,0.950131598145247,4,1.26364987734948,13.1824938661515,0.676471526062455,2.71297361243359,0.138597789367314,0.300093816848291,0.0615206177183243,10.9197212703435
"NTS",0.0115026755852843,0.544058575442826,0.847163927032521,0.949137497684877,4,1.26387449855011,13.1937249270689,0.677703077630996,2.7048209686312,0.138631181870752,0.298995059735379,0.0611154304267127,10.9398235456638
"NTS",0.0114321070234114,0.540720792771397,0.8462632561878,0.948128412613477,4,1.26410008190901,13.2050040953432,0.678939597934146,2.69663982158189,0.138664392225635,0.297891046817604,0.0607102336081314,10.9600058131624
"NTS",0.0113615384615385,0.537383010099969,0.845349101634812,0.947104220792705,4,1.26432661375502,13.2163306877268,0.680181032320681,2.68843044190681,0.138697397274902,0.296781804258548,0.0603050512693033,10.9802671084514
"NTS",0.0112909698996656,0.534045227428541,0.844421263702323,0.946064698516793,4,1.26455410255757,13.2277051269787,0.681427411209434,2.68019274852243,0.138730217461598,0.29566731107368,0.0598998930920566,11.0006079287193
"NTS",0.0112204013377926,0.530707444757112,0.843479543848977,0.945009623345856,4,1.26478254986992,13.2391274991578,0.682678771063553,2.67192632748756,0.138762838884566,0.294547505434583,0.0594947517920671,11.0210288061803
"NTS",0.0111498327759197,0.527369662085684,0.842523753129722,0.943938783591427,4,1.26501197049501,13.2505985236135,0.683935166228252,2.66363106442464,0.138795263462826,0.293422361443926,0.0590896317182664,11.0415306104243
"NTS",0.0110792642140468,0.524031879414256,0.841553720781691,0.942851987935823,4,1.26524236563115,13.2621182762756,0.685196602759916,2.65530695939387,0.138827483273533,0.29229187763611,0.0586845427147615,11.0621134302959
"NTS",0.0110086956521739,0.520694096742827,0.84056924609463,0.941749011509189,4,1.26547373409518,13.2736867053072,0.686463091776292,2.64695384843964,0.138859503771027,0.291156013550225,0.0582794933781181,11.082777368878
"NTS",0.010938127090301,0.517356314071399,0.83957013922513,0.940629641616567,4,1.26570607474938,13.28530373771,0.687734641127187,2.63857156841227,0.138891316923794,0.290014742108994,0.0578744845161918,11.1035225261259
"NTS",0.0108675585284281,0.51401853139997,0.838556195673885,0.939493649142957,4,1.26593939047678,13.2969695278956,0.689011283056877,2.63015986830164,0.138922915992167,0.288868022924319,0.0574695197840104,11.1243493308302
"NTS",0.0107969899665552,0.510680748728542,0.837527233525515,0.938340830275731,4,1.26617368300918,13.3086841519382,0.690293018212275,2.62171885732793,0.138954306426633,0.287715859113399,0.0570646104960177,11.1452577397019
"NTS",0.0107264214046823,0.507342966057114,0.836483030607885,0.937170936099776,4,1.26640899073861,13.3204495372932,0.691579964913954,2.61324836441256,0.138985475420903,0.286558221473849,0.0566597767335127,11.166249967022
"NTS",0.0106558528428094,0.504005183385685,0.83542334545673,0.935983696085645,4,1.26664526828565,13.3322634168082,0.692872056237225,2.60474767406704,0.139016429222698,0.285395005785637,0.0562549718652413,11.1873243595708
"NTS",0.0105852842809365,0.500667400714257,0.834347974946008,0.934778882656908,4,1.26688258910434,13.3441294535824,0.694169482929221,2.59621706713409,0.139047166026247,0.284226240675949,0.0558502348446622,11.2084844774816
"NTS",0.0105147157190635,0.497329618042828,0.833256754852455,0.933556311822658,4,1.26712088007223,13.3560440035536,0.695472036355421,2.58765652876189,0.13907767085717,0.283051911943459,0.0554455822138737,11.2297265218729
"NTS",0.0104441471571906,0.4939918353714,0.832149429627144,0.932315697273409,4,1.26736017851821,13.3680089203175,0.69677984665238,2.57906577907217,0.139107954616433,0.281871971874693,0.0550410079019975,11.2510527134978
"NTS",0.0103735785953177,0.490654052699972,0.831025777398365,0.931056790430637,4,1.26760048054677,13.3800240268895,0.698092925132131,2.57044457971265,0.139138002227497,0.280686383531217,0.0546365151787472,11.2724631278351
"NTS",0.0103030100334448,0.487316270028543,0.829885570556444,0.929779336287169,4,1.26784180080875,13.3920900369375,0.699411322530568,2.56179283560292,0.139167816274451,0.279495123868686,0.0542321109054018,11.2939586088716
"NTS",0.0102324414715719,0.483978487357115,0.828728573970137,0.92848307140889,4,1.2680841359503,13.4042067955432,0.700735048052909,2.55311033745355,0.13919738985027,0.278298155528627,0.0538277988658227,11.3155392134422
"NTS",0.010161872909699,0.480640704685687,0.827554554529279,0.92716773462604,4,1.26832748788682,13.4163743956299,0.702064119554188,2.54439695570844,0.139226722360895,0.277095451654059,0.0534235871626533,11.3372051724638
"NTS",0.0100913043478261,0.477302922014258,0.826363255399023,0.925833038188426,4,1.26857187565456,13.4285937807444,0.703398612504949,2.53565243439715,0.139255814413142,0.275886966756852,0.0530194730154313,11.3589577393462
"NTS",0.0100207357859532,0.47396513934283,0.825154443195237,0.924478720619344,4,1.26881728748677,13.4408643751664,0.704738503153581,2.52687667788267,0.139284652094944,0.274672680598591,0.052615473747689,11.3807964175814
"NTS",0.00995016722408027,0.470627356671402,0.823927873909996,0.923104508539507,4,1.26906373129224,13.4531865630478,0.706083830191808,2.51806953297316,0.139313239577471,0.273452565622662,0.0522115837983331,11.4027217666378
"NTS",0.00987959866220736,0.467289573999973,0.822683299560269,0.921710124116033,4,1.26931122180198,13.4655610908135,0.707434637566603,2.50923098728096,0.139341579268579,0.272226602336786,0.0518078234885031,11.4247345775543
"NTS",0.00980903010033445,0.463951791328545,0.82142039395662,0.920295201895894,4,1.26955975938416,13.477987974562,0.708790995525997,2.50036021511063,0.139369646242103,0.270994684596789,0.0514041661412007,11.4468357405755
"NTS",0.00973846153846154,0.460614008657116,0.820138971825415,0.918859534303966,4,1.26980931472008,13.490465737651,0.71015278349345,2.49145764301216,0.139397455057026,0.269756840510433,0.0510006505319557,11.4690232492405
"NTS",0.00966789297658863,0.457276225985688,0.818838675747852,0.917402720898761,4,1.27005995645646,13.502997822826,0.711520259993161,2.48252257190515,0.139424990062143,0.268512986854327,0.0505972508319955,11.4913014550422
"NTS",0.00959732441471572,0.45393844331426,0.817519312861386,0.915924545602765,4,1.27031165164362,13.5155825835838,0.712893304885988,2.4735553745446,0.139452261284478,0.267263149641156,0.0501939983201067,11.5136682336403
"NTS",0.00952675585284281,0.450600660642831,0.81618057177197,0.914424659539264,4,1.27056439121312,13.5282195626136,0.714271929162127,2.46455556058281,0.13947925298909,0.266007256277509,0.0497908907528136,11.5361236218436
"NTS",0.0094561872909699,0.447262877971403,0.814822242454385,0.912902827402194,4,1.2708181807478,13.5409090343942,0.715656124638428,2.45552353794475,0.139505966379197,0.264745353455426,0.0493879561400536,11.5586674867119
"NTS",0.00938561872909699,0.443925095299974,0.81344379347172,0.911358453785301,4,1.27107307228296,13.5536536143531,0.717046192664097,2.44645733611334,0.139532379552408,0.263477171684418,0.0489851238119876,11.5813046255367
"NTS",0.00931505016722408,0.440587312628546,0.81204515758549,0.909791463356567,4,1.27132901776126,13.5664508905988,0.718441875151064,2.43735850578289,0.139558518829895,0.262202895486296,0.0485824719008653,11.604030878369
"NTS",0.00924448160535117,0.437249529957118,0.81062595570773,0.908201431397008,4,1.27158604523153,13.5793022593886,0.71984332294627,2.4282262686557,0.13958436016504,0.260922420754034,0.0481799845058271,11.6268485363768
"NTS",0.00917391304347826,0.433911747285689,0.80918588251144,0.906588015827252,4,1.27184414928074,13.5922074638526,0.721250539687476,2.41906037573126,0.139609894936676,0.259635703838822,0.0477776649131391,11.6497575954385
"NTS",0.00910334448160535,0.430573964614261,0.807724606539304,0.90495084529229,4,1.27210333120956,13.6051665629328,0.722663552832581,2.40986055471586,0.139635129368474,0.258342690808756,0.0473755160988141,11.6727583878369
"NTS",0.00903277591973244,0.427236181942833,0.806241811498573,0.903289565427048,4,1.27236362857378,13.6181814237451,0.724082479744624,2.40062674668846,0.139660058145666,0.257043370872784,0.0469735448708488,11.6958529405721
"NTS",0.00896220735785953,0.423898399271404,0.804737166390984,0.901603805390825,4,1.27262499681817,13.6312498375445,0.725507224054295,2.39135854198208,0.139684666984095,0.255737675378712,0.0465717554641186,11.7190393663963
"NTS",0.00889163879598662,0.420560616599976,0.803210330853388,0.899893183850782,4,1.27288746545311,13.6443732725957,0.726937893556078,2.3820557401365,0.139708951250161,0.254425567842558,0.0461701530234997,11.7423194198584
"NTS",0.00882107023411371,0.417222833928547,0.80166095947236,0.898157313815894,4,1.27315104420814,13.6575522070498,0.728374526604404,2.37271819838321,0.139732919923424,0.253107011943939,0.0457687438628896,11.7656937372819
"NTS",0.0087505016722408,0.413885051257119,0.800088719416303,0.89639582239145,4,1.2734157259801,13.6707863048613,0.729817126411027,2.36334571583456,0.139756549760909,0.251781983145348,0.045367534818074,11.7891621946069
"NTS",0.00867993311036789,0.410547268585691,0.798493193991515,0.894608242726107,4,1.27368152588931,13.6840762952323,0.731265783374234,2.35393768119783,0.139779844268187,0.250450373369202,0.044966519584127,11.8127261835496
"NTS",0.00860936454849499,0.407209485914262,0.796874140598476,0.89279430301851,4,1.27394841424581,13.6974207155128,0.732720379044467,2.34449460465931,0.139802792334104,0.249112257580682,0.0445657298731527,11.8363836513004
"NTS",0.00853879598662207,0.403871703242834,0.795230958815243,0.890953330573612,4,1.27421646079378,13.710823040554,0.73418123597222,2.33501492330401,0.139825392945112,0.247767395256473,0.0441651208220776,11.8601398552442
"NTS",0.00846822742474916,0.400533920571406,0.793563529672094,0.88908519210124,4,1.27448560684502,13.7242803465623,0.735648082613682,2.32550003189136,0.139847666646857,0.246415960620318,0.0437647555730334,11.8839902661778
"NTS",0.00839765886287626,0.397196137899977,0.791871219523599,0.887189177683729,4,1.27475591156993,13.7377955833148,0.737121242396407,2.31594804877341,0.139869531209936,0.245057729201048,0.0433645923899077,11.907940000989
"NTS",0.00832709030100335,0.393858355228549,0.790153798204971,0.885265029451233,4,1.27502733671128,13.7513668354736,0.738600539188826,2.30635980712678,0.139891049245123,0.243692760055536,0.0429646649764795,11.9319861288936
"NTS",0.00825652173913044,0.39052057255712,0.788410849583929,0.88331228118141,4,1.27529984590608,13.7649923001253,0.74008591075509,2.29673484896323,0.139912184670921,0.242320997774953,0.0425649791009934,11.9561272560503
"NTS",0.00818595317725753,0.387182789885692,0.786641844009706,0.881330339469149,4,1.27557354811716,13.7786773882316,0.741577726811971,2.28707249966229,0.139932944950987,0.240942329222593,0.042165521450072,11.9803697567157
"NTS",0.00811538461538462,0.383845007214264,0.78484642640922,0.879318806501032,4,1.27584838688038,13.7924193548049,0.743075834509736,2.27737273536402,0.139953309389566,0.239556756068958,0.0417663033736654,12.0047107895302
"NTS",0.00804481605351171,0.380507224542835,0.783024142004664,0.877277172757409,4,1.27612437392444,13.8062186954168,0.74458029331447,2.26763520447354,0.139973280913737,0.238164203833487,0.0413673350117352,12.0291512320215
"NTS",0.0079742474916388,0.377169441871407,0.781174602757657,0.875205003491512,4,1.27640151495405,13.8200757527408,0.746091122923204,2.25785998576442,0.139992858419401,0.236764670689985,0.0409686345578239,12.0536913640491
"NTS",0.00790367892976589,0.373831659199979,0.77929718825252,0.873101603607896,4,1.27667977055481,13.8339885300771,0.747608319891931,2.2480455631106,0.140011994767517,0.235357964878098,0.0405701518780018,12.0783306912138
"NTS",0.00783311036789298,0.37049387652855,0.777391558858536,0.870966592594317,4,1.2769592779994,13.8479638994058,0.7491322276847,2.23819302473968,0.140030740974118,0.233944195439913,0.040171951534227,12.1030752594553
"NTS",0.00776254180602007,0.367156093857122,0.775457294310719,0.868799499598271,4,1.27723987239616,13.8619936245076,0.750662402314051,2.22830169252668,0.140049051577643,0.232523260206678,0.0397740351758167,12.1279171633213
"NTS",0.00769197324414716,0.363818311185693,0.773493825973954,0.866599687537731,4,1.27752165202003,13.8760825890152,0.752199183602848,2.21837106340756,0.140066905405715,0.231095103865881,0.0393763962186772,12.1528620699719
"NTS",0.00762140468227425,0.360480528514265,0.771500449713462,0.864366367520842,4,1.27780462159543,13.8902310807362,0.75374269001042,2.20839979451899,0.140084324257104,0.229659499757962,0.0389789912117166,12.1779116319842
"NTS",0.00755083612040134,0.357142745842837,0.76947698745462,0.862099340038045,4,1.27808876226005,13.9044381116327,0.755292760245384,2.19838936607838,0.140101295657415,0.228216656197699,0.0385818998799667,12.2030633063564
"NTS",0.00748026755852843,0.353804963171408,0.767422758068924,0.859797841973037,4,1.27837407359956,13.9187036798351,0.756849493839034,2.18833850947688,0.140117808107372,0.226766374049941,0.0381850962300677,12.2283184061169
"NTS",0.00740969899665552,0.35046718049998,0.765337237576584,0.857461286274302,4,1.27866056083322,13.9330280430899,0.758412937352834,2.17824695133741,0.140133825467595,0.225308630032214,0.0377885932914205,12.2536775158297
"NTS",0.00733913043478261,0.347129397828551,0.76321987262291,0.855089052979554,4,1.27894823390667,13.9474116953128,0.759983146087422,2.1681144102529,0.140149377242009,0.223843351494241,0.03739238021954,12.2791414132592
"NTS",0.0072685618729097,0.343791615157123,0.761070090763914,0.85268050073942,4,1.27923706994609,13.9618534974089,0.761560099557425,2.15794031163863,0.14016441073761,0.222370466015623,0.0369964761480785,12.3047095461379
"NTS",0.00719799331103679,0.340453832485695,0.758887315783328,0.850234983978172,4,1.27952713444188,13.9763567218734,0.763144006619908,2.14772463707827,0.140178962006683,0.220889936244477,0.0366008870449764,12.3303853295756
"NTS",0.00712742474916388,0.337116049814266,0.756670943064656,0.847751825301307,4,1.27981836249075,13.9909181243349,0.764734728876407,2.13746666595399,0.140192995973982,0.219401659811172,0.0362056083607155,12.3561661322001
"NTS",0.00705685618729097,0.333778267142838,0.754420371286295,0.845230351005824,4,1.28011076829327,14.0055384150919,0.766332350695468,2.12716601147375,0.140206471882105,0.217905596408842,0.0358106566292689,12.3820531404939
"NTS",0.00698628762541806,0.33044048447141,0.752134970310334,0.842669855103774,4,1.28040440672224,14.0202203362911,0.767937040978652,2.11682261232538,0.140219442434491,0.21640168438629,0.0354160303223119,12.4080492367876
"NTS",0.00691571906354515,0.327102701799981,0.74981409954848,0.840069619898916,4,1.28069922193207,14.0349610966644,0.769548701504272,2.10643574449111,0.140231846290551,0.214889843622405,0.035021739805749,12.4341522987958
"NTS",0.00684515050167224,0.323764919128553,0.747457097800316,0.837428904601787,4,1.28099525099198,14.0497625496297,0.771167466861734,2.09600513702518,0.140243703164124,0.21336999866091,0.0346277845287762,12.4603645295364
"NTS",0.00677458193979933,0.320427136457124,0.745063298093169,0.834746961955859,4,1.28129243917712,14.0646219591822,0.772793230347808,2.085530216712,0.14025495997121,0.211842088890994,0.0342341796849684,12.4866836933017
"NTS",0.00670401337792642,0.317089353785696,0.742631986085063,0.832022991633434,4,1.28159086865849,14.0795434351782,0.774426257359272,2.07501074759262,0.140265656706307,0.210306024146632,0.0338409340837058,12.5131143116057
"NTS",0.00663344481605351,0.313751571114268,0.740162485024757,0.829256235422368,4,1.2818904816505,14.0945240817644,0.776066434636775,2.06444615050622,0.140275724323937,0.208761769447557,0.0334480401364356,12.5396540064877
"NTS",0.0065628762541806,0.310413788442839,0.737654011717269,0.826445815854081,4,1.28219130426211,14.1095652130671,0.777713882963103,2.05383591073286,0.140285188260996,0.207209199558317,0.0330555064978814,12.566304657582
"NTS",0.00649230769230769,0.307076005771411,0.735105853000608,0.823590933922897,4,1.28249332049556,14.124666024406,0.779368596926709,2.04317963275658,0.14029401266243,0.20564826667408,0.0326633447437404,12.5930658625919
"NTS",0.00642173913043478,0.303738223099983,0.732517228543921,0.820690715369126,4,1.28279660399912,14.1398301997255,0.78103081575867,2.03247709490788,0.140302218049513,0.204078909696502,0.0322715604555424,12.6199416963177
"NTS",0.00635117056856187,0.300400440428554,0.729887354030232,0.81774428146714,4,1.28310097860301,14.1550489301667,0.782700117525115,2.02172721611954,0.140309729013827,0.20250098897444,0.0318801584260092,12.6469240898699
"NTS",0.00628060200668897,0.297062657757126,0.727215393943725,0.814750696129644,4,1.28340664419163,14.1703322111801,0.784377097575839,2.01093002576882,0.140316574785107,0.20091448465615,0.031489146113255,12.6740234856966
"NTS",0.00621003344481605,0.293724875085697,0.724500527541892,0.811709039820916,4,1.28371345486364,14.18567274292,0.786061402668276,2.00008465245044,0.140322713019548,0.199319269848861,0.0310985266971251,12.701233149809
"NTS",0.00613946488294314,0.290387092414269,0.721741886726542,0.808618339949328,4,1.28402151819495,14.2010759078827,0.787753378856737,1.98919085091369,0.140328145321485,0.197715293929059,0.0307083101439468,12.7285589881999
"NTS",0.00606889632107024,0.287049309742841,0.718938602716354,0.805477623157893,4,1.28433064396994,14.216532198336,0.789452547644059,1.97824767711324,0.1403328306183,0.19610240856641,0.0303185052873617,12.7559920155652
"NTS",0.00599832775919733,0.283711527071412,0.716089732113091,0.802285832491025,4,1.28464109976488,14.2320549885939,0.791159708317558,1.96725515046852,0.140336785383576,0.194480610114524,0.0299291147996084,12.7835462518057
"NTS",0.00592775919732442,0.280373744399984,0.713194353085167,0.799041935155784,4,1.28495272908095,14.2476364541153,0.792874486319084,1.9562123064718,0.140339965473442,0.192849751246916,0.0295401451948875,12.8112145106233
"NTS",0.00585719063545151,0.277035961728555,0.710251525077101,0.795744877381528,4,1.285265949043,14.2632974524881,0.79459803087465,1.94512015659132,0.140342469601219,0.191209925883075,0.0291516246426824,12.8390175557218
"NTS",0.0057866220735786,0.273698179057127,0.70726019486194,0.792393479163815,4,1.2855797896573,14.2789894827742,0.796327841637437,1.93397454836189,0.140344007866901,0.18956062481392,0.0287635186111213,12.8669090020947
"NTS",0.00571605351170569,0.270360396385699,0.704219390847077,0.788986651958924,4,1.28589435609651,14.2947178067388,0.798064247058543,1.92277542408573,0.14034458159071,0.187901828564007,0.0283758451624413,12.8948944380379
"NTS",0.00564548494983278,0.26702261371427,0.701128071557392,0.785523228928821,4,1.28621086264023,14.310543129654,0.799810504407083,1.91152653724807,0.140344556659832,0.186233899091724,0.0279886538138209,12.9230333863345
"NTS",0.00557491638795987,0.263684831042842,0.697985114880445,0.782001952891799,4,1.28652865419862,14.3264327132756,0.80156498675301,1.90022454707358,0.140343654319694,0.184556470703558,0.0276019223548862,12.951295187462
"NTS",0.00550434782608696,0.260347048371414,0.694789331212253,0.778421491050612,4,1.2868472009136,14.3423600456572,0.803326349029694,1.88886692076658,0.140341725726282,0.18286921219294,0.0272156368156757,12.979654739628
"NTS",0.00543377926421405,0.257009265699985,0.691539718462004,0.774780720692246,4,1.28716632170522,14.3583160915211,0.805094096985255,1.87745332934836,0.140338774587708,0.181172033094276,0.0268298233332486,13.0081028770116
"NTS",0.00536321070234114,0.253671483028557,0.688234953950473,0.771078159925879,4,1.28748708592502,14.3743542964102,0.806871243750728,1.86598554719522,0.140334949723359,0.179465143202466,0.0264444972749347,13.0366937788391
"NTS",0.00529264214046823,0.250333700357128,0.684873914887407,0.767312550810399,4,1.28780905625654,14.3904528109296,0.808656613629647,1.85446227384411,0.140330190353422,0.177748338552868,0.0260596837674465,13.0654058773929
"NTS",0.00522207357859532,0.2469959176857,0.681455224687285,0.763482351059956,4,1.28813204141391,14.4066020706524,0.810449828506047,1.84288151403838,0.14032436541613,0.176021392796376,0.0256753450327173,13.0942313160943
"NTS",0.00515150501672241,0.243658135014272,0.677977653582651,0.759586182879336,4,1.28845615374624,14.4228076843285,0.812251213763518,1.83124339156411,0.140317527499351,0.174284242912599,0.0252915269771245,13.1231757977843
"NTS",0.0050809364548495,0.240320352342843,0.674439827065775,0.755622506310584,4,1.2887814341459,14.4390717080639,0.81406098257989,1.81954705591835,0.140309629558405,0.172536787590526,0.0249082275471577,13.152242409035
"NTS",0.00501036789297659,0.236982569671415,0.670840483430755,0.75158990777559,4,1.28910774826663,14.4553874106121,0.815878792042747,1.80779198728505,0.140300625987317,0.170778960415407,0.0245254699567829,13.1814246484031
"NTS",0.00493979933110368,0.233644786999987,0.667177743952271,0.747486282405873,4,1.28943476727342,14.4717383634972,0.817703982252042,1.79597458321214,0.14029037179246,0.169010238008749,0.0241432096933904,13.2107091171107
"NTS",0.00486923076923077,0.230307004328558,0.663450554070006,0.743310448703131,4,1.28976364519077,14.4881822595906,0.819539575661344,1.78409939125743,0.140279186149505,0.167231171202332,0.0237615150074549,13.240151408822
"NTS",0.00479866220735786,0.22696922165713,0.659657226371524,0.739060516140201,4,1.29009228967232,14.5046144819189,0.821380091152253,1.77215866300729,0.140266462499356,0.165440843803475,0.0233803586714335,13.2696502115711
"NTS",0.00472809364548495,0.223631438985702,0.655796268952933,0.734734813231926,4,1.29042327790776,14.5211639029082,0.823232531033417,1.76015953004986,0.140252842844733,0.163639993562423,0.0229998098340951,13.2993329149862
"NTS",0.00465752508361204,0.220293656314273,0.651865678171373,0.730331095155898,4,1.29075461105175,14.5377305514299,0.82509167728052,1.74809404347341,0.140237773980707,0.161827683329008,0.0226197964465309,13.3291032351264
"NTS",0.00458695652173913,0.216955873642845,0.647864267735085,0.725848032825786,4,1.2910865470955,14.5543273648271,0.826958199774166,1.73596379204745,0.140221259061525,0.160004156517225,0.0222403866710638,13.3589731241193
"NTS",0.00451638795986622,0.213618090971416,0.643789626553593,0.72128292492688,4,1.29141953807473,14.5709769037422,0.828833562443579,1.72376705075898,0.140203398552842,0.158169048905531,0.0218615424655096,13.3889679506646
"NTS",0.00444581939799331,0.210280308299988,0.639640431417789,0.716634288974688,4,1.29175262177482,14.5876310886432,0.830715109094985,1.71150204763342,0.140183940669013,0.156322216555504,0.0214833080210607,13.4190392782111
"NTS",0.0043752508361204,0.20694252562856,0.635414598447351,0.711899790251111,4,1.2920880602985,14.6044030176221,0.83260910384325,1.6991734288695,0.140163412050436,0.154464041285483,0.0211057195054113,13.4493006037173
"NTS",0.00430468227424749,0.203604742957131,0.631110157266811,0.707077221205543,4,1.29242326325625,14.6211631583802,0.834508670229575,1.68677290426544,0.140141072995889,0.152593670929749,0.0207287386956474,13.4796251263487
"NTS",0.00423411371237458,0.200266960285703,0.626725093258906,0.702164324720172,4,1.29275811032576,14.6379055162288,0.836413621581832,1.67429892955906,0.140116768271506,0.15071094402782,0.0203523883053568,13.5100083047108
"NTS",0.00416354515050167,0.196929177614274,0.622257483239791,0.697158946116496,4,1.29309582886718,14.6547914395305,0.838332607057835,1.66176076122828,0.140091519997958,0.148816632904832,0.0199767446379515,13.5406090516905
"NTS",0.00409297658862877,0.193591394942846,0.617704172880127,0.692057551376882,4,1.29343175221049,14.6715876104143,0.840253489539537,1.64914078944968,0.140063829451989,0.146908906025008,0.0196016724618426,13.5712019199213
"NTS",0.00402240802675585,0.190253612271418,0.613064044634922,0.686858888436856,4,1.29376981000747,14.6884905007083,0.842186606615004,1.63645286827303,0.140034860715913,0.144989167396852,0.0192273507102496,13.6019778504603
"NTS",0.00395183946488294,0.186915829599989,0.608333981860212,0.681559465500369,4,1.29410892046016,14.7054460336928,0.844129366809738,1.62369037926791,0.140004207832402,0.14305664093873,0.0188536897089271,13.632887256679
"NTS",0.00388127090301003,0.183578046928561,0.603511732993025,0.67615675998262,4,1.2944462412052,14.7223120597749,0.846074260318903,1.61084466764386,0.139970921794437,0.141110534516541,0.0184807136267733,13.6637906927041
"NTS",0.00381070234113712,0.180240264257132,0.598594738512812,0.670647904272219,4,1.29478515990054,14.739257994939,0.848030424353778,1.5979243386547,0.13993603392771,0.139151502395253,0.0181084912724536,13.6948562069443
"NTS",0.00374013377926422,0.176902481585704,0.593580264264275,0.665029835102143,4,1.29512425554204,14.7562127774086,0.849994202491929,1.58492397401231,0.139899052747812,0.137179006252317,0.0177369870398091,13.7260152211327
"NTS",0.00366956521739131,0.173564698914276,0.588465408466272,0.659299301402319,4,1.29546359005011,14.7731795025937,0.851965891690103,1.57184215434537,0.139859954006625,0.135192793021876,0.0173662297809527,13.7572724741195
"NTS",0.0035989966555184,0.170226916242847,0.583247322797417,0.653453111997405,4,1.29580290969037,14.7901454847121,0.853944972655386,1.55867693628331,0.139818564848885,0.133192650120199,0.0169962447949964,13.7886168082956
"NTS",0.00352842809364549,0.166889133571419,0.577923091459259,0.647488000112748,4,1.29614211984011,14.8071059969676,0.855931290201072,1.54542702922326,0.139774804886286,0.131178412128091,0.0166270459936619,13.8200446663092
"NTS",0.00345785953177258,0.163551350899991,0.572489060059817,0.641399871475268,4,1.29648121468297,14.8240607316216,0.857925039543907,1.5320897831987,0.139728629891769,0.129149641558104,0.0162586312388099,13.8515584890138
"NTS",0.00338729096989967,0.160213568228562,0.566942654243192,0.63518584185248,4,1.29681995583293,14.8409977903401,0.859925626644532,1.51866480114836,0.139679848141065,0.127106403209362,0.0158910571319648,13.8831463856234
"NTS",0.00331672240802676,0.156875785557134,0.561279181414447,0.628840653799313,4,1.29715828910992,14.8579144519493,0.861933232934678,1.50514729058769,0.139628364431489,0.125047957236996,0.015524276656904,13.9148105128664
"NTS",0.00324615384615385,0.153538002885705,0.555495847304689,0.622361176699245,4,1.2974960278273,14.8748013912932,0.863947384921506,1.49153734244769,0.139574073650035,0.122974382404722,0.0151583433224103,13.9465410875298
"NTS",0.00317558528428094,0.150200220214277,0.549588830604608,0.61574312926994,4,1.29783298521157,14.8916492604875,0.865967744304278,1.47783270714057,0.139516855941705,0.120885343201904,0.014793298223393,13.9783307271135
"NTS",0.00310501672240803,0.146862437542849,0.543553949329218,0.608981826138664,4,1.29816893264842,14.9084466310857,0.867993870950277,1.46403064381005,0.139456547722508,0.118780501457289,0.0144291476364531,14.0101703969696
"NTS",0.00303444816053512,0.14352465487142,0.537387004415097,0.602072562798506,4,1.29850375825779,14.9251879129355,0.870025672522111,1.45012874058334,0.13939300191065,0.116659525853946,0.0140659163281585,14.0420568651754
"NTS",0.0028933110367893,0.136849089528564,0.524639080451671,0.587790164474836,4,1.29916900159312,14.9584500796947,0.874104136938339,1.42201503311766,0.139255483676672,0.112368001970322,0.0133422585885145,14.1059268170491
"NTS",0.00282274247491639,0.133511306857135,0.518048838114787,0.580406651176911,4,1.29949884019445,14.9749420111981,0.876149604462367,1.40779787709819,0.139181062651982,0.110196828108652,0.0129819151898966,14.1378858399877
"NTS",0.00261103678929766,0.12349795884285,0.497348519224137,0.557214623936124,4,1.30048441345418,15.0242206726314,0.8823324093873,1.36449224203857,0.138936725857536,0.103577962666561,0.0119070177939154,14.2342483285228
"NTS",0.00254046822742475,0.120160176171422,0.490119994439496,0.549115997794098,4,1.30080693237769,15.0403466189552,0.884396773794627,1.34981992209488,0.138846304321841,0.101334798235295,0.0115508813550539,14.2663061553809
"NTS",0.00246989966555184,0.116822393499993,0.482716928681976,0.54082182108983,4,1.30110929966803,15.0554649833714,0.886417388624964,1.33498242720308,0.138745465966441,0.0990700719368401,0.0111957424874961,14.297485911267
"NTS",0.00239933110367893,0.113484610828565,0.475132606354016,0.532324569865724,4,1.3014204500549,15.0710225026307,0.88847176093584,1.32004778907983,0.138643564969473,0.0967876921938977,0.010841864785534,14.3292275732541
"NTS",0.00232876254180602,0.110146828157137,0.467360703019931,0.523617158410421,4,1.30172689961587,15.0863449831228,0.890523887848653,1.30498156896253,0.13853605844598,0.0944854900871104,0.0104892056840492,14.3608630932397
"NTS",0.0021876254180602,0.10347126281428,0.451218949704363,0.505532413697729,4,1.30232778531387,15.1163892656885,0.8946281777693,1.27443714824239,0.138304201738725,0.0898186386249028,0.00978752056999889,14.4239431082902
"NTS",0.00211705685618729,0.100133480142852,0.442835145261165,0.496139446272676,4,1.30261667881059,15.1308339465664,0.896665305252078,1.25894432178204,0.138177795802575,0.0874530763911826,0.00943865955289257,14.4551136802326
"NTS",0.00204648829431438,0.0967956974714231,0.434228016430033,0.486496272784816,4,1.30292057025903,15.1460285130482,0.898753815147922,1.24334642571981,0.138051635787107,0.0850672521720788,0.00909117845889003,14.487179275551
"NTS",0.00190535117056856,0.0901201321285662,0.416312420737719,0.466424167348858,4,1.30345686815407,15.1728434077127,0.90277250049926,1.21156317113866,0.137760171997084,0.0802213557604181,0.00840029750510857,14.5481995743198
"NTS",0.00183478260869565,0.0867823494571379,0.406981983002073,0.455970619880499,4,1.30368417856865,15.1842089288344,0.90468951495948,1.19535714437513,0.137592344583513,0.077759907914705,0.00805699274947354,14.5769104782899
"NTS",0.00176421404682274,0.0834445667857095,0.397387041325036,0.445220729991212,4,1.3039668334781,15.1983416739049,0.906764402004917,1.17912334788819,0.137438103878095,0.0752798664871509,0.00771553409074366,14.6085420009456
"NTS",0.00169364548494983,0.0801067841142812,0.387515683291191,0.434161151361826,4,1.30415353238848,15.2076766176033,0.908594757918637,1.16251256080454,0.137244675709251,0.0727661559247096,0.00737540086607489,14.6355619171108
"NTS",0.00162307692307692,0.0767690014428528,0.377354310210101,0.422776648420335,4,1.30436666888672,15.2183334443094,0.910505102836296,1.14579895302598,0.137054443682151,0.0702298641853131,0.00703698727376787,14.6640722213908
"NTS",0.00148193979933111,0.0700934360999961,0.356101414629258,0.398965530540448,4,1.30481082551468,15.2405412756739,0.914401589878947,1.11189015286067,0.136660055786712,0.0650790857423422,0.00636583646456387,14.7225401259972
"NTS",0.0014113712374582,0.0667556534285677,0.344977420706518,0.386502535576681,4,1.30495440183739,15.2477200930138,0.916153543053477,1.09448930836725,0.136424836218633,0.0624559288286859,0.00603295258706758,14.7481491130305
"NTS",0.000987959866220738,0.0467289573999974,0.269986532635618,0.302484954584886,4,1.3054052047754,15.2702602384852,0.92561921181511,0.984852415244999,0.134690972379292,0.0460409542130605,0.00408188817465182,14.8859390896962
"NTS",0.000917391304347828,0.043391174728569,0.255877050666768,0.286677106797442,4,1.30534297403693,15.2671487018742,0.926802376266766,0.965464296328939,0.134318223925711,0.0431762494100929,0.00376551561931884,14.9029217711755
"NTS",0.0211,0.997997018757085,0.892561406434897,0.999999495730643,4,1.24116592276288,12.0582961378118,0.550417509325222,3.57919964721861,0.133157855683563,0.407157499719745,0.112739106579987,8.85992384195468
"NTS",0.0231,1.09259389257292,0.891686020835304,0.999018739502722,4,1.23839143631022,11.9195718173395,0.534084556241733,3.69910177350862,0.13209695196692,0.419958808579265,0.120793721214998,8.59361584366195
"NTS",0.0251,1.18719076638876,0.889443886744024,0.996506718543183,4,1.23636000548293,11.8180002737552,0.521799482796132,3.79215967880441,0.13129446658502,0.429245295932346,0.126814608146187,8.39387536686192
"NTS",0.0271,1.2817876402046,0.886434801513888,0.993135428129937,4,1.23503211307368,11.7516056506042,0.51346975421897,3.85778104176467,0.130857612772012,0.435173308983559,0.130577513308521,8.25907908905637
"NTS",0.0291,1.37638451402044,0.883088558360227,0.989386395915315,4,1.23424197001258,11.7120985051882,0.508271124015837,3.90068122733513,0.130777507875745,0.438465308308848,0.132468772348889,8.17555086526305
"NTS",0.0311,1.47098138783627,0.879657561628563,0.98554240828961,4,1.2337835604848,11.6891780244775,0.505082836222685,3.92829574106333,0.13094870061732,0.440077954704715,0.133180197908004,8.12480797165913
"NTS",0.0331,1.56557826165211,0.876262806743872,0.981739024961196,4,1.23350605423421,11.675302711755,0.503042359898401,3.94674804526185,0.131260751041606,0.440752860807672,0.133269580651958,8.09268478816948
"NTS",0.0351,1.66017513546795,0.872952811289234,0.978030603600329,4,1.23332490176551,11.6662450859461,0.501645235111348,3.95980825839294,0.13164002176567,0.440928284597336,0.133059156102515,8.0709298263001
"NTS",0.0371,1.75477200928379,0.869742392039412,0.974433744484798,4,1.23319698284326,11.6598491587118,0.50062297425891,3.96957921259163,0.132045258259762,0.44083825416612,0.132712368566911,8.05517102140042
"NTS",0.0391,1.84936888309962,0.86663119333968,0.970948049149531,4,1.23310032785541,11.6550163929648,0.499832478329012,3.97723341061602,0.132454767570346,0.440606066328929,0.132309279651739,8.04308999121582
"NTS",0.0431,2.0385626307313,0.860687057888713,0.964288414965633,4,1.23295976180471,11.6479880900683,0.49866442863609,3.98862257500438,0.133246873700948,0.439951679308337,0.131471896190504,8.02541609942718
"NTS",0.0471,2.22775637836297,0.855062930543463,0.957987308432651,4,1.23285864439122,11.6429322195461,0.497820027279751,3.99684738137498,0.133979629142902,0.439217581071948,0.130676416401483,8.01277189825613
"NTS",0.0491,2.32235325217881,0.852351855337221,0.954949899667736,4,1.23281731854818,11.6408659292799,0.497475379156176,4.00019138190612,0.134321784765378,0.438849338882046,0.130304019764241,8.00764370767114
"NTS",0.0511,2.41695012599465,0.849701230115075,0.951980217283525,4,1.23278054682719,11.6390273457704,0.497169336970599,4.00315133485941,0.134647946829884,0.438487299890267,0.129949620042209,8.0031060411956
"NTS",0.0531,2.51154699981048,0.847104992811187,0.949071469520102,4,1.23274762695179,11.637381346292,0.496895559445164,4.00579281009481,0.134958870471437,0.438133795166083,0.129612567163216,7.99906074865367
"NTS",0.0571,2.70074074744216,0.842057073050297,0.943415928983634,4,1.23269118862532,11.634559421316,0.496426059828308,4.01031039601083,0.135538038063636,0.437457261267543,0.128987153294142,7.99215754738883
"NTS",0.0591,2.795337621258,0.839597348634117,0.940660126236527,4,1.23266688140719,11.6333440650704,0.496223411427908,4.01225717783189,0.135807871265962,0.437135191726311,0.128696865429246,7.98919296862042
"NTS",0.0611,2.88993449507383,0.837176409733767,0.937947777638333,4,1.23264478733897,11.6322393668897,0.496038671334915,4.01403166052093,0.136065521278795,0.436824084259684,0.128420312974695,7.98649948532136
"NTS",0.0631,2.98453136888967,0.834789436110976,0.935273482736151,4,1.23262466148925,11.6312330777865,0.495869692555046,4.01565568342568,0.136311898294791,0.436523504443782,0.128156319575754,7.9840443956502
"NTS",0.0651,3.07912824270551,0.832436111551297,0.932636887252632,4,1.23260632626633,11.6303163132616,0.495714904696453,4.01714523752143,0.136547490772152,0.436233438598741,0.127904279705878,7.98180367004811
"NTS",0.0671,3.17372511652135,0.830111652652018,0.930032632004346,4,1.23258960530229,11.6294802725734,0.495572756349262,4.01851615303348,0.136773143673846,0.435953243678761,0.12766311580001,7.97975383886633
"NTS",0.0851,4.02509698086388,0.810247129486523,0.907777005662885,4,1.23249058253921,11.6245291629236,0.49469255635333,4.02714543522118,0.138438964694263,0.433822961725853,0.125887949352988,7.96730004336056
"NTS",0.0911,4.3088876023114,0.803942100947012,0.900713037498205,4,1.23247186355759,11.6235931767888,0.494508015631673,4.02902697777392,0.138880485826984,0.43324100640448,0.125416923183826,7.96477630127458
"NTS",0.0931,4.40348447612724,0.801867130812516,0.898388302109476,4,1.2324667413823,11.6233370693044,0.49445496127036,4.02957764819629,0.139017804000916,0.43305836112457,0.125270112324978,7.96406092039627
"NTS",0.0951,4.49808134994307,0.799804308896541,0.896077177226767,4,1.23246204161459,11.6231020872836,0.49440515483239,4.03009865487166,0.139150537527007,0.432881501063583,0.125128302010474,7.96339314106964
"NTS",0.0991,4.68727509757475,0.795712577462062,0.891492921912069,4,1.23245403560837,11.622701786034,0.494315938770865,4.03104776669728,0.139403352085563,0.432542469133819,0.124857608405023,7.9622121318182
"NTS",0.1051,4.97106571902226,0.789651381360294,0.884702136424825,4,1.23244466834352,11.6222334184441,0.494202759019519,4.03228181229263,0.139753605739157,0.432069093607391,0.124481905502334,7.96074326710516
"NTS",0.1071,5.0656625928381,0.787649379377646,0.882459152403034,4,1.23244257206484,11.6221286041699,0.49417153774803,4.03264202636932,0.139863423951967,0.431919356219174,0.124363362778557,7.96035267052526
"NTS",0.1091,5.16025946665393,0.785656342618108,0.880226212753009,4,1.23244004662753,11.6220023314765,0.494139579790431,4.03299422871943,0.139969861593276,0.431774491248553,0.124249274748469,7.95994456845975
"NTS",0.1111,5.25485634046977,0.783670382655878,0.878001201738133,4,1.23243829057739,11.6219145286875,0.494111716766734,4.03331980059384,0.140073317499728,0.431632776653061,0.124137688093983,7.95960105097587
"NTS",0.1131,5.34945321428561,0.781692619644301,0.875785374345202,4,1.23243647831913,11.6218239280474,0.494084514953479,4.03363316832692,0.140173703257763,0.431495253736631,0.124029618471606,7.95926422254111
"NTS",0.1151,5.44405008810145,0.779722207393484,0.873577782527997,4,1.23243503676735,11.6217518569298,0.494059672709893,4.03392796972646,0.14027129222332,0.431361067511061,0.123924310316408,7.95896307459689
"NTS",0.1191,5.63324383573312,0.77580263170711,0.869186405439996,4,1.23243255117515,11.621627558364,0.49401414240267,4.03447374367448,0.140458442314124,0.431102661572681,0.123722169642894,7.95841878352182
"NTS",0.1211,5.72784070954896,0.773852379407629,0.867001400238148,4,1.23243167670101,11.6215838340996,0.493993913993813,4.03472554609859,0.140548120962365,0.430978347603631,0.123625047274313,7.95818404599252
"NTS",0.1231,5.8224375833648,0.771908277823207,0.864823286116189,4,1.23243107002406,11.6215535010424,0.493975434313089,4.03496327637949,0.140635480285175,0.430856895369886,0.123530325276382,7.95797548676376
"NTS",0.1251,5.91703445718063,0.769970068668852,0.862651773699227,4,1.23243054441864,11.6215272209184,0.493957908258457,4.03519053039999,0.140720528072446,0.430738514647724,0.12343808897747,7.95777978471448
"NTS",0.1311,6.20082507862815,0.764187945133057,0.85617365289055,4,1.23242968936732,11.6214844703518,0.493911922671395,4.03580727659008,0.140962643316566,0.430399820395394,0.123174866583483,7.95728544582225
"NTS",0.1331,6.29542195244398,0.762271001041979,0.854025965223795,4,1.23242969532124,11.6214847675644,0.493898732125275,4.03599415696929,0.141039316344085,0.430292260360918,0.123091433669947,7.95715141404161
"NTS",0.1351,6.39001882625982,0.76035885277102,0.851883650652567,4,1.2324297618014,11.6214880843409,0.493886372456689,4.03617158281431,0.14111408631098,0.430187054489506,0.123009940256975,7.95702857782146
"NTS",0.1371,6.48461570007566,0.758451321030868,0.849746508306405,4,1.23242995322389,11.621497662811,0.493874959334879,4.03634052953689,0.141187074803027,0.430084171858484,0.122930329726023,7.95691934526195
"NTS",0.1391,6.5792125738915,0.756548226253081,0.847614337002118,4,1.23243022518693,11.6215112638403,0.493864329559855,4.03650167067293,0.141258179055603,0.429983634207063,0.122852652137407,7.95682086217373
"NTS",0.1411,6.67380944770733,0.75464940864604,0.845486957713885,4,1.23243058141032,11.6215290696184,0.493854454288999,4.03665534668718,0.141327698269748,0.429885279987562,0.122776690018436,7.95673290285871
"NTS",0.1431,6.76840632152317,0.752755173666281,0.843364712666208,4,1.23243101338526,11.6215506692639,0.493845292076334,4.03680201982308,0.141395459831782,0.429789151694708,0.122702511423225,7.95665472330804
"NTS",0.1451,6.86300319533901,0.75086442771607,0.841246376624414,4,1.23243150224969,11.6215751124832,0.493836790256772,4.03694143062895,0.141461758474053,0.429694892203634,0.122629916019627,7.95658557752074
"NTS",0.1471,6.95760006915485,0.74897702948319,0.839131791266459,4,1.23243215174594,11.6216075887389,0.493829196091382,4.03707473281204,0.141526413556941,0.429602835690098,0.122559027867692,7.95652990506928
"NTS",0.1491,7.05219694297068,0.747093787892329,0.837021862887725,4,1.23243274927706,11.6216374890215,0.493821755292175,4.037203499471,0.141589651444684,0.429512770611936,0.122489768269769,7.95647486800712
"NTS",0.1511,7.14679381678652,0.745214099221898,0.834915915096334,4,1.2324332922196,11.6216646094659,0.493814538290967,4.03732660657983,0.141651516894398,0.429424411263567,0.122422002600019,7.95642149853957
"NTS",0.1531,7.24139069060236,0.743337839778524,0.832813809309879,4,1.23243421188049,11.6217106179397,0.493808972224709,4.03744210064393,0.141711890344329,0.429338087733031,0.122355520197851,7.95639462993575
"NTS",0.1551,7.3359875644182,0.741464892079676,0.830715413904392,4,1.23243502734881,11.6217513698534,0.49380353849416,4.03755113624476,0.141770998678845,0.429253142792887,0.122290308121835,7.956367753832
"NTS",0.1571,7.43058443823403,0.739595143042764,0.828620602185473,4,1.23243592344653,11.6217961702199,0.493798474521511,4.03765830290099,0.141828795429297,0.429170332283317,0.122226770411848,7.95634596501891
"NTS",0.1591,7.52518131204987,0.737728484955308,0.826529253475233,4,1.2324367545752,11.6218377208452,0.493793496911368,4.03776141053658,0.141885342724093,0.429089140980185,0.122164589520007,7.95632391144107
"NTS",0.1611,7.61977818586571,0.735865281188582,0.824441774884139,4,1.23243743733002,11.6218718665218,0.493788152107464,4.03786353697139,0.141940675723403,0.429009771032531,0.122103987716367,7.95629408176175
"NTS",0.1631,7.71437505968155,0.734004036215307,0.822356490867502,4,1.23243749009143,11.6218745036937,0.493781086017955,4.03796347379583,0.141994892281289,0.42893135285994,0.122044731874944,7.9562325715086
"NTS",0.1651,7.80897193349738,0.732146052809457,0.820274861014887,4,1.23243861563108,11.6219307789824,0.493777925196858,4.03805309019561,0.142047877732167,0.428855076125003,0.121986204332353,7.95623696105906
"NTS",0.1671,7.90356880731322,0.730290776440764,0.818196264046927,4,1.23244050420212,11.6220252102596,0.493777801249986,4.03813131843931,0.142099852064363,0.428780081992149,0.121928227797826,7.95629206862061
"NTS",0.1691,7.99816568112906,0.7284381199117,0.816120602270079,4,1.23244094175995,11.6220470838938,0.493773453428189,4.03820848066695,0.142150843185034,0.428704858134506,0.121871508985073,7.95627138054728
"NTS",0.1711,8.0927625549449,0.726588001307687,0.814047783909666,4,1.23244216216692,11.6221081017274,0.493771207756747,4.03828881010282,0.142200701461287,0.42863296552341,0.121816555597875,7.95628763913992
"NTS",0.1731,8.18735942876073,0.72474034154083,0.81197772035794,4,1.23244374161295,11.6221870799804,0.493769982556798,4.038369741521,0.142249537945625,0.428563599174409,0.121762837170003,7.95632128568219
"NTS",0.1751,8.28195630257657,0.722895065072286,0.809910326983406,4,1.23244537209842,11.6222686019174,0.493770129219404,4.03843326971947,0.14229741124283,0.428493488067361,0.121709162726446,7.95637475031156
"NTS",0.1771,8.37655317639241,0.721052099149243,0.80784552227596,4,1.23244656955113,11.6223284772726,0.493768920452429,4.03849753620802,0.142344540689147,0.42842443726098,0.121656679790414,7.95640391146558
"NTS",0.1791,8.47115005020825,0.719211374022395,0.805783228090533,4,1.23244772233392,11.6223861167894,0.493767728737417,4.03855997586394,0.142390547492573,0.428356903169609,0.121605278342346,7.95643200367652
"NTS",0.1831,8.66034379783992,0.715536381396651,0.80166587465573,4,1.23244890556152,11.6224452893784,0.493761222805731,4.03869626193024,0.1424799753868,0.428226275674186,0.121507090316561,7.95641557124216
"NTS",0.1851,8.75494067165576,0.713702446571876,0.799611188124634,4,1.23245026252104,11.6225131258098,0.493760678973148,4.03875807108177,0.142523338168577,0.428163618741681,0.121459023545135,7.95645296328255
"NTS",0.1871,8.8495375454716,0.71186958347017,0.79755770232048,4,1.23245112545908,11.6225562773788,0.49375931547671,4.03881062415415,0.142566029797296,0.428100295528826,0.121411213337352,7.9564733477075
"NTS",0.1891,8.94413441928743,0.710039110820249,0.79550689470806,4,1.23245252028732,11.6226260146911,0.493758953598845,4.03887169049419,0.142607610659217,0.428040373190925,0.121365426269567,7.9565123585635
"NTS",0.1911,9.03873129310327,0.708210971770238,0.793458701592205,4,1.23245384750171,11.6226923750912,0.493759418228379,4.03891770474763,0.142648752375329,0.427979372848724,0.121319311702563,7.95656252699712
"NTS",0.1931,9.13332816691911,0.706383742861176,0.791411528171449,4,1.2324551868071,11.6227593463641,0.493759555394433,4.03896905879932,0.142688995586035,0.427920801040663,0.121274384176125,7.95660737004522
"NTS",0.1951,9.22792504073495,0.704558744186555,0.789366853439635,4,1.23245600396809,11.6228001889321,0.49375846526572,4.03901532165958,0.142729032193305,0.427861494084746,0.1212299033673,7.9566291836289
"NTS",0.1971,9.32252191455078,0.702735469607211,0.78732411033336,4,1.23245720874615,11.6228604369625,0.493758772086086,4.03905892866237,0.142767532053144,0.427804047432248,0.12118676103448,7.95667404221452
"NTS",0.1991,9.41711878836662,0.700914327486831,0.785283756371263,4,1.23245847182498,11.6229235904986,0.493759060528984,4.03910475514517,0.142805901547287,0.427747926179896,0.121144244224247,7.95671874989741
"NTS",0.2011,9.51171566218246,0.69909436140965,0.783244720013309,4,1.2324600150933,11.6230007546018,0.493760094628694,4.03915207685665,0.142843253757293,0.427693827626733,0.121102923207025,7.95677631857099
"NTS",0.2051,9.70090940981413,0.695459150757959,0.779171937129848,4,1.23246340006811,11.6231700034076,0.493763907949071,4.03923426043063,0.142916186929446,0.427587716864131,0.121021478905557,7.95691828967377
"NTS",0.2071,9.79550628362997,0.693643367533496,0.777137587116809,4,1.23246378228422,11.6231894845939,0.493762237578293,4.03927093558748,0.142952182085139,0.427533489537202,0.12098142798072,7.95692464262491
"NTS",0.2091,9.89010315744581,0.691829538371322,0.775105426377571,4,1.23246494758888,11.623247380132,0.493762877165201,4.03930751859746,0.142987078330004,0.427481675321024,0.120942366731324,7.95697111552437
"NTS",0.2131,10.0792969050775,0.688206482764623,0.771046261648307,4,1.23246694631887,11.6233473158996,0.493763795798526,4.03937273729076,0.14305501178809,0.427379904048422,0.120865776603831,7.95705443124384
"NTS",0.2151,10.1738937788933,0.686396794731622,0.769018740508154,4,1.23246824280426,11.623412140152,0.493764790520803,4.03940984395852,0.143088563937429,0.427331126818139,0.120828786168043,7.95710611246609
"NTS",0.2171,10.2684906527092,0.684588428250768,0.766992699996081,4,1.23247011096036,11.623505548014,0.493768924943569,4.03942622344621,0.143121581335084,0.427281204810682,0.120790819833069,7.9572086474362
"NTS",0.2191,10.363087526525,0.682781350071952,0.764968102859645,4,1.23247287702805,11.6236438521434,0.493775746562889,4.03944263671613,0.143153523839896,0.427233931692593,0.120753710827489,7.95735807686856
"NTS",0.2211,10.4576844003408,0.680975528023682,0.762944913054853,4,1.23247345198852,11.6236725992938,0.493776821842967,4.03944816530946,0.143185421668249,0.427182302704614,0.120716349929595,7.95740330009617
"NTS",0.2231,10.5522812741567,0.679170482366563,0.760922593095827,4,1.23247624227277,11.6238119586677,0.493782102339686,4.03948748898422,0.143216513412805,0.427139825190342,0.120682446605086,7.95752940879696
"NTS",0.2251,10.6468781479725,0.677367079747572,0.758902113948298,4,1.23247841030943,11.6239205295432,0.493789717541354,4.03946692425209,0.143247304258114,0.42708860297522,0.120644385882641,7.95768441074652
"NTS",0.2271,10.7414750217883,0.675565296007745,0.756883448545277,4,1.23248075333924,11.6240376669469,0.493796013397732,4.03947244871723,0.143277694413097,0.427042261425,0.120608666672262,7.95782106183223
"NTS",0.2291,10.8360718956042,0.673764199948282,0.754865553599068,4,1.23248325345855,11.6241626729219,0.493802128795468,4.03948718093922,0.143307639084706,0.426998015428638,0.120574608641396,7.95795616570522
"NTS",0.2311,10.93066876942,0.671964215089452,0.752848903609302,4,1.23248480811679,11.6242404053055,0.493802920517749,4.03953903721579,0.143336664816303,0.42695901031829,0.120544156987619,7.95800352251191
"NTS",0.2331,11.0252656432359,0.670165315728879,0.750833469779793,4,1.2324866343233,11.6243317162879,0.493809041379324,4.03952515299677,0.143365978227058,0.426911175410473,0.120508856750867,7.95813198469048
"NTS",0.2371,11.2144593908675,0.666570671068452,0.746806135837454,4,1.23249081725512,11.6245408627099,0.493817792627437,4.03957088522711,0.143422186839751,0.42683051972133,0.120445441042898,7.95834073737378
"NTS",0.2391,11.3090562646834,0.664774878335732,0.744794182582238,4,1.23248873821868,11.6244369123418,0.493809473824124,4.03959921919539,0.143449424657993,0.426785948979288,0.120415264070999,7.95822081524248
"NTS",0.2411,11.4036531384992,0.662980072075633,0.742783334541875,4,1.23249285280714,11.6246426421852,0.493820697461328,4.03960988626981,0.143476464171444,0.426748604080319,0.120384000093348,7.95844293301533
"NTS",0.2431,11.498250012315,0.6611862322198,0.74077356923237,4,1.23249401370422,11.624700684923,0.493820967674397,4.03965199190908,0.143503282749614,0.426711306979659,0.1203562495789,7.95847763819176
"NTS",0.2451,11.5928468861309,0.65939333633919,0.738764861524888,4,1.23249213298378,11.6246066429659,0.493814133480201,4.03966686189275,0.143530090872784,0.426666948874004,0.120325892306906,7.95838064193446
"NTS",0.2471,11.6874437599467,0.657601362912782,0.736757187307908,4,1.23249538927204,11.6247694691093,0.493821302567633,4.03970043768402,0.143555114711187,0.426634382023513,0.120298267591081,7.95853394600332
"NTS",0.2491,11.7820406337626,0.655810291919451,0.734750524150352,4,1.23249562121218,11.6247810598205,0.493820269890109,4.03972205471677,0.143580548317235,0.426595445366359,0.120269873867401,7.95854038340809
"NTS",0.2511,11.8766375075784,0.654020103164479,0.732744849426655,4,1.23249545840469,11.6247729212314,0.4938184391658,4.03973859046778,0.143605855184575,0.426555414687427,0.120242022971779,7.95853110079455
"NTS",0.2531,11.9712343813942,0.652230777300193,0.730740141460252,4,1.2324963580782,11.6248179006702,0.493818063024132,4.03977929679716,0.143630452175828,0.426521719939158,0.120215731738833,7.9585523571969
"NTS",0.2551,12.0658312552101,0.650441861870687,0.728735893332881,4,1.23249849678058,11.6249249002381,0.493823814032197,4.03978504054052,0.143654787206413,0.426485431351666,0.12018754270793,7.95867440032402
"NTS",0.2571,12.1604281290259,0.648654640747035,0.726733543455858,4,1.23249910695001,11.6249553477453,0.493823781762364,4.03980789676109,0.143679462637917,0.426449189167212,0.120160628851214,7.9586978640531
"NTS",0.2591,12.2550250028417,0.64686779388644,0.724731612892132,4,1.23250017230211,11.625008615807,0.493825760930719,4.03982298155481,0.14370255180835,0.426413890940042,0.120134851084809,7.95875395406643
"NTS",0.2611,12.3496218766576,0.645081738177901,0.722730568711856,4,1.23250097403074,11.6250487023153,0.493826520953107,4.0398433907564,0.143726042460986,0.426379206736159,0.120108701202131,7.95878987330259
"NTS",0.2631,12.4442187504734,0.643296457023923,0.720730392319684,4,1.23250193741194,11.6250968716084,0.493827788935091,4.0398628743853,0.14374940507411,0.426344475056312,0.120083477771523,7.95883491341004
"NTS",0.2651,12.5388156242893,0.641511934229588,0.718731065571306,4,1.23250297399791,11.6251487044758,0.493829887785335,4.03987475891389,0.143771494801898,0.426310829903811,0.1200576605118,7.95889195090668
"NTS",0.2671,12.6334124981051,0.639728153847849,0.716732570600122,4,1.23250344426222,11.6251722132498,0.493829702982439,4.03989482580942,0.143793801108835,0.426278117228177,0.120032482894427,7.95891048979371
"NTS",0.2691,12.7280093719209,0.637945101048349,0.714734890790636,4,1.23250420063896,11.6252100337949,0.493832776311279,4.03987970628523,0.14381655702716,0.426239344072974,0.120005773173069,7.9589794766103
"NTS",0.2731,12.9172031195526,0.634381116719907,0.710741907780684,4,1.23250447096568,11.6252235439907,0.493831159184518,4.03990920651914,0.143859890555598,0.426171894010473,0.119957672051224,7.95899104775197
"NTS",0.2751,13.0117999933684,0.632600154675241,0.708746570391299,4,1.23250639585823,11.6253197912786,0.493835668260193,4.03992413631832,0.143880645507562,0.426142953882465,0.119933399381841,7.95909034923993
"NTS",0.2771,13.1063968671843,0.630819427264909,0.706751495879308,4,1.23251178897526,11.6255895799493,0.49384600260744,4.04000101037183,0.14390221626214,0.426125018326439,0.119915814938923,7.95930656447388
"NTS",0.2791,13.2009937410001,0.629040225006813,0.704758130102934,4,1.23250844781127,11.6254223897103,0.493837356645134,4.03998254695716,0.143922261440886,0.426085002465928,0.119890135022196,7.95916438153108
"NTS",0.2811,13.295590614816,0.627261247369191,0.70276501598472,4,1.23251391179529,11.6256955905771,0.493851757095815,4.04000472954929,0.143942590782601,0.426061888825444,0.119868141012319,7.95944046055438
"NTS",0.2831,13.3901874886318,0.625482883498625,0.700772589513028,4,1.23251122267603,11.6255611316147,0.493844296429929,4.03999444838502,0.143963532300947,0.426023349586036,0.119842881408455,7.95932268722935
"NTS",0.2851,13.4847843624476,0.623705143823814,0.698780862371865,4,1.23251426132619,11.6257130777199,0.493853746095946,4.03998666389924,0.143982438878006,0.425994362882817,0.119819973407061,7.95950308432998
"NTS",0.2871,13.5793812362635,0.6219280162522,0.696789821013085,4,1.23251511489328,11.6257557469864,0.493853633714516,4.04002152110872,0.14400290709629,0.425967490874719,0.119799552313041,7.9595238841893
"NTS",0.2891,13.6739781100793,0.620151476566817,0.694799438304712,4,1.23251680271475,11.6258401343397,0.493857337864622,4.04003725482656,0.144022040273219,0.425940366239059,0.119778226180599,7.95960846104322
"NTS",0.2911,13.7685749838951,0.618375520958216,0.692809709978753,4,1.2325183800907,11.625919004797,0.4938635617825,4.04001237918711,0.14404122103553,0.425907426014205,0.119753930372505,7.95972869068866
"NTS",0.2931,13.863171857711,0.616600128184491,0.690820612236403,4,1.23251914375567,11.625957190657,0.493865158819742,4.04002057646834,0.144059688329141,0.425879600834176,0.11973221890823,7.95977251497042
"NTS",0.2951,13.9577687315268,0.614824868159956,0.688831663222333,4,1.23251857818875,11.625929129593,0.493860820282456,4.0400560550493,0.144079003976034,0.425852106781989,0.119713843304467,7.95971819780602
"NTS",0.2971,14.0523656053427,0.613051032542142,0.686844310071575,4,1.23251954079574,11.6259770413744,0.493864053484419,4.0400486782528,0.144096812497149,0.425823273621193,0.119691316944639,7.95978793788453
"NTS",0.2991,14.1469624791585,0.611277295543067,0.684857067410347,4,1.2325108386721,11.6255419344143,0.493820953068373,4.04029725796117,0.144114289916433,0.425815579194491,0.119691865603831,7.95908894720623
"NTS",0.3031,14.3361562267902,0.60773142612863,0.680884379816193,4,1.23251989158459,11.6259945791065,0.493859605147065,4.04012009413011,0.144151427847494,0.425744394087388,0.119634721846535,7.95976666788765
"NTS",0.3111,14.7145437220535,0.60064571838254,0.672945761675301,4,1.23252390601155,11.6261953070156,0.493866336140481,4.04018594791651,0.144219740137526,0.425646352480674,0.119560350122112,7.95995271104416
"NTS",0.3171,14.998334343501,0.595336463687484,0.66699742918021,4,1.23252243978755,11.626121989915,0.493857911234123,4.04023957426582,0.144268543628177,0.42557099264305,0.119508351623041,7.95985268660744
"NTS",0.3191,15.0929312173169,0.593567627786997,0.665015677565401,4,1.23252234301187,11.6261171442387,0.493859984774258,4.04020371234706,0.144284753523728,0.425539841078777,0.119486099585645,7.95989456361926
"NTS",0.3211,15.1875280911327,0.591799229193772,0.663034415896763,4,1.23252855869776,11.626427936848,0.493871958628448,4.04029275521717,0.144300791942722,0.425534383998318,0.119474958810221,7.9601380188018
"NTS",0.3231,15.2821249649485,0.590030812488145,0.661053133935522,4,1.23251816268225,11.6259081289515,0.493826762656234,4.04050171093742,0.144313871714843,0.425525449702955,0.11947432262477,7.95939054037121
"NTS",0.3251,15.3767218387644,0.588263727570084,0.659073344069823,4,1.23252513457667,11.6262567312587,0.49385940552759,4.04032206276436,0.144333497128117,0.425481004645532,0.11944046922296,7.95994749965941
"NTS",0.3271,15.4713187125802,0.586496610578409,0.657093518269791,4,1.23252462162786,11.626231082864,0.493857862773113,4.04032332882835,0.144347088859274,0.425457307833531,0.119423849837918,7.95993041410647
"NTS",0.3291,15.5659155863961,0.584729905006783,0.655114153412659,4,1.23252183688306,11.6260918404391,0.49384978554977,4.04031765928048,0.144363322251252,0.425425015811047,0.119406192768367,7.95979915478141
"NTS",0.3311,15.6605124602119,0.582963597473224,0.653135234505646,4,1.23251506381813,11.6257531983657,0.493821799281745,4.04043356245362,0.144375573138526,0.425411125123874,0.119397718014577,7.95933675239836
"NTS",0.3331,15.7551093340277,0.581197686743295,0.651156760165726,4,1.23250793999934,11.6253972314637,0.493795969506374,4.04050173710137,0.144389991652268,0.425385976024157,0.119387220922949,7.95890385750496
"NTS",0.3371,15.9443030816594,0.577667063031271,0.647201153407261,4,1.23251296775527,11.6256484027555,0.493811739193151,4.04048435229915,0.144419457088972,0.425344052685644,0.119350877674015,7.95920290541648
"NTS",0.3391,16.0388999554752,0.575902332756944,0.645224001615009,4,1.23252900427807,11.6264502163146,0.493858761131289,4.04048457617753,0.144436311536966,0.425341018282804,0.119333531594703,7.96004920021688
"NTS",0.3431,16.2280937031069,0.572373944101991,0.64127089894862,4,1.23251715818114,11.6258579076348,0.493811340228405,4.0406602593675,0.144463750149061,0.425302628380903,0.119315849994578,7.95926684842301
"NTS",0.3451,16.3226905769228,0.570610316853963,0.639294982954526,4,1.23252857009379,11.6264285021704,0.493857607985169,4.04047855090634,0.144476971537106,0.425271696584455,0.119284800423422,7.96005991625273
"NTS",0.3471,16.4172874507386,0.568847025219549,0.637319442972036,4,1.23252216940642,11.6261084683327,0.493841472943837,4.04043486902834,0.14449272605838,0.425231937150538,0.119265073870022,7.95977742046157
"NTS",0.3491,16.5118843245544,0.567084085313178,0.635344297055279,4,1.23252667263636,11.6263336313185,0.493844801722607,4.04057598521247,0.144506204068094,0.425234733396731,0.119262145308625,7.95987647549952
"NTS",0.3511,16.6064811983703,0.565321488607245,0.633369535650179,4,1.23252751595199,11.6263757923495,0.493843951579069,4.04062261965704,0.144520680246377,0.425221496930118,0.119248593159549,7.95988056956062
"NTS",0.3531,16.7010780721861,0.563558786488445,0.631394656143609,4,1.23252530208174,11.626265107394,0.493833598918219,4.04067969703336,0.144529424803296,0.425207612820152,0.119239913316716,7.95971693365614
"NTS",0.3551,16.7956749460019,0.561797297572915,0.62942113587423,4,1.23252062646347,11.6260313379492,0.493818152910643,4.04069785861294,0.144545558829325,0.425179576058952,0.119224642426,7.95946000372598
"NTS",0.3571,16.8902718198178,0.560035262140976,0.627447003303971,4,1.23252325253484,11.626162661694,0.493826760845267,4.04069011418034,0.144554455223657,0.425164471840298,0.119211093830142,7.95961616398103
"NTS",0.3591,16.9848686936336,0.558274427061453,0.625474215573185,4,1.23252367937927,11.6261839586119,0.493826177856044,4.04071221833502,0.144569792387864,0.425145648928039,0.119196800849881,7.959622412531
"NTS",0.3611,17.0794655674495,0.556513470567014,0.623501291812706,4,1.23252243613607,11.6261218058478,0.49382693601966,4.04064394900667,0.144584142123589,0.425111530532606,0.119176217009873,7.95963452548944
"NTS",0.3631,17.1740624412653,0.554752825046239,0.621528716457954,4,1.23252408247188,11.626204119106,0.493829832931472,4.04067358412236,0.144595893694766,0.425098861183194,0.119164856127295,7.95969894052199
"NTS",0.3651,17.2686593150811,0.552992053427926,0.619555999827238,4,1.23253041775629,11.6265208384456,0.493850104714508,4.04064801029152,0.144607441687709,0.425083197833336,0.119149020875918,7.9600646218544
"NTS",0.3671,17.363256188897,0.551232454484903,0.617584597027358,4,1.23252914909805,11.6264574623013,0.493843410405111,4.04069024094709,0.144619209018954,0.425067904229555,0.119138217350699,7.95996294437578
"NTS",0.3691,17.4578530627128,0.549472719964131,0.615613042330163,4,1.23253037751482,11.6265188894342,0.493850140829347,4.04064204064067,0.144633582921734,0.425041556371449,0.119119501496626,7.96008333415385
"NTS",0.3711,17.5524499365286,0.547713271563961,0.613641808194058,4,1.23252898739339,11.6264493624222,0.493841337636913,4.04070870127637,0.14464490654541,0.42502936880492,0.119111269561516,7.95994989462265
"NTS",0.3731,17.6470468103445,0.54595411405417,0.611670899962961,4,1.23252790023249,11.626395008757,0.493836331204669,4.04073246213079,0.144657235514452,0.425011655623915,0.119099057929385,7.95987590881442
"NTS",0.3751,17.7416436841603,0.544195243631721,0.609700313376062,4,1.23252627771164,11.626313884096,0.493834369433016,4.04068600994747,0.144673138699613,0.424976778208567,0.119082583353549,7.95984352599198
"NTS",0.3771,17.8362405579762,0.542436646646234,0.607730033139877,4,1.2325235382714,11.6261769202644,0.493821053861244,4.04076231087883,0.144681486380521,0.424971208951854,0.119073025904692,7.95963124107928
"NTS",0.3791,17.930837431792,0.54067833613721,0.605760073863478,4,1.23252956233052,11.6264781182425,0.493835584145381,4.0408070734478,0.144693912867914,0.424966281075992,0.119063116661491,7.95990711041383
"NTS",0.3811,18.0254343056078,0.538920253275848,0.60379036963681,4,1.23250805395536,11.6254028048082,0.4937556056214,4.04104545522971,0.144702733655499,0.424952887708615,0.119069389270075,7.95854543711225
"NTS",0.3831,18.1200311794237,0.537162128157425,0.601820618066578,4,1.23256812083056,11.6284060285864,0.494004004282327,4.04001663304116,0.144718480477957,0.424868111294469,0.118973740280546,7.96274990250252
"NTS",0.3851,18.2146280532395,0.535404991991305,0.599851974489361,4,1.23252177760561,11.6260888808592,0.493800604879446,4.04097894169071,0.144724642264565,0.424925413367232,0.119040331817418,7.95934653014067
"NTS",0.3871,18.3092249270553,0.533647743404746,0.597883204959597,4,1.23252024372438,11.6260121733889,0.493800580203881,4.04091354860803,0.144735760069602,0.424897343280939,0.119021954107062,7.95934092218389
"NTS",0.3891,18.4038218008712,0.531890747127913,0.595914718110214,4,1.23252278852404,11.6261394312939,0.493800805368323,4.04101799193811,0.144744822357722,0.424899639191002,0.11901735718255,7.95937448872005
"NTS",0.3911,18.498418674687,0.530133997480205,0.593946507576835,4,1.23251793752123,11.6258968844833,0.493784228274464,4.04105271552832,0.144753220375665,0.424881498778229,0.119008574928733,7.95909319857548
"NTS",0.3951,18.6876124223187,0.526621260490771,0.590010940575233,4,1.23252040586324,11.6260202939086,0.493788999050834,4.04108418076834,0.144776435855155,0.424852446993757,0.118986372854471,7.95920252267757
"NTS",0.3971,18.7822092961345,0.52486481123376,0.588043066590738,4,1.23251790305488,11.6258949443231,0.493776199139651,4.04115360784299,0.144793434272618,0.424836408734408,0.118976350295648,7.9590026559809
"NTS",0.3991,18.8768061699504,0.523109472000544,0.586076436244191,4,1.23252366499771,11.6261832480813,0.493778390333342,4.04137582529375,0.144794511040878,0.424866227244667,0.118987210643245,7.95908824090847
"NTS",0.4011,18.9714030437662,0.521354025124837,0.584109685298168,4,1.23259457302691,11.6297286737402,0.494074005401319,4.04012236819329,0.144816765985371,0.42476409663129,0.118868736310189,7.96408593330782
"NTS",0.4031,19.065999917582,0.519598641384144,0.582143005086755,4,1.23251457252455,11.6257286042773,0.493761425859588,4.04122968799223,0.144815903323284,0.42479739256182,0.118951354924114,7.95877511990962
"NTS",0.4051,19.1605967913979,0.517843558984647,0.580176662489137,4,1.23251488587307,11.6257442978666,0.493750185698812,4.04140251410768,0.144827235828668,0.424805598014728,0.118952917268202,7.95861980482359
"NTS",0.4071,19.2551936652137,0.516088716256295,0.578210588412007,4,1.23251358342306,11.6256791453069,0.493749738804726,4.04134561374647,0.144844033954412,0.424773423471531,0.118934134704125,7.95861245583531
"NTS",0.4091,19.3497905390296,0.514334078219384,0.576244743665134,4,1.23251105450282,11.6255527128196,0.493733458623935,4.04148059787897,0.144844548827613,0.424781810434345,0.11893580075125,7.95835326478177
"NTS",0.4111,19.4443874128454,0.5125796846013,0.574279172757913,4,1.23252071044215,11.6260355315572,0.493759499636385,4.04151275667637,0.144857309970381,0.424782011818323,0.118926121311163,7.95883008496475
"NTS",0.4131,19.5389842866612,0.510825478815733,0.572313812292708,4,1.2325106137891,11.6255306984655,0.49372625256839,4.04156258339858,0.144866108008576,0.424758408796783,0.118920056073574,7.95825735193287
"NTS",0.4151,19.6335811604771,0.509071497980401,0.570348703855117,4,1.23250874963873,11.6254374948509,0.493717897929124,4.0415992785249,0.144876996405977,0.424743808726186,0.118911327122137,7.95812744400548
"NTS",0.4171,19.7281780342929,0.507317730863329,0.568383834861166,4,1.23251119618531,11.6255598482614,0.493720245655696,4.04166925713565,0.144886114117106,0.42474147951769,0.118907261216531,7.95819010605151
"NTS",0.4191,19.8227749081087,0.505564163977505,0.566419190200405,4,1.23250641576028,11.6253207922823,0.493704733362692,4.04169046824855,0.144893127743942,0.424724631876188,0.118897728662785,7.95792541302072
"NTS",0.4211,19.9173717819246,0.50381080666697,0.564454780341621,4,1.23250584588088,11.6252922874916,0.493700281355972,4.04173046071243,0.144902043534885,0.424713779898006,0.11889142397179,7.95786086521693
"NTS",0.4231,20.0119686557404,0.502057649550547,0.562490594774421,4,1.23250473911924,11.6252369538707,0.493693439873203,4.0417789746637,0.14491280923114,0.424705363339107,0.118881799018305,7.95775834590505
"NTS",0.4251,20.1065655295563,0.500304243618705,0.560526130441758,4,1.23250102098028,11.6250506938427,0.493683862052662,4.04176035266112,0.144920611790308,0.424681696157604,0.118872040034745,7.95758933251789
"NTS",0.4271,20.2011624033721,0.498551928557482,0.558562888288388,4,1.23250216075181,11.6251080423884,0.493679107941034,4.04187517886095,0.144929216332206,0.424685080276509,0.11887011234873,7.95753714743013
"NTS",0.4291,20.2957592771879,0.496799379358436,0.556599383813901,4,1.23249649907875,11.624824963773,0.493684022994577,4.04156051080163,0.144940720592508,0.424617359897892,0.118831204317345,7.95756869793274
"NTS",0.4311,20.3903561510038,0.495046983158332,0.55463605075492,4,1.23249201926056,11.6246009707109,0.493656580785908,4.04176823356203,0.144945462142121,0.424629701367733,0.11883913631245,7.95712915176515
"NTS",0.4331,20.4849530248196,0.493294810393895,0.552672968026675,4,1.23249720954212,11.6248604674454,0.493668622514854,4.04181237724876,0.144956613010307,0.424622578081049,0.118835509983413,7.95735944566375
"NTS",0.4351,20.5795498986354,0.491542800801005,0.550710068111024,4,1.23248966276668,11.6244831490656,0.493649993803134,4.04175799671506,0.144966196007829,0.424590293148309,0.118819096617327,7.95702566871794
"NTS",0.4371,20.6741467724513,0.48979098901498,0.548747389812354,4,1.23249366510986,11.6246832496293,0.493652987611555,4.04188472349786,0.144971946723145,0.424602000419169,0.118820392476146,7.95711204228768
"NTS",0.4391,20.7687436462671,0.488039358438923,0.546784914535991,4,1.23249280342566,11.6246401846185,0.493651344520901,4.04186888440876,0.144986963549461,0.424579372270257,0.118809559247026,7.95708606928294
"NTS",0.4411,20.863340520083,0.486287891639549,0.544822622750199,4,1.2324873356905,11.6243667839087,0.493632429216636,4.0419014698489,0.145000016953325,0.424558110338483,0.118797197246932,7.95676815493064
"NTS",0.4431,20.9579373938988,0.48453654793949,0.54286046888125,4,1.23250088008674,11.6250440019058,0.493615798677438,4.04272557844115,0.144995275889357,0.424690335904993,0.118860403751531,7.95664286553031
"NTS",0.4451,21.0525342677146,0.482785500172512,0.540898646567004,4,1.2324877168233,11.6243858511334,0.493619627469989,4.04210813288945,0.145007579151825,0.42457015539037,0.118796532570466,7.9565922413517
"NTS",0.4471,21.1471311415305,0.48103455790834,0.538936942454994,4,1.23248739098771,11.6243695633427,0.493608544496374,4.0422535368255,0.145015735471701,0.424578214223477,0.118797620074949,7.95643128911562
"NTS",0.4491,21.2417280153463,0.47928380421867,0.536975449616298,4,1.23248651443398,11.6243257244442,0.493608411781845,4.04220403797236,0.145035971088248,0.424543155281747,0.118781386098433,7.9564341183343
"NTS",0.4511,21.3363248891621,0.47753319912562,0.535014123260876,4,1.23248167625678,11.624083822592,0.493593248654912,4.04222910524424,0.145030800159591,0.424536012156683,0.118781397757399,7.95616868305793
"NTS",0.4531,21.430921762978,0.47578273033947,0.533052949619688,4,1.23248087613021,11.6240438205079,0.493562157675447,4.0426415453272,0.145037218283834,0.424583531728265,0.118803380273005,7.95570893631555
"NTS",0.4551,21.5255186367938,0.474032441704328,0.531091977814379,4,1.23247494126695,11.6237470742701,0.493536937535592,4.04275320748306,0.145046466073121,0.424576965356625,0.118804646056022,7.95528891509565
"NTS",0.4571,21.6201155106097,0.472282388888809,0.529131270214427,4,1.2324917087792,11.6245854527266,0.493590997513958,4.04268380142983,0.145055011296011,0.424576641120369,0.118788068087001,7.95624132428673
"NTS",0.4591,21.7147123844255,0.470532443943906,0.527170683469534,4,1.23247941237856,11.6239706297769,0.493565877518861,4.04252095500436,0.145063624784126,0.424525789549947,0.11876271123572,7.95577039583731
"NTS",0.4611,21.8093092582413,0.468782226685926,0.525209791633094,4,1.23247789010621,11.6238943949462,0.493549040286504,4.04270261725512,0.145069099571026,0.424535547669815,0.118773780982296,7.95551085884966
"NTS",0.4631,21.9039061320572,0.467033001485273,0.523250011268448,4,1.232479924461,11.6239962122945,0.493545911088911,4.04283353790317,0.145075427208497,0.424548214362959,0.118772323032997,7.9554883687922
"NTS",0.4651,21.998503005873,0.465283089963807,0.521289461970188,4,1.2324770776318,11.6238534214636,0.493530531847563,4.04293229890434,0.145083005218909,0.424538934299656,0.118777288918116,7.95524224225199
"NTS",0.4671,22.0930998796888,0.463534089039111,0.519329932877715,4,1.23245782541903,11.6228913831308,0.493447572886186,4.0433135056254,0.145086265484678,0.424559629258725,0.118797419737446,7.95385128701497
"NTS",0.4691,22.1876967535047,0.461784979437556,0.517370282026891,4,1.23246802899111,11.6234014693381,0.493492278204308,4.04309430025377,0.145100322425334,0.424531040990911,0.118764809264938,7.95461204869802
"NTS",0.4711,22.2822936273205,0.460035951524838,0.515410722697833,4,1.2324643547445,11.6232177802011,0.493483065300924,4.04307339930923,0.145103139047063,0.424507091918655,0.118760116327441,7.95444781131529
"NTS",0.4731,22.3768905011364,0.458287063136044,0.513451319687267,4,1.23246564256808,11.6232821243525,0.493478755860334,4.04319697438252,0.145107374972205,0.424520656949326,0.118762221000505,7.95439583568719
"NTS",0.4751,22.4714873749522,0.456538255327874,0.511492006956858,4,1.23269937178346,11.6349684587448,0.49449924617855,4.03840224139993,0.145154661609452,0.424128026085917,0.118357030069818,7.97153236349404
"NTS",0.4771,22.566084248768,0.45478970973137,0.509532988000673,4,1.23245486158791,11.6227431060017,0.493442445530677,4.04325409991188,0.145121726511562,0.424489012040131,0.118746841331171,7.95378181237066
"NTS",0.4791,22.6606811225839,0.453041215617977,0.507574026724647,4,1.23245352003199,11.6226760196875,0.49341641490805,4.04357168637499,0.145132215085606,0.424520153742932,0.118760635022562,7.95338807178213
"NTS",0.4811,22.7552779963997,0.451292947652274,0.505615318817828,4,1.23245332132906,11.6226660613751,0.493434857028752,4.04330263793831,0.145135390804534,0.424466209138393,0.118740410327396,7.95366162688318
"NTS",0.4831,22.8498748702155,0.44954478627183,0.503656730325992,4,1.23247209257185,11.623604594252,0.493470968592135,4.04357637688683,0.145143432052992,0.424521328497007,0.118751899295187,7.95436616868274
"NTS",0.4851,22.9444717440314,0.447796194182178,0.501697659280253,4,1.2324590774256,11.6229542920772,0.493396386677679,4.04409774593814,0.145149955392159,0.424567017051552,0.118785375132132,7.95315518470009
"NTS",0.4871,23.0390686178472,0.446048813553669,0.499739945519877,4,1.23245100344834,11.6225501804869,0.493412294058121,4.04352613875299,0.145155065411369,0.42446504742014,0.1187307400274,7.95332549206671
"NTS",0.4891,23.1336654916631,0.444301017453468,0.497781766277262,4,1.23245728313701,11.6228641600111,0.493408166515562,4.0438460452523,0.145168955116125,0.42450424589912,0.118744838927857,7.95332591850155
"NTS",0.4911,23.2282623654789,0.442553331900647,0.495823710888671,4,1.23244949178808,11.6224746062683,0.493372664171116,4.04403155339314,0.145166871110677,0.424517861812344,0.118751668157594,7.95273708505571
"NTS",0.4931,23.3228592392947,0.440805819627446,0.493865849637462,4,1.23244634046507,11.6223170450621,0.493363569514794,4.04403506058084,0.145169751980568,0.4245016067451,0.118750241987115,7.95257551863789
"NTS",0.4951,23.4174561131106,0.43905812735398,0.491907786719261,4,1.23237177897643,11.6185890295345,0.493138788265878,4.04408835818042,0.145188543680443,0.424388097005963,0.118732332844689,7.94861728950909
"NTS",0.4971,23.5120529869264,0.437310669779361,0.48994998675073,4,1.2324365827921,11.6218288730146,0.493307288695594,4.04442202997692,0.145187335777953,0.424513273631095,0.118766986149556,7.95167326944074
"NTS",0.4991,23.6066498607422,0.435564223097152,0.487993319356264,4,1.23244660154543,11.6223301070225,0.493432754704106,4.04303430697413,0.145201511734624,0.424316240793405,0.118640924201377,7.95362367424014
"NTS",0.5011,23.7012467345581,0.433816968929625,0.486035747279045,4,1.23243369192755,11.6216845957602,0.493293322254563,4.04449349247092,0.145203720805923,0.424496678965829,0.118754739524197,7.95145595331325
"NTS",0.5031,23.7958436083739,0.43206986351629,0.484078341861639,4,1.23238848623943,11.619424359949,0.493135659154885,4.04485337084133,0.145199793688875,0.424481386895378,0.11877855256887,7.94873166555264
"NTS",0.5051,23.8904404821898,0.430322693775511,0.482120864373661,4,1.23240868110172,11.6204340297621,0.493171533435336,4.04518976634568,0.145208738941142,0.424548473141095,0.118792806606539,7.94944457270436
"NTS",0.5071,23.9850373560056,0.428576473016761,0.48016445009718,4,1.23240853700606,11.6204268844631,0.493165877447668,4.04527033551313,0.145212706541709,0.424550830834178,0.118796456258325,7.94936108492599
"NTS",0.5091,24.0796342298214,0.42683010430329,0.478207870056592,4,1.23242556409253,11.6212782073319,0.49324500158091,4.04484254777501,0.145228899424675,0.424497354044274,0.118747653321855,7.9506893075069
"NTS",0.5111,24.1742311036373,0.42508365814965,0.476251203254319,4,1.23241896352246,11.6209481219402,0.493215184394792,4.04500649056915,0.145221668057412,0.424506599856119,0.118764086606784,7.95018758430336
"NTS",0.5131,24.2688279774531,0.423337367099901,0.474294710225875,4,1.23242024942975,11.6210125505491,0.493214402856032,4.04506364480032,0.145231814076314,0.424509381277803,0.118751569990002,7.95019754719542
"NTS",0.5151,24.3634248512689,0.42159117118526,0.472338323784003,4,1.23241909851347,11.6209549124142,0.493201673575206,4.04519846007083,0.14523971397662,0.424508802220395,0.118762903850585,7.95000247108126
"NTS",0.5171,24.4580217250848,0.419845062289144,0.470382034835121,4,1.23241595260827,11.6207976391841,0.493177418617686,4.04541446268532,0.145247329033852,0.424525938132119,0.118771027592163,7.94961944883185
"NTS",0.5191,24.5526185989006,0.418097757789567,0.468424406367357,4,1.23224474617848,11.6122374281863,0.492529134731369,4.04747382418098,0.145237604149787,0.424569560491764,0.118929682367194,7.93855743385976
"NTS",0.5211,24.6472154727165,0.416352792779835,0.466469398995068,4,1.23232044664909,11.6160222634746,0.492889804434525,4.04549400082977,0.145256419374769,0.424373569248307,0.118766466873977,7.94454991191717
"NTS",0.5231,24.7418123465323,0.414607394231596,0.464513905899014,4,1.23239215430794,11.6196077319671,0.493075099064661,4.04587428862793,0.145262227957407,0.424532739561395,0.118785512786831,7.9479163986462
"NTS",0.5251,24.8364092203481,0.412861606745387,0.462557977048321,4,1.23234529662543,11.6172648484707,0.492944530173775,4.04576309294043,0.145271638820359,0.424426137005704,0.118780554576119,7.94558228679255
"NTS",0.5271,24.931006094164,0.411116244429125,0.460602524545505,4,1.23239313518035,11.6196567654439,0.493067125689927,4.04603656276961,0.145271729705691,0.42454009739605,0.118786066510404,7.94781056856127
"NTS",0.5291,25.0256029679798,0.409370492451631,0.45864663547773,4,1.23232297944443,11.6161490126939,0.492842831515848,4.04627036747339,0.145288292185321,0.424454988404843,0.118789801764943,7.94389759166576
"NTS",0.5311,25.1201998417956,0.407625445562984,0.456691536370719,4,1.23236396393765,11.6181982111382,0.49297957623818,4.04605253217119,0.145280044367895,0.424480912757882,0.118774386937562,7.94627714348997
"NTS",0.5331,25.2147967156115,0.405880340851706,0.454736372480936,4,1.23236202247749,11.6181011823741,0.493004318086189,4.0456111648622,0.145291823555298,0.424401857696843,0.11873023241261,7.94663011324264
"NTS",0.5351,25.3093935894273,0.404135047656594,0.45278099741942,4,1.23236638850968,11.6183194662303,0.4929483216649,4.04661204281102,0.145287456155645,0.42454962790264,0.118808120917006,7.94583972107234
"NTS",0.5371,25.4039904632432,0.402390025027072,0.450825925491618,4,1.23235554844656,11.6177773730409,0.492916273823169,4.04659447723251,0.145307672894006,0.424502402769037,0.118795939389979,7.94528401519147
"NTS",0.5391,25.498587337059,0.40064505528097,0.448870912812841,4,1.23236459403325,11.6182297907866,0.492914188439403,4.04702476996536,0.145296362467604,0.424586845323683,0.118829103440127,7.94533019431745
"NTS",0.5411,25.5931842108748,0.398899975359598,0.446915776696939,4,1.23230170323649,11.6150851561006,0.492724172352194,4.04710037007342,0.14529191053345,0.424509128095733,0.11882854318237,7.94197225109192
"NTS",0.5451,25.7823779585065,0.395409527031347,0.443005181254473,4,1.23218640278284,11.6093205336679,0.492277479782373,4.04862915658398,0.145301749810986,0.424545714084893,0.118932724863371,7.93437781263562
"NTS",0.5471,25.8769748323223,0.393666508933884,0.441052355145315,4,1.2323322219882,11.616611154142,0.492852139588022,4.04654224899324,0.145318253419076,0.424431450952305,0.118765608462963,7.9441472267227
"NTS",0.5491,25.9715717061382,0.3919212033356,0.439096966187651,4,1.23227084559325,11.6135427634062,0.492613031686108,4.04737916642439,0.145318890859717,0.424460558733837,0.118824324149321,7.94008365401255
"NTS",0.5511,26.066168579954,0.390177168198383,0.437143000617126,4,1.23227358681798,11.6136793368875,0.492585189351209,4.0479018003165,0.1453170915377,0.424541311478469,0.118857878201415,7.93969746583901
"NTS",0.5531,26.1607654537699,0.388432994118106,0.435188879378891,4,1.23231083196347,11.615541650224,0.492655568413615,4.04846699951221,0.145332401608642,0.424658309615263,0.118900814366953,7.94106508561392
"NTS",0.5551,26.2553623275857,0.386688454333631,0.43323434841645,4,1.23222009214823,11.6110044543474,0.49241737601943,4.04803729792932,0.145337394200315,0.424456467761526,0.118849537532479,7.93676023724615
"NTS",0.5571,26.3499592014015,0.384945251656358,0.431281315509513,4,1.23230089516653,11.6150448871482,0.492760465525461,4.04652120225997,0.145352974724418,0.424333526804624,0.118732551328824,7.94254553651219
"NTS",0.5591,26.4445560752174,0.383200639910033,0.429326703923136,4,1.23225249147544,11.6126245550029,0.492483955616327,4.04843235173403,0.145362337611051,0.424529762689207,0.118870200982645,7.93805016006506
"NTS",0.5611,26.5391529490332,0.381456866144347,0.427373031185571,4,1.23232608366051,11.6163042556107,0.492727398217975,4.04808927610389,0.145344765515924,0.424579999127407,0.118864262669366,7.94226918174584
"NTS",0.5671,26.8229435704807,0.376226032049029,0.421512558819348,4,1.23233202977167,11.6166015514448,0.492703142978549,4.04868847029661,0.145353263977928,0.424659951430634,0.11888644214885,7.94197744904088
"NTS",0.5691,26.9175404442966,0.374481941381085,0.419558531033832,4,1.23227205840543,11.6136027177271,0.492437501861089,4.04995810396658,0.145361118596815,0.424746956315494,0.118976476236453,7.93753703451859
"NTS",0.5711,27.0121373181124,0.372738172051308,0.41760486326613,4,1.23226799404889,11.6133992357889,0.492444175858964,4.04970017052869,0.145355888267214,0.424708099571772,0.118953064504706,7.93759963560579
"NTS",0.5751,27.2013310657441,0.369252032096952,0.413699094798807,4,1.23223531322011,11.6117654345526,0.492407979335884,4.04881418771378,0.145376663454584,0.42450928353716,0.118860612397046,7.936799871918
"NTS",0.5791,27.3905248133757,0.365765187190178,0.40979253652357,4,1.23219529747131,11.6097649167288,0.492182237995901,4.0503855409217,0.145368872424455,0.424677232691358,0.118981517693238,7.9331102923896
"NTS",0.5811,27.4851216871916,0.364021263661485,0.407838695995947,4,1.2320758362482,11.6037916985905,0.491858615411768,4.04996949502456,0.145375193719406,0.424442122664308,0.11892760856477,7.92728913058776
"NTS",0.5831,27.5797185610074,0.362278987406564,0.40588670102531,4,1.23217031208958,11.6085156025412,0.492080781346883,4.05079064846569,0.145375694442644,0.424692804279322,0.118997653670793,7.93139589140813
"NTS",0.5871,27.7689123086391,0.35879352927257,0.401981696449428,4,1.23212894210225,11.6064470528119,0.492083358447742,4.04897300046409,0.145399116109397,0.424337858453421,0.118831574041601,7.93109440335233
"NTS",0.6171,29.1878654158767,0.332659866854496,0.372702311242697,4,1.23216970034583,11.608485129529,0.49189739437651,4.0534128151048,0.14543622205543,0.424941565186696,0.11913478325864,7.92873287799789
"NTS",0.6231,29.4716560373242,0.327435200697337,0.366848749252618,4,1.23216650873268,11.6083256909896,0.49183666151231,4.05417490217646,0.145422534294928,0.425042749552495,0.119188714177494,7.92780514600183
"NTS",0.6251,29.56625291114,0.325691622046084,0.364895295115513,4,1.2320095638342,11.6004783027335,0.491189055928749,4.05682728779857,0.145436844194257,0.425197827381611,0.119370668967136,7.91686690367614
"NTS",0.6491,30.7014153969301,0.304796785512166,0.341485336039699,4,1.23188385842599,11.5941928219945,0.490576279978095,4.06035941050954,0.145419286546414,0.425467190623497,0.119643941280939,7.90673315322004
"NTS",0.6551,30.9852060183776,0.299576896837163,0.335637126599832,4,1.23201630054855,11.6008151153128,0.490997178963918,4.05986320624537,0.145469978311403,0.425535997210775,0.119561834620104,7.91415089690096
"NTS",0.6631,31.3635935136409,0.292612670700511,0.327834612874056,4,1.2318415268252,11.5920764633604,0.490272874345921,4.06291896056534,0.145454374723599,0.42571948669424,0.119812639081506,7.90190233920739
"NTS",0.6731,31.8365778827201,0.283910732173328,0.318085217396809,4,1.23176193513629,11.5880965289935,0.489922506609642,4.0645970300974,0.145443467147885,0.425844631027503,0.119934474600031,7.89604684486604
"NTS",0.6771,32.0257716303518,0.28042898577203,0.314184371336853,4,1.23150721626899,11.5753606742092,0.489411205620428,4.06113304890523,0.145445240233404,0.424970218745686,0.119639331148874,7.88628818468961
"NTS",0.6791,32.1203685041676,0.278701019211496,0.312248408526097,4,1.23219196229717,11.6095984318673,0.492384844587174,4.04732863176302,0.145558335294789,0.423924323870055,0.11848047073671,7.93623151004577
"NTS",0.6851,32.4041591256151,0.273479085704956,0.306397908117239,4,1.23196976036112,11.5984882654908,0.491448784903583,4.05141357461988,0.145545266097121,0.424251023962033,0.11874657783168,7.92043551967309
"NTS",0.6971,32.9717403685102,0.263023698982321,0.294684000956425,4,1.23122097769198,11.5610489147643,0.487761440721663,4.07277849594412,0.145409720364333,0.426202835509511,0.120569954194006,7.85941666079868
"NTS",0.7271,34.3906934757477,0.236925943145892,0.265444844425592,4,1.23081508352498,11.5407539414378,0.485822390449157,4.08353458678034,0.145358739073872,0.42714310158343,0.121403717274022,7.82722415210909
"NTS",0.7351,34.7690809710111,0.229990951900498,0.257675084610421,4,1.23158774761393,11.5793869140717,0.488950540134619,4.07131315243901,0.145421550535255,0.426486202493529,0.120394377867199,7.88018028296803
"NTS",0.7811,36.9448090687753,0.190026742433466,0.212900362080201,4,1.23199266553194,11.5996329128543,0.491574745076712,4.05064606967653,0.145615176390488,0.423814873006221,0.118731003264479,7.92257227899746
"NTS",0.7891,37.3231965640387,0.183077982088779,0.205115175771961,4,1.23266507715249,11.6332539051974,0.493718093638166,4.04844574201508,0.145630214492737,0.424656788995584,0.118424870194129,7.96003102653243
"ADPS",0.0029,0.983057210377055,0.892560020117651,0.999997942541656,4,1.24112608608748,12.0563043286446,0.550113213785959,3.58203482313254,0.132978836197009,0.407525516872717,0.112885153246366,8.85506027530917
"ADPS",0.00289030100334448,0.979769393619941,0.892559208845738,0.999997033616512,4,1.24113115796948,12.0565578966285,0.55012810900019,3.58205470882434,0.132947427407305,0.407539185213269,0.112877436524503,8.8553241852816
"ADPS",0.00288060200668896,0.976481576862827,0.892558243455482,0.99999595202172,4,1.24113624086867,12.0568120366198,0.550143027177328,3.5820749189199,0.132915805265196,0.407552925756432,0.112869676724167,8.85558853754084
"ADPS",0.00287090301003344,0.973193760105713,0.89255712151822,0.999994695036276,4,1.24114137492207,12.0570687461198,0.550158123172616,3.58209493724951,0.132883959285732,0.407566708308738,0.112861826481817,8.85585597190676
"ADPS",0.00286120401337793,0.969905943348599,0.892555840798278,0.999993260155396,4,1.24114653254173,12.0573266267988,0.550173302078101,3.5821149310947,0.132851900903308,0.407580531318296,0.112853896605543,8.85612483557415
"ADPS",0.00285150501672241,0.966618126591485,0.892554398519759,0.999991644269047,4,1.24115174427231,12.0575872066398,0.550188649611724,3.58213497883563,0.132819611213602,0.407594428612754,0.112845894411266,8.85639667227343
"ADPS",0.00284180602006689,0.963330309834371,0.892552792052768,0.999989844430773,4,1.24115699603973,12.0578498027282,0.550204141477672,3.58215484287015,0.132787099616621,0.407608354809956,0.112837800121218,8.85667099992324
"ADPS",0.00283210702341137,0.960042493077257,0.892551018804482,0.999987857735652,4,1.24116229184457,12.058114593709,0.5502197785418,3.58217466996787,0.132754355139005,0.407622334525206,0.112829624356998,8.85694786710798
"ADPS",0.00282240802675585,0.956754676320143,0.892549076099544,0.999985681186291,4,1.24116764409195,12.0583822038628,0.550235615995296,3.58219420733595,0.132721383999554,0.407636344412424,0.11282134610258,8.85722817962071
"ADPS",0.00281270903010033,0.953466859563029,0.892546961141869,0.999983311650041,4,1.24117301493853,12.0586507362243,0.550251497747109,3.58221405271705,0.132688181142794,0.407650430633587,0.1128130090647,8.85750933962203
"ADPS",0.00280301003344482,0.950179042805916,0.892544670977787,0.999980745817695,4,1.24117844410395,12.0589222044635,0.550267587158546,3.58223361944209,0.132654741198656,0.407664553269052,0.112804571204525,8.85779406748953
"ADPS",0.0027933110367893,0.946891226048802,0.89254220273245,0.99997798046836,4,1.2411839161854,12.0591958182265,0.550283831169511,3.58225300952496,0.132621046259945,0.407678721645916,0.112796043694939,8.8580814482495
"ADPS",0.00278361204013378,0.943603409291688,0.892539553659364,0.999975012524943,4,1.24118945373808,12.0594726922403,0.550300305062927,3.58227200798175,0.132587137943265,0.407692890625337,0.112787387574874,8.85837282893852
"ADPS",0.00277391304347826,0.940315592534574,0.892536720723212,0.999971838586766,4,1.24119502123547,12.0597510602821,0.550316869646327,3.58229121902368,0.132552951188597,0.407707171665576,0.112778666971804,8.85866580500507
"ADPS",0.00276421404682274,0.93702777577746,0.892533700645089,0.999968454980239,4,1.2412006368646,12.0600318447246,0.550333596020355,3.58231036381423,0.132518534938592,0.407721474507628,0.112769862454555,8.85896157744447
"ADPS",0.00275451505016722,0.933739959020346,0.892530490401538,0.999964858317971,4,1.2412062698766,12.0603134881949,0.550350363130316,3.58232982587265,0.132483864490632,0.407735867940682,0.112760991971769,8.85925814178135
"ADPS",0.00274481605351171,0.930452142263232,0.892527086877038,0.999961045109424,4,1.24121200969329,12.0606004842853,0.550367539389326,3.58234817727572,0.132448948208819,0.40775021660067,0.112751943654159,8.85956167529513
"ADPS",0.00273511705685619,0.927164325506118,0.892523486855814,0.999957011751739,4,1.24121777207413,12.0608886036246,0.550384760782252,3.58236704744564,0.132413769494783,0.407764677801883,0.112742850197571,8.85986608186454
"ADPS",0.00272541806020067,0.923876508749004,0.892519687002379,0.999952754507934,4,1.24122358316329,12.0611791570499,0.550402155229035,3.58238570892725,0.132378331351018,0.407779175300928,0.112733649300388,8.86017348087932
"ADPS",0.00271571906354515,0.920588691991891,0.892515683861736,0.99994826950713,4,1.24122944083153,12.0614720413771,0.550419722014418,3.58240407589003,0.132342637486494,0.407793691357523,0.11272433223985,8.86048384691832
"ADPS",0.00270602006688963,0.917300875234777,0.892511474245078,0.999943553176685,4,1.2412353549081,12.0617677455037,0.550437464948294,3.58242257106183,0.132306660789642,0.407808306994833,0.11271493297865,8.8607972919188
"ADPS",0.00269632107023411,0.914013058477663,0.892507054089489,0.999938600964627,4,1.24124133084433,12.0620665332447,0.550455426349002,3.5824407270587,0.13227043321103,0.407822925444631,0.112705415408007,8.86111453235124
"ADPS",0.0026866220735786,0.910725241720549,0.892502420096248,0.999933409175165,4,1.24124733758239,12.062366878343,0.550473487258406,3.582459034751,0.132233920449007,0.407837626862162,0.112695813264944,8.86143350361628
"ADPS",0.00267692307692308,0.907437424963435,0.892497568940752,0.999927974083512,4,1.24125340822749,12.06267040538,0.550491771090097,3.58247702740328,0.132197147979188,0.407852351842503,0.112686088117173,8.86175635892493
"ADPS",0.00266722408026756,0.904149608206321,0.892492496483643,0.999922291052054,4,1.24125953291797,12.0629766414834,0.550510243020404,3.58249488020805,0.132160094521969,0.407867124063251,0.112676252482395,8.86208244796744
"ADPS",0.00265752508361204,0.900861791449207,0.89248719905189,0.999916355965634,4,1.24126571293817,12.0632856418321,0.55052890290451,3.58251259852404,0.132122744739754,0.407881956489691,0.11266630861395,8.86241183959609
"ADPS",0.00264782608695652,0.897573974692093,0.89248167261735,0.999910164311241,4,1.2412719654169,12.0635982680009,0.550547826860033,3.58252986320144,0.132085113407574,0.407896809306963,0.112656227290445,8.86274574687641
"ADPS",0.002638127090301,0.894286157934979,0.892475913429305,0.999903711886681,4,1.24127823970994,12.0639119840788,0.55056680199361,3.58254754142233,0.132047203493908,0.407911738779384,0.11264608385916,8.86308061540668
"ADPS",0.00262842809364548,0.890998341177866,0.89246991761451,0.999896994352483,4,1.24128461114281,12.0642305502129,0.550586130961882,3.58256451084834,0.132008996564988,0.407926693279475,0.112635772345488,8.86342156403449
"ADPS",0.00261872909698997,0.887710524420752,0.89246368046792,0.999890006437253,4,1.24129101894223,12.0645509435247,0.550605590027898,3.58258139949407,0.131970486155793,0.407941684165243,0.112625356515955,8.86376478355921
"ADPS",0.00260903010033445,0.884422707663638,0.892457198185172,0.999882743878698,4,1.24129748765801,12.0648743820802,0.550625245129343,3.58259832777598,0.131931681944157,0.407956748123095,0.112614832337882,8.86411141723546
"ADPS",0.00259933110367893,0.881134890906524,0.892450466038456,0.999875201379915,4,1.24130401585683,12.0652007887312,0.550645111147828,3.58261497898578,0.131892580076366,0.407971836140931,0.112604179716555,8.86446171142298
"ADPS",0.00258963210702341,0.87784707414941,0.89244348011467,0.999867374556783,4,1.24131061467462,12.0655307263425,0.550665216164701,3.58263147745642,0.131853160401981,0.40798699069617,0.112593409573133,8.86481615311105
"ADPS",0.00257993311036789,0.874559257392296,0.892436235836157,0.999859258280628,4,1.24131725692791,12.0658628388004,0.550685480742569,3.58264778887917,0.131813433326108,0.408002183096084,0.112582510257442,8.86517334078399
"ADPS",0.00257023411371237,0.871271440635182,0.892428728277262,0.999850847032892,4,1.2413239713061,12.0661985690819,0.550705990572455,3.58266391686026,0.131773396115098,0.408017414900252,0.112571490216425,8.86553478942216
"ADPS",0.00256053511705686,0.867983623878068,0.892420952817218,0.999842135636603,4,1.2413307486338,12.0665374309216,0.550726720185342,3.58267981764532,0.131733032580447,0.408032696505813,0.112560335061252,8.86590005058027
"ADPS",0.00255083612040134,0.864695807120954,0.892412905023405,0.999833119125586,4,1.24133759119749,12.0668795625039,0.550747674201854,3.58269553022742,0.131692354533966,0.408048022142904,0.11254905049487,8.86626921520632
"ADPS",0.00254113712374582,0.861407990363841,0.892404579587319,0.999823791552348,4,1.24134450264313,12.0672251313225,0.55076885703915,3.5827111804152,0.131651335411342,0.408063420860937,0.112537645555892,8.86664236120636
"ADPS",0.0025314381270903,0.858120173606727,0.892395972037153,0.999814147906809,4,1.24135147594106,12.0675737999596,0.550790270672462,3.58272640814353,0.131609999962123,0.408078825272956,0.112526085231135,8.86701947567382
"ADPS",0.00252173913043478,0.854832356849613,0.892387076514515,0.999804181625399,4,1.24135851743019,12.0679258715546,0.550811921748681,3.5827414290416,0.131568310974462,0.408094289298143,0.112514394785387,8.86740069430839
"ADPS",0.00251204013377926,0.851544540092499,0.892377888402097,0.999793887535022,4,1.24136564526418,12.0682822913286,0.550833875155555,3.58275606148278,0.131526304151232,0.408109775713512,0.112502541898975,8.86778715904131
"ADPS",0.00250234113712375,0.848256723335385,0.892368402173213,0.999783259443742,4,1.24137282850288,12.0686414291194,0.55085601381148,3.58277064384915,0.131483933379047,0.408125329767402,0.112490573071341,8.86817685842064
"ADPS",0.00249264214046823,0.844968906578271,0.892358612550878,0.999772291439381,4,1.2413800826956,12.0690041207194,0.550878400960833,3.58278498045801,0.13144121868534,0.408140933202867,0.112478448967193,8.8685708507661
"ADPS",0.00248294314381271,0.841681089821157,0.892348513679111,0.99976097696107,4,1.24138740652393,12.0693703270717,0.550901036389047,3.58279902961973,0.131398156055203,0.408156564141532,0.112466176930479,8.86896914261649
"ADPS",0.00247324414715719,0.838393273064043,0.892338099066478,0.999749308735998,4,1.2413948048062,12.0697402345209,0.550923930899019,3.5828128306652,0.131354722034713,0.408172242421654,0.112453765942291,8.86937191084454
"ADPS",0.00246354515050167,0.835105456306929,0.89232736455002,0.999737282100108,4,1.24140226824557,12.0701133991847,0.550947033067435,3.58282671901616,0.131310932791899,0.408188002433175,0.112441221645571,8.86977833207199
"ADPS",0.00245384615384615,0.831817639549815,0.8923163031054,0.99972488918354,4,1.24140981325453,12.0704906644612,0.550970445587985,3.58283993429031,0.131266778672392,0.408203753688523,0.112428492894869,8.87019008028951
"ADPS",0.00244414715719064,0.828529822792701,0.892304908800897,0.999712123340567,4,1.24141746344784,12.0708731742871,0.550994232043946,3.58285256997714,0.131222251274436,0.408219530826148,0.112415587888809,8.87060826709821
"ADPS",0.00243444816053512,0.825242006035588,0.892293175577363,0.999698977782701,4,1.24142516718764,12.0712583553443,0.551018196671477,3.58286524533115,0.131177343465837,0.408235370950598,0.112402545270041,8.87102956816127
"ADPS",0.0024247491638796,0.821954189278474,0.892281097691314,0.999685446075111,4,1.24143291991443,12.0716460069393,0.551042322787997,3.58287802291641,0.131132051201611,0.408251285608166,0.112389384404997,8.87145370762605
"ADPS",0.00241505016722408,0.81866637252136,0.89226866770966,0.99967151988998,4,1.24144079483795,12.0720397427469,0.551066906178098,3.58288970780976,0.131086382555742,0.408267163642841,0.112375979645632,8.87188570082968
"ADPS",0.00240535117056856,0.815378555764246,0.892255878338834,0.999657191055814,4,1.24144874112382,12.0724370592333,0.551091715011071,3.58290160580451,0.13104029498858,0.408283162406685,0.112362455665873,8.87232162173842
"ADPS",0.00239565217391304,0.812090739007132,0.892242724008428,0.999642453331689,4,1.2414567698325,12.0728384860183,0.551116822959451,3.5829130034839,0.130993828805107,0.408299150493592,0.112348749784912,8.87276271711796
"ADPS",0.00238595317725753,0.808802922250018,0.892229197139509,0.999627298226392,4,1.24146487956537,12.0732439770839,0.551142212631184,3.58292417172637,0.130946948868457,0.408315207901292,0.112334871638868,8.87320869698939
"ADPS",0.00237625418060201,0.805515105492904,0.892215291067754,0.999611718273415,4,1.24147307720909,12.0736538603256,0.551167913944832,3.58293495332193,0.130899657987701,0.408331289502586,0.112320817807674,8.87366006720215
"ADPS",0.00236655518394649,0.80222728873579,0.892200998516141,0.999595705319793,4,1.24148138971778,12.0740694778335,0.551194030378261,3.58294499232483,0.130851961965764,0.40834737536858,0.112306553389746,8.8741185908202
"ADPS",0.00235685618729097,0.798939471978676,0.892186311072911,0.999579249941241,4,1.24148973254219,12.0744866267076,0.551220238979269,3.58295538508778,0.130803832426529,0.408363556321751,0.112292167362285,8.87457876128029
"ADPS",0.00234715719063545,0.795651655221563,0.892171222146045,0.999562344752256,4,1.2414981958038,12.0749097967892,0.551246879692114,3.58296508029514,0.130755274122397,0.408379753556757,0.112277569943425,8.8750463694254
"ADPS",0.00233745819397993,0.792363838464449,0.89215572328442,0.999544980284446,4,1.24150677637704,12.0753388196788,0.551273957431435,3.582973832773,0.130706289306147,0.40839592606408,0.112262737885804,8.87552148522232
"ADPS",0.00232775919732441,0.789076021707335,0.892139807262164,0.99952714844216,4,1.24151542701434,12.0757713485405,0.551301260889072,3.58298270790727,0.130656866164306,0.408412182988442,0.112247754366053,8.87600056462245
"ADPS",0.0023180602006689,0.785788204950221,0.892123464951325,0.999508838998709,4,1.24152418556699,12.0762092822565,0.551328948746472,3.58299104488996,0.130607000581622,0.408428467619509,0.112232560686417,8.87648628239208
"ADPS",0.00230836120401338,0.782500388193107,0.89210668744289,0.999490041972697,4,1.24153301606553,12.0766508032806,0.551356884260192,3.58299927572967,0.130556662922923,0.408444810058449,0.112217195959603,8.87697632273234
"ADPS",0.00229866220735786,0.779212571435993,0.892089468415436,0.999470750281787,4,1.24154195472583,12.0770977338735,0.551385215038426,3.58300684631148,0.130505879464028,0.408461166433623,0.112201609710575,8.87747313399196
"ADPS",0.00228896321070234,0.775924754678879,0.892071795934116,0.999450950554529,4,1.2415509908676,12.0775495436641,0.551413900067839,3.58301385064182,0.130454632543282,0.408477512980495,0.112185813258961,8.87797608459378
"ADPS",0.00227926421404682,0.772636937921765,0.892053663569498,0.999430635587576,4,1.24156013251074,12.0780066229273,0.55144294880426,3.58302056339696,0.130402912084399,0.408493936151886,0.112169809299287,8.87848531115825
"ADPS",0.0022695652173913,0.769349121164651,0.892035061468712,0.999409794342065,4,1.24156938857495,12.078469426246,0.551472385157095,3.58302697352031,0.130350711066075,0.408510410522601,0.112153603400872,8.8790013144317
"ADPS",0.00225986622073579,0.766061304407538,0.89201597905299,0.999388414965855,4,1.24157876037804,12.0789380190097,0.551502283554173,3.58303210873613,0.130298017984536,0.408526820310611,0.112137132026388,8.87952516671893
"ADPS",0.00225016722408027,0.762773487650424,0.891996408334505,0.999366488509618,4,1.24158821968448,12.0794109856035,0.551532469965619,3.58303725884352,0.130244842846006,0.408543298012553,0.112120472969669,8.88005405224026
"ADPS",0.00224046822742475,0.75948567089331,0.891976338203681,0.999344002526516,4,1.24159777527274,12.079888762668,0.551563007565559,3.58304190278633,0.130191157242082,0.408559805664094,0.112103591310963,8.88058899118863
"ADPS",0.00223076923076923,0.756197854136196,0.891955758351402,0.999320945466516,4,1.24160746920187,12.0803734611206,0.551594024452347,3.58304599089635,0.130136970538274,0.40857633959744,0.112086472426206,8.88113224449284
"ADPS",0.00222107023411371,0.752910037379082,0.89193465783975,0.9992973050751,4,1.24161724486568,12.0808622427995,0.551625351229785,3.58304957362536,0.130082251189128,0.408592899357423,0.11206912799649,8.88168080895389
"ADPS",0.00221137123745819,0.749622220621968,0.891913027722827,0.999273071329545,4,1.24162715684982,12.0813578425434,0.551657138986372,3.58305278325157,0.130027023917382,0.408609507420429,0.112051545467471,8.88223740022431
"ADPS",0.00220167224080268,0.746334403864854,0.891890857124032,0.999248232044028,4,1.24163717705556,12.0818588542051,0.551689340039163,3.58305511660829,0.129971267270513,0.408626082798043,0.112033708309544,8.88280107815669
"ADPS",0.00219197324414716,0.74304658710774,0.891868132624498,0.999222772184448,4,1.24164732184645,12.0823660980398,0.551721970034455,3.58305708916516,0.129914969159233,0.408642715983573,0.112015634253294,8.88337218641595
"ADPS",0.00218227424749164,0.739758770350626,0.891844842926505,0.999196679093171,4,1.24165761840883,12.0828809160021,0.551755164500999,3.58305787618646,0.129858118798911,0.408659297235923,0.111997275456573,8.88395299477793
"ADPS",0.00217257525083612,0.736470953593513,0.89182097928462,0.999169942972072,4,1.24166799641794,12.083399828681,0.551788649984233,3.58305845989782,0.129800722153608,0.408675938419389,0.111978684390171,8.88453883079156
"ADPS",0.0021628762541806,0.733183136836399,0.891796526117685,0.99914254636448,4,1.2416785113018,12.0839255578935,0.551822625275343,3.58305833814556,0.129742754035027,0.408692575011262,0.11195983625437,8.88513310010267
"ADPS",0.00215317725752508,0.729895320079285,0.891771471628179,0.9991144760528,4,1.24168915609809,12.0844578103555,0.551857063384823,3.58305757544915,0.129684208689214,0.408709243566315,0.111940712095526,8.88573543167482
"ADPS",0.00214347826086956,0.726607503322171,0.89174580454018,0.999085719403822,4,1.24169993442282,12.0849967213664,0.551891977093104,3.5830561962866,0.129625085846396,0.408725924868702,0.111921322022581,8.88634594500256
"ADPS",0.00213377926421405,0.723319686565057,0.891719509306184,0.999056258998581,4,1.24171084887665,12.0855424437724,0.551927365972819,3.58305433261743,0.129565363917881,0.408742648839973,0.111901666260557,8.88696468723959
"ADPS",0.00212408026755853,0.720031869807943,0.891692577333465,0.99902608521004,4,1.2417218966059,12.0860948128083,0.551963260792157,3.58305135166443,0.129505056378156,0.408759312868412,0.111881714287329,8.88759211913179
"ADPS",0.00211438127090301,0.716744053050829,0.891664987393717,0.998995174254629,4,1.24173311125827,12.0866555622857,0.551999774540486,3.58304720190796,0.129444121501785,0.40877596279091,0.1118614265789,8.8882301601852
"ADPS",0.00210468227424749,0.713456236293715,0.891636731869227,0.998963517597689,4,1.24174439455322,12.0872197374683,0.552036520810086,3.5830431597411,0.129382579206391,0.408792656122562,0.111840930990401,8.8888722745048
"ADPS",0.00209498327759197,0.710168419536601,0.89160779283754,0.998931095159429,4,1.24175588780547,12.0877943903796,0.552074033723622,3.58303759200936,0.1293204011596,0.408809318001535,0.111820061828868,8.88952757663634
"ADPS",0.00208528428093645,0.706880602779487,0.89157815723906,0.998897892308261,4,1.24176750886199,12.0883754426141,0.552111993591326,3.58303163959632,0.129257579590419,0.408826022602645,0.11179891924709,8.89019062186913
"ADPS",0.00207558528428094,0.703592786022374,0.891547808932157,0.99886389095958,4,1.24177928983566,12.088964489319,0.552150551963103,3.58302442702944,0.129194137184379,0.408842642038322,0.11177743867151,8.89086395483236
"ADPS",0.00206588628762542,0.70030496926526,0.891516730552607,0.998829071659021,4,1.24179119889012,12.0895599448201,0.552189545520691,3.58301705249705,0.129130009243073,0.408859346471068,0.111755688867965,8.89154485780854
"ADPS",0.0020561872909699,0.697017152508146,0.891484908416924,0.998793419076009,4,1.2418032716962,12.090163584733,0.552229157134688,3.58300838556588,0.129065203854021,0.408875997440323,0.111733599434466,8.89223634377355
"ADPS",0.00204648829431438,0.693729335751032,0.891452324926474,0.998756913493553,4,1.24181553738981,12.0907768677982,0.552269486773796,3.58299816801899,0.128999746952702,0.408892555126628,0.111711112042647,8.8929401834079
"ADPS",0.00203678929765886,0.690441518993918,0.891418964990882,0.998719538004843,4,1.24182791892775,12.0913959510705,0.552310228766194,3.58298763203018,0.128933578771179,0.408909167160467,0.111688347144609,8.89365113960681
"ADPS",0.00202709030100334,0.687153702236804,0.891384806331567,0.998681267649612,4,1.2418404859194,12.0920242937078,0.552351624765126,3.58297620340702,0.128866710524472,0.408925762093842,0.111665241160541,8.89437342375333
"ADPS",0.00201739130434783,0.68386588547969,0.891349833124056,0.998642084698587,4,1.24185322097458,12.0926610479871,0.552393632180451,3.5829638130586,0.128799117867885,0.408942353574262,0.111641779842769,8.89510624220464
"ADPS",0.00200769230769231,0.680578068722576,0.891314028581738,0.998601970344544,4,1.24186612078807,12.0933060394091,0.552436261149347,3.58295014794806,0.128730813811824,0.408958859394161,0.111617952962582,8.89584971771075
"ADPS",0.00199799331103679,0.677290251965462,0.891277375374621,0.998560905171471,4,1.24187923246815,12.0939616115141,0.552479673839269,3.58293491862866,0.128661764171014,0.408975320398525,0.11159371532996,8.89660664809719
"ADPS",0.00198829431438127,0.674002435208348,0.891239845565101,0.998518857878898,4,1.24189249348179,12.0946246741661,0.552523623898529,3.5829190102284,0.128591958883978,0.408991768242167,0.111569129565886,8.89737288750875
"ADPS",0.00197859531772575,0.670714618451235,0.891201427768222,0.998475815711459,4,1.24190593806236,12.0952969034527,0.552568244735701,3.58290197531496,0.128521396250876,0.409008173096999,0.111544174078101,8.89815065900702
"ADPS",0.00196889632107023,0.667426801694121,0.891162097222988,0.998431750927661,4,1.2419195865506,12.0959793282313,0.552613602616338,3.58288374689,0.128450055669474,0.409024553747496,0.111518812370109,8.89894113457995
"ADPS",0.00195919732441472,0.664138984937007,0.891121833398756,0.998386640525578,4,1.24193339235652,12.0966696143213,0.552659541850183,3.58286458671265,0.128377914306084,0.409040901697814,0.111493081924068,8.89974161842691
"ADPS",0.0019494983277592,0.660851168179893,0.891080614987257,0.998340460632053,4,1.24194742549658,12.0973712747861,0.552706326858164,3.58284367162407,0.128304978728298,0.409057150496312,0.111466902589329,8.9005566378195
"ADPS",0.00193979933110368,0.657563351422779,0.891038418882793,0.998293185360142,4,1.24196164342337,12.0980821701829,0.552753778112346,3.58282180606554,0.128231223896243,0.409073375515401,0.11144033585148,8.90138314693227
"ADPS",0.00193010033444816,0.654275534665665,0.890995221912656,0.998244788747828,4,1.24197605448826,12.0988027240881,0.552801950094743,3.58279856067827,0.128156644639548,0.409089517940284,0.111413338562333,8.90222203713792
"ADPS",0.00192040133779264,0.650987717908551,0.890951000082848,0.998195243912941,4,1.24199068564614,12.0995342828949,0.552850919617861,3.58277401058601,0.128081217249219,0.40910561287681,0.11138590919251,8.90307467226654
"ADPS",0.00191070234113712,0.647699901151437,0.890905729109447,0.998144523648491,4,1.24200555613265,12.1002778042099,0.552900787093503,3.5827475249208,0.12800493103074,0.409121589709547,0.111357995692832,8.90394271605523
"ADPS",0.00190100334448161,0.644412084394323,0.890859383647476,0.998092599558713,4,1.2420205872534,12.1010293627416,0.552951225451641,3.58272048321772,0.127927772152248,0.409137558941756,0.111329697698168,8.90482064522318
"ADPS",0.00189130434782609,0.64112426763721,0.890811937619431,0.998039442427139,4,1.24203589383424,12.1017946892833,0.553002711494538,3.58269092085759,0.127849719909977,0.409153364170958,0.111300862192148,8.90571651575819
"ADPS",0.00188160535117057,0.637836450880096,0.890763363835365,0.997985021790955,4,1.24205140240531,12.1025701175441,0.553054931329975,3.58266027072811,0.127770764642917,0.409169106718296,0.111271585828286,8.90662502173556
"ADPS",0.00187190635451505,0.634548634122982,0.89071363538332,0.997929307498795,4,1.24206714412942,12.1033572064637,0.553108009766306,3.58262804602239,0.127690885941458,0.40918477541371,0.111241816856859,8.90754831873899
"ADPS",0.00186220735785953,0.631260817365868,0.890662723740502,0.997872267594563,4,1.24208312232593,12.104156118435,0.553161964676448,3.58259417908771,0.127610071743966,0.409200336444817,0.111211561382399,8.90848665996884
"ADPS",0.00182341137123746,0.618109550337412,0.890446642386208,0.99763017641319,4,1.24214950784115,12.1074753931425,0.553386971722296,3.58244087293675,0.127277124200048,0.409261378407136,0.111085318986957,8.9123979614712
"ADPS",0.00181371237458194,0.614821733580298,0.890389355464314,0.997565993834163,4,1.24216675270815,12.1083376318398,0.553445633161243,3.58239787591893,0.127191371044419,0.40927631612932,0.111052402614339,8.91341717957327
"ADPS",0.00180401337792642,0.611533916823184,0.890330695114231,0.997500272506667,4,1.24218426753847,12.1092133767743,0.553505300587799,3.58235286612923,0.127104578461513,0.409291105453263,0.111018916228416,8.91445370335564
"ADPS",0.0017943143812709,0.60824610006607,0.890270626415549,0.997432973306905,4,1.24220206098438,12.1101030490752,0.553566004198861,3.58230583774743,0.127016724199605,0.409305746871231,0.110984851395514,8.91550800677586
"ADPS",0.00178461538461538,0.604958283308957,0.890209112568169,0.997364055005131,4,1.24222014018299,12.1110070097021,0.553627767349992,3.58225675244257,0.12692778558857,0.409320240696959,0.110950190031334,8.91658053399494
"ADPS",0.00177491638795987,0.601670466551843,0.890146116225,0.997293475758764,4,1.24223850915221,12.1119254579038,0.553690614751587,3.58220543635424,0.12683775424681,0.409334550406448,0.11091491575894,8.91767167996087
"ADPS",0.00176521739130435,0.598382649794729,0.890081599338797,0.997221192940794,4,1.2422572072766,12.1128603641467,0.553754709782973,3.58215124699577,0.126746613950951,0.409348610938895,0.110878980082546,8.91878419064755
"ADPS",0.00175551839464883,0.595094833037615,0.890015521772817,0.997147161583195,4,1.24227617808814,12.1138089042686,0.553819816491159,3.58209521163557,0.126654317737694,0.409362536774265,0.110842441678613,8.91991409921399
"ADPS",0.00174581939799331,0.591807016280501,0.889947843473553,0.997071336811198,4,1.24229545840276,12.114772920158,0.553886088537594,3.58203667531206,0.126560876627922,0.409376237068231,0.11080523715285,8.921063999385
"ADPS",0.00173612040133779,0.588519199523387,0.889878518834291,0.996993667528386,4,1.24231506559066,12.1157532794672,0.553953576999023,3.58197569579782,0.126466244954951,0.409389738066366,0.110767370733122,8.92223479302205
"ADPS",0.00172642140468227,0.585231382766273,0.88980750679041,0.996914107727167,4,1.24233499664141,12.1167498317534,0.554022284370561,3.58191211416664,0.126370410541574,0.40940301077894,0.110728814485724,8.92342649929155
"ADPS",0.00171672240802676,0.581943566009159,0.889734760833973,0.996832605301419,4,1.24235526503706,12.1177632513007,0.554092260516627,3.58184580815983,0.126273354677206,0.409416037010046,0.110689548637005,8.92463997172989
"ADPS",0.00170702341137124,0.578655749252046,0.889660233398428,0.996749106958979,4,1.24237587353429,12.118793676874,0.554163511211855,3.58177684936176,0.126175041879852,0.409428828222525,0.11064957202709,8.92587532214378
"ADPS",0.00169732441471572,0.575367932494932,0.889583878096699,0.996663560729135,4,1.24239683463591,12.1198417317578,0.554236091998426,3.5817049720315,0.126075464159665,0.409441348482455,0.110608846844094,8.9271334861761
"ADPS",0.0016876254180602,0.572080115737818,0.88950564373961,0.99657590926104,4,1.24241815719184,12.1209078595622,0.554310034820399,3.58163013574472,0.125974592631091,0.409453589797162,0.11056736522541,8.92841500252905
"ADPS",0.00167792642140468,0.568792298980704,0.889425478662276,0.996486094670883,4,1.24243985231136,12.1219926154586,0.554385375177096,3.58155232563711,0.125872399905293,0.409465548598299,0.110525107277828,8.92972050262499
"ADPS",0.00166822742474916,0.56550448222359,0.889343329470081,0.996394057136908,4,1.24246193108941,12.1230965544754,0.554462199728568,3.58147076515312,0.125768867623038,0.409477130721161,0.11048200897552,8.93105138215022
"ADPS",0.00165852842809365,0.562216665466476,0.889259141021813,0.996299734880526,4,1.24248442194329,12.1242210972262,0.554540548740306,3.58138614213132,0.125663965283142,0.40948842959648,0.11043811172324,8.9324084639875
"ADPS",0.00164882943143813,0.558928848709362,0.889172856001014,0.996203063686067,4,1.24250727548641,12.1253637742834,0.55462027765751,3.58129845821613,0.125557669718838,0.409499407714876,0.110393396029695,8.93378917601452
"ADPS",0.00163913043478261,0.555641031952248,0.889084414709307,0.996103976669228,4,1.24253054598816,12.1265273006344,0.554701586034656,3.58120716694964,0.125449944807479,0.409510025889655,0.110347815139369,8.93519697204191
"ADPS",0.00162943143812709,0.552353215195134,0.888993757263704,0.996002406738876,4,1.24255423268438,12.1277116341983,0.554784475500624,3.58111224423694,0.125340777327365,0.409520260331221,0.110301346752228,8.93663184766142
"ADPS",0.00161973244147157,0.54906539843802,0.888900820779949,0.995898283441342,4,1.24257835468597,12.1289177351235,0.554869013483614,3.58101355620757,0.125230130342951,0.409530113965405,0.110253973346992,8.93809498780184
"ADPS",0.00161003344481605,0.545777581680907,0.888805535586049,0.995791528718178,4,1.24260291251886,12.1301456278068,0.55495520970646,3.58091102124099,0.125117981484018,0.409539550845696,0.110205670536266,8.93958652580606
"ADPS",0.00160033444816054,0.542489764923793,0.888707837625512,0.995682070802379,4,1.24262792430372,12.1313962149416,0.555043127998698,3.5808045110243,0.125004301849744,0.409548553300399,0.110156412937698,8.94110757714382
"ADPS",0.00159063545150502,0.539201948166679,0.888607655861808,0.99556983010671,4,1.24265340361489,12.1326701805931,0.555132824799767,3.58069384384383,0.124889051818735,0.409557122840597,0.110106174523757,8.94265908695225
"ADPS",0.0015809364548495,0.535914131409565,0.888504919193181,0.995454726970859,4,1.24267935981125,12.1339679940101,0.555224338461598,3.58057884903093,0.124772227222515,0.409565205160857,0.110054927697306,8.9442417270877
"ADPS",0.00157123745819398,0.532626314652451,0.888399546042421,0.995336669998124,4,1.24270583969862,12.1352919848757,0.555317864364046,3.58045878812813,0.124653770052467,0.409572730652634,0.110002599422587,8.94585877060314
"ADPS",0.00156153846153846,0.529338497895337,0.888291464041267,0.995215578109239,4,1.24273279010504,12.1366395052541,0.555413178056524,3.58033464023376,0.124533659910426,0.409579782688891,0.109949248920164,8.94750645052575
"ADPS",0.00155183946488294,0.526050681138223,0.88818059059441,0.995091358766853,4,1.24276026137944,12.1380130689093,0.555510485345789,3.58020560942002,0.124411872277011,0.40958627592552,0.109894797188148,8.94918825077666
"ADPS",0.00154214046822742,0.522762864381109,0.888066840961791,0.9949639170307,4,1.24278826186334,12.1394130931838,0.555609814998485,3.58007166126373,0.124288364655717,0.409592198683858,0.109839225088279,8.95090469369915
"ADPS",0.00153244147157191,0.519475047623995,0.887950128604974,0.994833155945669,4,1.24281679034498,12.1408395171177,0.555711171593139,3.57993276927249,0.124163093133963,0.409597546940452,0.109782518594399,8.9526557897458
"ADPS",0.00152274247491639,0.516187230866882,0.887830364503413,0.994698975775762,4,1.24284589477911,12.1422947389174,0.555814730001975,3.5797884188998,0.124036055755352,0.409602241512596,0.109724611602781,8.95444458931066
"ADPS",0.00151304347826087,0.512899414109768,0.887707449100343,0.994561264980514,4,1.24287557292829,12.1437786465319,0.555920501723478,3.57963841152059,0.123907197389584,0.409606259396682,0.10966547046065,8.9562712370027
"ADPS",0.00150334448160535,0.509611597352654,0.887581291226098,0.994419921416118,4,1.24290584479688,12.1452922396796,0.556028543241081,3.57948285056423,0.123776483030233,0.40960961279593,0.109605092402302,8.9581367172637
"ADPS",0.00149364548494983,0.50632378059554,0.887451787014088,0.994274828713509,4,1.24293672090944,12.1468360453314,0.556138920262778,3.57932122660197,0.123643881391595,0.409612215905104,0.109543411168096,8.96004214124821
"ADPS",0.00148394648829431,0.503035963838426,0.887318833342291,0.99412587133781,4,1.2429682780867,12.1484139045093,0.556251901905164,3.57915298482491,0.123509372164931,0.409614039514452,0.109480361508986,8.96199213373765
"ADPS",0.0014742474916388,0.499748147081312,0.887182320408852,0.99397292627026,4,1.24300043333079,12.1500216686299,0.55636720093644,3.57897878125789,0.123372890471775,0.409615087711212,0.109415981353742,8.96398173712478
"ADPS",0.00146454849498328,0.496460330324198,0.887042133076877,0.993815864514876,4,1.24303325724884,12.1516628566918,0.556485078514675,3.57879788456147,0.123234411201591,0.409615295177331,0.109350182743309,8.9660154257328
"ADPS",0.00145484949832776,0.493172513567084,0.886898151251703,0.993654551521136,4,1.24306674862203,12.1533374310771,0.556605535692037,3.57861029439753,0.12309388445599,0.409614647030531,0.109282953840093,8.9680932132524
"ADPS",0.00144515050167224,0.48988469680997,0.886750259365213,0.993488857809929,4,1.24310095106714,12.1550475533477,0.556728748295673,3.57841532440378,0.122951293478601,0.40961304757458,0.109214219799713,8.97021809450077
"ADPS",0.00143545150501672,0.486596880052856,0.886598327914832,0.993318638290385,4,1.24313584650829,12.1567923262272,0.556854635568534,3.57821345336307,0.122806580946049,0.409610543565058,0.109143976989508,8.97238869968644
"ADPS",0.0014257525083612,0.483309063295743,0.88644222233803,0.993143742202613,4,1.24317150512972,12.1585752559637,0.556983483530763,3.57800356989792,0.122659714320353,0.409607005815118,0.109072131206829,8.97460988650942
"ADPS",0.00141605351170569,0.480021246538629,0.886281806800503,0.992964017361859,4,1.2432079487318,12.1603974347061,0.557115375775477,3.57778543374612,0.122510658297766,0.409602387491513,0.108998631041511,8.97688308958501
"ADPS",0.00140635451505017,0.476733429781515,0.88611693842663,0.99277930369449,4,1.24324520059889,12.1622600299261,0.557250413409002,3.57755861448636,0.122359376393909,0.409596624109686,0.108923417070685,8.97921001591526
"ADPS",0.00139665551839465,0.473445613024401,0.885947474390149,0.992589441182169,4,1.2432832284372,12.164161418168,0.557388464734017,3.57732370478978,0.122205813286259,0.409589755757181,0.108846519272599,8.98158841189747
"ADPS",0.00138695652173913,0.470157796267287,0.885773240868968,0.99239423507975,4,1.24332206966306,12.1661034834121,0.557529690785947,3.57708002602788,0.122049901325742,0.409581680450661,0.108767835403471,8.9840210316996
"ADPS",0.00137725752508361,0.466869979510173,0.885594090418412,0.992193520194562,4,1.24336178935654,12.1680894679084,0.557674334873786,3.57682684998279,0.121891635995277,0.40957231107739,0.108687304607415,8.98651202910897
"ADPS",0.00136755852842809,0.463582162753059,0.885409857972916,0.99198711159201,4,1.24340243891051,12.1701219452719,0.557822570150144,3.57656394885492,0.121730975108011,0.40956164311687,0.108604854959864,8.98906439076663
"ADPS",0.00135785953177258,0.460294345995945,0.885220356686122,0.991774799934943,4,1.24344399207256,12.1721995994406,0.557974391956968,3.57629027941779,0.12156786150852,0.409549462883377,0.108520394957093,8.99167786463646
"ADPS",0.00134816053511706,0.457006529238831,0.885025415996408,0.991556394131146,4,1.24348645777447,12.1743228874209,0.558129762917338,3.57600683335045,0.121402243206842,0.409535896901194,0.108433965699834,8.99435197200907
"ADPS",0.00133846153846154,0.453718712481717,0.884824831941896,0.99133166566774,4,1.24352990422485,12.1764952113186,0.558288972628609,3.57571238894446,0.121234073465778,0.409520774859246,0.108345432438807,8.99709159365037
"ADPS",0.00132876254180602,0.450430895724604,0.884618424652582,0.991100413023674,4,1.24357431760838,12.1787158784504,0.558451969939906,3.57540712749695,0.121063315238775,0.409504087958523,0.108254783938852,8.99989585562955
"ADPS",0.0013190635451505,0.44714307896749,0.884405964783704,0.990862379247836,4,1.24361985746771,12.1809928718506,0.558619393592351,3.57508868511695,0.120889938649842,0.409485604950607,0.108161775528001,9.00277560034625
"ADPS",0.00130936454849498,0.443855262210376,0.884187242595091,0.990617329353519,4,1.2436663982839,12.1833199145865,0.558790754418373,3.57475883026656,0.120713857227024,0.409465392894431,0.10806654984187,9.00572251618142
"ADPS",0.00129966555183946,0.440567445453262,0.883962042101383,0.990365021357091,4,1.24371406295547,12.1857031472791,0.558966504264921,3.57441630192532,0.120535059082182,0.40944334957265,0.107968943901898,9.0087443619939
"ADPS",0.00128996655518395,0.437279628696148,0.88373012817306,0.990105191826367,4,1.24376285588867,12.1881427910912,0.559146716541579,3.5740602801118,0.120353483826037,0.409419330152531,0.107868863343579,9.01184227766366
"ADPS",0.00128026755852843,0.433991811939034,0.883491232233463,0.989837539855975,4,1.24381281148416,12.1906405742093,0.559331522718765,3.57369042860851,0.120169067699268,0.4093932495119,0.107766238167342,9.01501849187964
"ADPS",0.00127056856187291,0.43070399518192,0.883245120060641,0.989561803030541,4,1.24386401528854,12.1932007651905,0.559521250286828,3.57330568237096,0.119981785561805,0.409365004387207,0.107660945971096,9.01827861069588
"ADPS",0.00126086956521739,0.427416178424806,0.882991514373271,0.989277670692243,4,1.24391646483074,12.1958232415191,0.559715857851878,3.57290655641722,0.11979158920423,0.409334566664733,0.107552963348946,9.02162203261434
"ADPS",0.00125117056856187,0.424128361667692,0.882730135290427,0.98898482927074,4,1.24397018451338,12.1985092245099,0.559915550448328,3.57249123322941,0.119598414602625,0.409301677764551,0.107442146139523,9.025051970905
"ADPS",0.00124147157190635,0.420840544910579,0.882460685707923,0.988682945899259,4,1.2440252708201,12.2012635409692,0.560120653734998,3.57205910952019,0.119402221870549,0.409266279708102,0.107328369346499,9.02857416137205
"ADPS",0.00123177257525084,0.417552728153465,0.882182860541379,0.988371678770251,4,1.24408169469552,12.2040847348185,0.560331025314452,3.57161111314908,0.119202946554193,0.409228374468719,0.107211672309302,9.03218619554435
"ADPS",0.00122207357859532,0.414264911396351,0.881896338975004,0.988050668451156,4,1.24413959162022,12.2069795817343,0.560547278465768,3.57114417315032,0.119000570326232,0.409187638967753,0.107091749009803,9.03589835748278
"ADPS",0.0012123745819398,0.410977094639237,0.881600777349103,0.987719529915781,4,1.2441990122498,12.209950612343,0.560769544018895,3.57065859758674,0.11879505069828,0.409143994280543,0.106968575907905,9.039713043714
"ADPS",0.00120267558528428,0.407689277882123,0.881295829031812,0.987377874808003,4,1.24425989611594,12.2129948055489,0.560997671579554,3.57015408718634,0.118586290637196,0.409097369553639,0.106842084258365,9.04362748755333
"ADPS",0.00119297658862876,0.404401461125009,0.880981121663368,0.987025285946914,4,1.24432234115662,12.2161170578336,0.561232028648474,3.56962949621672,0.118374269007394,0.409047558658283,0.106712128344971,9.04764803390198
"ADPS",0.00118327759197324,0.401113644367895,0.88065626714577,0.986661328518952,4,1.24438646913477,12.2193234557586,0.561473060348845,3.56908368666055,0.118158939480854,0.408994443928547,0.106578554581546,9.05178229644356
"ADPS",0.00117357859531773,0.397825827610781,0.880320859033046,0.986285547154029,4,1.24445227622121,12.2226138111054,0.561720829611136,3.56851557032228,0.117940270421861,0.40893774286294,0.106441225064612,9.05603122730188
"ADPS",0.00116387959866221,0.394538010853667,0.879974469559221,0.985897462595752,4,1.2445199173021,12.2259958651094,0.56197595454591,3.5679229099402,0.117718219303918,0.408877216838012,0.106299901178412,9.06040530209699
"ADPS",0.00115418060200669,0.391250194096553,0.879616651799799,0.985496574123087,4,1.24458930988549,12.2294654922994,0.562238080128117,3.56730733307795,0.117492707644435,0.408812910206094,0.106154632514193,9.06489860312663
"ADPS",0.00114448160535117,0.38796237733944,0.87924694012316,0.985082360056089,4,1.24466062116053,12.2330310578714,0.562507901414693,3.56666598833311,0.117263725217377,0.408744463873323,0.106005151050882,9.06952285337809
"ADPS",0.00113478260869565,0.384674560582326,0.878864836016126,0.984654261875286,4,1.24473386712123,12.2366933560451,0.562785486222395,3.56599860216367,0.11703120454436,0.408671747730264,0.105851345894001,9.07427924422571
"ADPS",0.00112508361204013,0.381386743825212,0.878469822535323,0.984211700412553,4,1.24480912043993,12.2404560219463,0.563071153553915,3.56530371375777,0.116795106079172,0.408594502859575,0.105693041614493,9.07917313579161
"ADPS",0.00111538461538462,0.378098927068098,0.878061357663394,0.98375406840762,4,1.24488654324715,12.2443271623444,0.563365557330319,3.56457880507894,0.116555434131876,0.408512375737759,0.105529965794795,9.08421562263006
"ADPS",0.0011056856187291,0.374811110310984,0.877638871294173,0.983280727130339,4,1.24496611011877,12.2483055068254,0.563668612149675,3.56382407427754,0.116312104829174,0.408425279008747,0.105362051732102,9.08940525802889
"ADPS",0.00109598662207358,0.37152329355387,0.877201751575118,0.982790991079152,4,1.2450479919582,12.252399598888,0.56398101137845,3.56303682240635,0.11606510735398,0.408332797737132,0.105189024753462,9.09475380064536
"ADPS",0.00108628762541806,0.368235476796756,0.876749376637703,0.982284163530891,4,1.24513221623872,12.2566108120597,0.564302880680454,3.56221639776659,0.115814413667779,0.408234730177841,0.105010722752381,9.10026339174545
"ADPS",0.00107658862876254,0.364947660039642,0.876281078397716,0.981759495983692,4,1.24521882734279,12.2609413678055,0.564634432432294,3.56136168903837,0.115559960941895,0.408130856197222,0.104826966954833,9.10593757204983
"ADPS",0.00106688963210702,0.361659843282528,0.875796150883523,0.981216197487743,4,1.24530810801076,12.2654054004367,0.564976775236432,3.56046870024417,0.115301796555237,0.408020597899137,0.104637399593544,9.11179524073652
"ADPS",0.0010571906354515,0.358372026525415,0.875293857616839,0.980653442914475,4,1.24539991141712,12.2699955698109,0.565329431594014,3.55953813455283,0.115039806064719,0.407903847639016,0.10444194420478,9.11782808735574
"ADPS",0.00104749163879599,0.355084209768301,0.874773421639103,0.980070361782416,4,1.24549451432728,12.2747257164451,0.565693429749962,3.55856692435748,0.114774028959837,0.407780183008062,0.104240277944278,9.12405375829336
"ADPS",0.00103779264214047,0.351796393011187,0.874234020746942,0.979466032919138,4,1.24559193921602,12.2795969594418,0.566068884001517,3.55755438752775,0.114504416850998,0.407649349161999,0.104032234512687,9.13047418122388
"ADPS",0.00102809364548495,0.348508576254073,0.873674795022814,0.978839492898366,4,1.24569237848246,12.2846189238605,0.56645670447737,3.55649552543688,0.114231010288925,0.407510598454534,0.103817336671845,9.13710454926702
"ADPS",0.00101839464882943,0.345220759496959,0.873094830837491,0.978189718116839,4,1.24579593198822,12.2897966009333,0.56685724545195,3.55538951365878,0.113953790720903,0.407363646833615,0.103595428321077,9.14395097298427
"ADPS",0.00100869565217391,0.341932942739845,0.872493154787116,0.977515618001564,4,1.24590272825392,12.2951364127231,0.567271011531041,3.55423449778966,0.113672724074963,0.407208207005611,0.103366191798812,9.15102213964904
"ADPS",0.000998996655518395,0.338645125982731,0.871868762215181,0.976816066964995,4,1.24601288807718,12.3006444038768,0.567698539909042,3.55302785682744,0.11338784794508,0.407043695595674,0.103129343391775,9.15832704563177
"ADPS",0.000989297658862876,0.335357309225617,0.871220575030679,0.97608985714574,4,1.24612660890795,12.3063304453882,0.568140781463835,3.55176419426129,0.113099196000374,0.406869279174035,0.102884375414975,9.16588155749313
"ADPS",0.000979598662207358,0.332069492468503,0.870547462180628,0.97533572134537,4,1.24624394759077,12.3121973802877,0.568597833774548,3.55044461138646,0.112806722724769,0.40668492534998,0.102631200463163,9.17368758542645
"ADPS",0.00096989966555184,0.32878167571139,0.8698482158093,0.974552306317924,4,1.24636512742411,12.3182563712248,0.569070729068092,3.54906343120967,0.112510526174825,0.406489653578837,0.102369273398766,9.18176256896393
"ADPS",0.000960200668896321,0.325493858954276,0.869121585921022,0.973738211605088,4,1.24649029027101,12.3245145140181,0.569560041901288,3.54761854094082,0.112210601842349,0.406283049541751,0.102098308048539,9.19011613551621
"ADPS",0.000950501672240803,0.322206042197162,0.868366200084172,0.972891899574917,4,1.24661969669495,12.3309848349119,0.570066886425053,3.54610477251176,0.111907019484116,0.406064267324981,0.101817748096882,9.19876719539737
"ADPS",0.000940802675585284,0.318918225440048,0.867580666942566,0.972011811392947,4,1.24675342800449,12.3376714003792,0.570591634155692,3.54452017408113,0.111599815891886,0.405832770683595,0.101527296352177,9.20772197951147
"ADPS",0.000931103678929766,0.315630408682934,0.86676347345417,0.971096251891473,4,1.24689171841465,12.3445859204777,0.571135222201436,3.54286106771439,0.111289056077936,0.405587819370791,0.101226539773721,9.21699649519771
"ADPS",0.000921404682274247,0.31234259192582,0.865913036655862,0.970143447565264,4,1.24703490367583,12.3517451827969,0.571699212203498,3.54111906437289,0.110974887895205,0.405328180879788,0.100914701923106,9.22661681638763
"ADPS",0.000911705685618729,0.309054775168706,0.86502765853521,0.969151496011231,4,1.24718307108276,12.3591535541517,0.572283800295696,3.53929493532857,0.110657320974002,0.405053570103884,0.100591670935203,9.23658673209166
"ADPS",0.000902006688963211,0.305766958411592,0.864105544582478,0.968118386713551,4,1.24733645824005,12.3668229120387,0.572890264460419,3.53738023217634,0.110336471257108,0.404762607420829,0.100256652964769,9.246927255037
"ADPS",0.000892307692307692,0.302479141654478,0.863144823934551,0.967042023612325,4,1.24749544622231,12.3747723113204,0.573519991074858,3.53537092508255,0.110012507667844,0.404454567668612,0.0999091667574915,9.2576623542739
"ADPS",0.000882608695652174,0.299191324897364,0.862143482923934,0.965920150653834,4,1.24766014841756,12.3830074207466,0.574173686280148,3.53326152496708,0.109685503015176,0.404128272661953,0.0995486566021368,9.26880353356819
"ADPS",0.000872909698996656,0.295903508140251,0.861099391822518,0.96475038175347,4,1.24783099305468,12.3915496527476,0.574852953576571,3.53104683984252,0.109355665100397,0.403782826685472,0.0991745111220617,9.28037838699139
"ADPS",0.000863210702341137,0.292615691383137,0.860010270076905,0.963530161846414,4,1.24800819642196,12.4004098178412,0.575559045331476,3.52871780613842,0.109023116498488,0.403416519501725,0.0987860167237662,9.29240743040235
"ADPS",0.000853511705685619,0.289327874626023,0.858873732155467,0.962256818253331,4,1.24819214897452,12.4096074487317,0.57629338323738,3.52627025199317,0.108688076861971,0.403028626784607,0.0983824915482842,9.30491522413547
"ADPS",0.0008438127090301,0.286040057868909,0.857687243766349,0.960927511628314,4,1.24838321946319,12.4191609731998,0.5770576728259,3.52369493764772,0.108350775283776,0.402617381466179,0.0979632449443466,9.31793035276249
"ADPS",0.000834113712374582,0.282752241111795,0.856448097608665,0.959539208791235,4,1.24858172303378,12.4290861522905,0.577853319919018,3.52098470818986,0.108011413188309,0.402181420026007,0.0975275235667843,9.33147649190208
"ADPS",0.000824414715719064,0.279464424354681,0.855153429136717,0.958088700389513,4,1.24878802526902,12.4394012642178,0.578681903091958,3.51813197997976,0.107670233297109,0.401719286157044,0.0970745537820236,9.34558035728321
"ADPS",0.000814715719063545,0.276176607597567,0.853800208020057,0.956572591330219,4,1.24900264009336,12.4501320050292,0.579545530265935,3.51512783231896,0.107327547477785,0.401229393647757,0.0966035819608752,9.36027774910828
"ADPS",0.000805016722408027,0.272888790840453,0.852385111968828,0.954987159417707,4,1.24922601495634,12.461300748176,0.58044640000544,3.51195914254338,0.106983667932028,0.400709387968169,0.0961134439356116,9.37560529131303
"ADPS",0.000795317725752508,0.269600974083339,0.8509048023018,0.953328664091916,4,1.24945859263551,12.4729296318748,0.581386149175627,3.50862070582692,0.106638903810598,0.400158166621239,0.0956035857539461,9.39159124089307
"ADPS",0.00078561872909699,0.266313157326225,0.849355611781168,0.951592996687687,4,1.24970089027769,12.4850445138839,0.582367362271901,3.50509668613524,0.106293662612416,0.399572880171671,0.0950727865803589,9.40827855867718
"ADPS",0.000775919732441472,0.263025340569112,0.847733672540934,0.94977582376194,4,1.24995347303222,12.4976736510137,0.583392127422325,3.50138052488615,0.105948299870085,0.398952221583803,0.0945203674083207,9.42570326997267
"ADPS",0.000766220735785953,0.259737523811998,0.846034840366021,0.947872502258235,4,1.25021692980319,12.5108464900338,0.58446351498132,3.49745241840559,0.105603281758089,0.398292786449576,0.0939449069230397,9.44391610675974
"ADPS",0.000756521739130435,0.256449707054884,0.844254799575396,0.945878197014728,4,1.25049197187649,12.5245985939644,0.585584030466277,3.49330571683376,0.105259110505627,0.397593203170006,0.0933456430284935,9.46296070773521
"ADPS",0.000746822742474916,0.25316189029777,0.842388913328216,0.943787713051588,4,1.25077938921035,12.5389694605161,0.586757650742059,3.48891600196705,0.104916384954484,0.396849406094609,0.0927210017118343,9.48290295163534
"ADPS",0.000737123745819398,0.249874073540656,0.840432289937825,0.941595569867242,4,1.25107967201136,12.5539836028017,0.587986427180256,3.4842738819528,0.104575526500627,0.396059416471486,0.0920701031445867,9.50377776479893
"ADPS",0.00072742474916388,0.246586256783542,0.838379736531708,0.939295949520363,4,1.25139279745421,12.569639872879,0.589270295726169,3.47937885327695,0.104236699909918,0.395221921949231,0.0913927630143739,9.52558428099171
"ADPS",0.000717725752508361,0.243298440026428,0.836225764675787,0.936882702931154,4,1.25172044783135,12.586022391564,0.590616289726752,3.47419969271329,0.103901003202069,0.394332274123157,0.0906870635976497,9.54844169859513
"ADPS",0.000708026755852843,0.240010623269314,0.833964572126815,0.934349329437274,4,1.25206375398847,12.6031876994237,0.5920296633885,3.46870781856322,0.103569286876566,0.393386099295422,0.0899510294384949,9.57243779715066
"ADPS",0.000698327759197324,0.2367228065122,0.831590027430857,0.931688959538431,4,1.25242465534485,12.6212327670278,0.5935184215669,3.46286880432297,0.103242807749961,0.392378521532043,0.0891825776250198,9.59770838779678
"ADPS",0.000688628762541806,0.233434989755087,0.829095667856562,0.928894352580879,4,1.25279965236911,12.6399826184557,0.595069123295671,3.45672858821416,0.102920029942566,0.391311892455846,0.0883844198614797,9.62402421543712
"ADPS",0.000678929765886288,0.230147172997973,0.826474676700494,0.925957871330977,4,1.25319607710268,12.6598038548012,0.596711456995629,3.45016688955101,0.102605079967211,0.390173122218974,0.0875494975270989,9.65188926448647
"ADPS",0.000669230769230769,0.226859356240859,0.823719893329361,0.922871493226211,4,1.25360794802145,12.680397400914,0.598420367444893,3.443292678125,0.102294993282031,0.388971498246316,0.0866844219436102,9.68088083975927
"ADPS",0.000659531772575251,0.223571539483745,0.820823813389362,0.919626810609736,4,1.25404343334566,12.7021716672846,0.60023082185848,3.43594439073301,0.101994568758075,0.387688459533565,0.0857798536794113,9.71158844335985
"ADPS",0.000649832775919732,0.220283722726631,0.817778539178323,0.916214975128787,4,1.25449829530273,12.7249147651369,0.602126873307563,3.42817341079915,0.101701953695197,0.386326213635941,0.0848391230716867,9.74373879917135
"ADPS",0.000640133779264214,0.216995905969517,0.814575856201058,0.91262678350504,4,1.25497583897852,12.7487919496802,0.60411964024301,3.41995687708321,0.101419027612954,0.384882400811319,0.0838613474541939,9.77752693533031
"ADPS",0.000630434782608696,0.213708089212403,0.811207218575989,0.908852661184623,4,1.25547725704655,12.7738628523272,0.606217389008301,3.41122585587499,0.101147090269293,0.383345976984446,0.0828429157216068,9.81308475878604
"ADPS",0.000620735785953177,0.210420272455289,0.80766370326364,0.904882611057074,4,1.25600343569859,12.8001717849005,0.608421861713469,3.40199065357403,0.10088679210639,0.381717347201821,0.0817850715447639,9.8504475657266
"ADPS",0.000611036789297659,0.207132455698175,0.803936119422571,0.900706335974498,4,1.25655672963095,12.8278364815365,0.610743655663918,3.39219692985063,0.100639881396893,0.379988443936582,0.0806854474922884,9.88979286795486
"ADPS",0.000601337792642141,0.203844638941062,0.800014950626845,0.896313174013728,4,1.25713742038694,12.8568710193463,0.613185936854921,3.38181001214658,0.100407016928024,0.378152263854631,0.0795433135039991,9.93117028716022
"ADPS",0.000591638795986622,0.200556822183948,0.795890438626611,0.89169219231921,4,1.25774722884168,12.8873614392769,0.615752940857037,3.37083946284114,0.100189317189327,0.376209664938175,0.0783601772399486,9.97465922073771
"ADPS",0.000581939799331104,0.197269005426834,0.791552664853902,0.886832278419696,4,1.25838651829595,12.9193259147201,0.61844993193793,3.35922428926013,0.0999876834307298,0.374150211287725,0.077133479235854,10.020340318012
"ADPS",0.000572240802675585,0.19398118866972,0.786991448104153,0.881722025593635,4,1.25905816670516,12.9529083352065,0.621288354613299,3.34691929541484,0.0998040290297661,0.371966751202942,0.0758632791392614,10.0684090192162
"ADPS",0.000562541806020067,0.190693371912606,0.782196558105983,0.87634997214646,4,1.25976222772653,12.9881113863291,0.624267123871823,3.33394062878205,0.0996387348109437,0.369660641459182,0.074550918584585,10.1188511928678
"ADPS",0.000552842809364548,0.187405555155492,0.7771577107586,0.87070459607472,4,1.26050005974423,13.0250029872338,0.627391880591449,3.32026282508355,0.0994929493568345,0.36722646743593,0.073197766617376,10.1717630658819
"ADPS",0.00054314381270903,0.184117738398378,0.771864532151139,0.864774274754403,4,1.26127362938675,13.0636814696814,0.630673063588015,3.30581727412985,0.0993682532852109,0.364655159409233,0.0718013436574455,10.2273165758288
"ADPS",0.000533444816053512,0.180829921641264,0.766307140842734,0.858547937310371,4,1.26208383670003,13.1041918350023,0.634112272907539,3.29061651412301,0.0992654606336772,0.361946344518899,0.0703654411303418,10.2855452930841
"ADPS",0.000494648829431438,0.167678654612809,0.741238337795834,0.830461589161395,4,1.26570330838106,13.2851654190808,0.649524983501397,3.22166626392482,0.0990899078562134,0.349629057245926,0.0642410529498518,10.546448851795
"ADPS",0.00048494983277592,0.164390837855695,0.734216038700157,0.822594012203753,4,1.26670487250742,13.3352436252975,0.653801174033933,3.20233988688483,0.0991078916415397,0.346167068776799,0.0626261457851353,10.6188290183725
"ADPS",0.000475250836120402,0.161103021098581,0.726875383868413,0.814369758861457,4,1.26774486307928,13.3872431538559,0.658253740241619,3.18206377149,0.0991519882268837,0.342529502058705,0.0609791204546899,10.6941732811
"ADPS",0.000465551839464883,0.157815204341467,0.719209454392843,0.805781077394155,4,1.26882977260712,13.4414886303534,0.662884437104415,3.1610760375155,0.0992234952592488,0.338767730124503,0.0593121548179966,10.7725772171022
"ADPS",0.000455852842809364,0.154527387584353,0.71121197218588,0.796820934017553,4,1.26994930603681,13.4974653018408,0.667680354782005,3.13913941890347,0.0993201297984443,0.334823884067563,0.0576199359225394,10.8537457112231
"ADPS",0.000446153846153846,0.151239570827239,0.702877600381702,0.787483349464465,4,1.27110940356313,13.5554701782034,0.672636576142886,3.11655722465089,0.0994427024654092,0.330757016585866,0.0559186931809252,10.9376790268451
"ADPS",0.000426755852842809,0.144663937313011,0.685181354905993,0.767656997546878,4,1.27354029984657,13.6770149940018,0.68306281183921,3.06856287525324,0.0997668660925068,0.322099737758675,0.0524594395112834,11.114177152819
"ADPS",0.000407357859531773,0.138088303798784,0.666094938619747,0.746273139221895,4,1.27612138622254,13.8060693106446,0.694121808310011,3.0176041229477,0.100194101472008,0.312885182626909,0.0489776462392136,11.3014932294622
"ADPS",0.000397658862876254,0.13480048704167,0.656029815695748,0.734996472119887,4,1.27746931460048,13.8734657300298,0.699920087276016,2.99062738497721,0.100448929601544,0.308011315618879,0.0472243184706788,11.3996565396716
"ADPS",0.000387959866220736,0.131512670284556,0.645613817377449,0.723326694566505,4,1.27883798388864,13.9418991944307,0.705807659954138,2.96318759869859,0.100721437578994,0.303021795463004,0.0454837911973805,11.4993652283447
"ADPS",0.000378260869565218,0.128224853527442,0.634849706370704,0.711266901815967,4,1.28025130039243,14.0125650195017,0.711864312295592,2.93513309095464,0.101021966357376,0.297932756029443,0.0437562113169997,11.6020193451903
"ADPS",0.000368561872909699,0.124937036770328,0.623739431365017,0.698819277122565,4,1.28168579014589,14.0842895072859,0.718005252461205,2.9067003551756,0.101339682338881,0.292754796760891,0.0420455683433928,11.706155139505
"ADPS",0.00035886287625418,0.121649220013214,0.612285900474228,0.685987078651345,4,1.28313950044172,14.1569750218651,0.724307775354446,2.87676701755956,0.101680332629399,0.287283996989081,0.04031912876342,11.8128144412551
"ADPS",0.000349163879598662,0.1183614032561,0.600492524242879,0.672774127475899,4,1.284633769306,14.2316884653501,0.730673798488131,2.84748168747954,0.102039695682272,0.281942170197368,0.0386543005816716,11.9209199104562
"ADPS",0.000339464882943144,0.115073586498986,0.58836473355785,0.659186508201841,4,1.28613493614401,14.306746807268,0.737187965484357,2.81641497211296,0.102418529556449,0.276245462224479,0.0369631417109243,12.0311932448707
"ADPS",0.000329765886287625,0.111785769741872,0.575906079098231,0.645228198905382,4,1.2876825524019,14.3841276200659,0.743776359925404,2.78604980195999,0.102818386179205,0.270688768988383,0.0353450781174596,12.1431648655436
"ADPS",0.000320066889632107,0.108497952984759,0.563122751987519,0.630906135938832,4,1.28921559731313,14.4607798658138,0.750399791757737,2.75462143018985,0.103224628405181,0.264874564040505,0.0337290265724186,12.2554543644705
"ADPS",0.000310367892976589,0.105210136227645,0.550019371451402,0.616225494546525,4,1.29079327819914,14.5396639105401,0.757231077752784,2.72202517772657,0.103661330206434,0.258886263866507,0.0321108818395329,12.3712532292738
"ADPS",0.00030066889632107,0.101922319470531,0.536605380204983,0.601196854068182,4,1.29238454718,14.6192273589891,0.76411820040874,2.68916808157769,0.10411005586424,0.252838187606368,0.0305350179663344,12.4880204714475
"ADPS",0.000290969899665552,0.0986345027134169,0.522884509318838,0.585824394685321,4,1.29402412511317,14.7012062563952,0.771099188516167,2.65678450370104,0.104581227038802,0.246914627787368,0.0290180469667614,12.6068159102119
"ADPS",0.000281270903010034,0.095346685956303,0.508864714234785,0.570117029440504,4,1.29557851247167,14.7789256235551,0.777803325882858,2.62484787965843,0.105022299775227,0.240880204541538,0.0275436736928556,12.7207111299193
"ADPS",0.000271571906354515,0.0920588691991891,0.494553110680348,0.554082730585149,4,1.29723854406699,14.8619272029965,0.784943088511134,2.59099321482809,0.105520862420318,0.234645548377987,0.0260761366587906,12.8420599076395
"ADPS",0.000261872909698997,0.0887710524420753,0.479926289807116,0.537695271535359,4,1.30063575782862,15.0317878914872,0.798727660965679,2.53323442876977,0.106847323874417,0.226895299522326,0.0243389148788301,13.0782694177612
"ADPS",0.00024247491638796,0.0821954189278473,0.449918725633023,0.504075680966173,4,1.30374574615555,15.1872873072091,0.812360546384182,2.4660499686715,0.107777703226758,0.214080189488326,0.0216024088262879,13.3094676565101
"ADPS",0.000232775919732441,0.0789076021707335,0.434412055413389,0.486702464638086,4,1.30759311925987,15.37965595211,0.827710582073765,2.40368687965272,0.109314894462397,0.206290655453224,0.0200303261354698,13.573815549467
"ADPS",0.000223076923076923,0.0756197854136196,0.418781256072843,0.469190177701049,4,1.30881042561756,15.4405212966376,0.833410668271615,2.3722305312141,0.109645132457013,0.199559809543808,0.0187998642384568,13.6696338985174
"ADPS",0.000213377926421405,0.0723319686565057,0.402862384802482,0.45135514346341,4,1.31086423239696,15.5432116197284,0.841536505312354,2.33900434644746,0.110317356669997,0.194060687624786,0.0176881269948346,13.8108356723492
"ADPS",0.000203678929765886,0.0690441518993918,0.386734853599411,0.43328633278643,4,1.31223714816323,15.6118574080763,0.848063544230886,2.30240471754873,0.110746788031154,0.186567180237664,0.0164440001345687,13.9199937211655
"ADPS",0.000193979933110368,0.0657563351422779,0.37027846555586,0.414849080596882,4,1.31524628184548,15.7623140944792,0.860531746966877,2.2471738220847,0.111915313830491,0.178782041420829,0.015063930305225,14.133398680463
"ADPS",0.00018428093645485,0.0624685183851641,0.353708995625217,0.396285134793589,4,1.31649819088049,15.824909543268,0.865153050709282,2.23015376373213,0.112191165820325,0.174887243393957,0.0142618780049615,14.2162933441804
"ADPS",0.0029,0.983057210377055,0.892560020349355,0.99999794280125,4,1.24112610851929,12.0563054237972,0.550113305544048,3.58203443305058,0.132978838103814,0.407525482115186,0.112885118811561,8.85506182439756
"ADPS",0.0049,1.66102770029226,0.891248311681967,0.998528343066736,4,1.24054621383578,12.0273107052813,0.548556290606268,3.57788808820464,0.136815381117187,0.405488127465249,0.113618329353571,8.82711419581151
"ADPS",0.0069,2.33899819020747,0.889228525459969,0.996265434107286,4,1.24031062756767,12.0155313825039,0.548030498890773,3.57487032888576,0.138489388785044,0.404359908769065,0.113806088080922,8.81738533135808
"ADPS",0.0089,3.01696868012268,0.88718599616233,0.993977044476131,4,1.2401794160578,12.008970803431,0.547774348569451,3.5727328375573,0.139442259670772,0.403645137149236,0.113876240388768,8.81252271294487
"ADPS",0.0129,4.37290965995311,0.8832240152127,0.989538157780874,4,1.24003702404127,12.0018512016814,0.547533748921199,3.56994196273902,0.14049263169619,0.402788702293041,0.113921791396527,8.80780986423569
"ADPS",0.0149,5.05088014986832,0.881295735798806,0.987377770352491,4,1.23999305932571,11.9996529637236,0.547467671929813,3.56897738060246,0.140813748988039,0.402509701368022,0.113928311384455,8.8064784434819
"ADPS",0.0169,5.72885063978352,0.879392416243377,0.985245347213958,4,1.23996041615355,11.9980207904452,0.547422302712243,3.5682125753509,0.141060882126907,0.402292002048744,0.113932022676205,8.80554592389834
"ADPS",0.0189,6.40682112969874,0.877508346268649,0.983134490738351,4,1.23993389148886,11.9966945794056,0.547388803167916,3.56754446875944,0.141258844084218,0.40210973778102,0.113930504486261,8.80483792545197
"ADPS",0.0209,7.08479161961395,0.875639277250573,0.981040440892496,4,1.23991202402331,11.9956012045729,0.547361932231758,3.56698943607415,0.141416624075909,0.401960415792052,0.113931312368814,8.80426452535284
"ADPS",0.0229,7.76276210952916,0.87378212041934,0.978959737109723,4,1.23989407905992,11.9947039527831,0.547338934899832,3.56653593631326,0.141557014496918,0.401833379267375,0.113926005201595,8.80378426497629
"ADPS",0.0249,8.44073259944436,0.871934477109837,0.976889691996331,4,1.23987763719026,11.9938818630558,0.547320607891612,3.56608944636139,0.141670728116162,0.401719757180448,0.113920429973037,8.80338172037335
"ADPS",0.0269,9.11870308935958,0.870094578383494,0.974828323685676,4,1.23987796794629,11.9938983810532,0.547360198178755,3.5655216089561,0.141771137489594,0.401603126101404,0.113899756018458,8.80398132663711
"ADPS",0.0289,9.79667357927479,0.868261072134133,0.972774117317844,4,1.23986100169414,11.9930500707834,0.547327259054494,3.56527436044052,0.141850025278028,0.401528857888783,0.113906871864162,8.8033523451653
"ADPS",0.0309,10.47464406919,0.866432851054286,0.97072583229818,4,1.23984551530498,11.9922757658409,0.54728806948289,3.56516932619735,0.141927212966834,0.401474189817045,0.113913580552312,8.8026480358173
"ADPS",0.0329,11.1526145591052,0.864609085163731,0.968682538741302,4,1.23983212515003,11.991606186941,0.547251731866436,3.56509424634509,0.142010261535301,0.401420563811082,0.113911690668232,8.80200846939432
"ADPS",0.0349,11.8305850490204,0.862789109653967,0.966643491815359,4,1.23982086768622,11.9910432534248,0.547230153759533,3.56492620062646,0.142067239133587,0.401363788873207,0.113919006257959,8.80159363649923
"ADPS",0.0369,12.5085555389356,0.860972301538111,0.964607993544207,4,1.23980847195746,11.9904235869603,0.547214586194585,3.56458527314105,0.142141602679674,0.401273258300584,0.113902106558565,8.80127174144897
"ADPS",0.0389,13.1865260288508,0.859158334817605,0.962575678688669,4,1.23978300404043,11.9891500717276,0.547131329909032,3.56468792953316,0.14219928234308,0.401239099156333,0.113924870484711,8.79982120954208
"ADPS",0.0409,13.864496518766,0.857346715235226,0.960545993497516,4,1.23978270208083,11.9891351356721,0.54719502660874,3.56372158279585,0.142259558864797,0.401097481512634,0.11384811817873,8.80077757624036
"ADPS",0.0429,14.5424670086813,0.855537217535036,0.958518685600637,4,1.23977111387068,11.9885556902562,0.547174158720392,3.5634918497401,0.142313509390956,0.401028114275945,0.113843013110744,8.80039045794772
"ADPS",0.0449,15.2204374985965,0.853729495733278,0.956493367368024,4,1.23974901815739,11.9874504835203,0.547162517676124,3.56273247013922,0.1423325989058,0.40092423715808,0.113801726409696,8.80002283325635
"ADPS",0.0469,15.8984079885117,0.851923317904014,0.954469778956692,4,1.23973438190781,11.9867190546783,0.547147475099754,3.56227968038972,0.142399518214647,0.400824718899551,0.113763070604539,8.79968430808193
"ADPS",0.0489,16.5763784784269,0.850118754540017,0.952447999344666,4,1.23969502231201,11.9847511132736,0.54695665985644,3.56332991029727,0.142458072559639,0.400871180277495,0.11386978138848,8.79651787087364
"ADPS",0.0509,17.2543489683421,0.848315378020027,0.95042754943769,4,1.23970203167356,11.9851018332523,0.547097205652671,3.56164402615322,0.142429137838669,0.400695665663819,0.113778929430577,8.79866205516807
"ADPS",0.0529,17.9323194582573,0.84651290986519,0.94840811723626,4,1.239690474287,11.9845239345749,0.547100123872272,3.56103345932183,0.142507006174808,0.400551829486017,0.113736445482782,8.7986282711233
"ADPS",0.0549,18.6102899481725,0.844710855987432,0.946389149178661,4,1.23967197500817,11.9835987381018,0.547072204098225,3.56048487036528,0.142667411335688,0.400405981017966,0.113608454689193,8.79808720475968
"ADPS",0.0569,19.2882604380877,0.842910316869035,0.94437187821281,4,1.23966375444418,11.9831876184889,0.547067495715205,3.56015329157262,0.142721927189504,0.400316738801613,0.113593597359536,8.7979599787213
"ADPS",0.0589,19.9662309280029,0.841110999127903,0.942355975642052,4,1.23995112756902,11.9975559415884,0.54822153000745,3.55601671883284,0.142566498527143,0.400016288166526,0.113366697697238,8.81745570900736
"ADPS",0.0629,21.3221719078334,0.837513510836887,0.938325455779804,4,1.23965478285581,11.9827388115002,0.547085912161956,3.55929312754552,0.142904718440782,0.400047506526273,0.113537471248831,8.79825042018322
"ADPS",0.0729,24.7120243574094,0.828528974228078,0.928259445740149,4,1.2397749053793,11.9887451748304,0.547401494621698,3.55940271045344,0.143406750546822,0.39980807832698,0.113339478135828,8.80404309998883
"RNAP",0.1205,0.999841049747429,0.892561849555007,0.999999992189355,4,1.24110411494566,12.0552057470139,0.550055197368883,3.58184441845918,0.133135424776058,0.407426192326464,0.112934403764938,8.85401230650805
"RNAP",0.120096989966555,0.996497099748273,0.892560278863382,0.999998232432747,4,1.24116833994208,12.0584170020535,0.55037959029527,3.57991340377527,0.133162002517767,0.406740594983636,0.113193179517251,8.85933762799306
"RNAP",0.11969397993311,0.993153149749118,0.892555811437442,0.99999322726038,4,1.24123283771291,12.0616418728294,0.550705273607448,3.57797559343621,0.133188652453762,0.406053077539019,0.113452421608215,8.86468412562411
"RNAP",0.119290969899666,0.989809199749963,0.892548424244317,0.999984950866905,4,1.24129761275946,12.0648806462638,0.551032281980863,3.57603077608452,0.133215380734568,0.405363593393398,0.113712130667249,8.87005231082913
"RNAP",0.118887959866221,0.986465249750808,0.892538095495218,0.999973378840807,4,1.24136266632422,12.0681333217156,0.551360609739031,3.57407900396551,0.133242179156398,0.404672168465625,0.113972296240309,8.87544213738293
"RNAP",0.118484949832776,0.983121299751652,0.892524802184283,0.999958485406993,4,1.24142799937246,12.0713999691478,0.551690265266111,3.57212022448855,0.133269056802813,0.403978781970145,0.114232928241704,8.88085372423425
"RNAP",0.118081939799331,0.979777349752497,0.892508521353838,0.999940244844362,4,1.24149360726753,12.0746803635219,0.55202123958402,3.57015437258284,0.133296007986374,0.403283426774182,0.114494015520717,8.88628690664298
"RNAP",0.117678929765886,0.976433399753342,0.892489229846504,0.999918631208071,4,1.24155950218605,12.0779751099012,0.552353540585155,3.5681818620275,0.133323029310168,0.402586149722244,0.114755596658302,8.89174189947836
"RNAP",0.117275919732441,0.973089449754186,0.892466905065873,0.999893619181771,4,1.24162567820809,12.0812838471519,0.552687210496079,3.56620177923043,0.13335013332473,0.40188685332908,0.11501759349188,8.89721924543241
"RNAP",0.116872909698997,0.969745499755031,0.892441487689326,0.999865142302144,4,1.24169224156485,12.0846120747719,0.553022713147052,3.56421212037393,0.133377345981352,0.401184720464617,0.115280371323843,8.90272674951595
"RNAP",0.116469899665552,0.966401549755876,0.892413056243415,0.999833288548029,4,1.24175890218646,12.0879451109022,0.553358633152359,3.56222076375403,0.133404559008798,0.400482381560388,0.115543007479375,8.9082410271427
"RNAP",0.116066889632107,0.963057599756721,0.892381485927693,0.99979791809668,4,1.24182591274087,12.0912956333585,0.553696261106478,3.56021993879323,0.133431890944583,0.399777174400025,0.115806466401695,8.91378323602664
"RNAP",0.115663879598662,0.959713649757565,0.892346785604331,0.999759040877013,4,1.24189325633291,12.0946628158876,0.554035416219376,3.55821155260225,0.133459291726587,0.399069989302998,0.116070316378243,8.91935060583478
"RNAP",0.115260869565217,0.95636969975841,0.892308930861022,0.9997166295382,4,1.24196086604404,12.0980432882057,0.55437585289848,3.55619627139053,0.133486767762346,0.398360812887357,0.116334673688727,8.92493890447098
"RNAP",0.114857859531773,0.953025749759255,0.892267897413046,0.999670656872356,4,1.24202877268688,12.101438571012,0.554717687207612,3.55417370188669,0.133514323909475,0.397649637062014,0.116599475490829,8.93055013149314
"RNAP",0.114454849498328,0.949681799760099,0.892223658300958,0.999621092674912,4,1.24209695572075,12.1048477802009,0.555060840404516,3.55214426704022,0.133541955902732,0.396936470805033,0.116864798040524,8.93618292571976
"RNAP",0.114051839464883,0.946337849760944,0.892176190352932,0.999567910984837,4,1.24216543882474,12.1082719188463,0.555405401076425,3.55010749541755,0.133569658986384,0.396221300246388,0.117130557437342,8.94183882913285
"RNAP",0.113648829431438,0.942993899761789,0.892125467202777,0.999511082262228,4,1.24223421517073,12.111710745669,0.555751347713458,3.54806353609533,0.133597441398883,0.39550412286584,0.117396792737672,8.94751742760226
"RNAP",0.113245819397993,0.939649949762633,0.892071463762801,0.999450578399577,4,1.24230328714499,12.1151643801553,0.556098700495693,3.54601216802122,0.133625300065139,0.394784927087083,0.117663471062941,8.95321907535039
"RNAP",0.112842809364548,0.936305999763478,0.892014151424731,0.999386367345014,4,1.24237265380389,12.1186326774868,0.556447423991505,3.54395381836683,0.133653236832714,0.394063707485885,0.117930670864744,8.95894318126249
"RNAP",0.112439799331104,0.932962049764323,0.891953506961054,0.99931842307512,4,1.24244231905258,12.1221159127561,0.556797560448577,3.54188810792637,0.133681247832817,0.393340473206176,0.118198323762498,8.96469042678457
"RNAP",0.112036789297659,0.929618099765168,0.891889501994787,0.999246713797158,4,1.24251228548604,12.1256142737496,0.557149118949303,3.53981505510618,0.133709337707782,0.392615209262076,0.118466440348939,8.97046098474797
"RNAP",0.111633779264214,0.926274149766012,0.89182202477476,0.999171114308413,4,1.24258264790316,12.1291323946456,0.557502558280738,3.53773202145652,0.13373753825551,0.391887009406589,0.11873535078428,8.97626239309775
"RNAP",0.111230769230769,0.922930199766857,0.891751306708181,0.9990918838707,4,1.24265311378591,12.1326555756464,0.557856434970742,3.53564724150917,0.133765743921947,0.391158597881794,0.119004119952171,8.98207088334887
"RNAP",0.110827759197324,0.919586249767702,0.891677058772968,0.999008698672195,4,1.24272399575874,12.1361997552671,0.558212290463721,3.53355212939266,0.133794065450004,0.390427222490341,0.119273649661753,8.98791187964591
"RNAP",0.11042474916388,0.916242299768547,0.891599343384734,0.998921628641513,4,1.24279516708679,12.1397583181347,0.558569509708587,3.53144990371563,0.133822462043703,0.389693814661617,0.11954368455007,8.99377517796825
"RNAP",0.110021739130435,0.912898349769391,0.89151812944802,0.998830638940216,4,1.24286664601751,12.1433323007827,0.558928181947318,3.5293401720759,0.133850936998704,0.388958337972838,0.119814188526818,8.99966226486974
"RNAP",0.10961872909699,0.909554399770236,0.891433392083549,0.998735701694296,4,1.24293841625574,12.1469208237217,0.559288204069499,3.52722365399737,0.133879487716528,0.388220855057823,0.12008523612674,9.00557148279112
"RNAP",0.109215719063545,0.906210449771081,0.891345100737369,0.998636782672008,4,1.24301053157792,12.1505264339651,0.559649848113932,3.52509861211319,0.133908120828245,0.387481233294433,0.120356638478481,9.01150727816248
"RNAP",0.1088127090301,0.902866499771925,0.891253224457353,0.998533847195498,4,1.24308293306066,12.1541466561419,0.560012861425691,3.522966582937,0.133936829987078,0.386739570906244,0.120628580636167,9.01746548535045
"RNAP",0.108409698996656,0.89952254977277,0.891157738843076,0.99842686792725,4,1.24315564838736,12.1577823605983,0.560377314968836,3.5208272977092,0.133965615388446,0.385995859286006,0.12090101330889,9.02344729182668
"RNAP",0.108006688963211,0.896178599773615,0.89105861224648,0.998315809409713,4,1.24322867556414,12.1614336233734,0.56074323078964,3.51868050405417,0.133994477897908,0.385250066851803,0.121173931605942,9.02945303599003
"RNAP",0.107603678929766,0.89283464977446,0.890955811029261,0.998200633955523,4,1.24330201123616,12.1651005555136,0.561110613929678,3.51652620094118,0.13402342675025,0.384502177797462,0.121447336895935,9.03548282578121
"RNAP",0.107200668896321,0.889490699775304,0.890849311253549,0.998081314745394,4,1.24337567107352,12.1687835801293,0.561479510656339,3.51436412451313,0.13405244419143,0.383752200743739,0.121721193875138,9.04153739291845
"RNAP",0.106797658862876,0.886146749776149,0.890739079442441,0.997957814272791,4,1.24344964052541,12.1724820266125,0.561849836072397,3.51219490502577,0.134081545219631,0.38300014777999,0.121995585695882,9.04761537299066
"RNAP",0.106394648829431,0.882802799776994,0.89062508810676,0.997830101739651,4,1.24352393251261,12.1761965949175,0.562221677091466,3.51001790870016,0.134110724709133,0.382245997098764,0.122270426669846,9.05371815603666
"RNAP",0.105991638795987,0.879458849777839,0.890507298628622,0.997698133879635,4,1.24359854426766,12.1799272109812,0.562595012093934,3.50783336975882,0.134139985079675,0.381489722499555,0.122545780378843,9.0598454208532
"RNAP",0.105588628762542,0.876114899778683,0.890385685649319,0.997561882281593,4,1.24367348419656,12.1836741934609,0.562969884199416,3.50564095277185,0.1341693225044,0.380731327394102,0.122821586468012,9.06599784810684
"RNAP",0.105185618729097,0.872770949779528,0.890260219812651,0.997421314055704,4,1.2437487300909,12.187436495235,0.563346184787872,3.50344131533633,0.134198740097748,0.3799708538492,0.123097917774433,9.07217366313489
"RNAP",0.104782608695652,0.869426999780373,0.890130862441519,0.997276385869286,4,1.24382430963023,12.1912154829232,0.563724032220051,3.50123396563134,0.134228237089356,0.379208247767767,0.123374741949928,9.07837480507942
"RNAP",0.104379598662207,0.866083049781217,0.889997585403889,0.997127066204037,4,1.24390021357259,12.1950106748055,0.564103410128737,3.49901869327012,0.134257811624921,0.378443498467257,0.123652032007467,9.08460098482768
"RNAP",0.103976588628763,0.862739099782062,0.88986035468329,0.996973316948907,4,1.24397644609608,12.1988223046019,0.564484302548137,3.49679593856195,0.134287470863955,0.37767663348389,0.123929829022947,9.09085198894233
"RNAP",0.103573578595318,0.859395149782907,0.889719138968477,0.996815103023698,4,1.24405300880448,12.2026504050205,0.56486673624633,3.49456533458629,0.134317217059672,0.376907621292483,0.124208102827684,9.09712822736798
"RNAP",0.103170568561873,0.856051199783751,0.889573901060308,0.996652382751587,4,1.24412990408022,12.2064952507691,0.565250729688368,3.49232689412093,0.134347027234159,0.376136465050291,0.124486874246312,9.1034299952967
"RNAP",0.102767558528428,0.852707249784596,0.889424610560395,0.996485122075119,4,1.2442071227844,12.2103561534782,0.565636203727094,3.49008117573936,0.134376922720917,0.375363187229007,0.124766191400834,9.1097559803845
"RNAP",0.102364548494983,0.849363299785441,0.889271230324664,0.996313279379165,4,1.24428468034242,12.2142340119581,0.566023274192516,3.48782718706299,0.134406907002029,0.37458770768907,0.125045955691372,9.11610813427883
"RNAP",0.101961538461538,0.846019349786286,0.889113731540791,0.996136822383248,4,1.24436257336944,12.2181285433409,0.566411874372857,3.48556576807939,0.134436961557419,0.37381011426983,0.125326253210476,9.12248532200716
"RNAP",0.101558528428094,0.84267539978713,0.888952069604266,0.995955701113789,4,1.24444080932589,12.22204046332,0.566802111983779,3.48329591825943,0.134467101044188,0.373030299005392,0.125606986905005,9.12888930283209
"RNAP",0.101155518394649,0.839331449787975,0.88878622027288,0.995769888410531,4,1.24451936717958,12.2259682922848,0.567193805459755,3.48101902267094,0.134497323591105,0.372248368354123,0.125888316483215,9.13531710655356
"RNAP",0.100752508361204,0.83598749978882,0.888616139255891,0.995579334651432,4,1.24459828852001,12.2299144103806,0.567587214288485,3.47873335508992,0.134527628443576,0.371464201426889,0.126170041602116,9.14177300125035
"RNAP",0.100349498327759,0.832643549789665,0.888441791832026,0.995384000935802,4,1.24467754109824,12.2338770550759,0.56798215375459,3.47644008071053,0.134558011826299,0.37067785486738,0.126452317501594,9.14825394670031
"RNAP",0.0999464882943144,0.829299599790509,0.888263148000812,0.995183853651995,4,1.24475713217326,12.237856594581,0.568378647563087,3.47413921190519,0.13458847932848,0.369889352389828,0.126735119581106,9.15476031042042
"RNAP",0.0995434782608696,0.825955649791354,0.888080160879422,0.994978840273872,4,1.24483707544468,12.2418537763106,0.568776785292106,3.47183005805184,0.134619029770225,0.369098612353553,0.127018405144937,9.16129358629635
"RNAP",0.0991404682274248,0.822611699792199,0.887892802157025,0.994768929082814,4,1.24491736061209,12.2458680542653,0.569176503562147,3.46951308847262,0.134649660194029,0.368305689471782,0.127302207635948,9.16785272272717
"RNAP",0.0987374581939799,0.819267749793044,0.88770103104811,0.994554074383934,4,1.24499798860021,12.2498994620945,0.569577805160835,3.4671882922759,0.134680374957857,0.367510563206035,0.127586538989246,9.17443776194372
"RNAP",0.0983344481605351,0.815923799793888,0.887504803139993,0.994334226418572,4,1.24507898098641,12.2539490439453,0.569980790955425,3.46485510775911,0.134711173550564,0.36671318072503,0.127871352026945,9.18105037561597
"RNAP",0.0979314381270903,0.812579849794733,0.887304088581788,0.994109351742674,4,1.2451603176489,12.2580158962521,0.570385369276274,3.46251410302462,0.134742050735699,0.365913600898007,0.12815668731284,9.18768903916068
"RNAP",0.0975284280936455,0.809235899795578,0.887098844857734,0.993879402722836,4,1.24524200194766,12.2621000850577,0.570791558792376,3.46016505922504,0.134773017150735,0.365111776738627,0.128442562967384,9.19435403312027
"RNAP",0.0971254180602007,0.805891949796422,0.886889032282178,0.993644334896419,4,1.24532405418743,12.266202707808,0.571199447692929,3.45780765080461,0.134804060745514,0.364307710261126,0.128728905209533,9.20104685673224
"RNAP",0.0967224080267559,0.802547999797267,0.886674611909396,0.993404104629783,4,1.24540645058072,12.2703225999511,0.571608924357215,3.45544250393348,0.134835194299343,0.363501415210039,0.12901581854624,9.20776563310993
"RNAP",0.096319397993311,0.799204049798112,0.886455541084801,0.993158664133987,4,1.2454892235265,12.2744611711493,0.572020129641394,3.45306876364122,0.134866407132939,0.362692840354018,0.129303196128974,9.21451272751522
"RNAP",0.0959163879598662,0.795860099798957,0.886231780995619,0.992907969924341,4,1.24557233970301,12.2786169874568,0.572432921681535,3.45068729985208,0.134897708754354,0.361882025439288,0.129591154156208,9.22128573405575
"RNAP",0.0955133779264214,0.792516149799801,0.886003289626443,0.992651974928023,4,1.24565582657998,12.2827913304198,0.572847435965514,3.44829722615289,0.134929091233587,0.361068921277524,0.1298795776276,9.22808691500267
"RNAP",0.0951103678929766,0.789172199800646,0.885770026768425,0.992390634096222,4,1.24573967940743,12.2869840041848,0.573263611773526,3.44589927788211,0.134960556936736,0.360253576553134,0.130168565404365,9.23491530859951
"RNAP",0.0947073578595318,0.785828249801491,0.885531945550338,0.992123894915798,4,1.24582389707651,12.2911949327277,0.573681498360281,3.44349266998241,0.134992109725252,0.359435907832834,0.130458038261748,9.24177163324645
"RNAP",0.094304347826087,0.782484299802335,0.88528900615885,0.991851712781068,4,1.24590848724014,12.2954243633625,0.574101069086401,3.44107801304551,0.135023749182403,0.358615964670999,0.130748066885898,9.24865552616884
"RNAP",0.0939013377926421,0.77914034980318,0.885041169179786,0.991574043533552,4,1.24599344820515,12.299672358452,0.574522333828282,3.43865521998676,0.135055469294234,0.357793752868168,0.131038633467978,9.25556714551078
"RNAP",0.0934983277591973,0.775796399804025,0.884788382411277,0.991290828687812,4,1.24607877862276,12.3039389622237,0.574945323932337,3.43622387957289,0.135087278243329,0.356969209477339,0.131329714867012,9.26250695147614
"RNAP",0.0930953177257525,0.77245244980487,0.884530603625014,0.991002020932498,4,1.24616448374977,12.3082242472763,0.575370046471653,3.43378396408595,0.135119172744725,0.356142329790121,0.131621313485312,9.26947505283722
"RNAP",0.0926923076923077,0.769108499805714,0.884267795144692,0.990707578056185,4,1.24625056704389,12.3125284759006,0.575796474155844,3.4313360873274,0.1351511535503,0.35531317939618,0.131913479628343,9.27647109417983
"RNAP",0.0922892976588629,0.765764549806559,0.883999904065834,0.990407440786259,4,1.24633705182798,12.3168525024879,0.576224744503444,3.42887899809494,0.135183219506102,0.354481645582498,0.132206096362305,9.283497255145
"RNAP",0.0918862876254181,0.762420599807404,0.88372688250817,0.990101555479075,4,1.24642387451982,12.321193709778,0.576654592643511,3.4264142968309,0.13521537483719,0.353647797932877,0.132499367997037,9.29054914424554
"RNAP",0.0914832775919732,0.759076649808249,0.883448691255416,0.989789878197865,4,1.24651112381548,12.3255561698873,0.577086359124257,3.42394055268329,0.135247612103831,0.35281161425068,0.132793084604709,9.2976325095387
"RNAP",0.0910802675585284,0.755732699809093,0.8831652792116,0.989472351696207,4,1.2465987370942,12.3299368599063,0.577519813845647,3.42145851611064,0.135279939887116,0.351973070568954,0.133087391076893,9.3047434006659
"RNAP",0.0906772575250836,0.752388749809938,0.882876603705365,0.989148928166371,4,1.24668673617121,12.3343367732556,0.577955034898385,3.41896789309633,0.135312357700793,0.351132169929941,0.133382215663511,9.31188316036132
"RNAP",0.0902742474916388,0.749044799810783,0.882582603972874,0.988819539530344,4,1.24677509690592,12.3387548480018,0.578391938546113,3.41646901268119,0.135344865210586,0.350288878565187,0.13367765578891,9.31905033790434
"RNAP",0.0894682274247492,0.742356899812472,0.881978467565379,0.988142682903459,4,1.24695308002455,12.3476540025083,0.579271426370566,3.41144462257897,0.13541013340024,0.348595198904452,0.134270035304501,9.33347781070128
"RNAP",0.0890652173913044,0.739012949813317,0.881668226748992,0.987795098235665,4,1.24704264504265,12.3521322243669,0.579713799069297,3.40891973943321,0.135442903282983,0.347744769787732,0.134567097154738,9.3407344533335
"RNAP",0.0886622073578595,0.735668999814162,0.881352470049081,0.987441333734524,4,1.24713261363326,12.356630674812,0.580158024931248,3.40638591834899,0.135475761316125,0.34689192614096,0.134864681235985,9.34802138158732
"RNAP",0.0882591973244147,0.732325049815006,0.881031147251483,0.98708133314157,4,1.24722298233079,12.3611491074758,0.580604065866729,3.40384351504077,0.135508707914781,0.346036681218981,0.135162837851316,9.3553379728903
"RNAP",0.0878561872909699,0.728981099815851,0.880704204929923,0.986715036599577,4,1.24731376501918,12.3656882539003,0.581052005763852,3.40129193457588,0.135541745365302,0.345178992690178,0.135461507792148,9.3626856007932
"RNAP",0.0874531772575251,0.725637149816696,0.880371591181032,0.986342385957542,4,1.24740494184781,12.3702470862573,0.581501733608611,3.39873191469622,0.135574869190663,0.344318892026186,0.13576076909655,9.37006243553705
"RNAP",0.0870501672240803,0.72229319981754,0.88003325331164,0.985963322179588,4,1.24749651695738,12.3748257650868,0.581953265089143,3.39616337663185,0.135608088326096,0.343456359318922,0.136060644937808,9.37746871666112
"RNAP",0.0866471571906355,0.718949249818385,0.879689133860595,0.985577780887935,4,1.24758850830919,12.3794254144751,0.582406730328004,3.39358540542548,0.135641396182925,0.342591344069165,0.136361017286585,9.38490656842125
"RNAP",0.0862441471571906,0.71560529981923,0.879339183015831,0.985185706274614,4,1.24768091567914,12.3840457800894,0.582862042232331,3.39099904416837,0.135674793849296,0.341723911981018,0.136662007169296,9.39237465434641
"RNAP",0.0858411371237458,0.712261349820074,0.878983342110107,0.984787032610574,4,1.24777373547833,12.3886867945533,0.583319265374118,3.38840330782141,0.135708286179418,0.340853974542343,0.136963519724918,9.39987390799906
"RNAP",0.085438127090301,0.708917399820919,0.878621553715133,0.984381695554852,4,1.24786698891315,12.3933494440418,0.583778438295498,3.38579850987448,0.135741867573521,0.339981563632684,0.137265581243453,9.40740504536451
"RNAP",0.0850351170568562,0.705573449821764,0.878253764587101,0.983969635454655,4,1.24796063203847,12.3980315996275,0.584239392535046,3.38318525479715,0.13577554245669,0.339106675572395,0.137568305915175,9.41496521294176
"RNAP",0.0846321070234114,0.702229499822609,0.877879921166165,0.98355079230311,4,1.24805470950513,12.4027355804596,0.584702301267609,3.3805630256549,0.135809309210607,0.338229321764654,0.13787158620567,9.42255737335953
"RNAP",0.0842290969899666,0.698885549823453,0.877499955781391,0.983125090283697,4,1.24814923044027,12.4074615134404,0.585167237326711,3.37793090471051,0.135843167077096,0.337349404061279,0.138175358289351,9.43018260025403
"RNAP",0.0838260869565217,0.695541599824298,0.877113802620127,0.982692455661862,4,1.24824417352223,12.4122086548091,0.585634077786146,3.37529002169983,0.135877118933784,0.336466969803963,0.138479768442537,9.43783895360401
"RNAP",0.0834230769230769,0.692197649825143,0.876721421262497,0.982252843152363,4,1.24833952947971,12.4169764327611,0.586102792406368,3.37264033953373,0.135911165236352,0.335582031919981,0.13878479485498,9.44552586986936
"RNAP",0.0830200668896321,0.688853699825988,0.876322739990864,0.981806172404875,4,1.24843530352776,12.4217651823874,0.586573423426909,3.36998154056793,0.135945306483808,0.334694543058187,0.139090427571163,9.45324402531698
"RNAP",0.0826170568561873,0.685509749826832,0.875917699991552,0.981352377526291,4,1.24853155381654,12.4265777230558,0.587046173414028,3.36731311928133,0.13597953868653,0.333804518017501,0.13939657674466,9.46099690278274
"RNAP",0.0822140468227425,0.682165799827677,0.875506238167845,0.980891387824907,4,1.24862823083833,12.4314115424489,0.587520873714511,3.36463537140338,0.136013867910709,0.332911912506354,0.139703324132837,9.46878155249078
"RNAP",0.0818110367892977,0.678821849828522,0.875088290510544,0.980423131586704,4,1.24872533124446,12.4362665780121,0.587997485439595,3.36194881020452,0.136048292806921,0.332016752361385,0.140010726413083,9.47659738711584
"RNAP",0.0814080267558528,0.675477899829366,0.874663799927126,0.9799475448469,4,1.24882288535047,12.4411441964259,0.588476138247328,3.35925275337199,0.136082811317917,0.331119016129972,0.140318698114885,9.48444654097393
"RNAP",0.081005016722408,0.672133949830211,0.874232690491447,0.979464542540084,4,1.24892088478051,12.4460441395272,0.588956809255848,3.35654728969215,0.136117426728643,0.330218675377637,0.140627271372463,9.49232864840973
"RNAP",0.0806020066889632,0.668789999831056,0.873794892552142,0.978974046630916,4,1.24901933955064,12.4509669805971,0.589439562131181,3.353832026853,0.136152137765106,0.329315697997099,0.140936413547703,9.50024471342671
"RNAP",0.0801989966555184,0.665446049831901,0.873350363376995,0.978476009243483,4,1.24911823139144,12.455911512075,0.589924248106745,3.35110807765143,0.136186946196079,0.328410162703027,0.141246236754169,9.50819232945091
"RNAP",0.0797959866220736,0.662102099832745,0.872899011302308,0.977970327680478,4,1.24921758382104,12.4608791914377,0.590411031972739,3.34837430989388,0.136221852275973,0.327501970279281,0.141556640587624,9.51617418252464
"RNAP",0.0793929765886288,0.65875814983359,0.872440769289909,0.977456926834309,4,1.24931739581501,12.4658697914019,0.590899884462094,3.34563098862744,0.136256846412165,0.326591127170602,0.141867672864488,9.52418977304785
"RNAP",0.0789899665551839,0.655414199834435,0.871975585169298,0.976935748254685,4,1.24941767150819,12.4708836857151,0.591390849909497,3.34287774224825,0.136291954454396,0.325677625832011,0.142179249329986,9.53223984859831
"RNAP",0.0785869565217391,0.65207024983528,0.871503381661325,0.976406705360324,4,1.24951842118908,12.4759210310902,0.591883898176422,3.34011523293176,0.136327151667607,0.32476149367931,0.142491487753617,9.5403239182277
"RNAP",0.0781839464882943,0.648726299836124,0.871024068969703,0.975869697546112,4,1.24961960292168,12.4809801422972,0.592378908056538,3.3373437143719,0.136362456186267,0.323842670623299,0.142804459293591,9.54843993572851
"RNAP",0.0777809364548495,0.645382349836969,0.870537598415875,0.975324670274029,4,1.24972129624156,12.4860648092301,0.59287623215278,3.33456136621258,0.136397850600787,0.3229211425203,0.143117888692446,9.5565937617384
"RNAP",0.0773779264214047,0.642038399837814,0.870043887273607,0.97477153086004,4,1.24982344343182,12.4911721746595,0.593375589913847,3.3317698051552,0.136433350041998,0.321996924971808,0.143432027164427,9.5647807248668
"RNAP",0.0769749163879599,0.638694449838658,0.869542861977002,0.974210196883083,4,1.24992606725313,12.4963033584629,0.593877088795155,3.3289684504826,0.136468948795506,0.321069993851354,0.143746794390793,9.57300260106251
"RNAP",0.0765719063545151,0.635350499839503,0.869034446114135,0.973640582733487,4,1.25002917042684,12.5014585219213,0.594380738636239,3.32615730415145,0.136504646862138,0.320140338637975,0.144062199007263,9.58125955708494
"RNAP",0.0761688963210702,0.632006549840348,0.868518562913784,0.973062602399038,4,1.25013275731354,12.5066378570527,0.594886572945429,3.32333606235418,0.136540443084918,0.319207928450061,0.144378228674165,9.58955210645597
"RNAP",0.0757658862876254,0.628662599841193,0.86799514168737,0.972476176682337,4,1.25023682570645,12.5118413900644,0.595394556572084,3.32050523954517,0.136576346518057,0.318272794805586,0.144694923851385,9.59787974092639
"RNAP",0.0753628762541806,0.625318649842037,0.867464086420235,0.971881198011389,4,1.25034140228152,12.5170701202072,0.595904797983339,3.31766416762138,0.136612352635024,0.317334868533275,0.145012244846371,9.60624419948531
"RNAP",0.0749598662207358,0.621974699842882,0.866925327747756,0.971277588672115,4,1.25044644332399,12.5223221713361,0.596417149777562,3.31481336584952,0.136648461847238,0.316394156520809,0.145330261455117,9.61464297631764
"RNAP",0.074556856187291,0.618630749843727,0.866378787160516,0.970665260704878,4,1.25055199389639,12.5275996948367,0.596931770034741,3.31195240735644,0.136684674745278,0.315450660143152,0.145648908248362,9.62307876933641
"RNAP",0.0741538461538462,0.615286799844571,0.865824378926472,0.970044118058023,4,1.25065804480154,12.5329022415478,0.597448633919405,3.30908127212723,0.136720987746116,0.314504351654643,0.145968210774443,9.63155112958755
"RNAP",0.0737508361204013,0.611942849845416,0.865262018653203,0.969414066180771,4,1.25076461965278,12.5382309739929,0.597967814156815,3.30619989416441,0.136757409396233,0.313555229711063,0.146288151694376,9.64006133624964
"RNAP",0.0733478260869565,0.608598899846261,0.86469162414967,0.968775012988701,4,1.25087167555565,12.5435838100216,0.598489187238455,3.30330832970418,0.136793931573124,0.312603253179163,0.146608774270805,9.64860715503663
"RNAP",0.0729448160535117,0.605254949847106,0.864113105288969,0.968126857506287,4,1.25097923740654,12.5489618658796,0.599012773592799,3.30040722758831,0.136830564483268,0.311648455618111,0.14693015842972,9.65718908238059
"RNAP",0.0725418060200669,0.60191099984795,0.863526377010254,0.967469504433864,4,1.25108731417605,12.5543657205357,0.599538703237406,3.29749521437985,0.136867301082728,0.310690755852694,0.147252147578041,9.66580913602987
"RNAP",0.0721387959866221,0.598567049848795,0.862931351265913,0.966802855125483,4,1.25119593283152,12.5597966424148,0.60006701735425,3.29457279430306,0.136904148909284,0.309730191021428,0.147574789796786,9.67446812770999
"RNAP",0.0717357859531773,0.59522309984964,0.862327935929833,0.966126806365761,4,1.2513050698756,12.5652534936518,0.600597647940946,3.29163998144138,0.136941099159161,0.308766726733438,0.147898120985542,9.68316485555941
"RNAP",0.0713327759197324,0.591879149850485,0.861716045243282,0.965441262073142,4,1.25141473507613,12.5707366034043,0.601130625849408,3.28869664491003,0.136978155361559,0.307800348660996,0.148222135441337,9.69189979349647
"RNAP",0.0709297658862876,0.588535199851329,0.861095572069842,0.964746102215141,4,1.25152489944576,12.5762449760437,0.601665866153501,3.28574314948192,0.137015323057673,0.306831029837579,0.148546901693353,9.70067151936848
"RNAP",0.0705267558528428,0.585191249852174,0.860466436048505,0.964041236757653,4,1.25163561431083,12.581780718193,0.602203535020258,3.28277892322243,0.137052602640985,0.305858770402399,0.148872334771703,9.70948282918826
"RNAP",0.070123745819398,0.581847299853019,0.859828548478387,0.963326566322822,4,1.25174686812626,12.5873434110529,0.602743592487187,3.2798041871406,0.137089988250651,0.304883574702483,0.149198466943605,9.71833306117875
"RNAP",0.0697207357859532,0.578503349853863,0.859181788142226,0.962601955102398,4,1.2518586600474,12.5929331058294,0.603286067425653,3.27681859206073,0.137127486172634,0.303905370767795,0.149525299572258,9.72722262177832
"RNAP",0.0693177257525084,0.575159399854708,0.858526054234062,0.961867290156356,4,1.2519710029581,12.5985501432869,0.603830947899161,3.27382260750017,0.137165101010092,0.302924168139095,0.149852897996502,9.73615138181363
"RNAP",0.0689147157190635,0.571815449855553,0.857861273285742,0.961122489173143,4,1.25208390853693,12.6041954537396,0.604378355079154,3.2708152918618,0.13720282026672,0.301939957004383,0.150181125755599,9.74512129445455
"RNAP",0.0685117056856187,0.568471499856398,0.857187338726614,0.960367432754139,4,1.25219733792878,12.6098668901855,0.604928091916352,3.26779767497789,0.137240651329184,0.300952729045396,0.150510150002085,9.75412904396064
"RNAP",0.0681086956521739,0.565127549857242,0.856504122203423,0.959601977096141,4,1.25231136636163,12.6155683176456,0.605480463331042,3.26476866069231,0.137278601190774,0.299962438332474,0.150839831438159,9.76317980276111
"RNAP",0.0677056856187291,0.561783599858087,0.85581154253471,0.958826031245835,4,1.25242593238836,12.6212966183947,0.606035242816096,3.26172888309873,0.137316661074635,0.298969082044918,0.151170275062147,9.77226965571281
"RNAP",0.0673026755852843,0.558439649858932,0.855109499480577,0.958039482897393,4,1.25254106062898,12.6270529749391,0.606592493452027,3.25867843420135,0.137354839191099,0.297972672710027,0.151501484295633,9.78139974303533
"RNAP",0.0668996655518395,0.555095699859776,0.854397841012287,0.9572421617223,4,1.2526567782293,12.6328389107485,0.607152369743333,3.2556164280158,0.137393129955421,0.296973116725739,0.151833398894924,9.79057257608438
"RNAP",0.0664966555183946,0.551751749860621,0.853676515143746,0.956434009476865,4,1.2527730490386,12.6386524559511,0.607714691858536,3.25254379569757,0.137431536555944,0.295970484200505,0.152166107937597,9.79978513000817
"RNAP",0.0660936454849498,0.548407799861466,0.852945365037835,0.955614850445404,4,1.2528899292926,12.6444964417957,0.608279698839756,3.24945946074289,0.137470063422276,0.294964687444256,0.152499506501214,9.80904147437086
"RNAP",0.065690635451505,0.545063849862311,0.852204273781565,0.95478455364205,4,1.25300738199032,12.6503691051414,0.608847245952232,3.24636408325294,0.137508710425082,0.293955710600324,0.152833716262567,9.81833908192159
"RNAP",0.0652876254180602,0.541719899863155,0.85145315880625,0.953943026559279,4,1.25312541061631,12.6562705298765,0.609417337116913,3.24325767628772,0.137547473268185,0.292943578167065,0.153168721230329,9.82767803097859
"RNAP",0.0648846153846154,0.538375949864,0.850691886545679,0.953090119553446,4,1.25324404745665,12.662202376266,0.609990132547481,3.24013936648074,0.137586352551228,0.291928231638232,0.153504424972293,9.83706095669144
"RNAP",0.0644816053511706,0.535031999864845,0.8499203356571,0.952225696675707,4,1.25336328551677,12.6681642780199,0.610565558713676,3.23700987946361,0.13762535806061,0.290909678367038,0.153840938708546,9.84648672536961
"RNAP",0.0640785953177258,0.531688049865689,0.849138396761561,0.951349635381107,4,1.25348314934327,12.6741574856006,0.61114374211563,3.23386855363405,0.137664475143583,0.28988790383951,0.154178180346399,9.85595733844284
"RNAP",0.0636755852842809,0.528344099866534,0.848345923592944,0.950461771797399,4,1.2536036095334,12.6801804656006,0.611724572494218,3.23071561905959,0.137703718411805,0.288862839196094,0.154516224220019,9.86547093502836
"RNAP",0.0632725752508361,0.525000149867379,0.847542786330164,0.949561960476864,4,1.25372467342102,12.6862336691487,0.61230806339596,3.2275513037265,0.137743090043361,0.287834479227276,0.15485511674818,9.87502775361651
"RNAP",0.0628695652173913,0.521656199868224,0.846728897706924,0.948650103648915,4,1.25384637237016,12.6923186155295,0.612894329761319,3.22437524498196,0.13778257773432,0.286802862336127,0.15519477312691,9.88462977120377
"RNAP",0.0624665551839465,0.518312249869068,0.845904070894257,0.947725991995884,4,1.25396869046599,12.6984345205221,0.613483330697446,3.22118743773425,0.137822199163474,0.285767876716318,0.155535285250374,9.89427615541516
"RNAP",0.0620635451505017,0.514968299869913,0.845068216942912,0.946789525861652,4,1.25409163935019,12.7045819782978,0.614075132404673,3.21798738302474,0.137861937410519,0.284729543365307,0.155876548567617,9.90396805329858
"RNAP",0.0616605351170569,0.511624349870758,0.844221185764988,0.945840537092156,4,1.25421523365423,12.7107616874006,0.614669738631099,3.21477568956171,0.137901806992456,0.283687859708229,0.156218668773909,9.91370556061969
"RNAP",0.061257525083612,0.508280399871602,0.84336285051348,0.944878883571751,4,1.25433948258296,12.7169740365571,0.615267219208036,3.21155168182133,0.137941798662927,0.282642787699629,0.156561567968255,9.92348978735363
"RNAP",0.0608545150501672,0.504936449872447,0.842493038631221,0.943904371972472,4,1.25446435847409,12.723217917573,0.61586747426118,3.20831587415962,0.137981922944231,0.281594273492747,0.156905368325532,9.9333190310809
"RNAP",0.0604515050167224,0.501592499873292,0.841611654772238,0.942916895471501,4,1.25458989918337,12.7294950480321,0.616470651541726,3.20506760954522,0.138022174428791,0.280542340434494,0.157249947805408,9.94319577381109
"RNAP",0.0600484949832776,0.498248549874137,0.840718496877231,0.941916227687552,4,1.25471610331548,12.7358051667735,0.617076717277859,3.20180722133345,0.138062561760883,0.279486908100347,0.157595423930976,9.9531193901563
"RNAP",0.0596454849498328,0.494904599874981,0.83981346519031,0.940902256857068,4,1.25484297753815,12.7421488790461,0.617685718325983,3.19853447828631,0.138103075464625,0.278428009044937,0.157941738818777,9.96309076111553
"RNAP",0.059242474916388,0.491560649875826,0.838896392882275,0.939874796069529,4,1.2549705156063,12.7485257838175,0.618297662176784,3.19524906178067,0.138143721863038,0.277365572051196,0.15828889007753,9.97310978506255
"RNAP",0.0588394648829431,0.488216699876671,0.837967127612642,0.938833674647144,4,1.25509875810085,12.7549378982599,0.618912645733943,3.19195121614838,0.138184505498515,0.276299618161864,0.158636904953,9.98317832625787
"RNAP",0.0584364548494983,0.484872749877516,0.83702551169804,0.937778715926113,4,1.25522766662873,12.761383311619,0.619530574421082,3.18864076878559,0.138225424059803,0.275230076077065,0.158985814036872,9.99329455487767
"RNAP",0.0580334448160535,0.48152879987836,0.836071389020201,0.936709744996129,4,1.25535724370901,12.7678621895359,0.620151429365682,3.18531812352434,0.138266471052209,0.274156948360962,0.159335687510246,10.0034582371286
"RNAP",0.0576304347826087,0.478184849879205,0.835104593359141,0.935626575629221,4,1.25548756119937,12.7743780564992,0.620775507589591,3.18198203547903,0.138307662335216,0.273080193822807,0.159686342890963,10.0136743336963
"RNAP",0.0572274247491639,0.47484089988005,0.834124963763529,0.934529027500261,4,1.25561858033566,12.7809290091829,0.621402648172863,3.17863320930006,0.138348984590357,0.271999795835614,0.160037923464831,10.0239401358048
"RNAP",0.0568244147157191,0.471496949880894,0.833132355042338,0.9334169379415,4,1.2557502934532,12.787514604994,0.622032824132087,3.17527169340521,0.138390453901068,0.270915736411754,0.160390436106702,10.0342551151038
"RNAP",0.0564214046822742,0.468152999881739,0.832126524175487,0.932290034680403,4,1.25588270230234,12.7941351120298,0.622666058198879,3.17189741873669,0.138432064604268,0.269827918849542,0.160743953030759,10.0446196222915
"RNAP",0.0560183946488294,0.464809049882584,0.831107366910671,0.931148200915759,4,1.25601589448564,12.8007947186897,0.623302678061903,3.16850925497108,0.138473808990941,0.268736400345506,0.161098259703168,10.0550392265452
"RNAP",0.0556153846153846,0.461465099883429,0.830074684169044,0.929991213605494,4,1.25614980100563,12.8074900296739,0.623942418507734,3.16510812831132,0.138515702268655,0.267641111483638,0.161453544025299,10.0655093956778
"RNAP",0.0552123745819398,0.458121149884273,0.829028292618891,0.928818867350159,4,1.25628444158833,12.8142220860386,0.624585367200535,3.16169373807916,0.138557729222921,0.266542027722068,0.161809795667051,10.0760315451506
"RNAP",0.054809364548495,0.454777199885118,0.827968007785933,0.92763095547021,4,1.25641984331822,12.820992163018,0.62523163200734,3.15826559038639,0.138599909678206,0.265439107674025,0.162166947275062,10.0866074996815
"RNAP",0.0544063545150502,0.451433249885963,0.82689366922633,0.926427298209094,4,1.25655596392442,12.8277982150004,0.625881031956204,3.15482460345019,0.138642239021177,0.264332358022283,0.162525146981868,10.097234173975
"RNAP",0.0540033444816053,0.448089299886807,0.825805005051282,0.925207590950614,4,1.25669289949943,12.8346449739226,0.626533953536093,3.15136926290362,0.138684717171142,0.263221674616893,0.162884247989961,10.1079180884314
"RNAP",0.0536003344481605,0.444745349887652,0.824701895792323,0.92397169984582,4,1.25683055043948,12.8415275401679,0.627190015854738,3.14790092041149,0.138727344948733,0.262107080863572,0.163244432887616,10.1186527113149
"RNAP",0.0531973244147157,0.441401399888497,0.823584118879825,0.922719375534262,4,1.25696903558147,12.8484517830568,0.62784966870591,3.14441811939152,0.138770113466411,0.260988550828969,0.163605519119321,10.129445705595
"RNAP",0.0527943143812709,0.438057449889342,0.82245146612675,0.921450384769316,4,1.25710825892473,12.8554129692812,0.628512566896269,3.14092183896443,0.138813048313794,0.259866005912334,0.163967681068536,10.1402910735252
"RNAP",0.0523913043478261,0.434713499890186,0.821303732271856,0.920164497582337,4,1.25724833753623,12.8624168573267,0.629179138164417,3.13741078923353,0.13885613324372,0.258739452584541,0.164330740931832,10.1511961953958
"RNAP",0.0519882943143813,0.431369549891031,0.820140704046743,0.918861475033694,4,1.25738922206467,12.8694611031044,0.629849219443899,3.13388544051469,0.138899362456369,0.257608839067003,0.164694822593781,10.1621581340765
"RNAP",0.0515852842809365,0.428025599891876,0.818962163031363,0.917541072412001,4,1.25753089305788,12.8765446528257,0.63052271913547,3.13034621292191,0.138942757408363,0.256474121971724,0.165059998217121,10.1731753314322
"RNAP",0.0511822742474916,0.424681649892721,0.817767891867524,0.916203046195548,4,1.25767339126792,12.8836695660488,0.63119979153917,3.12679265061412,0.13898630882285,0.255335282746185,0.165426227696566,10.1842504236025
"RNAP",0.0507792642140468,0.421337699893565,0.816557662031144,0.914847140352685,4,1.25781669275907,12.8908346698225,0.63188037592284,3.12322467971878,0.139030022763486,0.254192255195001,0.16579354412145,10.1953822474916
"RNAP",0.050376254180602,0.41799374989441,0.815331240803302,0.913473094151994,4,1.25796088897792,12.8980444503491,0.632564778666983,3.11964173795819,0.139073897251233,0.253045046742539,0.166161866952381,10.2065760957062
"RNAP",0.0499732441471572,0.414649799895255,0.814088390169661,0.912080640929225,4,1.25810590516877,12.9052952602765,0.633252756126193,3.11604427272391,0.139117941123063,0.251893572509647,0.166531320511374,10.2178276671029
"RNAP",0.0495702341137124,0.411305849896099,0.812828879383678,0.910669522162752,4,1.25825179022728,12.9125895067582,0.633944499754276,3.11243159669014,0.139162130971946,0.25073781785989,0.16690181884083,10.2291402103398
"RNAP",0.0491672240802676,0.407961899896944,0.811552450644818,0.909239449020452,4,1.25839853305429,12.9199266530162,0.634639947258222,3.10880419679664,0.139206510712266,0.249577726118914,0.167273471284934,10.2405126272663
"RNAP",0.0487642140468227,0.404617949897789,0.810258862530452,0.907790151019526,4,1.25854616785084,12.9273083605678,0.635339235200716,3.10516153553201,0.139251052660521,0.248413276939032,0.167646219126198,10.2519472308424
"RNAP",0.0483612040133779,0.401273999898634,0.808947848217429,0.906321329219181,4,1.25869471272974,12.9347356362046,0.636042441934506,3.10150339789091,0.139295762901402,0.247244423384479,0.168020066723995,10.2634452977186
"RNAP",0.0479581939799331,0.397930049899478,0.807619156282098,0.904832701931766,4,1.25884414256974,12.9422071290053,0.63674948000671,3.09782993740612,0.139340646232037,0.246071111056101,0.168395083718766,10.2750052453228
"RNAP",0.0475551839464883,0.394586099900323,0.806272505689966,0.903323954294518,4,1.25899448382905,12.9497241941661,0.637460448866817,3.0941409099513,0.139385703696854,0.244893296257333,0.168771259174527,10.2866287428413
"RNAP",0.0471521739130435,0.391242149901168,0.804907628006991,0.901794785561848,4,1.25914574946742,12.9572874734096,0.638175400287738,3.09043615258712,0.139430937373021,0.243710939253237,0.169148603385316,10.2983166299624
"RNAP",0.0467491638795987,0.387898199902012,0.803524243378878,0.900244882193248,4,1.25929794949863,12.9648974790728,0.638894378415974,3.08671551625473,0.139476345664841,0.242523994059049,0.169527141861081,10.3100695944283
"RNAP",0.0463461538461538,0.384554249902857,0.802122063419048,0.898673921088898,4,1.25945109653412,12.9725548328173,0.639617430972951,3.08297887454388,0.139521938092384,0.241332414297552,0.16990686913413,10.3218884100536
"RNAP",0.045943143812709,0.381210299903702,0.800700794784677,0.89708157359614,4,1.25960519437988,12.980259729647,0.640344589458113,3.07922600112186,0.139567711832376,0.240136143300182,0.170287807622194,10.333773515208
"RNAP",0.0455401337792642,0.377866349904547,0.799260134324465,0.895467500073193,4,1.25976026875197,12.9880134495765,0.641075934546526,3.07545684506369,0.13961367146542,0.238935145262271,0.170669975851623,10.3457262995439
"RNAP",0.0451371237458194,0.374522399905391,0.797799776016811,0.893831357662474,4,1.25991632842198,12.9958164125428,0.641811508135227,3.07167121987888,0.139659818027414,0.237729367107318,0.171053389454822,10.3577473927938
"RNAP",0.0447341137123746,0.371178449906236,0.796319400679773,0.892172788761939,4,1.26007337962433,13.0036689809256,0.642551344144244,3.06786898016681,0.139706154588389,0.236518751693958,0.171438065360262,10.3698373198217
"RNAP",0.0443311036789298,0.367834499907081,0.794818691965017,0.89049143894424,4,1.26023145535951,13.0115727585745,0.643295574035278,3.06404966698037,0.139752681121987,0.235303253996852,0.171823977319674,10.3819982342258
"RNAP",0.043928093645485,0.364490549907926,0.793297316801674,0.88878693504659,4,1.26039052000111,13.0195260242774,0.644044062650445,3.06021379377688,0.139799406834936,0.23408280809478,0.172211246866632,10.3942277918281
"RNAP",0.0435250836120401,0.36114659990877,0.791754929320987,0.887058889567827,4,1.26055063912892,13.0275319530554,0.644797063821877,3.05636049002792,0.139846318105602,0.232857368382141,0.17259978963808,10.4065302290476
"RNAP",0.0431220735785953,0.357802649909615,0.790191191866244,0.885306924207321,4,1.26071180274294,13.0355901386324,0.64555454330983,3.05248991580838,0.139893436901413,0.231626876877651,0.172989661366186,10.4189049351434
"RNAP",0.0427190635451505,0.35445869991046,0.788605745507574,0.883530636830624,4,1.26087402998625,13.0437014839473,0.646316573742817,3.04860186290591,0.139940757837389,0.230391277609462,0.173380880360437,10.4313530715318
"RNAP",0.0423160535117057,0.351114749911304,0.786998227692691,0.881729621244837,4,1.26103736150202,13.05186807421,0.647083315690611,3.04469585033913,0.139988275813781,0.22915052501372,0.173773417876743,10.4438773263557
"RNAP",0.0419130434782609,0.347770799912149,0.785368265234052,0.879903459341636,4,1.26120175849041,13.060087927873,0.647854635886105,3.04077216739451,0.140036008670799,0.227904531106757,0.174167370190504,10.4564753033001
"RNAP",0.0415100334448161,0.344426849912994,0.783715465428469,0.878051711147941,4,1.26136727155921,13.0683635825052,0.64863072165226,3.03683034817137,0.140083945923336,0.226653248179056,0.174562716729781,10.4691501530133
"RNAP",0.0411070234113712,0.341082899913838,0.782039446548909,0.876173948988037,4,1.26153389864983,13.0766949325458,0.649411577630966,3.03287029297561,0.140132095528104,0.225396608575597,0.174959498927662,10.4819018540589
"RNAP",0.0407040133779264,0.337738949914683,0.780339801384648,0.874269716635026,4,1.26170166585077,13.0850832925955,0.650197303677782,3.02889173614446,0.140180461604417,0.224134551578349,0.175357709794486,10.4947320566785
"RNAP",0.0403010033444816,0.334394999915528,0.778616114746112,0.872338548922746,4,1.26187059164932,13.0935295799808,0.65098797339974,3.02489447390326,0.140229049974397,0.222867009347878,0.175757378744448,10.5076419243686
"RNAP",0.0398979933110368,0.331051049916373,0.776867965129148,0.870379973610368,4,1.26204068439643,13.1020342213961,0.651783624535236,3.02087835072965,0.140277855062847,0.221593915518066,0.176158533770574,10.5206320678827
"RNAP",0.039494983277592,0.327707099917217,0.775094913604665,0.868393498934671,4,1.26221196883225,13.1105984394309,0.652584359843322,3.01684306306519,0.14032688681586,0.22031519730808,0.176561187585408,10.5337040693232
"RNAP",0.0390919732441472,0.324363149918062,0.773296515323934,0.866378626500249,4,1.26238446021357,13.1192229949837,0.653390237840937,3.0127884265382,0.140376142522666,0.219030787794269,0.17696535963426,10.5468589190013
"RNAP",0.0386889632107024,0.321019199918907,0.771472304344076,0.864334834278434,4,1.26255817639407,13.1279088207659,0.654201346847514,3.00871408757662,0.140425629345776,0.217740602202063,0.177371074444034,10.5600979476529
"RNAP",0.0382859531772575,0.317675249919752,0.76962181293326,0.862261598236266,4,1.26273312457328,13.1366562115892,0.65501769336191,3.00462022822042,0.140475361112334,0.216444572556322,0.177778396045881,10.5734212636988
"RNAP",0.0378829431438127,0.314331299920596,0.767744550460931,0.860158368685727,4,1.26290934920988,13.1454674481914,0.655839477658033,3.00050602931418,0.140525318150906,0.215142623366083,0.178187276666532,10.5868321190092
"RNAP",0.0374799331103679,0.310987349921441,0.765840021857341,0.858024590965266,4,1.2630868710446,13.1543435525214,0.656666767485981,2.99637142129652,0.140575525954678,0.213834678127157,0.178597754997718,10.6003316289904
"RNAP",0.0370769230769231,0.307643399922286,0.763907721831634,0.855859698961897,4,1.26326566275346,13.1632831399241,0.657499469860678,2.99221669691309,0.140625970945136,0.212520650653731,0.179009952564564,10.6139180513534
"RNAP",0.0366739130434783,0.30429944992313,0.761947097206775,0.853663072912371,4,1.26344581453375,13.1722907457798,0.658337934186183,2.98804067084191,0.14067667744488,0.211200453505707,0.179423733689161,10.6275973376175
"RNAP",0.0362709030100335,0.300955499923975,0.75995763743538,0.851434140814446,4,1.26362729458972,13.1813647301528,0.65918204910251,2.98384378188005,0.140727626152346,0.209874012193872,0.179839260177705,10.641367330754
"RNAP",0.0358678929765886,0.29761154992482,0.757938746995899,0.849172235463329,4,1.26381014426882,13.1905071778696,0.660031974174495,2.97962549395576,0.140778836415335,0.20854121755371,0.180256506964811,10.6552307489341
"RNAP",0.0354648829431438,0.294267599925665,0.755889870187594,0.846876734268287,4,1.26399438354962,13.1997191774188,0.660887799219385,2.97538554425126,0.140830314531851,0.207201990175569,0.180675508755655,10.6691889954532
"RNAP",0.035061872909699,0.290923649926509,0.753810420851855,0.84454698051449,4,1.26418005183953,13.2090025881451,0.66174967788027,2.9711234413203,0.140882049098873,0.205856249132301,0.181096251376509,10.6832445336635
"RNAP",0.0346588628762542,0.287579699927354,0.751699768465019,0.842182267781806,4,1.26436712218327,13.2183561112614,0.662617514027764,2.9668395542304,0.140934056037312,0.204503868484361,0.181518898599505,10.6973956050791
"RNAP",0.0342558528428094,0.284235749928199,0.749557300541242,0.839781909859147,4,1.26455568401369,13.2277842100005,0.663491646822816,2.96253286849246,0.140986339993529,0.203144782916141,0.181943335090999,10.7116479259231
"RNAP",0.0338528428093646,0.280891799929044,0.747382353233398,0.837345162991755,4,1.26474572367773,13.2372861824478,0.664372044984516,2.95820334147099,0.141038910443426,0.201778860257646,0.182369659783461,10.7260007918397
"RNAP",0.0334498327759197,0.277547849929888,0.74517426714536,0.834871288411643,4,1.26493727645986,13.2468638472288,0.66525886374677,2.95385044555428,0.141091753156725,0.200406008927496,0.182797867556934,10.7404566637752
"RNAP",0.0330468227424749,0.274203899930733,0.74293234540306,0.832359505361644,4,1.26513037227795,13.256518597634,0.666152184479109,2.94947427017206,0.141144893708832,0.199026123712186,0.183228059963888,10.7550168852822
"RNAP",0.0326438127090301,0.270859949931578,0.740655873052432,0.829809012828289,4,1.26532503688886,13.2662518591998,0.667052161434429,2.94507395197017,0.141198323078919,0.197639080976634,0.183660195065025,10.7696838416844
"RNAP",0.0322408026755853,0.267515999932422,0.738344109530925,0.827218981107122,4,1.26552129864666,13.276064934464,0.667958857612459,2.94064977644855,0.141252062594966,0.196244777405339,0.184094392467077,10.7844585851015
"RNAP",0.0318377926421405,0.264172049933267,0.735996322251678,0.824588589429414,4,1.26571919067492,13.2859595563114,0.668872461185363,2.93620066563955,0.141306097434689,0.194843094744783,0.184530602907693,10.7993440509993
"RNAP",0.0314347826086957,0.260828099934112,0.73361168299074,0.821916909877458,4,1.26591873800186,13.2959369045251,0.669793034250838,2.93172687560831,0.141360449989391,0.193433898267736,0.184968949199219,10.8143411886231
"RNAP",0.0310317725752508,0.257484149934957,0.731189406335481,0.819203062498089,4,1.26611997843119,13.305998914829,0.670720764708436,2.92722745264086,0.141415118242845,0.192017064853414,0.185409392529602,10.829453006177
"RNAP",0.030628762541806,0.254140199935801,0.728728647859346,0.816446101220681,4,1.26632296275915,13.3161481376245,0.671655828338886,2.92270218211542,0.141470111216578,0.190592479943683,0.185851983945674,10.8446823895389
"RNAP",0.0302257525083612,0.250796249936646,0.726228545179296,0.813645059856692,4,1.26652768723181,13.3263843634733,0.672598235562181,2.91815090696494,0.141525438470058,0.189159992820973,0.186296817880765,10.8600292660192
"RNAP",0.0298227424749164,0.247452299937491,0.723688180851815,0.810798910529442,4,1.26673421818566,13.3367109050224,0.673548237041045,2.91357295933096,0.141581099483667,0.187719468765941,0.186743908148899,10.8754977947283
"RNAP",0.0294197324414716,0.244108349938335,0.721106645924148,0.807906634875054,4,1.26694256818628,13.3471284204118,0.674505908452526,2.90896802291842,0.141637106067653,0.186270762803544,0.187193316864853,10.8910889739883
"RNAP",0.0290167224080268,0.24076439993918,0.718482962071135,0.80496713680685,4,1.26715278621108,13.3576393074846,0.675471438721813,2.90433552043487,0.141693462061081,0.184813722662775,0.187645069491112,10.9068059046185
"RNAP",0.0286137123745819,0.237420449940025,0.715816109834244,0.801979274153532,4,1.26736490978255,13.3682454551253,0.676444977979763,2.89967513215395,0.141750179882215,0.183348185276006,0.188099249422151,10.9226508816208
"RNAP",0.0282107023411371,0.23407649994087,0.713105099868084,0.798941938481683,4,1.26757897884149,13.3789489422185,0.677426700484692,2.8949862420187,0.141807259145467,0.181874016068134,0.188555868438167,10.9386267149668
"RNAP",0.0278076923076923,0.230732549941714,0.710348835215787,0.795853900793154,4,1.26779503761411,13.3897518940625,0.678416789989654,2.89026825309116,0.141864707415937,0.180391034175575,0.189014982115019,10.9547362311518
"RNAP",0.0274046822742475,0.227388599942559,0.707546178712474,0.792713887041928,4,1.26801312982479,13.4006564926972,0.67941539647537,2.88552103412072,0.141922548632522,0.178899064074025,0.189476707110646,10.9709818320418
"RNAP",0.0270016722408027,0.224044649943404,0.704696012344702,0.789520644638691,4,1.26823330025368,13.4116650148303,0.680422753457577,2.88074335497242,0.141980770913599,0.177397936850486,0.189940972389736,10.9873671728029
"RNAP",0.0265986622073579,0.220700699944248,0.701797085180015,0.786272772075586,4,1.26845560250224,13.4227801260752,0.68143903352367,2.87593523172745,0.142039401482344,0.175887457033406,0.190407957057759,11.003895002521
"RNAP",0.0261956521739131,0.217356749945093,0.698848184319989,0.782968910456961,4,1.26868008638452,13.4340043214359,0.682464456638701,2.87109583710096,0.142098436704376,0.174367451841871,0.190877656631534,11.020568786497
"RNAP",0.0257926421404682,0.214012799945938,0.695848000474212,0.779607592892426,4,1.26890678153339,13.4453390924361,0.683499155765796,2.86622476767853,0.142157886738156,0.172837709367928,0.191350189575836,11.0373904882378
"RNAP",0.0253896321070234,0.210668849946783,0.692795155971805,0.776187275880127,4,1.26913577958757,13.4567889798637,0.684543482999878,2.86132103344839,0.142217772780731,0.171298024166334,0.191825540005162,11.0543658635467
"RNAP",0.0249866220735786,0.207324899947627,0.689688265814548,0.772706407708874,4,1.26936709498549,13.4683547479239,0.685597517610189,2.85638445273769,0.142278097033752,0.169748182982602,0.192303872536201,11.0714958900545
"RNAP",0.0245836120401338,0.203980949948472,0.686525854186434,0.769163334917907,4,1.26960079812981,13.4800399102102,0.686661548706854,2.85141408613619,0.14233886850377,0.168187961593769,0.192785210797726,11.0887852044622
"RNAP",0.024180602006689,0.200636999949317,0.683306375306956,0.7655563256603,4,1.26983696365965,13.4918481691268,0.687735864317996,2.84640920159853,0.142400103925461,0.166617127164726,0.193269629594424,11.1062384200353
"RNAP",0.0237775919732442,0.197293049950162,0.68002826445112,0.761883626864283,4,1.27007564671762,13.5037823486635,0.688820707541048,2.84136905420563,0.142461804506629,0.165035453851927,0.193757189602823,11.1238592562196
"RNAP",0.0233745819397993,0.193949099951006,0.676689800503373,0.758143310242711,4,1.27031689950917,13.5158449761438,0.689916283387198,2.83629311884049,0.142524003161742,0.163442655567165,0.194248036840003,11.1416508655784
"RNAP",0.0229715719063545,0.190605149951851,0.673289272653774,0.754333459054544,4,1.27056078774428,13.5280394050717,0.691022886283945,2.83118034479403,0.142586691694999,0.161838484971138,0.194742197642587,11.159617841784
"RNAP",0.0225685618729097,0.187261199952696,0.669824824214145,0.750451993121067,4,1.27080743361199,13.5403716806934,0.692140957214601,2.82602983488778,0.142649899921955,0.160222674578797,0.195239754110442,11.1777674175916
"RNAP",0.0221655518394649,0.18391724995354,0.666294594330405,0.746496827596205,4,1.27105683745625,13.5528418792819,0.693270568873281,2.82084101871713,0.142713629291374,0.158594928066824,0.19574084546874,11.1961002438986
"RNAP",0.0217625418060201,0.180573299954385,0.662696552657615,0.742465687741325,4,1.27130912953121,13.5654564780859,0.694412190012545,2.81561304692572,0.142777901625497,0.156954959171622,0.196245585324348,11.2146239579381
"RNAP",0.0213595317725753,0.17722934995523,0.659028588102054,0.738356208349235,4,1.27156438529479,13.5782192642161,0.695566179938561,2.81034433139435,0.14284273281365,0.155302429182126,0.196753968384496,11.2333441422236
"RNAP",0.0209565217391304,0.173885399956075,0.655288534542805,0.734165962561897,4,1.27182266439336,13.5911332205719,0.69673275394226,2.8050347598529,0.142908136587704,0.153637029554545,0.197266243264528,11.2522640171821
"RNAP",0.0205535117056856,0.170541449956919,0.651474068152427,0.729892346831529,4,1.27208410629225,13.6042053149553,0.697912499598135,2.79968221796222,0.142974129338726,0.151958412109987,0.19778233516102,11.2713930385808
"RNAP",0.0201505016722408,0.167197499957764,0.647582761581475,0.725532641627348,4,1.27234875680483,13.6174378427747,0.699105578064922,2.7942868477901,0.143040731875515,0.150266212889217,0.198302589803861,11.2907334328018
"RNAP",0.019747491638796,0.163853549958609,0.643612064473559,0.721083989605214,4,1.27261673618495,13.6308368089837,0.700312515871449,2.78884670171017,0.143107966689276,0.14856004666497,0.198826974841049,11.310293473925
"RNAP",0.0193444816053512,0.160509599959454,0.639559288192178,0.716543378496027,4,1.27288815838316,13.6444079193082,0.701533751385082,2.78336078543194,0.143175850528584,0.146839522837746,0.199355663156202,11.330080136717
"RNAP",0.0189414715719064,0.157165649960298,0.635421599843663,0.711907634409206,4,1.27316309463639,13.6581547296827,0.702769570930851,2.77782860738074,0.143244410691996,0.145104215879517,0.199888908817242,11.3500976154033
"RNAP",0.0185384615384615,0.153821699961143,0.631196011867198,0.707173410169657,4,1.27344176043458,13.6720880217223,0.704020905468554,2.77224657406708,0.143313643395563,0.143353690807025,0.200426510680592,11.3703609026498
"RNAP",0.0181354515050167,0.150477749961988,0.626879359680349,0.702337160272481,4,1.27372416522446,13.686208260352,0.705287757187098,2.76661566900636,0.14338360346596,0.141587463782398,0.200968989521563,11.3908694094192
"RNAP",0.0177324414715719,0.147133799962832,0.622468311201185,0.697395151551281,4,1.27401048863082,13.7005244352554,0.706570853877748,2.76093371760116,0.143454307990439,0.139805057219626,0.201516389401167,11.4116347668466
"RNAP",0.0173294314381271,0.143789849963677,0.61795933486483,0.692343427344847,4,1.27430089523818,13.715044758728,0.70787086049554,2.75519887642178,0.14352577398617,0.138005960457373,0.202068838975593,11.4326674530466
"RNAP",0.0169264214046823,0.140445899964522,0.613348655468735,0.687177758027497,4,1.27459549455116,13.7297747262124,0.709188266359326,2.74940960132275,0.143598048148634,0.136189591416036,0.202626541538809,11.4539747512061
"RNAP",0.0165234113712375,0.137101949965366,0.608632319485206,0.681893714183317,4,1.27489445675856,13.7447228379377,0.710523718370944,2.74356460096535,0.143671132526053,0.134355397894233,0.203189764032577,11.475566890187
"RNAP",0.0161204013377926,0.133757999966211,0.603806105514352,0.676486566280274,4,1.27519797869532,13.7598989384125,0.711878062069302,2.73766094239569,0.143745090055714,0.132502752493151,0.203758500912881,11.4974571241714
"RNAP",0.0157173913043478,0.130414049967056,0.598865466633784,0.670951220080521,4,1.27550619982985,13.7753100199668,0.713251835767984,2.7316978489077,0.143819936213512,0.130630987681907,0.20433320103506,11.5196535542403
"RNAP",0.015314381270903,0.127070099967901,0.593805627282953,0.665282325186757,4,1.27581929422977,13.7909647007449,0.714645773014235,2.72567313855804,0.14389571179117,0.128739402025112,0.204914075252843,11.5421673965852
"RNAP",0.0149113712374582,0.123726149968745,0.588621422085926,0.659474094464013,4,1.27613753959904,13.8068769779063,0.716060973839932,2.7195838931567,0.143972461427794,0.126827260617699,0.205501228761271,11.5650162620188
"RNAP",0.0145083612040134,0.12038219996959,0.583307403380424,0.653520424512015,4,1.2764610890803,13.8230544564013,0.717498083949315,2.71342859347553,0.144050230491731,0.124893764727823,0.206095067087162,11.5882096240292
"RNAP",0.0141053511705686,0.117038249970435,0.577857710160285,0.647414748832183,4,1.27679020138007,13.8395100629756,0.718958199468511,2.70720375296836,0.144129031648767,0.122938068840718,0.20669573286182,11.6117645803313
"RNAP",0.0137023411371237,0.11369429997128,0.572265905657881,0.641149855859762,4,1.27712510233494,13.8562551167967,0.72044221463574,2.70090755786968,0.144208949355867,0.120959215171795,0.207303688940486,11.6356947560588
"RNAP",0.0132993311036789,0.110350349972124,0.56652530765018,0.634718259028993,4,1.27746613422472,13.8733067184849,0.721951454407595,2.69453687318379,0.144290030697479,0.118956293863946,0.207919167276554,11.6600212353589
"RNAP",0.0128963210702341,0.107006399972969,0.56062854678229,0.628111701931832,4,1.2778135397706,13.8906769927606,0.723486992479744,2.68808838612145,0.144372313047001,0.11692821085203,0.20854253259211,11.6847600605461
"RNAP",0.0124933110367893,0.103662449973814,0.554567693559631,0.621321300596237,4,1.27816762542656,13.9083812757461,0.725050062279324,2.68155918526829,0.14445587265115,0.114873826734769,0.209174216181817,11.7099302009948
"RNAP",0.0120903010033445,0.100318499974658,0.548334171452482,0.61433744613106,4,1.27852872943665,13.9264364715103,0.72664204505496,2.67494577164579,0.144540777417685,0.112791912043772,0.209814645934776,11.7355528734479
"RNAP",0.0116872909698997,0.0969745499755032,0.541918653305404,0.607149688666222,4,1.27889726123698,13.944863062405,0.728264609857127,2.66824375428022,0.144627098424205,0.110681138235727,0.210464194033579,11.7616539597648
"RNAP",0.0112842809364549,0.0936305999763478,0.53531099459029,0.599746662571393,4,1.27927364685572,13.9636823363125,0.729919429313059,2.66144947941345,0.144714908937166,0.108540075733487,0.211123427260543,11.7882594180336
"RNAP",0.01088127090301,0.0902866499771926,0.528500095129455,0.592115931534623,4,1.27965832230207,13.9829161151493,0.731608343129968,2.65455783840613,0.144804292497984,0.106367127447582,0.211792823958496,11.8153972560927
"RNAP",0.0104782608695652,0.0869426999780374,0.521473820434498,0.58424390043271,4,1.28005173855323,14.0025869276997,0.733333194343045,2.64756442902264,0.144895355596466,0.104160563870675,0.212473036457349,11.8430954560562
"RNAP",0.0100752508361204,0.083598749978882,0.514218809212877,0.576115599667254,4,1.28045446691086,14.0227233417416,0.73509629086989,2.64046363451224,0.144988195136226,0.101918499199023,0.213164706362705,11.8713895940547
"RNAP",0.00967224080267559,0.0802547999797268,0.506720336796657,0.56771453215424,4,1.28086710877592,14.0433554388712,0.736900082883297,2.63324952304391,0.145082934111667,0.0996388541822495,0.21386853007024,11.9003171245561
"RNAP",0.00926923076923078,0.0769108499805715,0.498962081447995,0.559022411499596,4,1.28129036494653,14.0645182504827,0.738747389552363,2.62591536596996,0.145179690537971,0.0973193367179681,0.214585296191672,11.9299214982678
"RNAP",0.00886622073578595,0.0735668999814162,0.490925907336327,0.550018918853224,4,1.2817249792795,14.0862489678949,0.740641275385419,2.61845349631755,0.145278618347139,0.0949573901629651,0.215315809120072,11.9602493643805
"RNAP",0.00846321070234114,0.0702229499822609,0.48259151995597,0.540681316849044,4,1.28217172762471,14.1085863807018,0.742584880481621,2.61085707194163,0.145379875002908,0.0925501583394652,0.216061281936907,11.9913481750167
"RNAP",0.00806020066889633,0.0668789999831057,0.473936171115424,0.530984119083692,4,1.28263156508149,14.1315782551403,0.744582124456359,2.60311639282862,0.145483633579017,0.0900944591681232,0.216822684349963,12.023277706266
"RNAP",0.00765719063545151,0.0635350499839503,0.464934150900573,0.520898520927075,4,1.28310566586726,14.1552832936126,0.746637702404774,2.59522073530971,0.145590109634463,0.0875867290831966,0.217601186995612,12.0561102021516
"RNAP",0.00725418060200669,0.0601910999847951,0.455556265109773,0.51039181405603,4,1.28359514762266,14.1797573670219,0.748756181786157,2.5871600442212,0.145699547432377,0.0850228852486886,0.218398432741902,12.0899141989792
"RNAP",0.00685117056856188,0.0568471499856398,0.44576910896024,0.499426572736373,4,1.28410142438541,14.2050712198058,0.750943371109723,2.57892045828822,0.145812194172497,0.082398284427839,0.219215930622333,12.1247777065994
"RNAP",0.00644816053511707,0.0535031999864846,0.43553423499233,0.48795972156738,4,1.28462616950194,14.2313084751402,0.753205954630366,2.57048778877154,0.145928379653534,0.079707627618682,0.220055634217984,12.1608024806723
"RNAP",0.00604515050167224,0.0501592499873292,0.42480695381853,0.475941191876287,4,1.28517130059349,14.2585650237404,0.75555178753804,2.56184381678588,0.146048459580056,0.0769447373498433,0.220919594456429,12.1981072105669
"RNAP",0.00564214046822743,0.046815299988174,0.4135348864957,0.463312299838825,4,1.2857389342863,14.2869467142921,0.757989481608365,2.5529705413312,0.146172874869841,0.0741023898430133,0.221810664422136,12.2368206795313
"RNAP",0.00523913043478262,0.0434713499890187,0.401655917332961,0.450003452865499,4,1.28633189652886,14.3165948273264,0.760530383642986,2.54384375757885,0.146302134716119,0.0711720920577162,0.222731806818864,12.2771150716146
"RNAP",0.0048361204013378,0.0401273999898634,0.389095594655692,0.435931237494176,4,1.28695337417325,14.3476687027515,0.763187520876829,2.53443525279013,0.146436859395544,0.0681436458218836,0.22368660593872,12.3191854454131
"RNAP",0.00443311036789298,0.0367834499907081,0.375763308736211,0.420994137256255,4,1.28760742330248,14.3803711641607,0.765977230213792,2.52471172935104,0.146577806329153,0.0650047198671459,0.224679594446539,12.3632774476084
"RNAP",0.00403010033444817,0.0334394999915529,0.361547046136708,0.405066655597082,4,1.28829890023924,14.4149450120281,0.768919255349297,2.51463336487329,0.146725926615499,0.061740078640202,0.225716545569143,12.4096850112868
"RNAP",0.00362709030100335,0.0300955499923975,0.346305556352233,0.387990539613603,4,1.28903414340943,14.451707170691,0.77203924594536,2.50414951901213,0.146882440584277,0.0583306059304469,0.226804573249734,12.4587904615532
"RNAP",0.00322408026755854,0.0267515999932423,0.329856459683369,0.369561456465375,4,1.28982160616641,14.491080302164,0.775371345976869,2.49319349635597,0.147048922297684,0.0547517279898337,0.227952567884672,12.5111028780967
"RNAP",0.00282107023411372,0.023407649994087,0.311957463263046,0.34950794836457,4,1.2906723049981,14.53361525005,0.778960160498849,2.48168271575127,0.147227482975515,0.0509708826931784,0.229173201418564,12.5672811041121
"RNAP",0.0024180602006689,0.0200636999949317,0.292274806922045,0.327456080253604,4,1.2916020099342,14.5801004968344,0.782869392432906,2.46950126391417,0.147421102206845,0.0469434498088676,0.23048334561299,12.6282659168869
"RNAP",0.00201505016722409,0.0167197499957764,0.270326252666209,0.302865566895515,4,1.29263378505657,14.6316892527805,0.787192204302376,2.45648758285783,0.147634152439091,0.0426052273601188,0.231908045996887,12.6954249292503
"RNAP",0.00161204013377927,0.0133757999966212,0.245368942145537,0.274904131687207,4,1.29380402530726,14.6902012634568,0.792075595796295,2.44239862067143,0.147873465674913,0.0378578148345954,0.233486313671272,12.77090387938
"RNAP",0.00120903010033446,0.010031849997466,0.216147321050675,0.242165088582026,4,1.29517655558204,14.7588277774959,0.797777006218522,2.42683312982687,0.148150966606816,0.0325358821486849,0.23528446432219,12.8584397932579
"RNAP",0.000806020066889637,0.0066878999983106,0.180201915752033,0.201892915806766,4,1.29688121105614,14.8440605529674,0.804820153054567,2.40904610549041,0.14849079220617,0.0263176894173514,0.23743656680598,12.9655604143431
"RNAP",0.000403010033444826,0.00334394999915536,0.131148114318434,0.146934482310069,4,1.29927964400819,14.9639822005461,0.814662964292521,2.38722240406283,0.148959071095324,0.0183753918646573,0.240300649784804,13.1129638890388
"RNAP",0.1205,0.999841049747429,0.892561849555007,0.999999992189355,4,1.24110411494566,12.0552057470139,0.550055197368883,3.58184441845918,0.133135424776058,0.407426192326464,0.112934403764938,8.85401230650805
"RNAP",0.1225,1.01643592194241,0.892527568059038,0.999961584211557,4,1.24078959661925,12.0394797820374,0.548465419291316,3.5913204611177,0.133004690642915,0.410798270089902,0.11165761398686,8.82791370749416
"RNAP",0.1245,1.03303079413738,0.892425096407924,0.999846777993517,4,1.24048152638947,12.0240763103847,0.546906352451656,3.60063361647204,0.132875709383511,0.414124833310801,0.110391525665371,8.80231861038366
"RNAP",0.1265,1.04962566633236,0.89225694171897,0.99965838243558,4,1.24017996058136,12.0089980724884,0.545378369609632,3.60978053179673,0.132748529163869,0.417404621165307,0.109136651383751,8.77723329432147
"RNAP",0.1285,1.06622053852734,0.892025496784012,0.999399078351201,4,1.23988475966708,11.9942379737859,0.543880865572299,3.61876363693279,0.132623125854584,0.420638156693022,0.107892974498093,8.75264786079612
"RNAP",0.1305,1.08281541072232,0.89173297081119,0.999071340872075,4,1.23959571471532,11.9797857341122,0.542412897488295,3.62758746784583,0.132499486561554,0.423826656674548,0.106660197747226,8.72854689145272
"RNAP",0.1325,1.0994102829173,0.89138179331572,0.998677891955451,4,1.2393129591078,11.9656480619963,0.540975247817508,3.6362462342235,0.132377667259872,0.426968129028242,0.105439076824615,8.70494332581093
"RNAP",0.1345,1.11600515511228,0.890973818001276,0.998220808436297,4,1.23903612664178,11.9518063351328,0.539566129482824,3.64474957175222,0.13225757412908,0.430065456597099,0.104228763940718,8.68180783799034
"RNAP",0.1365,1.13260002730725,0.890511130317059,0.997702426790438,4,1.23876518080884,11.9382590458363,0.538185501157158,3.65309656365333,0.132139224605062,0.433118202187173,0.103029489801092,8.65913978032103
"RNAP",0.1405,1.16578977169721,0.88942922044747,0.996490286856743,4,1.2382405253829,11.9120262703321,0.53550778253972,3.66933018142872,0.131907709080232,0.439091737624094,0.100664020550848,8.61517458232432
"RNAP",0.1425,1.18238464389219,0.88881360553924,0.995800570055909,4,1.23798659844781,11.8993299270842,0.534209771474854,3.67722041623154,0.131794528043962,0.442013306978903,0.0994977767033271,8.59386238196204
"RNAP",0.1505,1.2487641326721,0.885892171924877,0.992527481929858,4,1.23702450686257,11.8512253397826,0.529279770276498,3.70731293268664,0.131358688059079,0.453273987827238,0.0949422734661053,8.51291485147192
"RNAP",0.1525,1.26535900486708,0.885054727960867,0.991589234392293,4,1.23679689718089,11.8398448786872,0.52811063538908,3.71447815740088,0.131253892541875,0.455984686365165,0.0938307148496094,8.49371823061274
"RNAP",0.1545,1.28195387706206,0.884177302963325,0.990606193283012,4,1.2365742644057,11.8287131875457,0.526966013322564,3.72150381754012,0.131150756461329,0.458654348195081,0.092730049317817,8.47492407437439
"RNAP",0.1565,1.29854874925703,0.883261228645683,0.989579850614498,4,1.2363565116163,11.8178255801236,0.52584549223298,3.72839172847766,0.131049250784492,0.461283359962705,0.0916402734076054,8.4565256401882
"RNAP",0.1585,1.31514362145201,0.882307790261361,0.988511646346803,4,1.23614355532537,11.8071778001486,0.52474869272989,3.73514361287039,0.13094936973645,0.46387208246462,0.0905613854118068,8.43851670898001
"RNAP",0.1605,1.33173849364699,0.881318217233953,0.987402957889895,4,1.23593530374514,11.7967651906089,0.523675198154749,3.74176133827426,0.130851103485074,0.466420903744072,0.0894933647133214,8.42089049574672
"RNAP",0.1625,1.34833336584197,0.880293696187943,0.986255114702872,4,1.23573166741067,11.7865833705374,0.522624616399615,3.74824673506706,0.130754443933669,0.468930200445365,0.0884362080078232,8.40364054137773
"RNAP",0.1805,1.49768721559677,0.869675850133583,0.974359192894517,4,1.23409290287763,11.7046451450726,0.514138415494111,3.80095167040203,0.129954619359921,0.489797504108242,0.0794084430464696,8.26430598828386
"RNAP",0.1825,1.51428208779175,0.868358319997804,0.972883070958378,4,1.23393088461184,11.6965442508224,0.51329636744529,3.80621174690066,0.129873305529581,0.491932495340603,0.07845915681967,8.25048105358379
"RNAP",0.1845,1.53087695998673,0.867016370660138,0.971379590468087,4,1.23377260412952,11.6886302201572,0.512473199166475,3.8113592041343,0.12979345380312,0.494032210224132,0.0775205500051995,8.23696628233487
"RNAP",0.1865,1.5474718321817,0.865650764944258,0.969849606068805,4,1.23361796582741,11.6808982979959,0.511668532268505,3.81639539100262,0.129715041716235,0.496096984375387,0.0765925755915421,8.22375532441672
"RNAP",0.1885,1.56406670437668,0.864262242926653,0.96829394692042,4,1.23346692530632,11.6733461877819,0.510882059914564,3.82132272955903,0.129638059187183,0.49812731989921,0.0756752306828519,8.21084330493134
"RNAP",0.1905,1.58066157657166,0.862851519727429,0.966713414222424,4,1.23331942777798,11.6659713728785,0.510113566256518,3.82614209936616,0.129562503607268,0.500123506368953,0.0747684163379475,8.19822668572435
"RNAP",0.1925,1.59725644876664,0.861419282871282,0.965108778257224,4,1.23317533609855,11.6587668012428,0.509362421580567,3.83085654283739,0.129488342052684,0.502086081352666,0.0738722045849145,8.18589498457433
"RNAP",0.1945,1.61385132096162,0.859966199273947,0.963480786217559,4,1.23303461767092,11.6517308603101,0.508628440915836,3.83546727483928,0.129415569888733,0.504015399593012,0.0729865018735741,8.17384527042264
"RNAP",0.1965,1.6304461931566,0.858492910253464,0.961830156617256,4,1.23289718974269,11.6448594902502,0.507911293662394,3.83997559753121,0.129344160456386,0.505911811538312,0.0721112555120701,8.16207197939369
"RNAP",0.1985,1.64704106535157,0.857000042646352,0.960157591745482,4,1.2327630233892,11.6381511505973,0.507210738303583,3.84438361676044,0.129274105550634,0.507775792448208,0.0712464203026204,8.15057134586629
"RNAP",0.2005,1.66363593754655,0.855488190327896,0.958463756962602,4,1.23263198948776,11.63159946637,0.506526200954695,3.84869415246221,0.129205385022999,0.509607867671692,0.0703920341979278,8.1393338128024
"RNAP",0.2025,1.68023080974153,0.853957935710554,0.956749304786372,4,1.23250405499453,11.6252027581729,0.505857560987344,3.85290742859018,0.12913798268622,0.511408268511532,0.0695479470886238,8.12835740791419
"RNAP",0.2045,1.69682568193651,0.852409841762169,0.955014865949372,4,1.23237915206641,11.6189575206623,0.505204435733959,3.85702596970523,0.129071892388286,0.513177507954577,0.0687141548544666,8.11763587019786
"RNAP",0.2065,1.71342055413149,0.850844447515593,0.953261044368123,4,1.2322572140628,11.6128606906038,0.504566529164342,3.86105140584981,0.129007080127297,0.514916009148128,0.0678905951852849,8.10716435437821
"RNAP",0.2085,1.73001542632646,0.849262277981287,0.951488428248873,4,1.23213818360813,11.6069091683944,0.503943545371607,3.86498532207704,0.128943536788671,0.516624169874794,0.0670772066865115,8.09693799167167
"RNAP",0.2105,1.74661029852144,0.847663837947341,0.949697583141323,4,1.23202198867962,11.6010993769594,0.503335153762991,3.86882941962128,0.128881245060639,0.518302404553535,0.0662739268571382,8.08695130150118
"RNAP",0.2125,1.76320517071642,0.846049628292044,0.947889070214747,4,1.23190855127459,11.5954277537257,0.502741015303467,3.87258550515652,0.128820182135895,0.519951139708518,0.0654807137965958,8.07719872171969
"RNAP",0.2145,1.7798000429114,0.844420097713564,0.946063392177349,4,1.23179783785412,11.5898918435521,0.502160830998323,3.87625580635302,0.128760339878256,0.521570896110089,0.0646975025282789,8.06767539949704
"RNAP",0.2705,2.24445646437078,0.794088771014591,0.889673657022362,4,1.22957813360331,11.4789066999972,0.490491234552397,3.95041403910473,0.12750548593383,0.556823239106848,0.046502747600091,7.87617689327145
"RNAP",0.2725,2.26105133656576,0.792165271649688,0.887518625019998,4,1.22952344602527,11.4761723072712,0.490203244555952,3.95224753587778,0.127473153850917,0.557779333818742,0.0459732071274203,7.87145253858927
"RNAP",0.2745,2.27764620876074,0.790235330481458,0.885356375811029,4,1.22947007331203,11.4735036662603,0.489922123463526,3.95403765230139,0.127441530602842,0.558718289317821,0.0454509918738889,7.86684106137281
"RNAP",0.2765,2.29424108095572,0.788299123240552,0.883187106278898,4,1.22941795201803,11.4708976768451,0.489647665519783,3.95578470350572,0.127410578870335,0.559640323140092,0.0449359911580396,7.86233891627924
"RNAP",0.2785,2.3108359531507,0.786356814611887,0.88101100093173,4,1.22936707492362,11.4683537437751,0.489379682260598,3.95749093510315,0.127380305881253,0.560545949177126,0.0444281327825354,7.85794317300892
"RNAP",0.2905,2.41040518632056,0.774583568397816,0.867820602834407,4,1.2290858665886,11.454293338505,0.487899011447289,3.96691181253429,0.127211886656835,0.565650598040221,0.0415251271627731,7.83365740587697
"RNAP",0.2925,2.42700005851554,0.772602817645025,0.865601428064269,4,1.22904274579888,11.4521372364994,0.487672062724244,3.96835448521055,0.127185894820262,0.566449344633506,0.0410644020540547,7.82993529157028
"RNAP",0.2965,2.4601898029055,0.768626633716432,0.861146628769947,4,1.22895948363861,11.4479741918383,0.487233870751288,3.97113956620119,0.127135573801607,0.568005051283451,0.0401619260018164,7.8227490111862
"RNAP",0.3005,2.49337954729545,0.764631693083184,0.856670815016494,4,1.22888002661791,11.4440013290966,0.486815779998562,3.97379568973523,0.127087376982915,0.569506774384419,0.0392841038197414,7.81589277132783
"RNAP",0.3025,2.50997441949043,0.762627484569931,0.854425358862842,4,1.22884162935409,11.4420811113006,0.486613789772366,3.97507802678121,0.127064053656686,0.570238142060101,0.0388542263716251,7.81258037651392
"RNAP",0.3085,2.55975903607537,0.756589237460495,0.847660284750293,4,1.22873162459381,11.4365812260737,0.486035448849142,3.97874713226272,0.126997028586785,0.57235683146726,0.0375995124818608,7.803096825525
"RNAP",0.3105,2.57635390827034,0.754568297967657,0.84539608370018,4,1.22869660361851,11.4348301862596,0.485851382707633,3.97991409361614,0.12697562928914,0.573038888533752,0.0371926409405759,7.80007867946756
"RNAP",0.3145,2.6095436526603,0.750514735559236,0.840854591837424,4,1.22862889914488,11.4314449500732,0.485495649255176,3.98216802412098,0.12693419043061,0.574368174110959,0.0363954155878137,7.7942459078042
"RNAP",0.3165,2.62613852485528,0.748482300585256,0.838577511589015,4,1.22859617603381,11.4298088271706,0.485323788769164,3.98325617951993,0.126914114279638,0.575015867085236,0.0360048912276899,7.79142807726404
"RNAP",0.3185,2.64273339705026,0.74644621768043,0.836296344306391,4,1.2285641902361,11.4282095149721,0.485155783829034,3.98431983511261,0.12689449674683,0.575652612810821,0.0356196496877912,7.78867361786119
"RNAP",0.3225,2.67592314144021,0.742363461563466,0.831722144672932,4,1.22850231164283,11.4251155902395,0.484830966814989,3.9863743758473,0.126856424788695,0.576894007855363,0.0348646767216866,7.78334824898976
"RNAP",0.3265,2.70911288583017,0.738266631550129,0.827132177060736,4,1.22844313269048,11.4221566461375,0.484520412784745,3.98833735959004,0.126819966190802,0.578094287645813,0.0341297547820976,7.77825709015704
"RNAP",0.3305,2.74230263022013,0.734157896402776,0.822528871287238,4,1.22838653313752,11.4193266568492,0.484223568525464,3.99021176972471,0.126784989543805,0.579254596020298,0.0334145128642727,7.77339088414551
"RNAP",0.3365,2.79208724680506,0.727971087464914,0.81559735288028,4,1.22830607290545,11.4153036125368,0.483801977772142,3.99286960943061,0.126735227552693,0.58092449200242,0.0323767622166036,7.76647996350835
"RNAP",0.3385,2.80868211900004,0.725902981158365,0.813280307522104,4,1.22828040450233,11.4140201830574,0.483667553134251,3.99371622573638,0.126719311524985,0.581462991647865,0.0320399385745797,7.76427654404192
"RNAP",0.3445,2.85846673558497,0.719681558262179,0.806310008656324,4,1.22820662093071,11.4103310550865,0.483281374947884,3.99614587961483,0.126673524074129,0.58302682564515,0.0310556677042699,7.75794681959254
"RNAP",0.3525,2.92484622436488,0.711351121541354,0.796976832854656,4,1.22811528881863,11.4057644441536,0.482803940172943,3.99914306806693,0.126616699645722,0.58499707292508,0.0298022219131302,7.75012194678364
"RNAP",0.3585,2.97463084094982,0.705077566875024,0.789948127089943,4,1.22805159782646,11.4025798344354,0.482471500880389,4.0012245626795,0.12657703560577,0.586394554530013,0.0289038067801327,7.74467378183276
"RNAP",0.3605,2.9912257131448,0.70298183646841,0.787600132504146,4,1.22803124987318,11.4015624781383,0.482365312831955,4.00188910135762,0.126564333906981,0.586845974949867,0.0286119467705038,7.74293371887334
"RNAP",0.3625,3.00782058533977,0.700883913683248,0.785249681642032,4,1.22801132032822,11.4005660191402,0.482261337968288,4.00253941699691,0.126551888507125,0.587290395027833,0.0283237899736741,7.74122996767777
"RNAP",0.3645,3.02441545753475,0.698783321827533,0.78289624043193,4,1.22799182474268,11.3995912376846,0.482159666016298,4.00317484498483,0.126539699955094,0.58772785478975,0.0280391773811554,7.73956402465724
"RNAP",0.3685,3.05760520192471,0.694577463141787,0.778184120308274,4,1.22795387355901,11.3976938588027,0.481962032520083,4.00440750861922,0.126516020445798,0.588582825392773,0.0274809301875579,7.73632551718801
"RNAP",0.3705,3.07420007411969,0.692471235768009,0.775824365229814,4,1.22793547029677,11.3967735075022,0.481866341177994,4.00500271000474,0.126504533708394,0.589000292338562,0.0272069722083467,7.7347573873477
"RNAP",0.3725,3.09079494631467,0.690363040336977,0.773462405198006,4,1.22791746497787,11.395873179176,0.481772570372112,4.00558719846792,0.126493302303212,0.589411733342161,0.0269364527891483,7.73322105309001
"RNAP",0.3745,3.10738981850964,0.68825291800398,0.771098286322023,4,1.22789980015094,11.3949900137873,0.481680695449926,4.00615891555562,0.126482237573362,0.589816921564,0.0266692911858304,7.73171570662272
"RNAP",0.3765,3.12398469070462,0.6861409101407,0.768732054953478,4,1.22788250105696,11.3941250248083,0.481590680287585,4.00671918672318,0.126471406503239,0.590216098650984,0.0264054401334507,7.73024098487321
"RNAP",0.3805,3.15717443509458,0.681911393863629,0.763993429561697,4,1.22784889814049,11.3924449066946,0.481416047022646,4.007804104637,0.126450369418406,0.590996490402933,0.0258874296700453,7.72737990761603
"RNAP",0.3825,3.17376930728956,0.67979396170099,0.761621120968005,4,1.22783258350962,11.3916291962284,0.481331316256377,4.00832986595907,0.126440166795262,0.591378023611862,0.0256331752998638,7.72599179282383
"RNAP",0.3845,3.19036417948453,0.677674793926229,0.759246867845641,4,1.22781658968206,11.3908292301376,0.48124826704285,4.00884473259589,0.126430147525508,0.591753928647521,0.0253820189233119,7.72463123196304
"RNAP",0.3865,3.20695905167951,0.675553923295477,0.756870706893609,4,1.22780087940339,11.3900439864375,0.481166864930841,4.00934824789826,0.126420342276679,0.592124151390316,0.025133901580199,7.72329758797397
"RNAP",0.3885,3.22355392387449,0.67343139345028,0.754492687006609,4,1.22778550847106,11.3892752931181,0.481087044316426,4.00984305947847,0.126410703026405,0.592489281490651,0.0248888090038427,7.72199011880253
"RNAP",0.3905,3.24014879606947,0.671307223708273,0.752112829827552,4,1.22777040011649,11.3885199710369,0.481008815398341,4.01032615664808,0.126401266555423,0.592848781302429,0.0246466456510814,7.72070852692449
"RNAP",0.3925,3.25674366826445,0.669181458791033,0.749731185461175,4,1.22775558996369,11.3877795104444,0.480932087650884,4.01080022120575,0.126391995663482,0.593203234365349,0.024407401843198,7.71945167094032
"RNAP",0.3965,3.2899334126544,0.66492525947267,0.744962665176288,4,1.22772681748941,11.386340849878,0.480783091445222,4.0117198825769,0.12637398167187,0.593896933195122,0.0239374521137895,7.7170110914099
"RNAP",0.4005,3.32312315704436,0.660663036684846,0.740187396373731,4,1.22769913917202,11.3849569161659,0.480639817526354,4.01260337701923,0.126356646219813,0.594571048420985,0.0234785906797346,7.71466450786811
"RNAP",0.4025,3.33971802923934,0.658529739617435,0.737797313208276,4,1.22768565371694,11.3842826828009,0.480570167797232,4.01303146674613,0.12634821423816,0.594900876438493,0.0232532065749433,7.71352364903918
"RNAP",0.4045,3.35631290143431,0.656395022987902,0.735405639607254,4,1.22767242853961,11.3836214200733,0.480501877593952,4.01345094146427,0.126339939225109,0.595226048574179,0.0230304625969825,7.71240511542779
"RNAP",0.4065,3.37290777362929,0.654258915798596,0.733012408064043,4,1.22765945205629,11.3829726896835,0.480434888395465,4.01386229506488,0.126331821129125,0.595546699727993,0.0228103218226543,7.71130794177914
"RNAP",0.4085,3.38950264582427,0.652121444011368,0.730617647665536,4,1.22764672411762,11.3823360915168,0.480369152279519,4.01426584999535,0.126323859810015,0.595862934601119,0.0225927453791068,7.71023137564562
"RNAP",0.4105,3.40609751801925,0.649982632987089,0.728221386825304,4,1.22763420865197,11.3817104872408,0.480304622196307,4.01466133555133,0.126316028773808,0.596174771847887,0.022377691087413,7.70917452539383
"RNAP",0.4125,3.42269239021423,0.647842506427714,0.72582365209832,4,1.22762194667627,11.3810974263542,0.480241362834886,4.01504914009532,0.126308344201677,0.596482323389438,0.0221651167440206,7.70813860426256
"RNAP",0.4145,3.4392872624092,0.645701093755442,0.723424476448348,4,1.22760988229661,11.3804940872481,0.480179213311395,4.0154291412581,0.12630081351396,0.596785582811723,0.0219549845825678,7.70712076405967
"RNAP",0.4205,3.48907187899414,0.639269361733824,0.716218553436303,4,1.22757501322927,11.3787506388847,0.479999693943141,4.01652570679455,0.126279016097547,0.597670866144619,0.0213388742075907,7.70418105129703
"RNAP",0.4225,3.50566675118912,0.637123031313567,0.713813868086416,4,1.22756380082774,11.3781900425124,0.479942032059871,4.01687725008044,0.126272006792614,0.597958027694067,0.0211381458632802,7.70323685715891
"RNAP",0.4245,3.52226162338409,0.63497552841793,0.711407869129666,4,1.22755276669571,11.3776383320783,0.479885328703432,4.01722251146956,0.126265116153439,0.59824141986496,0.0209396867859308,7.70230834117511
"RNAP",0.4265,3.53885649557907,0.632826874341554,0.709000580423943,4,1.22754196996503,11.3770985014153,0.479829847443418,4.01756021832876,0.126258360782606,0.5985208598535,0.0207434376235226,7.70139993605868
"RNAP",0.4285,3.55545136777405,0.630677090402931,0.706592025853854,4,1.227531334847,11.3765667257003,0.479775243750978,4.01789204074393,0.12625175867268,0.598796638918577,0.020549387583969,7.70050589165352
"RNAP",0.4325,3.58864111216401,0.626374213451392,0.701771209324361,4,1.22751063681301,11.3755318415749,0.479669042338229,4.01853679786588,0.126238813577935,0.599337404946204,0.0201677380266891,7.69876708822035
"RNAP",0.4385,3.63842572874894,0.619911922150439,0.694531048596339,4,1.22748088823241,11.374044412765,0.479516669969924,4.01945898808326,0.12622027096778,0.600122250438867,0.0196108933120343,7.696272410476
"RNAP",0.4425,3.6716154731389,0.615598628340689,0.689698561325893,4,1.22746186257829,11.373093128454,0.4794193766206,4.02004611850754,0.126208469756844,0.600628789273725,0.0192497308036282,7.69467956206852
"RNAP",0.4445,3.68821034533388,0.613440505896249,0.687280664539626,4,1.22745264556119,11.372632284749,0.479372223717074,4.02033074283678,0.1262027041656,0.60087709732031,0.0190720659227476,7.69390774180413
"RNAP",0.4465,3.70480521752885,0.611281421737116,0.684861690276559,4,1.22744356764265,11.3721783776254,0.479325786703651,4.02061095236223,0.126197038419344,0.601122387996864,0.0188963243701452,7.69314765589403
"RNAP",0.4485,3.72140008972383,0.609121393911581,0.682441658757465,4,1.22743460355924,11.3717301530174,0.479280084670425,4.02088529969796,0.126191490351168,0.601364408495114,0.018722463059837,7.69239944635711
"RNAP",0.4505,3.73799496191881,0.606960437655114,0.680020587051716,4,1.2274258083288,11.3712904149261,0.479235214181848,4.02115493581277,0.126186003683049,0.601603478148128,0.018550463027613,7.69166494114511
"RNAP",0.4565,3.78777957850374,0.600472159963227,0.672751311937119,4,1.22740028250516,11.370014122512,0.479105121887526,4.02193500397768,0.126170171170896,0.602302859020398,0.0180453337121892,7.68953555864441
"RNAP",0.4585,3.80437445069872,0.598307648200402,0.670326256746828,4,1.22739206827175,11.3696034159329,0.479063271606786,4.0221857218679,0.126165062076634,0.602530246491115,0.0178804926980409,7.68885063851538
"RNAP",0.4605,3.8209693228937,0.596142285118963,0.66790024776425,4,1.22738395823938,11.3691979078594,0.479022052367967,4.02243171531295,0.126160051936058,0.602754773522387,0.017717377358388,7.68817593843875
"RNAP",0.4625,3.83756419508868,0.593975543499468,0.665472694308262,4,1.2273760173576,11.3688008641255,0.478981630938938,4.02267344806429,0.126155108119704,0.602976652256032,0.0175559209977799,7.68751445018755
"RNAP",0.4645,3.85415906728366,0.591809063021604,0.66304543342766,4,1.22736815493275,11.3684076578762,0.47894176228577,4.02291039564318,0.126150273772735,0.603195606853353,0.0173962204644308,7.68686180373259
"RNAP",0.4665,3.87075393947863,0.589641229862989,0.660616657043409,4,1.22736044437862,11.3680222980208,0.478902623152054,4.02314353193167,0.126145499412282,0.6034120498913,0.017238132176508,7.68622126631782
"RNAP",0.4685,3.88734881167361,0.587472600935395,0.658186989103045,4,1.22735286795957,11.3676434021567,0.478864131183541,4.0233728557095,0.126140797991131,0.603625950445559,0.0170816761828702,7.68559137001865
"RNAP",0.4725,3.92053855606357,0.583133008450609,0.653325037572118,4,1.22733794855509,11.3668974272863,0.47878863447709,4.02381996143963,0.126131670319968,0.604046076875285,0.0167735641030127,7.68435559667508
"RNAP",0.4745,3.93713342825855,0.580962069840989,0.650892781932079,4,1.22733073351786,11.3665366763372,0.478752123896337,4.02403606345875,0.126127225931021,0.604252116277898,0.0166218377820943,7.68375810382848
"RNAP",0.4785,3.9703231726485,0.576617969242579,0.646025779643503,4,1.22731662617791,11.3658313164334,0.478680703509547,4.02445901017707,0.126118511341892,0.604657319080361,0.016322998321816,7.68258943980504
"RNAP",0.4805,3.98691804484348,0.574444288314806,0.643590451591023,4,1.22730980384863,11.3654901931432,0.478646116616972,4.02466412334249,0.126114260141175,0.604856256845084,0.0161757804820958,7.68202368329071
"RNAP",0.4825,4.00351291703846,0.572270985716706,0.641155547407959,4,1.22730298653679,11.3651493315372,0.478611691651803,4.02486709142077,0.12611008221283,0.605053005778934,0.0160301292302122,7.68146034476779
"RNAP",0.4905,4.06989240581837,0.563568720033401,0.631405785394633,4,1.22727691395045,11.3638456923291,0.478480112580144,4.0256415649142,0.126094054513299,0.60581708937399,0.0154616569293206,7.6793076076939
"RNAP",0.4925,4.08648727801335,0.561391491442392,0.628966482644814,4,1.22727065731307,11.3635327037317,0.478448516642576,4.0258274751882,0.126090197182304,0.606002764632258,0.0153230248958098,7.6787907849296
"RNAP",0.4945,4.10308215020833,0.559213617106094,0.626526456421003,4,1.22726438899991,11.3632194446194,0.478417177281929,4.02600934855321,0.126086430434771,0.606186095527889,0.0151857437881612,7.67827773669631
"RNAP",0.5005,4.15286676679326,0.552676223656732,0.619202153459186,4,1.22724645530648,11.3623227599096,0.478326877357447,4.02653829135444,0.126075407063521,0.606724244921914,0.0147818411458251,7.67680076588772
"RNAP",0.5025,4.16946163898824,0.550495865496323,0.61675934443204,4,1.22724055731292,11.3620278663915,0.47829737056551,4.02670939623472,0.126071867412876,0.606899693677523,0.014649804625739,7.67631787649403
"RNAP",0.5045,4.18605651118322,0.548314911203949,0.614315867516209,4,1.22723481671203,11.3617408373471,0.478268598831663,4.02687658025885,0.126068397493476,0.607072998713131,0.0145190175903097,7.67584720979451
"RNAP",0.5065,4.2026513833782,0.546133371474465,0.611871734693892,4,1.22722915705,11.3614578532899,0.478240188502532,4.02704215460648,0.126064892649667,0.607244701128757,0.0143894930317756,7.67538249457056
"RNAP",0.5125,4.25243599996313,0.539585308337115,0.604535477728093,4,1.22721280043429,11.3606400361729,0.478158185275466,4.0275185404753,0.12605490063106,0.607747639682863,0.0140081848664868,7.67404144049488
"RNAP",0.5145,4.26903087215811,0.537401503566217,0.602088807220127,4,1.22720741347544,11.3603706812447,0.478131326179318,4.02767324284254,0.126051654409694,0.607911834806344,0.0138834819114831,7.67360197448275
"RNAP",0.5185,4.30222061654806,0.533032266362723,0.597193642619999,4,1.22719703787062,11.359851924293,0.478079420569415,4.02797350655667,0.126045356740024,0.608234630412401,0.0136375339741948,7.67275321085326
"RNAP",0.5205,4.31881548874304,0.530846849249108,0.594745165690769,4,1.227191904254,11.3595953704135,0.47805393952717,4.02811918576071,0.126042293739013,0.608393251871173,0.0135162675492858,7.67233628923611
"RNAP",0.5225,4.33541036093802,0.528660913869884,0.592296108112025,4,1.22718685560411,11.3593426209303,0.478028679542128,4.0282650074064,0.126039236907502,0.608550686928013,0.0133961414456965,7.6719232283594
"RNAP",0.5265,4.36860010532798,0.524287503298006,0.587396267792948,4,1.22717699115079,11.3588495384654,0.477979667880807,4.02854544797771,0.12603326459803,0.608859793076316,0.0131591590872197,7.67112152098053
"RNAP",0.5285,4.38519497752295,0.522100048119339,0.584945507475698,4,1.22717218139952,11.3586090135546,0.477955736560758,4.02868249271958,0.126030365042478,0.609011925817651,0.0130422906426165,7.67073017123572
"RNAP",0.5305,4.40178984971793,0.51991209985387,0.582494194718525,4,1.22716740968005,11.3583704868511,0.477931981876285,4.02881867936789,0.12602752685471,0.609162679252211,0.0129264948078888,7.67034175229543
"RNAP",0.5345,4.43497959410789,0.515534757134304,0.577589948937061,4,1.22715810392373,11.3579051687393,0.47788580054815,4.02908197677829,0.126021901877692,0.609459097436173,0.0126980210640761,7.66958652054339
"RNAP",0.5365,4.45157446630287,0.513345375752591,0.575137030558683,4,1.22715359344879,11.3576796932669,0.477863340356449,4.02921065827175,0.126019174446472,0.609605026811686,0.01258532238217,7.66921942485513
"RNAP",0.5425,4.5013590828878,0.506774471604285,0.567775183197338,4,1.22714032445864,11.3570162338807,0.477797634746467,4.02958355106971,0.126011217091962,0.610033646586583,0.0122532298949706,7.66814507055134
"RNAP",0.5445,4.51795395508278,0.50458327242964,0.56532022821733,4,1.22713598316596,11.3567991634305,0.477776079021951,4.02970640270974,0.126008613840125,0.610174086411677,0.0121445111920282,7.66779269843173
"RNAP",0.5505,4.56773857166771,0.498007063893579,0.557952437976268,4,1.22712339791052,11.3561698295775,0.477713950407192,4.03005682256309,0.126001118587385,0.610585604722677,0.0118240058568207,7.6667768833485
"RNAP",0.5525,4.58433344386269,0.495814145466233,0.5554955567962,4,1.22711938292489,11.3559691337693,0.477694074190125,4.03016938947691,0.125998704955012,0.610719924945413,0.0117190253222304,7.66645209881834
"RNAP",0.5545,4.60092831605767,0.493620811525866,0.553038210087589,4,1.22711532171077,11.355766079216,0.477674119981517,4.03028106009245,0.125996295502327,0.61085306536722,0.0116149681920971,7.66612576131156
"RNAP",0.5565,4.61752318825265,0.491426519674409,0.550579790163623,4,1.22711138855276,11.3555694283832,0.477654658979863,4.03039108157106,0.125993943931906,0.610984926066681,0.0115117818665197,7.66580779141835
"RNAP",0.5585,4.63411806044763,0.489232920260755,0.548122146026565,4,1.22710740556034,11.3553702802636,0.477635131090097,4.03049994847188,0.125991611053839,0.611115509529822,0.0114095448066851,7.66548837397208
"RNAP",0.5605,4.6507129326426,0.487038374543209,0.545663441678514,4,1.22710355642575,11.3551778196733,0.477616140454936,4.03060676190442,0.125989311062651,0.611244791026574,0.0113081540622654,7.66517806122262
"RNAP",0.5625,4.66730780483758,0.484843435617612,0.54320429679175,4,1.2270997372865,11.3549868419165,0.47759737101661,4.03071168820931,0.125987033129523,0.611372762631714,0.0112076305736734,7.66487122670139
"RNAP",0.5645,4.68390267703256,0.482648108668651,0.540744717175046,4,1.22709596119915,11.3547980106517,0.47757886631424,4.03081453265235,0.125984841525701,0.611499329257048,0.0111079585244473,7.66456870394572
"RNAP",0.5665,4.70049754922754,0.480452402379538,0.538284712556814,4,1.22709229035403,11.3546149740556,0.477560780806227,4.03091636196997,0.125982642660376,0.611624844747703,0.0110091368775525,7.66427332292578
"RNAP",0.5705,4.73368729361749,0.476059852532284,0.533363429157646,4,1.22708500580038,11.3542502894113,0.477524958146008,4.03111622526009,0.125978317292263,0.611872366370598,0.0108139984757086,7.66368786850519
"RNAP",0.5745,4.76687703800745,0.471665835326325,0.528440501773029,4,1.22707787742831,11.3538938766671,0.477490160217237,4.03130830562922,0.12597413476484,0.612114789035732,0.0106221134195059,7.66311896799341
"RNAP",0.5805,4.81666165459238,0.465072135432607,0.521053114730322,4,1.22706757776618,11.3533788912725,0.477439772566312,4.03158708049143,0.125968120669813,0.612470069903316,0.0103402389413283,7.66229562063742
"RNAP",0.5865,4.86644627117732,0.45847533638257,0.513662255484209,4,1.22705764662531,11.3528823290662,0.477391370018154,4.03185309269804,0.125962278273189,0.612815403554198,0.0100652788998826,7.66150460837074
"RNAP",0.5905,4.89963601556727,0.454075257082697,0.508732536308222,4,1.22705131567332,11.352565710299,0.477360439311788,4.03202347004368,0.125958547855036,0.613040227157696,0.00988566319198346,7.66099942850061
"RNAP",0.5925,4.91623088776225,0.451875005857261,0.506267439677275,4,1.2270482337982,11.352411687353,0.477345397540217,4.03210619942695,0.125956721357512,0.613150982329282,0.00979695438829122,7.66075383021837
"RNAP",0.5945,4.93282575995723,0.449674986333964,0.503802602638575,4,1.22704497279609,11.3522486404252,0.477329732643273,4.03219017182187,0.125954915231419,0.613261071359117,0.00970900120136768,7.66049747448219
"RNAP",0.5965,4.94942063215221,0.447474101514047,0.501336796147042,4,1.22704194738909,11.352097369485,0.477314960555714,4.03227139326414,0.12595312874467,0.613369982735098,0.00962172088068035,7.66025628891217
"RNAP",0.6005,4.98261037654216,0.443070853365592,0.496403526686491,4,1.22703605315165,11.3518026602859,0.477286277667846,4.03242808816287,0.125949651346756,0.613584412900672,0.00944921029642684,7.65978796460405
"RNAP",0.6025,4.99920524873714,0.440869597929332,0.493937304967331,4,1.2270330134283,11.3516506690817,0.477271631225988,4.03250685919443,0.125947943342771,0.613690495479091,0.00936403128197063,7.65954848179828
"RNAP",0.6065,5.0323949931271,0.436465092151699,0.489002626496111,4,1.22702714638295,11.3513573348545,0.47724334114732,4.03265907093638,0.125944586143766,0.613899540423593,0.00919563503075548,7.65908612004759
"RNAP",0.6085,5.04898986532208,0.434262400180447,0.486534795325481,4,1.22702429994606,11.3512149938647,0.477229604049239,4.03273297748371,0.125942955294733,0.614002555730185,0.00911242611102298,7.65886169972301
"RNAP",0.6105,5.06558473751706,0.432059419086045,0.484066640229793,4,1.22702148578388,11.3510742671987,0.47721601239401,4.03280620241802,0.125941329597371,0.614104741157435,0.00902987129122065,7.65863967644533
"RNAP",0.6125,5.08217960971203,0.429856152817179,0.481598165633041,4,1.22701868664211,11.3509343370083,0.477202611896832,4.03287731064303,0.125939741830568,0.614205801559776,0.00894795693772374,7.65842062488967
"RNAP",0.6145,5.09877448190701,0.427652605858831,0.479129376560064,4,1.22701594962543,11.3507974711503,0.477189425416656,4.03294800107327,0.125938141892798,0.614306123492253,0.00886668222273501,7.65820524188825
"RNAP",0.6165,5.11536935410199,0.425448778057085,0.476660272838421,4,1.22701321644691,11.3506608211115,0.477176278344028,4.03301827597603,0.125936614055533,0.614405612886679,0.00878604024596725,7.65799044422283
"RNAP",0.6185,5.13196422629697,0.423244678957264,0.474190865162411,4,1.22701053594744,11.3505268008393,0.477163367464922,4.03308744226355,0.125935066038496,0.614504257496617,0.00870602103322851,7.65777957468777
"RNAP",0.6265,5.19834371507688,0.414425044122847,0.464309606211081,4,1.2270002318605,11.3500115946587,0.477113598663954,4.03335489990166,0.125929134586383,0.614890431433215,0.00839201752211506,7.65696725531637
"RNAP",0.6285,5.21493858727186,0.41221961831181,0.461838712126924,4,1.22699768189598,11.3498840910402,0.47710138944282,4.03341955372052,0.125927669197479,0.614984934360738,0.00831501371833753,7.65676780509103
"RNAP",0.6445,5.34769756483168,0.394567806576014,0.44206214246206,4,1.22697839979014,11.3489199872619,0.47700945480483,4.03390162507669,0.125916867408465,0.615711681907154,0.00771942880162322,7.65526624788642
"RNAP",0.6465,5.36429243702666,0.392360183817479,0.439588786982669,4,1.22697618521545,11.3488092593757,0.476998744038605,4.03395912475528,0.12591553191153,0.615799425234964,0.00764744866305299,7.65509166926779
"RNAP",0.6485,5.38088730922164,0.390152331016535,0.437115173770542,4,1.22697386575393,11.3486933024941,0.476987881845387,4.03401414714571,0.125914319305339,0.615885932341261,0.00757598772352498,7.65491402029815
"RNAP",0.6585,5.46386167019653,0.379109704221504,0.424743340138748,4,1.22696300524868,11.3481502624995,0.476936274052094,4.03428223581019,0.125908247150972,0.616309159826717,0.00722643174946873,7.65407166044359
"RNAP",0.6625,5.49705141458649,0.374691131318094,0.41979290127437,4,1.22695883070012,11.3479415001424,0.476916528666909,4.03438382941702,0.125905886082521,0.616473609429144,0.00709011480940673,7.65374934609409
"RNAP",0.6705,5.5634309033664,0.36585147612928,0.409889212107981,4,1.2269507084182,11.347535413783,0.476878246350895,4.03457934532569,0.125901409014834,0.616794656561076,0.00682326426432901,7.65312440731147
"RNAP",0.6745,5.59662064775635,0.361430433006032,0.404936005682094,4,1.22694678843594,11.3473394620492,0.476859768805222,4.03467365444634,0.125899249971126,0.616951478012304,0.00669265302308095,7.65282287133279
"RNAP",0.6765,5.61321551995133,0.359219613748039,0.402459068938913,4,1.22694486042467,11.3472429737736,0.476850657992045,4.03472020533038,0.125898215618333,0.617028997277028,0.00662803401477258,7.65267424478541
"RNAP",0.6785,5.62981039214631,0.357008601248694,0.399981915693815,4,1.22694294225999,11.3471471137096,0.476841631779546,4.03476615950564,0.125897135215366,0.617105977225425,0.00656386791949443,7.65252694347383
"RNAP",0.6805,5.64640526434129,0.35479739550224,0.397504545940352,4,1.22694107693349,11.3470538140156,0.476832768773235,4.0348118840383,0.125896118813419,0.617182380958043,0.00650014780125501,7.65238250643877
"RNAP",0.6825,5.66300013653627,0.352585999442938,0.395026962965982,4,1.22693918860883,11.3469594306761,0.476824100363388,4.03485389013154,0.125895092990303,0.617257607855374,0.00643686071780572,7.65224075363172
"RNAP",0.6845,5.67959500873125,0.350374414609915,0.392549168495098,4,1.22693734199298,11.3468670919885,0.476815368186129,4.03489858869409,0.125894088490215,0.617332873451298,0.00637402196928646,7.65209837391938
"RNAP",0.6865,5.69618988092622,0.348162643028768,0.39007116479712,4,1.22693550030457,11.3467750518064,0.4768068086337,4.0349410334646,0.125893114578576,0.617407213675214,0.00631161065177537,7.65195858913044
"RNAP",0.6905,5.72937962531618,0.343738548977127,0.385114540200974,4,1.22693191194853,11.3465955921807,0.476789965562284,4.03502601495758,0.125891122514271,0.617554616564274,0.00618807657022232,7.65168384354331
"RNAP",0.6925,5.74597449751116,0.341526234552999,0.382635928317717,4,1.22693011974145,11.346506044324,0.476781657404867,4.0350669362551,0.125890186303248,0.617627281592084,0.00612693981451574,7.65154821300433
"RNAP",0.6945,5.76256936970614,0.33931373133947,0.38015710492038,4,1.22692836735298,11.3464186567281,0.476773508634164,4.03510748954991,0.125889234749067,0.617699463916206,0.00606621947073911,7.65141524948268
"RNAP",0.6965,5.77916424190111,0.337101057010447,0.377678089810285,4,1.22692664261046,11.3463321491995,0.476765396169765,4.03514830687674,0.125888277958547,0.617771261008322,0.00600591346740779,7.6512829524632
"RNAP",0.6985,5.79575911409609,0.33488820725644,0.375198878159209,4,1.2269249344557,11.3462467283401,0.476757355995468,4.03518900910328,0.125887345430085,0.617842583039354,0.00594601638504676,7.6511518952489
"RNAP",0.7005,5.81235398629107,0.332675184302068,0.372719472459548,4,1.22692323976544,11.346161942734,0.476749502893801,4.0352274363331,0.125886477928225,0.617912980264493,0.00588651744187441,7.65102376918742
"RNAP",0.7065,5.862138602876,0.326035093576336,0.365280110495804,4,1.2269182298204,11.3459114872234,0.4767261701373,4.03534321876883,0.125883754480196,0.618121870376297,0.00571041759661911,7.65064313630513
"RNAP",0.7085,5.87873347507098,0.323821398341013,0.362799951592377,4,1.22691660077025,11.3458300370475,0.476718596732143,4.03538051480662,0.125882926737777,0.618190337854372,0.00565249663621968,7.65051965270106
"RNAP",0.7105,5.89532834726596,0.321607530165613,0.360319598931985,4,1.22691498546452,11.3457492736016,0.476711108656951,4.03541725520902,0.125882057882555,0.618258348087034,0.00559496126855687,7.65039750569186
"RNAP",0.7125,5.91192321946094,0.319393502613423,0.357839067710534,4,1.22691338418192,11.3456692120695,0.476703698835602,4.03545353483713,0.125881155280532,0.618325908911321,0.00553780769048192,7.65027660638909
"RNAP",0.7145,5.92851809165591,0.317179312920619,0.355358354831517,4,1.22691181553447,11.3455907730439,0.47669648728317,4.03548819445515,0.12588036465766,0.61839263857626,0.00548102523834974,7.65015895996299
"RNAP",0.7165,5.94511296385089,0.314964974961348,0.352877475839121,4,1.22691024439116,11.3455122235068,0.476689149388003,4.0355247460312,0.125879488108882,0.618459436863959,0.00542462586279022,7.65003935166473
"RNAP",0.7265,6.02808732482578,0.303890911594064,0.34047042159822,4,1.22690263991831,11.3451320048183,0.476654078968785,4.03569453764357,0.125875518732152,0.618784693838685,0.00514807753058327,7.64946739703662
"RNAP",0.7305,6.06127706921574,0.299460221791769,0.335506407317419,4,1.22689970550662,11.3449852463346,0.476640582927311,4.03575947475725,0.12587392807584,0.618911621803833,0.00503995074778332,7.64924729470861
"RNAP",0.7365,6.11106168580067,0.292813090462561,0.328059157269029,4,1.22689541100588,11.3447705277836,0.476620864977874,4.03585379337367,0.125871736711464,0.61909848513945,0.00488034351469482,7.64892582514878
"RNAP",0.7405,6.14425143019063,0.288380951056442,0.323093518894826,4,1.22689261533961,11.3446307692712,0.476608075498612,4.03591457859735,0.125870240885257,0.619220931253457,0.00477562589456779,7.64871727046247
"RNAP",0.7425,6.16084630238561,0.286164672914116,0.320610466178512,4,1.2268912385963,11.3445619295028,0.476601767747966,4.0359445258785,0.125869574497261,0.619281450128723,0.00472376237889766,7.64861446349964
"RNAP",0.7465,6.19403604677556,0.28173169912076,0.315643892981436,4,1.2268885274721,11.3444263725993,0.476589386604558,4.03600307924542,0.125868111958405,0.619401366566915,0.00462101553974754,7.64841259506336
"RNAP",0.7485,6.21063091897054,0.279515007494663,0.313160377010092,4,1.22688719154477,11.3443595764908,0.476583290532479,4.03603181138192,0.125867417364132,0.619460670975423,0.00457012438553409,7.64831321865726
"RNAP",0.7525,6.2438206633605,0.275081221558261,0.308192893911882,4,1.22688456586008,11.3442282990023,0.476571335273951,4.03608782860985,0.125866064504739,0.619577967285304,0.00446929168168276,7.64811835182792
"RNAP",0.7545,6.26041553555548,0.272864129529268,0.305708929340931,4,1.2268832633812,11.3441631683567,0.476565383286357,4.03611585852895,0.125865441269822,0.619636060366484,0.00441934544762532,7.64802138280516
"RNAP",0.7625,6.32679502433539,0.263994465534532,0.295771619192755,4,1.22687818350206,11.3439091733169,0.476542357912213,4.0362226518932,0.125862788856346,0.619864401548598,0.00422262509072669,7.64764601021341
"RNAP",0.7645,6.34338989653037,0.261776731473965,0.293286935308551,4,1.22687695851102,11.3438479245945,0.476536803416952,4.03624827996313,0.125862215932262,0.619920391593786,0.00417419530860737,7.64755554310684
"RNAP",0.7665,6.35998476872534,0.259558872323792,0.290802111277638,4,1.22687571256321,11.343785628246,0.476531155108193,4.03627449540868,0.125861564177178,0.619976268247003,0.00412606488571164,7.64746345813172
"RNAP",0.7685,6.37657964092032,0.257340890292951,0.288317149574846,4,1.22687451174445,11.3437255849392,0.476525761589109,4.03629896680456,0.125860916948143,0.620031519033684,0.00407822441717482,7.64737552065952
"RNAP",0.7705,6.3931745131153,0.255122785234985,0.28583205003609,4,1.22687330730181,11.3436653636846,0.476520312432554,4.03632404497079,0.125860319468111,0.620086497421517,0.00403067445727706,7.64728673430639
"RNAP",0.7725,6.40976938531028,0.252904558910965,0.283346814634419,4,1.22687209673344,11.3436048366407,0.476514921195353,4.03634793496283,0.125859771042616,0.620140896432083,0.00398341061884942,7.6471987923649
"RNAP",0.7765,6.44295912970023,0.248467746729312,0.278375941020215,4,1.2268697404796,11.3434870240991,0.476504298078356,4.03639643828149,0.12585857481227,0.620249065393134,0.00388974031279633,7.64702568578414
"RNAP",0.7785,6.45955400189521,0.246249163097289,0.275890305301188,4,1.22686859731626,11.3434298649008,0.476499098165173,4.03642066790507,0.125857934155673,0.620302760353106,0.00384332782976567,7.64694103786276
"RNAP",0.7805,6.47614887409019,0.244030462526504,0.273404538567419,4,1.22686744879707,11.3433724402191,0.476493905854753,4.0364444046217,0.125857401994922,0.620355937795931,0.00379719120275964,7.64685650856214
"RNAP",0.7845,6.50933861848015,0.239592714941955,0.268432616955376,4,1.22686517362568,11.3432586814155,0.476483716275522,4.03649023262314,0.125856219175904,0.62046125164505,0.00370574156607776,7.64669041015887
"RNAP",0.7865,6.52593349067512,0.237373669956225,0.265946464349253,4,1.22686406646157,11.3432033220936,0.476478713522986,4.03651304141204,0.125855702321588,0.620513379081294,0.00366042286524842,7.64660899414209
"RNAP",0.7905,6.55912323506508,0.232935242922759,0.260973781502667,4,1.22686184303021,11.3430921514624,0.47646882299149,4.0365567707554,0.125854566159237,0.620616556010825,0.0035705880123623,7.64644773060502
"RNAP",0.7925,6.57571810726006,0.23071586289139,0.258487253521283,4,1.22686075639767,11.3430378201712,0.47646393026465,4.03657892969268,0.125854024440094,0.620667750729023,0.00352606725206939,7.64636809434719
"RNAP",0.7945,6.59231297945504,0.228496373187297,0.256000602665811,4,1.22685967229379,11.3429836126808,0.476459138012676,4.03659974080552,0.125853510761611,0.620718386367725,0.00348180577786686,7.64628994070466
"RNAP",0.7965,6.60890785165002,0.226276774783493,0.253513830026387,4,1.22685860225938,11.342930113595,0.476454339179608,4.03662130579909,0.12585296486615,0.620768923810024,0.00343780482998163,7.64621179689068
"RNAP",0.7985,6.62550272384499,0.224057068658773,0.251026936699622,4,1.22685755228832,11.3428776133681,0.476449628244094,4.03664244208374,0.125852444541296,0.620819086229884,0.00339405986802806,7.6461351189873
"DNAP",0.0054,1.00011792564514,0.892561851531438,0.99999999440369,4,1.24109821875731,12.054910939174,0.550025429275111,3.58202506013158,0.133133086806956,0.407461443987756,0.112938598350202,8.85351984192999
"DNAP",0.0053819397993311,0.996773049639634,0.89256123308556,0.999999301515155,4,1.24117939631617,12.0589698150452,0.550434266312123,3.57950650450501,0.133163674846038,0.407342437471128,0.112514247306518,8.86033422931596
"DNAP",0.00536387959866221,0.993428173634132,0.89255911105095,0.999996924050114,4,1.24126571830951,12.0632859155386,0.550868758915933,3.57683236195747,0.133196081897479,0.407215007633619,0.112064808945256,8.86757645370595
"DNAP",0.00534581939799331,0.99008329762863,0.89255546245054,0.99999283626574,4,1.24135246802542,12.067623400355,0.55130508112121,3.57415004852785,0.133228511932394,0.407086074815733,0.111615187386414,8.87484948074334
"DNAP",0.00532775919732442,0.986738421623128,0.892550269121811,0.99998701781328,4,1.241439605766,12.071980286176,0.551743116354212,3.57145953263067,0.133260969246721,0.406955634779516,0.111165348243806,8.88215125589651
"DNAP",0.00530969899665552,0.983393545617626,0.892543512403781,0.999979447785523,4,1.24152714276272,12.07635713557,0.552182900448902,3.5687607447931,0.133293459994497,0.406823672946168,0.110715282199331,8.889482435478
"DNAP",0.00529163879598662,0.980048669612124,0.892535174478765,0.999970106220055,4,1.2416151045643,12.0807552278928,0.552624525494475,3.56605356854595,0.133325961052462,0.406690157029097,0.110265058197951,8.89684450338671
"DNAP",0.00527357859531773,0.976703793606622,0.892525234417805,0.999958969668692,4,1.24170348212357,12.0851741067794,0.553067979910139,3.5633376517739,0.133358498738792,0.406555067544512,0.109814559866681,8.90423731686955
"DNAP",0.00525551839464883,0.973358917601119,0.892513675517237,0.99994601941714,4,1.24179226774006,12.0896133873165,0.553513195886745,3.56061370185922,0.133391059798397,0.406418444125417,0.109363911089263,8.91165975925054
"DNAP",0.00523745819397993,0.970014041595617,0.892500476439097,0.999931231558973,4,1.24188148353453,12.0940741772265,0.553960297536722,3.55788086591204,0.133423646677499,0.406280193838627,0.108913040697017,8.91911386502433
"DNAP",0.00521939799331104,0.966669165590115,0.892485617263704,0.999914583776767,4,1.24197114168449,12.0985570815838,0.554409313877382,3.55513924291574,0.133456259587507,0.406140326663356,0.10846195810096,8.92660016818332
"DNAP",0.00520133779264214,0.963324289584613,0.892469078591144,0.999896054335429,4,1.2420612227968,12.1030611378852,0.554860176945794,3.55238898675827,0.133488900207349,0.405998843497254,0.108010678494234,8.93411749846221
"DNAP",0.00518327759197324,0.959979413579111,0.892450839724304,0.999875620046527,4,1.24215173499579,12.1075867497862,0.555312913118473,3.54963006417213,0.133521564892103,0.405855746371232,0.107559195011166,8.94166631753905
"DNAP",0.00516521739130435,0.956634537573609,0.892430880101643,0.999853257873513,4,1.24224269490239,12.1121347449566,0.555767608229884,3.54686195413223,0.133554253887052,0.405710933628441,0.107107524597079,8.94924802718996
"DNAP",0.00514715719063545,0.953289661568107,0.892409178444633,0.999828943976553,4,1.2423341019427,12.1167050976302,0.55622423508326,3.54408501670384,0.133586968896369,0.405564467425261,0.106655657625138,8.95686223059102
"DNAP",0.00512909698996656,0.949944785562605,0.89238571336999,0.999802654398446,4,1.24242597397562,12.1212986984228,0.55668286844977,3.54129894319216,0.13361970793639,0.405416291992979,0.106203604834271,8.96451018073097
"DNAP",0.00511103678929766,0.946599909557102,0.892360464670217,0.999774366499307,4,1.24251827829085,12.1259139096601,0.557143393092897,3.5385039870646,0.133652472078442,0.405266422203699,0.105751374505804,8.97218989731078
"DNAP",0.00509297658862876,0.9432550335516,0.892333405520171,0.999744050225036,4,1.24261105720223,12.1305528601887,0.557605973060925,3.53569957996649,0.13368527441623,0.405114809878397,0.105298899806656,8.97990418573756
"DNAP",0.00507491638795987,0.939910157546098,0.892304517981517,0.999711685478051,4,1.24270432014799,12.1352160073817,0.558070645399444,3.53288564422316,0.133718079270031,0.404961411456181,0.10484627274238,8.98765363952416
"DNAP",0.00505685618729097,0.936565281540596,0.892273780787868,0.999677248432121,4,1.24279803141343,12.1399015704105,0.55853725984218,3.53006277399045,0.133750916948948,0.404806278634441,0.104393488484689,8.99543574959733
"DNAP",0.00503879598662207,0.933220405535094,0.892241162919079,0.999640704333187,4,1.2428922265217,12.144611326519,0.559005984236585,3.52723005720403,0.133783786023443,0.404649341547073,0.103940440552915,9.00325331980812
"DNAP",0.00502073578595318,0.929875529529592,0.892206648439452,0.999602035327365,4,1.2429869044937,12.1493452256242,0.559476788442169,3.52438791790775,0.133816675786864,0.404490595144139,0.103487248047413,9.01110587306412
"DNAP",0.00500267558528428,0.92653065352409,0.892170212844304,0.999561213960329,4,1.24308207049709,12.1541035252795,0.559949698557659,3.52153619716377,0.133849587432411,0.404330012303543,0.103033899489628,9.01899384066997
"DNAP",0.00498461538461539,0.923185777518588,0.892131825958896,0.99951820642519,4,1.24317774261122,12.1588871285355,0.560424803602577,3.51867436440008,0.133882527519412,0.404167550657222,0.102580322063871,9.02691870842705
"DNAP",0.00496655518394649,0.919840901513085,0.892091469054186,0.999472991738483,4,1.24327390098806,12.1636950496016,0.560902012752783,3.51580289882585,0.133915489550472,0.404003236106405,0.102126583478099,9.03487895621958
"DNAP",0.00494849498327759,0.916496025507583,0.892049115449303,0.999425540007744,4,1.24337056530018,12.1685282646225,0.561381398283435,3.51292159003875,0.133948476794518,0.403837041165148,0.10167266996071,9.04287582123348
"DNAP",0.0049304347826087,0.913151149502081,0.892004743514005,0.999375826999091,4,1.24346771905218,12.1733859534648,0.561862906508234,3.51003051619901,0.133981485733595,0.403668946094027,0.101218613882816,9.05090836645843
"DNAP",0.0049123745819398,0.909806273496579,0.891958315264871,0.999323810157015,4,1.24356542784462,12.178271392172,0.562346797888492,3.50712870720027,0.134014522318119,0.403498870261736,0.100764315820216,9.05898101913647
"DNAP",0.0048943143812709,0.906461397491077,0.891909816571287,0.999269473649993,4,1.24366361803251,12.1831808998408,0.562832799713056,3.50421695848109,0.134047581797029,0.403326855666873,0.100309865395452,9.06708910329098
"DNAP",0.00487625418060201,0.903116521485575,0.89185921679615,0.99921278315312,4,1.24376236478133,12.1881182387236,0.563321155037946,3.50129498653324,0.134080664057446,0.403152876908107,0.0998552626170383,9.07523686087704
"DNAP",0.00485819397993311,0.899771645480073,0.891806488558211,0.999153707989249,4,1.2438616496583,12.1930824826502,0.563811830466809,3.49836247988372,0.134113768389535,0.402976877985843,0.0994004923714201,9.08342363872667
"DNAP",0.00484013377926421,0.89642676947457,0.891751605167624,0.999092218255864,4,1.24396144540844,12.1980722715122,0.564304733674655,3.4954195938004,0.134146898321391,0.402798873518977,0.0989455429655609,9.09164784536831
"DNAP",0.00482207357859532,0.893081893469068,0.891694541104228,0.999028285360929,4,1.24406181161538,12.203090580737,0.564800056935097,3.49246612595997,0.134180046467639,0.402618811964326,0.0984904718919026,9.09991282059969
"DNAP",0.00480401337792642,0.889737017463566,0.891635257491259,0.998961865748064,4,1.24416272522543,12.2081362603667,0.56529776205464,3.48950160732562,0.134213223168623,0.402436663938966,0.0980351699381419,9.10821782659542
"DNAP",0.00478595317725753,0.886392141458064,0.891573736591899,0.998892939545459,4,1.24426419612846,12.2132098061595,0.565797847744027,3.48652650647768,0.134246420625569,0.402252442521259,0.0975797403902529,9.11656291160202
"DNAP",0.00476789297658863,0.883047265452562,0.891509945041968,0.998821469372872,4,1.24436622980815,12.2183114909508,0.566300352985994,3.48354048852618,0.134279638924219,0.402066100231635,0.0971241531842723,9.12494870450828
"DNAP",0.00474983277591973,0.87970238944706,0.891443853061076,0.998747421865229,4,1.24446883394351,12.2234416971751,0.566805313472136,3.48054336309708,0.13431288163186,0.401877613015099,0.096668404647132,9.13337579847915
"DNAP",0.00473177257525084,0.876357513441558,0.891375430204788,0.998670762913486,4,1.24457200446582,12.2286002236667,0.567312708356081,3.47753525467784,0.134346145883008,0.40168698952475,0.0962124932643499,9.14184385824499
"DNAP",0.00471371237458194,0.873012637436056,0.89130464562965,0.998591457961543,4,1.24467578489699,12.2337892446572,0.567822709476196,3.47451556180501,0.134379431771235,0.401494110042301,0.0957564493051851,9.15035578170208
"DNAP",0.00469565217391304,0.869667761430553,0.891231472997989,0.998509477501449,4,1.24478013561596,12.2390067785677,0.568335150181871,3.47148497935385,0.134412737584669,0.401299076083623,0.0953002756704358,9.15890877775681
"DNAP",0.00467759197324415,0.866322885425051,0.891155865354277,0.998424768925612,4,1.24488510745615,12.2442553738891,0.568850257169963,3.46844240809284,0.134446069225083,0.40110176141198,0.0948438969476444,9.16750664435987
"DNAP",0.00465953177257525,0.862978009419549,0.891077804662673,0.99833731202721,4,1.24499067296379,12.2495336477412,0.569367911886171,3.46538838925745,0.134479423690544,0.400902186751716,0.0943873944686493,9.17614737517884
"DNAP",0.00464147157190636,0.859633133414047,0.890997254107279,0.998247065558794,4,1.24509684268073,12.2548421376287,0.569888146207232,3.46232291684426,0.13451279332696,0.400700350133268,0.0939307533897524,9.18483155034433
"DNAP",0.00462341137123746,0.856288257408545,0.89091417895907,0.998153990610989,4,1.2452036423112,12.2601821159278,0.570411081022484,3.45924534428873,0.134546185042322,0.400496155646731,0.0934739714115305,9.19356116007663
"DNAP",0.00460535117056856,0.852943381403043,0.890828545177462,0.998058049045728,4,1.2453110857394,12.2655542858149,0.570936747544296,3.45615581875126,0.134579595833868,0.400289614983277,0.0930170586399065,9.2023367952871
"DNAP",0.00458729096989967,0.849598505397541,0.890740324339991,0.997959209019318,4,1.24541914440235,12.2709572191958,0.571465051841621,3.45305446985795,0.134613027482644,0.400080719683467,0.0925600317309073,9.21115682122638
"DNAP",0.00456923076923077,0.846253629392039,0.890649463392907,0.997857411091903,4,1.24552786110089,12.2763930560397,0.571996175149335,3.44994050685073,0.134646481406675,0.399869388161994,0.0921028140902549,9.22002429357857
"DNAP",0.00455117056856187,0.842908753386536,0.890555952033728,0.997752643720886,4,1.24563721469201,12.2818607342934,0.572530001232035,3.44681471432232,0.134679953238615,0.399655670285997,0.0916455302933996,9.22893729839394
"DNAP",0.00453311036789298,0.839563877381034,0.890459723961137,0.997644832624224,4,1.24574724696345,12.2873623479333,0.57306673206026,3.44367594755003,0.134713448108502,0.399439452180651,0.0911880447093726,9.2378992011591
"DNAP",0.00451505016722408,0.836219001375532,0.890360765217933,0.99753396216468,4,1.24585793681744,12.2928968407285,0.573606262195808,3.44052484724815,0.134746961322745,0.399220762916039,0.0907304671669905,9.24690824089629
"DNAP",0.00449698996655518,0.83287412537003,0.890259030638,0.997419981739471,4,1.24596930361015,12.2984651824199,0.574148676319765,3.43736100519314,0.134780490159585,0.398999548333467,0.0902727694683268,9.25596585586307
"DNAP",0.00447892976588629,0.829529249364528,0.890154481902306,0.997302848417079,4,1.24608135576936,12.3040677870274,0.574694008772496,3.43418428878222,0.134814040115185,0.3987757842253,0.089814950186377,9.26507261289393
"DNAP",0.00446086956521739,0.826184373359026,0.890047079658258,0.997182518108023,4,1.24619408073556,12.3097040373606,0.57524222036115,3.43099472685933,0.134847608526853,0.39854945761732,0.0893570038708079,9.27422783457365
"DNAP",0.0044428093645485,0.822839497353524,0.88993678337484,0.997058945402544,4,1.24630754801544,12.3153774007722,0.575793551773101,3.42779183032718,0.134881192750879,0.398320492919223,0.0888989622402772,9.28343566730096
"DNAP",0.0044247491638796,0.819494621348021,0.889823553239002,0.996932085695276,4,1.24642170628826,12.3210853141924,0.576347837892576,3.42457577068721,0.134914795882931,0.398088899802573,0.0884407981768893,9.29269323940583
"DNAP",0.0044066889632107,0.816149745342519,0.889707346572525,0.996801891170799,4,1.24653657119517,12.3268285598354,0.57690513941841,3.4213463406698,0.134948418468677,0.397854640786435,0.087982511423934,9.30200158424166
"DNAP",0.00438862876254181,0.812804869337017,0.889588123267904,0.996668316893846,4,1.2466521783698,12.3326089186332,0.577465580660634,3.41810327802446,0.134982055913314,0.397617659937823,0.0875241302839043,9.31136284489243
"DNAP",0.00437056856187291,0.809459993331515,0.889465839849138,0.996531314155188,4,1.24676853906429,12.338426952173,0.57802920234455,3.41484649155599,0.135015707492528,0.39737793724529,0.0870656548877967,9.32077770446125
"DNAP",0.00435250836120401,0.806115117326013,0.889340452957847,0.996390834377373,4,1.24688563363296,12.3442816816563,0.578595947568299,3.41157593458197,0.135049378258135,0.397135454079425,0.0866070707222787,9.33024517887486
"DNAP",0.00433444816053512,0.802770241320511,0.889211917393409,0.996246826918956,4,1.24700348478867,12.3501742377859,0.579165900010333,3.40829138100194,0.135083063279296,0.396890161660334,0.086148388172137,9.33976668997013
"DNAP",0.00431638795986622,0.799425365315009,0.889080188262433,0.996099241482705,4,1.24712208075008,12.3561040428258,0.579739038119862,3.4049926397518,0.135116766330772,0.396642025085931,0.0856895956627616,9.34934182453507
"DNAP",0.00429832775919732,0.796080489309506,0.888945220005376,0.995948027025052,4,1.24724150121741,12.3620750623451,0.580315607075398,3.40167958277685,0.135150482518272,0.396391014006136,0.0852307383837534,9.35897488255907
"DNAP",0.00428026755852843,0.792735613304004,0.888806965966027,0.995793131273752,4,1.24736168317183,12.3680841587691,0.580895425759447,3.39835211855608,0.135184215159932,0.396137103654136,0.0847717771367999,9.36866265835806
"DNAP",0.00426220735785953,0.789390737298502,0.88866537709735,0.99563449927795,4,1.24748266210155,12.3741331044581,0.581478618372902,3.39500997325631,0.135217964142661,0.395880234000252,0.0843127274663726,9.37840729345208
"DNAP",0.00424414715719064,0.786045861293,0.888520406949744,0.995472078996884,4,1.24760446150972,12.3802230755101,0.582065266588712,3.39165299637828,0.135251722240923,0.395620374079253,0.0838536074185751,9.38821018479317
"DNAP",0.00422608695652174,0.782700985287498,0.888372004555813,0.995305813328184,4,1.24772707493913,12.386353746502,0.582655358682095,3.38828106864711,0.135285494337005,0.39535749563152,0.0833944034585152,9.39807110641018
"DNAP",0.00420802675585284,0.779356109281996,0.888220122456139,0.995135649099718,4,1.24785051327293,12.3925256611963,0.583248931061719,3.38489411958299,0.135319279764995,0.395091567046274,0.0829351304330829,9.4079907021284
"DNAP",0.00418996655518395,0.776011233276494,0.88806470428154,0.994961523157116,4,1.24797479519774,12.3987397598843,0.5838460621608,3.38149181242819,0.135353082020912,0.394822541081919,0.082475774576183,9.41797030287296
"DNAP",0.00417190635451505,0.772666357270992,0.887905702559995,0.994783382314122,4,1.24809992873772,12.4049964370075,0.584446783316395,3.37807405620908,0.135386892394685,0.394550377352884,0.0820163585234015,9.42801042158704
"DNAP",0.00415384615384615,0.769321481265489,0.887743060823244,0.994601163305365,4,1.24822592345819,12.4112961729046,0.585051141016892,3.37464058607304,0.135420713199119,0.39427503175167,0.0815568717148454,9.43811183149807
"DNAP",0.00413578595317726,0.765976605259987,0.887576728626581,0.994414809614081,4,1.24835279673344,12.4176398357424,0.585659184282765,3.37119142691424,0.135454546506595,0.393996489245409,0.0810973323336991,9.44827541797734
"DNAP",0.00411772575250836,0.762631729254485,0.88740664507303,0.994224253013094,4,1.24848055734888,12.4240278686275,0.586270973279045,3.36772609758688,0.135488389055882,0.393714664144025,0.0806377281430033,9.45850214064246
"DNAP",0.00409966555183947,0.759286853248983,0.887232761067606,0.994029438497827,4,1.24860921839916,12.4304609208297,0.58688653112655,3.36424481128058,0.135522244861447,0.393429582322542,0.0801780780295602,9.46879245975156
"DNAP",0.00408160535117057,0.755941977243481,0.887055011218973,0.993830292805757,4,1.24873880359699,12.4369401800359,0.587505986999373,3.36074673523539,0.135556106956985,0.393141097067469,0.0797183756768614,9.47914848095711
"DNAP",0.00406354515050167,0.752597101237979,0.886873343496446,0.993626757643238,4,1.24886929541814,12.4434647708522,0.588129255147678,3.35723233709584,0.135589979469971,0.392849266711523,0.0792586232322214,9.48956880218395
"DNAP",0.00404548494983278,0.749252225232477,0.886687699113929,0.993418767148059,4,1.24900072028718,12.450036014289,0.588756437929324,3.35370128427225,0.135623861818161,0.392554023131802,0.0787988346533643,9.50005515130884
"DNAP",0.00402742474916388,0.745907349226975,0.886498010070674,0.993206245134186,4,1.24913310466981,12.4566552318369,0.58938763932212,3.35015319186867,0.135657750268888,0.392255306943319,0.0783390006725897,9.51060931284401
"DNAP",0.00400936454849498,0.742562473221473,0.8863042199613,0.992989128406694,4,1.24926644911175,12.4633224555813,0.590022873655154,3.34658792333357,0.135691648412794,0.391953069503624,0.0778791344169253,9.52123146036894
"DNAP",0.00399130434782609,0.73921759721597,0.886106265578504,0.99276734614998,4,1.24940077243276,12.4700386215094,0.590662205654047,3.34300528329738,0.135725551266128,0.391647272512899,0.0774192418048869,9.53192277405829
"DNAP",0.00397324414715719,0.735872721210468,0.885904082213196,0.992540825865891,4,1.24953610383614,12.4768051922847,0.591305742936172,3.33940500468634,0.135759455055698,0.391337857079359,0.076959336906218,9.54268507354488
"DNAP",0.00395518394648829,0.732527845204966,0.885697603985183,0.992309493744197,4,1.24967242323602,12.4836211617364,0.591953430134412,3.33578701667469,0.135793374100461,0.391024808137418,0.0764993956246522,9.55351735542178
"DNAP",0.0039371237458194,0.729182969199464,0.885486765654984,0.992073276692508,4,1.24980976007008,12.4904880020438,0.59260537236639,3.33215106622618,0.135827292715851,0.390708054727424,0.0760394451419492,9.5644214435424
"DNAP",0.0039190635451505,0.725838093193962,0.885271496422041,0.991832095387964,4,1.24994813079933,12.4974065351176,0.593261634804578,3.32849691773615,0.135861213997186,0.390387561644689,0.0755794784826692,9.57539843673622
"DNAP",0.00390100334448161,0.72249321718846,0.885051728327302,0.991585873691247,4,1.25008754903383,12.5043774512647,0.593922278163673,3.32482427994473,0.135895138895655,0.390063261165465,0.0751195048250575,9.58644935743395
"DNAP",0.00388294314381271,0.719148341182958,0.884827389122865,0.991334530657937,4,1.25022802861927,12.5114014299843,0.594587356722143,3.32113294921638,0.135929067497833,0.389735103597586,0.0746595256561919,9.59757512661843
"DNAP",0.00386488294314381,0.715803465177456,0.884598410498136,0.991077989754855,4,1.25036958888439,12.5184794440723,0.595256931633868,3.31742287607752,0.135963001372503,0.389403070515711,0.0741995534365805,9.60877681590418
"DNAP",0.00384682274247492,0.712458589171953,0.884364714127569,0.99081616322837,4,1.2505122427931,12.5256121395791,0.595931085649094,3.31369342812634,0.135996930233012,0.389067049626213,0.0737395847883225,9.62005575936636
"DNAP",0.00382876254180602,0.709113713166451,0.884126225344383,0.990548967424021,4,1.2506560016141,12.5328000816494,0.596609831121066,3.30994489483063,0.136030862691352,0.388727068345273,0.0732796209889441,9.63141224569779
"DNAP",0.00381070234113712,0.705768837160949,0.883882870869224,0.990276320241779,4,1.25080088979623,12.5400444899989,0.597293283910462,3.30617664675948,0.13606479517582,0.388383011764933,0.0728196785428583,9.64284820412412
"DNAP",0.00379264214046823,0.702423961155447,0.883634571371651,0.989998132802156,4,1.25094692026126,12.5473460109562,0.597981490834778,3.3023885736308,0.136098725935978,0.388034837017871,0.0723597618520334,9.65436442678699
"DNAP",0.00377458193979933,0.699079085149945,0.883381245836795,0.989714314338478,4,1.25109410655072,12.554705327468,0.598674508373648,3.29858043414528,0.136132657317418,0.387682510876913,0.0718998642109674,9.66596187450853
"DNAP",0.00375652173913044,0.695734209144443,0.883122813948472,0.989424774866863,4,1.25124246933701,12.5621234670605,0.599372409784646,3.29475205319282,0.136166586066942,0.387325971875554,0.0714400010757136,9.67764180864573
"DNAP",0.00373846153846154,0.692389333138941,0.882859197368914,0.989129426619982,4,1.25139202521939,12.5696012611455,0.600075277947151,3.29090295373458,0.136200506485896,0.386965132289865,0.0709801855001338,9.6894055975926
"DNAP",0.00372040133779264,0.689044457133439,0.882590296033161,0.988828157488003,4,1.25154280407989,12.5771402039987,0.600783212658759,3.28703296115562,0.136234424762094,0.386599958359884,0.0705203976858522,9.70125498100009
"DNAP",0.00370234113712375,0.685699581127936,0.882316038893759,0.988520887871453,4,1.25169480458781,12.584740229392,0.601496213990863,3.28314201169783,0.136268339906648,0.386230407806097,0.0700606636622988,9.71318995498556
"DNAP",0.00368428093645485,0.682354705122434,0.882036334207225,0.988207514983637,4,1.25184802930959,12.5924014641318,0.602214317202315,3.27922970780745,0.136302248949423,0.385856407090909,0.0696009730630675,9.72521106234938
"DNAP",0.00366622073578595,0.679009829116932,0.881751086001222,0.987887931299978,4,1.25200256155191,12.6001280778058,0.602937804434976,3.2752955636219,0.136336145021477,0.385477869209198,0.0691413563573955,9.73732318567736
"DNAP",0.00364816053511706,0.67566495311143,0.881460209615858,0.987562041970025,4,1.25215835407196,12.6079177035974,0.603666529839063,3.27133964117234,0.136370041808939,0.385094764810153,0.0686817973527984,9.74952376257793
"DNAP",0.00363010033444816,0.672320077105928,0.881163606731918,0.98722973683983,4,1.25231545127875,12.6157725639507,0.604400659848511,3.2673614265837,0.136403925453021,0.384707023903466,0.0682223031603755,9.76181566376042
"DNAP",0.00361204013377926,0.668975201100426,0.880861185877944,0.986890913427467,4,1.25247387498226,12.6236937495426,0.60514026822797,3.2633608167997,0.136437797863731,0.384314582508526,0.0677628957648268,9.77420014002195
"DNAP",0.00359397993311037,0.665630325094924,0.880552843387987,0.98654545558866,4,1.25263364198366,12.6316820993987,0.605885439869565,3.25933729557043,0.136471658093917,0.383917364209328,0.0673035630524039,9.78667860030012
"DNAP",0.00357591973244147,0.662285449089421,0.880238479539119,0.986193251596781,4,1.25279477420529,12.6397387102982,0.606636242446962,3.25529079350174,0.136505510463457,0.383515324707969,0.0668443151211919,9.79925226158188
"DNAP",0.00355785953177258,0.658940573083919,0.879917997369021,0.985834192818104,4,1.25295729362001,12.647864680678,0.607392776079711,3.25122084304286,0.136539349073297,0.383108376914671,0.0663851659101355,9.81192276460507
"DNAP",0.00353979933110368,0.655595697078417,0.879591290064778,0.985468159582587,4,1.25312121897161,12.6560609492046,0.608155121254204,3.24712706521498,0.136573170169021,0.382696433516191,0.0659261198657451,9.82469148194065
"DNAP",0.00352173913043478,0.652250821072915,0.879258251779354,0.985095033302331,4,1.25328657135882,12.6643285673017,0.608923331221561,3.24300956938263,0.136606983139801,0.382279500763031,0.0654671776249962,9.83755939911487
"DNAP",0.00350367892976589,0.648905945067413,0.878918770991199,0.984714689031878,4,1.25345337651137,12.6726688255236,0.609697541470307,3.23886755661193,0.136640773489782,0.381857435612809,0.0650083472251287,9.85052870095562
"DNAP",0.00348561872909699,0.645561069061911,0.878572740348237,0.984327006497125,4,1.25362165420561,12.6810827102824,0.610477809743449,3.23470099111233,0.136674549406024,0.381430195769317,0.0645496407965548,9.86360045167094
"DNAP",0.00346755852842809,0.642216193056409,0.878220044148351,0.98393185606883,4,1.25379142869904,12.6895714352683,0.611264258091237,3.23050916450075,0.136708304723308,0.380997663389995,0.0640910598717198,9.87677665581843
"DNAP",0.0034494983277592,0.638871317050906,0.877860567275115,0.983529108773943,4,1.25396273703726,12.6981368512976,0.612056991700966,3.22629214638094,0.136742036895252,0.380559818770234,0.0636326225893448,9.89005918775502
"DNAP",0.0034314381270903,0.635526441045404,0.877494191969115,0.983118632678285,4,1.25413557845629,12.7067789220729,0.612856034983013,3.22204952408894,0.136775759509585,0.380116581584638,0.0631743175751429,9.90344842029907
"DNAP",0.0034133779264214,0.632181565039902,0.87712079395605,0.982700288548592,4,1.25430999134378,12.7154995670308,0.613661536902931,3.21778082118081,0.136809448679088,0.379667857524319,0.0627161613360418,9.91694687597501
"DNAP",0.00339531772575251,0.6288366890344,0.876740255339295,0.982273944296962,4,1.25448599064305,12.7242995322575,0.614473548466843,3.21348590586241,0.136843119053276,0.379213587757661,0.062258162991548,9.93055545950419
"DNAP",0.00337725752508361,0.625491813028898,0.876352440602368,0.981839448094719,4,1.25466361294482,12.7331806471142,0.615292219744641,3.20916421046832,0.136876764858303,0.378753674229178,0.0618003216862611,9.94427667740056
"DNAP",0.00335919732441472,0.622146937023396,0.875957232065749,0.9813966680972,4,1.25484287957758,12.7421439786759,0.616117631041218,3.20481544870343,0.136910384536,0.378288043839451,0.0613426582540862,9.95811194534958
"DNAP",0.00334113712374582,0.618802061017894,0.875554488277872,0.980945445826237,4,1.25502381821689,12.7511909108149,0.616949895489117,3.20043920314069,0.136943977220513,0.377816608704484,0.0608851691254421,9.97206314267524
"DNAP",0.00332307692307692,0.615457185012392,0.875144077239383,0.980485633393644,4,1.25520645478681,12.760322739524,0.617789115498301,3.1960350966499,0.136977541898308,0.377339283974774,0.060427865653354,9.98613201697723
"DNAP",0.00330501672240803,0.61211230900689,0.874725855542773,0.980017070129875,4,1.25539081709857,12.7695408548148,0.61863539375106,3.19160281618939,0.137011077820233,0.376855999289143,0.0599707487173153,10.0003203482409
"DNAP",0.00328695652173913,0.608767433001387,0.874299691436517,0.979539608424403,4,1.25557693199294,12.7788465997004,0.619488850050728,3.18714178350351,0.137044576468632,0.376366634148161,0.0595138402710036,10.0146301459433
"DNAP",0.00326889632107023,0.605422556995885,0.87386543725399,0.979053082835894,4,1.25576483810002,12.7882419048722,0.620349620043363,3.18265169623433,0.137078044614155,0.375871117008051,0.0590571468914635,10.0290637397473
"DNAP",0.00325083612040134,0.602077680990383,0.873422946520948,0.978557329258923,4,1.25595453961918,12.7977269797227,0.621217714333559,3.17813257741538,0.137111479709575,0.375369420183713,0.0586006673707386,10.0436213282351
"DNAP",0.00323277591973244,0.598732804984881,0.87297206005209,0.978052169346967,4,1.25614608989382,12.807304495411,0.622093355659802,3.17358348209508,0.137144883872152,0.374861384331442,0.058144408134491,10.0583066789167
"DNAP",0.00321471571906355,0.595387928979379,0.872512635673229,0.977537443812258,4,1.2563395110571,12.8169755534087,0.622976633063949,3.16900407420085,0.137178244690648,0.374346912898248,0.0576883949523178,10.0731213054121
"DNAP",0.00319665551839465,0.592043052973877,0.872044510235603,0.977012969867731,4,1.25653484286125,12.8267421431342,0.623867721531621,3.16439355815981,0.137211563990941,0.373825863093359,0.057232631977422,10.0880681075267
"DNAP",0.00317859531772575,0.588698176968375,0.871567511921079,0.976478555013415,4,1.25673209089496,12.8366045449052,0.624766595418797,3.15975248803117,0.137244845012678,0.373298292678435,0.0567771035484825,10.1031468096949
"DNAP",0.00316053511705686,0.585353300962873,0.871081481612405,0.975934020979028,4,1.25693133295426,12.8465666476889,0.625673581664295,3.15507947569392,0.137278089028535,0.372763964978228,0.0563218451747293,10.118362912418
"DNAP",0.00314247491638796,0.58200842495737,0.870586263655183,0.975379193373971,4,1.25713255599108,12.8566277994686,0.626588626614002,3.15037476701644,0.137311285468983,0.372222868399273,0.055866865239981,10.1337154896203
"DNAP",0.00312441471571906,0.578663548951868,0.870081662043528,0.974813852599026,4,1.25733582328093,12.8667911627299,0.627511995904335,3.14563719751352,0.137344437108186,0.371674816360966,0.0554121573071708,10.1492090499984
"DNAP",0.00310635451505017,0.575318672946366,0.869567516818767,0.97423781944121,4,1.25754113379806,12.8770566899009,0.628443653877026,3.14086722629781,0.137377547563109,0.371119826527741,0.0549577357514677,10.1648430697908
"DNAP",0.00308829431438127,0.571973796940864,0.869043640799289,0.973650884187763,4,1.25774855676777,12.8874278384665,0.629383898058013,3.13606356394467,0.137410597122441,0.370557689239966,0.054503620799316,10.180622517509
"DNAP",0.00307023411371237,0.568628920935362,0.868509851479778,0.973052842365106,4,1.25795811641533,12.8979058195553,0.6303328168964,3.13122592398729,0.137443608063014,0.36998829971905,0.0540498209251198,10.1965489360891
"DNAP",0.00305217391304348,0.56528404492986,0.867965944282187,0.972443464770025,4,1.25816986119069,12.9084930599417,0.631290593759294,3.12635374307195,0.137476562876469,0.3694115795614,0.0535963322688905,10.2126254638725
"DNAP",0.00303411371237458,0.561939168924358,0.867411745693611,0.971822557003775,4,1.25838379022407,12.9191895109444,0.63225722834282,3.12144697289121,0.137509467559163,0.368827450952955,0.0531431740966228,10.2288520947386
"DNAP",0.00301605351170569,0.558594292918856,0.866847043203288,0.971189880975561,4,1.25859997816955,12.9299989082768,0.633233005500082,3.11650468950171,0.137542309589457,0.368235763584613,0.0526903588043379,10.2452337074427
"DNAP",0.00299799331103679,0.555249416913353,0.866271642541399,0.970545219031202,4,1.25881845135474,12.940922567938,0.634218011385185,3.11152677080119,0.137575103503295,0.367636446879818,0.0522379000338541,10.261771793506
"DNAP",0.00297993311036789,0.551904540907851,0.865685314717208,0.969888314616226,4,1.25903927332538,12.9519636658881,0.635212547994397,3.10651160909035,0.137607827173041,0.367029236533464,0.051785803532845,10.2784713542729
"DNAP",0.002961872909699,0.548559664902349,0.865087864815249,0.96921894935309,4,1.25926243306879,12.9631216539619,0.636216521101563,3.10146002225201,0.137640496077645,0.36641420623082,0.0513340723412035,10.2953309606749
"DNAP",0.0029438127090301,0.545214788896847,0.864479068110586,0.968536871466598,4,1.25948801726596,12.9744008633846,0.637230293365584,3.09637052257972,0.137673099802959,0.365791098361595,0.0508827350723922,10.3123566905704
"DNAP",0.0029257525083612,0.541869912891345,0.863858698499829,0.967841827637176,4,1.25971603382119,12.9858016909127,0.638253880936629,3.09124317466845,0.1377056408793,0.365159885621544,0.0504317847848455,10.3295488931747
"DNAP",0.00290769230769231,0.538525036885843,0.863226529833859,0.967133564494013,4,1.25994653262665,12.9973266319404,0.639287481515759,3.08607726469236,0.137738116959029,0.364520418858095,0.0499812404532125,10.346910919464
"DNAP",0.00288963210702341,0.535180160880341,0.862582322349585,0.966411813413611,4,1.2601795754882,13.0089787741126,0.640331347647811,3.08087180544683,0.137770518564609,0.363872515993406,0.0495311192748896,10.3644470312995
"DNAP",0.00287157190635452,0.531835284874838,0.861925843300846,0.965676313634028,4,1.2604151940202,13.020759700911,0.64138556731177,3.07562681980248,0.137802855355697,0.363216126844178,0.049081434941219,10.3821588543594
"DNAP",0.00285351170568562,0.528490408869336,0.861256821662193,0.96492676150634,4,1.26065344682254,13.0326723416619,0.642450433194725,3.0703406431891,0.137835114787578,0.362550978066576,0.0486321848989388,10.4000511814164
"DNAP",0.00283545150501672,0.525145532863834,0.860575028324707,0.964162900343664,4,1.26089436729884,13.0447183649298,0.643525992052585,3.06501396773158,0.137867302761799,0.36187712377073,0.0481833957062658,10.4181250489825
"DNAP",0.00281739130434783,0.521800656858332,0.859880197179755,0.963384432005731,4,1.26113798721759,13.0568993607732,0.644612420707899,3.05964560165049,0.137899415153431,0.361194334519829,0.0477350699707257,10.436383348637
"DNAP",0.00279933110367893,0.51845578085283,0.859172072340079,0.962591069804,4,1.26138435708773,13.0692178543822,0.645709911526084,3.05423493679704,0.137931446123447,0.360502478915731,0.0472872295111503,10.4548293586458
"DNAP",0.00278127090301003,0.515110904847328,0.858450341062992,0.961782463350779,4,1.26163358101744,13.0816790502984,0.646818836287341,3.04878105455617,0.137963394712263,0.359801389950114,0.0468398799161623,10.4734694844207
"DNAP",0.00276321070234114,0.511766028841826,0.857714780102592,0.960958362527937,4,1.26188564620346,13.0942823100325,0.647939180792012,3.04328357482687,0.137995264526075,0.359090948975964,0.0463930491603822,10.4923034386909
"DNAP",0.00274515050167224,0.508421152836324,0.856965042698572,0.960118378835448,4,1.26214062487812,13.1070312437516,0.649071226485276,3.03774152364899,0.138027046738666,0.358370968895567,0.0459467185020137,10.51133601654
"DNAP",0.00272709030100334,0.505076276830821,0.856200880583937,0.959262234122286,4,1.26239856527387,13.1199282637589,0.650215109700222,3.03215498232226,0.138058736474596,0.357641428374599,0.045500930560404,10.5305696713326
"DNAP",0.00270903010033445,0.501731400825319,0.855421987038356,0.958389584748032,4,1.26265952404087,13.1329762023527,0.651371110079861,3.0265223223437,0.138090346713892,0.356901993583301,0.0450557028860089,10.5500090296036
"DNAP",0.00269096989966555,0.498386524819817,0.854628050276859,0.957500081397994,4,1.26292355438029,13.1461777198705,0.652539391706683,3.02084345475445,0.138121866059059,0.356152649012347,0.0446110391201978,10.5696569852721
"DNAP",0.00267290969899666,0.495041648814315,0.853818701215881,0.956593310561821,4,1.26319070089947,13.1595350449911,0.653720164296188,3.01511719867994,0.138153285405224,0.355393150814462,0.0441669207860686,10.5895170930857
"DNAP",0.00265484949832776,0.491696772808813,0.852993679133355,0.955668980134195,4,1.26346106454234,13.1730532275982,0.654913762288045,3.00934308196266,0.138184609874861,0.354623387759201,0.0437234219448615,10.6095951349587
"DNAP",0.00263678929765886,0.488351896803311,0.852152655926161,0.954726722518048,4,1.26373464756377,13.1867323783626,0.656120218742298,3.00352068110906,0.138215838341363,0.353843232088606,0.0432805387255969,10.6298916582186
"DNAP",0.00261872909698997,0.485007020797809,0.851295219457439,0.953766075967389,4,1.26401154411526,13.2005772058624,0.657339917130598,2.99764846229945,0.138246973727422,0.353052402323466,0.0428382569161635,10.6504131727216
"DNAP",0.00260066889632107,0.481662144792307,0.850421098719203,0.952786736852857,4,1.26429176076631,13.2145880382183,0.658572861070366,2.99172665310813,0.138277995052339,0.35225089423823,0.0423966203471461,10.6711598087307
"DNAP",0.00258260869565217,0.478317268786804,0.849529897448716,0.951788261213359,4,1.2645754313657,13.2287715679682,0.659819575375329,2.9857534081921,0.138308918911715,0.35143836658582,0.0419556525556635,10.6921404647545
"DNAP",0.00256454849498328,0.474972392781302,0.848621194534222,0.950770177247694,4,1.26486257136525,13.2431285677431,0.661080128652899,2.97972833276376,0.138339727789504,0.350614719613675,0.0415153194339404,10.7133563706928
"DNAP",0.00254648829431438,0.4716275167758,0.847694703885879,0.949732164429234,4,1.26515326090687,13.2576630450343,0.662354793859784,2.97365092547294,0.138370432488821,0.349779811120777,0.0410757003433515,10.734812236304
"DNAP",0.00252842809364549,0.468282640770298,0.846749971261398,0.948673713838305,4,1.26544753421865,13.2723767109308,0.663643744409998,2.96752007715741,0.138401030638563,0.348933406047225,0.040636763313035,10.7565109919881
"DNAP",0.00251036789297659,0.464937764764796,0.845786629393971,0.947594413999999,4,1.26574551270774,13.2872756355126,0.6649474126606,2.96133478415809,0.138431510770572,0.348075326361719,0.0401985641961011,10.778460051764
"DNAP",0.00249230769230769,0.461592888759294,0.84480425480076,0.946493790456625,4,1.26604722228291,13.3023611141416,0.666265911844392,2.95509446163753,0.138461877230776,0.347205407524202,0.0397610974936953,10.8006613652362
"DNAP",0.0024742474916388,0.458248012753792,0.843802428607445,0.945371373913738,4,1.26635272501602,13.3176362508024,0.667599489588373,2.94879815523881,0.138492126277621,0.346323450971316,0.0393243790460121,10.8231191703817
"DNAP",0.0024561872909699,0.45490313674829,0.842780719746386,0.944226681415858,4,1.26666211114577,13.3331055572851,0.668948482914526,2.94244485444069,0.13852225578987,0.345429246366111,0.038888436233469,10.8458392399364
"DNAP",0.002438127090301,0.451558260742787,0.841738679549747,0.943059210288766,4,1.26697545970043,13.3487729850505,0.670313185416339,2.93603366599442,0.138552268441117,0.344522599816796,0.038453286976588,10.8688266335712
"DNAP",0.00242006688963211,0.448213384737285,0.840675857788583,0.941868456109218,4,1.26729282448464,13.3646412240411,0.67169380837503,2.92956380937821,0.13858214749326,0.343603342904181,0.0380189458195013,10.8920849857845
"DNAP",0.00240200668896321,0.444868508731783,0.83959177855007,0.940653885678512,4,1.26761424962944,13.3807124814908,0.67309052902193,2.9230345774317,0.138611905352472,0.34267128423281,0.0375854166583902,10.9156173261661
"DNAP",0.00238394648829431,0.441523632726281,0.838485967816334,0.939414967920992,4,1.26793989107745,13.396994553876,0.674503932791738,2.91644417897723,0.138641539019705,0.341726111755144,0.0371527523802222,10.9394336761335
"DNAP",0.00236588628762542,0.438178756720779,0.837357933255583,0.938151151242626,4,1.26826977337533,13.4134886687464,0.675934129013336,2.90979204115811,0.138671038158304,0.340767667338263,0.0367209543387603,10.9635359166786
"DNAP",0.00234782608695652,0.434833880715277,0.836207162394548,0.936861861483467,4,1.26860396648803,13.4301983243807,0.677381372862474,2.90307743266271,0.138700407270438,0.339795773495266,0.0362900353729289,10.9879284646178
"DNAP",0.00232976588628763,0.431489004709775,0.835033134854205,0.935546515626194,4,1.26894256251421,13.4471281250702,0.678846018376982,2.89629915086827,0.138729642083018,0.338810184928354,0.0358600213654469,11.0126173868417
"DNAP",0.00231170568561873,0.428144128704272,0.833835317038574,0.934204515845593,4,1.26928564079593,13.4642820398161,0.680328370647657,2.88945614276811,0.138758742252083,0.337810677237703,0.035430932251143,11.0376079270919
"DNAP",0.00229364548494983,0.42479925269877,0.832613162137287,0.932835249511445,4,1.2696332480553,13.4816624026252,0.681828608885608,2.8825477712182,0.138787706788611,0.336797077454682,0.0350027768632499,11.0629031881368
"DNAP",0.00227558528428094,0.421454376693268,0.831366105312551,0.93143808379613,4,1.26998555878404,13.4992779392714,0.683347402408206,2.87557182525794,0.138816531298596,0.335768995651854,0.0345756121229047,11.0885145933283
"DNAP",0.00225752508361204,0.418109500687766,0.830093557860306,0.930012359132971,4,1.27034259362224,13.5171296811723,0.684884828883419,2.86852801451016,0.138845207649386,0.334726322553159,0.034149429030934,11.1144435325095
"DNAP",0.00223946488294314,0.414764624682264,0.828794936117742,0.928557421603355,4,1.27070445043884,13.5352225218962,0.686441225469903,2.86141557434442,0.138873749503418,0.333668860033787,0.0337242586440117,11.140695909679
"DNAP",0.00222140468227425,0.411419748676762,0.827469620474059,0.927072577013602,4,1.27107120720234,13.5535603601656,0.688016949259556,2.85423268074576,0.138902142587268,0.332596260077241,0.0333001186027287,11.1672776970312
"DNAP",0.00220334448160535,0.40807487267126,0.826116980857184,0.925557119449531,4,1.27144296135484,13.5721480678116,0.689612326545716,2.84697870938999,0.13893039206958,0.331508358555754,0.0328770321916188,11.1941946415003
"DNAP",0.00218528428093646,0.404729996665758,0.824736374324298,0.924010328576953,4,1.27181977757088,13.5909888786873,0.691227631214622,2.83965242257691,0.138958492620967,0.330404886386656,0.0324550154641912,11.2214514081517
"DNAP",0.00216722408026756,0.401385120660255,0.823327135813765,0.922431459280413,4,1.27220182658713,13.6100913297766,0.692863509082706,2.83225178239908,0.138986447822546,0.329285475559585,0.0320341194174171,11.2490590428802
"DNAP",0.00214916387959866,0.398040244654753,0.821888583181841,0.920819747306161,4,1.27258912875545,13.6294564380319,0.694520015914574,2.82477674820466,0.13901424859677,0.328150039681174,0.0316143400051453,11.2770186614727
"DNAP",0.00213110367892977,0.394695368649251,0.82042001321823,0.919174404798107,4,1.2729818000642,13.6490900030843,0.696197618481751,2.81722551453027,0.139041898820912,0.326998218225261,0.0311957100313352,11.3053381897191
"DNAP",0.00211304347826087,0.391350492643749,0.818920699052428,0.917494617391958,4,1.27337994123161,13.6689970618255,0.697896690593847,2.80959689929299,0.139069397711719,0.325829761675352,0.0307782516964696,11.3340241308091
"DNAP",0.00209498327759197,0.388005616638247,0.817389908833766,0.915779565143793,4,1.27378365156881,13.6891825784433,0.699617611272543,2.80188964435897,0.139096740573319,0.324644395107769,0.0303619954132219,11.3630829857723
"DNAP",0.00207692307692308,0.384660740632745,0.815826876806373,0.914028390123301,4,1.27419301707271,13.7096508535108,0.701360702178536,2.79410268998393,0.139123929317866,0.323441879776203,0.0299469582318361,11.3925203517259
"DNAP",0.00205886287625418,0.381315864627243,0.814230815916879,0.912240210539081,4,1.27460815654652,13.7304078269773,0.703126415271779,2.78623450924397,0.139150960710331,0.322221905258561,0.0295331712774935,11.4223440242602
"DNAP",0.00187826086956522,0.347867104572221,0.796264995252575,0.89211183452465,4,1.27910044993292,13.9550224966503,0.722116722962471,2.70278102825514,0.1394125898773,0.308996901776737,0.0254700459583707,11.7433635658058
"DNAP",0.00186020066889632,0.344522228566719,0.794247226929431,0.889851186359606,4,1.27958621062646,13.979310530476,0.724158334837179,2.69392699078275,0.13943787875078,0.307565133738681,0.0250718336720287,11.7779041959004
"DNAP",0.00184214046822743,0.341177352561217,0.792185131679133,0.887540875611708,4,1.280079090902,14.0039545465158,0.726227690453685,2.68497416257628,0.139463007547307,0.306112183860176,0.0246752173987866,11.8129197369423
"DNAP",0.00182408026755853,0.337832476555715,0.790077597881073,0.885179656853983,4,1.28057916813473,14.028958406596,0.728325064511493,2.67592173729023,0.139487975654297,0.304637819361699,0.0242802178592439,11.8484150670238
"DNAP",0.00180602006688963,0.334487600550213,0.787923453092754,0.882766216516411,4,1.28108662672199,14.0543313358901,0.730451184390965,2.66676697814116,0.139512793148495,0.303141533192392,0.0238868834224678,11.884402663793
"DNAP",0.00178795986622074,0.331142724544711,0.78572154562387,0.880299264279114,4,1.28160151084017,14.0800755411518,0.732606185490517,2.65750965148107,0.139537449069522,0.301623185248558,0.0234952293527243,11.9208850898135
"DNAP",0.00176989966555184,0.327797848539209,0.783470630794236,0.877777405639093,4,1.28212400801666,14.1062004005977,0.734790819133488,2.64814680029666,0.139561953737949,0.300082235826867,0.0231053030350405,11.9578752071702
"DNAP",0.00175183946488294,0.324452972533706,0.781169476237504,0.875199259889412,4,1.28265421718704,14.1327108599992,0.737005409699916,2.63867779555133,0.139586296595396,0.298518503800058,0.0227171329335985,11.9953788627963
"DNAP",0.00173377926421405,0.321108096528204,0.778816780308194,0.872563368704833,4,1.28319227371115,14.1596136857833,0.739250545418906,2.6290998266221,0.139610488686761,0.296931433779324,0.0223307566780358,12.0334060230792
"DNAP",0.00171571906354515,0.317763220522702,0.776411227782148,0.869868258546969,4,1.28373830791226,14.1869153961807,0.741526639021066,2.61941222338376,0.139634544601253,0.295320831421605,0.0219462078121672,12.071964205407
"DNAP",0.00169765886287625,0.3144183445172,0.773951469074061,0.867112417380219,4,1.28429240751157,14.2146203753431,0.743834059563847,2.60961332300088,0.139658431574731,0.293686360806443,0.0215635124478744,12.1110597424619
"DNAP",0.00167959866220736,0.311073468511698,0.771436108517545,0.86429428154109,4,1.28485473138826,14.2427365693018,0.746173418520965,2.59970086089577,0.13968217483849,0.292027556438988,0.0211827170995816,12.1507032728014
"DNAP",0.00166153846153846,0.307728592506196,0.768863712765902,0.861412245150186,4,1.28542539559487,14.2712697802974,0.748545154334842,2.58967330745456,0.139705770527282,0.290344084367694,0.020803854309598,12.1909024497396
"DNAP",0.00164347826086957,0.304383716500694,0.766232812304915,0.858464661807082,4,1.28600452874057,14.3002264370147,0.750949751174853,2.5795289388274,0.139729221222502,0.288635584444773,0.0204269607465168,12.2316657906413
"DNAP",0.00162541806020067,0.301038840495192,0.763541899238614,0.855449842109574,4,1.28659225709783,14.3296128548885,0.753387689479827,2.56926600240845,0.139752529042321,0.286901674451433,0.0200520757702643,12.2730017133485
"DNAP",0.00160735785953177,0.297693964489689,0.760789428905687,0.852366055464646,4,1.28718870828717,14.3594354144301,0.755859454538841,2.55888273541296,0.1397757012314,0.285141991036175,0.0196792365098384,12.3149187165775
"DNAP",0.00158929765886288,0.294349088484187,0.757973797539643,0.84921150505959,4,1.28779400679741,14.3897003388297,0.75836554703457,2.54837703413353,0.139798720347152,0.283356121778615,0.0193084794561372,12.3574255012187
"DNAP",0.00157123745819398,0.291004212478685,0.755093378005188,0.845984367899971,4,1.28840829580045,14.420414790104,0.760906461065795,2.53774759314879,0.139821611183182,0.281543744027481,0.0189398497723539,12.4005309051566
"DNAP",0.00155317725752508,0.287659336473183,0.752146501273978,0.842682774055621,4,1.28903165052317,14.4515825258063,0.763482513573022,2.52699278518526,0.139844366089614,0.27970449762154,0.0185733736146693,12.444240527685
"DNAP",0.00153511705685619,0.284314460467681,0.749131447146578,0.839304796265786,4,1.28966426837286,14.4832134194721,0.766094437380126,2.51611026341847,0.139866973740293,0.277837965096036,0.0182091117254808,12.4885671649399
"DNAP",0.00151705685618729,0.280969584462179,0.746046459037117,0.835848466503424,4,1.29030621899925,14.5153109495657,0.768742521226536,2.50509852733345,0.139889466999,0.275943756127818,0.0178470911239409,12.5335159711556
"DNAP",0.00149899665551839,0.277624708456677,0.742889707763318,0.83231173540662,4,1.29095764203997,14.5478821019967,0.77142727513181,2.49395592237502,0.139911817923817,0.274021558412534,0.0174873526991873,12.5790959997429
"DNAP",0.0014809364548495,0.274279832451175,0.739659371346954,0.828692561684661,4,1.29161864938132,14.5809324693424,0.774149145947212,2.48268044214034,0.139934042503985,0.272070934918609,0.017129943440513,12.6253151547118
"DNAP",0.0014628762541806,0.270934956445672,0.736353519999885,0.824988783259786,4,1.2922893658513,14.6144682922895,0.776908622146235,2.47127010170548,0.13995614194367,0.270091478406324,0.0167749023386634,12.672182027941
"DNAP",0.00144481605351171,0.26759008044017,0.732970229866782,0.821198244701182,4,1.2929699050929,14.648495254645,0.779706098886031,2.45972371752465,0.139978108070088,0.268082927233863,0.0164222731469404,12.7197038015129
"DNAP",0.00142675585284281,0.264245204434668,0.729507503487849,0.817318708113758,4,1.29366038499032,14.6830192501656,0.782542053856525,2.44803907703735,0.139999961815906,0.266044811845033,0.0160721014486727,12.7678889090804
"DNAP",0.00140869565217391,0.260900328429166,0.725963314959756,0.813347903735129,4,1.2943609155608,14.7180457781699,0.785416910910519,2.43621444674802,0.140021686452689,0.26397678947629,0.0157244325835053,12.8167449179835
"DNAP",0.00139063545150502,0.257555452423664,0.722335531467837,0.809283442022596,4,1.29507161979269,14.7535809893644,0.788331110970375,2.42424833106508,0.140043288593063,0.261878531589628,0.0153793069154805,12.8662798098309
"DNAP",0.00137257525083612,0.254210576418162,0.718622066292939,0.805122985077517,4,1.29579257486423,14.7896287434877,0.791285005657622,2.41213860031096,0.140064773034096,0.259749592968296,0.0150367718354662,12.9164998144222
"DNAP",0.00135451505016722,0.25086570041266,0.714820716068114,0.800864064312498,4,1.29652391470763,14.8261957353791,0.794279043533087,2.39988403867926,0.140086135406234,0.257589715262506,0.0146968767677209,12.9674132103643
"DNAP",0.00133645484949833,0.247520824407157,0.710929265436744,0.79650419770727,4,1.29726571711238,14.8632858534146,0.797313578459176,2.38748253772067,0.140107383716221,0.255398458242992,0.014359666692286,13.0190262307034
"DNAP",0.00131839464882943,0.244175948401655,0.706945396469567,0.792040788322198,4,1.29801809300377,14.9009046499939,0.800388982796162,2.37493298962331,0.1401284997504,0.25317559742874,0.0140251847560166,13.0713458602278
"DNAP",0.00130033444816053,0.240831072396153,0.702866785368151,0.787471232642004,4,1.29878110567868,14.9390552840237,0.803505574549605,2.36223308018404,0.140149505857814,0.250920620663095,0.0136934777112332,13.1243777644997
"DNAP",0.00128227424749164,0.237486196390651,0.698691085292317,0.782792901336111,4,1.29955487394704,14.9777436978294,0.806663731201576,2.3493819613255,0.140170382421653,0.248633377247726,0.0133646016052709,13.1781290707888
"DNAP",0.00126421404682274,0.234141320385149,0.694415854824061,0.778003059111736,4,1.3003394477077,15.0169723844932,0.809863700755749,2.3363777391249,0.140191136107985,0.246313452914411,0.0130385976027346,13.2326043328678
"DNAP",0.00124615384615385,0.230796444379647,0.690038622106959,0.773098936573791,4,1.30113491522818,15.056745761602,0.813105831572748,2.32321870341976,0.140211766314226,0.243960504298074,0.0127155191858066,13.2878099387801
"DNAP",0.00122809364548495,0.227451568374145,0.685556865996483,0.768077709106244,4,1.30194136269245,15.097068134598,0.816390436382568,2.30990342322814,0.140232266002201,0.241574260725425,0.0123954181408046,13.343751888531
"DNAP",0.00121003344481605,0.224106692368643,0.68096802290235,0.762936504538091,4,1.3027587961714,15.1379398085416,0.819717520450391,2.29643158476469,0.140252634080176,0.239154551372174,0.0120783321512673,13.4004308262081
"DNAP",0.00119197324414716,0.22076181636314,0.676269502648011,0.75767242091186,4,1.30358729793451,15.1793648967189,0.823087429657931,2.28280113180349,0.140272861246756,0.236701013972144,0.0117643211678778,13.457853187043
"DNAP",0.00117391304347826,0.217416940357638,0.671458595375496,0.752282422182543,4,1.30442694393752,15.2213471968746,0.826500465241469,2.2690104321996,0.140292946659449,0.23421333203338,0.0114534370072272,13.5160246327252
"DNAP",0.00115585284280936,0.214072064352136,0.666532689002138,0.746763581849697,4,1.30527771422833,15.2638857120964,0.829956595545647,2.25505856035104,0.140312884761685,0.231691285268477,0.0111457255279505,13.5749450757308
"DNAP",0.00113779264214047,0.210727188346634,0.661488948363734,0.741112723478903,4,1.30613970649999,15.3069853247824,0.83345610041173,2.24094487426186,0.140332666472925,0.229134744014581,0.0108412419762394,13.63462030992
"DNAP",0.00111973244147157,0.207382312341132,0.656324682023332,0.735326831663519,4,1.30701290712353,15.3506453562024,0.836998986144185,2.226668172081,0.140352284894828,0.226543449776995,0.0105400407149463,13.6950508665674
"DNAP",0.00110167224080268,0.20403743633563,0.65103705497331,0.72940273014455,4,1.30789732801799,15.3948664009322,0.840585332593704,2.21222719433602,0.140371733871316,0.223917167307717,0.0102421700290478,13.7562386705151
"DNAP",0.00108361204013378,0.200692560330128,0.645623221673366,0.723337230862502,4,1.30879294790934,15.4396473956513,0.844215028481602,2.19762186217733,0.14039098093957,0.221255829520666,0.00994767858630705,13.8181827186299
"DNAP",0.00106555183946488,0.197347684324626,0.640080309827763,0.717127115781881,4,1.30969979568214,15.4849897839145,0.847888172356085,2.18285131766486,0.140410051910932,0.21855926584643,0.00965662584928786,13.8808853905863
"DNAP",0.00104749163879599,0.194002808319123,0.634405417525451,0.710769133687063,4,1.31061779991371,15.5308899960241,0.851604546454947,2.16791500747221,0.14042888408406,0.215827373387431,0.00936905426972527,13.9443435675018
"DNAP",0.00102943143812709,0.190657932313621,0.628595611320755,0.704259998031967,4,1.3115470260177,15.5773513009057,0.855364383822229,2.15281153594656,0.140447506664345,0.213059950697822,0.00908503506612263,14.0085620921125
"DNAP",0.00101137123745819,0.187313056308119,0.622648021721479,0.697596493922099,4,1.31248731833953,15.6243659176811,0.859167070888559,2.13754235082917,0.1404658793951,0.210257152779277,0.00880460359020989,14.073531353954
"DNAP",0.000993311036789297,0.183968180302617,0.616559465194246,0.690775054620482,4,1.31343871195277,15.6719355976384,0.86301278502553,2.12210557291507,0.140484013251774,0.207418671281364,0.00852781572130763,14.1392551175308
"DNAP",0.000975250836120402,0.180623304297115,0.610327178216586,0.683792583957986,4,1.31440107953071,15.7200539763818,0.86690102159318,2.10650230900254,0.140501840412882,0.204544719784303,0.00825472852012033,14.2057256422839
"DNAP",0.000957190635451505,0.177278428291613,0.603948106322052,0.676645659800417,4,1.31537434829084,15.7687174140748,0.870831455818551,2.09073315158524,0.14051936941266,0.201635376382661,0.00798538788146923,14.2729384844273
"DNAP",0.000939130434782609,0.173933552286111,0.597419247101036,0.669330918336532,4,1.31635853094109,15.8179265470542,0.874804206443416,2.07479617568262,0.1405365751573,0.198690459388664,0.00771986657107597,14.3408963266969
"DNAP",0.000921070234113712,0.170588676280609,0.590737623293665,0.661845023932112,4,1.31735334303768,15.8676671518842,0.87881816274988,2.05869433109894,0.140553428199203,0.195710279688902,0.00745818487451733,14.4095812578835
"DNAP",0.000903010033444816,0.167243800275106,0.58390024775526,0.654184629878288,4,1.31835872815695,15.9179364078492,0.882873120050523,2.04242726378091,0.140569874496835,0.192694898309418,0.00720040713496225,14.4789907296068
"DNAP",0.00088494983277592,0.163898924269604,0.576904153272559,0.646346411796768,4,1.3193746011567,15.9687300578102,0.886968688076529,2.02599589943374,0.140585921325265,0.18964454003734,0.00694658975417958,14.549119335337
"DNAP",0.000866889632107024,0.160554048264102,0.569746391780384,0.638327066762206,4,1.32040074306919,16.0200371534976,0.891104098192952,2.00940116570695,0.140601503868289,0.186559364767652,0.00669677261627575,14.6199546969049
"DNAP",0.000848829431438127,0.1572091722586,0.562424038865386,0.63012331834807,4,1.32143699543096,16.0718497716239,0.895278671031137,1.99264491351845,0.140616599829761,0.183439702089351,0.00645100703302998,14.691486632029
"DNAP",0.000830769230769231,0.153864296253098,0.554934204406901,0.621731928548339,4,1.32248337490377,16.1241687451894,0.89949243373709,1.97572643922783,0.140631195447874,0.180285761955153,0.00620936840809042,14.7637167696742
"DNAP",0.000812709030100335,0.150519420247596,0.547274040024182,0.613149706121168,4,1.32353929712382,16.1769648564175,0.903743232466367,1.95865097870202,0.140645187900234,0.177097990116855,0.00597185114492398,14.8366091683175
"DNAP",0.000794648829431439,0.147174544242094,0.539440739083316,0.604373506596633,4,1.32460498553135,16.2302492765499,0.90803176584935,1.94141658765145,0.140658595593095,0.173876715804431,0.00573855822304029,14.9101775605361
"DNAP",0.000776588628762542,0.143829668236592,0.531431558962303,0.595400257221871,4,1.32567993229048,16.2839966144871,0.912356174167988,1.92402748191346,0.140671312686597,0.170622378682361,0.00550949823305299,14.9843910611006
"DNAP",0.000758528428093645,0.140484792231089,0.52324381692422,0.586226952337494,4,1.32676381967677,16.3381909837527,0.916715236966438,1.90648660935228,0.140683301060845,0.167335421127414,0.00528470696995205,15.0592300439239
"DNAP",0.000740468227424749,0.137139916225587,0.514874911940587,0.576850677827846,4,1.32785672706802,16.3928363537324,0.921109143704908,1.8887931713131,0.14069454121527,0.164016331633484,0.00506426548531072,15.1346995147033
"DNAP",0.000722408026755853,0.133795040220085,0.506322250737305,0.567268528265052,4,1.32895815324091,16.4479076619696,0.925535759945532,1.87095506623064,0.140704937739018,0.16066610082262,0.00484818567267108,15.2107651847887
"DNAP",0.000704347826086957,0.130450164214583,0.497583467226803,0.557477852754326,4,1.33006790677715,16.503395338928,0.929994613350211,1.85297021425963,0.140714440333421,0.157284799867418,0.00463651721209398,15.28741920629
"DNAP",0.00068628762541806,0.127105288209081,0.488656149464511,0.547475949024053,4,1.33118587831876,16.5592939150387,0.934484980199591,1.83484245330558,0.140723013041639,0.153873354176826,0.0044293191418853,15.3646519329947
"DNAP",0.000668227424749164,0.123760412203579,0.479538078707242,0.537260331259753,4,1.33231135331264,16.6155676656384,0.93900422689225,1.81657830622132,0.140730515508022,0.1504324481843,0.00422657916264469,15.4424193617767
"DNAP",0.000650167224080267,0.120415536198077,0.470227156065474,0.526828647927459,4,1.33344430610542,16.6722153051986,0.943552205388739,1.79817733569463,0.140736920841323,0.146962610899393,0.00402836575116244,15.5207205956278
"DNAP",0.000632107023411372,0.117070660192575,0.460721331456472,0.516178602174893,4,1.33458407723538,16.7292038617994,0.948126194890137,1.77964900252024,0.140742044677072,0.14346510479258,0.00383466755453246,15.5995115456105
"DNAP",0.000614046822742475,0.113725784187072,0.451018705345408,0.505308065819214,4,1.33573107855495,16.7865539277701,0.952727515087753,1.76098975884203,0.140746017440252,0.139940520965387,0.00364559476268901,15.6788173745418
"DNAP",0.000595986622073579,0.11038090818157,0.441117571259678,0.494215126978806,4,1.33688430961965,16.8442154809825,0.957352675682946,1.74220664130314,0.140748512207763,0.136389430037555,0.00346110565112652,15.7585786480364
"DNAP",0.000577926421404682,0.107036032176068,0.431016321184833,0.482897984081668,4,1.33804367507825,16.9021837539113,0.962000850468116,1.72330497487862,0.140749563966173,0.13281310513667,0.00328124971374832,15.83878492911
"DNAP",0.000559866220735786,0.103691156170566,0.420713498295762,0.471355004943879,4,1.33920863587839,16.9604317937714,0.966669960798772,1.70429018274808,0.140749000557437,0.129212420765327,0.00310602728354693,15.9194025447288
"DNAP",0.00054180602006689,0.100346280165064,0.410207796803981,0.459584726598504,4,1.34037899165538,17.0189495827689,0.971359121482687,1.68516468653509,0.140746706989068,0.125588212926544,0.00293547590913364,16.0004186201347
"DNAP",0.000523745819397994,0.0970014041595618,0.399498130293564,0.447585931857157,4,1.34155450353708,17.0777251768299,0.976067214558021,1.66593202723039,0.140742654465274,0.121941505444257,0.00276961250505877,16.0818170406507
"DNAP",0.000505685618729097,0.0936565281540596,0.388583514074069,0.435357517501686,4,1.34273488655626,17.1367443277367,0.980792942083944,1.64659680405204,0.140736655084234,0.118273302795762,0.00260846628981843,16.1635783570912
"DNAP",0.000487625418060201,0.0903116521485576,0.377463180409291,0.422898623383071,4,1.34392008040614,17.1960040202342,0.985535780973175,1.62716129831464,0.140728570650182,0.114584954341788,0.00245205037641077,16.2456972024772
"DNAP",0.000469565217391305,0.0869667761430554,0.366136516660176,0.410208563118571,4,1.3451085837681,17.2554291884548,0.990290135869932,1.60764045008217,0.140718177946678,0.110876795343697,0.00230029575680818,16.3280796960101
"DNAP",0.000451505016722408,0.0836219001375532,0.354603208472034,0.397286984514456,4,1.3463013438069,17.3150671900048,0.995059266107605,1.58802489880148,0.14070537643848,0.107150165443198,0.0021532912411248,16.4107853035898
"DNAP",0.000433444816053512,0.0802770241320511,0.342862781735787,0.384133356392886,4,1.34749800536031,17.3749002680958,0.999841039532959,1.56832579575916,0.140690088268554,0.103406474703011,0.00201104857356123,16.4937840648091
"DNAP",0.000415384615384615,0.0769321481265489,0.33091537340003,0.370747832187033,4,1.34869783424248,17.4348917117228,1.00463308034209,1.54854509554282,0.140671960788446,0.0996460621104822,0.00187350840919408,16.5770357788326
"DNAP",0.000397324414715719,0.0735872721210469,0.318761069150022,0.357130507896135,4,1.34990012195468,17.4950060977671,1.00943249987888,1.52869084251849,0.140650725367243,0.0958692423710551,0.00174066454882774,16.6604952906415
"DNAP",0.000379264214046823,0.0702423961155447,0.306400227258876,0.343281784918828,4,1.35110632144012,17.5553160719817,1.01424437948778,1.5087475071211,0.140626543931814,0.0920772724268848,0.00161257954841137,16.7442547069413
"DNAP",0.000361204013377927,0.0668975201100426,0.293833310863352,0.32920218213989,4,1.35231560996003,17.6157804979458,1.01906347164702,1.48874722440572,0.140598800077233,0.0882737138583649,0.00148923264559713,16.8282385913325
"DNAP",0.00034314381270903,0.0635526441045404,0.281061035075103,0.314892500749343,4,1.35352623324119,17.6763116621069,1.02388471962204,1.46868902577068,0.140566986538872,0.0844558962533583,0.00137050808379532,16.9123561789353
"DNAP",0.000325083612040134,0.0602077680990384,0.268084212292244,0.300353650934093,4,1.35474151935932,17.7370759679662,1.02872045165887,1.44853145008592,0.140531742603455,0.0806242341612532,0.00125654352693711,16.996824226989
"DNAP",0.000307023411371237,0.0568628920935362,0.254903901949659,0.285586819653763,4,1.35595833593161,17.7979167966006,1.03355791256554,1.42831901043302,0.140491720913464,0.0767793222322487,0.001147207644132,17.0814340484033
"DNAP",0.000288963210702342,0.0535180160880341,0.241521258553063,0.270593300382532,4,1.35717859650508,17.8589298252507,1.03840420707195,1.40802531658944,0.140446738684534,0.0729211673093099,0.00104255327881372,17.166313351557
"DNAP",0.000270903010033445,0.0501731400825319,0.227937677451354,0.255374656428184,4,1.35840072680748,17.9200363403893,1.04324937394728,1.3877075162308,0.140396238340566,0.0690541081796618,0.000942483659949718,17.2513215418742
"DNAP",0.000252842809364549,0.0468282640770299,0.21415445904759,0.239932344723981,4,1.35963140537478,17.9815702687455,1.04812175983666,1.36724482952941,0.140340808845364,0.0651734712628426,0.00084722012582956,17.3369324100965
"DNAP",0.000234782608695652,0.0434833880715277,0.200173289474773,0.224268254363648,4,1.36086456633658,18.0432283165873,1.052996632615,1.34672234873433,0.140278797584354,0.0612790629685525,0.000756389024042515,17.4227420419447
"DNAP",0.00019866220735786,0.0367936360605234,0.171623687599001,0.192282121786937,4,1.36334292142063,18.167146071194,1.06276896698469,1.30542827675465,0.1401299885703,0.0534350751544943,0.000588538063862206,17.5952751157156
"DNAP",5.41806020066893e-05,0.0100346280165065,0.0311192970577966,0.0348651433290024,4,1.30689485995329,15.3447431366982,0.827464437107404,2.27822486910793,0.13978559956532,0.230015003368427,0.0140666268149351,13.6578742948415
"DNAP",0.0054,1.00011792564514,0.892561851531438,0.99999999440369,4,1.24109821875731,12.054910939174,0.550025429275111,3.58202506013158,0.133133086806956,0.407461443987756,0.112938598350202,8.85351984192999
"DNAP",0.0074,1.37053197218037,0.886220704378689,0.992895560009164,4,1.23336363166327,11.6681815838776,0.510012820495721,3.83881542139834,0.129710461198769,0.414858159033524,0.161182139520194,8.1874652684652
"DNAP",0.0094,1.74094601871561,0.873369585168229,0.97849754477191,4,1.22774751124209,11.3873755621095,0.47968900911114,4.04556531930511,0.126581442108591,0.41507683770354,0.206107177764367,7.68361819969982
"DNAP",0.0114,2.11136006525084,0.858098752690148,0.961388554099253,4,1.22329895208731,11.1649476045132,0.454936488582289,4.22111426249808,0.123690679078868,0.412173673175528,0.247620968573286,7.27279700621202
"DNAP",0.0134,2.48177411178608,0.841917338248867,0.943259374230137,4,1.21965389094192,10.9826945501656,0.434136513747116,4.37332826559804,0.120996497762131,0.407726697186376,0.285807374970697,6.92786223214754
"DNAP",0.0154,2.85218815832132,0.825506963150097,0.924873673587905,4,1.21663853076263,10.8319265378528,0.416503076661405,4.50617297667951,0.118473122368341,0.402459531384859,0.32077316109289,6.63564928332663
"DNAP",0.0174,3.22260220485655,0.809220205073342,0.906626469814111,4,1.21415379957181,10.7076899787152,0.401584755543669,4.62196395410201,0.116107731903083,0.396741404047733,0.352618755095561,6.38859969791902
"DNAP",0.0194,3.59301625139179,0.793253117897173,0.888737415896541,4,1.21212984613493,10.6064923067113,0.389061175182353,4.72236521549087,0.113896867378505,0.390775111011001,0.381460745168492,6.18135213844843
"DNAP",0.0214,3.96343029792702,0.77773243086073,0.871348495539981,4,1.21050599048171,10.5252995248247,0.378652308914784,4.80884283180043,0.111844350089845,0.38468814610766,0.407438274688326,6.00922609416092
"DNAP",0.0314,5.8155005306032,0.708141957314295,0.793381379829643,4,1.20618946155168,10.3094731041138,0.34754561699551,5.09528125073866,0.103872653937272,0.3548338162775,0.504159625336462,5.49591216905046
"DNAP",0.0334,6.18591457713844,0.695803604206475,0.779557852622424,4,1.20572556253126,10.2862781264919,0.343657777188731,5.13501532522861,0.10265830292725,0.349264824523154,0.51899970562829,5.43191775667277
"DNAP",0.0354,6.55632862367367,0.683932335866003,0.76625763342342,4,1.2053227702289,10.2661385113324,0.340166755729908,5.17141876357267,0.101534197278214,0.343858772004046,0.532874346787982,5.3744773001796
"DNAP",0.0374,6.92674267020891,0.672502154781537,0.753451595387078,4,1.20495678040773,10.2478390177031,0.336923394278651,5.20562860204969,0.100489154633714,0.338649589175971,0.545989602084544,5.32115813542111
"DNAP",0.0394,7.29715671674414,0.66148210516868,0.741105056564836,4,1.20462713324111,10.2313566710489,0.333936561339899,5.23752229568671,0.0995163043632214,0.333603479678707,0.5583786385423,5.2720633086159
"DNAP",0.0414,7.66757076327938,0.650853599389922,0.72919719191541,4,1.2043222529257,10.2161126456881,0.33113250804071,5.2676988146154,0.0985978653706992,0.328721162263186,0.57018030238436,5.22598799409143
"DNAP",0.0434,8.03798480981462,0.640583675998852,0.717691072405624,4,1.20404006655722,10.2020033328566,0.328499400497536,5.29624191161556,0.0977333348199992,0.324001848631937,0.581420762332599,5.18273448869546
"DNAP",0.0454,8.40839885634985,0.630652085610258,0.706564011221042,4,1.20376449986205,10.1882249941408,0.325930620375835,5.32401075572384,0.0969225315668272,0.319461630662249,0.592251002989763,5.14057725061974
"DNAP",0.0574,10.6308831355613,0.577104080157459,0.646570403986707,4,1.20236039438587,10.1180197195912,0.312604843051667,5.46934672405419,0.0927348787546306,0.295000125471918,0.64934967546628,4.92197328643529
"DNAP",0.0594,11.0012971820965,0.569040222302337,0.637535895290018,4,1.20213273772557,10.1066368858391,0.310531148788142,5.49147280641622,0.0921257191292429,0.29134363308207,0.657914807159915,4.88794631187896
"DNAP",0.0874,16.1870938335898,0.474420990927147,0.531527296912969,4,1.19958903076857,9.9794515112169,0.286818685358362,5.74692840770176,0.085307352452015,0.248848025956946,0.756570043912351,4.49944152957204
"DNAP",0.0894,16.557507880125,0.468694493977716,0.525111498492324,4,1.19939576661811,9.96978832991817,0.28511804656524,5.76448326420517,0.0849315360439211,0.24626734982393,0.76289482746434,4.47168485423587
"DNAP",0.0934,17.2983359731955,0.45756847766584,0.512646237703369,4,1.19902531341997,9.95126546281219,0.281925204674222,5.79729460432476,0.0842033737670469,0.241522189569195,0.774664811312306,4.41934664107692
"DNAP",0.0994,18.4095781128012,0.441634521881008,0.494794303220262,4,1.19850189802478,9.92509513328033,0.277391469843976,5.84417138772148,0.0828427466594582,0.234926927330264,0.791610752547138,4.34523399746327
"R",0.5143,0.996209785218842,0.892546516026367,0.99998281295575,4,1.24076658114437,12.0383290474379,0.548443576131903,3.59242934279396,0.133087144687633,0.409525457776099,0.112921474368684,8.82547197616874
"R",0.5103,0.988461702113893,0.892419693492218,0.999840724725986,4,1.24008163216289,12.0040816023518,0.54517424585032,3.61394281522763,0.132990608893507,0.413770241513545,0.112913428451568,8.76751941620448
"R",0.5083,0.984587660561419,0.892308247263526,0.999715863655711,4,1.23973891458195,11.9869457210134,0.543538143465014,3.62472051135017,0.132942228317263,0.415899806070961,0.112906658972323,8.7385089241145
"R",0.5003,0.96909149435152,0.891542835224163,0.99885831856372,4,1.23836665038389,11.9183325206843,0.536985110956015,3.66796756651437,0.132747939093393,0.424465735353672,0.112860872255463,8.62225438029895
"R",0.4983,0.965217452799045,0.891271717464047,0.998554566215203,4,1.23802324890351,11.9011622391073,0.535344730884409,3.67881333700593,0.132699179655408,0.426619111889914,0.112844753324956,8.59313811789618
"R",0.4963,0.961343411246571,0.890968748953383,0.998215129224425,4,1.2376796862573,11.8839841334835,0.533703436038072,3.68967279106101,0.132650344446109,0.428777225233991,0.112826796378053,8.56399963834886
"R",0.4823,0.934225120379249,0.887959002563914,0.994843098067747,4,1.23527095556024,11.7635476594964,0.522191055568012,3.76606532266122,0.132306447834314,0.444016132187982,0.112648921543623,8.35944590630163
"R",0.4803,0.930351078826774,0.887402464555701,0.994219569284679,4,1.2349263171989,11.7463159388943,0.520543179113143,3.77703180974387,0.132257032902368,0.446211894612712,0.112616052585695,8.33014158684054
"R",0.4783,0.9264770372743,0.886814398167325,0.993560717033626,4,1.23458157322785,11.7290787280773,0.518894571830225,3.78801145153139,0.132207546334728,0.44841235297409,0.112581296532597,8.30081803821269
"R",0.4763,0.922602995721825,0.886194842800738,0.992866585459375,4,1.23423670721709,11.7118354010745,0.517245203900031,3.79900416329351,0.132157989055539,0.450617467485681,0.11254466508948,8.27147468921867
"R",0.4743,0.91872895416935,0.885543838277634,0.992137219176979,4,1.23389172689086,11.6945863443146,0.51559510157803,3.81000988742247,0.132108363288105,0.452827249524017,0.112506136036923,8.24211200114738
"R",0.4723,0.914854912616876,0.884861427295722,0.991372666023691,4,1.23354661640325,11.6773308444331,0.51394421596924,3.82102874067228,0.132058665647001,0.455041668045072,0.112465770176958,8.21272910757352
"R",0.4703,0.910980871064401,0.884147650566596,0.990572971611581,4,1.23320141334218,11.6600706627557,0.512292688248896,3.83206025455966,0.132008899856076,0.457260735996297,0.112423467593874,8.1833283350126
"R",0.4683,0.907106829511927,0.88340255616476,0.989738189801909,4,1.23285605878908,11.6428029561544,0.510640284973864,3.84310522797639,0.131959063880381,0.459484443592242,0.112379364752471,8.15390588439501
"R",0.4383,0.848996206224808,0.86850025879111,0.973042094999422,4,1.22766345077332,11.3831725374049,0.485774654707597,4.01029348029691,0.131203544526331,0.493390890084262,0.111490609800903,7.7103734143953
"R",0.4363,0.845122164672333,0.867260728464076,0.971653361750325,4,1.22731651916069,11.3658259711804,0.484111992478259,4.02153828948012,0.131152660868343,0.495687689034235,0.11141617662186,7.68066348285384
"R",0.4343,0.841248123119858,0.865990756045812,0.970230522079351,4,1.22696950233547,11.3484751419851,0.482448768695941,4.03279511456585,0.13110171355373,0.497988982985686,0.1113398328921,7.65093676390363
"R",0.4323,0.837374081567384,0.864690405146073,0.968773647252995,4,1.22662240352431,11.3311201698012,0.480784984096789,4.044064018918,0.131050705919736,0.500294775132736,0.11126158169275,7.62119331766521
"R",0.4303,0.833500040014909,0.863359728249936,0.967282796073991,4,1.22627523236998,11.3137616141932,0.479120708744418,4.05534455730039,0.130999635203279,0.502605042147725,0.111181374231462,7.59143418839418
"R",0.4283,0.829625998462435,0.861998793173719,0.965758044521742,4,1.22592796000144,11.2963980168136,0.477455783045055,4.06663763536978,0.130948503929476,0.504919811081043,0.111099330973156,7.56165691075326
"R",0.4263,0.82575195690996,0.860607657730974,0.964199457368848,4,1.22558061810309,11.2790309885789,0.475790380509101,4.07794228432959,0.130897311531288,0.507239038510052,0.111015334168462,7.53186417444074
"R",0.4243,0.821877915357486,0.859186385635296,0.962607105998144,4,1.22523321365234,11.2616606832226,0.474124514220462,4.08925845405212,0.130846061295002,0.509562715650643,0.11092937838819,7.50205618610379
"R",0.4223,0.818003873805011,0.857735039778206,0.960981060871437,4,1.22488571212636,11.2442855775475,0.472458024573302,4.10058701966073,0.130794744957206,0.51189088809532,0.110841576508864,7.47223046008906
"R",0.4203,0.814129832252536,0.856253682441307,0.959321391767198,4,1.2245381452063,11.2269072843757,0.470791086883093,4.11192699368338,0.130743372257133,0.514223481930504,0.110751822583551,7.44238968903262
"R",0.4183,0.810255790700062,0.854742378862995,0.957628171776604,4,1.22419050800382,11.2095253957457,0.469123653882998,4.12327864958869,0.130691939682362,0.516560526186927,0.110660137856285,7.41253316938276
"R",0.4163,0.806381749147587,0.853201194531411,0.955901474270639,4,1.22384280024396,11.1921399916576,0.46745573505266,4.13464193221259,0.130640447449935,0.518902005953561,0.110566525905477,7.38266103859201
"R",0.4143,0.802507707595113,0.851630192340255,0.95414136971355,4,1.22349501781596,11.1747510345438,0.465787333308874,4.14601677942708,0.130588895734256,0.52124791479107,0.110470982942437,7.35277332308164
"R",0.4123,0.798633666042638,0.850029444693808,0.95234793922496,4,1.2231471753783,11.1573587942618,0.464118467811676,4.15740316526405,0.130537286511043,0.523598245622048,0.110373509246834,7.32287032922523
"R",0.4103,0.794759624490163,0.848399013668581,0.950521252353562,4,1.22279926317235,11.1399631949819,0.462449137006599,4.16880104333786,0.130485618452445,0.525952994767198,0.110274101586965,7.29295202652187
"R",0.4083,0.790885582937689,0.846738970149944,0.948661388517237,4,1.22245128657767,11.1225643450352,0.460779354276388,4.18021033160833,0.130433892727553,0.528312149588417,0.11017275598475,7.26301861131173
"R",0.4063,0.787011541385214,0.845049378190151,0.946768419478242,4,1.2221032475316,11.1051623604245,0.459109126201444,4.19163103573894,0.130382111550925,0.530675715753392,0.110069470168975,7.23307019707414
"R",0.4043,0.78313749983274,0.843330310430999,0.944842426622305,4,1.22175514838898,11.0877574327786,0.457438482446037,4.20306294056536,0.130330264994224,0.533043672380688,0.109964222736949,7.20310721401245
"R",0.4023,0.779263458280265,0.841581837975809,0.942883489611492,4,1.22140697997543,11.0703489947067,0.455767357147623,4.21450642565823,0.130278369486538,0.535416029275905,0.109857074295512,7.17312866154278
"R",0.4003,0.77538941672779,0.83980402863908,0.940891684423168,4,1.22105875827852,11.052937934142,0.454095847259939,4.22596096050514,0.130226414913319,0.537792763605075,0.1097479508338,7.14313602582614
"R",0.3983,0.771515375175316,0.837996952362394,0.938867089417822,4,1.22071047777381,11.0355239028656,0.452423917691866,4.23742672753009,0.130174403536469,0.540173881017141,0.109636880720679,7.11312875097466
"R",0.3643,0.705656668783248,0.802870596231655,0.899512555192667,4,1.2147818913858,10.7390945573057,0.423944530894258,4.43401735244162,0.129281837010528,0.581318636021697,0.107447295357741,6.6008786413357
"R",0.3623,0.701782627230773,0.800549514485521,0.896912083607239,4,1.21443272571148,10.7216362751835,0.422266219643991,4.44567796272241,0.129228851976082,0.583777888267418,0.107300611375302,6.57062495553985
"R",0.3603,0.697908585678298,0.798200614110145,0.894280444849432,4,1.21408353716682,10.7041768543216,0.420587688539102,4.45734874806173,0.129175820982563,0.586241448045979,0.107151869196066,6.54035962021205
"R",0.3503,0.678538377915925,0.786041741588663,0.880658002401802,4,1.21233700051298,10.6168500272824,0.412190714336283,4.51585881733816,0.128909876466889,0.598623987738323,0.106377810832442,6.38884139480389
"R",0.3463,0.670790294810976,0.78098634513289,0.874994085196728,4,1.21163811715207,10.5819058629372,0.408829993729912,4.5393351177024,0.12880314210639,0.603607218259806,0.106053917588485,6.32814576217615
"R",0.3363,0.651420087048603,0.7678740518075,0.860303458177983,4,1.20989025211746,10.4945126274336,0.400423585657866,4.59820498410802,0.128535429056546,0.616140944774855,0.105208162171117,6.176188175241
"R",0.3323,0.643672003943654,0.762441379587319,0.85421685232489,4,1.20919084452664,10.4595422373996,0.39705923013565,4.62182420074075,0.128427996456448,0.621184761347746,0.104855339119906,6.11531814742061
"R",0.3303,0.639797962391179,0.75968515058439,0.851128854576863,4,1.20884108402725,10.442054204664,0.395376675017715,4.63364901523515,0.128374203815547,0.623713183682981,0.104675791696627,6.08486452352435
"R",0.3283,0.635923920838705,0.756902438097291,0.848011185513647,4,1.20849128519478,10.4245642699447,0.393693870949919,4.64548394657792,0.128320359995235,0.626245956117597,0.104494146682054,6.05439850240304
"R",0.3243,0.628175837733756,0.75125791110856,0.841687223821291,4,1.2077915728494,10.3895786402913,0.39032751638145,4.66918416929461,0.128212531385508,0.631324574672978,0.104124537406339,5.99342920023138
"R",0.3223,0.624301796181281,0.748396266512074,0.838481121548871,4,1.20744165788095,10.3720828895604,0.388643968510709,4.68104941688514,0.128158541954049,0.633870431029423,0.103936559738781,5.96292590345185
"R",0.3183,0.616553713076332,0.74259465002154,0.831981161408167,4,1.20674170803755,10.3370854153649,0.385276128240617,4.70481020570625,0.128050412273613,0.638975284307186,0.103554225279778,5.90188188953655
"R",0.3163,0.612679671523857,0.739654847206682,0.828687492971227,4,1.20639167285605,10.3195836336957,0.383591837114265,4.7167057418168,0.127996275602246,0.641534294148611,0.103359855691139,5.87134111513119
"R",0.3143,0.608805629971383,0.736688421354956,0.825363996868369,4,1.20604142387983,10.3020711825588,0.38190656920609,4.72861504825951,0.127942081610487,0.644098291942564,0.103163439795192,5.84077499028106
"R",0.3123,0.604931588418908,0.733697692853933,0.822013272793444,4,1.205691476214,10.2845738101816,0.38022250788717,4.74052706423182,0.127887853088572,0.646665524036632,0.102964671183183,5.81022187752758
"R",0.3103,0.601057546866434,0.730680512074,0.818632912364784,4,1.20534131290368,10.2670656506203,0.37853746658215,4.75245285021885,0.127833571120132,0.64923776375797,0.102763834239812,5.77964329127647
"R",0.3083,0.597183505313959,0.727637717100728,0.815223854548766,4,1.20499110549287,10.2495553208014,0.376852174478824,4.76438874164852,0.127779234241751,0.651814429399082,0.102560845260844,5.74905203244926
"R",0.3063,0.593309463761484,0.724569381628637,0.811786181910555,4,1.20464085485147,10.232042753188,0.375166628445148,4.77633475396989,0.12772485091149,0.654395544103732,0.10235567132999,5.71844801114677
"R",0.3043,0.58943542220901,0.721475605162548,0.808320005932423,4,1.20429055693812,10.214527847491,0.373480823638054,4.78829087179239,0.127670419250195,0.656981109770391,0.102148312770185,5.6878311382088
"R",0.3003,0.581687339104061,0.715212068278407,0.801302523795649,4,1.20358981885375,10.1794909414722,0.370108439102081,4.8122334756197,0.127561408493887,0.662165642247127,0.101727014326677,5.62655869555634
"R",0.2983,0.577813297551586,0.712042481112678,0.797751411743804,4,1.20323937597328,10.1619688182816,0.368421849791938,4.824220018997,0.12750682951964,0.664764643682807,0.101513052211833,5.59590293542429
"R",0.2963,0.573939255999111,0.708847796429363,0.794172181172886,4,1.20288889233666,10.1444446252101,0.366735027025338,4.83621666616517,0.127452198548196,0.667368159727437,0.10129685879083,5.56523460733257
"R",0.2943,0.570065214446637,0.705628105289318,0.790564934104794,4,1.20253833485122,10.1269168022293,0.365047864340392,4.84822358957328,0.12739752063317,0.669976176226418,0.101078464102122,5.53455189007981
"R",0.2923,0.566191172894162,0.702383491659191,0.786929764613288,4,1.20218773562512,10.1093867776832,0.363360460231362,4.86024068029646,0.127342793697834,0.672588738109197,0.10085781740822,5.50385640038127
"R",0.2903,0.562317131341688,0.699114046070378,0.783266774127075,4,1.20183708093274,10.0918540465694,0.361672775670688,4.87226800733696,0.127288016347822,0.675205856876877,0.100634923484752,5.47314752451859
"R",0.2883,0.558443089789213,0.69581985437174,0.779576058828689,4,1.20148636890784,10.07431843455,0.359984807039722,4.8843055830703,0.127233189793444,0.677827542745979,0.100409773968562,5.44242507948272
"R",0.2863,0.554569048236738,0.69250100133917,0.775857713698543,4,1.20113560605802,10.0567803033575,0.358296606262491,4.89635302296289,0.127178317382518,0.680453788618075,0.100182306717455,5.41168982633742
"R",0.2823,0.546820965131789,0.685789672053439,0.768338538151597,4,1.20043386963784,10.0216934903487,0.354919126596413,4.92048017559916,0.127068410763208,0.685720207761826,0.0997206747275039,5.3501750362675
"R",0.2803,0.542946923579315,0.682397370333804,0.764537903277016,4,1.20008291116302,10.0041455512299,0.353229959949827,4.93255909683294,0.12701338491959,0.688360362448385,0.0994863899526572,5.31939707939238
"R",0.2783,0.53907288202684,0.67897989884156,0.760709068930964,4,1.19973178943669,9.98658947166913,0.351540003706635,4.94465180667211,0.126958296351977,0.691005867871069,0.0992497727172719,5.28859640125152
"R",0.2763,0.535198840474365,0.675539921044782,0.75685501918458,4,1.19938079079182,9.96903950249338,0.34985067393341,4.95674822799687,0.126903181906342,0.69365469381999,0.0990108790212176,5.25779826923982
"R",0.2743,0.531324798921891,0.672074952026012,0.752972970009575,4,1.19902962273517,9.95148111674879,0.348160533351425,4.9688585386143,0.126848007079521,0.69630891509539,0.0987696244118914,5.2269770177424
"R",0.2723,0.527450757369416,0.668585934721893,0.749063977844375,4,1.19867838311229,9.93391912639648,0.346470060886302,4.98097940544666,0.126792777727478,0.698967873604118,0.0985260293159015,5.19614111417269
"R",0.2703,0.523576715816942,0.665072955898515,0.745128139899149,4,1.19832705648562,9.91635284737164,0.344779230301992,4.9931106819198,0.126737504083965,0.701631554327868,0.0982800704116902,5.16528998249722
"R",0.2683,0.519702674264467,0.661535216633674,0.741164561085006,4,1.19797557566037,9.89877878467721,0.343087625368501,5.00525597959078,0.126682153942835,0.704300742802775,0.0980316944325378,5.1344162627232
"R",0.2663,0.515828632711992,0.657975465461507,0.737176320778591,4,1.19762419752691,9.88120985142435,0.341396541526581,5.0174057145592,0.126626786369018,0.706973402610739,0.0977810292021081,5.10354331138121
"R",0.2643,0.511954591159518,0.654391123764552,0.733160529972893,4,1.19727265887208,9.86363300101887,0.339704710080039,5.02956915290355,0.12657135685823,0.709651573980693,0.0975278833317541,5.07264795162285
"R",0.2623,0.508080549607043,0.650783171646483,0.729118286747187,4,1.1969209044485,9.84604522243287,0.338012074985327,5.0417438818133,0.126515868751184,0.712334465434369,0.0972725213596663,5.04172949736211
"R",0.2603,0.504206508054569,0.647151688705772,0.725049680281251,4,1.19656926180089,9.82846306960429,0.336319713056053,5.05392852210715,0.126460335601704,0.715022458420521,0.0970144097708971,5.01080671853765
"R",0.2583,0.500332466502094,0.643496767982194,0.72095481481411,4,1.19621742947741,9.81087147998273,0.334626590329664,5.06612505680576,0.126404740346489,0.717715329958778,0.0967540589870684,4.97986179281562
"R",0.2563,0.496458424949619,0.639818491383893,0.716833782113232,4,1.19586532449291,9.79326622448609,0.332932553724464,5.07833240777071,0.126349094268652,0.720412879301659,0.0964914361426866,4.94889137288246
"R",0.2543,0.492584383397145,0.636116945283141,0.712686678947568,4,1.19551347172288,9.77567356635662,0.331239131871044,5.09055058223541,0.126293404056064,0.72311591526723,0.0962259082300767,4.91792301993642
"R",0.2523,0.48871034184467,0.63239222252516,0.708513609338168,4,1.19516136449655,9.75806808283146,0.329544878292719,5.10277928023637,0.126237668663368,0.725823664831618,0.0959580289131959,4.88693034288494
"R",0.2503,0.484836300292196,0.62864438629895,0.704314644080124,4,1.19480912480373,9.74045621736458,0.327850053191269,5.11501992201938,0.126181865207612,0.728536531471023,0.0956877251905834,4.85591867602999
"R",0.2483,0.480962258739721,0.624873548226943,0.70008990823192,4,1.19445676021271,9.72283801500071,0.326154634899151,5.12727279326715,0.126126005503284,0.731254566254553,0.0954149901816453,4.82488776398278
"R",0.2463,0.477088217187246,0.621079778679318,0.695839480634231,4,1.19410430083057,9.70521501880927,0.324458868363752,5.13953618302841,0.126070084346199,0.733977664013342,0.0951396423729636,4.79384097398766
"R",0.2443,0.473214175634772,0.617263172483161,0.691563467528529,4,1.1937517226229,9.68758609733655,0.322762598539179,5.15181112274858,0.126014117904702,0.73670593353502,0.0948617392878531,4.76277605275946
"R",0.2423,0.469340134082297,0.613423805812518,0.68726195425797,4,1.19339902105682,9.66995106264672,0.321065818950201,5.16409765411826,0.125958096065476,0.739439412012027,0.0945812677408532,4.73169276562623
"R",0.2403,0.465466092529823,0.609561765862925,0.682935038513864,4,1.19304620842829,9.65231047485847,0.319368629552039,5.17639503489625,0.125902033255995,0.742178063549129,0.0942981224670436,4.70059244641655
"R",0.2383,0.461592050977348,0.605677137543868,0.678582815426297,4,1.19269325186859,9.63466259372098,0.31767077937815,5.18870507808967,0.125845898764751,0.744922097472878,0.0940124477676854,4.66947143805536
"R",0.2363,0.457718009424873,0.60177000543402,0.674205379754719,4,1.19234014374231,9.61700716261913,0.315972266667184,5.201027729757,0.125789699108541,0.747671514800294,0.0937242427414967,4.6383295196552
"R",0.2343,0.453843967872399,0.597840451149842,0.669802822939811,4,1.19198692380583,9.59934618278803,0.314273390540143,5.21336085843227,0.125733461684149,0.750426188409457,0.093433224498859,4.60717094740067
"R",0.2323,0.449969926319924,0.593888559959616,0.665375240513641,4,1.19163353259174,9.58167663596631,0.312573712243643,5.22570764268746,0.125677148785489,0.753186418493959,0.09313970282345,4.57598932695865
"R",0.2303,0.44609588476745,0.589914414520472,0.660922725082824,4,1.19128001809652,9.56400092296577,0.310873625742264,5.23806517399676,0.125620797565778,0.755951993360468,0.0928433422094372,4.54479012917818
"R",0.2283,0.442221843214975,0.585918098409685,0.656445370284872,4,1.19092633684413,9.54631683303852,0.309172807635707,5.25043575681633,0.12556437442361,0.758723166525103,0.0925443388179064,4.51356869227529
"R",0.2263,0.438347801662501,0.581899693290675,0.651943267613077,4,1.19057249351494,9.52862469179119,0.307471334762586,5.26281885448778,0.125507894838013,0.761499911987119,0.092242611622995,4.4823259045498
"R",0.2243,0.434473760110026,0.577859282098566,0.647416509985508,4,1.19021848623337,9.5109243180087,0.30576918908758,5.27521458000346,0.125451358739768,0.764282284632133,0.0919381376741683,4.45106144616966
"R",0.2223,0.430599718557551,0.573796947481171,0.642865189998337,4,1.18986429459724,9.49321473985911,0.304066266790684,5.28762360576693,0.12539475509557,0.767070376629162,0.0916309571021172,4.4197736227567
"R",0.2203,0.426725677005077,0.569712769869124,0.638289397763678,4,1.189509940483,9.47549701905371,0.302362712174534,5.3000450063606,0.125338094477158,0.769864176374077,0.0913209130268976,4.38846448229118
"R",0.2183,0.422851635452602,0.565606846551629,0.633689242281487,4,1.18915540197671,9.45777005345624,0.300658413787812,5.31247937369758,0.125281369360082,0.772663769417953,0.0910080364914311,4.35713226439934
"R",0.2163,0.418977593900128,0.56147922012998,0.629064771280998,4,1.18880067810605,9.44003356432409,0.298953355112184,5.32492695331223,0.125224584526299,0.775469217060132,0.0906923204040491,4.32577642888243
"R",0.2143,0.415103552347653,0.55732998996632,0.624416096084629,4,1.18844576755292,9.42228840001843,0.297247567131846,5.33738783848333,0.12516774094149,0.778280626218415,0.0903736852974695,4.29439775765054
"R",0.2123,0.411229510795178,0.553158206372108,0.619742152689325,4,1.18809046033082,9.40452301666451,0.295540150129643,5.34986614434619,0.125110817561381,0.781098595964685,0.090052302757647,4.26297992273778
"R",0.2103,0.407355469242704,0.548967073823696,0.615046531295955,4,1.18773529614489,9.38676480092878,0.293833373432792,5.36235047216129,0.125053851693821,0.783921343671767,0.0897278277275907,4.23156335304287
"R",0.2083,0.403481427690229,0.544753535609078,0.610325807254468,4,1.18737977374982,9.36898868204869,0.292125198458676,5.37485114913769,0.124996821453193,0.786750757829542,0.0894003160394931,4.20011112652777
"R",0.2063,0.399607386137755,0.540518716515906,0.605581240743805,4,1.1870238049346,9.35119025476771,0.290415134622286,5.38736995143798,0.124939721365809,0.789586436058198,0.0890704187897078,4.16861683379918
"R",0.2043,0.39573334458528,0.536262696386979,0.600812921217481,4,1.18666797561386,9.33339881131617,0.288705583589106,5.39989871212826,0.124882528789856,0.79242852107983,0.08873673704381,4.13711957983759
"R",0.2023,0.391859303032805,0.53198555065695,0.59602093319026,4,1.18631174361962,9.31558717422179,0.286994490999719,5.41244318854678,0.124825294020372,0.795276787895024,0.0884003184060743,4.10558491306882
"R",0.2003,0.387985261480331,0.527687359337105,0.591205366304429,4,1.18595528548521,9.29776428275499,0.285282573281619,5.42500109848153,0.124768010132853,0.798131354019425,0.0880607018638106,4.07402454231851
"R",0.1983,0.384111219927856,0.523368200056026,0.586366307532763,4,1.18559852161183,9.27992608155411,0.283569262403095,5.43757648792674,0.124710605732781,0.800992647811,0.0877182589208311,4.0424301389385
"R",0.1963,0.380237178375382,0.519028148935692,0.581503842160084,4,1.18524149454764,9.26207472333085,0.281855079623356,5.4501648275571,0.124653180198344,0.803860247913751,0.0873725092769554,4.01080850707445
"R",0.1943,0.376363136822907,0.514667286272352,0.576618060147944,4,1.18488428515432,9.24421429995974,0.280140066659678,5.46276853015394,0.124595655951278,0.806734663610386,0.0870234972204987,3.9791615358258
"R",0.1923,0.372489095270432,0.510285677566859,0.571709034881567,4,1.18452672047268,9.22633602098134,0.278423545712168,5.47538969423601,0.12453804332006,0.809615925312757,0.0866715273676302,3.94747784725618
"R",0.1903,0.368615053717958,0.505883408564796,0.566776862427776,4,1.18416890899493,9.20844545404188,0.276706229759835,5.48802381151625,0.12448040219927,0.812503755662157,0.0863160363588735,3.9157678250736
"R",0.1883,0.364741012165483,0.50146055391176,0.561821626417302,4,1.18381075936289,9.19053794929242,0.274987381585152,5.50067656884007,0.124422645929989,0.815398750500607,0.0859575295651184,3.88402086258106
"R",0.1863,0.360866970613009,0.497017180787102,0.556843402115908,4,1.18345234593459,9.17261729934398,0.273267650794513,5.51334307157285,0.12436483376917,0.818300533220727,0.0855954827006851,3.85224586688691
"R",0.1843,0.356992929060534,0.492553369293547,0.551842279268326,4,1.18309356509999,9.15467816927704,0.271546272853684,5.52602866974027,0.124306919785511,0.821209671865678,0.0852303212079031,3.82043182631976
"R",0.1823,0.353118887508059,0.488069193917185,0.546818341326576,4,1.18273449833173,9.13672491291523,0.269823990540189,5.53872794599983,0.12424899413707,0.824125660137466,0.0848615135152554,3.78858874978489
"R",0.1803,0.349244845955585,0.483564722356707,0.541771664138277,4,1.18237509598773,9.11875475847545,0.26810020405294,5.5514460554763,0.124190920800664,0.827049277430221,0.0844893502458987,3.75670860751576
"R",0.1783,0.34537080440311,0.47904003229847,0.536702334740933,4,1.18201532248812,9.10076612290206,0.266375001190081,5.56418109868389,0.124132792136582,0.829980186488807,0.0841137489424217,3.7247915508857
"R",0.1763,0.341496762850636,0.474495195315139,0.53161043332245,4,1.18165512681558,9.08275633870884,0.264648125623544,5.57693436880381,0.124074567558409,0.832918654640154,0.0837346815015201,3.69283352394922
"R",0.1743,0.337622721298161,0.469930278616399,0.526496035182578,4,1.18129471723412,9.06473586886681,0.262920183827761,5.58970600095513,0.124016260180561,0.835865029657071,0.0833519526733916,3.66084531616069
"R",0.1723,0.333748679745686,0.46534535556865,0.52135922251887,4,1.18093383980284,9.04669198963798,0.261190701319393,5.60249331422974,0.123957903131651,0.838818742410912,0.0829654898223195,3.62881631851775
"R",0.1703,0.329874638193212,0.460740496550304,0.516200074181222,4,1.18057253883085,9.02862690792203,0.259459263847642,5.61530255272483,0.123899404070176,0.841780723984557,0.0825756530128282,3.59674251975715
"R",0.1683,0.326000596640737,0.456115769330845,0.511018666096569,4,1.18021091450381,9.01054575147642,0.257726913416157,5.62812542432735,0.123840897222726,0.844750217026474,0.082181589426921,3.56463766335231
"R",0.1663,0.322126555088263,0.451471245214496,0.505815078152062,4,1.17984879712819,8.99243986356189,0.255992150563339,5.64097355392213,0.123782232118847,0.847728442096904,0.0817843221370182,3.53248090622389
"R",0.1643,0.318252513535788,0.446806991413297,0.500589385650087,4,1.1794862425354,8.97431204397788,0.254255856875555,5.65383884654419,0.123723493191398,0.850714697689394,0.0813830073489142,3.50028338284906
"R",0.1623,0.314378471983313,0.442123075062511,0.495341663807016,4,1.17912328366515,8.95616416773272,0.252518091094375,5.6667221070762,0.123664682677231,0.853709216563402,0.0809776169653451,3.46804622872118
"R",0.1603,0.310504430430839,0.437419565528604,0.490071990338993,4,1.1787597855834,8.93798923924295,0.250777826930333,5.67963067339481,0.123605718017267,0.856712758112922,0.080568770716642,3.43575466795251
"R",0.1583,0.306630388878364,0.432696527008332,0.484780437170171,4,1.17839585378606,8.91979255389795,0.249036007516307,5.69255748596441,0.123546691706745,0.859724784697431,0.0801556809955386,3.40342139075634
"R",0.1563,0.30275634732589,0.427954019740236,0.479467071790037,4,1.17803144162382,8.90157208231859,0.247292342390844,5.7055047422362,0.123487572794414,0.862745622388402,0.079738461714061,3.37104203706158
"R",0.1523,0.29500826422094,0.418410881403181,0.468775220836208,4,1.17730109566211,8.8650547675163,0.243798807824147,5.73146574433799,0.123369024781863,0.86881476128706,0.0788916371530314,3.30613458743297
"R",0.1503,0.291134222668466,0.413610388593932,0.463396890164616,4,1.17693505642911,8.84675299443637,0.242048768764355,5.7444788149975,0.123309629102583,0.871863039712946,0.0784619129263085,3.27360196743896
"R",0.1483,0.287260181115991,0.408790660440147,0.457997008779877,4,1.17656849851161,8.82842486881625,0.240296466495356,5.7575162308069,0.123250074812182,0.87492118273803,0.0780278497671335,3.24101661198017
"R",0.1463,0.283386139563517,0.403951800191787,0.452575692360206,4,1.17620136099058,8.81006796212368,0.238541916614826,5.77057669604979,0.12319043502306,0.877988966467814,0.0775893857103756,3.20837724581193
"R",0.1423,0.275638056458567,0.394216880679543,0.441668975429539,4,1.17546526525991,8.77326319871349,0.235025576369071,5.79677035632865,0.123070819787126,0.884154534116612,0.0766989665424281,3.14292800694058
"R",0.1403,0.271764014906093,0.389320940042005,0.436183707824008,4,1.17509632250396,8.75481623058631,0.233264038627364,5.80990193491168,0.123010881473797,0.887252466241302,0.0762465912448624,3.11012067766417
"R",0.1383,0.267889973353618,0.384406091175881,0.4306772559964,4,1.17472666458216,8.73633328704025,0.231499452851005,5.82306198946298,0.122950787353193,0.890361200943246,0.0757897700423567,3.07724625243237
"R",0.1363,0.264015931801144,0.379472394952643,0.425149688145318,4,1.17435629012616,8.71781451375118,0.229731861338189,5.83625057862814,0.122890532778638,0.893480932018167,0.0753283547044068,3.04430484310015
"R",0.1343,0.260141890248669,0.374519905276179,0.419601064663089,4,1.17398525500277,8.69926274547431,0.227961779811722,5.84946397463513,0.122830199503466,0.896611470859406,0.0748618192901069,3.01130314238236
"R",0.1303,0.25239380714372,0.364558769656937,0.408440901872796,4,1.17324098881533,8.66204956972824,0.2244130546114,5.87597227088059,0.12270913041454,0.902906327536158,0.0739135682771381,2.94510054451963
"R",0.1283,0.248519765591245,0.359550228106774,0.40282947952314,4,1.17286768190004,8.64338408551097,0.222634067261924,5.88926926942725,0.122648375602818,0.906071184590246,0.0734317620538653,2.91189322892513
"R",0.1263,0.244645724038771,0.354523111796679,0.39719724655986,4,1.17249356352359,8.62467817166799,0.220851361528771,5.90260140661559,0.122587444625963,0.909248781140053,0.0729449655595145,2.87860734067578
"R",0.1243,0.240771682486296,0.349477470595315,0.391544258854336,4,1.17211863930282,8.60593197503133,0.219065979189069,5.91595771710087,0.122526493295539,0.912437863887825,0.0724523236585744,2.8452540118609
"R",0.1223,0.236897640933821,0.344413369661675,0.385870589408783,4,1.17174281684928,8.58714078066271,0.217276780774107,5.92934846190172,0.122465328581455,0.91563994192125,0.0719544118044358,2.81181805952853
"R",0.1203,0.233023599381347,0.339330817035762,0.380176247230984,4,1.17136614429158,8.56830725449838,0.215484393668447,5.94276880448008,0.122404017850995,0.918854674033553,0.0714506631381737,2.77830707116428
"R",0.1183,0.229149557828872,0.334229898272421,0.374461328174067,4,1.17098852379676,8.54942631767167,0.213688110845108,5.95622376003994,0.122342551830664,0.922082801837476,0.0709412859719887,2.74471064556383
"R",0.1163,0.225275516276398,0.329110667787112,0.368725893203508,4,1.1706099069827,8.53049553621378,0.211887666985149,5.96971525520119,0.122280864289116,0.925324778457433,0.0704262694771567,2.71102428626322
"R",0.1123,0.217527433171448,0.318817348514156,0.357193561637141,4,1.16984980634224,8.49249028196394,0.208275968994622,5.99679507752751,0.122157228031173,0.931849884094032,0.0693771833666326,2.6434005430258
"R",0.1103,0.213653391618974,0.313643391053817,0.351396812176578,4,1.1694680939403,8.47340498427845,0.206463150276232,6.01039482961166,0.122095053968555,0.935134840654647,0.0688436398569308,2.60944031632341
"R",0.1083,0.209779350066499,0.308451260357732,0.345579701958256,4,1.16908535174765,8.45426770034974,0.204646826627552,6.02402524597326,0.122032832743799,0.938433872070588,0.0683031552108628,2.57539368808064
"R",0.1063,0.205905308514025,0.303241023589446,0.33974230623023,4,1.16870092245675,8.43504612282299,0.202822829723676,6.03771201393387,0.121970293783995,0.94174958656194,0.0677579356151757,2.54120075498452
"R",0.1043,0.20203126696155,0.298012712294234,0.333884660334898,4,1.16831636259322,8.41581811922083,0.200999280071443,6.05141481741994,0.121907693100964,0.945080265556798,0.0672026781770079,2.50698415956001
"R",0.1023,0.198157225409075,0.292766364965275,0.328006807398884,4,1.16793009661223,8.39650486041094,0.199168588743294,6.06516924009507,0.121844820762931,0.948427658975785,0.0666418428671454,2.47262499098659
"R",0.1003,0.194283183856601,0.287502012944366,0.322108782536612,4,1.16754254055576,8.37712696295636,0.197332415419222,6.07897040699067,0.121781672046553,0.951792444231446,0.0660741030531112,2.43814988721574
"R",0.0983,0.190409142304126,0.28221969447218,0.316190628591806,4,1.16715353100731,8.35767684412945,0.195491296246312,6.09280853084481,0.121718533673936,0.955173277287028,0.0654986858913585,2.40356055555654
"R",0.0963,0.186535100751652,0.276919434578724,0.310252373607347,4,1.16676328144272,8.33816408298314,0.193644956939725,6.10669325148154,0.121655131757404,0.958572453870403,0.0649155605595969,2.36885747732582
"R",0.0943,0.182661059199177,0.2716012740619,0.304294063292003,4,1.16637139586935,8.31856979382776,0.191791471602371,6.12063502930594,0.121591287873101,0.961991073274622,0.0643255880574597,2.33401027384407
"R",0.0923,0.178787017646703,0.266265235354247,0.298315722778531,4,1.16597807341487,8.29890366335094,0.189932922509879,6.13461755816672,0.121527471921258,0.965427749427361,0.0637268728136663,2.29904533460975
"R",0.0903,0.174912976094228,0.260911348431705,0.292317385651088,4,1.16558344025013,8.27917197409856,0.188069016558579,6.14864904758849,0.121463368354205,0.968884297133994,0.0631195548926456,2.26396102433038
"R",0.0883,0.171038934541753,0.255539630975229,0.286299071718896,4,1.16518625723603,8.2593128609231,0.186195782207702,6.16273686532495,0.121398887409461,0.972360131107534,0.0625052831438429,2.22868512725
"R",0.0863,0.167164892989279,0.250150111893035,0.280260813369869,4,1.16478867500979,8.23943375046777,0.184318928858938,6.17688289832116,0.121334253778776,0.975859837824972,0.0618805348625016,2.19332805400835
"R",0.0843,0.163290851436804,0.244742809195742,0.274202630782574,4,1.16438895125785,8.21944755829191,0.182434821662308,6.19107714618906,0.121269340881276,0.979379692724383,0.0612467035980797,2.15780883153845
"R",0.0823,0.15941680988433,0.239317739914037,0.268124543037689,4,1.16398734019586,8.19936700980248,0.18054281201699,6.20533427725974,0.121204266137037,0.982922498460062,0.0606037931731592,2.12212563391913
"R",0.0803,0.155542768331855,0.233874919544629,0.262026567497272,4,1.16358373823322,8.17918690968435,0.178644027342473,6.21964131137899,0.121138930595446,0.986487206932949,0.0599507052064008,2.08628632863842
"R",0.0783,0.15166872677938,0.228414359601791,0.255908717061574,4,1.16317805426295,8.15890272846704,0.176736060299598,6.23402231974644,0.121073134970654,0.990077455981633,0.0592884129538668,2.05026172711729
"R",0.0763,0.147794685226906,0.222936075314407,0.249771008792588,4,1.16277025056821,8.13851253831475,0.174819831709184,6.24846772684874,0.121007062924658,0.993692757665658,0.0586156617991747,2.01405944086713
"R",0.0743,0.143920643674431,0.217440061943161,0.243613437380525,4,1.16236043083317,8.11802164254926,0.172895891201863,6.26297536167584,0.120940748531787,0.997334084757872,0.0579310967309914,1.97768711978141
"R",0.0723,0.140046602121957,0.211926325357865,0.237436009401748,4,1.16194698774629,8.09734938733594,0.170957982867396,6.27756832785907,0.120874067896494,1.00100160347956,0.057238586295879,1.94103666631151
"R",0.0703,0.136172560569482,0.2063948721841,0.231238732279362,4,1.16153354170482,8.07667708585658,0.169018747032109,6.29221632878402,0.120807141149006,1.0047001472837,0.0565291026920223,1.9043289283899
"R",0.0683,0.132298519017007,0.200845691280655,0.225021593531085,4,1.16111638096729,8.05581923228488,0.167065054918742,6.30695605313876,0.120739666816009,1.00842784830573,0.0558103683105924,1.86733229653765
"R",0.0663,0.128424477464533,0.195278785265875,0.218784596090433,4,1.16069650877304,8.03482543212791,0.165101627631999,6.32176656840146,0.120671977052468,1.01218509899148,0.0550782661049634,1.83011964532191
"R",0.0643,0.124550435912058,0.189694135202069,0.212527718740173,4,1.16027367589233,8.01368379882015,0.163125860019703,6.33667129729922,0.120603636236662,1.01597581233765,0.054333802438805,1.79265498460318
"R",0.0623,0.120676394359584,0.184091719712654,0.206250937530614,4,1.15984816336782,7.9924079129911,0.161139228277071,6.35166354630988,0.120535197242485,1.01980069663055,0.0535747787452823,1.75495884215046
"R",0.0603,0.116802352807109,0.178471519954333,0.19995423135028,4,1.15941944437248,7.97097221844898,0.159140496939556,6.36674510688084,0.120466318533252,1.02366057441009,0.0528010057228964,1.71700280589293
"R",0.0543,0.105180228149685,0.161503943387422,0.180944258604029,4,1.15811266575606,7.90563328979689,0.153062215636434,6.41261261041241,0.120256337645245,1.03547437990979,0.0503866444135019,1.60140987014399
"R",0.0523,0.101306186597211,0.155812294326671,0.174567502730884,4,1.15766948462319,7.88347431559432,0.151006977462779,6.42811845505607,0.120185510652485,1.03949590566658,0.0495473119825568,1.56225702850882
"R",0.0503,0.097432145044736,0.150102669677825,0.168170607538582,4,1.15722217269857,7.8611086355712,0.148934533112775,6.44375570953967,0.120113886625149,1.04356554123188,0.048689398443219,1.52275198473353
"R",0.0483,0.0935581034922614,0.1443750076743,0.161753503825665,4,1.15677037664182,7.8385188062086,0.146846354132738,6.45950452780129,0.12004219782253,1.04768142134657,0.0478107055674135,1.48289591397056
"R",0.0463,0.0896840619397868,0.138629239064605,0.155316114004801,4,1.15631424095209,7.81571203755218,0.14473840616644,6.4754139911701,0.119969514249978,1.05185398113721,0.0469113508321568,1.44264701746242
"R",0.0443,0.0858100203873122,0.132865294776899,0.148858360689936,4,1.15585250922674,7.7926254021839,0.142609401159475,6.49147022746358,0.119895827209823,1.05608140015796,0.0459905238174276,1.40195332534838
"R",0.0422999999999999,0.0819359788348376,0.127083061237569,0.14238011663654,4,1.1553849387238,7.76924694713151,0.140459393226826,6.50767051930619,0.119822020788346,1.06036537662311,0.0450455590141206,1.36080407556474
"R",0.0402999999999999,0.078061937282363,0.121282458764039,0.135881292570605,4,1.15491221539983,7.74561077017328,0.138288808992812,6.5240341434232,0.119747764850807,1.06471407012247,0.0440731034291848,1.31921539585745
"R",0.0382999999999999,0.0741878957298884,0.115463364313963,0.129361750639113,4,1.15443252731029,7.72162636552914,0.136088257254133,6.54061865240711,0.119670949659745,1.06913737849744,0.0430759427998711,1.27703568061364
"R",0.0363,0.0703138541774139,0.109625647451181,0.122821344705231,4,1.15394602362984,7.69730118353893,0.133863940507176,6.55737000820781,0.119594843557937,1.07362923601926,0.0420479042158045,1.23432404620391
"R",0.0343,0.0664398126249393,0.103767692768112,0.116258264913915,4,1.1534515603244,7.67257805320024,0.131606235633927,6.57436626897617,0.119516660884247,1.07820818583628,0.0409879433862388,1.19094379231381
"R",0.0323,0.0625657710724647,0.0978937321514319,0.109677252546279,4,1.15295083836873,7.64754193523547,0.129318939696674,6.59162046200842,0.119437726571057,1.08287975530033,0.0398932130015579,1.14696873909203
"R",0.0263,0.0509436464150409,0.0801517570135625,0.089799666462874,4,1.15138381815857,7.56919090859296,0.122228345207199,6.64489165339568,0.119194822458642,1.09748674792251,0.0363622602401106,1.01008249046104
"R",0.0223,0.0431955633100917,0.0682247401955812,0.0764369883125925,4,1.1502779688107,7.51389843990905,0.117265287571034,6.68211438172609,0.119024737173057,1.10786672787723,0.0337559098575855,0.913853353268903
"R",0.0183,0.0354474802051425,0.0562151992179021,0.062981852525796,4,1.14911106808441,7.45555341174087,0.112048033491041,6.72128453834695,0.118844876598164,1.11896305051779,0.030875574593618,0.812414653535399
"R",0.0103,0.0199513139952441,0.0294136312457863,0.0329541656196836,4,1.19682363512778,9.84118175429621,0.317481085987657,5.66276852577668,0.120862125233345,0.949223355047012,0.00419335258618014,4.4003616987124
"R",0.00829999999999997,0.0160772724427695,0.0257982146953732,0.0289035594639569,4,1.14569368147107,7.28468407366298,0.0971056093056974,6.83280923331442,0.118333094904303,1.15186926709978,0.0216423159572582,0.518552420525836
"R",0.5163,1.00008382677132,0.892561844959471,0.999999987040652,4,1.24110872174923,12.0554360664897,0.550076365172645,3.58169640917696,0.133135282348533,0.407410792034703,0.1129227602658,8.85440637125202
"R",0.5183,1.00395786832379,0.892545104460755,0.999981231479237,4,1.24145072036537,12.0725360153846,0.551708282065035,3.57097710882809,0.133183342951469,0.405300911053232,0.112922162299989,8.88331939665164
"R",0.5203,1.00783190987627,0.892496257280193,0.999926504537677,4,1.24179265192264,12.0896325979376,0.553339673243224,3.56026909535947,0.133231336236956,0.403195316908771,0.112919708566669,8.91221733906327
"R",0.5223,1.01170595142874,0.892415283893921,0.999835784342007,4,1.24213442573376,12.1067212327418,0.554970115364646,3.54957503853413,0.133279251399422,0.401094526169903,0.112915408062192,8.94109266089581
"R",0.5243,1.01557999298122,0.89230216327387,0.999709047332998,4,1.24247602604643,12.1238012739935,0.55659953797731,3.53889531215766,0.133327085431228,0.398998560883398,0.112909300859948,8.96994430385321
"R",0.5263,1.01945403453369,0.892156878950308,0.99954627505845,4,1.24281749481068,12.1408745891332,0.558228124617745,3.5282289461569,0.133374843224644,0.396907392163011,0.112901257684337,8.99877521560518
"R",0.5283,1.02332807608616,0.891979411152354,0.999347445367648,4,1.24315877928128,12.1579389180786,0.559855655233339,3.51757706926446,0.133422526621089,0.394821063953588,0.112891415327581,9.02758186692358
"R",0.5303,1.02720211763864,0.8917697446754,0.9991125412258,4,1.24349990210208,12.1749952101797,0.561482214666144,3.50693932714373,0.133470114683064,0.392739579089655,0.11287973610233,9.05636563912846
"R",0.5323,1.03107615919111,0.891527867709331,0.998841549401199,4,1.24384084903537,12.1920424281507,0.563107712041049,3.49631607029483,0.133517628264672,0.39066293900253,0.112866256682095,9.08512506239555
"R",0.5343,1.03495020074359,0.891253760828143,0.998534448129524,4,1.24418163627397,12.2090818357871,0.564732279172234,3.48570649787375,0.133565064872462,0.388591115789591,0.112850866473793,9.1138622864356
"R",0.5363,1.03882424229606,0.890947413237574,0.998191225317202,4,1.24452227437072,12.2261137397913,0.566355904788678,3.4751110443651,0.133612415405083,0.386524153315501,0.112833617508746,9.14257719768696
"R",0.5383,1.04269828384854,0.890608812305247,0.997811866811288,4,1.244862704394,12.2431353530465,0.567978360205697,3.46453051053084,0.133659682730805,0.384462059753049,0.112814624409091,9.17126604809103
"R",0.5403,1.04657232540101,0.890237851674743,0.997396253453187,4,1.24520309180699,12.2601545905026,0.569600396110999,3.45396055310462,0.13370688451559,0.382404260740756,0.112793653579114,9.19994158290757
"R",0.5423,1.05044636695349,0.889834809333197,0.996944696691492,4,1.245543113884,12.2771556971356,0.571220485390747,3.44341083763729,0.133753976852149,0.380352389547763,0.112770931183065,9.22857738703864
"R",0.5443,1.05432040850596,0.889399387530947,0.996456862936256,4,1.24588304900774,12.2941523765983,0.572839958782871,3.43287266106388,0.133800998153216,0.378304856358696,0.112746352928907,9.25719674220854
"R",0.5463,1.05819445005844,0.888931672272022,0.995932848543858,4,1.24622280398154,12.3111401979265,0.574458384938737,3.42234884287758,0.133847935936575,0.376262192408637,0.112719940677992,9.28579211676669
"R",0.5483,1.06206849161091,0.888431658618822,0.995372647982357,4,1.2465623665277,12.3281184336599,0.576075709249937,3.4118395191057,0.133894789197475,0.374224399434209,0.112691715400481,9.31436260714812
"R",0.5503,1.06594253316339,0.887899341944476,0.994776256067944,4,1.2469017875356,12.3450892777103,0.577692101475353,3.40134418168816,0.133941562889967,0.372191472718439,0.112661596823733,9.34291103136909
"R",0.5523,1.06981657471586,0.887334712621858,0.99414366201467,4,1.24724098753142,12.3620495281634,0.579307301661417,3.39086369861207,0.133988244176111,0.370163441887735,0.112629703623194,9.37143315456914
"R",0.5543,1.07369061626833,0.88673777222366,0.993474867584533,4,1.24758005219088,12.3790024963242,0.580921564233023,3.38039733840865,0.134034845195332,0.368140295490739,0.112595928287898,9.3999331880833
"R",0.5563,1.07756465782081,0.886108511853713,0.992769862810527,4,1.24791890929475,12.3959454756339,0.582534697364107,3.36994544856221,0.13408136022907,0.366122021162322,0.112560332272647,9.42840794083301
"R",0.5583,1.08143869937328,0.885446934097417,0.992028650589257,4,1.24825758755525,12.4128793220664,0.584146752036707,3.35950804218252,0.134127789073783,0.364108636774691,0.112522907088442,9.45685829907317
"R",0.5603,1.08531274092576,0.884753036384619,0.991251228041202,4,1.24859607875292,12.4298039167612,0.585757719069898,3.3490851188485,0.134174130295564,0.362100148730143,0.112483647567334,9.48528413848843
"R",0.5623,1.08918678247823,0.884026816946469,0.990437593184592,4,1.2489343864222,12.446719326925,0.587367604500083,3.33867663582137,0.134220386739762,0.360096546021011,0.112442554111434,9.51368557207235
"R",0.5643,1.09306082403071,0.883268280009305,0.989587750754494,4,1.2492725077156,12.4636253875698,0.588976391532806,3.3282826816851,0.134266555153744,0.358097843258937,0.112399630618258,9.5420623391215
"R",0.5663,1.09693486558318,0.882477221922909,0.988701472587203,4,1.24961052721553,12.480526360786,0.590584485785344,3.31790060891531,0.134312648398939,0.356103534892978,0.112354862880134,9.57042161993686
"R",0.5683,1.10080890713566,0.881654254719165,0.987779444385206,4,1.24994819027261,12.4974095181728,0.592190677295761,3.30753820611171,0.134358633821876,0.35411512028088,0.112308279685234,9.59874208572352
"R",0.5703,1.10468294868813,0.880798774834848,0.986820989934053,4,1.25028575150527,12.5142875376844,0.593796164609593,3.29718778606202,0.134404537441131,0.352131112053617,0.112259865415042,9.62704491559269
"R",0.5723,1.10855699024061,0.879910762680185,0.98582608728594,4,1.25062320035013,12.5311600169295,0.595400924888335,3.2868492965593,0.134450366110764,0.350151505519818,0.112209605796647,9.65532973440977
"R",0.5743,1.11243103179308,0.878990904894698,0.984795505731552,4,1.2509602958516,12.548014746025,0.597003779535282,3.27653049614907,0.134496086974824,0.348177796304586,0.112157532048877,9.68357578684761
"R",0.5763,1.11630507334555,0.878038525913975,0.983728488388429,4,1.25129728098587,12.5648640466073,0.598605910199392,3.26622367138018,0.134541723963066,0.34620848718801,0.112103632526281,9.71180390812384
"R",0.5783,1.12017911489803,0.877053862742641,0.982625300789571,4,1.25163407541847,12.5817037729473,0.600206917413433,3.25593138471876,0.1345872744315,0.344244088347229,0.112047891967055,9.74000711633791
"R",0.5803,1.1240531564505,0.87603692392938,0.98148595251267,4,1.2519706751777,12.5985337689713,0.601806791854889,3.2456536453532,0.134632735685733,0.342284588210459,0.111990329047224,9.76818524281495
"R",0.5823,1.12792719800298,0.874987718921944,0.980310454142709,4,1.25230706971854,12.6153535182212,0.603405486369155,3.23539063360763,0.134678107581522,0.340329995727482,0.111930960568091,9.79633755898195
"R",0.5863,1.13567528110793,0.872792552210803,0.977851054051736,4,1.2529793178115,12.6489658849466,0.606599629078284,3.21490771351459,0.134768576152791,0.336435524451037,0.111806657115303,9.85256966406246
"R",0.5883,1.1395493226604,0.871646616621505,0.976567181588535,4,1.25331514418092,12.6657572352375,0.608194974274286,3.20468811984847,0.134813678384433,0.334495643583944,0.111741767958516,9.88064779475301
"R",0.5903,1.14342336421288,0.870468461321493,0.975247211110974,4,1.25365077522754,12.6825387242014,0.60978916726398,3.19448313115293,0.13485868400689,0.332560665804455,0.111675064405736,9.90870065444794
"R",0.5923,1.14729740576535,0.869258106143301,0.97389116483884,4,1.25398620874188,12.6993103887044,0.611382220099526,3.1842925838012,0.134903598911322,0.330630589347185,0.111606516302336,9.93672844291435
"R",0.5943,1.15117144731783,0.868015557957382,0.972499050469584,4,1.25432144563797,12.7160722738807,0.612974119723245,3.17411666452256,0.134948423948419,0.328705414180131,0.111536156946875,9.9647310157046
"R",0.5963,1.1550454888703,0.866740840361323,0.971070894441251,4,1.25465648744586,12.7328243341985,0.614564874587416,3.16395521448825,0.134993154500667,0.326785138516474,0.111463961382836,9.99270849273379
"R",0.5983,1.15891953042278,0.865433969066549,0.969606714356456,4,1.25499133049958,12.7495665015041,0.616154475005344,3.15380827948215,0.135037794618862,0.324869760975458,0.11138993743699,10.0206607513719
"R",0.6003,1.16279357197525,0.864094961331028,0.968106529550518,4,1.255325976183,12.7662988112473,0.617742922705384,3.14367584911373,0.135082339499346,0.322959281714619,0.111314085864471,10.0485878449215
"R",0.6023,1.16666761352772,0.862723834286606,0.966570359217452,4,1.25566043129722,12.7830214116243,0.619330229007433,3.13355786535481,0.13512679216827,0.321053691151054,0.11123640327859,10.0764899851769
"R",0.6043,1.1705416550802,0.861320611663548,0.964998229943948,4,1.2559946675094,12.7997334260492,0.620916331040606,3.12345444119855,0.135171150214717,0.319152991547005,0.111156906350941,10.1043661384776
"R",0.6063,1.17441569663267,0.859885311086312,0.96339016147593,4,1.2563287326922,12.816436635169,0.622501355129298,3.11336530122969,0.135215417503361,0.317257183305898,0.111075552749405,10.1322184526419
"R",0.6083,1.17828973818515,0.85841795707603,0.961746181286151,4,1.25666259013763,12.8331295029343,0.624085189739767,3.10329068412583,0.135259587645685,0.315366261763925,0.11099238172852,10.1600450782931
"R",0.6103,1.18216377973762,0.8569185684553,0.960066310462895,4,1.25699625402522,12.8498126061593,0.625667879033108,3.09323043849961,0.135303660199308,0.31348021869152,0.110907381146682,10.1878467756448
"R",0.6123,1.1860378212901,0.855387172930958,0.958350580048085,4,1.25732971339717,12.8664856749725,0.627249396567831,3.08318465435984,0.135347647361574,0.311599060821452,0.110820550088618,10.2156231564751
"R",0.6143,1.18991186284257,0.853823792501415,0.956599014688092,4,1.25766298266291,12.8831489820954,0.628829768562798,3.0731532113506,0.135391533306265,0.309722776315406,0.110731889999783,10.2433746477667
"R",0.6163,1.19378590439505,0.852228450977806,0.95481164106021,4,1.25799605149927,12.8998024471718,0.63040898999926,3.06313606892104,0.135435322614561,0.307851362769953,0.11064139303474,10.271101201726
"R",0.6183,1.19765994594752,0.85060117571309,0.952988489809888,4,1.25832891897528,12.9164459737264,0.631987052519723,3.05313323104059,0.135479023789894,0.305984810551519,0.110549061534191,10.2988027041294
"R",0.6203,1.2015339875,0.848941995967285,0.951129593719188,4,1.2586615968178,12.9330798164602,0.633563967020646,3.04314476403942,0.135522621463138,0.304123133392839,0.110454905324357,10.3264793711901
"R",0.6223,1.20540802905247,0.847250933756974,0.94923497745484,4,1.25899407659254,12.9497038184111,0.635139734660534,3.03317046534594,0.135566126511783,0.302266304755155,0.11035890744877,10.3541312337943
"R",0.6243,1.20928207060494,0.845528023184993,0.947304679224659,4,1.25932635061427,12.9663175685823,0.63671430659753,3.02321065345019,0.135609535386922,0.300414343626035,0.110261101965641,10.3817575392412
"R",0.6263,1.21315611215742,0.84377328638011,0.945338723821061,4,1.25965845159591,12.9829225792096,0.638287827946264,3.01326457045669,0.135652842726511,0.2985672126401,0.110161409275995,10.4093606552858
"R",0.6283,1.21703015370989,0.841986762130799,0.943337154701512,4,1.2599903485149,12.9995174076001,0.639860159909523,3.00333289070927,0.13569605896757,0.296724934977455,0.110059903691731,10.4369383674371
"R",0.6303,1.22090419526237,0.840168471576313,0.941299995549807,4,1.26032203713875,13.0161019697332,0.641431313289167,2.99341535548408,0.135739177972772,0.294887487603168,0.109956562478282,10.4644908599555
"R",0.6323,1.22477823681484,0.838318453864197,0.939227290225701,4,1.26065356150113,13.0326780602391,0.643001410195285,2.98351179362238,0.135782199108469,0.293054878442078,0.109851372285864,10.4920201899682
"R",0.6343,1.22865227836732,0.836436738152282,0.93711907139677,4,1.26098488012795,13.0492440096334,0.644570337645261,2.97362231918972,0.135825120993958,0.291227088762435,0.109744349929228,10.5195244919247
"R",0.6363,1.23252631991979,0.834523358110276,0.934975376785562,4,1.26131600528718,13.0658002427769,0.646138122845068,2.96374687382041,0.135867943779171,0.289404124029179,0.109635486168923,10.5470042710325
"R",0.6383,1.23640036147227,0.83257834795334,0.932796244725734,4,1.26164694093258,13.0823470486758,0.647704789547079,2.9538853594007,0.135910670645361,0.287585968449247,0.109524774955181,10.5744599285166
"R",0.6403,1.24027440302474,0.830601240230094,0.930581151498537,4,1.26197778178073,13.0988890891481,0.649270777152399,2.94403505687728,0.13595330964564,0.285772157919132,0.10941215901354,10.6018991415536
"R",0.6423,1.24414844457722,0.828593571425609,0.928331818536564,4,1.26230824781904,13.1154123800584,0.650834769048818,2.93420398282292,0.135995827637729,0.283964062337843,0.109297815180776,10.6292990331547
"R",0.6443,1.24802248612969,0.826553873875863,0.926046601512297,4,1.26263862057856,13.1319309905741,0.652398090651353,2.92438400779826,0.136038260996219,0.282160291166397,0.109181564573073,10.6566826814739
"R",0.6463,1.25189652768217,0.824482690510646,0.923726108708271,4,1.26296880636404,13.1484403124039,0.653960305239697,2.91457781323971,0.136080591135874,0.280361310656422,0.109063461018177,10.6840425171664
"R",0.6483,1.25577056923464,0.822380053671307,0.921370376358783,4,1.26329880879478,13.164940429971,0.65552142176963,2.90478530483501,0.136122824521269,0.278567100691527,0.108943503603426,10.7113787172498
"R",0.6503,1.25964461078711,0.820246004143204,0.918979450158544,4,1.26362862779165,13.1814313704368,0.657081442275254,2.89500645827694,0.136164957645229,0.276777656830809,0.108821695587734,10.7386913392562
"R",0.6523,1.26351865233959,0.818080582642767,0.916553375725043,4,1.26395827308629,13.1979133440913,0.658640381953777,2.88524121228838,0.136206991334983,0.274992972533501,0.108698030855388,10.7659806662441
"R",0.6543,1.26739269389206,0.815883820473182,0.914092188129448,4,1.26428769277563,13.2143846575674,0.660198118662731,2.87548977979731,0.136248928168332,0.273213026128384,0.108572554783484,10.7932446996884
"R",0.6563,1.27126673544454,0.813655759609796,0.911595934399699,4,1.26461700039247,13.2308500214258,0.661755014130688,2.86575111775934,0.136290760119927,0.271437822533667,0.108445113588353,10.820489462327
"R",0.6583,1.27514077699701,0.811396446820865,0.909064666933572,4,1.26494609365187,13.2473047069569,0.663310720857284,2.85602601044637,0.136332491701674,0.269667326675174,0.108315844702656,10.8477091808952
"R",0.6603,1.27901481854949,0.80910591748794,0.906498425371516,4,1.26527503016545,13.2637515286238,0.664865394316805,2.84631465388926,0.136374128407927,0.267901590550408,0.108184745615337,10.8749066058752
"R",0.6623,1.28288886010196,0.806783631774342,0.903896604896422,4,1.26560387199316,13.2801936000803,0.666419411812425,2.8366138988207,0.136415667457236,0.266140112152844,0.108051717892712,10.9020882402492
"R",0.6663,1.29063694320691,0.802047463337939,0.898590341356509,4,1.26626087182016,13.3130435860035,0.669523456685353,2.81725836989542,0.136498420819346,0.262632556423319,0.107780028563303,10.9563687114164
"R",0.6683,1.29451098475939,0.799632498002002,0.895884685363843,4,1.26658902737718,13.329451378096,0.671073631245342,2.80760034165961,0.136539656289064,0.260885554933647,0.107641555500399,10.9834707462681
"R",0.6703,1.29838502631186,0.797186535116276,0.893144300629899,4,1.26691710794427,13.3458552918399,0.672623123647273,2.79795441154873,0.136580784649596,0.259143242509294,0.107501066543289,11.0105563766067
"R",0.6723,1.30225906786434,0.794709611914085,0.890369228869796,4,1.26724502369999,13.3622511655118,0.674171625685524,2.78832128598501,0.136621814461214,0.257405576504591,0.107358683372442,11.0376205014986
"R",0.6743,1.30613310941681,0.79220178042823,0.887559528379553,4,1.26757278175085,13.3786390715906,0.675719136059465,2.77870103573519,0.13666273840138,0.255672557416633,0.107214423168007,11.064663132821
"R",0.6763,1.31000715096928,0.789663078497789,0.884715241552956,4,1.26790038232638,13.3950191051164,0.677265670487975,2.76909346012893,0.136703563349939,0.253944164274412,0.107068264393818,11.0916845688695
"R",0.6783,1.31388119252176,0.787093564639872,0.881836433950851,4,1.26822781210216,13.4113906330883,0.678811172573518,2.75949879514588,0.136744288566158,0.252220394147479,0.106920249737318,11.1186839038532
"R",0.6803,1.31775523407423,0.784493269766907,0.878923140206612,4,1.26855511847332,13.4277559293835,0.680355841924555,2.74991613421814,0.136784907277944,0.250501221580022,0.106770255723518,11.145664461869
"R",0.6823,1.32162927562671,0.781862250305096,0.875975423538493,4,1.26888226113125,13.4441131226526,0.681899515823467,2.74034614758449,0.136825424223296,0.248786638872869,0.106618399224945,11.1726235859929
"R",0.6843,1.32550331717918,0.779200554919747,0.87299333846967,4,1.26920925605781,13.4604628012098,0.683442238582953,2.73078865886016,0.136865841821186,0.247076647702062,0.106464640038618,11.1995620737028
"R",0.6863,1.32937735873166,0.776508226536148,0.869976933092369,4,1.26953610745132,13.4768053871567,0.684984061409842,2.72124329586348,0.136906155095274,0.245371209102355,0.106308960477059,11.2264807531587
"R",0.6883,1.33325140028413,0.773785317242069,0.866926265764196,4,1.26986281732267,13.4931408464361,0.686524969664811,2.71171018392233,0.136946369084717,0.243670329478124,0.106151366470973,11.2533794570229
"R",0.6903,1.33712544183661,0.771031873248731,0.863841388258839,4,1.27018938942289,13.5094694474037,0.688064991554237,2.70218913575024,0.136986476087334,0.241973988263597,0.105991856120348,11.2802586659695
"R",0.6923,1.34099948338908,0.768247943549289,0.860722355466786,4,1.2705158273127,13.5257913207272,0.689604143813315,2.69267999185782,0.137026481928372,0.240282159621742,0.105830417648704,11.3071186746467
"R",0.6943,1.34487352494156,0.765433580170354,0.857569225677118,4,1.27084213202672,13.5421066008626,0.691142429967314,2.68318276337621,0.137066385498618,0.238594851626033,0.105667043422612,11.333959615558
"R",0.6963,1.34874756649403,0.762588834623398,0.854382056601771,4,1.27116831927943,13.5584158419165,0.692679894565747,2.67369728180745,0.137106192993245,0.236912034880352,0.105501729940136,11.3607822359813
"R",0.6983,1.3526216080465,0.759713748185661,0.851160894486547,4,1.27149436378323,13.5747181843422,0.694216497497244,2.66422333496662,0.137145882421253,0.235233684828029,0.105334477378753,11.3875858733147
"R",0.7003,1.35649564959898,0.756808382023122,0.847905807860007,4,1.27182029407416,13.5910147705243,0.695752301066304,2.65476098376538,0.137185476412147,0.233559804456219,0.105165277654245,11.4143716425949
"R",0.7023,1.36036969115145,0.75387277664475,0.844616842107206,4,1.27214611268514,13.6073056492866,0.69728732103231,2.64531001553998,0.137224967646483,0.231890364813914,0.10499412454983,11.4411398202888
"R",0.7043,1.36424373270393,0.750906987800439,0.841294059688683,4,1.27247181570955,13.6235907859949,0.698821560420569,2.63587031101504,0.137264354623,0.230225355913876,0.104821006471344,11.4678904942847
"R",0.7063,1.3681177742564,0.747911074848913,0.837937527108202,4,1.27279740942474,13.6398704712775,0.700355041754027,2.6264417789105,0.137303638727318,0.228564761056112,0.104645922783318,11.4946240615567
"R",0.7083,1.37199181580888,0.7448850807646,0.834547292513046,4,1.27312289907856,13.6561449510543,0.701887785024336,2.61702430407421,0.137342818733543,0.226908563831373,0.104468869570109,11.5213409007441
"R",0.7103,1.37586585736135,0.741829060914255,0.831123417934495,4,1.27344828756662,13.6724143914876,0.703419810570898,2.60761770594732,0.137381894347078,0.225256742732823,0.104289834876323,11.5480413707176
"R",0.7123,1.37973989891383,0.738743066311887,0.827665960527141,4,1.27377358001422,13.6886790146836,0.704951134741706,2.59822190316977,0.137420866986861,0.223609284130854,0.104108813668774,11.5747257881943
"R",0.7143,1.3836139404663,0.735627147883824,0.824174977347345,4,1.27409878183204,13.7049390750045,0.706481783869806,2.58883670168558,0.137459736789449,0.221966165168899,0.103925793805752,11.601394618295
"R",0.7163,1.38748798201878,0.732481362863499,0.820650532517753,4,1.27442389545781,13.7211947810586,0.708011774707082,2.57946200923445,0.137498501093312,0.220327374395154,0.103740773498536,11.6280481777727
"R",0.7203,1.39523606512373,0.726100403127337,0.813501493278059,4,1.27507388314434,13.7536941502913,0.711069869746016,2.56074363407531,0.137575720401199,0.217062691315034,0.103364707845083,11.6813110797422
"R",0.7223,1.3991101066762,0.722865326956245,0.809877009274584,4,1.27539876408395,13.7699382018609,0.712598019726887,2.5513995525167,0.137614172631487,0.215436752297024,0.103173631552615,11.7079212429471
"R",0.7243,1.40298414822867,0.719600598799394,0.806219304060118,4,1.27572357926897,13.786178963334,0.714125601597391,2.5420654450008,0.137652523486049,0.213815073018839,0.102980529280441,11.7345177964081
"R",0.7263,1.40685818978115,0.716306273761886,0.802528439372791,4,1.27604833164701,13.8024166158754,0.715652642919198,2.53274106015499,0.137690766561379,0.212197622884914,0.102785372157724,11.7611011978703
"R",0.7283,1.41073223133362,0.712982397576064,0.798804466449775,4,1.27637303544717,13.8186516945538,0.717179174222662,2.52342639297978,0.137728909842818,0.210584376563237,0.102588189142498,11.7876720039087
"R",0.7303,1.4146062728861,0.709629025054234,0.79504744670116,4,1.27669767662219,13.8348837929854,0.718705193219658,2.51412104192648,0.137766945813983,0.208975316359819,0.102388917624572,11.8142302090045
"R",0.7323,1.41848031443857,0.706246214065306,0.791257444961569,4,1.27702227753423,13.8511138787111,0.720230758236186,2.50482501092248,0.137804876331352,0.207370426114629,0.102187582788584,11.8407768229993
"R",0.7343,1.42235435599105,0.702834022853197,0.78743452648577,4,1.27734683790266,13.8673419511544,0.72175588244604,2.49553805260419,0.137842703062321,0.205769682474718,0.101984156469696,11.8673120965747
"R",0.7363,1.42622839754352,0.699392494517761,0.783578739561568,4,1.2776713691171,13.8835684565427,0.723280593565719,2.48626013935549,0.137880430006724,0.204173053056034,0.101778664718097,11.8938365235924
"R",0.7383,1.430102439096,0.695921693083795,0.77969015592046,4,1.27799587620882,13.8997938006657,0.724804928409693,2.47699103025464,0.137918049283024,0.202580542743829,0.101571062533191,11.9203507853128
"R",0.7403,1.43397648064847,0.692421669805796,0.775768832986473,4,1.27832035516318,13.9160177347274,0.726328895979463,2.46773033400502,0.137955559926879,0.200992102023712,0.101361327176409,11.9468550209768
"R",0.7423,1.43785052220095,0.688892482568171,0.771814835611592,4,1.27864482219091,13.9322411426585,0.727852548126065,2.45847805814643,0.137992968311628,0.19940771906458,0.10114946728784,11.9733501484804
"R",0.7443,1.44172456375342,0.685334175645883,0.767828213400179,4,1.27896937218863,13.9484686100569,0.729376279999202,2.44923255062194,0.138030262088782,0.197827335695388,0.100935293362936,11.9998426813818
"R",0.7463,1.4455986053059,0.68174681562637,0.763809040954839,4,1.27929377562361,13.9646887826934,0.730899132525402,2.43999744063473,0.138067477925165,0.196250999637629,0.1007192711831,12.0263169529389
"R",0.7483,1.44947264685837,0.67812953988423,0.759756351815493,4,1.27961830105898,13.9809150544766,0.732422251782285,2.43076768165531,0.138104580166232,0.194678286331679,0.100501001698737,12.0527922324822
"R",0.7523,1.45722072996332,0.670810920433422,0.751556786264608,4,1.28026730131852,14.0133650554438,0.735467405747274,2.41233523319163,0.138178438848571,0.191545829400626,0.100057780974979,12.105712620716
"R",0.7543,1.46109477151579,0.667107867678945,0.747407995088513,4,1.2805917370606,14.0295868265472,0.736989385594473,2.40313060254767,0.138215233922639,0.189985289637707,0.0998330809623959,12.132157638929
"R",0.7563,1.46496881306827,0.663376027060623,0.743226950838151,4,1.28091630771931,14.0458153877955,0.738511662245283,2.3939317454655,0.138251910413926,0.188428636477838,0.0996060057825367,12.1586039577476
"R",0.7583,1.46884285462074,0.659615461524229,0.739013724036113,4,1.28124092305819,14.0620462014852,0.740033879912488,2.38473969055487,0.138288482261627,0.186875849325343,0.0993766979453544,12.1850457472373
"R",0.7603,1.47271689617322,0.655826206691859,0.734768354592346,4,1.28156559391424,14.0782797057932,0.741556077816145,2.37555422537263,0.138324949166831,0.185326883614852,0.099145168594979,12.2114836848082
"R",0.7623,1.47659093772569,0.652008332789071,0.730490921185494,4,1.28189032626559,14.0945163078582,0.743078294499964,2.366375066034,0.138361316280621,0.183781737083311,0.0989113470440529,12.2379184860849
"R",0.7643,1.48046497927817,0.648161888097739,0.726181477909147,4,1.28221512909273,14.1107564386345,0.744600567197212,2.35720203845457,0.138397574334529,0.182240372617651,0.0986752606251016,12.2643507893858
"R",0.7663,1.48433902083064,0.644286923615137,0.721840081899147,4,1.2825400113526,14.1270005427402,0.746122940048217,2.34803484371234,0.138433734204216,0.180702751275681,0.098436879616852,12.2907813594964
"R",0.7683,1.48821306238312,0.64038348952669,0.717466789381766,4,1.282864982042,14.1432491047132,0.747645450301773,2.33887331648454,0.138469783816405,0.179168863236589,0.0981961913925145,12.3172108857507
"R",0.7703,1.49208710393559,0.63645165111733,0.713061673500318,4,1.2831900519749,14.1595025773147,0.749168143750873,2.32971715973786,0.138505726707751,0.177638671436685,0.0979531782094081,12.3436401449398
"R",0.7723,1.49596114548807,0.632491451113326,0.708624782124055,4,1.28351522798873,14.1757613898787,0.750691059540971,2.32056611499876,0.13854156662078,0.176112148667645,0.097707813261705,12.3700698494062
"R",0.7743,1.49983518704054,0.628502942133991,0.704156174206104,4,1.28384052317024,14.1920261279357,0.752214245872658,2.31141996258297,0.138577307143446,0.174589259776137,0.0974600889460911,12.3965008356777
"R",0.7763,1.50370922859301,0.624486179669281,0.699655911915777,4,1.28416593317761,14.2082966181113,0.753737697144716,2.30227858921563,0.138612939646814,0.173069977102853,0.0972100097302975,12.4229330482676
"R",0.7783,1.50758327014549,0.620441215034916,0.695124052745695,4,1.28449152099149,14.2245760561564,0.755261680725854,2.29314089188953,0.138648465324082,0.171554270796848,0.0969574342587691,12.4493709683395
"R",0.7803,1.51145731169796,0.616368099834421,0.690560654510926,4,1.28481720512935,14.2408601685778,0.756785839826504,2.28400817526891,0.138683892603783,0.170042123876796,0.0967025640208887,12.4758087683429
"R",0.7823,1.51533135325044,0.61226689009622,0.685965779984065,4,1.28514308190705,14.2571541403123,0.758310619580723,2.27487856209505,0.13871920126226,0.168533501857578,0.0964451417734045,12.5022538357919
"R",0.7843,1.51920539480291,0.608137627334263,0.68133947567612,4,1.28546912233792,14.2734561229139,0.759835861440065,2.26575265446518,0.138754415771561,0.167028349616439,0.0961852945476259,12.5287035863055
"R",0.7863,1.52307943635539,0.603980364165057,0.676681800537071,4,1.28579534423302,14.2897672173267,0.761361666240686,2.25662990752731,0.138789526273232,0.165526645276902,0.0959229583884579,12.5551597461141
"R",0.7883,1.52695347790786,0.599795158773033,0.671992819755043,4,1.28612176401561,14.3060881265616,0.762888089781016,2.24751007148607,0.138824538820773,0.164028364660357,0.0956581013851594,12.5816233043846
"R",0.7903,1.53082751946034,0.595582048423374,0.667272575080848,4,1.28644838365235,14.322419190498,0.764415177683422,2.23839274071789,0.138859433102188,0.162533470841446,0.095390709395052,12.6080950535523
"R",0.7923,1.53470156101281,0.59134109229879,0.66252113282105,4,1.28677522758587,14.3387614018078,0.765943010943007,2.22927757165536,0.138894231655138,0.161041913693173,0.0951207417666038,12.6345763670655
"R",0.7943,1.53857560256529,0.587072336271231,0.65773854436923,4,1.28710230435867,14.3551152250074,0.767471613392895,2.22016454457643,0.138928920290968,0.159553699636036,0.0948482153550528,12.6610677641233
