"reaction","phi","rel_phi","mu","mu_norm","convergence","f.TS","f.ATPS","f.AAS","f.NTS","f.ADPS","f.RNAP","f.DNAP","f.R"
"TS",0.0803,0.999732557269086,0.915706885503714,0.999999974120164,4,1.24084250765668,12.0421253828607,0.551987445911893,3.5828266113913,0.134288036289873,0.405842972557711,0.114165939494587,8.83900466730939
"TS",0.0800314381270903,0.996388970121028,0.915702807855459,0.99999552111428,4,1.24120775740229,12.060387865097,0.553258929596529,3.58011711652387,0.134358791453529,0.405642163452302,0.113856814157611,8.86088991821674
"TS",0.0797628762541806,0.993045382972972,0.915691595899801,0.999983277070312,4,1.24157410484954,12.0787052348649,0.554536195494052,3.57736817021855,0.134429396747366,0.405436243195738,0.113545746856839,8.88287334563377
"TS",0.0794943143812709,0.989701795824914,0.915673167538895,0.999963152333105,4,1.24194155288624,12.0970776535482,0.555819239981478,3.57457996474699,0.134499855243076,0.405225203594133,0.113232781241295,8.90495491779462
"TS",0.0792257525083612,0.986358208676857,0.915647440224589,0.999935056755746,4,1.24231011000536,12.1155055001971,0.557108109849086,3.57175211569287,0.134570160158658,0.405008988812293,0.112917906878011,8.92713543396339
"TS",0.0789571906354515,0.9830146215288,0.915614329999092,0.99989889865192,4,1.24267977823088,12.1339889107143,0.558402832946293,3.56888431276068,0.134640318647046,0.40478754226084,0.112601111960146,8.94941534543284
"TS",0.0786886287625418,0.979671034380743,0.915573752239429,0.999854585608898,4,1.2430505615105,12.1525280753976,0.559703429534281,3.56597648605231,0.134710330240348,0.404560832885285,0.112282411986209,8.97179492533254
"TS",0.0784200668896321,0.976327447232686,0.915525621426162,0.999802024234965,4,1.24342246836529,12.1711234119382,0.561009976897223,3.56302780223245,0.134780186517237,0.404328754292895,0.11196176825675,8.99427547150358
"TS",0.0781515050167224,0.972983860084629,0.915469851054627,0.99974112006249,4,1.24379549995162,12.1897749940141,0.56232245916879,3.56003856433184,0.134849895688233,0.404091316213621,0.11163921590558,9.01685674263674
"TS",0.0778829431438127,0.969640272936571,0.915406353858885,0.999671777792487,4,1.24416966171024,12.2084830861439,0.563640920674889,3.55700834009231,0.134919457504846,0.403848439894678,0.111314752037303,9.03953946031973
"TS",0.077614381270903,0.966296685788514,0.91533504160802,0.999593901072165,4,1.2445449591283,12.2272479580596,0.564965403830032,3.55393674954929,0.134988864509889,0.403600095877066,0.110988340988111,9.06232430176133
"TS",0.0773458193979933,0.962953098640457,0.915255824822648,0.999507392185341,4,1.24492139849825,12.2460699248869,0.566295936862725,3.550823597429,0.13505812265873,0.40334621126107,0.110660014129005,9.0852117939669
"TS",0.0770772575250836,0.9596095114924,0.915168613081021,0.999412152386721,4,1.24529898380069,12.2649491915268,0.567632550233108,3.54766864975133,0.135127234952279,0.403086744347334,0.110329762206341,9.10820238541423
"TS",0.0768086956521739,0.956265924344343,0.915073315836564,0.999308082794694,4,1.24567771836868,12.2838859195961,0.568975279036884,3.54447153955828,0.135196194881889,0.402821636324894,0.109997582115334,9.13129662923991
"TS",0.0765401337792642,0.952922337196286,0.914969841298054,0.999195083168427,4,1.24605760691394,12.302880338433,0.570324153909649,3.54123196639331,0.135265003550808,0.402550828856918,0.109663469904499,9.15449507104753
"TS",0.0762715719063545,0.949578750048229,0.914858094882903,0.99907305021877,4,1.24643865731579,12.3219328638253,0.571679208374601,3.53794982284029,0.135333665108588,0.402274297125577,0.109327428041951,9.17779825384115
"TS",0.0760030100334448,0.946235162900171,0.91473798407823,0.998941882916803,4,1.24682087103549,12.3410435518732,0.573040472325302,3.53462469893825,0.135402176543139,0.401991965002086,0.108989458451324,9.20120665772323
"TS",0.0757344481605351,0.942891575752114,0.914609413435939,0.998801477028194,4,1.24720425442892,12.3602127102666,0.574407977699713,3.53125639134561,0.135470536039344,0.40170378868797,0.108649562519624,9.22472081673084
"TS",0.0754658862876254,0.939547988604057,0.914472286713015,0.998651727450523,4,1.24758881209114,12.3794406026318,0.575781773481091,3.52784440375287,0.135538745095639,0.401409692045678,0.108307724104527,9.24834151198006
"TS",0.0751973244147157,0.936204401456,0.914326507430608,0.998492528823821,4,1.24797454680645,12.398727342268,0.577161853717692,3.52438891710533,0.135606808784024,0.40110967242979,0.107963971657437,9.27206867296948
"TS",0.074928762541806,0.932860814307943,0.914171977372821,0.998323773891174,4,1.24836146596686,12.4180732975426,0.578548275037681,3.52088938528371,0.135674721732995,0.400803644345666,0.107618294902963,9.29590325019144
"TS",0.0746602006688963,0.929517227159886,0.914008597325729,0.998145354305768,4,1.24874957297655,12.4374786487091,0.57994107694674,3.51734545018298,0.135742484946431,0.400491545552589,0.107270680976772,9.31984579677013
"TS",0.0743916387959866,0.926173640011829,0.913836267752326,0.997957161367973,4,1.24913887269952,12.4569436392294,0.581340277400455,3.5137569682174,0.135810099981966,0.400173337838995,0.106921142983636,9.34389671459921
"TS",0.0741230769230769,0.922830052863771,0.913654887319589,0.997759084416805,4,1.2495293715261,12.4764685753062,0.582745930905819,3.5101234386292,0.135877564077365,0.399848939879494,0.106569669361388,9.36805684047299
"TS",0.0738545150501672,0.919486465715714,0.913464354330749,0.99755101239406,4,1.24992106941763,12.4960534707392,0.584158029933392,3.50644502778237,0.135944882518286,0.399518345612994,0.106216283666318,9.3923260099211
"TS",0.0735859531772575,0.916142878567657,0.913264565329513,0.997332832320034,4,1.25031397591048,12.5156987928446,0.585576632052893,3.50272120031335,0.136012052249388,0.399181477142604,0.105860978175288,9.41670526685354
"TS",0.0733173913043478,0.9127992914196,0.913055416049624,0.997104430330502,4,1.25070809301749,12.5354046401099,0.587001759413621,3.49895175759404,0.136079076213533,0.398838276064108,0.105503748494492,9.44119491456041
"TS",0.0730488294314381,0.909455704271543,0.91283680218717,0.996865692520121,4,1.25110342509522,12.5551712416575,0.588433441057116,3.49513644152078,0.136145953386427,0.398488700015607,0.105144604547355,9.46579545721567
"TS",0.0727802675585284,0.906112117123486,0.91260861755703,0.996616502929165,4,1.2514999760792,12.5749988008691,0.589871713039389,3.49127493328642,0.136212682011129,0.398132682861526,0.104783550872657,9.49050743622484
"TS",0.0725117056856187,0.902768529975429,0.912370753364714,0.996356742748341,4,1.25189775451663,12.5948877258855,0.591316610197451,3.48736699381781,0.136279266153331,0.39777017756696,0.104420583136278,9.51533151964997
"TS",0.072243143812709,0.899424942827371,0.912123102677514,0.996086295201521,4,1.25229675941589,12.6148379714724,0.592768150456747,3.48341244652105,0.136345704794591,0.397401130846107,0.104055711841027,9.54026784332121
"TS",0.0719745819397993,0.896081355679314,0.911865555812261,0.995805040508927,4,1.25269699859329,12.6348499290481,0.594226374424863,3.47941091504401,0.136411999646359,0.397025483249404,0.103688932581025,9.56531719974196
"TS",0.0717060200668896,0.892737768531257,0.911598002110892,0.99551285782615,4,1.25309847654078,12.6549238271996,0.595691318630131,3.47536208358739,0.136478146261091,0.39664316811345,0.103320253562783,9.59048015473421
"TS",0.0714374581939799,0.8893941813832,0.911320330359835,0.995209625702129,4,1.2535011954803,12.6750597740342,0.597162992355607,3.47126591108733,0.136544150593095,0.396254164080246,0.102949675465457,9.61575685888079
"TS",0.0711688963210702,0.886050594235143,0.911032427501409,0.994895220671947,4,1.2539051620368,12.695258103815,0.598641447812448,3.46712191372386,0.136610010171986,0.395858378014663,0.102577209531626,9.64114816093485
"TS",0.0709003344481605,0.882707007087086,0.910734179947274,0.994569518691174,4,1.25431037818243,12.7155189090558,0.600126693043672,3.46293005678005,0.136675729008582,0.3954557853428,0.102202856088674,9.66665418697761
"TS",0.0706317725752508,0.879363419939029,0.910425475029825,0.994232396720873,4,1.25471684757548,12.7358423797539,0.601618773391293,3.45868982504988,0.136741303233042,0.395046302172838,0.101826614134082,9.69227566858236
"TS",0.0703632107023411,0.876019832790972,0.910106190499477,0.99388372125808,4,1.25512458029954,12.7562290144095,0.60311771075374,3.45440132029266,0.136806739670933,0.394629916280097,0.101448502822491,9.71801301773837
"TS",0.0700946488294314,0.872676245642914,0.909776215499344,0.993523371241261,4,1.25553357537298,12.7766787632871,0.604623551102135,3.45006382028383,0.136872031567514,0.394206514408314,0.101068505560269,9.74386692687576
"TS",0.0698260869565217,0.869332658494857,0.909435429897028,0.993151215479529,4,1.25594383637137,12.7971918182099,0.606136297557029,3.44567746051536,0.136937184486839,0.39377608680898,0.100686647558821,9.7698374526246
"TS",0.069557525083612,0.8659890713468,0.909083714332698,0.99276712362569,4,1.25635536823672,12.8177684049583,0.607655970856185,3.44124209636775,0.137002200095675,0.393338590492197,0.100302941649734,9.79592497836064
"TS",0.0692889632107023,0.862645484198743,0.908720948347947,0.992370964132837,4,1.25676817638623,12.8384088177103,0.609182644224049,3.43675693084847,0.137067075332108,0.392893909153363,0.0999173563306286,9.82213063078544
"TS",0.0690204013377926,0.859301897050686,0.908347010459959,0.991962604335362,4,1.25718226388128,12.8591131952658,0.610716310957703,3.43222214698055,0.137131812088778,0.392442030981708,0.0995299345583295,9.84845436568423
"TS",0.0687518394648829,0.855958309902629,0.907961783816397,0.99154191662438,4,1.25759762828723,12.8798814092467,0.612256983459538,3.4276374779539,0.137196410606801,0.391982895058985,0.0991406814674652,9.87489631995805
"TS",0.0684832775919732,0.852614722754571,0.907565126968284,0.991108746530187,4,1.25801429202074,12.9007146010875,0.613804754115567,3.42300252046506,0.137260874946117,0.391516443074485,0.09874957893382,9.90145810377692
"TS",0.0682147157190635,0.849271135606514,0.907156931807054,0.990662975992553,4,1.25843224089473,12.9216120415327,0.615359584893022,3.41831721854894,0.137325203387943,0.391042628897407,0.0983566567062971,9.92813900320458
"TS",0.0679461538461538,0.845927548458457,0.90673706787344,0.990204462543113,4,1.25885148185479,12.9425740916784,0.616921500350644,3.41358150562391,0.137389400471611,0.390561419464324,0.0979619282441593,9.95493946586711
"TS",0.0676775919732441,0.8425839613104,0.90630540654432,0.989733065718668,4,1.25927202468835,12.9636012266532,0.618490598509823,3.40879436765129,0.137453458143945,0.390072668014324,0.0975653611811668,9.98186103373197
"TS",0.0674090301003344,0.839240374162343,0.905861822051111,0.989248648173326,4,1.25969386553317,12.9846932680797,0.620066826226683,3.40395640567728,0.13751738508181,0.38957641819883,0.0971670080069528,10.0089028953819
"TS",0.0671404682274247,0.835896787014286,0.905406178611758,0.988751061625956,4,1.260117015212,13.0058507531898,0.621650255792703,3.39906703361955,0.137581181994767,0.389072573697034,0.0967668549794846,10.0360662138606
"TS",0.0668719063545151,0.832553199866229,0.904938354916373,0.988240173599793,4,1.26054146746018,13.0270733913226,0.623240863062267,3.39412632627288,0.137644843840183,0.388561115888758,0.096364935325353,10.0633506119662
"TS",0.0666033444816053,0.829209612718171,0.904458207900316,0.987715827860746,4,1.26096723992779,13.0483619778961,0.624838758818077,3.38913338494051,0.137708381961592,0.388041904904859,0.0959612092128673,10.0907578303758
"TS",0.0663347826086956,0.825866025570114,0.903965614065146,0.987177889542033,4,1.26139432149743,13.069716076469,0.626443880496699,3.38408870727729,0.137771788148241,0.387514977482799,0.0955557349205123,10.1182869114305
"TS",0.0660662207357859,0.822522438422057,0.903460431580311,0.986626203757249,4,1.26182272641739,13.0911363215982,0.628056306731821,3.37899168960108,0.137835065141921,0.386980237508899,0.0951484969587346,10.1459391357906
"TS",0.0657976588628763,0.819178851274,0.902942530455756,0.986060628550432,4,1.26225245158066,13.1126225791845,0.629676029649335,3.3738423028079,0.137898218625714,0.386437641793142,0.0947395222139774,10.1737143847511
"TS",0.0655290969899665,0.815835264125943,0.902411772391832,0.98548101289111,4,1.2626835000266,13.1341750001853,0.6313030875937,3.36864020414231,0.137961243990778,0.385887124336398,0.0943288028549053,10.2016131723798
"TS",0.0652605351170568,0.812491676977886,0.901868019246946,0.98488720592141,4,1.26311587694105,13.1557938468695,0.632937493757514,3.36338531608177,0.138024146003605,0.385328651250482,0.0939163649639071,10.2296358479257
"TS",0.0649919732441472,0.809148089829829,0.901311132095994,0.984279055927831,4,1.26354958430719,13.1774792190657,0.634579270550472,3.35807742872974,0.13808692480866,0.38476216734994,0.0935022177171543,10.2577827302793
"TS",0.0647234113712375,0.805804502681771,0.900740969349738,0.983656408287492,4,1.26398462811313,13.1992313919618,0.63622847051655,3.35271602821096,0.138149578834735,0.384187581231494,0.0930863548082115,10.286054634354
"TS",0.0644548494983277,0.802460915533714,0.900157394412415,0.983019113830655,4,1.26442100457477,13.2210502291378,0.637885074689435,3.34730124160006,0.138212110712511,0.383604878080557,0.0926688079704484,10.3144512834604
"TS",0.0641862876254181,0.799117328385657,0.899560259811468,0.982367011509544,4,1.26485872063855,13.2429360340653,0.639549105617001,3.34183298989847,0.138274526482503,0.383014022548167,0.0922495914743352,10.3429730730966
"TS",0.0639177257525084,0.7957737412376,0.89894942329474,0.981699945977343,4,1.2652977788076,13.2648889394345,0.641220607359623,3.33631077083733,0.138336820944099,0.382414921419334,0.0918287042592577,10.3716206576896
"TS",0.0636491638795987,0.792430154089543,0.898324740230701,0.981017759288827,4,1.26573818124028,13.2869090624512,0.642899592711195,3.33073446604565,0.138398996739028,0.381807531962426,0.0914061633393475,10.4003942794888
"TS",0.063380602006689,0.789086566941486,0.897686064556417,0.980320291935609,4,1.26617992986152,13.3089964930834,0.64458607570201,3.32510394961667,0.138461056235644,0.381191809730781,0.0909819832243454,10.4292941585047
"TS",0.0631120401337793,0.785742979793429,0.897033258441596,0.979607393399779,4,1.26662302177919,13.3311510901771,0.646280074277028,3.31941884093578,0.138522998907153,0.380567669857111,0.0905561723734358,10.4583205366188
"TS",0.0628434782608696,0.782399392645371,0.89636614434425,0.978878869796164,4,1.26706747728865,13.3533738644023,0.647981641413655,3.31367921666278,0.138584825861704,0.379935121984767,0.090128742957401,10.4874743929882
"TS",0.0625749163879599,0.779055805497314,0.895684613268742,0.978134602095813,4,1.26751327118045,13.3756635585402,0.649690707492717,3.30788501610406,0.138646539001501,0.37929409485917,0.0896997355044576,10.5167544685227
"TS",0.0623063545150502,0.775712218349257,0.894988470132901,0.977374377258755,4,1.26796043550224,13.3980217763259,0.651407406932266,3.30203564790667,0.138708141671471,0.378644506891327,0.0892691286045628,10.5461630476551
"TS",0.0620377926421405,0.7723686312012,0.894277596656084,0.976598066116321,4,1.26840894877697,13.4204474338123,0.653131662969064,3.29613129097107,0.138769633852451,0.377986335988393,0.0888369554294747,10.5756988092595
"TS",0.0617692307692308,0.769025044053143,0.893551830202575,0.975805491061775,4,1.26885882049272,13.4429410118192,0.654863522459941,3.29017166823507,0.13883101527264,0.377319528958304,0.088403231422698,10.6053625403468
"TS",0.0615006688963211,0.765681456905086,0.892811014257206,0.974996481172339,4,1.26931005195161,13.4655025918702,0.656603002003793,3.28415662566252,0.138892287871894,0.376644033436507,0.0879679691193144,10.6351544812235
"TS",0.0612321070234114,0.762337869757029,0.892054994674237,0.974170868112776,4,1.26976264498991,13.4881322562674,0.658350114490988,3.27808600412144,0.13895345298312,0.375959800641819,0.0875311847135825,10.6650748799601
"TS",0.0609635451505017,0.758994282608971,0.891283614127983,0.973328480075182,4,1.27021660136541,13.5108300686299,0.660104875536692,3.27195965788896,0.139014511566627,0.375266781828177,0.0870928938502593,10.6951239499628
"TS",0.060694983277592,0.755650695460914,0.890496714544069,0.972469144434044,4,1.27067192212196,13.5335961015855,0.661867298330656,3.26577743813966,0.139075464937972,0.374564928932353,0.0866531131406791,10.7253019180267
"TS",0.0604264214046823,0.752307108312857,0.88969413918563,0.97159269002448,4,1.27112860799333,13.5564303997067,0.663637392335312,3.25953922298815,0.139136306049696,0.373854202622833,0.0862118643832618,10.7556089623473
"TS",0.0601578595317726,0.7489635211648,0.888875722714957,0.970698936289033,4,1.27158666039162,13.5793330118314,0.665415175187735,3.25324483211644,0.139197060824865,0.373134533001478,0.085769151017639,10.7860452910872
"TS",0.0598892976588629,0.745619934016743,0.888041310438739,0.969787714294493,4,1.27204607823271,13.6023039051581,0.667200644010416,3.24689424330287,0.139257707919367,0.372405902492779,0.0853250071021354,10.8166109140557
"TS",0.0596207357859532,0.742276346868686,0.887190734475017,0.968858840704947,4,1.27250686649812,13.62534332455,0.668993839239641,3.24048707486017,0.139318250250966,0.371668234311438,0.0848794327389429,10.8473064745093
"TS",0.0593521739130435,0.738932759720629,0.886323839562803,0.967912145967251,4,1.27296901862441,13.6484509528185,0.670794721841191,3.23402360288478,0.139378694763952,0.370921521338907,0.0844324747323625,10.8781313493502
"TS",0.0590836120401338,0.735589172572571,0.885440441470655,0.966947428891,4,1.27343254825545,13.6716274143051,0.672603372767624,3.22750324255527,0.139439041118473,0.370165673958089,0.0839841122291961,10.9090867926199
"TS",0.0588150501672241,0.732245585424514,0.884540393685502,0.965964529476233,4,1.27389744327733,13.694872157033,0.674419731788198,3.22092631695915,0.139499291255038,0.369400693554266,0.0835343982747613,10.9401718913382
"TS",0.0585464882943144,0.728901998276457,0.88362352067062,0.964963256027634,4,1.27436370906676,13.7181854468655,0.676243844422123,3.21429242046009,0.13955944589054,0.368626498795098,0.0830833324158483,10.9713873372755
"TS",0.0582779264214047,0.7255584111284,0.882689661506418,0.963943432812567,4,1.27483133985196,13.7415669953642,0.678075677611672,3.20760179394918,0.139619508690539,0.367843090357713,0.0826309519076438,11.0027325776219
"TS",0.058009364548495,0.722214823980343,0.881738639469687,0.962904866840012,4,1.27530034571117,13.7650172850821,0.679915310399956,3.20085366846341,0.139679469712602,0.36705034755382,0.0821772458214999,11.0342089137855
"TS",0.0577408026755853,0.718871236832286,0.880770286673003,0.961847374768091,4,1.27577071689506,13.7885358461741,0.681762657220743,3.19404888430905,0.139739346023381,0.366248337456133,0.0817222770152216,11.065814976387
"TS",0.0574722408026756,0.715527649684229,0.879784432004648,0.96077076973383,4,1.27624245839101,13.8121229240541,0.683617789874431,3.18718661863501,0.139799129384801,0.36543692962866,0.0812660300269378,11.0975518720477
"TS",0.0572036789297659,0.712184062536171,0.878780902220582,0.959674862545644,4,1.27671556894138,13.835778447672,0.685480694580058,3.18026700767169,0.139858820055908,0.364616115067614,0.0808085366691056,11.1294193837832
"TS",0.0569351170568562,0.708840475388114,0.877759523062961,0.958559462904824,4,1.27719004974301,13.8595024808914,0.687351394229155,3.1732897570984,0.139918418637328,0.363785820935176,0.0803498112727847,11.1614178804233
"TS",0.0566665551839465,0.705496888240057,0.876720124036969,0.957424384622081,4,1.27766589145223,13.8832945722875,0.689229811033102,3.16625559417605,0.139977936191287,0.362946108432676,0.0798899091041068,11.1935461318295
"TS",0.0563979933110368,0.702153301092,0.87566252459405,0.95626943052892,4,1.27814310512809,13.907155245268,0.691116062130992,3.1591632786134,0.140037359512077,0.362096796056426,0.0794287968007803,11.2258059683949
"TS",0.0561294314381271,0.698809713943943,0.874586551695535,0.955094411658031,4,1.27862167965119,13.9310839794694,0.693010058410107,3.15201367910457,0.140096696438282,0.36123796198013,0.0789665439590585,11.2581959466003
"TS",0.0558608695652174,0.695466126795886,0.873492023647854,0.953899129590503,4,1.27910161762134,13.9550808767262,0.694911824577928,3.1448064534862,0.14015595663475,0.360369523580897,0.0785031488742249,11.2907165118407
"TS",0.0555923076923077,0.692122539647829,0.872378767406942,0.952683395353135,4,1.27958291701919,13.9791458507319,0.69682136137023,3.13754153234105,0.140215128129057,0.359491455276407,0.0780386450579226,11.3233676578586
"TS",0.055323745819398,0.688778952499771,0.87124659682566,0.951447005663481,4,1.28006557655643,14.0032788185586,0.698738670153283,3.13021889013905,0.140274215764304,0.358603717462563,0.0775730502735228,11.3561493154108
"TS",0.0550551839464883,0.685435365351714,0.87009533867255,0.9501897713437,4,1.28054959236337,14.0274796184313,0.700663740653328,3.12283845279532,0.140333222762666,0.357706277556166,0.0771063794445595,11.3890613881751
"TS",0.0547866220735786,0.682091778203657,0.868924804738272,0.948911486859314,4,1.28103496563163,14.0517482815361,0.702596567857768,3.11540031993609,0.140392145506287,0.356799103976581,0.0766386879268541,11.4221038099228
"TS",0.0545180602006689,0.6787481910556,0.86773481531996,0.947611955965364,4,1.28152169221522,14.0760846098888,0.704537154349636,3.10790432030269,0.140450988802236,0.355882159898026,0.076169968072134,11.4552765407715
"TS",0.0542494983277592,0.675404603907543,0.866525186828193,0.946290978172566,4,1.28200976954685,14.1004884758036,0.706485482279436,3.10035055303669,0.140509751070135,0.354955422682571,0.0757002542517474,11.4885793479363
"TS",0.0539809364548495,0.672061016759486,0.865295735508218,0.944948352811089,4,1.28249919182322,14.1249595959472,0.708441539185081,3.0927390445237,0.140568441171816,0.354018856532416,0.075229575205273,11.5220118944165
"TS",0.0537123745819398,0.668717429611429,0.864046273855769,0.943583875116432,4,1.28298996452937,14.1494982274806,0.710405361690391,3.08506938513222,0.140627043597669,0.353072403597865,0.0747579341548402,11.5555748859726
"TS",0.0534438127090301,0.665373842463371,0.862776630796018,0.942197358265907,4,1.28348207216139,14.174103615793,0.712376863123387,3.07734220441086,0.140685572563218,0.352116095423323,0.0742853918185574,11.5892668711806
"TS",0.0531752508361204,0.662030255315314,0.861486579080048,0.940788554091769,4,1.28397552952464,14.198776478,0.714356115448159,3.06955706625404,0.14074402556736,0.351149859800885,0.0738119408930024,11.623089050565
"TS",0.0529066889632107,0.658686668167257,0.860175971699226,0.939357302052878,4,1.2844703156106,14.2235157805227,0.716343028824652,3.06171438887823,0.140802403413586,0.350173705866502,0.0733376426580334,11.6570399087013
"TS",0.052638127090301,0.6553430810192,0.858844603949424,0.937903378601584,4,1.28496643780305,14.2483218952147,0.718337669281532,3.05381353764808,0.140860699836598,0.349187537745665,0.0728624824654378,11.6911204910816
"TS",0.0523695652173913,0.651999493871143,0.85749229131126,0.936426582233035,4,1.28546388296279,14.2731941451959,0.720339939094427,3.04585536110923,0.140918930960086,0.348191423145452,0.0723865234937015,11.7253292027229
"TS",0.0521010033444816,0.648655906723086,0.856118837510375,0.934926698605334,4,1.28596265806915,14.2981329032257,0.722349913859598,3.03783903388949,0.140977077599804,0.347185243826406,0.0719097557519045,11.7596672953703
"TS",0.0518324414715719,0.645312319575029,0.854724057936794,0.933403526114699,4,1.28646275050313,14.3231375242235,0.724367503532549,3.02976530433563,0.141035154746589,0.346169057123523,0.0714322384255075,11.7941333128027
"TS",0.0515638795986622,0.641968732426971,0.853307754992568,0.9318568489738,4,1.28696415738454,14.3482078612483,0.726392717221453,3.02163400330421,0.141093157938808,0.34514281207209,0.0709539849252375,11.8287272758399
"TS",0.0512953177257525,0.638625145278914,0.851869739586453,0.930286460685076,4,1.28746687546049,14.3733437662975,0.728425536732218,3.01344516761716,0.141151087473992,0.344106490933184,0.0704750255077422,11.8634489908635
"TS",0.0510267558528428,0.635281558130857,0.850409818220652,0.928692149938777,4,1.28797089911816,14.3985449489441,0.730465940108618,3.0051988939642,0.141208944183841,0.343060075907382,0.0699953883869864,11.8982980519296
"TS",0.0507581939799331,0.6319379709828,0.848927800820208,0.927073709163076,4,1.28847622018923,14.4238110114342,0.732513885403125,2.99689543478146,0.141266732860141,0.342003569740511,0.0695151080985042,11.9332737780959
"TS",0.0504896321070234,0.628594383834743,0.847423484314622,0.92543091659433,4,1.2889828423298,14.4491421087234,0.734569421991098,2.98853423117684,0.141324444128013,0.340936876835801,0.0690341856382153,11.9683769114033
"TS",0.0502210702341137,0.625250796686686,0.845896680685409,0.923763566906488,4,1.28949075137029,14.474537562222,0.736632455021807,2.98011605463965,0.141382084710023,0.339860069440283,0.0685526793163969,12.0036059430276
"TS",0.049952508361204,0.621907209538628,0.844347194694973,0.922071446889849,4,1.28999994344303,14.4999971700392,0.73870298052635,2.97164078796734,0.141439654350527,0.338773103533294,0.0680706088103122,12.0389607800913
"TS",0.0496839464882943,0.618563622390571,0.842774828039909,0.920354339986686,4,1.29051041433618,14.5255207281452,0.740780979230345,2.96310850406795,0.141497151773196,0.3376759661931,0.0675880027377306,12.0744411340994
"TS",0.0494153846153846,0.615220035242514,0.841179380757608,0.918612027827339,4,1.291022156801,14.551107834131,0.742866423643048,2.95451934666686,0.141554577587123,0.336568642600989,0.0671048870501764,12.1100464343498
"TS",0.0491468227424749,0.611876448094457,0.839560663706416,0.916844303859195,4,1.29153516383324,14.5767581817363,0.744959279709547,2.94587344272189,0.141611932220236,0.335451129435221,0.0666212964213307,12.1457762279232
"TS",0.0488782608695652,0.6085328609464,0.837918476774699,0.915050949549846,4,1.29204942883356,14.6024714417993,0.747059521504475,2.93717090893105,0.141669215263676,0.334323414365149,0.0661372589486191,12.181630049494
"TS",0.0486096989966555,0.605189273798343,0.836252618465386,0.91323174485392,4,1.29256494475171,14.6282472356003,0.749167120401902,2.92841190219719,0.141726425800172,0.333185490864245,0.065652803482292,12.2176073393285
"TS",0.0483411371237458,0.601845686650286,0.834562894786032,0.911386477921484,4,1.29308170585212,14.6540852904272,0.751282046126545,2.91959653010728,0.141783561334794,0.332037352184411,0.0651679617270877,12.2537077054751
"TS",0.0480725752508361,0.598502099502229,0.832849101297526,0.9095149254943,4,1.29359970360132,14.6799851760329,0.753404264226182,2.91072498146629,0.141840631065593,0.330878989999672,0.0646827614791878,12.289930489747
"TS",0.0478040133779264,0.595158512354171,0.831111046676609,0.907616878637329,4,1.29411892857993,14.7059464348437,0.75553372124502,2.90179760205565,0.141897622516303,0.329710437722815,0.0641972444920166,12.3262748720211
"TS",0.0475354515050167,0.591814925206114,0.829348528184981,0.905692115949709,4,1.29463937719604,14.7319688725781,0.757670432431026,2.8928140134842,0.141954547186164,0.328531601450904,0.0637114178872116,12.3627410224595
"TS",0.047266889632107,0.588471338058057,0.827561351737631,0.903740425480423,4,1.29516103382611,14.7580516909989,0.759814283142024,2.88377520584295,0.14201140026992,0.327342600182698,0.063225346721812,12.3993270934292
"TS",0.0469983277591973,0.58512775091,0.825749332818029,0.901761605727734,4,1.295683892849,14.7841946775633,0.761965304482498,2.8746805463103,0.142068168362808,0.326143334589243,0.0627390274966733,12.4360335202441
"TS",0.0467297658862876,0.581784163761943,0.823912197606622,0.899755357666323,4,1.29620796355911,14.8103981743122,0.764123478500011,2.86553054639579,0.142124869717249,0.324933835195805,0.0622525028976471,12.4728601242463
"TS",0.0464612040133779,0.578440576613886,0.82204983173251,0.897721556397166,4,1.29673321069224,14.836660534608,0.766288680192717,2.85632564231412,0.142181494815425,0.323714140651121,0.0617658178677937,12.5098047345957
"TS",0.0461926421404682,0.575096989465829,0.820162000110632,0.895659945195037,4,1.29725963712546,14.8629818508866,0.768460913313619,2.8470658460641,0.142238044193799,0.322484230176367,0.0612789940214392,12.5468674359437
"TS",0.0459240802675585,0.571753402317771,0.818248507313146,0.893570310642478,4,1.2977872315948,14.8893615745642,0.770640126428263,2.83775143113174,0.142294516370739,0.321244118445751,0.0607920657807615,12.5840473732255
"TS",0.0456555183946488,0.568409815169714,0.816309198703558,0.891452483868321,4,1.29831597113405,14.9157985757012,0.77282622443674,2.82838282424638,0.142350912281716,0.319993834803257,0.0603050760525613,12.621342920875
"TS",0.0453869565217391,0.565066228021657,0.814343738577796,0.889306098266104,4,1.29884588619181,14.9422943011041,0.775019318815392,2.81895959749165,0.142407231719403,0.318733306309277,0.0598180225187525,12.6587560370734
"TS",0.0451183946488294,0.5617226408736,0.812352062537323,0.887131083509243,4,1.29937692736478,14.9688463649836,0.777219215399809,2.80948257236887,0.142463469294045,0.317462617415362,0.0593309699523997,12.6962833788464
"TS",0.0448498327759197,0.558379053725543,0.810333921997971,0.884927168130785,4,1.29990909600068,14.9954548017946,0.779425890848522,2.79995207630397,0.142519629501581,0.316181794773947,0.0588439464479499,12.7339246435239
"TS",0.04458127090301,0.555035466577486,0.808289121373744,0.882694138540554,4,1.30044238291129,15.0221191410945,0.781639321648032,2.79036808641065,0.14257570714078,0.314890809841929,0.0583569779018777,12.7716793635943
"TS",0.0443127090301003,0.551691879429429,0.806217459621869,0.880431775189293,4,1.30097677710536,15.0488388461569,0.783859449314307,2.78073095982142,0.142631701955625,0.313589692592394,0.0578700994458186,12.8095466103687
"TS",0.0440441471571906,0.548348292281371,0.804118739840531,0.878139863049887,4,1.30151226623931,15.0756133036779,0.786086215917767,2.77104101275334,0.142687614283909,0.31227846347443,0.0573833452643608,12.8475254151785
"TS",0.0437755852842809,0.545004705133314,0.801992759500491,0.875818180949779,4,1.30204884051421,15.1024420234582,0.788319576638626,2.76129848020052,0.142743439168472,0.310957138489701,0.0568967459990129,12.8856150268153
"TS",0.0435070234113712,0.541661117985257,0.799839328980921,0.873466521813072,4,1.30258648573159,15.1293242883661,0.790559468354804,2.75150366307464,0.142799181389991,0.309625728943769,0.0564103359734637,12.9238143785239
"TS",0.0432384615384615,0.5383175308372,0.797654150769622,0.87108019253092,4,1.3031261954582,15.15630977317,0.792810001655527,2.7416388270157,0.142854936496271,0.308281812471901,0.0559232562121872,12.962193692776
"TS",0.0429698996655518,0.534973943689143,0.795449289090057,0.868672367868456,4,1.30366495040672,15.1832475168785,0.79505862620029,2.73175863887836,0.142910395745475,0.306932809752812,0.0554382239616726,13.0005387927337
"TS",0.0427013377926421,0.531630356541086,0.793212297271394,0.866229455407947,4,1.30420574246513,15.2102871146909,0.797317772678955,2.72180900437233,0.142965867894238,0.305571333527079,0.0549525865947887,13.0390618330042
"TS",0.0424327759197324,0.528286769393029,0.790947055408994,0.863755692417152,4,1.30474755882423,15.2373779339701,0.799583222990819,2.71180838878983,0.143021244299646,0.304199885414216,0.0544672723887495,13.077690849896
"TS",0.0421642140468227,0.524943182244971,0.78865337687834,0.861250875092302,4,1.30529038503933,15.2645192515998,0.801854906647005,2.70175714407188,0.143076530649727,0.302818487669795,0.0539823169135232,13.1164247190141
"TS",0.041895652173913,0.521599595096914,0.786331060698398,0.858714783951561,4,1.30583420409139,15.2917102057358,0.80413273291588,2.69165593333914,0.14313172492578,0.301427213386879,0.0534977636194892,13.1552618564436
"TS",0.0416270903010033,0.518256007948857,0.783979902378049,0.856147195679898,4,1.30637901420467,15.3189507095337,0.806416704201443,2.68150455544719,0.143186809583196,0.300026038147126,0.0530136261437616,13.1942023958024
"TS",0.0413585284280936,0.5149124208008,0.781599721450963,0.853547913198607,4,1.30692479644355,15.346239822088,0.808706752372159,2.67130325891578,0.143241796445252,0.298614955598607,0.0525299343403959,13.233245078283
"TS",0.0410899665551839,0.511568833652743,0.779190370920623,0.850916775979778,4,1.3074715215749,15.3735760627232,0.811002698261708,2.66105334069484,0.143296680041785,0.297194140047733,0.0520467584562477,13.2723870306836
"TS",0.0408214046822742,0.508225246504686,0.77675150638958,0.848253407923324,4,1.30801921159274,15.4009605764221,0.813304648659529,2.65075421062437,0.143351461248803,0.295763491289815,0.0515640897263202,13.3116300570462
"TS",0.0405528428093645,0.504881659356628,0.774283089606477,0.845557767256756,4,1.30856781844564,15.428390920454,0.815612389285472,2.64040691341639,0.143406134886617,0.294323137395061,0.0510819929434291,13.3509705273818
"TS",0.0402842809364548,0.501538072208571,0.771784878682487,0.842829589824779,4,1.30911733910291,15.4558669523961,0.817925897413473,2.6300116427992,0.143460698129564,0.292873092780927,0.0506004919690606,13.3904080962696
"TS",0.0400157190635451,0.498194485060514,0.769256685997264,0.840068670736131,4,1.30966775828492,15.4833879148287,0.820245100161786,2.61956880501233,0.143515149168224,0.291413398716481,0.0501196215280771,13.4299415534296
"TS",0.0397471571906354,0.494850897912457,0.766698318609898,0.837274799289211,4,1.31021906238402,15.5109531190875,0.822569926876938,2.60907880703853,0.143569486235434,0.289944096132371,0.0496394138059547,13.4695697626887
"TS",0.0394785953177257,0.4915073107644,0.764109589115558,0.834447770828112,4,1.31077123402571,15.5385616987698,0.824900300533994,2.59854210483093,0.143623704843273,0.288465235559871,0.0491599039368894,13.5092913480035
"TS",0.0392100334448161,0.488163723616343,0.761490316585158,0.831587387768774,4,1.31132425901358,15.5662129533779,0.827236144879499,2.58795911142105,0.143677803222224,0.286976863044735,0.0486811265901002,13.549105155179
"TS",0.0389414715719063,0.484820136468286,0.758840313409788,0.828693445232424,4,1.31187812128702,15.5939060597196,0.829577382242523,2.57733028730212,0.143731779060647,0.285479028014847,0.048203115300379,13.5890098494451
"TS",0.0386729096989967,0.481476549320229,0.756159394992509,0.825765741629515,4,1.31243280503908,15.6216402467667,0.831923935482556,2.56665607502925,0.143785628674263,0.283971781463088,0.047725904051476,13.6290041717663
"TS",0.038404347826087,0.478132962172171,0.753447381150194,0.822804080190618,4,1.31298829353307,15.6494146731365,0.834275722088957,2.55593695164025,0.143839349574227,0.282455177392332,0.047249527553132,13.6690867524492
"TS",0.0381357859531773,0.474789375024114,0.750704087959849,0.819808260062172,4,1.31354457121791,15.6772285572682,0.836632664953864,2.54517336456281,0.143892938189512,0.280929267917957,0.0467740185747882,13.7092563160293
"TS",0.0378672240802676,0.471445787876057,0.747929341177587,0.816778090960707,4,1.31410162105174,15.7050810525636,0.838994678321626,2.53436580276962,0.143946391694967,0.279394111251641,0.046299412243595,13.7495114762243
"TS",0.0375986622073579,0.468102200728,0.745122956545907,0.813713371667363,4,1.31465942611132,15.7329713043041,0.841361682845764,2.52351475401795,0.143999705248636,0.277849766267769,0.0458257431259414,13.7898508405814
"TS",0.0373301003344482,0.464758613579943,0.742284759890205,0.810613911974332,4,1.3152179696582,15.7608984785215,0.843733588580874,2.51262071016988,0.144052879236325,0.276296286776175,0.04535303990345,13.8302730269696
"TS",0.0370615384615385,0.461415026431886,0.739414570212203,0.807479514221995,4,1.31577723486518,15.7888617272792,0.846110318097766,2.50168416393545,0.144105906183931,0.274733738509359,0.0448813407667803,13.8707766500919
"TS",0.0367929765886288,0.458071439283828,0.736512232715769,0.804310009364854,4,1.31633720167908,15.8168600843855,0.84849177282719,2.49070563684853,0.144158784480403,0.273162184567801,0.0444106795343231,13.9113601631297
"TS",0.0365244147157191,0.454727852135771,0.733577553183311,0.801105185307104,4,1.31689785695031,15.8448928400612,0.850877875721688,2.47968565189348,0.144211510866086,0.27158169027296,0.0439410892250236,13.9520222886578
"TS",0.0362558528428094,0.451384264987714,0.730610377989989,0.79786487428236,4,1.31745917952227,15.8729589704753,0.853268532105819,2.46862471004477,0.144264080500375,0.269992318734079,0.043472602272363,13.9927614426185
"TS",0.0359872909698997,0.448040677839657,0.72761053823608,0.794588891843259,4,1.3180211512936,15.9010575647317,0.855663654176065,2.45752331268632,0.144316494011488,0.268394127245519,0.0430052511576968,14.0335761566195
"TS",0.03571872909699,0.4446970906916,0.724577858853564,0.791277046806338,4,1.31858375681536,15.9291878418755,0.858063150450772,2.44638209223089,0.144368736060534,0.266787218572888,0.0425390697867678,14.074464976479
"TS",0.0354501672240803,0.441353503543543,0.721512173480624,0.78792915749576,4,1.31914697762626,15.9573488778574,0.860466931050948,2.43520152301429,0.144420812533128,0.265171630016423,0.0420740956721193,14.1154264353731
"TS",0.0351816053511706,0.438009916395486,0.718413337721896,0.78454506622421,4,1.31971079133338,15.985539559584,0.862874894316936,2.42398219233147,0.144472718606761,0.263547449020693,0.0416103560893794,14.1564587766503
"TS",0.0349130434782609,0.434666329247429,0.715281177637673,0.781124583040402,4,1.32027518277632,16.0137591289196,0.865286957118707,2.41272461229113,0.144524447813959,0.261914743399124,0.0411478845514021,14.1975606830272
"TS",0.0346444816053512,0.431322742099371,0.712115540216787,0.777667540848109,4,1.32084013192332,16.0420065888777,0.867703019686626,2.40142937312343,0.144575996364696,0.260273591576295,0.0406867145269266,14.238730507176
"TS",0.0343759197324415,0.427979154951314,0.708916274950704,0.774173775284113,4,1.32140561236082,16.0702806175696,0.870122928365732,2.39009754540869,0.144627372915007,0.258624133376096,0.0402268892766697,14.2799657617621
"TS",0.0341073578595318,0.424635567803257,0.70568321040738,0.770643099135626,4,1.32197162822009,16.0985814125234,0.872546760969743,2.37872821407994,0.144678534672848,0.256966259194616,0.0397684087382039,14.3212676180541
"TS",0.0338387959866221,0.4212919806552,0.702416214971973,0.767075368672335,4,1.32253813643718,16.1269068182535,0.874974243754625,2.36732346915784,0.144729514953051,0.255300238789195,0.0393113372226413,14.3626316549902
"TS",0.0335702341137124,0.417948393507143,0.699115125853079,0.763470406117481,4,1.32310512814376,16.1552563932007,0.877405345268453,2.35588335015537,0.144780297240649,0.253626084155354,0.0388556948642499,14.404057380953
"TS",0.0333016722408027,0.414604806359086,0.695779814680691,0.759828071284282,4,1.32367257793112,16.1836288962339,0.879839950277365,2.34440852314667,0.144830878983021,0.251943880881057,0.038401517778283,14.4455428143523
"TS",0.033033110367893,0.411261219211028,0.692410110095859,0.75614817703977,4,1.32424047417216,16.2120236976946,0.882277976794813,2.3328995554676,0.144881246817963,0.250253728303869,0.0379488281911963,14.4870867212916
"TS",0.0327645484949833,0.407917632062971,0.689005904218569,0.75243060557331,4,1.32480878950791,16.240439475767,0.884719316997906,2.32135694965633,0.144931409218846,0.248555673717813,0.0374976597967575,14.5286871978987
"TS",0.0324959866220736,0.404574044914914,0.685567024061924,0.748675167974132,4,1.32537751057402,16.2688755240569,0.887163856702985,2.30978163594207,0.144981344230467,0.246849869627842,0.037048059159706,14.5703425675771
"TS",0.0322274247491639,0.401230457766857,0.682093360600688,0.744881745180955,4,1.32594661338406,16.2973306697018,0.889611523227676,2.29817376339434,0.145031066904984,0.24513631182875,0.0366000353479224,14.6120514348575
"TS",0.0319588628762542,0.3978868706188,0.678584763562989,0.741050173089012,4,1.32651607872218,16.3258039360706,0.8920621721947,2.28653451858959,0.145080550237228,0.243415209863056,0.0361536351140661,14.6538115829856
"TS",0.0316903010033445,0.394543283470743,0.675041097681418,0.73718030397919,4,1.32708589043027,16.3542945123626,0.894515747690006,2.27486401136073,0.14512980602165,0.241686547282831,0.0357088769697764,14.6956220398859
"TS",0.0314217391304348,0.391199696322686,0.67146225729861,0.733272022468104,4,1.32765602147641,16.3828010606008,0.896972111396551,2.2631631472097,0.145178822256734,0.239950465819329,0.0352657974004628,14.7374804835184
"TS",0.0311531772575251,0.387856109174628,0.667848109995103,0.729325183946752,4,1.32822645582396,16.4113227912181,0.899431173867461,2.25143248012418,0.145227587520627,0.23820705369039,0.0348244293057181,14.7793855321686
"TS",0.0308846153846154,0.384512522026571,0.664198518301435,0.725339638291266,4,1.32879717289233,16.4398586447183,0.90189282373821,2.23967267383627,0.145276117195033,0.236456393423215,0.0343847890978184,14.821335374778
"TS",0.0306160535117057,0.381168934878514,0.660513372215514,0.721315265373591,4,1.3293681518827,16.4684075941379,0.904356961778057,2.22788437391064,0.145324385077608,0.23469859514082,0.0339469180042433,14.8633283047978
"TS",0.030347491638796,0.377825347730457,0.656792548334308,0.717251930431138,4,1.32993937497744,16.4969687443866,0.906823487131919,2.2160681728422,0.145372390033054,0.232933744629929,0.0335108414278519,14.9053627662132
"TS",0.0300789297658863,0.3744817605824,0.653035950249799,0.713149528181294,4,1.33051081693595,16.5255408507557,0.90929227188329,2.2042248677273,0.145420133781158,0.23116195295696,0.0330765944481728,14.9474366484024
"TS",0.0298103678929766,0.371138173434343,0.649243441296151,0.709007909377792,4,1.33108246475522,16.5541232278923,0.911763250547094,2.19235484384214,0.14546759535412,0.22938330228007,0.0326441866269198,14.9895488459229
"TS",0.0295418060200669,0.367794586286286,0.645414941976309,0.704826987205676,4,1.33165429293768,16.582714640917,0.914236297636042,2.18045881580343,0.145514780912569,0.227597879071057,0.0322136593600188,15.0316973330393
"TS",0.0292732441471572,0.364450999138229,0.641550318744862,0.700606615826352,4,1.33222627962976,16.6113139757101,0.916711263942348,2.16853794565789,0.1455616847978,0.225805866338797,0.0317850505377706,15.0738797554207
"TS",0.0290046822742475,0.361107411990171,0.637649495372425,0.696346711993327,4,1.33279840817565,16.6399203978265,0.919188096812061,2.15659231100583,0.14560829590174,0.224007279427038,0.0313583712204658,15.1160951668727
"TS",0.0287361204013378,0.357763824842114,0.633712359731286,0.692047153257257,4,1.33337065777909,16.6685328762956,0.921666675076991,2.14462275022757,0.145654609495748,0.222202247299895,0.0309336532672737,15.1583416324103
"TS",0.0284675585284281,0.354420237694057,0.629738808713263,0.687707827018596,4,1.3339430095179,16.6971504598655,0.924146896253905,2.13262991142929,0.145700619434655,0.220390871002612,0.0305109228086401,15.2006174963533
"TS",0.0281989966555184,0.351076650546,0.625728783050425,0.683328668553654,4,1.33451543790874,16.7257718907008,0.926628631495754,2.12061457192555,0.145746318847048,0.218573271717306,0.0300902100408912,15.242920649517
"TS",0.0279304347826087,0.347733063397943,0.621682167647321,0.678909552172158,4,1.33508792992835,16.7543964969353,0.929111819348411,2.10857705367811,0.14579169928369,0.216749503063482,0.0296715293252094,15.2852500657658
"TS",0.027661872909699,0.344389476249886,0.617598863744112,0.674450370023181,4,1.33566046100901,16.7830230440933,0.931596283912226,2.09651871863231,0.145836760189322,0.214919774738015,0.0292549295917138,15.3276030555597
"TS",0.0273933110367893,0.341045889101828,0.613478830143208,0.669951077116793,4,1.33623301327723,16.8116506658086,0.93408199440202,2.08443940861189,0.145881487772555,0.213084063946251,0.028840414074125,15.3699788920778
"TS",0.0271247491638796,0.337702301953771,0.609321954364359,0.665411550618657,4,1.33680556329891,16.8402781642535,0.936568765840251,2.07234058785247,0.145925886647314,0.211242603839061,0.0284280181329607,15.4123747979548
"TS",0.0268561872909699,0.334358714805714,0.605128171317481,0.660831719446986,4,1.33737809743382,16.868904871689,0.939056552002665,2.06022242346597,0.145969927223038,0.209395438042159,0.0280177640662822,15.4547899417629
"TS",0.0265876254180602,0.331015127657657,0.600897399678319,0.656211494791425,4,1.33795059539386,16.8975297624282,0.941545242248729,2.04808558907346,0.146013623081476,0.207542654672528,0.0276096735121237,15.4972225465294
"TS",0.0263190635451505,0.3276715405096,0.596629614638622,0.651550849560064,4,1.33852302946463,16.9261514684074,0.944034693611888,2.03593100159075,0.14605695994069,0.205684407016465,0.0272037763553815,15.539670248016
"TS",0.0260505016722408,0.324327953361543,0.592324679769628,0.646849634765534,4,1.33909539264831,16.9547696324245,0.946524866723762,2.02375883834273,0.146099949280175,0.203820703761553,0.0268000872092775,15.5821324765115
"TS",0.0257819397993311,0.320984366213486,0.587982589222689,0.642107844020805,4,1.3396676566236,16.9833828265237,0.949015569484275,2.01157065779615,0.146142530238178,0.20195187064396,0.0263986380812225,15.6246062103183
"TS",0.0255133779264214,0.317640779065429,0.583603249311085,0.637325375015062,4,1.34023981048042,17.0119905191264,0.951506776691126,1.99936627717901,0.146184746719372,0.200077810908567,0.0259994471090678,15.6670910188165
"TS",0.0252448160535117,0.314297191917371,0.579186644805036,0.632502211116585,4,1.34081182695035,17.0405913479173,0.953998336725897,1.98714676591582,0.146226575425175,0.198198718735722,0.0256025384946427,15.7095844104188
"TS",0.024976254180602,0.310953604769314,0.574732684849457,0.627638253106855,4,1.34138369467067,17.069184721183,0.956490173612505,1.97491265091382,0.146268008052548,0.196314685674222,0.0252079315089568,15.7520852311725
"TS",0.0247076923076923,0.307610017621257,0.570241349769119,0.622733479499487,4,1.34195539114251,17.0977695402567,0.958982168640128,1.96266467346382,0.146309036559568,0.194425834787693,0.0248156502294349,15.7945915774048
"TS",0.0244391304347826,0.3042664304732,0.565704127537167,0.617778594714457,4,1.34252796321256,17.1263981610672,0.961478873613438,1.9503805205667,0.146349731031483,0.192528718374528,0.0244249938359316,15.837181186263
"TS",0.0241705685618729,0.300922843325143,0.561146346773456,0.612801258933861,4,1.34309820399919,17.1549101875398,0.963966250379457,1.93812965573236,0.146389848900419,0.190634107455744,0.0240381452914972,15.8796148021286
"TS",0.0239020066889632,0.297579256177086,0.556542619526781,0.607773747182654,4,1.34366928278105,17.1834641390072,0.96645812571176,1.92584398643372,0.14642961653898,0.188731462225872,0.0236529645722402,15.9221283241745
"TS",0.0236334448160535,0.294235669029029,0.551901328528672,0.602705213843582,4,1.34424012636395,17.2120062905304,0.968949781654265,1.9135469595882,0.146468947546571,0.186824426256777,0.0232701879523419,15.9646414345624
"TS",0.0233648829431438,0.290892081880971,0.547222478417935,0.597595663982465,4,1.34481071016604,17.2405354916404,0.971441095502659,1.90123935211619,0.146507832573469,0.184913130097719,0.0228898385697179,16.007152139691
"TS",0.0230963210702341,0.287548494732914,0.542506077217295,0.59244510636054,4,1.34538101571422,17.2690508062481,0.973931959334008,1.88892184147806,0.146546263043328,0.182997691231847,0.0225119371688962,16.0496587730324
"TS",0.0228277591973244,0.284204907584857,0.537751984289554,0.587253387394606,4,1.34595104276435,17.2975521381954,0.976422336791217,1.87659481029538,0.14658423141694,0.18107818057027,0.0221364950116883,16.092160850205
"TS",0.0225591973244147,0.2808613204368,0.532960286455582,0.58202060189761,4,1.34652076071437,17.3260380380976,0.978912084550608,1.86425906911298,0.146621729506564,0.179154730642914,0.0217635358794804,16.1346560286426
"TS",0.022290635451505,0.277517733288743,0.528130923054328,0.576746683624499,4,1.34709016038,17.3545080016439,0.981401118788163,1.85191530633926,0.146658743414066,0.177227475018282,0.0213930755342622,16.1771430872244
"TS",0.0220220735785953,0.274174146140686,0.523263906164834,0.571431645766223,4,1.34765922375289,17.3829611723181,0.983889351459201,1.83956402572161,0.146695268225089,0.175296492405301,0.0210251328489044,16.2196206184764
"TS",0.0217535117056856,0.270830558992628,0.518359229010457,0.566075480922331,4,1.34822793609745,17.4113968048783,0.98637670601547,1.82720566799626,0.146731308909905,0.173361854673217,0.0206597129487909,16.2620873864761
"TS",0.0214849498327759,0.267486971844571,0.513416868492982,0.560678163868361,4,1.34879628429435,17.4398142123736,0.988863038995219,1.81484154741927,0.146766812496541,0.171423817811656,0.020296863163197,16.3045413750176
"TS",0.0212163879598662,0.264143384696514,0.50843680610839,0.555239674396952,4,1.34936426298013,17.4682131421291,0.991348355251916,1.80247135226701,0.146801805194176,0.169482320016937,0.0199365722027732,16.346982606854
"TS",0.0209478260869565,0.260799797548457,0.503419095895757,0.549760071521611,4,1.34993184687736,17.4965923436992,0.99383250198373,1.79009617820703,0.146836272412847,0.167537546413006,0.0195788616016127,16.3894086741051
"TS",0.0206792642140468,0.2574562104004,0.498363692535367,0.54423930575083,4,1.3504990293387,17.5249514598262,0.996315422218778,1.77771649932929,0.146870199628498,0.165589589503988,0.0192237464870636,16.4318187253164
"TS",0.0204107023411371,0.254112623252343,0.493270649242154,0.53867743519811,4,1.35106577994171,17.5532889978139,0.99879694189335,1.76533342210334,0.146903640306271,0.163638570048754,0.0188712455511852,16.4742100265297
"TS",0.0201421404682274,0.250769036104286,0.488139952047474,0.533074444608959,4,1.35163212551894,17.5816062730503,1.00127719585455,1.75294606446973,0.146936455910509,0.161684506770176,0.0185213500791529,16.5165849663607
"TS",0.0198735785953177,0.247425448956229,0.482971592426069,0.527430324673347,4,1.35219804489953,17.6099022363474,1.00375599183926,1.74055613527524,0.146968638925626,0.15972767367591,0.0181741274395729,16.5589407035081
"TS",0.019605016722408,0.244081861808171,0.477765656737321,0.521745169700252,4,1.35276348527804,17.638174262863,1.00623311397151,1.72816453796219,0.147000376246243,0.157768023570536,0.0178295332179999,16.6012734207228
"TS",0.0193364548494983,0.240738274660114,0.472522150619146,0.516018985846572,4,1.35332848126243,17.6664240831839,1.00870868230045,1.71577088496376,0.147031449196976,0.155805719638274,0.0174876199123447,16.6435855066778
"TS",0.0190678929765886,0.237394687512057,0.467241005293815,0.510251698003421,4,1.35389304500292,17.6946522501517,1.01118270044999,1.70337529149625,0.147061837108922,0.153840831882126,0.0171483798542635,16.6858774325544
"TS",0.0187993311036789,0.234051100364,0.461922360836332,0.504443459140052,4,1.35445711222841,17.7228556103008,1.01365489032417,1.69097931416502,0.147091691867138,0.151873414961129,0.0168118291746078,16.7281441979049
"TS",0.0185307692307692,0.230707513215943,0.456566214577651,0.498594266341727,4,1.35502067910746,17.7510339540016,1.01612512807258,1.67858423182352,0.1471209586347,0.149903785012256,0.0164779714911229,16.7703842880805
"TS",0.0182622073578595,0.227363926067886,0.45117259581537,0.492704151602961,4,1.35558380052805,17.779190026422,1.01859371971885,1.66618784559824,0.147149456612244,0.147931731220918,0.0161468437480403,16.8126030054414
"TS",0.0179936454849498,0.224020338919829,0.445741550130915,0.486773164701063,4,1.3561463867477,17.8073193374328,1.02106019859312,1.6537931621023,0.147177475493747,0.145957458674636,0.0158184141656287,16.8547923242791
"TS",0.0177250836120401,0.220676751771771,0.440273117353979,0.480801349132148,4,1.35670851667284,17.8354258322955,1.02352485998741,1.64139886238279,0.147204652890927,0.143981140375053,0.0154927463741637,16.8969580677498
"TS",0.0174565217391304,0.217333164623714,0.434767368810631,0.474788782788026,4,1.35727010168573,17.8635050879523,1.02598724181323,1.62900775940374,0.147231300278429,0.142002890102486,0.0151698520285447,16.9390923838818
"TS",0.0171879598662207,0.213989577475657,0.429224272744779,0.468735430989379,4,1.35783123520881,17.8915617577758,1.02844781197181,1.61661695727302,0.147257078610108,0.14002266305523,0.0148496495873907,16.9812034607923
"TS",0.016919397993311,0.2106459903276,0.423643959798542,0.462641436404255,4,1.35839183120855,17.9195915604333,1.0309061181955,1.60422942566901,0.147282240161725,0.138040597736978,0.0145322335348548,17.0232835528994
"TS",0.0166508361204013,0.207302403179543,0.418026457478096,0.456506829070845,4,1.35895191212238,17.947595606427,1.03336227263046,1.5918442338235,0.147306769256955,0.136056593413315,0.0142175574975304,17.0653348024197
"TS",0.0163822742474916,0.203958816031486,0.412371820301969,0.45033166852624,4,1.35951148357195,17.9755741682355,1.03581599140608,1.57946480642495,0.147330452726541,0.134071445751253,0.0139057542772714,17.1073541484901
"TS",0.0161137123745819,0.200615228883429,0.406680116811977,0.444116029621701,4,1.3600705778728,18.0035288888073,1.0382678800723,1.56708500196566,0.147353415270156,0.132084022053958,0.0135966131774862,17.1493495051678
"TS",0.0158451505016722,0.197271641735371,0.400951394532459,0.437859964256298,4,1.36062918002882,18.0314590028969,1.0407173644211,1.55471094722769,0.147375474237625,0.130095499652554,0.0132903730424007,17.1913139695474
"TS",0.0155765886287625,0.193928054587314,0.395185730107342,0.431563556129225,4,1.36118724005346,18.0593620033511,1.04316437705019,1.54234200748491,0.147396928494863,0.128105467345844,0.0129869160466157,17.2332452993048
"TS",0.0153080267558528,0.190584467439257,0.389383180854572,0.425226867834685,4,1.36174484918556,18.0872424572929,1.04560934070691,1.52997572918203,0.147417441905455,0.126113926434396,0.012686223896106,17.2751510742407
"TS",0.0150394648829431,0.1872408802912,0.383543832126851,0.418849992582309,4,1.36230190940787,18.1150954690887,1.04805158634129,1.51761708966187,0.147437317235069,0.124121303816801,0.01238840423322,17.3170208498417
"TS",0.0147709030100334,0.183897293143143,0.377667742947568,0.412432994828733,4,1.36285857443341,18.1429287221445,1.0504920401861,1.5052594930323,0.147456098727136,0.122127063361082,0.0120933386679616,17.3588697856467
"TS",0.0145023411371237,0.180553705995086,0.371754991339211,0.40597595977861,4,1.36341472046345,18.1707360234056,1.05292983664339,1.49290938365045,0.147474205670508,0.120131758338496,0.0118011536144938,17.4006844886155
"TS",0.014233779264214,0.177210118847029,0.365805653989454,0.399478971178906,4,1.36397043101454,18.1985215507387,1.05536542702277,1.48056397804014,0.14749130587213,0.118135370832916,0.0115117600943221,17.4424724007695
"TS",0.0139652173913043,0.173866531698971,0.35981980947722,0.392942114841925,4,1.36452567046435,18.2262835236117,1.05779855804445,1.46822485000857,0.147507653343062,0.116137837404552,0.0112251888029308,17.4842299268695
"TS",0.0136966555183946,0.170522944550914,0.353797541855803,0.386365482558278,4,1.36508051597009,18.2540257985102,1.06022954894071,1.45589058585741,0.147522898412434,0.114139267627365,0.0109415277029794,17.5259627537855
"TS",0.0134280936454849,0.167179357402857,0.347738927854064,0.379749158119907,4,1.36563490925524,18.2817454620624,1.06265806445683,1.44356312612896,0.147537387843158,0.112139636222264,0.0106606935548679,17.5676656493091
"TS",0.0131595317725752,0.1638357702548,0.341644106056515,0.373093292868372,4,1.36618893834674,18.3094469236167,1.0650844352084,1.43124077458796,0.147550843127012,0.110139020526713,0.0103826815288003,17.6093451666084
"TS",0.0128909698996655,0.160492183106743,0.335513028859486,0.366397834817966,4,1.3667426013913,18.3371300746399,1.06750868233213,1.41892401980447,0.147563190487236,0.108137516770881,0.0101075362364672,17.6510007700074
"TS",0.0126224080267558,0.157148595958686,0.329345901601929,0.359663008209601,4,1.36729592653662,18.364796326892,1.06993078114917,1.40661294191617,0.147574508046468,0.106135098666577,0.00983522793319676,17.6926337593307
"TS",0.0123538461538461,0.153805008810628,0.323142785811137,0.352888880234312,4,1.36784891867481,18.3924459310422,1.07235071123661,1.394307938586,0.1475848511289,0.104131724307506,0.00956578677608359,17.7342440150615
"TS",0.0120852842809364,0.150461421662571,0.316903769550522,0.346075547061963,4,1.36840161986922,18.4200809934599,1.07476860430301,1.38200867340309,0.147594108333162,0.102127466677713,0.0092992234838431,17.7758341944924
"TS",0.011548160535117,0.143774247366457,0.304318405010287,0.332331668519864,4,1.36950628335423,18.4753141733281,1.07959855622319,1.35742626797538,0.147609387720878,0.0981161913921381,0.00877458099859313,17.8589622971273
"TS",0.0112795986622073,0.1404306602184,0.297972234619938,0.32540131741453,4,1.37005828983827,18.5029144918753,1.08201071624636,1.34514352479393,0.147615330242417,0.096109189098935,0.00851664058426793,17.900502235007
"TS",0.0110110367892977,0.137087073070343,0.291590541960924,0.318432174127652,4,1.37061022129383,18.5305110650146,1.0844214719248,1.33286400439054,0.147619897000282,0.0941012658113277,0.0082615263753755,17.9420362752506
"TS",0.010742474916388,0.133743485922286,0.285173415637806,0.311424335420058,4,1.37116204642328,18.5581023211696,1.08683067717322,1.320588851705,0.147623244666292,0.0920923778236486,0.00800925924625757,17.9835613973014
"TS",0.0104739130434783,0.130399898774228,0.278708907477805,0.304364753260047,4,1.37171482255284,18.5857411275287,1.08924283028521,1.30829561885717,0.147625382982813,0.0900788212719036,0.00775933191245477,18.0251561709027
"TS",0.0102053511705686,0.127056311626171,0.272233254325836,0.297293000183933,4,1.37226561580135,18.6132807898464,1.09164508971484,1.29604965178303,0.147626011571194,0.0880715971640479,0.00751329103716966,18.0665998385321
"TS",0.00993678929765886,0.123712724478114,0.265710407931305,0.290169709610298,4,1.37281746443777,18.6408732184517,1.09405045196747,1.28378548270241,0.147625552809325,0.0860595323175614,0.00726962913647901,18.1081186950656
"TS",0.00966822742474915,0.120369137330057,0.259152518553321,0.283008150259722,4,1.37336949888759,18.6684749445208,1.0964552279446,1.27152190452516,0.147623409520947,0.0840463743867162,0.00702879081303507,18.1496482650454
"TS",0.00939966555183945,0.117025550182,0.252559674264032,0.275808418311609,4,1.37392173307651,18.6960866539245,1.09885932075386,1.25925976540129,0.147619868463591,0.0820318614334282,0.00679083368475699,18.1911882548281
"TS",0.00913110367892976,0.113681963033943,0.245931972435933,0.268570620101837,4,1.37447424763009,18.7237123803053,1.10126304853713,1.2469973794832,0.147614882437065,0.0800157967368125,0.00655569397807055,18.2327446065198
"TS",0.00886254180602006,0.110338375885886,0.239269516681897,0.261294868781098,4,1.37502715962896,18.7513579384656,1.10366638421492,1.23473655620091,0.14760843590499,0.0779984419087845,0.0063235459826954,18.2743216826111
"TS",0.00859397993311035,0.106994788737828,0.232572368287951,0.253981231276952,4,1.3755805496446,18.7790274822301,1.10607002125592,1.22247326816535,0.147600064329108,0.07597965597897,0.00609411241621803,18.3159282367665
"TS",0.00832541806020066,0.103651201589771,0.225840648962477,0.246629840501338,4,1.37613449462395,18.8067247285246,1.10847421993572,1.21020610175311,0.147590204499254,0.0739587414699227,0.00586761018959207,18.3575693787283
"TS",0.00805685618729096,0.100307614441714,0.219074426631473,0.239240770633011,4,1.37668925759637,18.8344628709086,1.110879948928,1.19792953291225,0.147578201222128,0.0719354281103406,0.00564381386458173,18.3992651028713
"TS",0.00778829431438126,0.096964027293657,0.212273814386249,0.231814145173616,4,1.37724480836983,18.8622404195238,1.11328647903394,1.18565008963351,0.147564598150653,0.0699101235046761,0.00542296729286875,18.4410068312087
"TS",0.00751973244147157,0.0936204401456,0.205438870290443,0.224350027531693,4,1.37780148853794,18.8900744309868,1.11569550728998,1.17335899607399,0.147548164911526,0.0678827493635963,0.00520497359648653,18.4828224023444
"TS",0.00725117056856187,0.0902768529975428,0.19856967490501,0.216848505684032,4,1.37835886604465,18.9179433010689,1.11810462834222,1.16107029027126,0.147531387024646,0.0658529345063608,0.00498980857592379,18.5246726588294
"TS",0.00671404682274247,0.0835896787014285,0.184728849670515,0.201733598178796,4,1.37947831183222,18.973915591972,1.12293530480412,1.13642986811078,0.147489187853336,0.0617821401550864,0.00456774896283085,18.6086923381624
"TS",0.00644548494983277,0.0802460915533714,0.177757350383811,0.194120355102166,4,1.38004044434691,19.002022217318,1.12535627532403,1.12408561973893,0.147464606145768,0.059741533535651,0.00436095475663147,18.6508566359821
"TS",0.00617692307692307,0.0769025044053142,0.170751873403141,0.186470006600619,4,1.38060452597783,19.0302262988933,1.12778239006686,1.11171776047297,0.147437540387199,0.0576962201706891,0.00415696256573002,18.6931499581815
"TS",0.00590836120401338,0.0735589172572571,0.163712473305993,0.178782612275636,4,1.38117080739189,19.0585403531085,1.13021397447122,1.09932806216476,0.14740753844609,0.0556468560517358,0.00395584460521517,18.735583997661
"TS",0.00563979933110367,0.0702153301091999,0.15663918092411,0.171058205797097,4,1.38173959068179,19.0869795342386,1.13265257043203,1.08690551797547,0.147375050138879,0.0535911871779305,0.00375736244130715,18.7781855897728
"TS",0.00483411371237458,0.0601845686650285,0.135216267858872,0.14766326048222,4,1.38346422184496,19.1732110881631,1.14001900621361,1.0494238319482,0.147259105826497,0.04738597583883,0.00317870491163126,18.9071876013035
"TS",0.00402842809364548,0.0501538072208571,0.113488766482747,0.12393568874744,4,1.38522717503,19.2613587514988,1.14749903535417,1.0114532794483,0.147106182552639,0.0411032496569908,0.00262429498999596,19.0387388539006
"TS",0.0803,0.999732557269086,0.915706885501032,0.999999974117236,4,1.240842507869,12.0421253937797,0.551987445832716,3.58282661754017,0.134288036607532,0.405842971506011,0.11416594342386,8.83900467184858
"TS",0.0823,1.02463249642896,0.915520938752484,0.999796910509568,4,1.23815781969879,11.9078909911638,0.542700933739336,3.60179386790894,0.133756755543181,0.407182942961222,0.116407387193868,8.67912354627317
"TS",0.0843,1.04953243558884,0.914975623401206,0.999201397528506,4,1.23553035874607,11.7765179562601,0.533713842463418,3.61872958101675,0.133217156336209,0.408264316013215,0.118545891024534,8.52433544586146
"TS",0.0863,1.07443237474872,0.914100467682782,0.998245681556912,4,1.23295951120589,11.6479755625191,0.525017713384069,3.63373472803997,0.132669738748728,0.409105255403891,0.120582269107224,8.37450440255839
"TS",0.0883,1.0993323139086,0.91292266904134,0.99695946363106,4,1.23044333126971,11.5221666155215,0.516599602576678,3.64691813735715,0.132114800498278,0.409723731585514,0.122518880355985,8.22941677268407
"TS",0.0903,1.12423225306847,0.911467263258596,0.995370084138431,4,1.2279799316787,11.3989965840316,0.508446919951739,3.65838585014757,0.131552699899691,0.410136747292533,0.124358394469837,8.0888644856705
"TS",0.0923,1.14913219222835,0.909757267360975,0.993502678879787,4,1.22556746002039,11.2783730176676,0.500547419811454,3.66824072422094,0.130983839543231,0.410360333716183,0.126103745410559,7.95264485489534
"TS",0.0943,1.17403213138823,0.907813842911155,0.991380357392103,4,1.2232041356112,11.1602067934788,0.492889306103809,3.67658198194168,0.130408663889153,0.410409546588611,0.127758060180096,7.82056235329161
"TS",0.0963,1.19893207054811,0.905656432245417,0.989024351726909,4,1.22088823840978,11.0444119201463,0.485461231322315,3.68350502761225,0.129827644392562,0.410298490146584,0.129324619809418,7.69242861067132
"TS",0.0983,1.22383200970798,0.903302886918781,0.986454156719112,4,1.21861810702319,10.9309053645452,0.478252317939006,3.68910096973906,0.129241288661322,0.410040308454049,0.130806778913756,7.56806271255362
"TS",0.1003,1.24873194886786,0.900769607700239,0.983687682869145,4,1.21639215681613,10.8196078531103,0.471252185272253,3.6934569884685,0.128650097915936,0.409647273987247,0.13220798271751,7.44729170774068
"TS",0.1023,1.27363188802774,0.898071649715502,0.980741371164356,4,1.21420886962868,10.7104434813494,0.464450929887842,3.69665589041311,0.128054601918572,0.40913078277712,0.133531691207691,7.32995062738306
"TS",0.1043,1.29853182718762,0.895222831365868,0.977630312024139,4,1.21206678200459,10.6033391309396,0.457839162910653,3.69877580497947,0.127455312601604,0.408501364867727,0.134781303642434,7.21588221730721
"TS",0.1063,1.32343176634749,0.892235857111995,0.974368379386242,4,1.20996451656436,10.4982258503865,0.451407968691672,3.69989119033004,0.126852759693979,0.407768819566199,0.135960249097046,7.10493733620643
"TS",0.1083,1.34833170550737,0.889122378132954,0.970968296949654,4,1.2079007428243,10.3950371523242,0.44514889432892,3.70007191077408,0.126247451052752,0.406942171544536,0.137071856097042,6.9969741473836
"TS",0.1103,1.37323164466725,0.885893106615865,0.96744176298487,4,1.2058742003366,10.2937100150724,0.439053962868542,3.69938380416574,0.125639886551007,0.406029750689492,0.138119387247323,6.89185857691296
"TS",0.1123,1.39813158382713,0.882557877004616,0.963799517220714,4,1.20388368146533,10.1941840988904,0.433115622629521,3.69788875855931,0.125030549797282,0.405039238241178,0.139106013201372,6.78946342120362
"TS",0.1143,1.423031522987,0.879125742966286,0.960051446736763,4,1.20192804735525,10.0964023746807,0.427326776201797,3.69564478645216,0.124419908856495,0.403977705430076,0.140034797003074,6.68966893218416
"TS",0.1163,1.44793146214688,0.875605011590686,0.956206623311036,4,1.20000619833101,10.0003099617864,0.421680699746778,3.69270622933298,0.12380840873784,0.402851652204752,0.140908696622333,6.5923613942041
"TS",0.1183,1.47283140130676,0.872003348037029,0.952273417699652,4,1.19811710411295,9.90585521796419,0.416171120723204,3.68912352245297,0.123196473146667,0.401667027846533,0.141730512094318,6.49743451010075
"TS",0.1203,1.49773134046664,0.868327779553068,0.948259504025937,4,1.19625976554826,9.81298830861087,0.410791984801648,3.68494538893292,0.122584517999678,0.400429417798047,0.142503076766259,6.40478563718681
"TS",0.1223,1.52263127962652,0.864584796294262,0.944171969880249,4,1.194433240386,9.72166202294186,0.405537785753625,3.68021471532898,0.121972907959593,0.399143748149055,0.143228859489715,6.31432091299855
"TS",0.1243,1.54753121878639,0.860780368863783,0.940017335474581,4,1.19263662605707,9.63183130924963,0.400403186323942,3.67497368942392,0.121362010967678,0.397814708146761,0.143910416951073,6.22594945164926
"TS",0.1263,1.57243115794627,0.856920002630104,0.93580161296022,4,1.19086906210938,9.54345310838137,0.395383230879293,3.66926054479794,0.120752159845077,0.396446519114954,0.144550075726787,6.13958654178522
"TS",0.1283,1.59733109710615,0.853008775264422,0.931530347420583,4,1.18912972657937,9.45648632932773,0.3904732558126,3.66311080731525,0.120143659235942,0.395043038564814,0.145150055378288,6.05515233726679
"TS",0.1303,1.62223103626603,0.84905137149248,0.92720865482203,4,1.18741783761948,9.37089187931098,0.385668799082895,3.65655863181647,0.119536812267284,0.393607902381301,0.145712546497009,5.97257049369722
"TS",0.1323,1.6471309754259,0.845052117109777,0.922841259160259,4,1.18573264144856,9.28663207346496,0.380965742236461,3.64963438078396,0.118931879273249,0.392144322906395,0.146239491807623,5.89177007106441
"TS",0.1343,1.67203091458578,0.841015010152745,0.918432526500865,4,1.184073420181,9.20367101500601,0.37636015550587,3.64236712945596,0.118329110566252,0.390655304598729,0.146732816668376,5.81268333486161
"TS",0.1363,1.69693085374566,0.836943744349875,0.913986490589203,4,1.18243948811459,9.12197440746428,0.371848339318947,3.63478363989276,0.117728730032248,0.389143589994207,0.147194325413896,5.73524661949671
"TS",0.1383,1.72183079290554,0.832841736105969,0.909506882318604,4,1.1808301843963,9.04150922026957,0.367426804012125,3.62690883525308,0.11713095042556,0.387611689994426,0.147625711823021,5.65939949122913
"TS",0.1403,1.74673073206541,0.828712146644164,0.904997153910632,4,1.17924487629588,8.96224383046022,0.36309224683007,3.61876592955789,0.116535957839042,0.386061917778376,0.148028575584007,5.58508476438963
"TS",0.1423,1.77163067122529,0.824557908675476,0.90046050803962,4,1.17768296068738,8.88414804164636,0.358841552460368,3.61037651811975,0.115943931255012,0.3844963862363,0.148404447227379,5.51224841751158
"TS",0.1443,1.79653061038517,0.820381733633964,0.895899905733855,4,1.17614385320363,8.80719265486312,0.354671780386942,3.60176043353777,0.115355022445493,0.382917020193223,0.148754738653027,5.44083930887761
"TS",0.1463,1.82143054954505,0.816186136935032,0.891318093958963,4,1.1746269938842,8.73134968544947,0.350580135733117,3.59293631380707,0.11476937849442,0.381325595143899,0.149080798606336,5.370808799376
"TS",0.1483,1.84633048870492,0.811973451140871,0.886717619995267,4,1.1731318425671,8.65659212520785,0.346563992015815,3.58392111797882,0.11418712128272,0.379723713379207,0.149383871598757,5.30211101982462
"TS",0.1503,1.8712304278648,0.807745840275564,0.88210084707063,4,1.17165788320185,8.58289417961633,0.342620818039839,3.57473135528294,0.11360836592069,0.378112902437494,0.149665206344178,5.23470184253089
"TS",0.1523,1.89613036702468,0.803505323800269,0.877469980542615,4,1.17020461879863,8.51023095224356,0.338748259706212,3.56538165479813,0.113033216721081,0.376494510170933,0.149925892476547,5.16854002035782
"TS",0.1543,1.92103030618456,0.799253766307206,0.87282705664378,4,1.168771566565,8.43857833122083,0.334944059124584,3.55588582902255,0.112461759302357,0.374869785057925,0.15016699769776,5.10358598413156
"TS",0.1563,1.94593024534443,0.79499291037958,0.868173978366431,4,1.16735826624513,8.3679132224715,0.331206081668015,3.54625665363243,0.111894072148426,0.373239864286682,0.150389521621238,5.03980230341072
"TS",0.1583,1.97083018450431,0.79072435226693,0.863512488898836,4,1.16596425796333,8.29821289384098,0.327532264152594,3.53650618059949,0.111330232049705,0.371605810034653,0.150594398856826,4.97715266931466
"TS",0.1603,1.99573012366419,0.786449615540711,0.858844252060978,4,1.16458912078634,8.22945604268671,0.32392070513719,3.52664518672551,0.110770286136837,0.369968563412316,0.150782503617311,4.9156036120089
"TS",0.1623,2.02063006282407,0.782170095824569,0.854170791947117,4,1.16323243769577,8.16162188490598,0.320369528324371,3.51668446949862,0.110214291451695,0.368329044609579,0.150954719623477,4.85512217365853
"TS",0.1643,2.04553000198395,0.77788709504965,0.84949353033439,4,1.16189380043324,8.0946900254436,0.316876990210022,3.50663328241734,0.109662291184167,0.366688024300154,0.151111796408201,4.79567740158472
"TS",0.1663,2.07042994114382,0.773601826997175,0.84481379273559,4,1.16057282196976,8.02864111193376,0.313441405477411,3.49650056100505,0.109114313980586,0.365046267870832,0.151254493956401,4.7372397793315
"TS",0.1683,2.0953298803037,0.769315438324754,0.840132831360998,4,1.15926913237938,7.96345638712843,0.310061185498667,3.48629464283159,0.108570395209369,0.36340444388578,0.151383506894734,4.6797810180619
"TS",0.1703,2.12022981946358,0.765028953482969,0.835451764964414,4,1.15798234119539,7.89911705793047,0.306734772668517,3.47602307131501,0.108030550319192,0.361763159579847,0.151499493144366,4.62327362764816
"TS",0.1723,2.14512975862346,0.760743384264424,0.83077169847646,4,1.15671211642514,7.83560583372199,0.303460734521775,3.46569294241839,0.107494795328022,0.3601229889783,0.151603067041603,4.56769215379318
"TS",0.1743,2.17002969778333,0.756459646613241,0.826093632156183,4,1.15545811350083,7.77290567507333,0.300237638960402,3.45531143586548,0.106963149454298,0.358484482649903,0.151694869007669,4.51301131633163
"TS",0.1763,2.19492963694321,0.752178593785859,0.821418497804393,4,1.15421999333458,7.71099966693899,0.297064170086356,3.44488410736026,0.106435608598086,0.356848075284213,0.151775394662092,4.45920765291124
"TS",0.1783,2.21982957610309,0.747901029133958,0.816747172723283,4,1.15299743595378,7.64987179800861,0.29393903138589,3.43441697316538,0.105912177791717,0.355214219815715,0.1518451949475,4.40625817005424
"TS",0.1803,2.24472951526297,0.743627701409548,0.812080474589343,4,1.15179012927105,7.58950646339095,0.290860984505543,3.42391550363356,0.105392856246805,0.353583322370396,0.151904776378014,4.35414086624284
"TS",0.1823,2.26962945442284,0.739358243779089,0.807418002801095,4,1.15059747027143,7.5298734886886,0.287828116541629,3.41338154942573,0.104877501305977,0.351955300686222,0.151954579656198,4.30282228932259
"TS",0.1843,2.29452939358272,0.735096509661856,0.802763965494609,4,1.14942005567595,7.47100278383285,0.284841521120496,3.40282822615131,0.104366495000844,0.350331756070047,0.151995059181564,4.25232002242731
"TS",0.1863,2.3194293327426,0.730839910648042,0.79811553599054,4,1.14825670867562,7.41283543383169,0.281897867043503,3.39225155902138,0.103859436214037,0.348711734552757,0.152026640444092,4.20257665732887
"TS",0.1883,2.34432927190248,0.726590084695976,0.793474503025343,4,1.14710744805991,7.35537240304179,0.278996848779431,3.3816583588921,0.103356438356981,0.347095933377419,0.152049722797499,4.15358610678186
"TS",0.1903,2.36922921106235,0.722347566130218,0.788841450109475,4,1.14597200330007,7.2986001650299,0.276137455657968,3.37105236214687,0.102857483285295,0.345484602882067,0.152064682749613,4.10533034691798
"TS",0.1923,2.39412915022223,0.718112854656424,0.78421692294774,4,1.14485011038409,7.24250551924907,0.273318719970885,3.36043691945867,0.102362548254749,0.343877961677024,0.152071866124677,4.05779209607042
"TS",0.1943,2.41902908938211,0.713886417641932,0.779601431929795,4,1.14374151372899,7.18707568626068,0.270539702627717,3.34981529827628,0.101871610885349,0.342276218999445,0.152071613774284,4.01095459982008
"TS",0.1963,2.44392902854199,0.709668692285309,0.774995454499421,4,1.14264596427706,7.13229821388888,0.267799500468567,3.3391904931435,0.101384646435319,0.340679560702063,0.152064245003676,3.96480173031639
"TS",0.1983,2.46882896770186,0.705460087490319,0.770399437200984,4,1.14156321954194,7.07816097719502,0.265097242276052,3.32856528974554,0.100901629772211,0.339088152911939,0.152050061884949,3.91931791669931
"TS",0.2003,2.49372890686174,0.701260985921733,0.765813797924499,4,1.14049304388266,7.0246521944023,0.262432087712994,3.31794226304112,0.100422527785371,0.337502153538441,0.152029351378676,3.87448817412176
"TS",0.2023,2.51862884602162,0.697071745160217,0.761238927166817,4,1.13943520713624,6.97176035703275,0.259803224710405,3.30732382717969,0.0999473159248405,0.335921692129042,0.152002385342448,3.83029795975708
"TS",0.2043,2.5435287851815,0.692892700014395,0.756675190556525,4,1.13838948557978,6.91947427917833,0.257209869293614,3.29671221018219,0.0994759618244334,0.334346892766417,0.15196942185057,3.78673326908717
"TS",0.2063,2.56842872434137,0.688724163397536,0.752122929811337,4,1.13735565779148,6.86778288972021,0.254651279493127,3.28610907082861,0.0990084233134113,0.332777840832153,0.151930670350236,3.74378081129818
"TS",0.2083,2.59332866350125,0.684566428526068,0.747582465138976,4,1.13633351826597,6.81667591204699,0.252126688816234,3.27551720974656,0.0985446891276675,0.331214683293925,0.151886438628673,3.70142692852674
"TS",0.2103,2.61822860266113,0.680419768270729,0.743054094528612,4,1.13532285809916,6.76614290521763,0.249635394968586,3.26493821985866,0.0980847229474323,0.32965749520289,0.151836928265865,3.65965905505299
"TS",0.2123,2.64312854182101,0.676284439170578,0.738538098134357,4,1.13432346963071,6.71617348299738,0.247176740398012,3.25437300760936,0.0976284675019042,0.328106306915638,0.151782295301788,3.61846540449549
"TS",0.2143,2.66802848098088,0.672160680077792,0.734034736795323,4,1.13333516153077,6.66675807651754,0.244750032541792,3.24382384916137,0.0971759107285008,0.326561228225338,0.151722792537496,3.57783360200065
"TS",0.2163,2.69292842014076,0.668048714501362,0.72954425459506,4,1.13235773965866,6.61788698277565,0.242354637331623,3.23329191551732,0.0967270101577768,0.325022301006314,0.151658594475838,3.5377522948901
"TS",0.2183,2.71782835930064,0.663948750890607,0.725066879171162,4,1.13139101524041,6.56955076455877,0.239989934114404,3.2227784201027,0.0962817248981929,0.323489571719629,0.15158986453682,3.49821036361784
"TS",0.2203,2.74272829846052,0.659860983220495,0.720602822354473,4,1.13043480689595,6.52174033937314,0.237655310530967,3.21228469775737,0.0958400234411107,0.321963082864545,0.151516794304519,3.45919692990472
"TS",0.2223,2.7676282376204,0.655785596035617,0.716152285677373,4,1.12948893288815,6.47444664445068,0.235350194438214,3.2018115907708,0.0954018668285817,0.320442853990909,0.15143951511531,3.42070164479172
"TS",0.2243,2.79252817678027,0.651722756052827,0.711715451203414,4,1.12855322506755,6.42766125337607,0.233073989665857,3.19136077187455,0.0949672243989422,0.318928955316429,0.151358246273497,3.38271397100829
"TS",0.2263,2.81742811594015,0.647672622200068,0.707292492490251,4,1.1276275076595,6.38137538308753,0.230826164402421,3.18093264013384,0.0945360526341645,0.317421370690445,0.151273082969132,3.34522431586851
"TS",0.2283,2.84232805510003,0.643635341655375,0.702883570264021,4,1.12671161608917,6.33558080444374,0.228606174892914,3.17052825760274,0.0941083163180411,0.315920128971918,0.151184183710225,3.30822297628479
"TS",0.2303,2.86722799425991,0.639611051407337,0.698488834123453,4,1.12580538778433,6.29026938933732,0.226413499408536,3.16014843003597,0.093683980050211,0.314425241034092,0.151091682504238,3.27170062699538
"TS",0.2323,2.89212793341978,0.63559987885824,0.69410842319853,4,1.12490866401547,6.24543320077901,0.224247630743217,3.14979390074042,0.0932630052394068,0.312936714174258,0.150995708377777,3.23564820016492
"TS",0.2343,2.91702787257966,0.631601942380701,0.689742466758359,4,1.12402128927178,6.20106446359265,0.222108077017866,3.13946531885581,0.0928453547972382,0.311454548550193,0.150896381042495,3.200056899729
"TS",0.2363,2.94192781173954,0.627616357419484,0.685389998822205,4,1.12314289474383,6.15714474069882,0.219993828308056,3.12916084475076,0.0924308907234402,0.309978384357477,0.15079379935779,3.16490938276583
"TS",0.2423,3.01662762921917,0.615744637366702,0.672425457511572,4,1.1205623012917,6.0281150645758,0.213803602868442,3.09842245233612,0.0912072645662781,0.305589436903618,0.150467831825613,3.06213489061692
"TS",0.2443,3.04152756837905,0.61181437602632,0.668133405872684,4,1.11971946518048,5.98597325928228,0.211788679134643,3.08823207226404,0.0908056856077478,0.304138996999153,0.150353407725817,3.02872517759093
"TS",0.2463,3.06642750753893,0.607897898744616,0.663856407149242,4,1.11888511762463,5.9442558813844,0.209797378196863,3.07807066247992,0.0904072123223364,0.302694861830236,0.150236260951425,2.99572850605148
"TS",0.2483,3.0913274466988,0.603995273758161,0.659594535859164,4,1.11805912634883,5.9029563173974,0.207829290573469,3.06793861213595,0.0900118108619196,0.301257015082614,0.150116481399211,2.96313756230988
"TS",0.2503,3.11622738585868,0.600106563692211,0.655347860392514,4,1.11724136053211,5.86206802659943,0.205884021581142,3.05783610954746,0.0896194396783622,0.299825427324704,0.149994151128896,2.93094532264003
"TS",0.2523,3.14112732501856,0.596231825860521,0.651116443338922,4,1.1164316962054,5.82158481048954,0.203961174269809,3.04776371784922,0.0892300706186342,0.298400094008032,0.149869372766592,2.89914472547105
"TS",0.2543,3.16602726417844,0.592371112570795,0.646900341821144,4,1.11563000434311,5.78150021725477,0.202060384329461,3.03772125602397,0.088843660895507,0.296980961491698,0.149742186894411,2.86772922028927
"TS",0.2563,3.19092720333831,0.588523511551656,0.642698559590963,4,1.11483596741447,5.74179836995939,0.200180810971467,3.02770658695821,0.08846008275592,0.295567658978084,0.149612649686373,2.83668444875937
"TS",0.2583,3.21582714249819,0.584691945563993,0.638514288456652,4,1.11405006023225,5.70250301162552,0.19832349083562,3.01772751644277,0.0880795897480526,0.294161226264883,0.149480941026454,2.80602708839175
"TS",0.2603,3.24072708165807,0.580873573935635,0.634344426255127,4,1.11327156990883,5.66357849552062,0.196486682499026,3.00777638490084,0.0877018562554956,0.292760551868328,0.14934700292165,2.7757278770878
"TS",0.2623,3.26562702081795,0.577069391500994,0.630190059397771,4,1.11250058658734,5.62502932936,0.194670491207083,2.99785641489036,0.0873269539534319,0.291365996017975,0.149210987405419,2.74578817168279
"TS",0.2643,3.29052695997783,0.573279429494709,0.626051221994449,4,1.11173699001268,5.58684950064993,0.192874605104721,2.98796700067861,0.0869548367396184,0.289977479706147,0.14907289192459,2.71620232199001
"TS",0.2663,3.3154268991377,0.569502773442564,0.621926915391329,4,1.11098049051837,5.54902452586767,0.191098233686657,2.97810643309144,0.0865853895123839,0.288594670855627,0.148932804598243,2.68695698198333
"TS",0.2683,3.34032683829758,0.565741335680863,0.617819227960011,4,1.11023135218567,5.51156760755657,0.189341964352075,2.968279185445,0.0862187557913934,0.287218188058862,0.148790798937214,2.65806128695695
"TS",0.2703,3.36522677745746,0.561994191404861,0.613727149765179,4,1.10948928150724,5.4744640770581,0.187605034849258,2.95848300652823,0.0858548197037519,0.285847651254841,0.148646915751504,2.62950225171218
"TS",0.2723,3.39012671661734,0.55826135857797,0.609650700423824,4,1.10875417408994,5.43770871686441,0.185887141403822,2.94871776186046,0.0854935333329102,0.284483029174031,0.148501198719627,2.60127458025499
"TS",0.2743,3.41502665577721,0.554543782157541,0.605590911878963,4,1.1080261180141,5.40130590178973,0.184188392120182,2.93898650110281,0.0851349752402438,0.283124663794996,0.148353774621762,2.57337966114077
"TS",0.2763,3.43992659493709,0.550838689438834,0.60154475619151,4,1.10730446429406,5.36522320786994,0.182507242914264,2.92928148624795,0.0847788339593318,0.281771456341334,0.148204560652177,2.54579168354228
"TS",0.2783,3.46482653409697,0.547149795817749,0.597516290768771,4,1.10658983292813,5.32949164589583,0.180845100904332,2.91961207681636,0.0844254319277191,0.280424707074469,0.148053706243368,2.51853329621702
"TS",0.2803,3.48972647325685,0.543474336135514,0.593502495912251,4,1.1058815955158,5.29407977599132,0.179200421321292,2.90997134601569,0.0840744750683744,0.279083391139852,0.147901187890268,2.49157887465005
"TS",0.2843,3.5395263515766,0.536165602329883,0.585520975043308,4,1.10448429496591,5.22421474879599,0.175963224175748,2.89078052084688,0.0833799566733139,0.276417576749108,0.147591386500229,2.43857676103266
"TS",0.2863,3.56442629073648,0.532534153178257,0.58155524199583,4,1.10379539620668,5.18976981033578,0.174370981825906,2.88123504866439,0.0830365068825033,0.27509366400782,0.147434254954746,2.41253284465171
"TS",0.2883,3.58932622989636,0.528915260647465,0.577603221437259,4,1.1031123713711,5.15561855665082,0.17279476262717,2.87171612512797,0.0826953063474558,0.273774731839377,0.147275626863424,2.38676795715809
"TS",0.2903,3.61422616905623,0.525312539612115,0.573668861000371,4,1.10243579447997,5.12178972400604,0.171235938814104,2.86223151545413,0.0823566494242506,0.272461943996638,0.147115530046196,2.36130401362654
"TS",0.2923,3.63912610821611,0.521723279331352,0.569749200413895,4,1.10176509357273,5.0882546787002,0.16969304472521,2.8527756644411,0.0820202694200443,0.271154391256769,0.146954044822095,2.336116905732
"TS",0.2943,3.66402604737599,0.518148376849219,0.565845219297002,4,1.1011003478962,5.05501739439046,0.168166248616737,2.84335028249786,0.0816862179980734,0.269852322067901,0.146791189700031,2.31120900061994
"TS",0.2983,3.71382592569574,0.511040732436371,0.558083298597899,4,1.09978823457307,4.98941174040498,0.16515964793736,2.82458811323842,0.0810249045489174,0.267264151481258,0.146461456735215,2.26220827838682
"TS",0.3003,3.73872586485562,0.507509741813986,0.55422727153629,4,1.09914103240387,4.95705162038363,0.163680136700802,2.81525565275646,0.0806977522822791,0.265978602873403,0.146294713266346,2.23811957636243
"TS",0.3023,3.7636258040155,0.50399218941913,0.550385919724365,4,1.09849930558245,4.92496527913674,0.162215443737093,2.8059508352036,0.0803727362153878,0.264698054986418,0.146126682191498,2.21428797414643
"TS",0.3063,3.81342568233526,0.49700000415111,0.542750086470564,4,1.09723246238635,4.86162311939384,0.159330776203079,2.78743040526118,0.0797292521519986,0.262152748852735,0.145786976413364,2.16739913703355
"TS",0.3083,3.83832562149513,0.493525344331151,0.538955575601374,4,1.09660719851302,4.83035992571316,0.157910383329036,2.77821447075845,0.0794107310079309,0.260887909421099,0.145615352933259,2.14433453740264
"TS",0.3103,3.86322556065501,0.490064953416309,0.535176647125387,4,1.09598727736982,4.79936386854331,0.156504347055997,2.76902789094708,0.0790943274725164,0.259628221778154,0.145442581959213,2.12151832024995
"TS",0.3123,3.88812549981489,0.486617955611553,0.531412344628467,4,1.09537247366627,4.76862368188357,0.15511212468954,2.75986805511177,0.0787799283708567,0.258373330849337,0.145268632622087,2.09894144296882
"TS",0.3203,3.9877252564544,0.472975602445537,0.516514179037575,4,1.09296523278176,4.64826163824399,0.149682363164628,2.72352608354582,0.0775430442709425,0.253405352563145,0.144562218482877,2.01103795273912
"TS",0.3223,4.01262519561428,0.469600467148731,0.512828354170591,4,1.09237592911807,4.6187964544182,0.148358431261804,2.71451163158953,0.0772388004661626,0.252175727523638,0.144383009136119,1.98964109525395
"TS",0.3243,4.03752513477415,0.466240311916752,0.509158888320534,4,1.09179164474977,4.58958223753771,0.147047870682244,2.70552744874771,0.0769365782347695,0.250951279697001,0.144202826376119,1.96847479015344
"TS",0.3263,4.06242507393403,0.462892600413675,0.505503011675469,4,1.09121188218916,4.5605941096905,0.145749525907056,2.69656666960409,0.0766361194155221,0.249731057634256,0.144021576394867,1.94752020505752
"TS",0.3283,4.08732501309391,0.459559826919769,0.501863448120346,4,1.090637015379,4.53185075574671,0.14446421151607,2.68763575763101,0.0763376414254482,0.248515917097841,0.143839393284781,1.9267901190427
"TS",0.3303,4.11222495225379,0.456241131244811,0.4982392582823,4,1.09006683978087,4.50334198583776,0.143191425261489,2.67873234521269,0.0760410270081583,0.247305546315352,0.143656262566498,1.9062763734103
"TS",0.3323,4.13712489141366,0.452936490612049,0.494630417287923,4,1.08950129466758,4.47506473885886,0.141931016235605,2.66985617194897,0.0757462766924748,0.246099871814885,0.143472182368795,1.88597602051407
"TS",0.3343,4.16202483057354,0.449646703367042,0.491037796972463,4,1.08894046278952,4.44702313941586,0.140683123481123,2.66100925726302,0.0754534262275362,0.244899173414024,0.143287216098378,1.86589128364331
"TS",0.3363,4.18692476973342,0.44636928388931,0.487458682907912,4,1.08838386736239,4.41919336906875,0.139446662264099,2.65218476397847,0.0751622377672126,0.24370251093074,0.143101246943075,1.84600439565746
"TS",0.3383,4.2118247088933,0.443106670921508,0.483895738329231,4,1.08783187246104,4.39159362464787,0.138222405279349,2.64338919764175,0.0748729106864965,0.242510746893363,0.142914432606691,1.82632759580923
"TS",0.3403,4.23672464805317,0.439858830595158,0.480348926250266,4,1.08728441830512,4.36422091529422,0.13701019374734,2.63462225199037,0.0745854235361596,0.241323834407124,0.142726774156781,1.806858080579
"TS",0.3423,4.26162458721305,0.436624114186964,0.476816446178653,4,1.08674117687551,4.33705884374868,0.135809272305447,2.62587934846231,0.0742996095384667,0.240141145583983,0.142538193989161,1.78758348716027
"TS",0.3443,4.28652452637293,0.433402507673443,0.473298282800014,4,1.08620209737308,4.31010487213413,0.134619503250051,2.61716025970711,0.0740154476233134,0.238962645977603,0.142348700700989,1.76850140469585
"TS",0.3463,4.31142446553281,0.430196396916572,0.469797041600836,4,1.08566753196224,4.28337659793705,0.133441626050725,2.60847144716292,0.0737331387051763,0.237789178577156,0.142158454255537,1.74962348707932
"TS",0.3483,4.33632440469268,0.427003346395966,0.466310062865043,4,1.08513702408881,4.25685120436229,0.13227461680701,2.59980603150796,0.0734524408088844,0.236619826416001,0.141967318611854,1.73093306710088
"TS",0.3503,4.36122434385256,0.423823341403324,0.4628373305304,4,1.08461052707779,4.23052636613496,0.131118339073533,2.591163896259,0.0731733390274389,0.235454560694044,0.141775306180507,1.71242783578462
"TS",0.3523,4.38612428301244,0.42065873576838,0.459381415102502,4,1.08408838333488,4.20441916676705,0.129973527356037,2.58255123546766,0.0728960233639935,0.2342942027293,0.141582564658228,1.69411919347667
"TS",0.3543,4.41102422217232,0.417507124763123,0.455939690492164,4,1.08357015112655,4.17850755631079,0.128839174230778,2.57396143597707,0.0726202646612494,0.23313785660824,0.141388963569201,1.67599099285728
"TS",0.3563,4.43592416133219,0.414368493078258,0.452512139980833,4,1.08305578488105,4.15278923954558,0.127715160809222,2.56539428211008,0.0723460443984437,0.2319854901058,0.141194513430961,1.6580410610713
"TS",0.3583,4.46082410049207,0.411244383684184,0.449100448573157,4,1.08254549525007,4.12727476097059,0.126601915953307,2.5568539535946,0.072073485336445,0.230837643647568,0.140999326202002,1.64027606292258
"TS",0.3603,4.48572403965195,0.408133983874587,0.445703728751192,4,1.08203910135022,4.10195506914174,0.125499037486999,2.54833776375525,0.0718024946533325,0.229693976777565,0.140803330025279,1.62268934155179
"TS",0.3623,4.51062397881183,0.40503726908411,0.442321953688279,4,1.08153656296107,4.07682815332986,0.124406390955901,2.53984587721243,0.071533055723735,0.228554479471355,0.140606574774534,1.60527862999407
"TS",0.3643,4.53552391797171,0.401954981279082,0.438955933650585,4,1.08103795533384,4.0518977662229,0.123324127808832,2.53137997510046,0.0712652207821569,0.227419383172889,0.140409082881481,1.58804609405314
"TS",0.3663,4.56042385713158,0.398885552556472,0.435603956405722,4,1.08054298611859,4.02714930543568,0.122251582420486,2.52293574054905,0.0709988359745093,0.226288094446847,0.140210785790017,1.57098097632854
"TS",0.3683,4.58532379629146,0.395828966804644,0.432266004358935,4,1.08005161286781,4.00258065759085,0.121188643817233,2.51451291351598,0.0707338788551634,0.225160583540957,0.14001168606465,1.55408134980715
"TS",0.3703,4.61022373545134,0.392786726419369,0.428943718205251,4,1.07956404104142,3.97820204907611,0.120135723848199,2.50611563928838,0.0704704732171453,0.224037387585508,0.139811892433887,1.53735357496234
"TS",0.3723,4.63512367461121,0.389758793845189,0.425637056932139,4,1.07908021693441,3.9540108465099,0.119092709886025,2.49774324365467,0.0702085990052038,0.222918430097675,0.139611368490026,1.52079560007008
"TS",0.3743,4.66002361377109,0.386742876995517,0.422343517460758,4,1.07859974649374,3.92998731540524,0.118058695536077,2.48938979489139,0.0699480421379739,0.221802889793817,0.139410032276329,1.50439299383596
"TS",0.3763,4.68492355293097,0.383741214928758,0.419065544960393,4,1.07812294303084,3.90614715607039,0.117034359819141,2.48106099054288,0.0696889779937444,0.220691543120581,0.139207997409143,1.48815622801544
"TS",0.3863,4.80942324873036,0.368934482138427,0.402895815714566,4,1.0757907728756,3.78953864334465,0.112050086949235,2.43975076292446,0.0684145703440395,0.215192579071082,0.138187052580554,1.40933199900259
"TS",0.3883,4.83432318789024,0.3660139946748,0.399706490140762,4,1.07533453689707,3.76672684486336,0.111080240716859,2.43155533052892,0.0681638055160199,0.214104350304372,0.137980717191012,1.39403030116899
"TS",0.3903,4.85922312705011,0.363105365541337,0.396530114485807,4,1.07488135787842,3.74406789155675,0.110118581052349,2.42337754109715,0.0679142451430342,0.213019307960482,0.13777362482353,1.37886985237824
"TS",0.3923,4.88412306620999,0.360211476376396,0.393369835650013,4,1.07443164345717,3.72158217285331,0.109165985737773,2.41522483374514,0.0676661158741323,0.211938475877033,0.137565924634772,1.36386420513136
"TS",0.3943,4.90902300536987,0.357330125173485,0.390223248926734,4,1.07398502029089,3.69925101453419,0.108221637489963,2.40709094993772,0.0674192124667513,0.210861018835177,0.137357480289228,1.34900037095229
"TS",0.3963,4.93392294452975,0.354462011194354,0.387091117946495,4,1.07354156448368,3.67707822408818,0.107285681784806,2.39897766266801,0.0671735837470281,0.209787173070488,0.137148334718145,1.33428048034246
"TS",0.3983,4.95882288368962,0.351606396710897,0.383972637071489,4,1.0731011352471,3.65505676226552,0.106357787364749,2.39088299626705,0.0669291576235269,0.208716653683632,0.136938466930996,1.31969924245789
"TS",0.4003,4.9837228228495,0.348765391168967,0.38087010992729,4,1.0726640164411,3.6332008220541,0.105438571723177,2.38281216569767,0.0666860916882002,0.207650198635085,0.136727967159855,1.30526605346486
"TS",0.4023,5.00862276200938,0.345936127970056,0.377780406037892,4,1.07222974793807,3.61148739695479,0.104527008528123,2.37475758229411,0.0664441401756685,0.206586751005982,0.136516698240734,1.29096477978376
"TS",0.4043,5.03352270116926,0.343121409670049,0.374706585941394,4,1.07179872513961,3.58993625696027,0.103623926427583,2.36672678261518,0.066203525617759,0.205527327220078,0.136304840818238,1.27680823267813
"TS",0.4063,5.05842264032913,0.340319094209656,0.37164631039664,4,1.0713705914493,3.56852957246388,0.102728556088635,2.3587136000962,0.0659640532916752,0.204471107244072,0.136092244870158,1.2627842051944
"TS",0.4083,5.08332257948901,0.337529861592009,0.368600322002736,4,1.07094542251559,3.54727112577871,0.101841037288215,2.35071985746771,0.0657257710663476,0.203418327942428,0.135878964833628,1.24889475271619
"TS",0.4103,5.10822251864889,0.334752993996661,0.365567836862084,4,1.07052308955284,3.52615447815568,0.100961055070496,2.34274389344731,0.0654886164709838,0.20236872817334,0.13566500191456,1.23513487773979
"TS",0.4123,5.13312245780877,0.331990543491677,0.362551095940699,4,1.07010384983967,3.50519249198743,0.100089215445778,2.33478986090339,0.065252720590501,0.201322979640576,0.135450353731731,1.22151370135508
"TS",0.4143,5.15802239696865,0.32924040759761,0.359547803220692,4,1.06968738300873,3.4843691504389,0.0992247456577471,2.32685321402622,0.0650179255236305,0.200280356017197,0.13523502438039,1.20801921877915
"TS",0.4163,5.18292233612852,0.326502571075354,0.356557942060158,4,1.06927365466876,3.46368273297064,0.0983675774129137,2.31893342611146,0.0647842114402365,0.199240814164409,0.135018979040189,1.19465018407477
"TS",0.4203,5.23272221444828,0.321067116386639,0.350622140294229,4,1.0684547901878,3.42273951009929,0.0966759154371038,2.30315241102625,0.0643202461320877,0.197172111029724,0.134584897904448,1.16829983369347
"TS",0.4283,5.33232197108779,0.310350904374151,0.338919474403212,4,1.06684981399118,3.34249070238848,0.0933793517883321,2.27180589185106,0.0634053878623893,0.19307353565652,0.133708591491937,1.11708512633671
"TS",0.4343,5.40702178856742,0.302448340483605,0.330289459918083,4,1.06567384679369,3.28369232937938,0.0909804792962343,2.24847886249868,0.062730299243472,0.190032800992101,0.133044252769611,1.07993362753138
"TS",0.4383,5.45682166688718,0.297244346963415,0.324606425894975,4,1.06490275586632,3.24513779335361,0.0894153870864186,2.2330126739745,0.0622853579560446,0.188021280803019,0.1325979169726,1.05575031941662
"TS",0.4403,5.48172160604705,0.294661073162123,0.321785355336992,4,1.06452092766414,3.22604638316151,0.0886427154181295,2.22530349738173,0.0620643535813867,0.187019962454799,0.132373714951113,1.04382788522133
"TS",0.4423,5.50662154520693,0.292090468263525,0.318978119885598,4,1.06414157254795,3.20707862739236,0.0878766035060883,2.21761050005703,0.0618443257366071,0.186021648791898,0.132148823460149,1.03201775979756
"TS",0.4443,5.53152148436681,0.28953250919998,0.316184694349721,4,1.0637646654507,3.18823327240335,0.0871169863092996,2.20993353057153,0.0616252648100122,0.185026319651342,0.131923243653957,1.02031879324342
"TS",0.4463,5.55642142352669,0.286987173049393,0.313405053697228,4,1.06339018035035,3.16950901751857,0.0863637976144094,2.20227235719475,0.061407156541616,0.184033947049557,0.131696969915312,1.00872986811343
"TS",0.4483,5.58132136268656,0.284454437044084,0.310639173064617,4,1.06301809309256,3.15090465462497,0.0856169725663,2.19462684431352,0.0611899937438369,0.18304451249313,0.131470003807617,0.997249867813943
"TS",0.4503,5.60622130184644,0.281933650142167,0.307886341479986,4,1.06264829356773,3.13241467764199,0.0848762566310287,2.18699528931834,0.0609737171271699,0.182057762418248,0.131242329324269,0.985874808764515
"TS",0.4523,5.63112124100632,0.279426049817597,0.305147910329832,4,1.06228093041005,3.11404652134642,0.0841419697600614,2.1793806302901,0.0607584113198238,0.181074142317664,0.131013975453423,0.974609402903261
"TS",0.4543,5.6560211801662,0.276931604572348,0.302423845216658,4,1.06191597356677,3.09579867770529,0.0834140472740822,2.17178241262213,0.0605440574422828,0.180093606457265,0.130784927949825,0.963452553598788
"TS",0.4563,5.68092111932607,0.274449044571183,0.299712759413748,4,1.06155323480994,3.07766174041664,0.0826920486170709,2.16419772048684,0.0603305609522578,0.179115697033912,0.130555170322215,0.952397464415139
"TS",0.4603,5.73072099764583,0.269520755832877,0.294330809481099,4,1.06083447841774,3.04172391994161,0.0812659765587597,2.14907051694169,0.0599061698709158,0.177168094917533,0.13009348075682,0.930594395289095
"TS",0.4623,5.75562093680571,0.267076209279852,0.291661236358455,4,1.06047859298167,3.02392964912505,0.080562138786494,2.14153139537253,0.0596953670351685,0.176198838235991,0.129861653432726,0.9198497911078
"TS",0.4663,5.80542081512546,0.262223139969527,0.286361429988583,4,1.0597732517755,2.98866258878081,0.0791716820824691,2.12649197596407,0.0592762163499292,0.174268116831241,0.129395752556527,0.898655978042681
"TS",0.4703,5.85522069344522,0.257419595047998,0.281115706850254,4,1.05907657312378,2.95382865618902,0.0778042834275921,2.11150809524988,0.0588604205687178,0.172348283260358,0.128926976220819,0.877856780647579
"TS",0.4743,5.90502057176497,0.252664815593958,0.275923238161574,4,1.05838829979281,2.91941498961783,0.076459330787043,2.09657653545146,0.0584478493885819,0.170438938463886,0.128455242973697,0.857442121113773
"TS",0.4763,5.92992051092485,0.250306181575017,0.273347486034731,4,1.05804733821906,2.90236691021681,0.0757952845104127,2.08913160627065,0.0582427923029888,0.169488365116425,0.128218313334509,0.847378922978852
"TS",0.4803,5.97972038924461,0.24562572548561,0.268236182360628,4,1.05737157314288,2.86857865759382,0.0744836189621636,2.0742806043279,0.0578350418199866,0.167595047898367,0.127742231701574,0.827533721009952
"TS",0.4843,6.02952026756436,0.240994217518142,0.263178332604417,4,1.05670388642544,2.8351943347291,0.0731935106856848,2.05948041692169,0.05743037158719,0.165712080065521,0.127263179879227,0.808057584988581
"TS",0.4863,6.05442020672424,0.238696769751177,0.260669399075711,4,1.05637302395778,2.81865119792759,0.0725564143348178,2.05209899018877,0.0572291756444866,0.164774420650127,0.127022537183298,0.798455759920993
"TS",0.4883,6.07932014588412,0.236411499415525,0.258173763941055,4,1.05604412075611,2.80220603577042,0.071924559363154,2.04472971915478,0.0570287141098161,0.163839289704432,0.126781129535053,0.788943642119489
"TS",0.4903,6.10422008504399,0.234138387225694,0.255691406139679,4,1.05571716363236,2.78585818505559,0.0712978892860521,2.03737275422885,0.0568289940000467,0.16290668472266,0.126538991865079,0.779520370562261
"TS",0.4923,6.12912002420387,0.231877977739415,0.253222920357205,4,1.05539220151207,2.76961007559597,0.0706765228126014,2.03002900577797,0.0566300400759089,0.161976780365834,0.126296099235129,0.770187539426071
"TS",0.4943,6.15401996336375,0.229628560421526,0.250766438599467,4,1.05506898711851,2.75344935554397,0.0700599364756437,2.02269364837592,0.0564317087654245,0.161048903470589,0.126052353780839,0.76093726923657
"TS",0.4963,6.17891990252363,0.227392365179024,0.24832439604193,4,1.05474781563396,2.73739078162799,0.0694487072494057,2.01537331395445,0.0562341809150691,0.160123938524349,0.125807937722255,0.75177807610775
"TS",0.4983,6.2038198416835,0.225167136365797,0.245894329400666,4,1.05442835544264,2.72141776304331,0.0688421686671319,2.00806095062799,0.0560372564588408,0.159200967588901,0.125562648007746,0.742699964835622
"TS",0.5003,6.22871978084338,0.222955079943354,0.243478647701409,4,1.05411089678197,2.70554483909067,0.0682408971851698,2.00076313867544,0.0558411133982899,0.158280855664565,0.125316661855282,0.733711285881612
"TS",0.5023,6.25361972000326,0.220754513355109,0.241075513504067,4,1.05379519272347,2.68975963614188,0.0676443795075579,1.99347473729665,0.0556456053794856,0.157362931599358,0.125069846469956,0.72480445540365
"TS",0.5043,6.27851965916314,0.218565427258164,0.238684916605708,4,1.0534812241768,2.67406120715073,0.0670525774608853,1.98619544644519,0.0554507239353811,0.156447172172411,0.124822181329983,0.71597879569802
"TS",0.5063,6.30341959832302,0.216389440105331,0.236308624441735,4,1.0531692073621,2.65846036742856,0.0664658969613713,1.97893053852986,0.0552565975941584,0.155534237273772,0.12457383752425,0.707240134482564
"TS",0.5083,6.32831953748289,0.214224897044393,0.233944829826683,4,1.05285889019479,2.64294451035181,0.0658838425004342,1.97167436109506,0.0550630807311906,0.154623428461735,0.124324629380672,0.698581169260965
"TS",0.5103,6.35321947664277,0.212071789023552,0.231593522875513,4,1.05255025756285,2.62751287741744,0.065306377115987,1.96442680393819,0.0548701630292007,0.153714739027399,0.124074552802669,0.690001226461147
"TS",0.5123,6.37811941580265,0.209931708075191,0.229256442171136,4,1.05224352289734,2.61217614504055,0.0647338967935849,1.95719315007518,0.0546779774752283,0.152808817523562,0.123823784725576,0.681505974019367
"TS",0.5143,6.40301935496253,0.207802495932184,0.226931230772586,4,1.05193836459213,2.59691822698526,0.0641657758676497,1.94996607613662,0.054486330411809,0.151904762362064,0.123572080990197,0.673086215418011
"TS",0.5263,6.55241898992179,0.195280623283374,0.213256688707897,4,1.05014329855283,2.50716492770994,0.0608534150183677,1.90681923635123,0.053349532633539,0.146529561834305,0.122044728443437,0.624217989783353
"TS",0.5283,6.57731892908167,0.193235010942005,0.211022772679949,4,1.04984985243079,2.49249262146415,0.0603168538136247,1.89966023580036,0.053162108817466,0.145641450374069,0.121787177753168,0.616339286921076
"TS",0.5303,6.60221886824155,0.191201198135856,0.208801742363686,4,1.04955800683087,2.4779003415326,0.0597846237398825,1.89251013722321,0.0529752518685936,0.144755524838326,0.121528766036081,0.608534942069209
"TS",0.5323,6.62711880740142,0.189179168409038,0.206593579788415,4,1.04926774752078,2.46338737605492,0.0592566862515156,1.88536883912501,0.0527889580896095,0.143871773205217,0.121269487239993,0.600804315718949
"TS",0.5343,6.6520187465613,0.187168404254379,0.204397719809143,4,1.04897898786831,2.44894939617358,0.0587328728662996,1.8782344333071,0.0526031675922799,0.142989971965618,0.121009274380169,0.593144878471765
"TS",0.5363,6.67691868572118,0.18517039295667,0.202215786618915,4,1.048691923358,2.43459616788306,0.0582135448580103,1.87111180816671,0.0524180063904081,0.142110739513193,0.12074828453502,0.58556175130211
"TS",0.5383,6.70181862488106,0.183183614946654,0.200046120768357,4,1.04840632786713,2.42031639336237,0.0576982691853905,1.86399570927352,0.052233335028315,0.141233424284084,0.120486343083393,0.578048589459775
"TS",0.5403,6.72671856404093,0.181208555433929,0.197889252131813,4,1.04812225767372,2.40611288367497,0.0571871367042144,1.85688770784055,0.0520491908414322,0.140358225178505,0.120223499832645,0.570606703284721
"TS",0.5423,6.75161850320081,0.179245198587818,0.195745163421352,4,1.04783969881634,2.39198494084428,0.0566801174979928,1.84978768132084,0.0518655656235109,0.139485131269569,0.119959751385689,0.56323548957523
"TS",0.5443,6.77651844236069,0.177293528699489,0.193613837482106,4,1.0475586364346,2.37793182170603,0.0561771749780266,1.8426954464792,0.0516824518322504,0.138614127707285,0.119695087585446,0.555934364538955
"TS",0.5463,6.80141838152057,0.175353530180994,0.191495257291218,4,1.04727905657641,2.36395282883428,0.055678273543372,1.83561086228932,0.0514998403975649,0.137745206459776,0.119429502502223,0.548702747801061
"TS",0.5483,6.82631832068044,0.17342518756937,0.18938940596232,4,1.04700094528749,2.35004726432305,0.0551833805015804,1.82853378598475,0.0513177294513293,0.136878340239415,0.119162989427256,0.541540059141151
"TS",0.5503,6.85121825984032,0.171508485515391,0.187296266733252,4,1.04672428861239,2.33621443061377,0.0546924598339091,1.82146406199059,0.0511361042954618,0.136013531558512,0.118895537851009,0.534445736681046
"TS",0.5523,6.8761181990002,0.169603408787448,0.185215822970299,4,1.0464490728689,2.32245364343489,0.0542054788429397,1.81440154120893,0.0509549615395234,0.135150761863211,0.118627143883567,0.527419218293432
"TS",0.5543,6.90101813816008,0.167709942269861,0.183148058166344,4,1.04617528434239,2.3087642171352,0.0537224043744701,1.80734606968063,0.0507742931154526,0.134290019065378,0.118357798393253,0.520459950254505
"TS",0.5563,6.92591807731996,0.165828070940161,0.181092955916061,4,1.04590290967218,2.2951454837246,0.0532432029099728,1.8002975054283,0.0505940911490404,0.133431290928302,0.118087493626576,0.513567384636509
"TS",0.5583,6.95081801647983,0.163957779939289,0.179050499992581,4,1.04563193539398,2.2815967697039,0.0527678425949257,1.7932556921343,0.0504143488395285,0.132574565313456,0.117816221769008,0.506740981115521
"TS",0.5643,7.02551783395947,0.158415783923191,0.172998349505994,4,1.04482721249143,2.24136062822285,0.051364372113524,1.77216729008419,0.049877755725572,0.130016064637036,0.116996432191382,0.486651798834933
"TS",0.5683,7.07531771227922,0.154779064087134,0.169026860594519,4,1.04429756531101,2.21487826411406,0.0504474149965338,1.75814201408415,0.0495222566662677,0.128320392494992,0.116445109545872,0.473581202927566
"TS",0.5703,7.1002176514391,0.152978399861951,0.167060440764017,4,1.04403476612629,2.20173830630757,0.0499945622681413,1.75113828291057,0.0493451370914798,0.127475606672421,0.116167825134111,0.467142462473575
"TS",0.5723,7.12511759059898,0.151188762948076,0.165106063336162,4,1.04377323113522,2.1886615567639,0.0495452075831422,1.74413957423708,0.0491684086938953,0.126632573996529,0.115889553944931,0.460764571190501
"TS",0.5743,7.15001752975885,0.14941059097799,0.163164206228591,4,1.04351299398859,2.17564969949012,0.0490994442282307,1.73714642693725,0.04899208110008,0.125791450912087,0.115610246718413,0.454448737184884
"TS",0.5763,7.17491746891873,0.147643869976169,0.161234854179298,4,1.0432540424554,2.16270212282566,0.0486572443534159,1.73015869194852,0.0488161489683964,0.124952230317156,0.115329897336784,0.448194473936514
"TS",0.5783,7.19981740807861,0.145888148692077,0.159317514399016,4,1.04299630474506,2.14981523665552,0.0482184678432399,1.72317473133295,0.048640563224288,0.12411469986825,0.115048457921564,0.441999741378636
"TS",0.5803,7.22471734723849,0.144144725431089,0.157413604705349,4,1.04273994741101,2.13699737059457,0.0477834220194231,1.71619887447347,0.0484654394248484,0.123279446923507,0.114766030381718,0.43586873456147
"TS",0.5823,7.24961728639836,0.142412274389866,0.155521677251473,4,1.0424847799288,2.12423899644016,0.0473517400497916,1.70922649589721,0.0482906487784877,0.122445865157161,0.114482497640691,0.429796314591746
"TS",0.5843,7.27451722555824,0.140691219318842,0.1536421947951,4,1.04223084971689,2.11154248596482,0.0469235065586552,1.7022589305967,0.0481162248727796,0.121614141974166,0.11419787917141,0.423783571690681
"TS",0.5863,7.29941716471812,0.13898112067639,0.151774677333709,4,1.04197808252068,2.09890412497922,0.0464985862064281,1.69529431400749,0.0479421178496872,0.120784062930453,0.113912104508449,0.417828566314457
"TS",0.5903,7.34921704303787,0.135595874647444,0.148077811016629,4,1.04147630786553,2.07381539277692,0.0456591128772626,1.6813821505777,0.0475950404079483,0.119129833734629,0.113337408438651,0.406097373401854
"TS",0.5923,7.37411698219775,0.133920689216718,0.146248420614643,4,1.04122726888856,2.06136344444698,0.0452445033444448,1.67443390938233,0.0474220532884293,0.118305649870461,0.113048416576869,0.400320259055652
"TS",0.5943,7.39901692135763,0.132255997905109,0.144430490341452,4,1.04097929151894,2.04896457585458,0.0448329929347118,1.66748660941696,0.0472493168151645,0.117482879338402,0.112758193172481,0.394597680202971
"TS",0.5963,7.42391686051751,0.130603040009159,0.142625373573915,4,1.04073254447165,2.03662722450599,0.0444248729801548,1.66054498522343,0.0470769498026762,0.116662116873503,0.112466900066654,0.388933531289073
"TS",0.5983,7.44881679967739,0.12896179400129,0.140833046802788,4,1.04048700828469,2.02435041427193,0.0440201171273216,1.65360848549329,0.0469049313974191,0.11584333835537,0.11217449188252,0.383327366679668
"TS",0.6043,7.52351661715702,0.124104107350105,0.135528198054385,4,1.03975699997271,1.98784999837834,0.0428247238968807,1.63281403411231,0.0463905628448922,0.113396885820735,0.111290040383459,0.366838405496855
"TS",0.6083,7.57331649547677,0.120922199801391,0.132053388028668,4,1.03927596337227,1.96379815796304,0.0420436754387917,1.6189690261547,0.0460491539468153,0.111774886588649,0.110694573652255,0.356121811141031
"TS",0.6103,7.59821643463665,0.119348090887595,0.130334378487538,4,1.03903708302798,1.95185414589163,0.0416578262867145,1.61205070383844,0.0458788623209577,0.110966497193342,0.110394997669372,0.350844850196843
"TS",0.6123,7.62311637379653,0.117785195272771,0.128627614457346,4,1.03879927716451,1.93996385766444,0.0412750569061558,1.60513478006268,0.0457088335477245,0.110159831379412,0.110094160087461,0.34562159539409
"TS",0.6143,7.64801631295641,0.116233886590566,0.126933503965642,4,1.03856259362975,1.92812968149178,0.040895446161668,1.59822281135156,0.0455390978737777,0.109355081037793,0.10979212333888,0.340452933958921
"TS",0.6163,7.67291625211628,0.114693376545052,0.125251186151904,4,1.03832692129695,1.91634606483158,0.040518765669484,1.59131212005586,0.0453695901885066,0.108551871114972,0.109488818073749,0.335335841970478
"TS",0.6183,7.69781619127616,0.113163661228457,0.123580656748639,4,1.03809225531393,1.90461275144553,0.0401449923824975,1.58440279308704,0.0452003094847498,0.107750200951603,0.109184257971562,0.330269962420983
"TS",0.6203,7.72271613043604,0.111645870342906,0.121923149449853,4,1.03785871362617,1.8929356812952,0.0397744054065018,1.57749742104585,0.0450313130927366,0.106950580275483,0.108878407688146,0.325258821777463
"TS",0.6223,7.74761606959592,0.110138474163528,0.12027699371571,4,1.03762611753909,1.88130585894851,0.0394065790632476,1.5705923068356,0.0448625106944387,0.106152318113943,0.108571294535991,0.320296852586926
"TS",0.6243,7.77251600875579,0.10864296643882,0.118643820797957,4,1.03739462014179,1.86973100729283,0.0390418896959143,1.56369063510276,0.0446939740427328,0.105356083341604,0.108262847965453,0.315388828333427
"TS",0.6263,7.79741594791567,0.107158209416906,0.117022388211839,4,1.0371640905343,1.85820452677872,0.0386800158966073,1.55678981948229,0.0445256388304313,0.104561364816629,0.10795310648193,0.310530535672483
"TS",0.6283,7.82231588707555,0.105684565904309,0.115413092161117,4,1.03693455866669,1.84672793333892,0.0383210334335339,1.54989050679038,0.0443575162785654,0.103768323897121,0.107642037662987,0.305722890625888
"TS",0.6303,7.84721582623543,0.104221659310409,0.113815521389074,4,1.03670597071733,1.83529854343025,0.0379648260121295,1.5429915225868,0.044189574727765,0.102976782584252,0.107329621079664,0.300964312397878
"TS",0.6343,7.89701570455518,0.101329834997139,0.110657497479666,4,1.0362518172875,1.81259086467408,0.037261112528442,1.52919959675271,0.0438543514331839,0.101399050252483,0.106700790831088,0.291599019111124
"TS",0.6363,7.92191564371506,0.0999005255631424,0.109096616569373,4,1.03602618837635,1.80130941068139,0.0369134683870725,1.52230535242719,0.0436870241284404,0.100612677031335,0.106384340771291,0.286990364496087
"TS",0.6383,7.94681558287494,0.0984822685520711,0.107547805484932,4,1.03580148041661,1.79007402355776,0.0365686217296654,1.51541042682862,0.043519842541726,0.0998279064630817,0.10606636052667,0.282430650193277
"TS",0.6423,7.99661546119469,0.0956788625665141,0.10448633902947,4,1.03535489004748,1.76774450493538,0.0358871598144055,1.50162315304422,0.0431860123297663,0.098263315886967,0.105426267333996,0.273456426133056
"TS",0.6443,8.02151540035457,0.0942940342039536,0.102974033783496,4,1.03513304093407,1.75665204667776,0.0355505987063172,1.49473208849669,0.0430193866336178,0.0974836746782832,0.105104189614022,0.269042338460269
"TS",0.6463,8.04641533951445,0.0929195195622448,0.101472991661944,4,1.0349119934003,1.7455996701251,0.0352165605951834,1.48783781889672,0.0428528294945942,0.0967052776584322,0.104780519090054,0.264673569283944
"TS",0.6503,8.0962152178342,0.0902041421529672,0.0985076570314082,4,1.03447270548773,1.72363527352941,0.0345566511319483,1.47405269991225,0.0425202325247413,0.0951537392286938,0.104128957884709,0.256079450489573
"TS",0.6523,8.12111515699408,0.0888629100915377,0.097042961234149,4,1.03425437455473,1.71271872763264,0.0342306560387535,1.46715895743756,0.0423541104682919,0.0943803701943248,0.103800871674185,0.251852390274819
"TS",0.6543,8.14601509615396,0.0875326329154779,0.0955902287466121,4,1.03403692200725,1.70184609897197,0.033907272743843,1.46026502591557,0.0421881176494838,0.0936086190153837,0.103471316309647,0.24767153098917
"TS",0.6563,8.17091503531384,0.0862132983423154,0.0941494461556932,4,1.03382034481823,1.69101724111861,0.0335864749561857,1.45337107097027,0.042022256720186,0.0928384917098967,0.103140297171019,0.243536541448073
"TS",0.6583,8.19581497447371,0.0849048944789579,0.0927206004735112,4,1.0336046237013,1.6802311647292,0.0332682481067822,1.44647639001974,0.0418565049033956,0.0920699669945968,0.102807753570592,0.239447132520644
"TS",0.6603,8.22071491363359,0.0836077312756853,0.0913040301820378,4,1.03338976418143,1.66948820907544,0.0329526643251808,1.43958058847922,0.0416908479615877,0.0913031724963478,0.102473552959894,0.235404072246596
"TS",0.6643,8.27051479195335,0.0810451417881668,0.0885055479801819,4,1.03296242681236,1.6481213414141,0.0323288114650242,1.42578252628269,0.0413597387272735,0.0897738617970734,0.101800413068689,0.227449427285559
"TS",0.6663,8.29541473111322,0.0797806514707596,0.0871246581947056,4,1.03275006431215,1.63750321566316,0.0320207501957809,1.41888375246936,0.0411943616362385,0.0890118659650296,0.101461554624354,0.223540268507175
"TS",0.6723,8.37011454859286,0.0760510848602777,0.0830517757330762,4,1.03211758374281,1.60587918678985,0.0311110016519236,1.39817037275488,0.0406984677984272,0.0867346278006159,0.100434898993074,0.212072030805447
"TS",0.6763,8.41991442691261,0.073619396682148,0.0803962446306095,4,1.03169992161722,1.58499608077587,0.0305167370078443,1.38435309476319,0.0403681699001762,0.085224639637112,0.099742205585376,0.204644475117231
"TS",0.6803,8.46971430523237,0.0712306271040042,0.0777875828916418,4,1.03128526184543,1.5642630922904,0.0299318967093042,1.3705242831346,0.0400379651687221,0.0837207573537929,0.0990426140927818,0.19738635879585
"TS",0.6823,8.49461424439224,0.0700524200458385,0.0765009189532945,4,1.03107905261535,1.55395263077028,0.0296429936614905,1.36360563459588,0.0398728894923512,0.0829711668588568,0.0986902048871517,0.193820488820297
"TS",0.6843,8.51951418355212,0.0688849810640823,0.0752260143194816,4,1.03087357866861,1.54367893339586,0.0293564107871468,1.35668392626832,0.0397078214240024,0.0822231418484206,0.0983360285355156,0.190296371580405
"TS",0.6863,8.544414122712,0.0677282972559178,0.0739628548996488,4,1.03066883104333,1.53344155217313,0.0290721279545171,1.34975897699176,0.0395427519068193,0.0814766799967882,0.0979800646837198,0.186813731098479
"TS",0.6883,8.56931406187188,0.0665823556341352,0.0727114265110817,4,1.03046480088357,1.52324004415172,0.0287901314999948,1.34283060781374,0.0393776754290891,0.0807317829667265,0.0976222952974116,0.183372292610658
"TS",0.6903,8.59421400103176,0.0654471431253657,0.0714717148769751,4,1.03026147933017,1.51307396648947,0.0285103986325201,1.33589863844989,0.0392125813983252,0.0799884473931163,0.0972626989083766,0.179971785278309
"TS",0.6923,8.61911394019163,0.0643226465627448,0.0702437056184223,4,1.03005885758119,1.50294287903576,0.0282329127954753,1.328962888653,0.0390474625296197,0.0792466736522048,0.0969012559733369,0.176611939505255
"TS",0.6943,8.64401387935151,0.0632088526830726,0.0690273842513129,4,1.02985692676668,1.49284633864934,0.0279576552796362,1.32202317151652,0.0388823093774375,0.0785064611987241,0.0965379454890781,0.173292488478801
"TS",0.6963,8.66891381851139,0.0621054737248335,0.0678224365249704,4,1.02965565328384,1.48278265675491,0.0276845319616542,1.31507886828528,0.0387171075124229,0.077767665540219,0.0961727902316915,0.170012315891446
"TS",0.6983,8.69381375767126,0.0610130476104285,0.0666294498788864,4,1.02945507978795,1.47275398809863,0.0274136793001662,1.30813075419589,0.0385518680673525,0.0770305772938781,0.0958056881959638,0.166772869431969
"TS",0.7003,8.71871369683114,0.0599315529020937,0.0654484009018975,4,1.02925519186696,1.46275959327381,0.0271450803464946,1.30117837283561,0.0383865714970555,0.0762951931187186,0.0954365998030893,0.163573866256176
"TS",0.7023,8.74361363599102,0.0588601685056656,0.0642783929160871,4,1.02905591327137,1.45279566361355,0.0268784845064442,1.29422053364725,0.0382211947272241,0.0755610860854433,0.0950656546727023,0.160412546988087
"TS",0.7043,8.7685135751509,0.057799687915597,0.0631202924590395,4,1.02885730240301,1.44286511988226,0.0266141067310868,1.28725803118953,0.0380557475665102,0.0748286803619145,0.0946926713277697,0.157291155720182
"TS",0.7063,8.79341351431078,0.0567498280520328,0.061973790392697,4,1.02865933206131,1.43296660240633,0.0263518512656764,1.28029055247355,0.0378902174133505,0.074097841027603,0.0943177024077811,0.154208599181175
"TS",0.7083,8.81831345347065,0.055710833305032,0.0608391536038295,4,1.02846201815064,1.42310090754845,0.0260917751219186,1.27331838653607,0.0377246074964687,0.073368717489059,0.0939406916130576,0.15116541378724
"TS",0.7103,8.84321339263053,0.0546819139456758,0.0597155196670137,4,1.02826527046383,1.41326352309325,0.0258336391304302,1.26633949575385,0.0375588707932578,0.0726408654202064,0.093561679857404,0.148158995520379
"TS",0.7123,8.86811333179041,0.053664084258205,0.0586039962338687,4,1.02806919011039,1.40345950550293,0.0255777198045866,1.25935622576004,0.0373930479807057,0.0719148788227137,0.0931805662632293,0.145192211982367
"TS",0.7143,8.89301327095029,0.0526563115619929,0.0575034555629566,4,1.02787365624732,1.39368281210271,0.0253237095231699,1.25236567907352,0.0372270792447097,0.0711901658041339,0.0927973855201776,0.14226174480327
"TS",0.7163,8.91791321011016,0.0516595887336877,0.0564149819276821,4,1.02767877416901,1.38393870846342,0.0250718789725944,1.24537049359576,0.0370610073115588,0.0704673264830975,0.0924120731956439,0.139370378527671
"TS",0.7183,8.94281314927004,0.0506729038441646,0.055337470248336,4,1.02748441915779,1.37422095770186,0.0248219262284404,1.23836749692494,0.0368947656710591,0.0697457603435839,0.0920246330094511,0.136514884039748
"TS",0.7203,8.96771308842992,0.0496972282840349,0.0542719813344433,4,1.02729069669446,1.36453483471877,0.024574114872113,1.2313593956838,0.0367284072635229,0.0690260795173774,0.0916350008162158,0.133697969394679
"TS",0.7223,8.9926130275898,0.0487318109307934,0.0532176949208104,4,1.02709751596784,1.35487579834206,0.0243282178073263,1.22434397237079,0.0365618792201623,0.0683078303254102,0.0912432014306472,0.130917194148179
"TS",0.7243,9.01751296674967,0.0477766441158817,0.0521746026329691,4,1.02690486758844,1.34524338337499,0.0240842233209254,1.21732096877928,0.0363951696640175,0.0675910126964921,0.0908491871986875,0.128172348789358
"TS",0.7263,9.04241290590955,0.0468324247569474,0.0511434655415638,4,1.02671282582391,1.3356412911553,0.023842314675902,1.21029230485666,0.0362283117594253,0.066876096095615,0.0904529250895802,0.12546531356871
"TS",0.7283,9.06731284506943,0.0458984244484237,0.05012348818949,4,1.02652129233567,1.32606461601836,0.0236022721627808,1.20325529811559,0.0360612470656228,0.066162617661128,0.0900543773256153,0.122793747765752
"TS",0.7303,9.09221278422931,0.0449748646611631,0.0491149124345408,4,1.02633029399252,1.31651469872439,0.0233641491596376,1.19621086418287,0.0358939870610289,0.0654507357417981,0.0896535364456434,0.120158112030828
"TS",0.7323,9.11711272338919,0.0440617291190254,0.0481177205023172,4,1.02613982298083,1.30699114901721,0.0231279247667761,1.18915883121494,0.0357265267610024,0.0647404650503886,0.0892503878851354,0.117558176285745
"TS",0.7343,9.14201266254906,0.0431587769156954,0.0471316493104805,4,1.02594983078032,1.29749153980333,0.022893522819026,1.18209760965402,0.0355588191796163,0.0640316417994245,0.0888448500739248,0.114993066724711
"TS",0.7363,9.16691260170894,0.0422664426641513,0.0461571734792108,4,1.02576037597408,1.28801880084525,0.0226610494980596,1.17502910248205,0.0353909100620134,0.0633245921487731,0.0884369366413825,0.112463864783398
"TS",0.7383,9.19181254086882,0.0413847016154077,0.0451942659813172,4,1.02557144798623,1.27857239925722,0.0224304915610104,1.16795303054402,0.0352227790122778,0.0626193153962832,0.0880266365581827,0.109970317984153
"TS",0.7403,9.2167124800287,0.0405130955129834,0.0442424263766736,4,1.02538298096174,1.26914904808708,0.0222017026023178,1.16086753836688,0.0350543839995259,0.0619155163132174,0.087613890513126,0.107510917149555
"TS",0.7423,9.24161241918857,0.0396516143574719,0.0433016437454032,4,1.0251949530996,1.25974766675646,0.0219746713323983,1.15377173195862,0.0348856960804301,0.0612131864655722,0.0871986105588477,0.1050854774147
"TS",0.7443,9.26651235834845,0.0388008832339733,0.0423726007132393,4,1.02500746727516,1.25037336361349,0.0217495624635557,1.14666918945237,0.0347167948469718,0.06051281605869,0.0867809188008144,0.102695610457518
"TS",0.7463,9.29141229750833,0.0379600323082694,0.0414543473755675,4,1.0248203705268,1.24101852787761,0.0215261164937434,1.13955482744692,0.0345475563922944,0.0598137749785581,0.086360596864287,0.100338662730684
"TS",0.7483,9.31631223666821,0.0371298842214823,0.0405477820996644,4,1.02463379483912,1.23168974194631,0.0213045573725672,1.1324331683696,0.0343780759053359,0.0591167069400668,0.0859378025840687,0.0980168122853458
"TS",0.7503,9.34121217582808,0.0363097936093807,0.0396522001139216,4,1.02444762385558,1.22238119238495,0.0210846888992335,1.12530030334475,0.0342082614920319,0.0584211423650517,0.0855123514428112,0.0957280569339233
"TS",0.7523,9.36611211498796,0.0354997489341863,0.0387675888184796,4,1.0242618537717,1.21309271235491,0.0208664948513056,1.11815625990531,0.034038107013355,0.0577270928078116,0.0850842269345987,0.093472198505419
"TS",0.7543,9.39101205414784,0.0347001367211504,0.0378943703191973,4,1.02407652921073,1.20382645982211,0.0206500808460772,1.11100230448601,0.0338676310374265,0.0570348680377214,0.0846534238186157,0.0912501851442061
"TS",0.7563,9.41591199330772,0.033910732705559,0.0370322997072378,4,1.02389164257144,1.19458212886074,0.0204353605531998,1.10383891847753,0.0336968490917464,0.0563443602927524,0.0842200302847408,0.089061189081777
"TS",0.7583,9.44081193246759,0.0331315171953734,0.0361813554778614,4,1.02370714586133,1.1853573007268,0.0202223279267649,1.09666386423912,0.0335256930242571,0.0556555356265005,0.08378383281649,0.086905028969048
"TS",0.7603,9.46571187162747,0.0323624697323909,0.0353415152896371,4,1.02352304894109,1.17615247164883,0.0200109604688882,1.08947786223485,0.0333541777989485,0.0549684268929139,0.0833448854682282,0.0847814754207782
"TS",0.7623,9.49061181078735,0.0316035703253851,0.0345127573110967,4,1.02333933614192,1.16696680722581,0.0198012439671377,1.08228028003963,0.0331822805168777,0.0542830363213012,0.082903117674406,0.0826903237630988
"TS",0.7643,9.51551174994723,0.0308547971460822,0.0336950577046195,4,1.02315599891126,1.15779994764376,0.0195931607500966,1.07507096669215,0.0330099915029002,0.053599376317154,0.0824585048827139,0.0806313581716098
"TS",0.7683,9.56531162826698,0.0293877250508133,0.0320929379864804,4,1.0227904517383,1.13952258691152,0.0191818801922843,1.06061744359115,0.0326642204386651,0.052237458802751,0.0815606634982905,0.0766096469827591
"TS",0.7703,9.59021156742686,0.0286690201074964,0.0313080744716434,4,1.02260814531251,1.13040727934407,0.0189785398091477,1.05336978558262,0.0324906438207597,0.0515589063518603,0.0811072032237846,0.0746454830907026
"TS",0.7723,9.61511150658674,0.0279605345301755,0.0305343710407735,4,1.02242621483862,1.12131075409308,0.0187768195144947,1.04611072339278,0.0323166553953136,0.0508822944866009,0.0806508215187454,0.0727131688253944
"TS",0.7743,9.64001144574662,0.0272620641375743,0.0297716047172019,4,1.02224461131696,1.11223057816211,0.0185766491984942,1.038838501871,0.0321422072388742,0.050207476626798,0.0801913982538105,0.0708119967372925
"TS",0.7763,9.66491138490649,0.0265735853953912,0.0290197498002361,4,1.02206332483585,1.10316625297071,0.0183780090081552,1.03155282564608,0.0319672849803834,0.049534468485807,0.0797288914779832,0.0689417604372568
"TS",0.7783,9.68981132406637,0.025895074233466,0.028278780003998,4,1.02188234488601,1.09411725624712,0.0181808823176885,1.02425337078951,0.0317918781798738,0.0488632821900844,0.0792632527794248,0.0671022536593445
"TS",0.7803,9.71471126322625,0.0252265062668054,0.0275486686987954,4,1.02170166199831,1.08508310705287,0.0179852531346709,1.01693986980383,0.0316159628334356,0.0481939364302091,0.0787944545948263,0.065293271123803
"TS",0.7823,9.73961120238613,0.0245678564267046,0.0268293885082869,4,1.02152126578613,1.07606328864197,0.0177911044437355,1.00961200360108,0.0314395283425497,0.0475264462142497,0.078322452036106,0.0635146076505367
"TS",0.7843,9.764511141546,0.0239190991210554,0.0261209114845474,4,1.02134114469689,1.06705723089445,0.0175984158002768,1.0022693998174,0.0312625612250581,0.0468608249813078,0.0778471743917274,0.0617660586591789
"TS",0.7863,9.78941108070588,0.0232803669278462,0.0254233824096976,4,1.0211613288941,1.05806644480515,0.0174072209978798,0.994913375311536,0.0310850746851825,0.0461972530274288,0.0773687141767004,0.0600478495030266
"TS",0.7883,9.81431101986576,0.0226513138015321,0.0247364233838427,4,1.02098172889436,1.0490864446957,0.01721740202603,0.98754044717061,0.0309069940696203,0.0455354294537102,0.0768867907136215,0.0583589103648051
"TS",0.7903,9.83921095902564,0.0220319200261323,0.0240600128760968,4,1.0208023206087,1.04011602993027,0.0170289489165274,0.980149606207942,0.0307282756588669,0.0448753562977108,0.0764013191808161,0.0566990677627976
"TS",0.7923,9.86411089818551,0.0214224674976148,0.0233944587316505,4,1.02062318774382,1.03115938784671,0.0168419311372254,0.972744452200959,0.0305489966655705,0.0442173912151332,0.0759125074586436,0.0550689458604342
"TS",0.7943,9.88901083734539,0.0208229206560905,0.0227397221172389,4,1.02044434561212,1.02221728060745,0.016656326540828,0.965325975711144,0.0303691770612989,0.0435615750560576,0.0754204545132766,0.0534683076831893
"TS",0.7963,9.91391077650527,0.0202328042058142,0.0220952839849652,4,1.02026562672259,1.01328134329877,0.0164719847683938,0.957887139412489,0.030188639331003,0.0429074226595859,0.0749246008325036,0.0518957705956985
"TS",0.7983,9.93881071566515,0.0196526794801652,0.0214617573403377,4,1.02008716283211,1.00435814160595,0.0162890816332002,0.95043320357161,0.030007483348957,0.0422555640798302,0.074425249785229,0.0503527237655002
"ATPS",0.0409,1.00043496573767,0.9157068677166,0.999999954695702,4,1.24081298721981,12.040649363223,0.551865563676923,3.58331821294923,0.13427378968561,0.405896440493884,0.114212703168634,8.83694781581377
"ATPS",0.0407632107023411,0.997089029397412,0.915705195088893,0.999998128098468,4,1.24082653001238,12.0413265009102,0.552062084883838,3.58108643398782,0.134341935798995,0.405598090983765,0.114031727054391,8.84001058053378
"ATPS",0.0406264214046823,0.993743093057153,0.915698806579688,0.999991151511156,4,1.24084109371741,12.0420546815724,0.552269679070077,3.57873939138054,0.134411938240022,0.405285237704116,0.113841939366395,8.84324763652677
"ATPS",0.0404896321070234,0.990397156716893,0.915687477273882,0.999978779314668,4,1.24085665134783,12.0428325525024,0.55248742570934,3.57628903412424,0.134483296183775,0.404959553291222,0.113644352967535,8.84664494028873
"ATPS",0.0403528428093645,0.987051220376633,0.915670974763632,0.999960757707444,4,1.24087321272272,12.0436606675298,0.552715747026631,3.57372976903843,0.134556028477195,0.404620336811766,0.113438596248939,8.85020885548913
"ATPS",0.0402160535117057,0.983705284036373,0.915649056010225,0.999936821278455,4,1.24089088173801,12.0445440916181,0.552955246466869,3.57105723486913,0.134630118484406,0.404267094266592,0.113224348987838,8.85394927742943
"ATPS",0.0400792642140468,0.980359347696113,0.915621464786176,0.99990669021384,4,1.24090968792943,12.04548439806,0.553206427026548,3.56826552446775,0.134705571829495,0.403899092221224,0.113001211877091,8.85787396595907
"ATPS",0.039942474916388,0.977013411355854,0.915587930938749,0.999870069492636,4,1.24092968397409,12.0464842376371,0.553469763031119,3.56535007198753,0.134782373254833,0.403515790364758,0.112768872700316,8.86199048529973
"ATPS",0.0398056856187291,0.973667475015594,0.915548173478126,0.999826652259214,4,1.24095101704151,12.0475508572815,0.553746257384571,3.56230261763928,0.134860521655882,0.403116225998843,0.112526751828901,8.86631494802849
"ATPS",0.0396688963210702,0.970321538675334,0.915501894883645,0.999776113605397,4,1.24097370223472,12.0486851186353,0.554036189569999,3.55911984185094,0.134939998076072,0.402699976335099,0.112274633987548,8.87085176777409
"ATPS",0.0395321070234114,0.966975602335074,0.915448785236338,0.99971811508341,4,1.24099779847133,12.0498899215848,0.554340256389212,3.55579424404875,0.135020759133305,0.402266147687898,0.112012039054589,8.87561175343209
"ATPS",0.0393953177257525,0.963629665994815,0.915388518947974,0.999652301133818,4,1.24102340953986,12.0511704330504,0.554659124424546,3.55232056701893,0.13510279293682,0.401814113479539,0.111738594869336,8.88060579174227
"ATPS",0.0392585284280936,0.960283729654555,0.91532075397752,0.999578298229861,4,1.24105062262485,12.052531135883,0.554993583080821,3.54869127280222,0.135186063932873,0.401342977925509,0.111453803156252,8.88584637546819
"ATPS",0.0391217391304348,0.956937793314295,0.91524513516566,0.99949571851893,4,1.24107948482797,12.0539742345832,0.555344152148081,3.54490074487361,0.135270526594645,0.400852046589349,0.111157312866218,8.89134165932567
"ATPS",0.0389849498327759,0.953591856974035,0.915161288811822,0.999404153900387,4,1.2411101035363,12.0555051799467,0.555711626389514,3.54094216967326,0.1353561326843,0.40034051599958,0.110848681153663,8.89710441767926
"ATPS",0.0388481605351171,0.950245920633776,0.915068827000586,0.999303180750237,4,1.24114257592937,12.0571287931766,0.556096742342312,3.53680902975629,0.135442829538347,0.399807600192774,0.110527496491668,8.9031464549805
"ATPS",0.0387113712374582,0.946899984293516,0.914967344697561,0.99919235674967,4,1.24117696107363,12.0588480172656,0.556500149524206,3.53249446889149,0.135530540525971,0.39925248191933,0.110193324090202,8.90947795705293
"ATPS",0.0385745819397993,0.943554047953256,0.914856417440177,0.999071218363283,4,1.24121334765471,12.0606673547149,0.556922605387086,3.52799136862747,0.135619216547629,0.398674267831987,0.109845736209394,8.91611097871314
"ATPS",0.0384377926421405,0.940208111612996,0.914735607067049,0.998939287095851,4,1.24125183274568,12.0625916335808,0.557364799082613,3.52329391804966,0.135708756262953,0.398072276645065,0.109484387441998,8.92305662859656
"ATPS",0.0383010033444816,0.936862175272736,0.914604458903616,0.99879606641889,4,1.2412925253771,12.0646262849212,0.557827572508247,3.51839455772539,0.135799087462825,0.397445602086783,0.109108811532673,8.93032836896069
"ATPS",0.0381642140468227,0.933516238932477,0.914462500833794,0.998641040756863,4,1.24133546971527,12.0667734939713,0.558311438187117,3.51328775176157,0.13589011038155,0.396793528830513,0.108718716314605,8.93793422109264
"ATPS",0.0380274247491639,0.930170302592217,0.914309238490849,0.998473670235351,4,1.24138076563134,12.0690382756525,0.558817127038043,3.50796720495649,0.13598172144196,0.396115298940537,0.108313746004142,8.94588594269359
"ATPS",0.037890635451505,0.926824366251957,0.914144171538825,0.998293408461234,4,1.24142849504759,12.0714247488321,0.559345316877882,3.50242661429574,0.136073808082703,0.395410126096496,0.107893560942873,8.9541943264236
"ATPS",0.0377538461538462,0.923478429911697,0.913966776955134,0.998099684266398,4,1.24147873541642,12.0739367679753,0.559896642987854,3.49666006501201,0.136166259297853,0.394677266876106,0.10745784665211,8.96286948762856
"ATPS",0.0376170568561873,0.920132493571438,0.913776518031557,0.997891911537303,4,1.24153156213024,12.0765781074445,0.560471697478674,3.49066217174041,0.136258946064112,0.393916043828777,0.107006357552492,8.97192091539668
"ATPS",0.0374802675585284,0.916786557231178,0.913572855948061,0.997669501854194,4,1.24158705819631,12.0793528820704,0.561070992957855,3.48442901828845,0.1363517299545,0.393125951055551,0.106538934884761,8.98135694737486
"ATPS",0.0373434782608696,0.913440620890918,0.913355187203354,0.997431796161991,4,1.24164527865568,12.0822639318387,0.561695188307225,3.47795345454592,0.136444494347333,0.392306054894547,0.106055215486088,8.99118786899015
"ATPS",0.0372066889632107,0.910094684550658,0.913122971843268,0.997178204802406,4,1.24170627226587,12.0853136145054,0.56234459648741,3.47123291152888,0.136537086207996,0.391456003370508,0.105555173097044,9.00141873907606
"ATPS",0.0370698996655518,0.906748748210399,0.912875612209251,0.996908075100935,4,1.24177010350881,12.0885051516119,0.563019673332871,3.4642634955865,0.136629356250185,0.390575261965234,0.105038675698578,9.01205690547749
"ATPS",0.036933110367893,0.903402811870139,0.912612491855105,0.996620733865981,4,1.24183684634894,12.0918423169659,0.563720898605222,3.45704142612314,0.136721167131432,0.389663308120861,0.104505626543148,9.0231101536784
"ATPS",0.0367963210702341,0.900056875529879,0.912333015919477,0.996315531477728,4,1.24190646279673,12.0953231402194,0.564448242537408,3.44956537493799,0.136812359529838,0.388719874175918,0.103956108667412,9.03457772208209
"ATPS",0.0366595317725752,0.896710939189619,0.912036561106186,0.995991787264037,4,1.24197907877075,12.0989539415673,0.565202288420706,3.44183222663789,0.136902788067194,0.387744533876384,0.103390063251072,9.04646934920259
"ATPS",0.0365227424749164,0.893365002849359,0.9117225018061,0.995648818026905,4,1.24205463206076,12.1027316080475,0.56598285914704,3.43384175642085,0.13699230669505,0.386737121386045,0.102807667248135,9.05878192881276
"ATPS",0.0363859531772575,0.8900190665091,0.911390207582929,0.995285935296817,4,1.24213317774814,12.1066588936161,0.566790304269591,3.42559129162312,0.137080749822886,0.385697225128033,0.102208938804552,9.07152096948009
"ATPS",0.0362491638795987,0.88667313016884,0.911039045320637,0.994902447677839,4,1.24221469778355,12.1107348887693,0.567624420363778,3.41708277586712,0.137167989202515,0.384624953242082,0.101594183727639,9.08468344716317
"ATPS",0.0361123745819398,0.88332719382858,0.910668377996195,0.994497659507392,4,1.24229917884376,12.1149589425617,0.568485211295654,3.40831554785246,0.137253872646715,0.383520093767597,0.100963565764668,9.09826922168837
"ATPS",0.0359755852842809,0.87998125748832,0.910277570587504,0.994070877308018,4,1.24238663650998,12.11933182551,0.569372585255127,3.39929145380117,0.137338267439501,0.382382752093255,0.100317408885347,9.11227709761065
"ATPS",0.0358387959866221,0.876635321148061,0.909865989192268,0.993621408825144,4,1.2424770000803,12.123850026944,0.570286183893275,3.39001260111614,0.137421035345074,0.381213025125055,0.0996560661214101,9.12670110738468
"ATPS",0.0357020066889632,0.873289384807801,0.909433000493766,0.993148562443675,4,1.24257024925517,12.1285124609594,0.57122579326078,3.38048101951175,0.137502053867515,0.380011010335072,0.0989798831191749,9.14153788167535
"ATPS",0.0355652173913043,0.869943448467541,0.908977976808086,0.99265165269984,4,1.24266633166067,12.1333165738233,0.57219102514574,3.37070003998251,0.137581203815386,0.378776953381495,0.0982892971376152,9.15678118988486
"ATPS",0.0354284280936455,0.866597512127281,0.908500300659643,0.992130005277895,4,1.24276518414095,12.138259202008,0.573181449809949,3.36067305488573,0.137658370168225,0.377511099410803,0.0975847502074584,9.17242407895722
"ATPS",0.0352916387959866,0.863251575787021,0.907999358154873,0.991582949773851,4,1.24286675338415,12.1433376698791,0.574196534554593,3.35040534318474,0.137733458010375,0.376213931466662,0.0968667966270849,9.18845820561124
"ATPS",0.0351548494983278,0.859905639446762,0.907474544925699,0.991009826186052,4,1.24297095037814,12.1485475161722,0.575235786064795,3.33990014282222,0.13780636846272,0.374885655692044,0.0961358844274146,9.20487537611874
"ATPS",0.0350180602006689,0.856559703106502,0.906925272599757,0.990409991981,4,1.24307769208813,12.1538845960293,0.576298497293813,3.32916399535258,0.137877019665083,0.373526901364766,0.095392645133875,9.22166441470077
"ATPS",0.03488127090301,0.853213766766242,0.906350956189756,0.989782808321873,4,1.24318685861326,12.1593429290935,0.577383933285135,3.31820230891388,0.137945334224772,0.372138131936046,0.0946376514482356,9.23881334564611
"ATPS",0.0347444816053512,0.849867830425982,0.905751031161861,0.989127658708098,4,1.2432984358971,12.1649217903896,0.578491662294768,3.30702059366083,0.138011253669028,0.370719870392665,0.0938714605944162,9.25631558827365
"ATPS",0.0346076923076923,0.846521894085723,0.905124946755065,0.988443941679751,4,1.24341223338259,12.1706116796373,0.579620633959795,3.29562581089888,0.13807471516877,0.369272754907223,0.0930947442412206,9.27415390103825
"ATPS",0.0344709030100334,0.843175957745463,0.90447216550228,0.987731070294568,4,1.24352816918148,12.1764084597946,0.580770146667663,3.28402446199329,0.138135674474193,0.367797407648527,0.0923081190575401,9.29231712474609
"ATPS",0.0343341137123746,0.839830021405203,0.903792170786177,0.986988480379313,4,1.24364612348221,12.1823061740355,0.581939381044808,3.27222321355992,0.138194090992302,0.366294467339932,0.091512218357854,9.31079201770809
"ATPS",0.0341973244147157,0.836484085064943,0.903084456611679,0.986215619360807,4,1.24376598513466,12.1882992518958,0.583127442632747,3.26023009516145,0.138249945677195,0.364764740410146,0.0907077369634341,9.32956438743181
"ATPS",0.0340605351170569,0.833138148724684,0.902348541319012,0.985411961241302,4,1.24388762065798,12.1943810310991,0.584333488355607,3.24805156554242,0.138303206988164,0.363208846787814,0.0898952857191997,9.34862046072721
"ATPS",0.033923745819398,0.829792212384424,0.901583961351428,0.984576999792502,4,1.24401090266753,12.2005451284329,0.585556632274999,3.23569488757893,0.138353865805386,0.361627507771008,0.0890755099283313,9.36794594864367
"ATPS",0.0337869565217391,0.826446276044164,0.900790270481168,0.983710247710276,4,1.24413570965684,12.2067854926172,0.586795924976975,3.2231684806102,0.138401919156362,0.360021594443566,0.088249102004131,9.38752577461297
"ATPS",0.0336501672240803,0.823100339703904,0.899967040804225,0.982811237700992,4,1.24426192062089,12.2130960307189,0.588050520923034,3.21047932181644,0.138447365719236,0.358391812679588,0.087416674300101,9.40734625281691
"ATPS",0.0335133779264214,0.819754403363644,0.899113871758855,0.981879532330205,4,1.2443893708506,12.2194685424254,0.589319366271643,3.19763553652066,0.138490221948794,0.356738996339493,0.0865788916666683,9.42739033742451
"ATPS",0.0333765886287625,0.816408467023385,0.898230379256015,0.980914712152524,4,1.24451794015324,12.2258970242799,0.590601588607804,3.18464455967885,0.138530488956982,0.355063928536319,0.0857363787015449,9.4476440018044
"ATPS",0.0332397993311037,0.813062530683125,0.897316192728624,0.97991637248925,4,1.24464751319701,12.2323756595717,0.591896331030631,3.17151372563635,0.138568191341858,0.353367390198296,0.0848897132095893,9.4680935120326
"ATPS",0.0331030100334448,0.809716594342865,0.89637097697581,0.978884147283438,4,1.24477795190043,12.2388976088196,0.593202647429929,3.15825081079724,0.138603362687866,0.351650182692608,0.0840395309738709,9.48872361621166
"ATPS",0.032966220735786,0.806370658002605,0.89539440676282,0.977817681361672,4,1.24490912974292,12.2454564832981,0.594519655435904,3.14486306990138,0.138636015724151,0.349913118365043,0.0831864008605697,9.50952008910529
"ATPS",0.0328294314381271,0.803024721662346,0.894386182397471,0.976716647444359,4,1.24504089229166,12.2520446136215,0.595846386541112,3.13135788035718,0.138666184030119,0.348156972510256,0.0823308977757525,9.53046723162934
"ATPS",0.0326926421404682,0.799678785322086,0.893346022426799,0.975580738170093,4,1.24517312747909,12.2586563720977,0.597181964321394,3.1177430274685,0.138693909763433,0.346382620254318,0.0814735865757433,9.55155109766529
"ATPS",0.0325558528428094,0.796332848981826,0.892273665654691,0.974409668299012,4,1.24530570262012,12.2652851316172,0.598525566408471,3.10402476120025,0.138719222933074,0.344590743593781,0.0806149748045917,9.57275822255597
"ATPS",0.0324190635451505,0.792986912641566,0.891168876072597,0.973203180097392,4,1.24543850208631,12.2719251034727,0.599876296902432,3.09021096591954,0.138742169429324,0.34278223373418,0.0797556128921807,9.59407441563849
"ATPS",0.0322822742474916,0.789640976301306,0.890031431876527,0.971961031343637,4,1.24557139927487,12.2785699638683,0.601233373219047,3.07630754961429,0.138762783883768,0.34095775277323,0.0788959512470053,9.61548689064311
"ATPS",0.0321454849498328,0.786295039961047,0.888861138404641,0.970683009456802,4,1.24570426161127,12.2852130811287,0.602595893716992,3.06232187893614,0.13878110764426,0.339118150314512,0.0780365080886548,9.63698111046592
"ATPS",0.0320086956521739,0.782949103620787,0.887657803033231,0.969368904081689,4,1.2458369938275,12.2918496924626,0.603963145973083,3.04826007971624,0.138797190775442,0.337264134156738,0.0771777145659628,9.65854573509443
"ATPS",0.031871906354515,0.779603167280527,0.886421277204939,0.968018552985868,4,1.24596947396603,12.2984736933185,0.605334309450982,3.0341287955993,0.138811072130999,0.335396487223181,0.0763200282482481,9.68016751450936
"ATPS",0.0317351170568562,0.776257230940267,0.885151414969577,0.966631796784074,4,1.24610159183813,12.3050795908193,0.606708627838491,3.01993418292174,0.138822804294158,0.333515932770238,0.0754638580911435,9.7018343309373
"ATPS",0.0315983277591973,0.772911294600008,0.883848090049114,0.96520849757407,4,1.24623323955122,12.3116619770619,0.608085441484038,3.00568129456097,0.138832406754411,0.331623085818534,0.074609576392922,9.72353527574593
"ATPS",0.0314615384615385,0.769565358259748,0.882511199920516,0.963748543395321,4,1.24636430226497,12.3182151129312,0.609463911128611,2.99137715737836,0.138839951439705,0.329718788725382,0.0737576070571743,9.74525712447363
"ATPS",0.0313247491638796,0.766219421919488,0.881140653329059,0.962251834592883,4,1.24649470369115,12.3247351845801,0.610843472010746,2.97702672257341,0.138845470260207,0.327803657279857,0.0729082797061584,9.76699075754832
"ATPS",0.0311879598662207,0.762873485579228,0.87973637886062,0.960718293178783,4,1.24662432840849,12.3312164256871,0.612223397223334,2.96263553122365,0.138849005488326,0.325878376530932,0.072061948118174,9.78872442702216
"ATPS",0.0310511705685619,0.759527549238969,0.878298320793757,0.959147858302283,4,1.24675307502104,12.3376537510951,0.613603011509666,2.94820898936632,0.138850592967706,0.323943626880275,0.0712189382738932,9.81044725243091
"ATPS",0.030914381270903,0.756181612898709,0.876826448911226,0.957540496964566,4,1.24688086928238,12.3440434600279,0.614981756718703,2.93375193902693,0.138850301106538,0.3220000266704,0.0703795322096399,9.83215033370581
"ATPS",0.0307775919732441,0.752835676558449,0.875320716798548,0.955896158478587,4,1.2470076242498,12.3503812143417,0.616359043048671,2.91926922488977,0.138848140936374,0.320048200346952,0.0695440331380497,9.85382417992576
"ATPS",0.0306408026755853,0.749489740218189,0.873781125625998,0.954214844122346,4,1.2471332645814,12.3566632293034,0.617734316177344,2.90476558091974,0.138844164019834,0.318088768244303,0.0687127040781818,9.87545994458523
"ATPS",0.0305040133779264,0.746143803877929,0.872207688204112,0.952496567885622,4,1.24725767469891,12.3628837338037,0.619106918160739,2.89024559333264,0.138838402678457,0.31612233797177,0.0678858124781635,9.89704686698377
"ATPS",0.0303672240802676,0.74279786753767,0.870600419290209,0.950741345884181,4,1.24738082257235,12.3690411260584,0.620476449595721,2.87571361268469,0.13883090586308,0.314149488589257,0.0670635838609428,9.91857880080775
"ATPS",0.0302304347826087,0.73945193119741,0.868959351594026,0.948949213838773,4,1.24750260279964,12.375130135881,0.621842308509921,2.86117379946124,0.13882169694779,0.312170785043247,0.0662462430895565,9.94004595862611
"ATPS",0.0300936454849498,0.73610599485715,0.867284518988182,0.947120208740074,4,1.24762295625627,12.3811478126131,0.623204042808232,2.84663015943784,0.13881081871369,0.310186783497481,0.0654339982206022,9.96144113942015
"ATPS",0.029956856187291,0.73276005851689,0.865575992913115,0.945254408604793,4,1.24774181450408,12.3870907256044,0.624561185677573,2.83208651946359,0.138798293770816,0.308198022482478,0.0646270440798967,9.98275682560288
"ATPS",0.0298200668896321,0.729414122176631,0.863833837077033,0.943351883005636,4,1.24785911655946,12.3929558282737,0.625913286286715,2.81754671528368,0.138784168884281,0.306205027459509,0.063825559874322,10.0039858933951
"ATPS",0.0296832775919732,0.726068185836371,0.86205813177907,0.941412719633471,4,1.2479748020873,12.3987401054545,0.627259939704538,2.80301402799213,0.138768465257616,0.304208288956718,0.0630297044581487,10.0251218169665
"ATPS",0.0295464882943144,0.722722249496111,0.86024897530339,0.939437025819763,4,1.2480888059881,12.4044403001956,0.628600669062334,2.78849246952856,0.138751217228892,0.302208368360893,0.0622396531177133,10.0461571021773
"ATPS",0.0294096989966555,0.719376313155851,0.858406453994992,0.937424895857783,4,1.24820107218538,12.4100536195501,0.629935149714302,2.77398441901165,0.138732443246209,0.300205642070875,0.0614555183802653,10.0670863591124
"ATPS",0.0292729096989967,0.716030376815591,0.856530689182104,0.935376462244321,4,1.24831156768934,12.4155783865405,0.631263019796143,2.75949357866236,0.138712183738049,0.298200648365416,0.0606774468045594,10.0879040627491
"ATPS",0.0291361204013378,0.712684440475332,0.85462180138543,0.933291856594314,4,1.24842024479376,12.4210122394765,0.632583953760403,2.74502261803916,0.138690461022419,0.296193802580007,0.0599055462544795,10.108604998196
"ATPS",0.027905016722408,0.682571013412994,0.835975343047334,0.912928945546341,4,1.24930910055437,12.4654550185349,0.644107502823086,2.6161166721698,0.13843270555843,0.278117805031095,0.0532512688656324,10.2888239953248
"ATPS",0.0277682274247492,0.679225077072734,0.833743639155364,0.910491807779286,4,1.2493973330027,12.4698666480154,0.645342645489547,2.60198289940878,0.138397509972818,0.276114576274741,0.0525455885702086,10.3080977751592
"ATPS",0.0276314381270903,0.675879140732474,0.831480654449192,0.908020509721543,4,1.24948335913891,12.4741679469916,0.646567916844284,2.58789430821026,0.138361046741773,0.274113673346372,0.0518468061450689,10.3272087083453
"ATPS",0.0274946488294314,0.672533204392214,0.829186566734576,0.905515245546334,4,1.24956716955952,12.4783584771821,0.647783176283445,2.57385242132861,0.138323397165206,0.272115330836047,0.0511549197635961,10.3461547417697
"ATPS",0.0273578595317726,0.669187268051955,0.826861607005725,0.902976267511455,4,1.24964873867869,12.482436934217,0.648988260296142,2.55985853764033,0.138284502092013,0.270119866034272,0.0504699565483894,10.3649332285228
"ATPS",0.0272210702341137,0.665841331711695,0.824497298836046,0.900394318914234,4,1.24972836170841,12.4864180875674,0.650187425673484,2.54586338222985,0.138244266323656,0.268120279916502,0.0497894518782085,10.3836107388759
"ATPS",0.0270842809364548,0.662495395371435,0.822119867818698,0.897798039478689,4,1.24980506452123,12.490253222364,0.651367165751917,2.53202122619662,0.138203111299271,0.266138695091965,0.0491208297815885,10.401976396631
"ATPS",0.026947491638796,0.659149459031175,0.819703529082767,0.895159270772623,4,1.24987980726484,12.4939903631536,0.652540687727122,2.51818121192938,0.138160647170848,0.264153610562131,0.0484566863805282,10.4202369263635
"ATPS",0.0268107023411371,0.655803522690916,0.817257171498421,0.892487719908736,4,1.24995224136304,12.497612068062,0.653703484187999,2.50439411216013,0.138117005351392,0.262172376781551,0.0477994571806154,10.4383213827932
"ATPS",0.0266739130434783,0.652457586350656,0.814781016949492,0.889783629195817,4,1.25002236645985,12.5011183225553,0.654855451134249,2.49066130819519,0.138072205506199,0.260195266019137,0.0471491405671584,10.4562283593668
"ATPS",0.0265371237458194,0.649111650010396,0.812275292445933,0.887047246540647,4,1.25009015969583,12.5045079870814,0.655996352680388,2.47698488815139,0.138026248619251,0.25822264445788,0.0465057446079501,10.4739546053619
"ATPS",0.0264003344481605,0.645765713670136,0.809740227992638,0.884278823120643,4,1.25015556154149,12.5077780769478,0.657125886159928,2.46336647802584,0.137979173005057,0.256254761230292,0.0458692734864944,10.4914953539972
"ATPS",0.0262635451505017,0.642419777329876,0.807176051043557,0.881478607327453,4,1.25021874841455,12.5109374206973,0.6582447344388,2.44980429180595,0.137930970422868,0.254291559515364,0.0452396215898889,10.5088615691175
"ATPS",0.0261267558528428,0.639073840989617,0.804583007721881,0.878646867940517,4,1.25027952560533,12.5139762819711,0.659352016633565,2.43630201359963,0.137881651962094,0.252333538233513,0.0446168535292423,10.5260394358009
"ATPS",0.0259899665551839,0.635727904649357,0.80196130686263,0.87578383301864,4,1.2503379554009,12.5168977700401,0.660447966824982,2.42285913262402,0.137831198340234,0.250380766099044,0.0440009022341888,10.5430327087976
"ATPS",0.0258531772575251,0.632381968309097,0.799311222195855,0.872889801489398,4,1.25039398578831,12.5196992951227,0.66153226910987,2.40947766930395,0.137779691126033,0.24843348022601,0.043391778110075,10.5598366226852
"ATPS",0.0257163879598662,0.629036031968837,0.796632942695565,0.869964979722329,4,1.25044770949459,12.5223854800613,0.662605276386203,2.39615668787855,0.137727077939772,0.246491772249411,0.0427893879686736,10.5764569658571
"ATPS",0.0255795986622074,0.625690095628578,0.793926747506367,0.867009672557991,4,1.25049907949333,12.5249539718053,0.663666727251518,2.38289768866899,0.137673387580326,0.244555873567279,0.0421937293502324,10.5928897680329
"ATPS",0.0254428093645485,0.622344159288318,0.79119285834271,0.8640241221202,4,1.25054809305627,12.5274046533736,0.664716570222004,2.3697012800095,0.137618621170971,0.242625947001045,0.0416047674887577,10.6091343111826
"ATPS",0.0253060200668896,0.618998222948058,0.788431524116208,0.861008600233499,4,1.25059479247919,12.5297396238458,0.665754880981603,2.35656797972776,0.137562807088099,0.240702141515501,0.0410224512764844,10.6251922587818
"ATPS",0.0251692307692308,0.615652286607798,0.785632741707778,0.857952182966899,4,1.2506392659661,12.5319632991568,0.666785187337805,2.34345020292652,0.137505694043866,0.238777575016777,0.0404446497899832,10.6411175779174
"ATPS",0.0250324414715719,0.612306350267538,0.782827475544022,0.854888685099223,4,1.25068105799957,12.5340528996641,0.667796133351404,2.33049336658836,0.137447994223306,0.23687354532006,0.0398776428106896,10.6567357981159
"ATPS",0.024895652173913,0.608960413927279,0.779985244851196,0.851784820025952,4,1.25072067265305,12.5360336319437,0.668799143402641,2.31755290495205,0.137389024235753,0.234969025680364,0.0393150540462134,10.6722230779181
"ATPS",0.0247588628762542,0.605614477587019,0.777116531194302,0.848652034166125,4,1.25075794187647,12.5378970938301,0.669790340382202,2.30467775171635,0.137329020103945,0.233071219947229,0.0387589490624219,10.6875199673993
"ATPS",0.0246220735785953,0.602268541246759,0.774210950013773,0.845478987035727,4,1.25079305035258,12.5396525169758,0.670773564079367,2.29182030648559,0.137267726512871,0.231173258212533,0.0382072730201443,10.7026854358695
"ATPS",0.0244852842809365,0.598922604906499,0.771300630792426,0.84230076571611,4,1.25082548649738,12.5412743267287,0.67173739199513,2.27912381970374,0.13720594506494,0.229296131395611,0.0376659995220195,10.7175443270445
"ATPS",0.0243484949832776,0.59557666856624,0.768353941619238,0.839082826500432,4,1.25085577053242,12.542788526209,0.672693179283737,2.26644599454569,0.137142881383351,0.227419133589469,0.0371290547034951,10.7322713184109
"ATPS",0.0242117056856187,0.59223073222598,0.765381701777641,0.835836984613985,4,1.25088377812597,12.5441889064462,0.673637272009263,2.25383431425998,0.137078837564253,0.225549227709657,0.0365983987582878,10.7468107019801
"ATPS",0.0240749163879599,0.58888479588572,0.762373204873858,0.832551548112906,4,1.25090954023484,12.5454770118111,0.674572867186197,2.24124339959335,0.137013480071646,0.223679835154069,0.03607208348074,10.7612112207502
"ATPS",0.023938127090301,0.58553885954546,0.75935058658652,0.829250690319911,4,1.25093286695335,12.5466433477029,0.675492976251389,2.22876636646538,0.13694747393771,0.221824638279801,0.0355538769584795,10.7753663691721
"ATPS",0.0238013377926421,0.582192923205201,0.756314359353451,0.825934970843999,4,1.25095389371662,12.547694685813,0.676398198826334,2.216401118942,0.136880698838097,0.219983616206491,0.0350436606441743,10.7892854336491
"ATPS",0.0236645484949833,0.578846986864941,0.753231210277459,0.822568010253216,4,1.25097276033994,12.5486380149284,0.677298126119662,2.20401268294661,0.136812424882001,0.218136667455092,0.0345358097965603,10.8031157019253
"ATPS",0.0235277591973244,0.575501050524681,0.75014631207345,0.819199139522845,4,1.25098915627701,12.5494578109283,0.678179516970819,2.19178157404563,0.13674364742585,0.216310771627349,0.0340376645444559,10.8166537857477
"ATPS",0.0233909698996656,0.572155114184421,0.747026018969692,0.815791615704468,4,1.25100377093794,12.5501885468875,0.679053617865922,2.17957252271176,0.136673847102582,0.214485760245442,0.0335435999173827,10.830075883505
"ATPS",0.0232541806020067,0.568809177844161,0.743870369629874,0.812345481020863,4,1.25101556126048,12.5507780614925,0.679917231230173,2.16738724226926,0.136602591511617,0.212661951567197,0.0330537459950849,10.8433259148664
"ATPS",0.0231173913043478,0.565463241503902,0.740714178145494,0.808898754286945,4,1.25102524803174,12.5512624015623,0.680763479539957,2.15535757418373,0.136530982736797,0.210859193157769,0.0325732578064701,10.8563047081016
"ATPS",0.022980602006689,0.562117305163642,0.737523077861511,0.805413905311891,4,1.25103290369212,12.5516451843755,0.681601546133597,2.14335157462577,0.13645819275214,0.209057750498508,0.0320968214339829,10.8691529548294
"ATPS",0.0228438127090301,0.558771368823382,0.734297044788526,0.801890907898018,4,1.25103823013195,12.5519115066455,0.682430574581965,2.13136924516628,0.136384209253139,0.207257606851861,0.0316243941230739,10.8818549934541
"ATPS",0.0227070234113712,0.555425432483122,0.731071681998952,0.798368642468804,4,1.25104132000762,12.5520660001237,0.68324174775138,2.11954318659874,0.136309790153572,0.205478796271723,0.0311611247160591,10.8942784179928
"ATPS",0.0225702341137124,0.552079496142863,0.727811845718016,0.794808730177898,4,1.25104229333679,12.5521146668098,0.684044719222897,2.10773794510981,0.136234197990844,0.203701099157991,0.0307017071684803,10.9065695383428
"ATPS",0.0224334448160535,0.548733559802603,0.724529554834871,0.791224296282991,4,1.25104110129001,12.5520550664199,0.684835946516089,2.09600195265628,0.136157645693428,0.20193175493672,0.0302479153479224,10.9186760327996
"ATPS",0.0222966555183946,0.545387623462343,0.721225067352256,0.787615622536612,4,1.25103774755744,12.5518873789544,0.685615591034943,2.08433314266319,0.1360801918688,0.200170517962489,0.0297996292378485,10.9306000327562
"ATPS",0.0221598662207358,0.542041687122083,0.717898523701513,0.783982862297158,4,1.25103212129518,12.5516060657911,0.686383147246839,2.07273338695905,0.136001898626231,0.198417586937455,0.0293568050527912,10.942333930093
"ATPS",0.0218862876254181,0.535349814441564,0.711180406951812,0.776646326248133,4,1.25101494748745,12.5507473713684,0.68788560036849,2.04973028771839,0.135842564060979,0.194935941296145,0.028487285380428,10.965288937549
"ATPS",0.0217494983277592,0.532003878101304,0.707789193991884,0.772942943729285,4,1.25100312128956,12.5501560648927,0.68861945113921,2.03832909456608,0.135761531401866,0.193207510248152,0.0280605005059462,10.9764934415395
"ATPS",0.0216127090301003,0.528657941761044,0.7043768916239,0.769216530470093,4,1.25098921008591,12.5494605047162,0.689341881058494,2.02699455849002,0.135679605200406,0.19148738499954,0.027638930816023,10.9875200780511
"ATPS",0.0214759197324415,0.525312005420784,0.700931102685211,0.765453548118358,4,1.25097330995533,12.5486654977891,0.690056116114777,2.01568484680002,0.13559648570399,0.189769300908773,0.0272210510359977,10.9984172737538
"ATPS",0.0213391304347826,0.521966069080525,0.697489803516507,0.761695468831064,4,1.25095521748803,12.5477608747758,0.690752898546879,2.00452520515927,0.13551307122194,0.188072212852248,0.0268113120191616,11.0090446141207
"ATPS",0.0212023411371237,0.518620132740265,0.694015448785319,0.757901291134824,4,1.25093528396195,12.5467641971284,0.691441907313477,1.99339057790134,0.135428665791984,0.186377084957504,0.0264051336784357,11.0195499863709
"ATPS",0.0210655518394649,0.515274196400005,0.690520842048642,0.754084997185789,4,1.25091310006598,12.5456549960499,0.692119045475516,1.98232117393315,0.135343270102633,0.18469032347992,0.0260039469382926,11.0298703725333
"ATPS",0.020928762541806,0.511928260059745,0.687006179886117,0.750246801659245,4,1.2508890051699,12.544450256832,0.692785259853186,1.97131845824432,0.135257036348927,0.183012079967197,0.0256077392204121,11.0400221143894
"ATPS",0.0207919732441472,0.508582323719486,0.683471676330646,0.746386938290352,4,1.25086293367716,12.5431466845679,0.69344046664138,1.96038070120869,0.135169945665268,0.181342167890991,0.0252164102283581,11.0500034503895
"ATPS",0.0206551839464883,0.505236387379226,0.679917541675864,0.742505636730797,4,1.25083502811161,12.5417514048701,0.694085202507844,1.94950656275467,0.135081994772855,0.179680511187654,0.0248299548605782,11.0598231638749
"ATPS",0.0205183946488294,0.501890451038966,0.676343974307249,0.738603113627931,4,1.25080488641591,12.5402443203406,0.694717939318387,1.93869934745676,0.134993148787571,0.178027499736775,0.024448259309782,11.0694570762675
"ATPS",0.0203816053511706,0.498544514698706,0.672751184618584,0.734679598742806,4,1.25077295160982,12.5386475817003,0.695340256163426,1.92795607155734,0.134903616165301,0.176382660068601,0.0240713038919048,11.0789311362944
"ATPS",0.0202448160535117,0.495198578358446,0.669139362837,0.730735299813435,4,1.25073914224189,12.5369571120323,0.695951794793758,1.91727780864714,0.134813237217378,0.174746330972696,0.0236990279460258,11.0882402026287
"ATPS",0.0201080267558528,0.491852642018187,0.665508714811313,0.726770441637524,4,1.25070339872906,12.5351699361929,0.696552558278872,1.90666226891713,0.134721972632425,0.173118279988555,0.0233313936603176,11.097383401246
"ATPS",0.019971237458194,0.488506705677927,0.661859437335142,0.722785239124036,4,1.25066573749033,12.53328687543,0.697142442540315,1.89611095245227,0.134629897711196,0.17149865064613,0.0229683244355397,11.1063601340787
"ATPS",0.0198344481605351,0.485160769337667,0.658191722855341,0.718779902435033,4,1.2506262556175,12.5313127806837,0.697721746305204,1.88562340359109,0.134537038776276,0.169887427393399,0.0226097794198349,11.115175931844
"ATPS",0.0196976588628763,0.481814832997407,0.654505765071055,0.714754643100146,4,1.25058515969265,12.529257984684,0.698291166278253,1.87519835738893,0.13444345017833,0.168284473464746,0.0222556861147401,11.1238428277419
"ATPS",0.0195608695652174,0.478468896657148,0.650788182245461,0.710694847560508,4,1.25054171811993,12.5270859059978,0.698851026478998,1.86479898280745,0.134348548048387,0.166684217009256,0.0219047779187691,11.1323610116142
"ATPS",0.0194240802675585,0.475122960316888,0.647066243678343,0.706630295322543,4,1.25049653493098,12.5248267487003,0.699398184116841,1.85449804398079,0.134253007976321,0.16509808001983,0.0215595319919206,11.1406863842451
"ATPS",0.0192872909698997,0.471777023976628,0.64334033326083,0.702561405615507,4,1.25044990964665,12.5224954802799,0.699933039117653,1.84430133819907,0.13415760089061,0.163526046824088,0.0212197887517311,11.1488285934838
"ATPS",0.0191505016722408,0.468431087636368,0.639583288848012,0.698458515951726,4,1.25040129909652,12.5200649553426,0.700459582083032,1.83412707250373,0.134060761408437,0.161956609467191,0.0208830842699816,11.1568442515476
"ATPS",0.0190137123745819,0.465085151296109,0.635808940641806,0.694336729637485,4,1.25035120410301,12.5175602051544,0.700976716178767,1.82401336102899,0.133963198022741,0.160395387188239,0.0205506102308545,11.164719820688
"ATPS",0.0188769230769231,0.461739214955849,0.632003574504015,0.690181070114169,4,1.25029869519582,12.5149347600257,0.701483659189789,1.81392763642858,0.133864469931041,0.158837122911525,0.0202210980421765,11.172440826478
"ATPS",0.0187401337792642,0.458393278615589,0.628209041874883,0.686037241350839,4,1.25024524302478,12.5122621512352,0.701978378823213,1.80397068399607,0.133765726445426,0.157297862465275,0.0198980670520643,11.179978929941
"ATPS",0.0186033444816054,0.455047342275329,0.624383849627763,0.681859930675687,4,1.25018961559984,12.5094807799115,0.702463737362893,1.794040365666,0.13366577533873,0.155761512125388,0.0195779492819024,11.187376387011
"ATPS",0.0184665551839465,0.451701405935069,0.620542062817924,0.677664497867184,4,1.25013230780744,12.506615390456,0.702939015784139,1.78417035326155,0.133565125735342,0.154233308725384,0.0192618541785529,11.194623840525
"ATPS",0.0183297658862876,0.44835546959481,0.616683856162408,0.673451133725509,4,1.25007349410322,12.5036747051506,0.703404735022568,1.77436035380187,0.133463754831162,0.15271336201957,0.0189497132070392,11.2017307676969
"ATPS",0.0181929765886288,0.44500953325455,0.612809399480815,0.669220023702576,4,1.25001306528248,12.5006532624252,0.703860656194324,1.76460928213524,0.133361666516078,0.151201560172982,0.0186414939778221,11.2086925069537
"ATPS",0.0180561872909699,0.44166359691429,0.608918865024612,0.66497135590603,4,1.24995085535634,12.497542766423,0.704306194067161,1.75491768458878,0.133258789070731,0.149697900880622,0.0183371778650352,11.2154999334825
"ATPS",0.017919397993311,0.43831766057403,0.604998111256342,0.660689687034833,4,1.24988688050743,12.4943440251049,0.704743937410809,1.7452470778218,0.133154611917108,0.14819681805606,0.0180355706659424,11.2221937309697
"ATPS",0.0177826086956522,0.434971724233771,0.601075863135548,0.656406386252258,4,1.24982122390678,12.4910611955173,0.705169177236415,1.7356723303627,0.133050071745885,0.146709499970862,0.017738898481681,11.228700740436
"ATPS",0.0176458193979933,0.431625787893511,0.59715245910719,0.652121823157963,4,1.24975352946439,12.487676474318,0.705580690148541,1.72619513474133,0.132945351370225,0.145235739958888,0.0174471297498367,11.2350006271176
"ATPS",0.0175090301003344,0.428279851553251,0.593199266131891,0.647804728970322,4,1.24968574066036,12.4842870329171,0.705989867629008,1.71673337533408,0.132839802403172,0.143764049790289,0.01715781151485,11.241279483996
"ATPS",0.0173722408026756,0.424933915212991,0.589230819761818,0.643470977275109,4,1.24961542101836,12.4807710514201,0.706386065192627,1.70733256914311,0.132733160602908,0.142300859560678,0.0168722557720586,11.247363708991
"ATPS",0.0172354515050167,0.421587978872731,0.585232682147756,0.6391048011833,4,1.24954391874462,12.4771959366654,0.706776226867039,1.69795291039053,0.132625761242829,0.140839939989053,0.0165892055824672,11.2533643671752
"ATPS",0.0170986622073579,0.418242042532472,0.581248780096146,0.634754171072753,4,1.24947044082063,12.4735220409167,0.70715068937517,1.68870084563829,0.132518183378022,0.139397878605147,0.0163118315827817,11.2591300589959
"ATPS",0.016961872909699,0.414896106192212,0.577235505994063,0.630371465141682,4,1.24939586798841,12.4697934009818,0.707519314296575,1.67946889289415,0.132409536641802,0.137958430855627,0.0160369554992322,11.2648180660906
"ATPS",0.0168250836120401,0.411550169851952,0.573207589465172,0.62597276891212,4,1.24931948229557,12.4659741147776,0.707877954359893,1.67028889581521,0.132299691749088,0.136526793289484,0.0157655979574245,11.2703579213278
"ATPS",0.0166882943143813,0.408204233511692,0.56916518885049,0.621558255300767,4,1.24924181037358,12.4620905176633,0.708227464023445,1.66116909543716,0.132189705257096,0.135102941204815,0.0154976959388149,11.2757685727657
"ATPS",0.0165515050167224,0.404858297171433,0.565108469503428,0.617128104882227,4,1.24916249407772,12.4581247058114,0.70856676104826,1.65210669066773,0.132079520547605,0.133686622559579,0.0152330671163769,11.2810339526099
"ATPS",0.0164147157190635,0.401512360831173,0.561037547350906,0.612682444254778,4,1.24908204026937,12.4541020130273,0.70889842087082,1.64309301205523,0.131967758536443,0.132278402258359,0.0149719802766446,11.2861900920098
"ATPS",0.0162779264214047,0.398166424490913,0.556952595060139,0.608221461980083,4,1.24900020297008,12.4500101483713,0.709220287911877,1.63413773356669,0.131856158745507,0.130877575344331,0.0147140539300814,11.2912134177889
"ATPS",0.0161411371237458,0.394820488150653,0.552838737581345,0.603728913723153,4,1.24891669595658,12.4458347975252,0.709534512212811,1.62520260106449,0.131742993059912,0.129479647919273,0.0144585402872901,11.2961293988436
"ATPS",0.016004347826087,0.391474551810393,0.548741143203785,0.599254125626239,4,1.24883186926305,12.4415934629855,0.709836112763628,1.61638470639451,0.131629841190195,0.128099357019942,0.0142081452377176,11.3008551467593
"ATPS",0.0158675585284281,0.388128615470134,0.544614928320813,0.594748082435446,4,1.24874558628066,12.4372793139629,0.710129525391712,1.60759137014339,0.131515917930436,0.126721761821717,0.0139601504334534,11.3054798188857
"ATPS",0.0157307692307692,0.384782679129874,0.540460084873808,0.590210775350338,4,1.24865774114409,12.432887057005,0.710417067529233,1.59881079780775,0.131400510282878,0.125346433173926,0.0137141462221575,11.3100099716744
"ATPS",0.0155939799331104,0.381436742789614,0.536322219404046,0.585692009107362,4,1.24856936149116,12.4284680745545,0.710693374900746,1.59014848392638,0.131285401291198,0.123988620750698,0.0134732185330962,11.3143899115333
"ATPS",0.0154571906354515,0.378090806449354,0.532140745548928,0.581125620219063,4,1.24847979942016,12.4239899711187,0.710963987850539,1.58148538803591,0.131169689466796,0.122628943265405,0.0132337456286542,11.3187096789052
"ATPS",0.0153204013377926,0.374744870109095,0.5279767120441,0.57657827710853,4,1.2483874654531,12.4193732726407,0.711219662186126,1.57292120489432,0.131052730876619,0.121285547423873,0.012998864938833,11.3227820173612
"ATPS",0.0151836120401338,0.371398933768835,0.523784493425326,0.572000154374448,4,1.24829486032225,12.4147430161135,0.711470412647194,1.56438466819491,0.130935301790206,0.119945375386151,0.0127662453313744,11.3268123439814
"ATPS",0.0150468227424749,0.368052997428575,0.519564079415807,0.567391240794013,4,1.24820132866031,12.4100664319293,0.71171435209468,1.5558722735858,0.130817426019894,0.118607900102228,0.0125357370905207,11.3307695747214
"ATPS",0.0149100334448161,0.364707061088315,0.515361781074942,0.562802110474437,4,1.24810780923721,12.4053904618622,0.711951688063892,1.54746053144054,0.130699401756072,0.117286293598778,0.012310004200259,11.3346230069632
"ATPS",0.0147732441471572,0.361361124748055,0.511116058988681,0.558165559146064,4,1.24800840396066,12.4004201981042,0.712169469018255,1.53904471527315,0.130579059270114,0.115963063066283,0.0120853492585871,11.3381742956208
"ATPS",0.0144996655518395,0.354669252067536,0.502633934520888,0.548902634095968,4,1.24781304392759,12.3906521952818,0.712594140794834,1.52245316665694,0.130339311275691,0.113352985066064,0.0116471421088306,11.3452089649269
"ATPS",0.0142260869565217,0.347977379387016,0.494087653619463,0.539569646853498,4,1.24761249996458,12.3806249982083,0.712986817585968,1.50602186314947,0.130096860119086,0.110765568090652,0.0112194588501946,11.3518080450407
"ATPS",0.0140892976588629,0.344631443046757,0.489796558151281,0.534883545410929,4,1.24751059509592,12.3755297565082,0.713170262534726,1.49788590440107,0.129974613664478,0.109483448100179,0.0110097794082344,11.3549410365421
"ATPS",0.013952508361204,0.341285506706497,0.485493648854143,0.530184542647165,4,1.24740498647662,12.3702493241305,0.713338578053086,1.48978797374966,0.129851293825493,0.108206888983247,0.0108027459797627,11.3578406559061
"ATPS",0.0138157190635451,0.337939570366237,0.481179045480276,0.525472769337924,4,1.24729958261844,12.364979131025,0.713502371851591,1.48174069264446,0.129727435817385,0.106937948373523,0.0105984475483409,11.3606993767436
"ATPS",0.0135421404682274,0.331247697685717,0.472515223016313,0.516011420540728,4,1.24708677030745,12.3543385165455,0.713809359635104,1.46578577884399,0.129478335099791,0.104420641438634,0.0101977675617893,11.3661684632955
"ATPS",0.0132685618729097,0.324555825005198,0.463805995688656,0.506500487249587,4,1.24686904857089,12.3434524287583,0.714082443898361,1.45000967755386,0.129226231634382,0.101930352514769,0.00980753671701468,11.3711973546678
"ATPS",0.012994983277592,0.317863952324678,0.455052244819689,0.496940931914797,4,1.24664970582049,12.3324852907312,0.714332890159156,1.43441000714335,0.12897203326773,0.0994669023133046,0.00942748895145922,11.3759604518818
"ATPS",0.0125846153846154,0.307826143303899,0.441840308567489,0.482512804181532,4,1.2463111820568,12.3155590870102,0.714637068264278,1.4113810918945,0.128587895578704,0.0958232095056044,0.00887575641571775,11.3822285151796
"ATPS",0.0124478260869565,0.304480206963639,0.437414612322881,0.477679711627426,4,1.24619297657502,12.3096488291875,0.714715821880253,1.40377548187981,0.128457516636276,0.0946194904992257,0.0086966628705866,11.3839645935318
"ATPS",0.0120374581939799,0.29444239794286,0.424075740133464,0.463112963189282,4,1.24584594312686,12.292297155526,0.714941092641507,1.38122478658963,0.12806506683416,0.0910505649985948,0.00817370742573969,11.3892963938571
"ATPS",0.0119006688963211,0.2910964616026,0.419608924308722,0.458234965895766,4,1.24572185626927,12.2860928110049,0.714979736885101,1.37381564519479,0.127932603641238,0.0898744970577874,0.00800388946900431,11.3905249888755
"ATPS",0.0113535117056856,0.277712716241561,0.401641513127748,0.438613609978913,4,1.24523453651087,12.2617268255533,0.715122397506007,1.34447732116854,0.127394200962215,0.0852280145304467,0.00734740507478881,11.3956023761978
"ATPS",0.0106695652173913,0.260983034540262,0.378963870283578,0.413848433898795,4,1.2446098235909,12.2304911775869,0.715134172876748,1.30876856721132,0.126714801409428,0.0795551845847548,0.00657562893537957,11.4001481884711
"ATPS",0.0105327759197324,0.257637098200003,0.37440012354204,0.408864582957324,4,1.24448545967577,12.224272984012,0.715122811760635,1.30174993197135,0.12657920418096,0.0784378840262462,0.00642697378658897,11.4009609592657
"ATPS",0.0101224080267559,0.247599289179223,0.360653930134747,0.393853018373553,4,1.24411340952545,12.2056704766891,0.715055614494098,1.28093276478181,0.126168081951129,0.0751239722814734,0.00599503143104581,11.403211384655
"ATPS",0.00615551839464883,0.15056713531169,0.223906389252333,0.244517527390335,4,1.24001437128691,12.0007185644878,0.710638597093161,1.09424007972452,0.1217885410868,0.0453680777710762,0.00265341781169387,11.3839301716126
"ATPS",0.00574515050167224,0.140529326290911,0.209396367998136,0.228671822713015,4,1.23946033380232,11.9730166921677,0.709532569534166,1.07612563551007,0.12126560248621,0.0424765245690687,0.00238633468593969,11.3739382925108
"ATPS",0.0409,1.00043496573767,0.915706867705748,0.999999954683851,4,1.24081298608739,12.0406493078743,0.551865559627624,3.58331822566602,0.134273789678423,0.40589644121841,0.114212704024153,8.83694774479384
"ATPS",0.0429,1.04935599095712,0.915305401396312,0.999561532405498,4,1.24068980185779,12.0344900916977,0.549807596140919,3.60744813130591,0.133414969150936,0.4091912989068,0.116207340819999,8.8049993544883
"ATPS",0.0449,1.09827701617656,0.914371805905657,0.998541997135781,4,1.24064786270658,12.0323931467016,0.548717476342488,3.6211814236687,0.132781053242412,0.411153358982235,0.11738510053096,8.78823155971993
"ATPS",0.0469,1.14719804139601,0.913135377321366,0.997191752235513,4,1.24063941913984,12.031970956369,0.548101030699214,3.62957183003047,0.132306224251191,0.41240700089581,0.118129024898842,8.77885112228091
"ATPS",0.0489,1.19611906661546,0.911713818983558,0.995639335929026,4,1.24064492094215,12.0322460580411,0.547731512390551,3.63503366454497,0.131941719466961,0.413258737024296,0.118628319831051,8.7732982921118
"ATPS",0.0509,1.2450400918349,0.910171965420694,0.993955550923835,4,1.24065609567007,12.0328048189494,0.54749942221312,3.63878040717844,0.131654860973869,0.413867080545814,0.118980679345603,8.76986181288539
"ATPS",0.0529,1.29396111705435,0.908547948753852,0.992182039497284,4,1.24066939993524,12.0334700639202,0.547348809515188,3.64145980499853,0.131424102369506,0.41431910457018,0.11923940933495,8.76767203801022
"ATPS",0.0549,1.34288214227379,0.906865489749946,0.990344705971677,4,1.24068282253265,12.0341410710123,0.54724742900909,3.64344637931629,0.131234679415165,0.414666346494022,0.119436140437271,8.7662274018458
"ATPS",0.0569,1.39180316749324,0.905140053364175,0.988460438889675,4,1.24069489350296,12.034744694974,0.547174575028094,3.64497286863502,0.131076753021327,0.414940939425816,0.11959082571063,8.76520446155209
"ATPS",0.0589,1.44072419271269,0.903382120542034,0.986540683993786,4,1.24070780304935,12.035390157717,0.547128476138015,3.64615562601128,0.130943161491148,0.41516207784653,0.1197131207377,8.76459349160782
"ATPS",0.0609,1.48964521793213,0.90159904208422,0.984593468744129,4,1.24071737372674,12.0358686874894,0.547086757035565,3.64713806789879,0.130828582215987,0.415346974698395,0.1198162991365,8.76402471216688
"ATPS",0.0629,1.53856624315158,0.899796115104484,0.982624577866908,4,1.24072580409458,12.0362901653208,0.547054549157787,3.64793832668977,0.130729551597794,0.415501137694293,0.119901995384428,8.76359195863932
"ATPS",0.0649,1.58748726837103,0.897977252450125,0.980638284396715,4,1.24073720054176,12.0368600425707,0.547044646342767,3.64854753935537,0.130642668536862,0.415627816561548,0.119969399258824,8.76351881560719
"ATPS",0.0669,1.63640829359047,0.896145404003981,0.978637809760414,4,1.24074344283569,12.0371721412695,0.547022134371841,3.64911995545129,0.130566636404309,0.41574131056669,0.120032096832935,8.76321807093817
"ATPS",0.0689,1.68532931880992,0.894302839562169,0.976625632694482,4,1.24075169895641,12.0375849006324,0.547015732401456,3.64954990227445,0.130498463272508,0.415834471027959,0.120081953297073,8.7631748585249
"ATPS",0.0709,1.73425034402936,0.892451323923947,0.974603680452322,4,1.24075860227172,12.0379301585845,0.54700640288606,3.64996467983394,0.130438119826838,0.415920590106893,0.120128753192706,8.76307978972152
"ATPS",0.0729,1.78317136924881,0.890592262196465,0.972573487484682,4,1.24077047013386,12.0385234451734,0.547022599819534,3.65022525716174,0.130383194185054,0.415990077613664,0.120159872466157,8.76340758860162
"ATPS",0.0749,1.83209239446826,0.888726773086118,0.970536275477652,4,1.24078061293893,12.0390306449509,0.547038271414732,3.65042335878529,0.130333327116622,0.416045910924719,0.120188247222954,8.76371212667852
"ATPS",0.0769,1.8810134196877,0.886855770806733,0.968493042800708,4,1.24079080669971,12.0395403369683,0.547051906250075,3.6506522958272,0.130287584194338,0.416103916998944,0.120216362329404,8.76399068011274
"ATPS",0.0789,1.92993444490715,0.884979994509153,0.966444596645361,4,1.24080738321703,12.0403690692565,0.547097467752269,3.65068956228118,0.130249213182248,0.416141002290939,0.120224122252441,8.76479928314704
"ATPS",0.0809,1.97885547012659,0.883100073788472,0.964391624562492,4,1.2408139191373,12.0406959229358,0.54711538589489,3.65070719092413,0.130210225633698,0.41616666988834,0.120238286312505,8.7651069903964
"ATPS",0.0829,2.02777649534604,0.881216499638057,0.962334662742628,4,1.24083778984084,12.0418895399421,0.547176672172082,3.65083293550924,0.130174033050092,0.416214728062513,0.120252316017045,8.76621655784124
"ATPS",0.0849,2.07669752056549,0.879329692031889,0.960274169819393,4,1.24085814944171,12.0429076538585,0.547260782101091,3.65048563530708,0.130142617482337,0.416204056635199,0.120232060649234,8.76762559279176
"ATPS",0.0869,2.12561854578493,0.877440051763477,0.958210583480333,4,1.24087753349842,12.0438769445024,0.547328942134146,3.65032068103894,0.13011594628336,0.416208143701595,0.120224986895302,8.76879519217138
"ATPS",0.0889,2.17453957100438,0.875547887719158,0.956144241045539,4,1.24090149943126,12.0450749734765,0.547387191730491,3.65048803522087,0.130092382331683,0.416250848121063,0.120240250324954,8.76986465704279
"ATPS",0.0909,2.22346059622382,0.873653381865589,0.954075341232148,4,1.2409238993968,12.0461952135442,0.547474795917883,3.65018000040989,0.130065934373945,0.416246497428645,0.120216924378442,8.7713457677324
"ATPS",0.0929,2.27238162144327,0.871756819334756,0.952004195419252,4,1.24095470450119,12.0477356434416,0.547608552506283,3.64957310272513,0.130036598230644,0.41620404764312,0.120181249292774,8.77358058237627
"ATPS",0.0949,2.32130264666272,0.869857980531998,0.949930563797959,4,1.24103544609523,12.0517722726704,0.547870308611454,3.64922614939202,0.130016989321999,0.416224848418637,0.120134003178176,8.77816365833016
"ATPS",0.0969,2.37022367188216,0.867958152657678,0.947855852058615,4,1.24103914560237,12.051957267983,0.547873797899079,3.6493410693324,0.129988744343389,0.416252844458688,0.120153251332659,8.7782381601362
"ATPS",0.0989,2.41914469710161,0.866057157547259,0.945779865636195,4,1.24100951515945,12.0504757440281,0.547786246977151,3.64934421697396,0.129970592978329,0.416247596148243,0.120168291759519,8.77666721058107
"ATPS",0.1009,2.46806572232105,0.864154228220858,0.943701766948419,4,1.24103807888653,12.0519042219029,0.547885548687266,3.6491267560846,0.129948186613849,0.41625037604589,0.120151626061003,8.77838640752852
"ATPS",0.1029,2.5169867475405,0.8622507234402,0.941623039834395,4,1.24100626481216,12.0503132518546,0.54774810512264,3.64972985799096,0.129942369932264,0.416296852307358,0.12021296358111,8.7760756587439
"ATPS",0.1049,2.56590777275995,0.860345722576505,0.939542678919181,4,1.24099741690645,12.049870883772,0.54775111931375,3.64932647652913,0.129921691228292,0.416268075757922,0.120186230996075,8.77602107798462
"ATPS",0.1069,2.61482879797939,0.858439805946882,0.937461317939516,4,1.24099237510354,12.0496187528536,0.547695379936821,3.64989700112534,0.129907377568538,0.416331082086354,0.120237333110803,8.77516268722905
"ATPS",0.1109,2.71267084841828,0.85462490648,0.933295247520536,4,1.24099095040324,12.0495475034375,0.547712457601119,3.64959822981868,0.129874211811436,0.416320178157285,0.120221092698391,8.77538535265814
"ATPS",0.1149,2.81051289885718,0.850806374098939,0.929125209768622,4,1.2410366088652,12.0518304406872,0.547883324599904,3.649066408512,0.129847769467715,0.416323137955843,0.120158223151057,8.77831751850221
"ATPS",0.1189,2.90835494929607,0.846986353120089,0.924953546389803,4,1.24094000269605,12.0470001182081,0.547472324151455,3.65088250333408,0.12980771322208,0.416497609944958,0.120335903326296,8.77138809250203
"ATPS",0.1209,2.95727597451552,0.84507401296219,0.922865170580161,4,1.24103785399454,12.0518927417774,0.547911661019589,3.64879219803051,0.12976385674686,0.416315557580835,0.120191067816726,8.77870220196631
"ATPS",0.1229,3.00619699973496,0.843162692189946,0.920777907993151,4,1.24099023753138,12.0495121296297,0.547683970275984,3.64998790340989,0.129785527417332,0.416427467303382,0.120265706433758,8.77493530376512
"ATPS",0.1269,3.10403905017385,0.839333839346867,0.916596599755108,4,1.241223105256,12.0611552827552,0.548645266140313,3.64608067926127,0.129744818181191,0.416112470782007,0.11994681511207,8.7911876050563
"ATPS",0.1349,3.29972315105164,0.831658738267969,0.908214986597263,4,1.24179951619696,12.0899760313987,0.550826827620174,3.63926520690597,0.129684660603608,0.415659516081123,0.119337427858508,8.82846731424885
"ATPS",0.1389,3.39756520149053,0.827803773275932,0.904005162522226,4,1.24223579074775,12.1117897977037,0.552462982011738,3.63423905147611,0.129701710609497,0.415287464354393,0.118869708249413,8.85649615315571
"ATPS",0.1429,3.49540725192942,0.823941232014747,0.899787064763686,4,1.24262069097984,12.1310348837601,0.554050385964321,3.62783418631269,0.12964086189034,0.414768011383277,0.118345971381029,8.88332665068778
"ATPS",0.1489,3.64217032758776,0.818113202573666,0.893422550766342,4,1.24338400119432,12.1692002123849,0.556906992977788,3.61918538279564,0.12961117802489,0.414170141279199,0.117557653150874,8.93229413746683
"ATPS",0.1529,3.74001237802665,0.814131327640109,0.88907413437509,4,1.24438524781938,12.2192624319627,0.560805958147113,3.6056462098714,0.129612613746205,0.413066830026807,0.116374743029962,8.99875202737501
"AAS",0.2063,1.00017103206805,0.915706890501152,0.999999979577628,4,1.24082230606003,12.0411153030075,0.551915990822425,3.58310438759143,0.134287044974489,0.405863980911318,0.114192846669631,8.83766067430252
"AAS",0.205610033444816,0.996825978449096,0.915701554823078,0.999994152737162,4,1.24067280723236,12.0336403616745,0.551420021578714,3.58167351926541,0.134200400317633,0.405747780234831,0.114125748979481,8.83135422627988
"AAS",0.204920066889632,0.993480924830139,0.915684173131309,0.999975171017581,4,1.24052113080709,12.026056541312,0.550918446256332,3.58021652612263,0.134112518810516,0.405629246274333,0.114057453055256,8.82496136628554
"AAS",0.204230100334448,0.990135871211182,0.915654546420668,0.999942817094789,4,1.24036743390843,12.0183716945336,0.55041180817435,3.57873538593209,0.134023520320601,0.405508514358674,0.113988068317511,8.81848820830418
"AAS",0.203540133779264,0.986790817592226,0.91561247289232,0.999896870593866,4,1.24021165972412,12.0105830048785,0.549899951168067,3.57722990283605,0.133933376549948,0.405385563215985,0.113917610413356,8.8119320228116
"AAS",0.20285016722408,0.983445763973269,0.915557748759171,0.999837108968613,4,1.24005383833228,12.0026918495135,0.549383011333127,3.57569907998733,0.133842077486029,0.405260328519957,0.113845985622579,8.80529528695359
"AAS",0.202160200668896,0.980100710354312,0.915490163574613,0.99976330240029,4,1.23989389293353,11.9946946509363,0.548860779758665,3.57414283561446,0.133749601700414,0.405132775740072,0.113773221865341,8.79857434905697
"AAS",0.201470234113712,0.976755656735356,0.915409507554864,0.999675221793998,4,1.23973179272783,11.9865897352822,0.548333201131801,3.57256048505369,0.133655933449751,0.405002838646308,0.113699283797908,8.791768166865
"AAS",0.200780267558528,0.973410603116399,0.915315565146856,0.999572631754473,4,1.23956750508746,11.9783752442008,0.547800129165543,3.57095233550919,0.133561050124005,0.404870567878056,0.113624200550028,8.78487449807352
"AAS",0.200090301003344,0.970065549497442,0.915208118201549,0.999455294051516,4,1.23940102497038,11.9700511741068,0.547261669147303,3.56931683073036,0.133464935165409,0.40473581190966,0.113547854349557,8.77789494909184
"AAS",0.199400334448161,0.966720495878486,0.915086941397749,0.99932296262256,4,1.23923228879402,11.9616144240985,0.546717619312511,3.56765408155097,0.133367574206872,0.404598565959714,0.113470296462333,8.77082616293082
"AAS",0.198710367892977,0.963375442259529,0.914951812928065,0.999175395242293,4,1.23906126794716,11.9530634124022,0.546167932370144,3.56596339746975,0.133268939952084,0.404458777025,0.113391470440219,8.76366721437431
"AAS",0.198020401337793,0.960030388640572,0.9148025016944,0.999012339539464,4,1.23888792216156,11.9443960947907,0.545612471085587,3.56424482145676,0.133169022910756,0.404316444618411,0.113311399278014,8.75641592170137
"AAS",0.197330434782609,0.956685335021615,0.914638776828781,0.998833543394132,4,1.23871222870889,11.9356113895817,0.545051251727915,3.56249716970403,0.13306779261779,0.404171463330028,0.113230006270908,8.74907239111646
"AAS",0.196640468227425,0.953340281402659,0.914460398843847,0.998638745273531,4,1.23853414294005,11.9267071119722,0.544484148326842,3.56072022875742,0.132965230968365,0.404023809543157,0.113147293612761,8.74163456540485
"AAS",0.195950501672241,0.949995227783702,0.914267130356545,0.998427685942909,4,1.23835361811241,11.9176809715484,0.543911061815752,3.55891341675241,0.13286133127032,0.403873410714611,0.113063235958421,8.73410064110426
"AAS",0.195260535117057,0.946650174164745,0.914058724892024,0.998200096238795,4,1.23817064737794,11.9085323695919,0.543331969094028,3.55707635018512,0.132756057814368,0.403720266158085,0.112977806878663,8.72647041955272
"AAS",0.194570568561873,0.943305120545789,0.913834938524763,0.997955709781717,4,1.23798516414981,11.8992582020503,0.54274672640991,3.5552084497773,0.132649399827717,0.403564283464454,0.11289099820806,8.71874124386127
"AAS",0.193880602006689,0.939960066926832,0.91359551898013,0.997694251074541,4,1.23779712128265,11.8898560362111,0.542155234749426,3.55330898602331,0.132541322611561,0.403405421446025,0.112802752534431,8.71091134083767
"AAS",0.193190635451505,0.936615013307875,0.913340212054405,0.997415442513461,4,1.2376065240324,11.8803261989863,0.541557523652822,3.55137759708746,0.132431819268512,0.403243649146175,0.112713055039813,8.70298143270739
"AAS",0.192500668896321,0.933269959688919,0.91306875939282,0.997119001961515,4,1.23741327583262,11.8706637972924,0.54095333217536,3.54941386545216,0.132320861672921,0.403078884590711,0.112621927750053,8.69494683500841
"AAS",0.191810702341137,0.929924906069962,0.912780903050973,0.996804647729878,4,1.2372173883438,11.8608693952195,0.540342734758467,3.54741704516008,0.132208432614468,0.402911098408518,0.112529293684039,8.68680892259683
"AAS",0.191120735785953,0.926579852451005,0.912476371326855,0.996472083105698,4,1.23701879269675,11.8509396349933,0.539725570914853,3.54538648026535,0.132094504355048,0.402740213873444,0.112435136380036,8.67856486942934
"AAS",0.190430769230769,0.923234798832048,0.912154899335006,0.996121018820151,4,1.23681745936888,11.8408729649245,0.539101759735551,3.54332190027465,0.131979062088891,0.402566208847279,0.112339446860921,8.67021333646686
"AAS",0.189740802675585,0.919889745213092,0.911816216069796,0.995751158920868,4,1.23661332863914,11.8306664390781,0.538471195556086,3.54122230575083,0.131862063321768,0.402388991815418,0.112242171005145,8.66175229738573
"AAS",0.189050836120401,0.916544691594135,0.911460042826563,0.995362199047732,4,1.23640639296238,11.8203196462316,0.537833848193657,3.53908751609778,0.131743524461009,0.40220852477554,0.112143309628684,8.65318148963576
"AAS",0.188360869565217,0.913199637975178,0.911086103915954,0.994953838133502,4,1.23619657474121,11.809828740061,0.537189574778051,3.53691638217208,0.131623383476028,0.402024718362059,0.112042799263324,8.64449811081279
"AAS",0.187670903010033,0.909854584356222,0.910694116734564,0.994525767560428,4,1.23598384928772,11.7991924617264,0.536538294022119,3.53470882057007,0.131501634432759,0.40183756262847,0.111940646694638,8.63570093269952
"AAS",0.18698093645485,0.906509530737265,0.910283797678437,0.994077677618107,4,1.23576816338941,11.7884081490231,0.535879885201783,3.53246422668769,0.131378258399496,0.401646991276987,0.111836828055918,8.62678779762648
"AAS",0.186290969899666,0.903164477118308,0.909854847590186,0.993609241610974,4,1.23554948798994,11.777474391159,0.535214321045082,3.53018162326215,0.131253222811061,0.401452910251011,0.111731293011934,8.61775825767708
"AAS",0.185601003344482,0.899819423499352,0.909406986300254,0.993120153579168,4,1.23532778585268,11.7663892935933,0.534541538171708,3.5278602956069,0.131126507239212,0.40125526374057,0.111623996700755,8.60861107535642
"AAS",0.184911036789298,0.896474369880395,0.908939914034772,0.992610086153895,4,1.23510297170674,11.7551485810015,0.533861278097648,3.52550022511534,0.130998085647336,0.401054038257253,0.111514963024748,8.59934180797223
"AAS",0.184221070234114,0.893129316261438,0.908453332765954,0.99207871387317,4,1.2348750436741,11.7437521652907,0.533173611537547,3.52310018570844,0.130867940418024,0.400849118505926,0.11140411817868,8.58995163446444
"AAS",0.18353110367893,0.889784262642481,0.907946567271666,0.991525299358989,4,1.23464375319584,11.73218766591,0.532477842533836,3.52065772779737,0.130735940717015,0.400640282337505,0.111291354870236,8.58043018877829
"AAS",0.182841137123746,0.886439209023525,0.907420439222471,0.990950739918728,4,1.23440960953409,11.7204804901841,0.531775499351201,3.51817799657623,0.130602369755099,0.400427976995074,0.111176911174319,8.57079862146454
"AAS",0.182151170568562,0.883094155404568,0.906873511566049,0.990353466215836,4,1.23417201628526,11.708600966245,0.531064881199485,3.5156544907649,0.130466893801508,0.400211630525163,0.11106048512001,8.56103274221772
"AAS",0.181461204013378,0.879749101785611,0.906305861682844,0.989733562753822,4,1.23393113352362,11.6965566213396,0.530346472716616,3.51308847237646,0.130329590431321,0.39999135166499,0.110942133514048,8.55113909462238
"AAS",0.180771237458194,0.876404048166655,0.90571716157915,0.989090671346344,4,1.23368688858132,11.6843444530786,0.529620124613728,3.51047935358163,0.130190453804591,0.399767060088453,0.110821835607703,8.54111513325578
"AAS",0.18008127090301,0.873058994547698,0.905107116809285,0.988424470443266,4,1.23343923000831,11.6719614735956,0.528885697335863,3.50782666899586,0.130049431175243,0.399538743616486,0.11069957021752,8.53095825161805
"AAS",0.179391304347826,0.869713940928741,0.904475391061387,0.987734592774386,4,1.23318814973958,11.6594074819744,0.528143262080065,3.50512899334608,0.129906516376369,0.399306231756223,0.110575269052536,8.52066970423875
"AAS",0.178701337792642,0.866368887309785,0.903821686524593,0.987020713114612,4,1.23293355323978,11.6466777021869,0.527392562055857,3.50238603946015,0.129761670577526,0.399069515634609,0.110448915025011,8.51024481063957
"AAS",0.178011371237458,0.863023833690828,0.903145666091165,0.986282463324603,4,1.2326754178417,11.6337708721415,0.526633509673766,3.49959779102254,0.129614874157325,0.398828602431185,0.110320529873667,8.49968228196655
"AAS",0.177321404682274,0.859678780071871,0.902447015045901,0.985519499718843,4,1.23241369158013,11.6206845908117,0.525866094986489,3.4967623243359,0.129466117553752,0.398583267897694,0.110189999534806,8.4889815769364
"AAS",0.17663143812709,0.856333726452915,0.901725415931403,0.984731475617194,4,1.23214834249757,11.607417166577,0.525090233595638,3.49387936887783,0.129315361056365,0.398333508694688,0.11005731667573,8.47814123786914
"AAS",0.175941471571906,0.852988672833958,0.900980536796489,0.983918028511544,4,1.23187933260563,11.5939666187041,0.524305831684771,3.49094848189618,0.129162583013489,0.398079296482646,0.109922465011187,8.46715966004673
"AAS",0.175251505016722,0.849643619215001,0.900212057359981,0.983078808638039,4,1.23160657243719,11.580328620694,0.52351269021833,3.48796884644556,0.129007753373845,0.397820530676159,0.109785415266992,8.45603316791337
"AAS",0.174561538461538,0.846298565596044,0.899419655615552,0.982213464348872,4,1.23133006397251,11.566503153703,0.522710883951624,3.48493929281345,0.128850857281566,0.397557097236086,0.109646096642297,8.44476295610675
"AAS",0.173871571906355,0.842953511977088,0.898602988489312,0.98132162098935,4,1.23104971950321,11.5524859499652,0.521900161537329,3.48185971338956,0.128691863878649,0.39728899235875,0.109504521114623,8.43334468452235
"AAS",0.173181605351171,0.839608458358131,0.897761745599359,0.980402939606149,4,1.23076551724548,11.5382758627104,0.521080529028649,3.47872905188837,0.128530751075144,0.39701610650054,0.10936063418439,8.4217782543253
"AAS",0.172491638795987,0.836263404739174,0.896895597466253,0.979457060390428,4,1.23047742314957,11.5238711728743,0.520251928121572,3.47554662283234,0.128367497108698,0.396738380564246,0.109214399944105,8.41006258583776
"AAS",0.171801672240803,0.832918351120218,0.896004220683728,0.978483630165574,4,1.23018536509978,11.5092682502119,0.51941421522808,3.4723113959468,0.128202073990041,0.396455693213424,0.109065771969396,8.39819495021975
"AAS",0.171111705685619,0.829573297501261,0.895087272826892,0.977482274985635,4,1.22988930500951,11.4944652502312,0.518567287046813,3.46902318706021,0.128034460155516,0.396168041897629,0.108914754693216,8.38617362326278
"AAS",0.170421739130435,0.826228243882304,0.894144447074874,0.976452659786117,4,1.22958920625003,11.4794603020731,0.517711120019397,3.46568078643616,0.127864629017666,0.395875303409611,0.10876128160207,8.37399790671222
"AAS",0.169731772575251,0.822883190263348,0.893175414285291,0.975394425126266,4,1.22928504601069,11.4642523154625,0.516845684848877,3.46228361506369,0.127692568549668,0.395577420278819,0.10860531405473,8.3616672627284
"AAS",0.169041806020067,0.819538136644391,0.892179850428125,0.974307217148295,4,1.22897671594437,11.4488357892959,0.515970690946196,3.45883120399546,0.127518237361513,0.395274339141876,0.10844686358169,8.34917643619317
"AAS",0.168351839464883,0.816193083025434,0.891157438124821,0.973190689258171,4,1.22866425926366,11.4332129607024,0.515086351121025,3.45532233608931,0.127341634764991,0.394965946295543,0.10828584097169,8.33652902738684
"AAS",0.167661872909699,0.812848029406477,0.890107858224559,0.972044492926447,4,1.22834754704544,11.4173773489252,0.514192310796479,3.45175664499216,0.127162715325677,0.394652196075075,0.10812225653441,8.32371865168876
"AAS",0.166971906354515,0.809502975787521,0.889030792647079,0.970868280792786,4,1.22802659492591,11.4013297815354,0.513288686028003,3.44813312392158,0.126981469978744,0.394332994761774,0.107956044522679,8.310747220711
"AAS",0.166281939799331,0.806157922168564,0.887925937278769,0.969661720749166,4,1.22770134531462,11.3850672503945,0.512375312291552,3.44445160773873,0.126797885603572,0.394008318129135,0.107787214010243,8.2976117602944
"AAS",0.165591973244147,0.802812868549607,0.88679297014189,0.968424461178998,4,1.22737177446436,11.3685887067762,0.5114522309047,3.44071059268495,0.126611931746321,0.393678016207854,0.107615678366834,8.28431274024863
"AAS",0.164902006688963,0.799467814930651,0.885631596000737,0.9671561796694,4,1.22703780751916,11.3518903725994,0.510519226212434,3.43691002794287,0.126423586630667,0.393342084146042,0.107441456259856,8.27084627059456
"AAS",0.164212040133779,0.796122761311694,0.884441511949875,0.965856545431739,4,1.226699451247,11.3349725670252,0.509576403630196,3.43304866789264,0.126232835447264,0.3930003959257,0.107264463688429,8.25721397630451
"AAS",0.163522073578595,0.792777707692737,0.883222429211395,0.964525243105384,4,1.22635663492267,11.3178317006992,0.508623575519598,3.42912623333098,0.126039652998434,0.392652931412237,0.10708470369566,8.24341240441889
"AAS",0.162832107023411,0.789432654073781,0.881974040312756,0.963161936914184,4,1.22600933038098,11.3004665451951,0.507660725761267,3.42514191339862,0.125844012453259,0.392299589726064,0.106902157042483,8.22944112397888
"AAS",0.162142140468227,0.786087600454824,0.880696047532557,0.961766301730748,4,1.22565749328999,11.2828746323247,0.506687743338831,3.42109516816606,0.125645939060675,0.391940298844524,0.106716777456778,8.21529807133478
"AAS",0.161452173913043,0.782742546835867,0.879388201797043,0.96033806555346,4,1.22530111001123,11.2650554930164,0.505704700121019,3.41698475792522,0.125445368371612,0.391574966137432,0.10652850224183,8.20098409196823
"AAS",0.16076220735786,0.77939749321691,0.878050217367953,0.958876916341147,4,1.22494015578343,11.2470077606798,0.504711525822035,3.41281053930271,0.125242304977365,0.391203570681664,0.106337327502314,8.18649789426726
"AAS",0.160072240802676,0.776052439597954,0.876681824563242,0.957382559586863,4,1.22457458145588,11.2287290680376,0.503708139816624,3.40857173006203,0.125036726325142,0.390826015141543,0.106143232695921,8.1718378205592
"AAS",0.159382274247492,0.772707385978997,0.875282759409719,0.955854707018029,4,1.22420433964987,11.2102169840374,0.502694406982357,3.40426827049077,0.124828620875025,0.390442280029591,0.105946234398397,8.15700139267511
"AAS",0.158692307692308,0.76936233236004,0.873852777212364,0.954293091414844,4,1.22382944181684,11.1914720611818,0.501670479660685,3.39989853476053,0.124617979029705,0.390052225924152,0.105746210808387,8.141990866555
"AAS",0.158002341137124,0.766017278741084,0.872391626183267,0.952697437811694,4,1.22344983743861,11.1724919130053,0.500636213658175,3.39546265814444,0.124404775734599,0.389655856884767,0.105543194530959,8.12680362629414
"AAS",0.15731237458194,0.762672225122127,0.870899068319261,0.951067486296633,4,1.22306550032079,11.1532749126482,0.499591576560623,3.39095978856642,0.124189019721041,0.389253059056781,0.105337139811848,8.11143883174005
"AAS",0.156622408026756,0.75932717150317,0.869374876534324,0.949402988879807,4,1.22267643001182,11.1338214877104,0.498536658363874,3.38638912529672,0.123970684845801,0.388843774987723,0.105127999830562,8.09589777713594
"AAS",0.155932441471572,0.755982117884214,0.867818839107659,0.947703714350993,4,1.22228258395965,11.114129198887,0.497471327838192,3.38175061853397,0.123749756577149,0.388427976927901,0.104915802176454,8.08017797342336
"AAS",0.155242474916388,0.752637064265257,0.866230741912741,0.945969428872793,4,1.22188396190821,11.094198082351,0.496395632394063,3.3770437104742,0.123526246333024,0.388005607788097,0.104700503466432,8.06428002028793
"AAS",0.154552508361204,0.7492920106463,0.864610381676859,0.944199910460734,4,1.22148051117296,11.0740255561129,0.495309518560659,3.3722671047724,0.123300114213389,0.387576543517679,0.10448203181287,8.04820257759752
"AAS",0.15386254180602,0.745946957027343,0.862957575514941,0.942394959394723,4,1.22107224812678,11.0536124299811,0.494213002762407,3.36742139673774,0.123071382314705,0.387140811509424,0.104260448600634,8.03194586323405
"AAS",0.153172575250836,0.742601903408387,0.861272147069019,0.940554383082603,4,1.22065918414638,11.0329592019167,0.493106187551923,3.36250569147652,0.122840046562672,0.38669833329423,0.104035687946644,8.01551132806516
"AAS",0.152482608695652,0.73925684978943,0.859553923172174,0.938677992417011,4,1.2202412306212,11.0120615125175,0.491988850872899,3.35751960560269,0.122606079249994,0.386249065164744,0.103807740322896,7.99889481800414
"AAS",0.151792642140468,0.735911796170473,0.857802749835165,0.936765619233614,4,1.21981844305351,10.9909221506384,0.490861240185084,3.3524621212138,0.122369483408174,0.385792900127195,0.103576541843157,7.98210030045528
"AAS",0.151102675585284,0.732566742551517,0.856018488236944,0.934817111932543,4,1.21939074610173,10.9695373048592,0.489723130231543,3.34733338737277,0.122130257149409,0.385329809588411,0.103342140387547,7.96512362883249
"AAS",0.1504127090301,0.72922168893256,0.854201005743682,0.932832325670697,4,1.21895823721884,10.947911849112,0.488574801156767,3.3421337484154,0.121888424375947,0.384859868782954,0.103104522617129,7.94796954949851
"AAS",0.149722742474916,0.725876635313603,0.852350175155111,0.930811121538707,4,1.21852083252801,10.9260416477357,0.487416138498756,3.33686145607638,0.121643945461326,0.384382874929778,0.102863604530195,7.93063555042437
"AAS",0.149032775919732,0.722531581694647,0.850465902418163,0.928753396825687,4,1.21807852195497,10.9039260979958,0.486247125748534,3.33151640764818,0.121396843078426,0.383898763285562,0.102619407121273,7.91312108019436
"AAS",0.148342809364548,0.71918652807569,0.848548104536102,0.926659060894847,4,1.21763140629132,10.8815700485623,0.485067975447679,3.32610000606927,0.121147131897789,0.383407757429169,0.102371977620635,7.89542979220777
"AAS",0.147652842809365,0.715841474456733,0.846596654130606,0.924527974642372,4,1.21717933144277,10.8589665734496,0.48387844101451,3.32060988285996,0.120894783382456,0.382909497893565,0.102121235133065,7.87755686702203
"AAS",0.146962876254181,0.712496420837777,0.844611542731218,0.922360128818082,4,1.2167225025826,10.8361251310302,0.482679014105481,3.31504746071732,0.120639852244844,0.382404238622334,0.10186718615771,7.85951072396805
"AAS",0.146272909698997,0.70915136721882,0.842592674264211,0.920155418504423,4,1.21626072741204,10.8130363708281,0.481469273436902,3.3094108562111,0.120382275024527,0.381891688626324,0.101609795092174,7.84128354359755
"AAS",0.145582943143813,0.705806313599863,0.840540036374604,0.917913830209106,4,1.21579417787548,10.789708893452,0.48024964704845,3.3037016303818,0.120122117905225,0.38137205310982,0.101349123350689,7.82288270112016
"AAS",0.144892976588629,0.702461259980906,0.838453610150814,0.915635343279694,4,1.21532279414125,10.766139719615,0.479020055903275,3.29791850838619,0.11985939055453,0.380845125890814,0.10108510697526,7.80430636244507
"AAS",0.144203010033445,0.69911620636195,0.836333342866714,0.913319900136485,4,1.21484652346322,10.7423261766541,0.477780356443629,3.29206146913627,0.119594040687003,0.380310940263539,0.100817770456039,7.78555179597695
"AAS",0.143513043478261,0.695771152742993,0.834179276268385,0.910967546368394,4,1.21436553197614,10.7182765977399,0.476531032614286,3.28613102174964,0.11932614669611,0.379769553108823,0.100547090839622,7.76662716126799
"AAS",0.142823076923077,0.692426099124036,0.831991416876118,0.908578289095919,4,1.21387968081646,10.693984045865,0.475271692689148,3.28012700401275,0.119055693676732,0.379220846376678,0.100273145086479,7.74752535808703
"AAS",0.142133110367893,0.68908104550508,0.829769817710213,0.906152186220009,4,1.21338915313519,10.6694576611268,0.474002923260634,3.27404916925537,0.118782705878156,0.378664896343791,0.0999958283017018,7.72825621222347
"AAS",0.141443143812709,0.685735991886123,0.827514457529817,0.90368921454454,4,1.21289383525128,10.6446917588171,0.472724409936425,3.26789723834739,0.11850717849541,0.378101571004159,0.0997151918632489,7.70881405342115
"AAS",0.140753177257525,0.682390938267166,0.825225462893726,0.901189512278358,4,1.21239384042469,10.6196920187772,0.47143649169772,3.26167159240762,0.118229152956412,0.37753094940318,0.0994312230581334,7.68920441238264
"AAS",0.140063210702341,0.67904588464821,0.822902885876711,0.898653136289846,4,1.21188921347202,10.5944606788607,0.470139326810076,3.25537212105353,0.117948628635042,0.376953015156751,0.0991439022087104,7.66942975994596
"AAS",0.139373244147157,0.675700831029253,0.82054681028677,0.896080178101735,4,1.21137985356262,10.5689926781453,0.468832558994461,3.24899978287929,0.117665640522519,0.376367768064219,0.0988533609428697,7.64948376943834
"AAS",0.138683277591973,0.672355777410296,0.818157359877762,0.893470772859734,4,1.21086592713207,10.5432962177557,0.467516814563711,3.24255291617208,0.117380197088575,0.375775084582274,0.0985594315912145,7.62937675015776
"AAS",0.137993311036789,0.669010723791339,0.815734595652479,0.890824987182095,4,1.21034740706142,10.5173703582719,0.466191880448802,3.23603404626275,0.117092314492846,0.375175244908992,0.0982622797883232,7.6091051114346
"AAS",0.137303344481605,0.665665670172383,0.813278697251152,0.888143017245374,4,1.20982435286803,10.4912176428373,0.464858122982968,3.22944025732981,0.116802027350126,0.374567822298729,0.097961757333561,7.58867448643355
"AAS",0.136613377926421,0.662320616553426,0.810789791083467,0.885425001095584,4,1.20929683718495,10.4648418578088,0.463515447068435,3.22277668928361,0.116509357211965,0.373953507006627,0.0976581144224647,7.56808356212721
"AAS",0.135923411371237,0.658975562934469,0.80826802991413,0.882671105559802,4,1.20876480819295,10.4382404131309,0.462164104312411,3.21603737293482,0.116214317280063,0.373331461991811,0.0973510556394415,7.54733572515529
"AAS",0.135233444816054,0.655630509315513,0.805713580819749,0.879881513094449,4,1.20822837086564,10.4114185421259,0.460803968107302,3.20922926615861,0.115916955391289,0.372702550018846,0.0970409680584801,7.52642930343404
"AAS",0.13454347826087,0.652285455696556,0.803126626909014,0.877056423663827,4,1.20768756558055,10.3843782982448,0.459435562902094,3.20234654813047,0.11561727158023,0.372066048872133,0.0967274869357026,7.50537241402567
"AAS",0.133853511705686,0.648940402077599,0.800507372378636,0.874196060261458,4,1.20714242675467,10.3571213295929,0.458058752907602,3.19539302793915,0.115315307431177,0.371422368588184,0.0964108888043885,7.48416284818523
"AAS",0.133163545150502,0.645595348458643,0.797855983234129,0.871300604174076,4,1.20659309477219,10.3296547369221,0.456674055564069,3.18836756430547,0.1150111108548,0.370771408384015,0.0960910146011362,7.46280918628743
"AAS",0.132473578595318,0.642250294839686,0.795172708707882,0.868370327576528,4,1.20603941674557,10.3019708389596,0.455280847967543,3.18127279330424,0.114704672859132,0.370113357984764,0.095768131366807,7.44130067980939
"AAS",0.131783612040134,0.638905241220729,0.79245776735979,0.865405469147692,4,1.20548154434048,10.2740772140127,0.453879806422975,3.17410564379023,0.114396016545927,0.369447889644148,0.0954419895374825,7.41964840608744
"AAS",0.12764381270903,0.618834919506989,0.775517049771125,0.846905316513235,4,1.20204986144832,10.1024930757161,0.445315791497532,3.12965928145769,0.112499875172628,0.365306865973465,0.0934212006372904,7.28682614800807
"AAS",0.126263879598662,0.612144812269076,0.76962866996196,0.840474896746832,4,1.20087506899761,10.0437534500171,0.442404599845239,3.11430282468335,0.111851738417765,0.363870426549894,0.0927237009462555,7.24150102642018
"AAS",0.125573913043478,0.608799758650119,0.766640529936048,0.83721169102469,4,1.20028206005727,10.0141030031724,0.440939020618144,3.10652293477253,0.111524775996111,0.363141468786884,0.0923704935506347,7.21865100667995
"AAS",0.124883946488294,0.605454705031162,0.763623502952471,0.833916939228828,4,1.1996856364519,9.98428181503623,0.439467303711947,3.09868283678026,0.111196005250095,0.362406350593281,0.0920146503872986,7.19568530966994
"AAS",0.12419397993311,0.602109651412206,0.760577908974581,0.830590990776016,4,1.19908538574088,9.9542692908433,0.43798837124552,3.09077989034824,0.110865358011961,0.361664556303022,0.0916561512500845,7.17258509251136
"AAS",0.123504013377926,0.598764597793249,0.757504081445126,0.827234209803234,4,1.19848177904527,9.92408896890551,0.436503983356464,3.08280933206051,0.110532910898862,0.360915585823309,0.091294655706864,7.14937986591768
"AAS",0.122814046822742,0.595419544174292,0.754402329432355,0.823846933829228,4,1.1978746557593,9.89373278729682,0.435013507180788,3.07477333920443,0.110198706969231,0.360159553378888,0.0909302982035666,7.12605890013895
"AAS",0.122124080267559,0.592074490555335,0.751273012409664,0.820429555417813,4,1.19726434050479,9.86321703454225,0.433517510623261,3.06667872547464,0.109862800006702,0.359397448150446,0.0905633874336639,7.10263227061191
"AAS",0.121434113712375,0.588729436936379,0.748116465013672,0.816982440009737,4,1.19665072024977,9.83253601288999,0.43201577787912,3.05852350079832,0.109525224804818,0.358628863662428,0.0901938932018864,7.07909599633691
"AAS",0.102805016722408,0.498412989224548,0.653890520126574,0.714082763333489,4,1.17904587675759,8.95229383773587,0.389822353109605,2.81763179062279,0.0998972932526517,0.335575611175787,0.0793600813373699,6.41094336206189
"AAS",0.0896956521739131,0.434856970464371,0.57951003228681,0.632855367217653,4,1.165817402536,8.29087014206555,0.359036896189202,2.62868270357468,0.0927286471871142,0.317023276514194,0.0710078473915335,5.91703749299388
"AAS",0.0883157190635452,0.428166863226457,0.571394006610899,0.623992241260698,4,1.16439831736805,8.21991586924977,0.355775817666235,2.60800006818065,0.0919626722249938,0.314965756019693,0.0701028811330158,5.86447742847784
"AAS",0.0862458193979933,0.418131702369587,0.559132645638613,0.610602191618099,4,1.16225679660428,8.11283982941164,0.350863883212506,2.57672603683999,0.0908091046136612,0.311843631094974,0.0687402375215703,5.78522253655461
"AAS",0.0855558528428094,0.41478664875063,0.555023117670172,0.606114371413682,4,1.1615431186795,8.07715593352713,0.349230735238986,2.56625957951601,0.090424333346153,0.31079713239327,0.0682850665301752,5.75885608297703
"AAS",0.0848658862876254,0.411441595131674,0.550902743448962,0.601614706532045,4,1.1608215900957,8.04107958861088,0.347577539780475,2.55573218062714,0.0900374745471029,0.309740210389649,0.0678301854663014,5.73214230619899
"AAS",0.0841759197324415,0.408096541512717,0.546771731352056,0.597103424531884,4,1.1601039397987,8.00519699086949,0.345932409205226,2.54527575217806,0.0896514854429498,0.308694405307847,0.0673775008863645,5.70555850516909
"AAS",0.0814160535117057,0.39471632703689,0.530145332373429,0.578946524314635,4,1.15720857801973,7.86042889496886,0.339313601335286,2.50291276136709,0.0881003949151615,0.304431100951585,0.0655534632509249,5.59848273895813
"AAS",0.0807260869565218,0.391371273417934,0.525964117328164,0.574380418060278,4,1.1564865286151,7.82432643206993,0.337669669162735,2.49225843795532,0.0877126797863735,0.303357622347731,0.0650944098500799,5.57187327403723
"AAS",0.0800361204013378,0.388026219798977,0.521773430389883,0.569803968001675,4,1.15575720501876,7.78786025427705,0.335994161773909,2.48175274586237,0.0873238664612782,0.302301103103228,0.0646460739147648,5.54473089750313
"AAS",0.0765862876254181,0.371300951704193,0.500684137253894,0.546773353157494,4,1.15212013253259,7.60600662520067,0.327764880271477,2.42745317960381,0.085374615501432,0.296782514946824,0.0623237569750547,5.41134192256903
"AAS",0.0758963210702341,0.367955898085237,0.496440289772491,0.542138848996002,4,1.15133680948915,7.56684047471211,0.325916388730804,2.41706421903773,0.0849739754681416,0.295727407199918,0.0619006519564788,5.38125771941395
"AAS",0.0717565217391304,0.347885576371497,0.470808789290589,0.514147905360733,4,1.14698101443096,7.34905060278598,0.316167548943059,2.35059521602905,0.0826278512497295,0.288922940562296,0.0590727687697051,5.22300157652001
"AAS",0.0683066889632107,0.331160308276713,0.449244429420407,0.490598492711904,4,1.14323226980052,7.16161349312768,0.307686366294504,2.29515835133365,0.0806439350618624,0.28321120745172,0.0567662785122238,5.08495856927585
"AAS",0.0676167224080268,0.327815254657756,0.444910823585282,0.485865967717743,4,1.14246793268344,7.12339663508853,0.305980979198113,2.28350812300284,0.0802432950931064,0.281983300294591,0.0562884921900379,5.05716501676724
"AAS",0.051747491638796,0.250879021421752,0.343633749240462,0.375266087639223,4,1.12489056327688,6.24452820025331,0.266894170610758,2.01492467080941,0.0709447585296072,0.253641759993965,0.045446147845567,4.41880341020866
"AAS",0.0510575250836121,0.247533967802796,0.339170092373987,0.370391540093913,4,1.1238369605009,6.19184805884562,0.264245608291331,2.00401955761236,0.0704648642580924,0.252459470326342,0.0451116615815202,4.37514337002276
"AAS",0.2063,1.00017103206805,0.915706890501152,0.999999979577628,4,1.24082230606003,12.0411153030075,0.551915990822425,3.58310438759143,0.134287044974489,0.405863980911318,0.114192846669631,8.83766067430252
"AAS",0.2083,1.00986730964506,0.915656115220221,0.999944530306228,4,1.24124531651168,12.062265825982,0.553328135942692,3.5871278449124,0.134532477974132,0.406189491367397,0.11438178750229,8.85553081977176
"AAS",0.2103,1.01956358722206,0.915510328588982,0.999785323654216,4,1.24165263027121,12.082631485913,0.554700705401174,3.59096445952437,0.134769152898613,0.406498113038405,0.114562301487175,8.87277642187313
"AAS",0.2123,1.02925986479907,0.915273900423599,0.999527131690164,4,1.2420449336056,12.1022466717418,0.556035267389765,3.59462336718827,0.134997449807137,0.406790684699408,0.114734815330033,8.88942386329159
"AAS",0.2143,1.03895614237607,0.914950986905617,0.999174493182431,4,1.24242288859116,12.1211444118477,0.557333339654321,3.59811322549877,0.135217731889551,0.407068026594103,0.114899711080007,8.90549860492734
"AAS",0.2163,1.04865241995308,0.914545537261885,0.998731720893986,4,1.24278710724448,12.1393553731754,0.558596315891061,3.60144243914307,0.135430334621612,0.407330921358887,0.115057377574028,8.92102391975167
"AAS",0.2183,1.05834869753008,0.9140613047951,0.998202913628344,4,1.24313821104407,12.1569105277848,0.559825656981991,3.60461854840956,0.135635601266716,0.407580061349343,0.115208146838987,8.93602427079088
"AAS",0.2203,1.06804497510709,0.913501852578488,0.997591962448452,4,1.24347675419585,12.1738376430191,0.561022661878308,3.60764878716092,0.13583383240498,0.407816118716335,0.115352346430218,8.95052111787859
"AAS",0.2223,1.07774125268409,0.912870563008249,0.996902561108465,4,1.24380328562549,12.1901643637572,0.562188595221866,3.61054050707629,0.136025344615704,0.408039774718259,0.115490309338108,8.96453565610388
"AAS",0.2243,1.0874375302611,0.91217065184459,0.996138221387288,4,1.24411832538234,12.205916316507,0.563324673105641,3.61330017089113,0.136210411611376,0.408251625006222,0.115622335422784,8.97808790968378
"AAS",0.2263,1.0971338078381,0.911405161936309,0.995302266235495,4,1.24442235966476,12.221118040512,0.564432066124389,3.61593389731623,0.136389302451763,0.408452245208549,0.115748685731718,8.99119712442047
"AAS",0.2283,1.10683008541511,0.910576991537308,0.99439786069844,4,1.24471585822326,12.2357929526591,0.565511874471385,3.61844768556177,0.136562278579745,0.408642178119241,0.1158696402058,9.00388148963441
"AAS",0.2303,1.11652636299211,0.909688887823927,0.993428004836858,4,1.24499926525616,12.2499632803301,0.566565158004049,3.62084710340247,0.13672958871106,0.408821933091926,0.115985448266528,9.01615840786489
"AAS",0.2323,1.12622264056912,0.908743454509934,0.992395542042822,4,1.24527300141665,12.2636500924199,0.567592926207812,3.62313745038885,0.136891458995046,0.408992011097427,0.116096346757426,9.02804435964473
"AAS",0.2343,1.13591891814612,0.907743174163658,0.99130318341123,4,1.24553748401365,12.2768738108165,0.568596155763293,3.62532377384642,0.137048123870943,0.409152860948067,0.116202562898396,9.03955539320015
"AAS",0.2363,1.14561519572313,0.906690385508875,0.990153482951177,4,1.24579304170628,12.2896520499056,0.569575708654711,3.62741052329014,0.137199782992332,0.409304881277386,0.116304297514144,9.05070525867184
"AAS",0.2383,1.15531147330013,0.905587326558609,0.988948884690334,4,1.24604010031856,12.3020051678799,0.570532546539415,3.62940268992562,0.137346630379306,0.409448575106394,0.116401776532229,9.06151003769971
"AAS",0.2403,1.16500775087714,0.90443611854757,0.987691705128325,4,1.2462789974115,12.3139498585005,0.571467480699778,3.63130442312158,0.137488892127952,0.409584270472892,0.116495193723824,9.07198279064587
"AAS",0.2423,1.17470402845414,0.903238772792852,0.986384140728968,4,1.24651004022275,12.3255019964551,0.57238132332164,3.63311925693601,0.137626716959962,0.409712314528743,0.116584684206699,9.08213643090018
"AAS",0.2443,1.18440030603114,0.901997202950903,0.98502828130553,4,1.24673356179073,12.3366781069405,0.573274833584701,3.6348516423009,0.137760297706906,0.409833112203832,0.116670471253722,9.09198356759414
"AAS",0.2463,1.19409658360815,0.900713227210676,0.983626112415764,4,1.24694982863015,12.3474915276758,0.574148697266726,3.63650476460843,0.137889784156812,0.409946942295092,0.116752688330547,9.10153480139825
"AAS",0.2483,1.20379286118515,0.899388574236197,0.982179521851504,4,1.24715915768568,12.3579579928809,0.57500366853407,3.63808236997027,0.138015349718792,0.410054157906616,0.116831510126583,9.11080265413867
"AAS",0.2503,1.21348913876216,0.898024889599539,0.980690306663812,4,1.24736180328542,12.3680902707918,0.57584039594763,3.63958746203613,0.138137135735925,0.410155025862635,0.116907060790051,9.11979732181854
"AAS",0.2523,1.22318541633916,0.896623736687644,0.979160174153273,4,1.24755803283745,12.3779016370333,0.576659526629551,3.64102328829459,0.138255292935624,0.410249840435569,0.116979494954266,9.12852928051701
"AAS",0.2543,1.23288169391617,0.895186606058792,0.977590752087753,4,1.247748058018,12.3874030163996,0.577461571885102,3.64239310353678,0.138369951162988,0.410338898260785,0.117048971124735,9.13700654114637
"AAS",0.2563,1.24257797149317,0.893714909671677,0.97598358240024,4,1.24793216932475,12.396608453651,0.578247300134351,3.64369897523593,0.138481244565703,0.410422386601612,0.117115551635249,9.1452416101477
"AAS",0.2583,1.25227424907018,0.892210002112596,0.974340144370061,4,1.24811057887099,12.4055289321598,0.579017254032771,3.64494357792951,0.138589296323256,0.410500547583872,0.11717935963529,9.15324316551365
"AAS",0.2603,1.26197052664718,0.890673167553925,0.97266184038084,4,1.2482834602401,12.4141730269598,0.579771809340658,3.64613007069162,0.138694225091082,0.410573662177915,0.117240562822427,9.16101686275136
"AAS",0.2623,1.27166680422419,0.889105630073798,0.970950007190138,4,1.24845103827636,12.422551981773,0.580511555881194,3.64726057507561,0.138796145995379,0.410641926455053,0.11729924249171,9.16857223162172
"AAS",0.2643,1.28136308180119,0.887508558664766,0.969205921399168,4,1.24861350697035,12.4306753945414,0.581236981387657,3.64833733771945,0.138895161352222,0.410705547128375,0.117355498211377,9.17591695036149
"AAS",0.2663,1.2910593593782,0.885883068672178,0.967430801023585,4,1.24877102915774,12.4385514200354,0.58194846363806,3.64936292516272,0.138991380847132,0.410764745626435,0.117409463796187,9.18305685120369
"AAS",0.2683,1.3007556369552,0.88423021803855,0.965625801392132,4,1.24892384909092,12.4461924732884,0.582646737081307,3.65033815039826,0.139084901161236,0.410819600122866,0.117461126475852,9.19000404849319
"AAS",0.2703,1.31045191453221,0.88255102416748,0.963792033562932,4,1.24907206722437,12.4536033904509,0.583331945031507,3.65126621797752,0.139175816709864,0.410870396138808,0.117510677291366,9.19676024898058
"AAS",0.2723,1.32014819210921,0.880846454634753,0.961930554179521,4,1.24921586627604,12.4607933534689,0.584004588737006,3.65214860471411,0.139264218030412,0.41091726642351,0.117558168580763,9.20333349903758
"AAS",0.2743,1.32984446968622,0.879117433650486,0.960042372527847,4,1.24935540148588,12.4677700071646,0.584665047018402,3.65298725326822,0.139350190347185,0.410960392053229,0.117603689921971,9.20972975545689
"AAS",0.2763,1.33954074726322,0.877364843419671,0.958128452022058,4,1.24949080889937,12.4745404383305,0.585313712902379,3.6537834903295,0.139433816100665,0.410999874414732,0.117647292142848,9.21595502410904
"AAS",0.2783,1.34923702484023,0.875589529906782,0.956189716499753,4,1.24962225439794,12.4811128289948,0.58595099486759,3.65453908549224,0.139515176661005,0.411035892623062,0.117689057387584,9.22201600961396
"AAS",0.2803,1.35893330241723,0.873792300352267,0.954227047509868,4,1.24974986062012,12.48749313481,0.586577197129269,3.65525563845652,0.139594345558171,0.411068578892598,0.11772905698556,9.22791725882034
"AAS",0.2823,1.36862957999424,0.87197392792617,0.952241289394663,4,1.2498737689288,12.4936883519381,0.58719269999392,3.65593440594313,0.139671396172106,0.411098046513934,0.117767341879995,9.2336647628278
"AAS",0.2843,1.37832585757124,0.870135146427418,0.950233243501077,4,1.24999406098626,12.499703108221,0.587797691065118,3.65657741008029,0.139746397872709,0.411124472416621,0.117804028575019,9.23926124499166
"AAS",0.2863,1.38802213514825,0.868276668037411,0.948203687568571,4,1.25011089922333,12.5055450290073,0.588392624605406,3.65718531116905,0.139819416105734,0.411147919492984,0.117839117742977,9.24471397582661
"AAS",0.2883,1.39771841272525,0.86639916800102,0.946153358999983,4,1.25022437918004,12.5112189707179,0.58897774200182,3.65775955526036,0.139890515094268,0.411168507555871,0.117872686758444,9.25002651463532
"AAS",0.2903,1.40741469030226,0.864503297283011,0.944082968682997,4,1.25033461487943,12.5167308134054,0.58955332802636,3.65830160108922,0.139959754722094,0.41118639485007,0.117904789449409,9.25520348667312
"AAS",0.2923,1.41711096787926,0.862589672590559,0.941993190094213,4,1.25044170755892,12.5220853590624,0.59011962758271,3.65881272456254,0.140027203581279,0.411201659366272,0.117935507931027,9.26024856273029
"AAS",0.2943,1.42680724545627,0.860658894628097,0.939884679234396,4,1.25054575502821,12.5272877211781,0.590676969842077,3.65929335461089,0.140092897980462,0.411214355975059,0.117964829404327,9.26516663940023
"AAS",0.2963,1.43650352303327,0.858711535075148,0.937758060407586,4,1.2506468527078,12.5323425013309,0.591225492706895,3.65974575528234,0.140156917062258,0.411224685551425,0.117992894800079,9.26996016134326
"AAS",0.2983,1.44619980061028,0.856748130264785,0.935613919317645,4,1.25074511937367,12.5372559720166,0.591765667009234,3.66016929900162,0.140219291527707,0.411232587194948,0.118019622970839,9.27463632426881
"AAS",0.3003,1.45589607818728,0.85476922088396,0.933452846423099,4,1.25084062563367,12.5420312257087,0.592297557068264,3.66056616043582,0.140280083654431,0.411238258218356,0.118045148842298,9.27919609182368
"AAS",0.3023,1.46559235576429,0.852775304159534,0.931275384721774,4,1.25093340868482,12.5466706359468,0.592821299711354,3.6609372400203,0.140339334572555,0.411241769073676,0.118069516077598,9.28364099778556
"AAS",0.3043,1.47528863334129,0.850766867637394,0.929082066639365,4,1.25102364642111,12.5511823256027,0.593337351231241,3.66128299942099,0.140397096094813,0.411243180669147,0.118092718771013,9.28797904958049
"AAS",0.3063,1.4849849109183,0.848744377797558,0.926873401596531,4,1.25111133224688,12.5555664920625,0.59384570562845,3.66160467085343,0.14045340655473,0.41124257561113,0.118114845630419,9.29220915831706
"AAS",0.3083,1.4946811884953,0.846708278552911,0.92464987436944,4,1.25119658495279,12.5598291022183,0.594346696042473,3.66190278316505,0.14050831342027,0.411240015959953,0.11813589171412,9.29633700401333
"AAS",0.3103,1.50437746607231,0.844658999825722,0.922411954455769,4,1.25127948436266,12.5639742310876,0.594840546552341,3.66217802855346,0.140561859844937,0.411235561961208,0.118155885667228,9.30036611631552
"AAS",0.3123,1.51407374364931,0.842596957889235,0.920160096447748,4,1.25136004685619,12.5680023134119,0.595327259237896,3.66243167014477,0.140614073497289,0.411229318668849,0.118174912402496,9.30429563594027
"AAS",0.3143,1.52377002122632,0.840522550848122,0.91789473509657,4,1.25143841115357,12.5719203016724,0.595807205321188,3.66266419683176,0.140665004625347,0.411221339531203,0.1181929737705,9.30813231225215
"AAS",0.3163,1.53346629880332,0.838436159594503,0.915616286356419,4,1.25151456320899,12.5757284533597,0.596280418397712,3.6628762424003,0.140714682773889,0.411211665241442,0.118210109380695,9.31187573965453
"AAS",0.3203,1.55285885395733,0.834228875656593,0.911021711503231,4,1.25166069494712,12.5830347382198,0.597207682880289,3.66324152994896,0.14081043819026,0.411187490874665,0.118241679160203,9.31910047836815
"AAS",0.3223,1.56255513153434,0.83210868534226,0.908706352415048,4,1.25173074517637,12.5865372568377,0.597661971055898,3.66339611720296,0.140856572760097,0.411173115422683,0.118256184369859,9.32258496202898
"AAS",0.3243,1.57225140911134,0.829977905026593,0.906379428489657,4,1.2517988530672,12.5899425735263,0.598110201424319,3.66353286730757,0.140901599000857,0.411157273351454,0.118269870138121,9.32598662310347
"AAS",0.3263,1.58194768668834,0.827836850356595,0.904041284430153,4,1.25186507576213,12.5932541900169,0.598552586364182,3.66365205019775,0.140945534527171,0.411139989734944,0.118282763642215,9.32930885002591
"AAS",0.3283,1.59164396426535,0.825685822568539,0.901692249202353,4,1.25192949829895,12.5964748807435,0.598989252186343,3.66375460300525,0.140988415463577,0.411121368295279,0.118294888461495,9.33255356420157
"AAS",0.3303,1.60134024184235,0.823525123679191,0.899332652624415,4,1.25199213995478,12.5996068992077,0.599420323809602,3.6638409321048,0.14103026865155,0.411101429797826,0.118306272559307,9.33572268511313
"AAS",0.3323,1.61103651941936,0.82135503460882,0.896962801476013,4,1.25205305429094,12.6026526427147,0.5998459316427,3.6639116001376,0.141071124409815,0.411080223601658,0.11831694140064,9.33881813189752
"AAS",0.3343,1.62073279699636,0.819175829339407,0.894582994959853,4,1.25211226901713,12.6056134718684,0.600266169873925,3.66396700472845,0.141111000893539,0.411057782811739,0.118326916193498,9.34184090779373
"AAS",0.3363,1.63042907457337,0.816987772016815,0.892193521537075,4,1.25216987172768,12.6084935516288,0.600681259886889,3.66400752445492,0.14114993218641,0.411034145416962,0.118336196372611,9.34479496780424
"AAS",0.3383,1.64012535215037,0.814791118777369,0.889794660921989,4,1.25222591093687,12.611295546737,0.60109132647537,3.66403379171283,0.141187947834323,0.411009371688236,0.118344818923212,9.34768243619944
"AAS",0.3403,1.64982162972738,0.812585562921205,0.88738607818225,4,1.25228040802247,12.6140204010227,0.601496584110704,3.66404539567054,0.14122506087189,0.410983394755749,0.118352751952807,9.35050471022589
"AAS",0.3423,1.65951790730438,0.810372999695826,0.884969843027591,4,1.25233330317661,12.6166651417717,0.601896496160494,3.66404502781955,0.1412612872361,0.410956494048435,0.118360179045831,9.35325590147801
"AAS",0.3443,1.66921418488139,0.808152001220277,0.882544396137074,4,1.25238479569418,12.6192398010294,0.602291961321414,3.66403082944123,0.14129666654395,0.410928473245767,0.118366950399069,9.35594840924426
"AAS",0.3463,1.67891046245839,0.805923343649047,0.880110585112134,4,1.25243483766387,12.6217419393369,0.602682754455812,3.66400386491021,0.141331211410182,0.410899432267869,0.118373123453169,9.35857857095796
"AAS",0.3483,1.6886067400354,0.803687241694209,0.877668644429621,4,1.25248350180687,12.6241751054286,0.603069031687456,3.66396479757824,0.141364949805308,0.410869439767681,0.118378743690618,9.36114940749252
"AAS",0.3503,1.6983030176124,0.801443903088236,0.875218800944299,4,1.2525308223548,12.6265409174507,0.603450895756679,3.66391389172079,0.141397893855661,0.410838516749717,0.118383816652457,9.36366233792802
"AAS",0.3523,1.70799929518941,0.799193524772503,0.872761269726484,4,1.25257680236309,12.6288401183439,0.603828408472987,3.6638513486328,0.141430065493656,0.410806670799781,0.118388351390953,9.36611791502186
"AAS",0.3543,1.71769557276641,0.7969363053669,0.870296267679519,4,1.25262148293012,12.6310741385687,0.604201655608257,3.66377753700582,0.141461485394795,0.410773929848024,0.118392366678574,9.36851724664017
"AAS",0.3563,1.72739185034342,0.794672431191264,0.867823998274445,4,1.25266491868249,12.6332459490772,0.60457077662861,3.66369290233712,0.141492172637659,0.410740346145582,0.118395879388795,9.37086297686974
"AAS",0.3583,1.73708812792042,0.79240208486727,0.865344660943713,4,1.25270712937988,12.6353564887219,0.604935825623897,3.66359782902121,0.141522145999285,0.410705947997454,0.1183989109038,9.3731556815361
"AAS",0.3603,1.74678440549743,0.790125442404014,0.862858447898493,4,1.2527481445761,12.637407115292,0.605296919996165,3.66349223213336,0.141551418251368,0.410670720439068,0.118401447768991,9.37539686103614
"AAS",0.3623,1.75648068307443,0.787842670572479,0.860365541261451,4,1.25278798639819,12.6393993693989,0.605654097802761,3.66337688979893,0.141580006880322,0.410634740249422,0.118403539338442,9.37758732233209
"AAS",0.3643,1.76617696065144,0.785553939449834,0.85786612676578,4,1.25282668230078,12.6413341213147,0.606007439360721,3.66325187408474,0.141607929304626,0.410598007546929,0.118405181191955,9.37972788882004
"AAS",0.3663,1.77587323822844,0.783259404335981,0.855360374007125,4,1.25286429162446,12.6432149716763,0.606357138555011,3.66311723125604,0.141635203805362,0.410560528231954,0.118406366909766,9.3818222776634
"AAS",0.3683,1.78556951580545,0.780959227086549,0.852848459740325,4,1.25290080589418,12.6450401233563,0.606703085735156,3.66297384825899,0.141661843433032,0.41052238389925,0.118407153164683,9.3838676810101
"AAS",0.3703,1.79526579338245,0.778653554191789,0.850330543940422,4,1.25293628376096,12.6468138794438,0.607045556099095,3.66282115018969,0.141687861496343,0.410483517041139,0.118407491457445,9.38586919502625
"AAS",0.3723,1.80496207095946,0.776342526777743,0.84780678072446,4,1.25297070984696,12.6485352382068,0.607384472007373,3.66265993358611,0.141713273633267,0.41044399381332,0.118407437605311,9.38782493757384
"AAS",0.3743,1.81465834853646,0.774026286394338,0.845277324672389,4,1.2530041075791,12.6502053797267,0.607719902490347,3.66249043752402,0.141738092165978,0.410403835920395,0.118407001855618,9.38973589197345
"AAS",0.3763,1.82435462611347,0.77170497733578,0.842742333361053,4,1.25303655985402,12.6518279933715,0.608052048733573,3.66231269005107,0.141762336802096,0.410363061717037,0.118406164827579,9.39160588540114
"AAS",0.3783,1.83405090369047,0.769378726486865,0.840201945355307,4,1.25306801518866,12.6534007351423,0.608380822797748,3.66212692845459,0.141786005913839,0.410321655387239,0.118404969468161,9.39343221672911
"AAS",0.3803,1.84374718126748,0.767047665547943,0.837656304478846,4,1.25309857830029,12.6549287673307,0.608706435552227,3.66193367064363,0.141809137525685,0.410279708029704,0.118403407315729,9.3952197400016
"AAS",0.3823,1.85344345884448,0.764711916023303,0.835105543420731,4,1.25312816999773,12.6564085817526,0.609028775917981,3.66173283456261,0.141831715811208,0.410237164058588,0.118401504792257,9.39696487045146
"AAS",0.3843,1.86313973642149,0.762371600464875,0.832549796014099,4,1.25315689443829,12.6578447236084,0.609348035117532,3.66152491417163,0.14185377380857,0.41019410890152,0.118399262582939,9.39867184643059
"AAS",0.3863,1.87283601399849,0.760026838886786,0.829989193320676,4,1.25318474697668,12.659237230772,0.60966425979558,3.66130976292891,0.141875314782205,0.410150503765319,0.118396676862399,9.40034085335986
"AAS",0.3883,1.8825322915755,0.75767774115124,0.827423855315753,4,1.25321173462661,12.6605867300277,0.609977480418718,3.66108767970569,0.141896348490434,0.410106381168452,0.118393762200746,9.40197223497609
"AAS",0.3923,1.90192484672951,0.752966986292255,0.822279463795228,4,1.25326322146728,12.6631610746044,0.610595172445112,3.66062337919486,0.141936939680914,0.410016629877379,0.118386978112994,9.40512599196462
"AAS",0.3943,1.91162112430651,0.750605541421655,0.819700642070865,4,1.25328776454052,12.6643881665254,0.610899744505112,3.66038176161099,0.141956529169144,0.409971056254127,0.118383139771533,9.40665008543102
"AAS",0.3963,1.92131740188352,0.74824018682201,0.817117550717207,4,1.2533115213142,12.665576065373,0.611201531965582,3.66013396423913,0.141975651415281,0.409925025516495,0.118379011869111,9.4081397523147
"AAS",0.3983,1.93101367946052,0.74587102327807,0.81453029979649,4,1.25333450299161,12.6667255153446,0.611500589060297,3.65988004946855,0.14199431598736,0.409878554035364,0.118374581589913,9.40959570324137
"AAS",0.4003,1.94070995703752,0.743498144741616,0.811938991908989,4,1.25335675314334,12.6678376986883,0.611796973506578,3.6596203342128,0.142012538602625,0.409831654831521,0.118369880297527,9.41101884001619
"AAS",0.4023,1.95040623461453,0.741121647387424,0.809343732082608,4,1.25337827194958,12.6689135108234,0.612090732405624,3.65935492003995,0.142030336170972,0.409784337734726,0.118364903948917,9.41240998494951
"AAS",0.4043,1.96010251219153,0.738741616552002,0.80674461350929,4,1.25339906520785,12.6699532958843,0.6123819003426,3.65908393041009,0.142047695683394,0.409736621857758,0.118359666761666,9.41376938374389
"AAS",0.4063,1.96979878976854,0.736358148922359,0.804141741776325,4,1.25341913758271,12.6709569448753,0.61267045032241,3.65880784628008,0.142064649229826,0.409688533224857,0.11835419324346,9.41509640054619
"AAS",0.4083,1.97949506734554,0.733971326715986,0.801535206669527,4,1.25343857036409,12.6719289810765,0.612956674536464,3.65852591933549,0.142081191798177,0.409640026045347,0.118348416881823,9.41639655709221
"AAS",0.4103,1.98919134492255,0.73158122695495,0.798925092301034,4,1.25345732360278,12.67286612327,0.613240371915496,3.65823916225424,0.142097334687796,0.409591171702455,0.118342422525172,9.41766535971691
"AAS",0.4123,1.99888762249955,0.729187938523265,0.796311495736856,4,1.25347540916062,12.6737704432507,0.613521654620624,3.65794744001209,0.142113089325631,0.409541972054921,0.11833618487856,9.41890511314137
"AAS",0.4143,2.00858390007656,0.72679154506457,0.793694508320235,4,1.25349285545934,12.6746427670112,0.613800586352174,3.65765075505409,0.142128456683726,0.409492408667209,0.118329706195879,9.42011668118989
"AAS",0.4163,2.01828017765356,0.724392113320203,0.791074202936215,4,1.25350966314507,12.6754836536976,0.614077183469703,3.65734939974293,0.142143451328161,0.409442520650777,0.118323004347241,9.42130033666914
"AAS",0.4183,2.02797645523057,0.721989715811442,0.788450658781836,4,1.25352586650622,12.6762938022088,0.614351506560419,3.65704340272166,0.142158077471908,0.409392306234101,0.118316075795679,9.42245678252198
"AAS",0.4203,2.03767273280757,0.719584435896107,0.785823966888214,4,1.25354147550365,12.6770737655504,0.614623584276461,3.65673292627564,0.142172346168612,0.409341774328303,0.118308932124077,9.42358642263766
"AAS",0.4223,2.04736901038458,0.717176335157155,0.783194194507168,4,1.25355648348892,12.6778241770207,0.614893445633738,3.65641809684815,0.142186259690932,0.409290945844257,0.118301572558063,9.42468979173105
"AAS",0.4243,2.05706528796158,0.714765503800151,0.78056144014791,4,1.25357089893581,12.678544962554,0.615161093960672,3.65609909803432,0.14219982771528,0.40923981808202,0.118294021451488,9.42576661160899
"AAS",0.4263,2.06676156553859,0.712351984168286,0.777925750051428,4,1.25358477600831,12.6792392119799,0.615426713388755,3.65577559638059,0.142213057420331,0.409188381978697,0.118286234930562,9.42682046714783
"AAS",0.4283,2.07645784311559,0.709935846969336,0.775287201434321,4,1.2535980956346,12.6799047849847,0.61569017869447,3.65544826937933,0.142225955311324,0.409136687096769,0.118278264907664,9.42784840800765
"AAS",0.4303,2.0861541206926,0.707517170661186,0.772645879976719,4,1.25361086645336,12.6805433118457,0.615951580413338,3.65511697632086,0.142238528904922,0.409084716726283,0.118270104567326,9.42885228451474
"AAS",0.4323,2.0958503982696,0.70509599681453,0.770001831076,4,1.25362310044667,12.6811550319798,0.61621094836454,3.65478178569158,0.142250776892227,0.409032490896142,0.118261741472542,9.42983227952162
"AAS",0.4343,2.10554667584661,0.702672411898472,0.767355149160965,4,1.25363481324358,12.6817406290869,0.616468295191165,3.65444303262435,0.142262718040232,0.408980012865948,0.118253223736494,9.43078874926575
"AAS",0.4363,2.11524295342361,0.700246451510439,0.764705873105871,4,1.25364601649256,12.6823008243248,0.616723707335963,3.65410037129441,0.142274345610639,0.408927275636864,0.118244496130977,9.4317228136917
"AAS",0.4383,2.12493923100062,0.697818180742554,0.762054073994733,4,1.25365672121914,12.6828360687151,0.616977178705745,3.6537542309649,0.1422856761845,0.408874298742866,0.11823560533159,9.43263449063133
"AAS",0.4403,2.13463550857762,0.695387661817499,0.759399819777985,4,1.25366693820847,12.6833469153382,0.617228754728635,3.6534045816315,0.142296709842491,0.408821095043756,0.118226534284561,9.43352439065188
"AAS",0.4423,2.14433178615463,0.692954342192482,0.756742507049901,4,1.25367669102141,12.6838345023142,0.617478556177828,3.65305135426004,0.142307457898826,0.408767646331868,0.118217282440413,9.43439377355871
"AAS",0.4443,2.15402806373163,0.690520096204118,0.754084182684428,4,1.25368593598167,12.6842967807323,0.617726329113307,3.6526949654067,0.142317909994664,0.408713986162773,0.118207879565288,9.43524006335878
"AAS",0.4463,2.16372434130864,0.68808314626486,0.751422905462679,4,1.25369475548658,12.6847375131605,0.617972361196584,3.65233575619147,0.142328094577115,0.40866017870157,0.118198332054275,9.43606684362522
"AAS",0.4483,2.17342061888564,0.685643539718943,0.748758727087043,4,1.25370312105984,12.6851560381855,0.618216733739393,3.65197273792444,0.142337999669566,0.408606089064767,0.11818858563994,9.43687444188179
"AAS",0.4503,2.18311689646265,0.683203170700927,0.74609371605186,4,1.25371100301393,12.6855498628068,0.61845912639464,3.65160690833659,0.142347634507266,0.408551809468279,0.118178706757788,9.43765920267023
"AAS",0.4523,2.19281317403965,0.680760245881744,0.743425913947679,4,1.25371847474286,12.6859237349214,0.618699873064731,3.65123840172605,0.142357008244904,0.408497391311952,0.118168699170991,9.43842597691825
"AAS",0.4543,2.20250945161666,0.678315429366055,0.740756046011638,4,1.2537255224489,12.6862761076226,0.618938935423145,3.65086671180843,0.142366122448119,0.408442753104225,0.118158523022799,9.43917365139714
"AAS",0.4563,2.21220572919366,0.67586876700304,0.73808416231345,4,1.25373215063663,12.6866073643814,0.619176310714299,3.65049217548686,0.14237498154725,0.408387932382119,0.118148203090787,9.43990228005977
"AAS",0.4583,2.22190200677067,0.673420299205902,0.735410306986453,4,1.25373836409672,12.6869182172368,0.619412034114148,3.65011484601757,0.142383590489294,0.408332936786668,0.118137740441565,9.44061255150183
"AAS",0.4603,2.23159828434767,0.670970071516171,0.732734529764387,4,1.25374417735627,12.6872088686862,0.619646133257277,3.6497347434664,0.142391953969992,0.408277760086648,0.118127139793626,9.44130465757577
"AAS",0.4623,2.24129456192468,0.668518129945113,0.73005688089397,4,1.25374960578008,12.6874802918305,0.619878645830593,3.64935200132268,0.142400078661817,0.408222430130335,0.118116392709632,9.44197947364414
"AAS",0.4643,2.25099083950168,0.666064516246671,0.727377405972699,4,1.25375463497508,12.6877313415912,0.620109543164723,3.64896664976895,0.14240796112644,0.408166926901796,0.118105518921921,9.44263577042915
"AAS",0.4663,2.26068711707869,0.663609269471223,0.724696147645635,4,1.25375927999733,12.6879642564059,0.620338874038785,3.6485790898764,0.142415619006735,0.408111317258977,0.1180945313855,9.44327547253993
"AAS",0.4683,2.27038339465569,0.66115242379729,0.722013143237517,4,1.25376356357658,12.6881781892113,0.620566687407872,3.64818884031028,0.142423047800862,0.40805551373279,0.118083410021494,9.44389818555498
"AAS",0.4703,2.2800796722327,0.658694042851713,0.719328462232194,4,1.25376747815445,12.6883739067907,0.620792981308599,3.64779624513664,0.142430252317692,0.407999580352012,0.118072161152533,9.44450436065997
"AAS",0.4723,2.2897759498097,0.656234133538833,0.716642112169571,4,1.25377104025587,12.6885519586611,0.621017804309796,3.6474012326584,0.142437235626508,0.407943503125469,0.118060783287605,9.44509464461634
"AAS",0.4743,2.29947222738671,0.653772749850422,0.713954152011494,4,1.25377423864513,12.6887118777441,0.621241137956657,3.64700390849509,0.142444002308743,0.407887276069805,0.118049293513063,9.44566843398354
"AAS",0.4763,2.30916850496371,0.651309927890491,0.711264621185439,4,1.25377711004604,12.6888554342822,0.621463038295013,3.64660455092066,0.1424505597627,0.407830949017742,0.118037691185756,9.44622729890649
"AAS",0.4783,2.31886478254072,0.648845701279822,0.708573556407063,4,1.25377961873201,12.6889809318014,0.621683473383584,3.64620294054122,0.142456903166711,0.407774477828733,0.118025975784633,9.44676968308265
"AAS",0.4803,2.32856106011772,0.646380103602371,0.705880994351809,4,1.25378180717201,12.6890903910331,0.621902520837064,3.64579923400628,0.142463048814087,0.407717887464107,0.118014148200643,9.44729753647466
"AAS",0.4823,2.33825733769473,0.643913167694927,0.703186970879175,4,1.25378366533021,12.6891833380005,0.622120176441935,3.64539342342138,0.142468987391698,0.407661177451597,0.118002207265035,9.44781037637659
"AAS",0.4843,2.34795361527173,0.64144493863673,0.700491535218055,4,1.25378521156573,12.6892605665263,0.622336458634288,3.64498575500811,0.142474733263309,0.40760437219973,0.117990169176098,9.44830877226793
"AAS",0.4863,2.35764989284873,0.638975436084262,0.69779470883436,4,1.2537864375926,12.6893218770352,0.622551412066247,3.64457582773248,0.14248027976009,0.407547422887479,0.117978005698179,9.44879293072582
"AAS",0.4883,2.36734617042574,0.636504696218087,0.695096531239164,4,1.2537873555195,12.6893677595111,0.622765017633625,3.64416413447457,0.142485640585222,0.407490375591544,0.117965755863238,9.4492628497059
"AAS",0.4903,2.37704244800274,0.634032751334527,0.692397037701746,4,1.25378797097048,12.689398528345,0.622977307836711,3.64375059885911,0.14249081034555,0.407433239174862,0.117953396982461,9.44971894210735
"AAS",0.4923,2.38673872557975,0.631559630387021,0.68969625984078,4,1.25378828780935,12.6894143786763,0.6231882956072,3.64333529523636,0.142495794906052,0.407375996879057,0.117940962068144,9.45016133264624
"AAS",0.4943,2.39643500315675,0.629085363194186,0.686994230219763,4,1.2537883143575,12.6894156896531,0.623398021512264,3.64291806797061,0.142500597547305,0.407318658425703,0.117928399878561,9.45059057385615
"AAS",0.4963,2.40613128073376,0.626609984234617,0.684290986491126,4,1.25378805331029,12.6894026694051,0.623606477264039,3.64249918786438,0.142505223307191,0.407261230435999,0.117915756863668,9.45100660471063
"AAS",0.4983,2.41582755831076,0.624133515971824,0.681586553186205,4,1.25378751241896,12.6893756208246,0.623813688540277,3.64207863433972,0.14250967501554,0.407203708187289,0.117903028469066,9.45140976055814
"AAS",0.5003,2.42552383588777,0.621655988289027,0.678880962939042,4,1.25378669452183,12.6893347062052,0.624019672403993,3.64165639794097,0.142513958659445,0.407146106586006,0.117890191653406,9.45180021611616
"AAS",0.5023,2.43522011346477,0.619177429685426,0.676174246872259,4,1.25378559570791,12.6892802440904,0.624224435669476,3.64123261994041,0.142518063149097,0.407088425599962,0.117877288211385,9.45217817243407
"AAS",0.5043,2.44491639104178,0.616697866317284,0.673466433549868,4,1.25378424792991,12.6892123989279,0.624428018928975,3.64080718680538,0.142522003004894,0.407030662823434,0.117864277604613,9.45254390445312
"AAS",0.5063,2.45461266861878,0.614217324865224,0.670757552108512,4,1.25378262895096,12.6891314302194,0.624630411153397,3.64038025775028,0.142525787603288,0.406972802069546,0.117851205370774,9.45289751555538
"AAS",0.5083,2.46430894619579,0.611735829591272,0.668047629043593,4,1.25378075651059,12.6890377604805,0.62483165571123,3.63995174784443,0.142529399770639,0.406914891276529,0.117838019127994,9.4532395466595
"AAS",0.5103,2.47400522377279,0.609253407760568,0.665336694130077,4,1.25377862994712,12.6889314272836,0.625031738407005,3.63952185377327,0.142532862486168,0.406856887166816,0.117824775044432,9.45356981938971
"AAS",0.5143,2.4933977789268,0.604285879449177,0.659911892524375,4,1.25377363693632,12.688681848465,0.625428525285704,3.63865778625091,0.142539311258535,0.406740704019191,0.117798031876372,9.45419637652175
"AAS",0.5163,2.50309405650381,0.601800821274641,0.657198078585043,4,1.25377077595582,12.6885387986492,0.625625242799235,3.63822371927808,0.14254231152964,0.406682515583018,0.117784542629263,9.45449274413818
"AAS",0.5183,2.51279033408081,0.599314932835344,0.65448335795302,4,1.25376768894424,12.6883844313546,0.625820898398202,3.6377882015608,0.142545162754883,0.406624255451652,0.117770963407027,9.45477883407188
"AAS",0.5203,2.52248661165782,0.596828234521497,0.651767752895486,4,1.25376435848434,12.688218303398,0.626015450572928,3.63735152786285,0.14254786681669,0.406565957608794,0.11775732029173,9.45505387679683
"AAS",0.5223,2.53218288923482,0.594340748046576,0.649051287124699,4,1.2537608168868,12.6880408437647,0.626208949565593,3.63691356552618,0.142550431209773,0.406507571431406,0.117743624297684,9.45531845294707
"AAS",0.5243,2.54187916681183,0.591852499883271,0.646333989550223,4,1.25375704465631,12.6878522020559,0.626401395685954,3.63647433754134,0.142552853500691,0.406449154521134,0.117729825964592,9.45557269749376
"AAS",0.5263,2.55157544438883,0.589363504935743,0.643615876448186,4,1.25375305230102,12.6876526101955,0.626592792158843,3.63603402902302,0.142555135340466,0.406390690092984,0.117715979530187,9.45581666425711
"AAS",0.5283,2.56127172196584,0.586873788597235,0.640896975549342,4,1.25374885318841,12.6874424954955,0.626783184337316,3.63559246629774,0.142557275699136,0.406332179736102,0.117702047486066,9.45605098186122
"AAS",0.5303,2.57096799954284,0.584383370055192,0.638177307807386,4,1.25374443386695,12.6872216728266,0.626972560599934,3.63514970419876,0.142559286730918,0.406273596849825,0.117688059624009,9.45627538366768
"AAS",0.5323,2.58066427711985,0.581892271215878,0.635456897145109,4,1.25373981784728,12.6869908972497,0.627160930898428,3.6347060658033,0.142561164913657,0.40621501320011,0.117674009982777,9.45649034004426
"AAS",0.5343,2.59036055469685,0.57940050822379,0.632735761193149,4,1.25373498193562,12.6867490809684,0.627348314700944,3.63426101878779,0.142562912999645,0.406156327066366,0.117659883388128,9.45669525050206
"AAS",0.5363,2.60005683227386,0.576908106135705,0.630013927314821,4,1.25372995614173,12.6864977825783,0.627534727292297,3.63381507341874,0.142564532580268,0.406097633806902,0.117645695342875,9.45689122562957
"AAS",0.5383,2.60975310985086,0.57441507457202,0.627291406016103,4,1.25372473263443,12.6862366148589,0.627720170886126,3.63336814016083,0.142566028532015,0.406038897040615,0.117631456554233,9.4570779490967
"AAS",0.5403,2.61944938742787,0.571921441391715,0.624568227720465,4,1.25371931134631,12.6859655651413,0.627904659610829,3.63292014987739,0.142567397237653,0.405980120072749,0.117617148615096,9.45725547945752
"AAS",0.5423,2.62914566500487,0.569427220425575,0.621844407531849,4,1.25371370678672,12.6856853394541,0.628088220263804,3.63247118077147,0.142568645803969,0.405921316167765,0.117602773259687,9.4574244734916
"AAS",0.5443,2.63884194258188,0.56693242976239,0.619119965204163,4,1.25370791569508,12.6853957217968,0.628270839404231,3.63202135920644,0.142569771592881,0.405862492953253,0.117588344116395,9.45758457406816
"AAS",0.5463,2.64853822015888,0.564437089809593,0.616394923023394,4,1.25370194493558,12.6850972655708,0.628452543697117,3.63157068613755,0.142570781406151,0.405803636490652,0.117573877571571,9.45773636139088
"AAS",0.5483,2.65823449773589,0.561941211186704,0.613669292586616,4,1.25369578051974,12.6847890225185,0.628633342190631,3.63111880680115,0.142571677978712,0.405744711029597,0.117559325727852,9.45787919398725
"AAS",0.5503,2.66793077531289,0.559444815850025,0.610943097871263,4,1.25368944794353,12.6844723968948,0.628813264416381,3.63066603067923,0.142572453866495,0.405685764886251,0.117544716086754,9.45801423925654
"AAS",0.5523,2.6776270528899,0.556947918151187,0.608216354550069,4,1.25368293899953,12.6841469511254,0.628992266511043,3.63021268124587,0.142573116866467,0.405626826657222,0.117530073112483,9.45814070145141
"AAS",0.5543,2.6873233304669,0.554450546651102,0.605489093813049,4,1.25367625636671,12.6838131654712,0.629170410078416,3.62975834485297,0.142573671848218,0.405567852085207,0.117515354702822,9.45825950101283
"AAS",0.5563,2.69701960804391,0.551952687302885,0.602761300320266,4,1.25366940139139,12.6834700401155,0.629347685051074,3.62930298659095,0.142574113183161,0.405508816542886,0.117500582950284,9.45836962964573
"AAS",0.5583,2.70671588562091,0.549454383184813,0.600033021115462,4,1.25366240703543,12.6831203262159,0.629524133060144,3.62884710760844,0.142574452465846,0.405449795058042,0.117485782932787,9.45847345465416
"AAS",0.5603,2.71641216319791,0.546955641769113,0.597304264358699,4,1.25365523444349,12.6827617135037,0.629699707567579,3.62839042915061,0.142574683848067,0.405390757868505,0.117470917381307,9.45856883814856
"AAS",0.5623,2.72610844077492,0.544456477147119,0.594575045438452,4,1.25364789376193,12.6823951525075,0.629874438645973,3.62793302389728,0.142574810010885,0.405331704387748,0.117456005119368,9.4586567037788
"AAS",0.5643,2.73580471835192,0.541956901332577,0.591845377474365,4,1.25364041387257,12.6820206775054,0.630048352019867,3.62747487530386,0.142574832829806,0.405272631913837,0.117441041654041,9.45873709972254
"AAS",0.5663,2.74550099592893,0.539456932568073,0.589115280388298,4,1.25363277130118,12.6816385666216,0.630221468270951,3.62701579311285,0.142574755759395,0.405213499763242,0.117426034860369,9.45881051415743
"AAS",0.5683,2.75519727350593,0.536956584298405,0.586384768862677,4,1.25362497989949,12.6812489723123,0.630393765096824,3.62655615605949,0.142574579601051,0.405154387402435,0.11741097350659,9.45887671639474
"AAS",0.5703,2.76489355108294,0.534455872133565,0.58365385994443,4,1.25361703862113,12.6808519168278,0.630565257554549,3.62609588029286,0.142574303617145,0.405095265615222,0.117395869582142,9.45893581654148
"AAS",0.5723,2.77458982865994,0.531954802407255,0.580922560550293,4,1.25360894973704,12.6804474269217,0.630735959638314,3.62563490254048,0.142573934369318,0.405036114083515,0.117380725267332,9.45898790040022
"AAS",0.5743,2.78428610623695,0.52945339788014,0.578190895536108,4,1.25360067830593,12.6800342789885,0.630905780976727,3.62517365291365,0.142573467316947,0.404976991508574,0.117365562270514,9.45903124686074
"AAS",0.5763,2.79398238381395,0.526951663999103,0.575458870850156,4,1.25359234734382,12.6796173275974,0.631075006881635,3.62471135349046,0.142572907814478,0.404917845164266,0.117350306094403,9.45907174989983
"AAS",0.5783,2.80367866139096,0.524449618133411,0.572726505460588,4,1.25358383055728,12.6791915668729,0.631243403815499,3.62424834577869,0.142572252069049,0.404858651966603,0.117335017199341,9.4591038009312
"AAS",0.5803,2.81337493896796,0.521947269472151,0.56999380940237,4,1.25357515815446,12.6787578966006,0.631410962776873,3.62378515605532,0.142571506893766,0.404799492246084,0.117319716386142,9.45912780340638
"AAS",0.5823,2.82307121654497,0.519444639407025,0.567260806036361,4,1.25356638260041,12.6783190639955,0.631577854351803,3.62332115858795,0.142570681015557,0.404740312965625,0.117304344562773,9.45914727408744
"AAS",0.5843,2.83276749412197,0.516941730312166,0.564527497955241,4,1.2535574940736,12.6778747311604,0.631744083282036,3.62285627132016,0.142569753237611,0.404681108679718,0.117288906118131,9.45916196023273
"AAS",0.5863,2.84246377169898,0.514438566394617,0.561793911594372,4,1.25354844522369,12.6774227158053,0.631909498581136,3.62239113962625,0.142568745369898,0.404621911853649,0.117273461294256,9.45916889199346
"AAS",0.5883,2.85216004927598,0.51193513427447,0.559060032342191,4,1.25353926002916,12.676962966332,0.632074116894162,3.62192580540466,0.142567649766859,0.404562741161587,0.117258001188412,9.4591679772217
"AAS",0.5903,2.86185632685299,0.509431470440764,0.556325900046642,4,1.25352996946327,12.6764984542429,0.632238101832829,3.62145963769351,0.142566471363816,0.404503551843799,0.11724246581968,9.45916297624006
"AAS",0.5923,2.87155260442999,0.506927576535716,0.553591516501114,4,1.2535205812373,12.6760290626345,0.632401424147149,3.6209929991117,0.142565211610613,0.404444366574016,0.117226903749482,9.4591534020534
"AAS",0.5943,2.881248882007,0.504423466069756,0.550856896459706,4,1.25351103494038,12.6755520771558,0.632564008180762,3.62052564203944,0.142563871164583,0.404385153059419,0.117211273987332,9.45913664802445
"AAS",0.5963,2.890945159584,0.501919148400788,0.54812205014174,4,1.25350135879903,12.6750678906738,0.632725818415657,3.62005822294932,0.142562448431938,0.404325951897208,0.117195669187996,9.45911245901345
"AAS",0.5983,2.90064143716101,0.499414633546496,0.545386988487051,4,1.25349160454189,12.6745802281738,0.632887050971178,3.61959010357723,0.142560944277603,0.40426677332456,0.117179974743774,9.45908540170435
"AAS",0.6003,2.91033771473801,0.496909934769545,0.542651725979167,4,1.25348172914568,12.6740864566283,0.63304758817049,3.61912156609831,0.142559365090945,0.404207573671154,0.117164268380542,9.45905241310692
"AAS",0.6023,2.92003399231502,0.494405060678955,0.539916272019588,4,1.25347172969407,12.6735864837112,0.633207429986057,3.61865264732429,0.142557705615045,0.404148402282147,0.117148516037249,9.45901336701579
"AAS",0.6043,2.92973026989202,0.491900021815273,0.537180638119146,4,1.25346162285239,12.6730811432749,0.633366609131708,3.61818333007805,0.142555975404645,0.404089227286965,0.117132732081822,9.45896914458894
"AAS",0.6063,2.93942654746903,0.489394828155397,0.534444835173137,4,1.25345140409677,12.672570203927,0.63352514304832,3.61771346673203,0.142554165109938,0.404030037408161,0.117116917845403,9.45891966480941
"AAS",0.6083,2.94912282504603,0.486889489861516,0.531708874279205,4,1.25344108488149,12.6720542441098,0.633683015998427,3.61724340443782,0.142552283980699,0.403970876318514,0.117101080386467,9.45886516983052
"AAS",0.6103,2.95881910262304,0.484384016321685,0.528972765689597,4,1.25343065726965,12.6715328632688,0.633840252019922,3.61677284581065,0.142550326743449,0.403911718750004,0.117085192202786,9.45880555003593
"AAS",0.6123,2.96851538020004,0.481878417178307,0.526236519934323,4,1.2534201257141,12.6710062856398,0.633996846249459,3.61630194561376,0.142548301571314,0.403852566579257,0.117069278045704,9.45874087369529
"AAS",0.6143,2.97821165777705,0.479372075142175,0.523499462901178,4,1.25340949250117,12.670474641783,0.634152854270588,3.61583056269658,0.142546205966708,0.403793407529054,0.117053327139165,9.45867142694294
"AAS",0.6163,2.98790793535405,0.476866253392346,0.520762974047978,4,1.2533987694142,12.6699384053226,0.634308206020374,3.61535898712275,0.142544041438793,0.403734278919079,0.117037352421618,9.45859740513471
"AAS",0.6183,2.99760421293106,0.474360958924078,0.518027061013915,4,1.25338793638544,12.669396818839,0.634462873910441,3.61488723560186,0.142541806628812,0.40367517694376,0.117021354355949,9.4585179979285
"AAS",0.6203,3.00730049050806,0.471854949390401,0.515290367090898,4,1.25337701336758,12.668850667929,0.634617005488484,3.61441484130914,0.142539503708889,0.403616049863888,0.117005307692989,9.45843450928844
"AAS",0.6223,3.01699676808507,0.469348233554893,0.512552901849217,4,1.25336599539498,12.6682997607418,0.634770547576458,3.61394224038658,0.142537144493211,0.403556944117208,0.116989239369104,9.45834627753172
"AAS",0.6243,3.02669304566207,0.466842071161593,0.509816040995471,4,1.2533548815633,12.6677440738023,0.634923445410875,3.61346945532347,0.142534705271906,0.403497870642882,0.116973151053958,9.45825328037985
"AAS",0.6263,3.03638932323908,0.464336472835346,0.507079796132548,4,1.25334368731271,12.6671843655654,0.635075752161627,3.61299624901676,0.142532204672356,0.403438796183193,0.116957019450105,9.458156534626
"AAS",0.6283,3.04608560081608,0.461830192831102,0.50434280684148,4,1.25333239730776,12.6666198653114,0.635227476540052,3.61252287701956,0.142529649040812,0.403379746119213,0.116940867703025,9.4580549681099
"AAS",0.6303,3.05578187839309,0.459323865978349,0.501605766389379,4,1.25332102262793,12.6660511312646,0.635378622200808,3.61204927094921,0.142527024203578,0.40332071767401,0.116924692714428,9.45794924795708
"AAS",0.6323,3.06547815597009,0.456817500305147,0.498868683543313,4,1.25330956182181,12.6654780909692,0.635529210901564,3.61157522637526,0.142524341294101,0.403261680323045,0.116908477867636,9.45783949778298
"AAS",0.6343,3.07517443354709,0.454311103704292,0.496131566922626,4,1.25329801332223,12.6649006659377,0.635679215992207,3.61110101038132,0.142521596165975,0.403202667080413,0.116892243756294,9.45772536545789
"AAS",0.6363,3.0848707111241,0.45180468394946,0.493394425016581,4,1.25328637872456,12.6643189361371,0.635828657611483,3.61062648656566,0.142518792917178,0.40314366058973,0.11687597531641,9.45760707081426
"AAS",0.6383,3.0945669887011,0.449298248661829,0.490657266147904,4,1.25327466369388,12.6637331846015,0.635977522987466,3.61015192871778,0.14251592910782,0.403084698066042,0.116859699515638,9.45748463446757
"AAS",0.6403,3.10426326627811,0.446791178807305,0.487919414298878,4,1.25326286953067,12.6631435269427,0.636125926821881,3.60967659725643,0.142513004098128,0.403025693058239,0.116843357727678,9.45735893365714
"AAS",0.6423,3.11395954385511,0.444285361427353,0.485182930217814,4,1.25325100771041,12.6625503854976,0.636273660113283,3.60920179577546,0.142510025386384,0.402966788077644,0.11682704245734,9.45722906976179
"AAS",0.6443,3.12365582143212,0.441778297381902,0.482445084712602,4,1.25323905261813,12.6619526435153,0.636420926946569,3.6087263602311,0.142506993521937,0.402907846542772,0.116810675087653,9.45709506346088
"AAS",0.6463,3.13335209900912,0.43927187395628,0.479707938797861,4,1.25322702980629,12.6613515475744,0.636567666891398,3.60825053584755,0.142503897018665,0.402848909975123,0.116794271959707,9.45695798500847
"AAS",0.6483,3.14304837658613,0.43676547141633,0.476970815691371,4,1.25321494521144,12.6607472336698,0.636713817847624,3.60777519358439,0.142500755368094,0.402790084824521,0.116777872181779,9.45681706271173
"AAS",0.6503,3.15274465416313,0.434259722876398,0.474234406787221,4,1.25320276869213,12.6601384360244,0.636859432575595,3.60729922999788,0.142497551994093,0.402731204971931,0.116761440611325,9.45667211516855
"AAS",0.6523,3.16244093174014,0.431753382402725,0.471497351460362,4,1.25319053344174,12.6595266721934,0.637004567243005,3.60682316316162,0.142494299567884,0.402672370717431,0.1167449756335,9.45652419474444
"AAS",0.6543,3.17213720931714,0.429246456408052,0.468759656713844,4,1.2531782048221,12.6589102408201,0.637149181535441,3.60634685906062,0.14249099138533,0.402613533710339,0.11672850051693,9.45637165828423
"AAS",0.6563,3.18183348689415,0.426740205133106,0.466022698796676,4,1.25316581866307,12.6582909275646,0.637293268996436,3.60587045607574,0.142487631663415,0.402554734873797,0.116711996263841,9.45621623331394
"AAS",0.6583,3.19152976447115,0.424234007866905,0.463285799859892,4,1.25315337488419,12.6576687541635,0.63743687527577,3.60539382410572,0.142484226590225,0.402495947004202,0.116695465573937,9.45605807139951
"AAS",0.6603,3.20122604204816,0.421727871179068,0.46054896707786,4,1.25314085238401,12.6570426181109,0.637579929916615,3.60491729974027,0.14248076791411,0.402437209262529,0.116678931412806,9.45589567735379
"AAS",0.6623,3.21092231962516,0.419221801522176,0.457812207497138,4,1.25312828265427,12.6564141327284,0.63772256846789,3.60444018605508,0.142477260061347,0.402378450730992,0.116662337684483,9.4557314564235
"AAS",0.6643,3.22061859720217,0.416715805182865,0.455075527983062,4,1.25311564058021,12.6557820274589,0.63786467069395,3.60396320661414,0.142473703229122,0.402319739689584,0.11664574836302,9.45556333153537
"AAS",0.6663,3.23031487477917,0.414209887254111,0.45233893409743,4,1.25310292542821,12.6551463174321,0.638006281667414,3.60348596304931,0.142470100224855,0.402261033517567,0.116629122609738,9.45539172357018
"AAS",0.6683,3.24001115235618,0.411704055450147,0.449602434264587,4,1.25309016196748,12.6545080975511,0.638147394173125,3.60300895110558,0.142466447996276,0.402202397850467,0.116612506771213,9.45521728209022
"AAS",0.6703,3.24970742993318,0.409198314155874,0.446866033273078,4,1.25307732528809,12.653866255402,0.638288072031407,3.60253120682605,0.142462753238789,0.402143701152,0.116595827523608,9.45503981435741
"AAS",0.6723,3.25940370751019,0.406692669003587,0.444129737273662,4,1.25306442567159,12.6532213138694,0.638428163284348,3.6020543434703,0.142459005728473,0.402085157968622,0.116579192503769,9.45485822919148
"AAS",0.6743,3.26909998508719,0.404187127410805,0.44139355436666,4,1.25305143440644,12.6525717234682,0.638567704882098,3.60157755207532,0.142455218318789,0.402026638146063,0.116562561506551,9.45467171631614
"AAS",0.6763,3.2787962626642,0.401681693626132,0.438657489191771,4,1.25303849017036,12.6519245071566,0.63870708935491,3.60109951345281,0.142451384644311,0.401968057046673,0.116545803581756,9.45448900767961
"AAS",0.6783,3.2884925402412,0.399176372645569,0.43592154720489,4,1.25302542234301,12.6512711051942,0.638845911820001,3.60062118776448,0.142447518677722,0.401909430860021,0.116529026700124,9.45430011682876
"AAS",0.6803,3.29818881781821,0.396671172180748,0.433185736827524,4,1.25301230796945,12.6506153966881,0.638984239004474,3.60014332363399,0.142443587318147,0.40185091139665,0.116512282693229,9.45410838272972
"AAS",0.6823,3.30788509539521,0.394166094969454,0.430450061049477,4,1.25299915207739,12.6499576040919,0.639122136442475,3.59966534638809,0.142439615407673,0.401792435462525,0.116495491943258,9.45391460425715
"AAS",0.6843,3.31758137297222,0.391661774044341,0.427715211175629,4,1.25298593225598,12.6492966128209,0.639259468537215,3.59918791388181,0.142435613928546,0.401734033727615,0.116478738562435,9.4537169256399
"AAS",0.6863,3.32727765054922,0.389156335515933,0.424979140820332,4,1.25297264828466,12.6486324066436,0.639396394941641,3.59871034450162,0.142431570706132,0.401675647660669,0.116461968888733,9.45351604410006
"AAS",0.6883,3.33697392812623,0.386652289064804,0.422244590686479,4,1.25295934095603,12.6479670478169,0.639532985337971,3.5982317265676,0.142427479220531,0.401617191812867,0.116445094973181,9.4533150586021
"AAS",0.6903,3.34667020570323,0.384147761492358,0.419509515142899,4,1.25294594637562,12.6472973187602,0.639668986159219,3.59775407677992,0.142423351903258,0.40155885641816,0.116428295803525,9.45310851929177
"AAS",0.6923,3.35636648328024,0.38164275701257,0.416773918791474,4,1.25293252822417,12.6466264121445,0.639804701075158,3.59727567085503,0.142419184359599,0.401500486608005,0.116411416076153,9.45290154604269
"AAS",0.6943,3.36606276085724,0.379138535184612,0.414039177136919,4,1.25291905896751,12.6459529471862,0.639939925307441,3.59679746274599,0.142414983946865,0.401442162192489,0.116394535676852,9.45269170288952
"AAS",0.6963,3.37575903843425,0.376634472300492,0.411304609057377,4,1.25290556299309,12.6452781089589,0.640074709725321,3.59631966676745,0.142410739484574,0.401383936966502,0.116377665606586,9.45248002855952
"AAS",0.6983,3.38545531601125,0.374131198485371,0.408570902682591,4,1.25289200097807,12.6446000488744,0.640209105168858,3.59584101331521,0.142406453587122,0.401325633089268,0.116360724413213,9.45226587760054
"AAS",0.7003,3.39515159358826,0.371627468341095,0.405836697972421,4,1.25287838336524,12.6439191682385,0.640343034807859,3.59536282547863,0.142402128361293,0.40126741148913,0.116343810736152,9.45204831632267
"AAS",0.7023,3.40484787116526,0.36912328677753,0.403102000288696,4,1.25286472072897,12.6432360270452,0.640476529454573,3.59488495905537,0.142397783142523,0.401209246200293,0.116326901720189,9.45182806242427
"AAS",0.7043,3.41454414874227,0.366619909315648,0.400368180726209,4,1.25285102799988,12.6425513987514,0.640609671164369,3.59440658362205,0.1423933825144,0.401151075491626,0.116309943885113,9.45160681146752
"AAS",0.7063,3.42424042631927,0.364116712531541,0.397634558473334,4,1.25283730755851,12.6418653237673,0.640742439250711,3.59392808309294,0.142388943449997,0.401092924644876,0.116292955096816,9.45138419456283
"AAS",0.7083,3.43393670389628,0.361613701764231,0.394901139360561,4,1.25282349479754,12.6411747362244,0.640874730678951,3.59344945448838,0.142384481800429,0.401034757849183,0.116275960647248,9.45115698357673
"AAS",0.7103,3.44363298147328,0.359110884221297,0.392167931258948,4,1.25280968378974,12.6404841879476,0.641006659045121,3.59297110457171,0.142379984588135,0.400976682246637,0.116258945530854,9.4509295527475
"AAS",0.7123,3.45332925905028,0.356608261248264,0.389434935637878,4,1.25279585831666,12.639792575935,0.641138177511108,3.59249320320982,0.142375452566043,0.400918698525672,0.116241949583782,9.45070056959219
"AAS",0.7143,3.46302553662729,0.354106463197737,0.386702840875475,4,1.25278196545015,12.6390982725081,0.641269292106328,3.59201480812719,0.142370901811725,0.4008606646585,0.11622489836931,9.45046927199923
"AAS",0.7163,3.4727218142043,0.351603620542471,0.383969605349878,4,1.25276801097903,12.6384005435712,0.641400042559927,3.59153627918204,0.142366290629625,0.400802656305114,0.116207839354175,9.45023456628529
"AAS",0.7183,3.4824180917813,0.349101606152928,0.381237274333916,4,1.25275406143682,12.6377030635803,0.641530399458597,3.59105822575205,0.142361652579078,0.400744737960032,0.116190797276454,9.44999964874727
"AAS",0.7203,3.4921143693583,0.346599803934279,0.378505175019706,4,1.25274008068151,12.6370039870201,0.641660372613176,3.59058023805635,0.142356989736352,0.400686856033673,0.116173738547178,9.44976300256482
"AAS",0.7223,3.50181064693531,0.344098221843066,0.375773316096208,4,1.25272604023343,12.6363019953122,0.641789991706677,3.59010170988234,0.142352282618689,0.400628938289189,0.116156635085352,9.44952388329724
"AAS",0.7243,3.51150692451231,0.341596856604331,0.373041693986994,4,1.25271198081364,12.6355988130199,0.641919274990489,3.58962297328878,0.142347561113213,0.400571024536794,0.11613948155606,9.44928373117848
"AAS",0.7263,3.52120320208932,0.339095715098246,0.370310316205577,4,1.25269785385279,12.6348926875114,0.642048069204598,3.58914486640299,0.142342807608389,0.400513196099245,0.116122372457122,9.4490398631113
"AAS",0.7283,3.53089947966632,0.336594800667195,0.367579186402014,4,1.25268371887249,12.6341859538847,0.642176506664507,3.58866701575075,0.142338020181291,0.400455446382482,0.116105253917329,9.44879512059509
"AAS",0.7303,3.54059575724333,0.334094116635614,0.364848308206762,4,1.25266954856962,12.6334774284852,0.642304625013739,3.58818870045636,0.142333207624094,0.400397650227364,0.116088100680188,9.44854898620517
"AAS",0.7323,3.55029203482033,0.331593668877038,0.362117688034031,4,1.25265533722568,12.6327668983264,0.642432369147001,3.58771039261946,0.142328351433714,0.400339902137036,0.116070919841598,9.44830076839722
"AAS",0.7343,3.55998831239734,0.329093454860489,0.359387323119861,4,1.25264113393837,12.6320566988105,0.642559742232314,3.58723279129341,0.142323473172567,0.400282241995137,0.116053808447096,9.44805219083396
"AAS",0.7363,3.56968458997434,0.326594111423902,0.356657908924695,4,1.25262685933948,12.6313429668977,0.642686716080515,3.58675473523298,0.142318572389151,0.400224576933946,0.116036600493738,9.44780038150678
"AAS",0.7383,3.57938086755135,0.324093761856258,0.353927395981615,4,1.2526125780076,12.6306288989358,0.642813404832215,3.58627689499507,0.142313629465766,0.40016699365296,0.116019388485191,9.44754802933568
"AAS",0.7403,3.58907714512835,0.321594910736646,0.351198519422422,4,1.25259827533518,12.6299137666829,0.642939760529115,3.58579857102728,0.142308675646926,0.400109334962752,0.116002148697004,9.44729505494564
"AAS",0.7423,3.59877342270536,0.319095686580478,0.348469235487735,4,1.25258391603686,12.6291958018466,0.643065657605135,3.58532105617023,0.142303694413305,0.400051799947805,0.115984946009402,9.44703829779106
"AAS",0.7443,3.60846970028236,0.316596717688147,0.345740230314552,4,1.25256952163436,12.6284760817123,0.64319120544348,3.58484351369873,0.142298682308078,0.399994287859334,0.115967729504914,9.44677974513512
"AAS",0.7463,3.61816597785937,0.314098007351402,0.34301150749764,4,1.25255514356799,12.6277571783963,0.643316540603552,3.58436551903452,0.14229363154401,0.399936766845791,0.115950461877902,9.44652254433224
"AAS",0.7483,3.62786225543637,0.311599558812168,0.340283070577347,4,1.25254074471111,12.6270372355756,0.643441493750874,3.58388797075621,0.142288575885434,0.39987932569443,0.115933189110145,9.44626378964086
"AAS",0.7503,3.63755853301338,0.309101375288391,0.33755492306784,4,1.25252630989606,12.6263154945641,0.643566143100787,3.58341008955274,0.14228347366765,0.39982186643624,0.115915907715729,9.44600352320965
"AAS",0.7523,3.64725481059038,0.306602835512892,0.334826386512758,4,1.25251182249258,12.625591125995,0.643690391995418,3.5829325916704,0.142278360391408,0.399764467195195,0.115898624638627,9.4457401060267
"AAS",0.7543,3.65695108816739,0.304105191674265,0.332098828367758,4,1.25249732023826,12.6248660115406,0.643814259330738,3.58245551687186,0.142273223945938,0.399707130762444,0.115881361955088,9.44547548978961
"AAS",0.7563,3.66664736574439,0.301608445999622,0.329372251064964,4,1.25248280946679,12.6241404733281,0.643937839348664,3.58197816011518,0.142268054878778,0.399649814714071,0.115864040445811,9.44521073626897
"AAS",0.7583,3.6763436433214,0.299110729516387,0.326644613588239,4,1.25246826416254,12.623413216955,0.644061130651235,3.58150079739048,0.142262854789858,0.399592516086489,0.115846723394519,9.4449442104342
"AAS",0.7603,3.6860399208984,0.296614541414511,0.323918645184166,4,1.25245371212594,12.6226856062909,0.644184048759537,3.58102369262955,0.142257649436359,0.399535264914163,0.115829388299613,9.44467704042338
"AAS",0.7623,3.69573619847541,0.294118012524464,0.321192304621526,4,1.25243917409056,12.6219587043155,0.64430674503284,3.58054651979697,0.142252416069824,0.399478048472995,0.115812031215126,9.44441070613424
"AAS",0.7643,3.70543247605241,0.2916217697884,0.318466276554053,4,1.25242453915834,12.6212269579053,0.644428938894331,3.58006995551653,0.142247152021771,0.399420900714165,0.115794720678084,9.44413868351973
"AAS",0.7663,3.71512875362942,0.289125816036515,0.315740564072469,4,1.25240991629648,12.620495814812,0.644550955347489,3.57959270136492,0.142241864618368,0.399363709425835,0.115777334125107,9.44386801282747
"AAS",0.7683,3.72482503120642,0.286629530009702,0.313014488729226,4,1.25239527507965,12.6197637527705,0.644672630015708,3.57911598940503,0.142236556827084,0.399306602851882,0.115759974943534,9.44359583472815
"AAS",0.7703,3.73452130878343,0.284134786701561,0.310290098115732,4,1.25238062262785,12.6190311313682,0.644793963225521,3.57863929193989,0.142231244459416,0.399249518789778,0.115742577352594,9.44332305044051
"AAS",0.7723,3.74421758636043,0.281639716617096,0.307565350645344,4,1.25236595523719,12.6182977620306,0.644915009472078,3.57816277514448,0.142225895042255,0.399192482326151,0.115725192596858,9.44304932500165
"AAS",0.7743,3.75391386393744,0.279144946510124,0.304840930766122,4,1.25235125968168,12.6175629840968,0.645035717680386,3.57768650336672,0.142220514592422,0.399135502518352,0.115707814095459,9.44277389006038
"AAS",0.7763,3.76361014151444,0.276650479082432,0.302116841428556,4,1.25233656041017,12.6168280197958,0.645156179038533,3.57720996649708,0.142215120634247,0.399078513683699,0.115690385279687,9.44249853279507
"AAS",0.7783,3.77330641909145,0.274155693401684,0.299392404541953,4,1.25232189254813,12.6160946273299,0.645276381976893,3.57673404890764,0.142209711820383,0.399021628434252,0.115672994183428,9.44222420730016
"AAS",0.7803,3.78300269666845,0.271662462535497,0.296669665594444,4,1.25230709484168,12.6153547420723,0.645396135172579,3.57625749765642,0.142204285330414,0.398964667090073,0.115655527648913,9.44194371513022
"AAS",0.7823,3.79269897424546,0.26916829523436,0.293945904010828,4,1.25229233533089,12.6146167635287,0.645515725406596,3.57578102548207,0.142198837088627,0.398907750494598,0.115638053410493,9.44166515953664
"AAS",0.7843,3.80239525182246,0.266675064261221,0.291223164946522,4,1.25227756740193,12.6138783680799,0.645634959285821,3.57530510284484,0.142193367154564,0.398850921487107,0.115620600786046,9.44138561598066
"AAS",0.7863,3.81209152939947,0.264182148637938,0.288500770260809,4,1.25226276668571,12.6131383338845,0.645753838026382,3.57482954661001,0.142187885678576,0.39879414047374,0.115603161061799,9.44110397902394
"AAS",0.7883,3.82178780697647,0.261689550891405,0.285778722713188,4,1.25224800394971,12.6124001801371,0.645872557037641,3.57435373312378,0.142182369103057,0.398737386480653,0.115585678518472,9.44082460763835
"AAS",0.7903,3.83148408455348,0.259197272896732,0.283057024351377,4,1.2522331841844,12.6116592730133,0.645990916359076,3.57387803255494,0.142176837390593,0.398680643742309,0.115568195935099,9.44054223571487
"AAS",0.7923,3.84118036213048,0.256705318383924,0.28033567924874,4,1.25221849075277,12.6109245315501,0.64610926228188,3.57340193511513,0.142171321323218,0.398623910053463,0.115550631054092,9.44026672391878
"AAS",0.7943,3.85087663970748,0.25421431079071,0.277615368231993,4,1.25220362513836,12.6101812568812,0.646226904313899,3.5729272692608,0.142165744333616,0.398567328857753,0.11553318847588,9.43998083171175
"AAS",0.7963,3.86057291728449,0.251722384852725,0.274894054334562,4,1.25218871689265,12.6094358393876,0.646344284146504,3.57245247425899,0.142160159873699,0.398510747426935,0.115515719903079,9.43969282754759
"AAS",0.7983,3.87026919486149,0.249232034259538,0.272174460796323,4,1.25217384449882,12.6086922249289,0.646461463214936,3.57197738015166,0.142154561782823,0.398454151864217,0.115498206940984,9.43940702523181
"NTS",0.0216,0.998373890512276,0.915706595269031,0.999999657168659,4,1.24086789990095,12.0433949949432,0.552202967571782,3.58076045455381,0.134298504051858,0.405611931310615,0.114034118303165,8.84242458133507
"NTS",0.0215277591973244,0.995034847400194,0.915703880618999,0.999996692628363,4,1.24098100955,12.0490504774701,0.55286630647884,3.57594002486278,0.13433218632325,0.405088781376371,0.113704603719536,8.85322753787757
"NTS",0.0214555183946488,0.991695804288113,0.91569834180695,0.999990643954935,4,1.24109496168339,12.0547480842172,0.553534072282656,3.57109203958177,0.134366067959927,0.404561609883564,0.113373428672924,8.86410316550754
"NTS",0.0213832775919732,0.988356761176032,0.915689941851365,0.999981470762618,4,1.24120973802851,12.0604869061056,0.554206158397355,3.56621715161471,0.134400140989771,0.404030497672318,0.113040667224102,8.87504982190743
"NTS",0.0213110367892977,0.985017718063951,0.915678643680786,0.999969132567431,4,1.24132539648695,12.0662698245017,0.554882779114566,3.5613148660479,0.134434396669283,0.403495385496903,0.112706268136931,8.8860710804107
"NTS",0.0212387959866221,0.98167867495187,0.915664409597999,0.999953588202041,4,1.24144188055118,12.0720940268346,0.555563730123052,3.55638568173439,0.134468830694117,0.40295630829703,0.112370308650914,8.89716344782718
"NTS",0.0211665551839465,0.978339631839789,0.915647202224558,0.999934796847222,4,1.24155919586429,12.0779597965373,0.556249024592297,3.55142968378511,0.13450344036948,0.402413268197881,0.112032799697648,8.90832714343138
"NTS",0.0210943143812709,0.975000588727707,0.915626983337083,0.999912716761037,4,1.2416773763597,12.0838688131304,0.55693875941191,3.54644687247335,0.134538213030392,0.401866268021116,0.111693754694761,8.91956394584068
"NTS",0.0210220735785953,0.971661545615626,0.915603714409639,0.999887305871144,4,1.24179638243726,12.0898191239311,0.557632808727099,3.54143746118947,0.134573149909582,0.40131531147878,0.111353212486296,8.93087156975723
"NTS",0.0209498327759197,0.968322502503545,0.915577357352859,0.999858522581955,4,1.24191621358669,12.0958106793856,0.558331162894971,3.53640152071683,0.134608241351336,0.400760400004668,0.111011190107037,8.94224990169276
"NTS",0.0208775919732441,0.964983459391464,0.915547872996583,0.999826324117599,4,1.24203690007564,12.1018450038505,0.559033890905897,3.53133937035578,0.134643487582165,0.400201573528659,0.110667716770376,8.95370020688931
"NTS",0.0208053511705686,0.961644416279382,0.915515222317275,0.999790667862329,4,1.24215840731076,12.1079203681343,0.559740897474316,3.52625092919762,0.134678877745287,0.399638799843262,0.110322814260977,8.96522076179224
"NTS",0.020733110367893,0.958305373167301,0.915479365728941,0.99975151058616,4,1.24228074626958,12.114037312321,0.560452205315244,3.52113633737407,0.134714409972099,0.399072094327497,0.109976500268476,8.97681198849456
"NTS",0.0206608695652174,0.95496633005522,0.91544026387226,0.999708809306648,4,1.24240391187036,12.1201955950976,0.561167784572783,3.51599582236377,0.134750077297923,0.398501472127669,0.109628808811913,8.98847340089736
"NTS",0.0205886287625418,0.951627286943139,0.915397876124162,0.999662519661268,4,1.24252788433669,12.1263942244576,0.561887579412615,3.51082935285398,0.134785876867134,0.397926912349145,0.109279758399849,9.00020398626559
"NTS",0.0205163879598662,0.948288243831058,0.915352162595046,0.999612598088485,4,1.24265272374622,12.1326361881501,0.562611752015751,3.50563715873555,0.134821799948179,0.397348461504218,0.108929358608484,9.0120066621523
"NTS",0.0204441471571906,0.944949200718977,0.915303082363951,0.99955899990046,4,1.24277836424226,12.1389182115455,0.563340103851315,3.50041930701082,0.1348578462468,0.396766091971764,0.108577649565501,9.02387790473491
"NTS",0.0203719063545151,0.941610157606895,0.915250594318921,0.99950168020078,4,1.24290482743874,12.1452413738772,0.564072689477464,3.49517593882691,0.134894011311108,0.396179819235419,0.108224651294789,9.03581870670824
"NTS",0.0202996655518395,0.938271114494814,0.915194657599136,0.999440594367286,4,1.24303210895031,12.1516054457457,0.564809491566577,3.48990712008312,0.134930283144199,0.395589644316179,0.107870383854172,9.0478287697324
"NTS",0.0202274247491639,0.934932071382733,0.915135230021936,0.999375696334299,4,1.2431602097715,12.1580104882138,0.565550507670282,3.48461295083662,0.134966665155979,0.394995569423566,0.107514863900139,9.059908047251
"NTS",0.0201551839464883,0.931593028270652,0.915072270057484,0.999306940749058,4,1.24328910575102,12.1644552915351,0.566295659083111,3.47929353767884,0.135003150480841,0.394397589658401,0.107158123154235,9.07205515930672
"NTS",0.0200829431438127,0.928253985158571,0.915005734804718,0.99923428076135,4,1.24341885920056,12.17094296227,0.567045120787708,3.47394901300433,0.135039733365925,0.39379573952314,0.106800163157488,9.08427324456487
"NTS",0.0200107023411371,0.924914942046489,0.914935581998996,0.99915767021597,4,1.24354940562008,12.1774702806911,0.567798700745166,3.4685794347512,0.135076411269757,0.393189990973551,0.106441024961717,9.09655885089721
"NTS",0.0199384615384615,0.921575898934408,0.914861768554417,0.999077062060853,4,1.24368075040854,12.1840375196116,0.568556407557981,3.46318489024407,0.13511317853817,0.392580348618352,0.106080726170932,9.10891217869615
"NTS",0.019866220735786,0.918236855822327,0.914784257031458,0.998992415410075,4,1.24381292221575,12.1906461083339,0.569318286593484,3.4577659682493,0.135150027778036,0.391966888688741,0.105719305914478,9.12133413640371
"NTS",0.0197939799331104,0.914897812710246,0.914702985016744,0.998903662104953,4,1.24394591292175,12.1972956462336,0.570084405500291,3.45232134639052,0.135186966230521,0.391349435867126,0.105356703542971,9.1338256386855
"NTS",0.0197217391304348,0.911558769598165,0.914617927236464,0.998810774545162,4,1.24407970096042,12.203985049597,0.570854599578494,3.44685249664773,0.135223979112281,0.390728155391353,0.104993027757972,9.14638405514894
"NTS",0.0196494983277592,0.908219726486084,0.914529032364788,0.9987136966802,4,1.24421429727135,12.2107148622941,0.571628928217709,3.44135903890376,0.135261066181707,0.39010299588664,0.104628266802844,9.15901034029534
"NTS",0.0195772575250836,0.904880683374002,0.914436256259923,0.998612380304914,4,1.24434969972185,12.2174849861704,0.572407378132389,3.43584107320312,0.135298217144429,0.389473965069279,0.104262445217741,9.17170429804125
"NTS",0.019505016722408,0.901541640261921,0.914339552897692,0.998506775158485,4,1.24448590573682,12.2242952906032,0.573189939167391,3.43029864787473,0.135335443997756,0.388841050072059,0.103895570732345,9.18446572458543
"NTS",0.0194327759197324,0.89820259714984,0.914238876971442,0.998396831763675,4,1.24462291754684,12.2311458806162,0.573976611811288,3.42473186146177,0.135372732948611,0.388204261983216,0.103527669148064,9.19729464054229
"NTS",0.0193605351170569,0.894863554037759,0.914134182081226,0.998282499449302,4,1.2447607325796,12.2380366325878,0.574767385114116,3.41914078012907,0.135410073267282,0.387563603207475,0.103158764419338,9.21019085449297
"NTS",0.0192882943143813,0.891524510925678,0.914025422018734,0.998163727753469,4,1.24489934752653,12.2449673765263,0.57556224106697,3.41352551841572,0.135447471367575,0.386919074906431,0.102788873032452,9.22315406018002
"NTS",0.0192160535117057,0.888185467813596,0.913912549011019,0.99804046450561,4,1.24503876706266,12.2519383529876,0.576361198065538,3.40788602569578,0.135484920734611,0.386270661076658,0.102418000681613,9.23618456775564
"NTS",0.0191438127090301,0.884846424701515,0.913795516306256,0.997912658650279,4,1.24517898525592,12.2589492627628,0.577164226789267,3.40222248116023,0.135522417710782,0.385618378834263,0.102046179358459,9.24928187745662
"NTS",0.0190715719063545,0.881507381589434,0.913674276375908,0.997780258283819,4,1.24532000414442,12.2660002074329,0.57797132818805,3.39653495800128,0.135559961413006,0.384962227299292,0.101673421961613,9.26244601878075
"NTS",0.0189993311036789,0.878168338477353,0.913548779383451,0.997643208982131,4,1.2454618220879,12.2730911066699,0.578782504890785,3.39082337684278,0.135597544703602,0.384302187932097,0.101299742856937,9.2756769954801
"NTS",0.0189270903010033,0.874829295365272,0.913418988347013,0.99750147035907,4,1.24560442614781,12.2802213054394,0.57959767166845,3.38508840679403,0.135635161681854,0.383638333608883,0.100925195719358,9.28897343410618
"NTS",0.0188548494983278,0.87149025225319,0.913284823952829,0.997354955799842,4,1.2457478155675,12.2873907723781,0.58041692432119,3.37932863493775,0.135672820949493,0.382970476212427,0.10054971083079,9.30233673136951
"NTS",0.0187826086956522,0.868151209141109,0.913146263611095,0.997203640635195,4,1.24589205982259,12.2946029910938,0.581240362893196,3.37354561200119,0.135710509538058,0.382298827597475,0.100173376451053,9.31576898294654
"NTS",0.0187103678929766,0.864812166029028,0.913003251206188,0.997047463583924,4,1.24603704861187,12.3018524329538,0.582067703498323,3.36773874402699,0.135748224287512,0.381623269150617,0.0997961929675198,9.32926497738481
"NTS",0.018638127090301,0.861473122916947,0.912855733459717,0.996886366463232,4,1.24618287491755,12.3091437481468,0.582899199821477,3.36190831690038,0.135785966458983,0.380943856826495,0.0994181721577251,9.34282930774693
"NTS",0.0185658862876254,0.858134079804866,0.912703659193299,0.996720293383637,4,1.24632947557221,12.3164737785707,0.583734679840697,3.35605413735844,0.135823729164208,0.380260536159315,0.0990393364677383,9.35645885594923
"NTS",0.0184936454849498,0.854795036692784,0.912546978288829,0.996549189613538,4,1.24647687082926,12.3238435462675,0.584574192193176,3.35017640616649,0.135861511745559,0.379573339859881,0.0986596933105965,9.37015448807995
"NTS",0.0184214046822742,0.851455993580703,0.912385637675343,0.996372997196658,4,1.24662506100988,12.3312530560265,0.585417735306598,3.34427511422922,0.135899309528196,0.378882246731755,0.0982792674070227,9.38391622059289
"NTS",0.0183491638795987,0.848116950468622,0.912219584733759,0.996191658670198,4,1.24677404647777,12.3387023265784,0.586265309926988,3.33835032326146,0.135937123159906,0.378187265785968,0.0978980651486946,9.3977440062291
"NTS",0.0182769230769231,0.844777907356541,0.912048766099829,0.996005115757598,4,1.24692382706668,12.3461913566841,0.587116912428964,3.33240204800116,0.135974944513963,0.377488382367099,0.0975161110254573,9.41163783434564
"NTS",0.0182046822742475,0.84143886424446,0.911873128155726,0.995813309905379,4,1.2470744023134,12.3537201172943,0.587972540383551,3.32643034779684,0.136012775447482,0.376785603865788,0.0971334111738048,9.42559760855468
"NTS",0.0181324414715719,0.838099821132378,0.911692616592959,0.995616181805816,4,1.2472257684793,12.361288423377,0.588832181127265,3.32043524113695,0.136050611688125,0.376078920161754,0.0967499840543888,9.43962311688099
"NTS",0.0180602006688963,0.834760778020297,0.911507176172625,0.995413671135131,4,1.24737793549177,12.3688967777836,0.589695860945498,3.31441678012562,0.136088449022097,0.375368331478759,0.0963658455219629,9.45371483629387
"NTS",0.0179879598662207,0.831421734908216,0.911316751813135,0.995205717741336,4,1.2475308894419,12.3765444725017,0.590563540810813,3.30837494639452,0.136126285595328,0.37465382429302,0.0959810084797001,9.46787204085032
"NTS",0.0179157190635452,0.828082691796135,0.911121288253921,0.994992261276991,4,1.24768464504394,12.3842322574794,0.591435255877254,3.30230987688287,0.13616412115473,0.373935413406902,0.0955954879966666,9.48209537579046
"NTS",0.0178434782608696,0.824743648684054,0.910920727236539,0.99477323812082,4,1.24783919196463,12.3919595981259,0.592310981063811,3.29622148497214,0.136201950594672,0.373213076558956,0.0952092949159767,9.49638436987846
"NTS",0.017771237458194,0.821404605571973,0.910715012031332,0.994548586321057,4,1.24799452739309,12.3997263696803,0.593190707280267,3.29010980318493,0.136239772089149,0.372486807685944,0.0948224452904309,9.51073885852401
"NTS",0.0176989966555184,0.818065562459891,0.910504085458569,0.994318243434438,4,1.24815066293448,12.40753314955,0.594074465162937,3.28397490834168,0.136277582510559,0.371756611674571,0.0944349539068079,9.52515937099513
"NTS",0.0176267558528428,0.81472651934781,0.910287888820875,0.994082145360347,4,1.2483075996984,12.4153799842705,0.594962251285394,3.27781687868934,0.136315381493445,0.371022491921482,0.0940468371904364,9.53964587098237
"NTS",0.0175545150501672,0.811387476235729,0.910066363049869,0.993840227593014,4,1.24846530952206,12.4232654748383,0.595853994667307,3.27163555459545,0.136353162014174,0.370284411410035,0.0936581066078738,9.55419705919516
"NTS",0.0174822742474916,0.808048433123648,0.909839448287466,0.993592424764267,4,1.24862384568385,12.431192281799,0.596749844943598,3.26543108971899,0.136390927342679,0.369542405744697,0.0932687517184023,9.56881557168176
"NTS",0.0174100334448161,0.804709390011567,0.909607084427029,0.993338671234506,4,1.24878316450058,12.4391582254981,0.597649662475278,3.25920360007499,0.136428676883041,0.368796460923725,0.0928788255250033,9.58349898595754
"NTS",0.0173377926421405,0.801370346899485,0.909369209642025,0.993078899485911,4,1.24894327839224,12.4471639196768,0.598553514422639,3.25295269636744,0.136466395530209,0.368046515781775,0.0924883046209774,9.59824837481397
"NTS",0.0172655518394649,0.798031303787404,0.909125763885141,0.992813043943665,4,1.24910418821376,12.4552094080233,0.599461372519606,3.2466788042946,0.136504093498105,0.367292627363065,0.0920972286522326,9.6130633218067
"NTS",0.0171933110367893,0.794692260675323,0.908876682594634,0.992541034102957,4,1.24926589251693,12.4632946320667,0.600373245536691,3.24038175973748,0.136541764905763,0.36653476482949,0.091705600130925,9.62794394166578
"NTS",0.0171210702341137,0.791353217563242,0.908621905459354,0.992262804100847,4,1.2494283982631,12.4714199078612,0.601289156023428,3.23406155027777,0.13657940322881,0.365772917609753,0.0913134250048537,9.6428905871665
"NTS",0.0170488294314381,0.788014174451161,0.908361364444243,0.991978279639479,4,1.24959170109053,12.4795850539835,0.602209081809377,3.22771829018133,0.136617017352876,0.365007094915671,0.090920725853373,9.65790293073385
"NTS",0.0169765886287625,0.78467513133908,0.908095001243882,0.991687397046278,4,1.24975580493036,12.4877902472781,0.603133045123135,3.2213518896742,0.136654592948826,0.36423727350281,0.0905275052917091,9.6729812726638
"NTS",0.016904347826087,0.781336088226998,0.907822744527483,0.991390078424279,4,1.24992070933254,12.4960354658765,0.604061041762147,3.21496235671271,0.136692133930624,0.363463450508561,0.0901337800820074,9.68812556894173
"NTS",0.0168321070234114,0.777997045114917,0.90754453083288,0.991086254469467,4,1.25008641213144,12.5043206047477,0.604993064392238,3.208549728294,0.136729637517899,0.362685622598608,0.089739558946369,9.70333567160024
"NTS",0.0167598662207358,0.774658002002836,0.907260293551665,0.990775852441963,4,1.25025291620392,12.5126458043377,0.605929124708992,3.20211397021421,0.136767101325167,0.361903776468412,0.0893448542782495,9.71861176673245
"NTS",0.0166876254180602,0.771318958890755,0.906969964795627,0.990458798204281,4,1.25042022163879,12.5210110807109,0.606869227656388,3.19565504059739,0.136804522251966,0.3611178967211,0.0889496787845717,9.73395391696725
"NTS",0.0166153846153846,0.767979915778674,0.90667347561076,0.990135016455024,4,1.25058833901639,12.5294169487534,0.60781339711676,3.18917303486132,0.136841900117542,0.360327994332655,0.0885540412776546,9.74936255840813
"NTS",0.016543143812709,0.764640872666592,0.906370755860156,0.989804430601012,4,1.2507572474953,12.5378623746506,0.608761582193865,3.18266781797732,0.136879234324411,0.359534039846597,0.0881579445801182,9.76483674186489
"NTS",0.0164709030100334,0.761301829554511,0.906061743265393,0.989466972630937,4,1.25092696622732,12.5463483060845,0.609713823850177,3.17613962600477,0.136916517401416,0.358736057775488,0.087761422352604,9.78037722904572
"NTS",0.0163986622073579,0.75796278644243,0.905746353529933,0.989122550488556,4,1.25109748917197,12.554874457882,0.610670134542399,3.16958804444675,0.136953753526371,0.357933982270619,0.0873644591305876,9.79598414126739
"NTS",0.0163264214046823,0.754623743330349,0.90542452605088,0.988771097992328,4,1.25126883999886,12.5634419977382,0.611630558543724,3.16301345062137,0.136990934677766,0.357127867762195,0.0869670794957546,9.81165832225807
"NTS",0.0162541806020067,0.751284700218268,0.905096185230569,0.988412532585633,4,1.2514409809738,12.5720490466597,0.612595000261117,3.15641562109534,0.137028062821261,0.356317662337596,0.0865692926623859,9.82739802147997
"NTS",0.0161819397993311,0.747945657106186,0.904761256677752,0.988046773029326,4,1.25161393094897,12.5806965478167,0.61356351468433,3.14979458174754,0.137065135658045,0.355503367717425,0.0861711067636001,9.84320420426311
"NTS",0.0161096989966555,0.744606613994105,0.904419667776805,0.987673740023335,4,1.25178769007048,12.589384503554,0.614536104501931,3.14315031329541,0.137102150808416,0.354684973108353,0.0857725319149691,9.85907689522395
"NTS",0.0160374581939799,0.741267570882024,0.90407134132995,0.987293349263633,4,1.25196226408932,12.598113204715,0.615512787172106,3.13648281610525,0.137139106572958,0.353862474208454,0.0853735782549357,9.87501639688791
"NTS",0.0159652173913043,0.737928527769943,0.903716205351556,0.986905522138136,4,1.25213764878146,12.6068824394422,0.616493551374649,3.12979209282916,0.137176000721102,0.353035860353391,0.0849742578439766,9.89102248652812
"NTS",0.0158929765886288,0.734589484657862,0.903354174779522,0.986510165754563,4,1.25231384712772,12.6156923583854,0.617478419376892,3.12307796574704,0.137212831453211,0.352205101978705,0.0845745723014837,9.90709550361171
"NTS",0.0158207357859532,0.731250441545781,0.902985179627927,0.986107203684619,4,1.25249086254273,12.6245431268133,0.618467385354018,3.11634063957511,0.137249603182824,0.351370216847088,0.0841745403335544,9.92323540422023
"NTS",0.0157484949832776,0.727911398433699,0.902609136978308,0.985696545376988,4,1.2526686936095,12.6334346816835,0.619460469593276,3.1095798564629,0.137286296916003,0.350531169075077,0.0837741639036775,9.93944240812644
"NTS",0.015676254180602,0.724572355321618,0.902225968155749,0.985278104914533,4,1.25284734318252,12.6423671613534,0.620457667772152,3.10279574297161,0.13732292732368,0.349687962150207,0.0833734567066531,9.95571651064664
"NTS",0.0156040133779264,0.721233312209537,0.901835592449256,0.984851794156615,4,1.25302681383877,12.6513406919431,0.621458993233187,3.09598824771646,0.137359486780632,0.348840584408538,0.0829724277377096,9.97205790334068
"NTS",0.0155317725752508,0.717894269097456,0.90143792684901,0.984417522452154,4,1.25320710539172,12.6603552695838,0.622464445624054,3.08915736445616,0.137395986081181,0.347989021272735,0.0825710830153941,9.98846657445171
"NTS",0.0154595317725753,0.714555225985375,0.901032892586837,0.983975203782171,4,1.25338821911215,12.6694109558741,0.623474044339375,3.08230294613812,0.137432387220444,0.347133262662513,0.0821694384914694,10.0049427831416
"NTS",0.0153872909698997,0.711216182873293,0.900620398655782,0.983524738762294,4,1.25357015706418,12.678507854243,0.62448778975081,3.07542502592094,0.137468724448165,0.346273289141041,0.0817674932622801,10.0214865600153
"NTS",0.0153150501672241,0.707877139761212,0.900200362647415,0.983066037398193,4,1.25375292144346,12.6876460732819,0.625505694342321,3.06852355074833,0.137504984027346,0.345409091318607,0.081365259958518,10.0380980887643
"NTS",0.0152428093645485,0.704538096649131,0.899772697833106,0.982599004977655,4,1.25393651499553,12.6968257519255,0.626527770061931,3.0615984826985,0.137541165238303,0.344540657344161,0.0809627457620636,10.0547775531474
"NTS",0.0151705685618729,0.70119905353705,0.899337318579158,0.982123547984185,4,1.2541209374683,12.7060468739817,0.627554017556431,3.05464980045986,0.137577264815335,0.343667976252434,0.0805599610045594,10.0715249596659
"NTS",0.0150983277591973,0.697860010424969,0.898894128883594,0.98163956157859,4,1.25430619008163,12.7153095066818,0.628584456193067,3.04767732038193,0.137613276638546,0.342791022217539,0.080156907104118,10.0883405716876
"NTS",0.0150260869565217,0.694520967312887,0.898443058456824,0.981146969000945,4,1.25449227501838,12.7246137518546,0.62961906835511,3.04068138556998,0.137649208955052,0.341909820703096,0.0797536149151788,10.105224134076
"NTS",0.0149538461538462,0.691181924200806,0.897983988832915,0.980645640880239,4,1.254679194978,12.7339597488944,0.630657903749886,3.03366141291696,0.13768505273295,0.341024297761745,0.0793500598237423,10.1221763996057
"NTS",0.0148816053511706,0.687842881088725,0.897516856985622,0.9801355083885,4,1.25486695578189,12.7433477985434,0.631700945483815,3.0266179138337,0.137720812651583,0.340134508432155,0.0789462757228704,10.1391971531526
"NTS",0.014809364548495,0.684503837976644,0.897041540853479,0.979616438228205,4,1.25505554976527,12.7527774891154,0.63274821694082,3.01955024016028,0.137756474559941,0.339240363701271,0.0785422502848976,10.1562866413235
"NTS",0.0147371237458194,0.681164794864563,0.896557966534477,0.979088349694481,4,1.2552449862085,12.7622493098954,0.633799714283829,3.01245884046351,0.137792047519161,0.338341913155948,0.0781380128465253,10.173444903734
"NTS",0.0146648829431438,0.677825751752481,0.896066032241449,0.978551131630399,4,1.25543527371704,12.7717636858527,0.63485548122995,3.00534349244149,0.137827529745726,0.337439117981797,0.0777335563639804,10.1906726187276
"NTS",0.0145926421404682,0.6744867086404,0.895565639361432,0.978004676345428,4,1.25562639908229,12.7813199541743,0.635915489702268,2.99820405210516,0.137862912376773,0.336531958997836,0.0773288855490871,10.2079692451457
"NTS",0.0145204013377926,0.671147665528319,0.895056686038701,0.977448872607773,4,1.25581837822239,12.7909189094731,0.636979782438972,2.99104055845105,0.137898211390749,0.335620423927057,0.0769240079261746,10.2253355566991
"NTS",0.0144481605351171,0.667808622416238,0.894539085017271,0.976883625129318,4,1.25601119286537,12.8005596422755,0.638048310615285,2.98385303474095,0.137933385950409,0.334704521260895,0.0765189648868806,10.2427706129758
"NTS",0.0143759197324415,0.664469579304157,0.894012736441502,0.976308824862465,4,1.25620486249217,12.81024310079,0.639121125517906,2.9766414583857,0.137968483051401,0.333784219228711,0.0761137265529957,10.2602753910409
"NTS",0.0143036789297659,0.661130536192075,0.893477500773016,0.975724319423981,4,1.25639938914225,12.8199694589483,0.640198293420389,2.96940517662901,0.138003456621339,0.332859451979441,0.0757082938883853,10.2778507845531
"NTS",0.0142314381270903,0.657791493079994,0.892933313208567,0.975130038045322,4,1.25659479745701,12.829739866156,0.641279821729238,2.9621449495883,0.138038350066992,0.331930290882721,0.0753026977705881,10.2954971762477
"NTS",0.0141591973244147,0.654452449967913,0.892380056055334,0.974525852199749,4,1.25679101817376,12.8395509089811,0.642365557421493,2.9548601628188,0.138073122868378,0.330996650902269,0.0748969391209084,10.3132116460733
"NTS",0.0140869565217391,0.651113406855832,0.891817622818486,0.973911645589319,4,1.25698812334731,12.8494061664534,0.643455698575474,2.9475510191526,0.138107789061089,0.330058561137676,0.074491023306347,10.3309977366025
"NTS",0.0140147157190635,0.647774363743751,0.891245909885584,0.973287305063812,4,1.25718608784012,12.8593043932643,0.644550178250082,2.94021743348264,0.138142345947369,0.329115994588775,0.0740849607823725,10.3488542255415
"NTS",0.013942474916388,0.64443532063167,0.890664788720215,0.972652690254718,4,1.25738491026241,12.8692455136374,0.645649018175936,2.93285905012101,0.138176792489516,0.328168897249826,0.0736787429708972,10.3667813974316
"NTS",0.0138702341137124,0.641096277519588,0.890074166756021,0.972007700074717,4,1.25758460508175,12.8792302544573,0.646752244408879,2.9254761286012,0.138211126130916,0.327217298292347,0.0732723933708549,10.3847797518419
"NTS",0.0137979933110368,0.637757234407507,0.889473932797517,0.971352213092505,4,1.25778517405478,12.8892587051027,0.647859867906737,2.91806860875552,0.13824534366862,0.326261182816486,0.0728659190453647,10.4028494466197
"NTS",0.0137257525083612,0.634418191295426,0.888863955893758,0.970686086302776,4,1.25798660999764,12.8993305026744,0.648971891192257,2.91063617044136,0.138279444431687,0.325300497986671,0.0724593159442156,10.4209904262813
"NTS",0.0136535117056856,0.631079148183345,0.888244127061454,0.97000920069006,4,1.25818891816368,12.9094458935807,0.650088327596446,2.90317884083773,0.138313426566837,0.32433524107263,0.0720525952648188,10.4392029239315
"NTS",0.01358127090301,0.627740105071264,0.887614328311895,0.969321427404492,4,1.2583921052912,12.9196052689519,0.651209207383065,2.89569655167977,0.13834728691433,0.323365395604823,0.0716457626066857,10.4574874228782
"NTS",0.0135090301003344,0.624401061959182,0.886974437987234,0.968622633589319,4,1.2585961791918,12.9298089617876,0.652334555179471,2.88818923837934,0.138381026579776,0.322390946638821,0.0712388243950275,10.4758443363115
"NTS",0.0134367892976589,0.621062018847101,0.886324333741953,0.967912685636817,4,1.25880112991249,12.9400564957549,0.65346435392731,2.8806567667556,0.138414640328995,0.32141186670653,0.0708317870664757,10.494273304209
"NTS",0.0133645484949833,0.61772297573502,0.885663896799207,0.967191453836434,4,1.2590069676431,12.9503483830417,0.654598636125653,2.87309913067029,0.138448127935556,0.320428148544913,0.070424658855498,10.5127748717971
"NTS",0.0132923076923077,0.614383932622939,0.884992983697937,0.966458781521169,4,1.25921368912906,12.9606844585721,0.655737416026479,2.86551600506667,0.138481487239014,0.319439740333132,0.0700174353717689,10.5313491982883
"NTS",0.0132200668896321,0.611044889510858,0.884311510056627,0.965714576541975,4,1.25942129937677,12.9710649712372,0.65688067618264,2.85790786864114,0.138514715016774,0.31844669909973,0.0696101502583603,10.5499960565654
"NTS",0.0131478260869565,0.607705846398776,0.883619291883149,0.964958637969794,4,1.25962980967317,12.9814904796467,0.658028501566854,2.85027397212401,0.138547816576963,0.317448916584339,0.0692027741497445,10.5687167958536
"NTS",0.0130755852842809,0.604366803286695,0.882916233217857,0.964190861011658,4,1.25983921068204,12.991960532543,0.659180859995557,2.84261451219949,0.138580773742214,0.316446413241448,0.0687953327936081,10.5875107617265
"NTS",0.0130033444816054,0.601027760174614,0.882202203528612,0.963411103119619,4,1.26004950883534,13.0024754388651,0.660337756013802,2.83492960628801,0.138613598187816,0.315439196606025,0.068387836183144,10.6063781371872
"NTS",0.0129311036789298,0.597688717062533,0.881477059050244,0.962619207294567,4,1.26026071634649,13.0130358108891,0.661499246257481,2.82721901967296,0.138646285384406,0.31442722503862,0.0679802894295216,10.6253198143726
"NTS",0.0128588628762542,0.594349673950452,0.880740628523736,0.961814986512669,4,1.26047282242535,13.0236411212602,0.662665344883772,2.81948214168718,0.138678830624676,0.313410411940742,0.0675726676063433,10.6443358708276
"NTS",0.0127866220735786,0.59101063083837,0.879992822998447,0.960998343635157,4,1.26068584206606,13.034292102437,0.663836046821986,2.81171965369741,0.138711246572214,0.312388833653746,0.0671650124613996,10.6634263583394
"NTS",0.012714381270903,0.587671587726289,0.879233487063952,0.960169108945689,4,1.26089976476159,13.0449882388231,0.665011357487626,2.80393109955779,0.138743494148837,0.311362437774464,0.0667573286160273,10.6825912454918
"NTS",0.0126421404682274,0.584332544614208,0.878462459580927,0.95932710647167,4,1.26111460378067,13.0557301891876,0.666191329689384,2.79611630696324,0.13877560385132,0.310331180758349,0.0663495981416323,10.7018313656005
"NTS",0.0125698996655518,0.580993501502127,0.877679610865689,0.95847219459171,4,1.26133037026446,13.0665185143833,0.667375990799224,2.78827534380216,0.138807569057776,0.30929506407682,0.0659418459014392,10.7211472501441
"NTS",0.0124976588628763,0.577654458390046,0.876884795798765,0.95760421482773,4,1.2615470387519,13.0773519384976,0.668565278814623,2.78040807732182,0.138839379547369,0.308254064873979,0.0655340739466862,10.7405376966331
"NTS",0.0124254180602007,0.574315415277965,0.876077842585503,0.956722979570955,4,1.26176465155997,13.0882325793208,0.669759332314168,2.77251432433344,0.138871039550902,0.307208153874743,0.0651262818268574,10.7600051143458
"NTS",0.0123531772575251,0.570976372165883,0.875258613924031,0.955828338880533,4,1.26198317328757,13.0991586632706,0.670958065516473,2.76459388077924,0.138902540111465,0.306157286243539,0.064718472324133,10.7795478620229
"NTS",0.0122809364548495,0.567637329053802,0.874426954220721,0.95492012284006,4,1.26220263078495,13.1101315389366,0.67216154511871,2.75664687550328,0.138933884467982,0.305101483098288,0.0643106617500418,10.7991672145327
"NTS",0.0122086956521739,0.564298285941721,0.873582710367524,0.953998164247509,4,1.26242301866423,13.1211509349258,0.673369780640343,2.74867308710355,0.1389650667626,0.304040698418574,0.0639028515592705,10.8188631240401
"NTS",0.0121364548494983,0.56095924282964,0.87272570085955,0.953062264890016,4,1.26264433515773,13.1322167542916,0.674582777314123,2.74067228663988,0.138996082954821,0.302974897878187,0.0634950453718733,10.8386357185366
"NTS",0.0120642140468227,0.557620199717559,0.87185576970946,0.95211225442122,4,1.26286661816049,13.1433309105198,0.675800651106847,2.73264449349762,0.139026944259474,0.301904072023319,0.0630872430215342,10.858486982979
"NTS",0.0119919732441472,0.554281156605477,0.870972765775771,0.951147967786693,4,1.2630898080314,13.1544904011393,0.677023243108025,2.72458949015352,0.139057629744735,0.300828185473067,0.0626794593009142,10.8784140044014
"NTS",0.0119197324414716,0.550942113493396,0.870076508749696,0.950169208079772,4,1.26331396513076,13.1656982565102,0.678250731283838,2.71650729134955,0.139088148101317,0.299747235419358,0.0622716953360876,10.8984199406079
"NTS",0.011847491638796,0.547603070381315,0.86916682805206,0.94917578901905,4,1.26353908187501,13.1769540917599,0.679483106652824,2.70839774160749,0.139118494768514,0.298661192611253,0.0618639568054769,10.9185045498038
"NTS",0.0117752508361204,0.544264027269234,0.868243551288926,0.948167522341301,4,1.26376513613422,13.1882568077768,0.680720325630853,2.70026058828756,0.139148662890419,0.297570011400052,0.0614562471524503,10.9386669448858
"NTS",0.0117030100334448,0.540924984157153,0.867306511742307,0.947144225981731,4,1.26399212698034,13.1996063488708,0.681962382791101,2.69209585124218,0.139178652454571,0.296473688454766,0.0610485812766081,10.9589070441785
"NTS",0.0116307692307692,0.537585941045072,0.866355491554924,0.946105662028761,4,1.26422011810657,13.2110059065679,0.683209494532517,2.68390320669723,0.139208465485217,0.295372168459304,0.0606409407191536,10.9792285289307
"NTS",0.0115585284280936,0.53424689793299,0.865390345267282,0.945051671632988,4,1.26444905565551,13.2224527828178,0.684461498074381,2.67568270655193,0.139238093224323,0.294265452829363,0.0602333533376231,10.9996285207147
"NTS",0.0114862876254181,0.530907854820909,0.864410874000922,0.943982037608697,4,1.26467894963747,13.2339474819143,0.685718444573817,2.66743410785477,0.139267532172054,0.29315350491928,0.0598258133805744,11.0201078006895
"NTS",0.0114140468227425,0.527568811708828,0.863416886217936,0.942896550786443,4,1.26490982279355,13.2454911387034,0.686980402505945,2.65915736440683,0.139296786383318,0.292036304931003,0.0594183301248384,11.0406676021231
"NTS",0.0113418060200669,0.524229768596747,0.862408204800889,0.941795017744691,4,1.26514167329997,13.257083649463,0.68824737733468,2.65085240355657,0.139325847028994,0.290913837172881,0.0590109119153498,11.0613079011211
"NTS",0.0112695652173913,0.520890725484666,0.861384611759899,0.94067720042705,4,1.26537448933746,13.2687244617247,0.68951936231999,2.64251886398152,0.139354715121297,0.289786037852475,0.0586035567597018,11.0820284837596
"NTS",0.0111973244147157,0.517551682372584,0.860345909161025,0.939542882679268,4,1.26560827806621,13.280413899927,0.690796392515996,2.63415658126477,0.139383377998812,0.288652890601077,0.0581962639548135,11.1028298736277
"NTS",0.0111250836120401,0.514212639260503,0.859291903516211,0.938391853202235,4,1.26584305746052,13.2921528690668,0.692078516985393,2.62576562064919,0.139411844852861,0.287514380598625,0.0577890507513838,11.1237129402668
"NTS",0.0110528428093645,0.510873596148422,0.858222357875829,0.937223853234524,4,1.26607883350309,13.3039416763098,0.693365789623549,2.61734552249871,0.139440109336784,0.286370444754321,0.0573819064446295,11.1446784876601
"NTS",0.010980602006689,0.507534553036341,0.857137108625421,0.936038704100557,4,1.26631558576007,13.3157792902858,0.694658139352852,2.60889647376481,0.139468163188901,0.285221100495742,0.0569748526740918,11.1657252458744
"NTS",0.0109083612040134,0.50419550992426,0.856035920794623,0.934836149200368,4,1.26655335368526,13.327667683338,0.695955697514813,2.60041828427843,0.139496010416313,0.284066312837365,0.0565678896078758,11.1868554770219
"NTS",0.0108361204013378,0.500856466812178,0.854918575169966,0.933615949141344,4,1.26679212120007,13.3396060607729,0.697258439811864,2.59191069302243,0.139523642049892,0.282906040881293,0.05616101828502,11.2080686226097
"NTS",0.0107638795986622,0.497517423700097,0.853784887944334,0.932377903196468,4,1.26703188476235,13.3515942372938,0.698566343204341,2.58337386376764,0.139551064574936,0.28174028585528,0.055754260902845,11.229364312415
"NTS",0.0106916387959866,0.494178380588016,0.852634522538705,0.931121643803786,4,1.2672726621085,13.3636331065576,0.699879538405981,2.57480676483317,0.139578268583715,0.280568913008649,0.0553475747209269,11.2507445484686
"NTS",0.010619397993311,0.490839337475935,0.851467359639701,0.929847040666827,4,1.26751443033521,13.3757215149667,0.701197928252327,2.56620991621439,0.139605230371911,0.279391980970543,0.0549410128602576,11.2722076174684
"NTS",0.0105471571906355,0.487500294363854,0.850283130108421,0.928553799871787,4,1.26775722289263,13.3878611453357,0.70252161871232,2.55758313928046,0.139631974045498,0.278209455188976,0.0545345639615939,11.2937554379167
"NTS",0.0104749163879599,0.484161251251772,0.849081573161145,0.927241636629158,4,1.26800104089641,13.4000520448879,0.703850650958143,2.54892600172192,0.139658489411899,0.277021266143329,0.0541282244495215,11.3153885150116
"NTS",0.0104026755852843,0.480822208139691,0.847862475732107,0.925910318259943,4,1.26824587411954,13.4122937080138,0.705184993638509,2.54023855351317,0.139684768340676,0.275827415280534,0.0537220102786775,11.337106271034
"NTS",0.0103304347826087,0.47748316502761,0.846625577815717,0.924559560824393,4,1.2684917321749,13.4245866082399,0.706524698533265,2.53152050792541,0.139710809450446,0.274627852247399,0.0533159211494803,11.3589095006877
"NTS",0.0102581939799331,0.474144121915529,0.845370650894241,0.923189114769148,4,1.26873862292004,13.4369311322859,0.707869785262933,2.52277192759947,0.139736608943878,0.273422579718574,0.0529099713624482,11.3807985460339
"NTS",0.0101859531772575,0.470805078803448,0.844097368490686,0.921798623564201,4,1.26898653840859,13.4493269219799,0.709220297680047,2.51399197671939,0.139762160604412,0.272211470500938,0.0525041390739583,11.4027738978784
"NTS",0.0101137123745819,0.467466035691367,0.842805540577765,0.920387879689781,4,1.26923549512026,13.4617747521933,0.710576247709282,2.50518114691835,0.139787467420047,0.270994578290414,0.0520984604474138,11.4248358579793
"NTS",0.00996923076923077,0.460787949467204,0.840165089673109,0.91750436873434,4,1.26973652557711,13.4868262790075,0.71330458497731,2.48746515122045,0.139837294200856,0.268543223345918,0.0512875219739165,11.4692211365443
"NTS",0.00989698996655518,0.457448906355123,0.838815922583404,0.916031007469784,4,1.26998863042015,13.4994315198122,0.714677079394906,2.47855980903679,0.139861821086416,0.267308708030965,0.0508822824075067,11.4915462457942
"NTS",0.0098247491638796,0.454109863243042,0.837447077073536,0.914536156337711,4,1.27024178653424,13.5120893280142,0.716055136217235,2.46962247232692,0.139886083194803,0.266068218985262,0.0504771991223263,11.5139596809749
"NTS",0.00975250836120401,0.450770820130961,0.836058277005795,0.91301951378125,4,1.2704959798635,13.5247989927697,0.717438728511011,2.46065298627012,0.13991006881649,0.264821738021077,0.0500722781409451,11.5364608636293
"NTS",0.00968026755852843,0.447431777018879,0.834649253901355,0.911480786607434,4,1.27075123273637,13.5375616279819,0.718827922978642,2.45165138344489,0.139933775451392,0.263569261116941,0.049667531788534,11.5590509329969
"NTS",0.00960802675585284,0.444092733906798,0.833219613745986,0.909919544532048,4,1.27100757428291,13.5503787124605,0.720222868382506,2.44261687503961,0.139957202247044,0.262310665820313,0.0492629394665987,11.581732250754
"NTS",0.00953578595317726,0.440753690794717,0.831769148722681,0.908335560608012,4,1.27126496803816,13.5632484052898,0.721623422899667,2.43354986303687,0.139980347312798,0.261045998946642,0.0488585330039731,11.6045024704543
"NTS",0.00946354515050167,0.437414647682636,0.830297521226641,0.906728466153168,4,1.27152343251406,13.5761716288656,0.723029687191381,2.42444989587987,0.140003198905008,0.259775190353474,0.0484543086568245,11.6273630403393
"NTS",0.00939130434782609,0.434075604570555,0.828804368704631,0.90509786524036,4,1.27178297836154,13.5891489181562,0.724441724771437,2.41531652589195,0.140025752116376,0.258498169444621,0.0480502576719561,11.6503149802495
"NTS",0.0093190635451505,0.430736561458473,0.827289415641131,0.903443456992179,4,1.27204361829428,13.6021809141111,0.72585956379312,2.40614991627368,0.140048010772821,0.257214946480591,0.0476464014564877,11.6733587934765
"NTS",0.00924682274247492,0.427397518346392,0.8257523179461,0.901764865644244,4,1.27230531133302,13.6152655688673,0.727283129061086,2.39694954349302,0.140069950134598,0.255925447003861,0.047242739609338,11.6964928905123
"NTS",0.00917458193979933,0.424058475234311,0.82419277494968,0.900061762849291,4,1.27256808674532,13.6284043345978,0.728712496568296,2.38771555273128,0.140091581791752,0.254629674421117,0.0468392854220853,11.7197186349661
"NTS",0.00910234113712375,0.42071943212223,0.822610322815392,0.898333642073543,4,1.27283199437277,13.6415997169394,0.730147878291303,2.37844709310042,0.140112910476569,0.253327495612974,0.0464360136013312,11.7430395260834
"NTS",0.00903010033444816,0.417380389010149,0.821004719695533,0.896580239206616,4,1.27309696866546,13.6548484311774,0.731589077838077,2.36914433150018,0.140133889860539,0.252018951458648,0.0460329571101209,11.7664519896063
"NTS",0.00895785953177258,0.414041345898068,0.819375575599077,0.894801128357845,4,1.27336303469926,13.6681517350223,0.733036189210913,2.35980699291569,0.14015455025651,0.250703964357214,0.0456301140024077,11.7899575948756
"NTS",0.00888561872909699,0.410702302785986,0.817722542655774,0.892995929634661,4,1.2736302143118,13.6815107436323,0.734489289324767,2.35043498848557,0.140174877393318,0.249382522217531,0.045227496492839,11.8135576194738
"NTS",0.00881337792642141,0.407363259673905,0.81604516999989,0.891164150668019,4,1.27389851074135,13.6949255368848,0.735948447819306,2.34102751197366,0.140194851660403,0.248054522821691,0.0448250755218072,11.8372529954463
"NTS",0.00874113712374582,0.404024216561824,0.814343149557889,0.889305455025454,4,1.27416790368614,13.70839518385,0.737413592393073,2.33158482711917,0.140214490296769,0.246719957153627,0.0444228952429672,11.8610424515314
"NTS",0.00866889632107024,0.400685173449743,0.812616062757407,0.887419385603977,4,1.27443839052369,13.721919526041,0.738884760420967,2.32210637945517,0.140233765391103,0.245378762964313,0.0440209396424156,11.8849264213707
"NTS",0.00859665551839465,0.397346130337662,0.810863513551716,0.885505509899775,4,1.27471003102925,13.7355015523097,0.740362133676865,2.31259215006719,0.140252679717017,0.244030927876456,0.0436192215513794,11.9089080595799
"NTS",0.00852441471571906,0.39400708722558,0.809085100302331,0.883563389302548,4,1.27498275559498,13.7491377838139,0.741845545126989,2.30304167857902,0.14027122201499,0.242676369128463,0.0432177443614303,11.9329841923113
"NTS",0.00845217391304348,0.390668044113499,0.807280418368397,0.881592581923245,4,1.27525660311086,13.7628301531648,0.743335118406584,2.29345488316982,0.14028939352742,0.241315064708858,0.0428165181279293,11.9571569335549
"NTS",0.00837993311036789,0.387329001001418,0.805448926929662,0.87959249715777,4,1.2755316010014,13.7765800536394,0.744831007912388,2.2838308515303,0.140307182201579,0.239946885927379,0.042415515790683,11.9814286960041
"NTS",0.00830769230769231,0.383989957889337,0.803590403557784,0.877562892102701,4,1.27580773745793,13.7903868742002,0.746333109875238,2.2741705773641,0.140324588066673,0.238571951786889,0.0420148017689141,12.0057978129916
"NTS",0.00823545150501672,0.380650914777256,0.801704126297843,0.875502978345378,4,1.27608500099171,13.8042500461775,0.747841551915244,2.26447196171222,0.140341573613813,0.237189982962789,0.0416143024862285,12.030265884697
"NTS",0.00816321070234114,0.377311871665174,0.799789946469682,0.873412593519267,4,1.27636337557658,13.8181687789297,0.74935617327733,2.25473659270999,0.140358161369944,0.235801164360746,0.0412141100247089,12.0548304205979
"NTS",0.00809096989966555,0.373972828553093,0.797847050127491,0.871290848752829,4,1.2766429095796,13.8321454782197,0.750877281195058,2.24496227287326,0.140374338941766,0.234405184717975,0.0408141402586192,12.0794962163076
"NTS",0.00801872909698997,0.370633785441012,0.795875243087069,0.869137531986725,4,1.27692358045445,13.8461790223134,0.752404730349249,2.23515019539062,0.140390085689782,0.233002217889981,0.0404144592533751,12.1042608901938
"NTS",0.00794648829431438,0.367294742328931,0.793873930837999,0.86695199398438,4,1.27720538709431,13.8602693537089,0.753938587916894,2.22529946435131,0.140405402797568,0.231592106431861,0.0400150612332793,12.129125298475
"NTS",0.0078742474916388,0.36395569921685,0.791842617050295,0.864733692727406,4,1.27748833675663,13.8744168383095,0.755478902057763,2.21540977463517,0.140420287391898,0.230174790219179,0.0396159481969204,12.154090142394
"NTS",0.00780200668896321,0.360616656104768,0.789780790070801,0.862482069463701,4,1.27777242875466,13.8886214344727,0.757025699439814,2.20548081636685,0.140434709773786,0.228750265963707,0.0392171080901265,12.1791557223661
"NTS",0.00772976588628763,0.357277612992687,0.787687915256787,0.860196540335349,4,1.27805769850685,13.9028849252029,0.758579121767461,2.19551223313398,0.1404486713588,0.227318418821873,0.038818577440295,12.2043242788146
"NTS",0.00765752508361204,0.353938569880606,0.785563463824022,0.857876527882221,4,1.27834410582345,13.917205291553,0.760139074822252,2.1855036621947,0.14046216060769,0.2258792249195,0.0384203304549241,12.2295940704652
"NTS",0.00758528428093646,0.350599526768525,0.783406984655763,0.855521539461156,4,1.27863165912553,13.9315829474804,0.761705585747463,2.17545524720555,0.140475175722582,0.224432664623463,0.0380224118481191,12.2549653889603
"NTS",0.00751304347826087,0.347260483656444,0.781217608196215,0.853130625471597,4,1.27892035672512,13.9460178356177,0.763278793121739,2.16536507538781,0.14048769495375,0.222978471143311,0.037624762097167,12.2804401532482
"NTS",0.00744080267558529,0.343921440544363,0.778995255736003,0.850703699958773,4,1.27921022600012,13.9605113043155,0.764858615857615,2.15523542771753,0.140499732636142,0.221516959332153,0.037227473297995,12.3060174281516
"NTS",0.0073685618729097,0.340582397432281,0.776738643156094,0.848239360597311,4,1.27950128849625,13.9750644258244,0.766445412356788,2.14506240269372,0.140511234996299,0.22004758403611,0.0368304253229904,12.3317023935918
"NTS",0.00729632107023412,0.3372433543202,0.774447753869642,0.845737589273505,4,1.27979347534912,13.9896737670644,0.768038812800909,2.13484839166729,0.140522216652646,0.218570636203333,0.0364337473690226,12.3574889795094
"NTS",0.00722408026755853,0.333904311208119,0.772121764921632,0.843197487277292,4,1.2800869054975,14.0043452756555,0.769639235069263,2.12459248871214,0.140532688929339,0.217086005350732,0.0360373895445395,12.383384343588
"NTS",0.00715183946488294,0.330565268096038,0.769760129852774,0.84061845784645,4,1.28038133227575,14.0190666142004,0.771246044208751,2.11429372926724,0.140542558717373,0.215593551288806,0.035641382180882,12.409376616107
"NTS",0.00707959866220736,0.327226224983957,0.767361936996293,0.837999505393016,4,1.2806770042693,14.0338502154595,0.772860015206074,2.10395143271302,0.140551895026758,0.214093150595878,0.0352456747624434,12.4354794796953
"NTS",0.00700735785953177,0.323887181871875,0.764926895057977,0.835340311808425,4,1.28097384405619,14.0486922059133,0.774480852669346,2.09356669508498,0.140560668587266,0.212584933395903,0.0348503631970944,12.4616877732629
"NTS",0.00693511705685619,0.320548138759794,0.762453840253522,0.832639606179143,4,1.28127188864028,14.0635944315847,0.776108852027801,2.08313700683711,0.140568870986733,0.211068549929747,0.0344553476985735,12.4880060140765
"NTS",0.0068628762541806,0.317209095647713,0.759942786230324,0.829897403408841,4,1.28157099836952,14.078549909918,0.777743447258731,2.07266474455181,0.140576457886446,0.209544332775142,0.0340607697744355,12.5144244804259
"NTS",0.00679063545150502,0.313870052535632,0.757391891185518,0.827111692152137,4,1.28187135875204,14.0935679375531,0.77938555823692,2.0621449070431,0.140583415360937,0.208011568581871,0.0336664402318552,12.5409580735008
"NTS",0.00671839464882943,0.310531009423551,0.754801401593647,0.824282741572165,4,1.28217283544982,14.1086417727496,0.781034513454351,2.05158122776211,0.140589739199876,0.20647077841014,0.0332725316176491,12.5675958897272
"NTS",0.00664615384615385,0.307191966311469,0.752170200182929,0.821409331549508,4,1.28247548277575,14.1237741396794,0.782690631358897,2.0409717703684,0.140595435349333,0.204921656225234,0.0328789875606388,12.5943427733214
"NTS",0.00657391304347826,0.303852923199388,0.749497525685066,0.818490630739233,4,1.28277926924654,14.1389634613099,0.784353859381377,2.03031610165992,0.140600462846102,0.20336413868821,0.0324858329208436,12.6211975459383
"NTS",0.00650167224080268,0.300513880087307,0.746782567644888,0.815525754081761,4,1.2830842074125,14.1542103705821,0.786024272761234,2.01961378479737,0.140604833925112,0.201798138633009,0.0320930662533611,12.6481613116563
"NTS",0.00642943143812709,0.297174836975226,0.744024469744533,0.812513766433052,4,1.28339030735285,14.1695153661838,0.787701979681145,2.00886397237323,0.140608474616521,0.200223575457905,0.0317006699745922,12.6752355470876
"NTS",0.00635719063545151,0.293835793863145,0.741222422741861,0.809453784058218,4,1.28369753761734,14.1848768811373,0.789386893154792,1.9980666330591,0.140611415767105,0.19864040070759,0.0313086867557078,12.7024185874475
"NTS",0.00628494983277592,0.290496750751064,0.738375517919759,0.806344814590484,4,1.28400591544098,14.2002957717691,0.791079131834739,1.98722098213926,0.140613633450601,0.197048472286978,0.0309171128134378,12.7297121698938
"NTS",0.00621270903010034,0.287157707638982,0.73548285284996,0.803185872530825,4,1.28431541629451,14.2157708139089,0.792778681524595,1.97632639182248,0.140615096118958,0.195447739840308,0.0305259244345457,12.7571156869905
"NTS",0.00614046822742475,0.283818664526901,0.73254352223301,0.799975969244727,4,1.28462606230698,14.2313031146922,0.794485639345626,1.96538254884865,0.140615799197421,0.193838107396522,0.0301351683108333,12.7846306223105
"NTS",0.00606822742474917,0.28047962141482,0.729556542049163,0.796714030130988,4,1.28493798120328,14.2468990599862,0.796200409377689,1.95438912488979,0.140615757460846,0.192219516501791,0.0297448316316375,12.8122640101139
"NTS",0.00599598662207358,0.277140578302739,0.726520961508935,0.793399016877595,4,1.28525132081168,14.2625660451892,0.797923429200359,1.94334613153808,0.14061497087198,0.19059195648147,0.0293549351041451,12.8400236022705
"NTS",0.00592374581939799,0.273801535190658,0.723435724145148,0.790029775766949,4,1.2855649414806,14.2782470737564,0.799651739452973,1.93224917508785,0.140613143375505,0.188954888559262,0.0289654488933206,12.867854344425
"NTS",0.00585150501672241,0.270462492078576,0.720299830872632,0.786605215745611,4,1.28588038313763,14.2940191602092,0.801389466689886,1.92110283762906,0.140610655459421,0.187308808449337,0.0285764207969769,12.8958320303422
"NTS",0.00577926421404682,0.267123448966495,0.717112256695316,0.783124217464083,4,1.28619595169791,14.3097975865473,0.803132145219055,1.90990123148299,0.140607014760872,0.18565305016796,0.0281878427810146,12.9238742234202
"NTS",0.00570702341137124,0.263784405854414,0.713871698836744,0.779585358222106,4,1.28651321609614,14.3256608042271,0.804884075722789,1.89864792555901,0.140602639027564,0.183987930591742,0.0277997118410031,12.952059241453
"NTS",0.00563478260869565,0.260445362742333,0.710577257756526,0.775987655674367,4,1.28683199406083,14.3415997030973,0.806644747299275,1.88734271729951,0.140597469944956,0.182313432372804,0.0274120672690024,12.9803777748981
"NTS",0.00556254180602007,0.257106319630252,0.707227563838297,0.772329614127921,4,1.28715136131221,14.3575680659661,0.808411824462968,1.87598124794143,0.140591228263263,0.180629014268376,0.0270248772129624,13.008786041215
"NTS",0.00549030100334448,0.25376727651817,0.703821540512602,0.768610057912425,4,1.28747133911093,14.3735669556953,0.810185404792836,1.86456336790568,0.140583864992032,0.178934680848143,0.0266381522226759,13.0372853561646
"NTS",0.0054180602006689,0.250428233406089,0.70035788096816,0.764827559921381,4,1.28779279789365,14.3896399012587,0.811967849364174,1.85309101130265,0.140575626504514,0.177230558962122,0.0262519359989739,13.0659192047245
"NTS",0.00534581939799331,0.247089190294008,0.696835308950743,0.760980726418196,4,1.28811525136654,14.4057625683187,0.813757956507006,1.84156187161011,0.140566319699026,0.17551640615356,0.0258662094602421,13.0946645920671
"NTS",0.00527357859531773,0.243750147181927,0.69325248639351,0.757068096163658,4,1.2884386888289,14.4219344424399,0.815555754288591,1.82997521118862,0.140555926506628,0.173792082485405,0.0254809953580771,13.1235217520003
"NTS",0.00520133779264214,0.240411104069846,0.689608031460034,0.753088160119873,4,1.28876310406792,14.4381552038396,0.817361270708579,1.81833043003607,0.14054446445716,0.172057468402455,0.0250962923640565,13.1524909398237
"NTS",0.00512909698996656,0.237072060957764,0.685900527660421,0.749039371405541,4,1.28908847858771,14.4544239313902,0.819174549902843,1.8066265791647,0.140531879134315,0.17031244317274,0.0247120951830623,13.1815722238977
"NTS",0.00505685618729097,0.233733017845683,0.682128508857177,0.744920128921578,4,1.28941538910653,14.4707694550702,0.820997183477237,1.79486461200377,0.140518269206148,0.168557065351431,0.0243284589243515,13.2107947995619
"NTS",0.00498461538461539,0.230393974733602,0.678290454869117,0.740728772550351,4,1.28974244811089,14.4871224049151,0.822825579876393,1.78303948457411,0.140503221967134,0.166790809515486,0.0239453228942518,13.2400914080101
"NTS",0.0049123745819398,0.227054931621521,0.674384795736501,0.736463587813437,4,1.29007151166321,14.5035755831648,0.824664740585593,1.77115589123472,0.140487208637754,0.16501407045653,0.0235627759046712,13.2695542189989
"NTS",0.00484013377926422,0.22371588850944,0.670409905812333,0.732122799419002,4,1.2903998860328,14.5199943014955,0.826507554454778,1.75920522779478,0.140469539478255,0.163225904162938,0.0231807501849683,13.2990513043721
"NTS",0.00476789297658863,0.220376845397358,0.666364211058896,0.727704688435257,4,1.29072955326524,14.5364776635444,0.828359367478464,1.74719261865046,0.140450616114302,0.16142688214977,0.02279931600705,13.3286810767047
"NTS",0.00469565217391305,0.217037802285277,0.662245650630504,0.723207004310561,4,1.2910607526967,14.5530376348316,0.830220942140267,1.73511695361339,0.140430560592106,0.159616700895016,0.0224184420590341,13.3584571208918
"NTS",0.00462341137123746,0.213698759173196,0.658052740596135,0.718628126514365,4,1.29139071817612,14.5695359086597,0.832084988538471,1.72297014784121,0.140408494912142,0.157794642004249,0.0220381419520377,13.3882433709522
"NTS",0.00455117056856187,0.210359716061115,0.653783504442762,0.713965896590717,4,1.29172226824329,14.5861134121753,0.833959055561584,1.71075920897241,0.140385220833882,0.155961266185172,0.0216584486797109,13.4181798273685
"NTS",0.00447892976588629,0.207020672949034,0.649436009015891,0.709218203433461,4,1.29205494037088,14.6027470185774,0.835842023814592,1.6984817137347,0.140360515209458,0.154116341453523,0.0212793716202469,13.4482449117545
"NTS",0.0044066889632107,0.203681629836953,0.645008345544258,0.704382962564205,4,1.29238804704207,14.6194023516857,0.83773210064994,1.68613517526719,0.140334211738635,0.152259532785057,0.0209009235986956,13.4784052377209
"NTS",0.00433444816053512,0.200342586724871,0.640498127186313,0.699457567426721,4,1.29272180458253,14.6360902254886,0.839630031643261,1.67371811268039,0.140306302188288,0.150390590917126,0.0205231006204327,13.5086737004163
"NTS",0.00426220735785953,0.19700354361279,0.635903697700571,0.694440209318387,4,1.29305632987101,14.6528164916736,0.841536133875881,1.66123123378357,0.140276743394602,0.148509674343477,0.0201459347530613,13.5390557556106
"NTS",0.00418996655518395,0.193664500500709,0.631222047483551,0.689327601594264,4,1.29339072747908,14.6695363760525,0.8434482880289,1.64866863100641,0.140245236439059,0.146615982333139,0.0197693758185484,13.5695107509995
"NTS",0.00397324414715719,0.183647371164465,0.616633429399462,0.673396065054038,4,1.29439670363844,14.7198351812154,0.849230465420355,1.61053628608992,0.140139805887171,0.140859145214591,0.0186438554263196,13.6614888352026
"NTS",0.00390100334448161,0.180308328052384,0.611580498899412,0.667877999776522,4,1.29473236878105,14.7366184399531,0.851171983916707,1.59767026869593,0.140100651501909,0.138914002717841,0.0182700638311203,13.6923293235206
"NTS",0.00382876254180602,0.176969284940303,0.606428246236601,0.662251469484967,4,1.29506947998532,14.7534739990077,0.853124093502539,1.5847284494243,0.140059783693546,0.136955802149001,0.017897014929885,13.7233252164432
"NTS",0.00375652173913044,0.173630241828222,0.601173824484612,0.656513365186325,4,1.29540397382022,14.770198695699,0.85507610473378,1.5716984951007,0.140015902723419,0.134983466419505,0.0175246936692477,13.7542771331248
"NTS",0.00368428093645485,0.170291198716141,0.595813887516926,0.650660032734836,4,1.29574330349098,14.7871651738189,0.857047979482582,1.558597840759,0.139971177197421,0.132998244574911,0.0171531425059897,13.7855563354243
"NTS",0.00361204013377927,0.16695215560406,0.59034570192137,0.644688487100958,4,1.29607476235367,14.8037381177318,0.85900599791922,1.54539253576651,0.139921781572831,0.13099733608224,0.0167823059461701,13.8165343296482
"NTS",0.00353979933110368,0.163613112491978,0.584766432426497,0.638595632019484,4,1.2964106307149,14.8205315333893,0.860982849328688,1.53211440178806,0.139871292181695,0.128983323069249,0.0164123270053626,13.8478196572702
"NTS",0.0034675585284281,0.160274069379897,0.579071123411407,0.632376055692324,4,1.29674877895958,14.8374389479657,0.862973246320862,1.51875225180996,0.139819051906994,0.126954833271901,0.0160431008712585,13.8793126534603
"NTS",0.00339531772575251,0.156935026267816,0.57325779806047,0.62602759933307,4,1.29707817611385,14.8539088053079,0.864947703901532,1.50527966594231,0.139761606040763,0.124910062887141,0.0156746464384775,13.9104647066822
"NTS",0.00332307692307693,0.153595983155735,0.567322232009296,0.619545649714118,4,1.29741609865746,14.8708049328975,0.86695235677752,1.49173844728445,0.139704150610024,0.122851979706549,0.0153071241667807,13.9421348048153
"NTS",0.00325083612040134,0.150256940043654,0.561260551935117,0.612925976963738,4,1.29774841746805,14.8874208734034,0.868949754015484,1.4780902119047,0.139642233364662,0.120777566188162,0.0149404273253585,13.9736249539853
"NTS",0.00317859531772575,0.146917896931572,0.555068697579639,0.606164147066797,4,1.2980735792793,14.90367896396,0.870935915969492,1.46432954214633,0.13957534602262,0.118686327356089,0.0145745519002118,14.0048596862859
"NTS",0.00303411371237458,0.14023981070741,0.542277226516351,0.592195189385311,4,1.29873193200699,14.936596600646,0.874953234288352,1.43653777382975,0.139435299558553,0.114457710690748,0.0138456035605098,14.0680344904191
"NTS",0.002961872909699,0.136900767595329,0.535668708676822,0.584978341097809,4,1.29905662793496,14.9528313945541,0.876961996010194,1.42248186353164,0.139359366668259,0.112318281200615,0.0134825337584606,14.099556773127
"NTS",0.00288963210702341,0.133561724483248,0.528911294688895,0.577598890402372,4,1.29938038408355,14.9690192020469,0.878976489465119,1.40832023710507,0.139279997150515,0.110161842529723,0.0131204223860547,14.1311416462876
"NTS",0.00281739130434783,0.130222681371166,0.522000176441292,0.570051586589162,4,1.29971041935661,14.9855209678311,0.8810158610614,1.3940689554721,0.139199304650211,0.107989415266722,0.0127593225837507,14.1631495165414
"NTS",0.00274515050167224,0.126883638259085,0.514930024789094,0.562330609952261,4,1.30002976130097,15.0014880651252,0.883035235502413,1.37968428437821,0.139111864936818,0.105797894457815,0.0123992115212095,14.1947395975895
"NTS",0.00267290969899666,0.123544595147004,0.507694958774123,0.554429538176713,4,1.30033623131781,15.0168115658032,0.885028950505803,1.36515850606059,0.139016815924194,0.103586672956673,0.0120400998529898,14.2258063087444
"NTS",0.00260066889632107,0.120205552034923,0.500289439860098,0.546342322890244,4,1.3006479170819,15.0323958610359,0.88704488078392,1.35053406088631,0.138919774348137,0.101358369161035,0.0116821324035417,14.2572501070796
"NTS",0.00252842809364549,0.116866508922842,0.492705452574081,0.538060210775762,4,1.30095782503646,15.0478912518738,0.889064757109742,1.33578799917928,0.138818490240573,0.0991108888448127,0.0113252077490061,14.2887296130009
"NTS",0.00238394648829432,0.110188422698679,0.476978840168516,0.520885924715969,4,1.30155887130031,15.077943565016,0.893080534808572,1.30589437338251,0.138597784793904,0.0945565036555624,0.0106148266984546,14.3511334503573
"NTS",0.00231170568561873,0.106849379586598,0.46882097008494,0.511977102469902,4,1.30185371876224,15.092685938241,0.895086232849378,1.29074917843236,0.138479437499692,0.0922490726829757,0.0102614045267,14.3822489755616
"NTS",0.00216722408026756,0.100171293362436,0.45187535659164,0.493471603250653,4,1.30243971270252,15.1219856351202,0.899113260978362,1.26005973076224,0.138228055924414,0.0875719764339482,0.00955844362492103,14.4447100585719
"NTS",0.00209498327759198,0.0968322502503546,0.443069997597111,0.483855689134419,4,1.30269312393952,15.1346561971383,0.901034863689961,1.24442151393545,0.138082244668806,0.0851969609403243,0.00920880125519367,14.4741836985263
"NTS",0.00202274247491639,0.0934932071382733,0.434030333155294,0.47398390117369,4,1.30297287682903,15.1486438408429,0.9030336759335,1.22870474773189,0.137940402603366,0.0828029949078163,0.00886065058042217,14.5051169417486
"NTS",0.00195050167224081,0.0901541640261922,0.424745764310641,0.463844664752788,4,1.3032125033583,15.1606251679108,0.904934766748462,1.21275091809747,0.13777978856144,0.0803821264236463,0.00851380815948558,14.5342056757192
"NTS",0.00187826086956522,0.0868151209141109,0.415205300744702,0.453425977867207,4,1.30345694478014,15.1728472378707,0.906855897094192,1.19665892002895,0.137615343750687,0.0779385990508178,0.00816847316083906,14.5636928611806
"NTS",0.00180602006688963,0.0834760778020297,0.405397035645567,0.442714837653488,4,1.30371911319218,15.1859556595827,0.908830670641718,1.18045223993667,0.137451391256111,0.0754726993160247,0.00782470005838825,14.5942279564754
"NTS",0.00173377926421405,0.0801370346899486,0.39530826424359,0.431697369836446,4,1.30393481342901,15.196740671449,0.910689098042584,1.16398177481929,0.137265854935703,0.0729776298168884,0.00748244176310005,14.6226158479326
"NTS",0.00158929765886288,0.0734589484657862,0.374233348399212,0.408682455749205,4,1.30430136070761,15.2150680352496,0.914252024831377,1.13039191022672,0.136853162490404,0.0679046716880642,0.0068028427148824,14.6766947390633
"NTS",0.00144481605351171,0.0667808622416238,0.351857672279306,0.384247043178819,4,1.3046189099259,15.2309454966243,0.917698188286472,1.09597980127466,0.136396193457865,0.0627188147839709,0.00613036547911681,14.7290897775955
"NTS",0.00130033444816054,0.0601027760174615,0.32803746126786,0.358234122699489,4,1.30489600008036,15.2448000136866,0.921036245445291,1.0606989934853,0.135894503006657,0.057411935189361,0.0054656263927879,14.7802975104608
"NTS",0.0010113712374582,0.0467466035691367,0.275347498373459,0.300693918115563,4,1.305086289557,15.2543144778747,0.926647826265523,0.986695736604045,0.134655860351006,0.046377779950327,0.00416227155493292,14.8673785178697
"NTS",0.000722408026755852,0.0333904311208118,0.214329426831923,0.234058981840258,4,1.30460277983933,15.2301389919848,0.929973860450249,0.906980867555402,0.132996861551245,0.0346804979760517,0.00290045221241623,14.9253727030145
"NTS",0.0216,0.998373890512276,0.915706595278229,0.999999657178703,4,1.24086791319268,12.0433956579755,0.552203007798586,3.58076044097209,0.13429850348784,0.405611935840188,0.114034112906835,8.84242529459592
"NTS",0.0236,1.09081591741156,0.914799154724129,0.999008684472283,4,1.23808474914611,11.904237456926,0.535674362348722,3.70267692322701,0.13346969443419,0.418471348913218,0.12239179285448,8.57352333891191
"NTS",0.0256,1.18325794431085,0.912454717423331,0.996448435906679,4,1.2359943036945,11.7997151832744,0.522878265682043,3.8003192276942,0.13294265789571,0.428101881185843,0.128911759693209,8.36594932059383
"NTS",0.0276,1.27569997121013,0.909260081548208,0.992959725880557,4,1.23457858829836,11.7289294005864,0.513854981313111,3.87210358335415,0.132841096376538,0.434532208055436,0.133258176634921,8.2202536465098
"NTS",0.0296,1.36814199810941,0.905657064454804,0.989025042132737,4,1.23370261881715,11.6851309472699,0.507979969254861,3.92112750002565,0.133162921631341,0.438299104402151,0.135653151478332,8.12603449887212
"NTS",0.0316,1.4605840250087,0.901922568026314,0.984946776051131,4,1.23317158784611,11.6585793805955,0.504217988864416,3.95400394957537,0.133780397386109,0.440273440954155,0.136726184331062,8.0662150066759
"NTS",0.0336,1.55302605190798,0.898198254707358,0.980879630459535,4,1.23283032548752,11.6415162746974,0.501687308250782,3.97690722817882,0.134550294487583,0.441210145186449,0.137064637263043,8.02632695996607
"NTS",0.0356,1.64546807880727,0.894545335330131,0.97689045079897,4,1.23258893310919,11.6294466557818,0.499848709298959,3.99386350796289,0.135376965514343,0.441580939409416,0.137032729710926,7.99756376142346
"NTS",0.0376,1.73791010570655,0.890985766323851,0.973003214642391,4,1.23240172607617,11.6200863044162,0.498412772400427,4.00716246350543,0.136209275855992,0.441643484650083,0.136821540278925,7.97522220129311
"NTS",0.0396,1.83035213260584,0.887523211162351,0.969221922695476,4,1.23224598758094,11.612299372487,0.497226636129388,4.01808415237341,0.137022806904496,0.441534715975624,0.136526503339977,7.95683249452178
"NTS",0.0416,1.92279415950512,0.884157400384024,0.96554628069201,4,1.23211016061564,11.6055080307831,0.4962075861288,4.02735840374436,0.137806057946251,0.441329039534435,0.136195774809069,7.94106578290579
"NTS",0.0436,2.01523618640441,0.880879287752899,0.961966409667578,4,1.2319879472702,11.5993973541295,0.495306954734805,4.03543960708777,0.13855577196826,0.441067763475922,0.135853147587576,7.92714669865977
"NTS",0.0456,2.10767821330369,0.877684828727293,0.958477892770409,4,1.23187591464835,11.593795733752,0.494496332461111,4.04260555302624,0.1392706530081,0.440775165870174,0.135511247332694,7.91462510222346
"NTS",0.0476,2.20012024020298,0.874567442343716,0.955073543243011,4,1.23177194538798,11.5885972686177,0.493756960785473,4.04904715452008,0.139951614071915,0.440465647593947,0.135176281747981,7.90320605253813
"NTS",0.0496,2.29256226710226,0.871519427123648,0.951744950666677,4,1.23167466706369,11.5837333531791,0.493075890661888,4.05490055174102,0.140600643641717,0.440147853427322,0.134851052119066,7.89268762277203
"NTS",0.0516,2.38500429400155,0.868535197264295,0.948486015051618,4,1.23158316868138,11.5791584339342,0.492444166632367,4.06026204695222,0.141219599599244,0.439827288752684,0.134536803339033,7.88293069953197
"NTS",0.0536,2.47744632090083,0.865611139900719,0.945292790959726,4,1.23149687229235,11.5748436128283,0.491855554902775,4.06520141331358,0.141810161717046,0.439507519220231,0.134233998662997,7.873839164504
"NTS",0.0556,2.56988834780012,0.862741906149564,0.942159437129673,4,1.23141521021906,11.5707605062427,0.491304551962397,4.06977747521274,0.142374379603675,0.439190804091989,0.133942450827045,7.86532800014967
"NTS",0.0576,2.6623303746994,0.859923365748447,0.939081443098185,4,1.23133781847828,11.5668909128706,0.490787216667845,4.07403444481013,0.142914058211664,0.43887846963175,0.13366170088547,7.8573368781065
"NTS",0.0596,2.75477240159869,0.857151809736355,0.936054758485193,4,1.23126438169095,11.5632190904245,0.490300256793079,4.07800868289554,0.143430879204551,0.438571391240129,0.133391201910461,7.8498154237684
"NTS",0.0616,2.84721442849797,0.854423900688803,0.933075738648017,4,1.23119462100721,11.5597310355539,0.48984090934472,4.081730003324,0.143926386878213,0.438270062911637,0.133130342032173,7.8427212799568
"NTS",0.0636,2.93965645539726,0.851736629410731,0.930141097387732,4,1.23112829453083,11.556414751031,0.489406821241035,4.08522365544752,0.144402007068022,0.437974776149461,0.132878538717195,7.83601844128975
"NTS",0.0656,3.03209848229654,0.849087936542197,0.92724858577521,4,1.23106520107712,11.5532600537526,0.48899605193342,4.08851027232644,0.144858891982076,0.437685740418374,0.132635302506049,7.82967713101456
"NTS",0.0676,3.12454050919583,0.846474034705037,0.924394067794737,4,1.23100511302496,11.5502556512458,0.48860662787319,4.09160976247128,0.145298478922462,0.437402813801637,0.132399949078056,7.82366709193905
"NTS",0.0696,3.21698253609511,0.84389335507431,0.921575830207149,4,1.23094788086836,11.5473940434229,0.488237129444239,4.09453714826555,0.145721728926657,0.437126018530465,0.132172037991623,7.81796657630352
"NTS",0.0716,3.30942456299439,0.841343861491857,0.918791649420882,4,1.23089333586764,11.5446667933468,0.487886132869537,4.09730652758474,0.146129636715784,0.436855261472096,0.131951123455089,7.81255368630102
"NTS",0.0736,3.40186658989368,0.838823068786093,0.916038811498144,4,1.230841309966,11.5420654927075,0.487552293258461,4.09993081280652,0.146523184093405,0.436590355435383,0.131736728269632,7.80740768568151
"NTS",0.0756,3.49430861679296,0.836330535460465,0.913316834301533,4,1.23079170352145,11.5395851794582,0.487234710028075,4.10241933444369,0.146903040571628,0.436331249203408,0.131528525500471,7.80251475240184
"NTS",0.0776,3.58675064369225,0.83386468117162,0.91062399201317,4,1.23074438875504,11.53721943762,0.48693231496804,4.10478249983642,0.147269965294524,0.436077851673183,0.131326222500716,7.79785847926629
"NTS",0.0796,3.67919267059153,0.831422838015656,0.907957371141988,4,1.23069919761091,11.5349598799487,0.48664397425965,4.10703001940125,0.147624831889646,0.435829838396614,0.131129364060718,7.79342112590866
"NTS",0.0816,3.77163469749082,0.829004303216823,0.905316204219986,4,1.23065603703116,11.5328018509009,0.486368918320763,4.10916931989802,0.147968224483286,0.435587099603171,0.130937708075799,7.78919089832559
"NTS",0.0836,3.8640767243901,0.826607855950196,0.902699158042279,4,1.23061481414524,11.5307407072573,0.486106426189444,4.11120726321181,0.148300718541487,0.4353494826504,0.130750975014016,7.78515662790957
"NTS",0.0856,3.95651875128939,0.824232365903235,0.900104998248256,4,1.23057542884508,11.5287714582438,0.485855762255935,4.11315042350916,0.148622895207411,0.435116795543355,0.130568902159025,7.78130695601008
"NTS",0.0876,4.04896077818867,0.821876199060176,0.897531940406952,4,1.23053775650735,11.5268878248195,0.485616105820321,4.11500556195706,0.148935341517449,0.434888864999887,0.130391241334653,7.77762899968946
"NTS",0.0896,4.14140280508796,0.819539559667845,0.894980207566618,4,1.23050176322246,11.5250881639664,0.485387095243544,4.11677672821745,0.149238372443279,0.434665632457327,0.130217843365929,7.77411732164226
"NTS",0.0916,4.23384483198724,0.817221527700976,0.892448795011384,4,1.23046734234122,11.5233671170607,0.485168041575832,4.11846948696017,0.149532454541772,0.434446972425612,0.130048543824441,7.77076106970899
"NTS",0.0936,4.32628685888653,0.81492010037208,0.889935515592207,4,1.23043443641757,11.5217218208733,0.48495849310754,4.12008809808728,0.149818151693506,0.434232539323166,0.129882961961011,7.76755341824982
"NTS",0.0956,4.41872888578581,0.81263450156279,0.887439521747101,4,1.23040291950292,11.5201460009897,0.484757718569674,4.1216379120605,0.150095838501521,0.434022286738161,0.129721052259829,7.76448269906989
"NTS",0.0976,4.5111709126851,0.810365136160989,0.884961255634881,4,1.23037281514924,11.5186407625545,0.484565602926238,4.12312167510129,0.150365736566192,0.433816207573581,0.129562708940485,7.76154753361317
"NTS",0.0996,4.60361293958438,0.808110745818829,0.882499343073661,4,1.23034393406666,11.5171967024215,0.484381323753784,4.12454340735441,0.150628270340059,0.433613997022302,0.129407750510477,7.75873433926061
"NTS",0.1016,4.69605496648367,0.80587067561634,0.880053068856465,4,1.23031631933649,11.5158159601309,0.484204777175692,4.12590650238251,0.150883736585956,0.433415683481023,0.129256024177947,7.75604219007857
"NTS",0.1036,4.78849699338295,0.803644322326258,0.877621774227465,4,1.23028988114744,11.5144940502154,0.484035494180715,4.12721398166647,0.151132474204286,0.433221066156685,0.129107384155747,7.7534635585537
"NTS",0.1056,4.88093902028224,0.801431665861933,0.875205437250982,4,1.23026455404937,11.5132277025118,0.483873090938705,4.12846874644891,0.151374664290506,0.433030118304712,0.128961810851867,7.7509922998137
"NTS",0.1096,5.06582307408081,0.797042012862135,0.870411705811712,4,1.2302171041297,11.510855204819,0.483567818789538,4.13083077559686,0.151840872737999,0.432658393127339,0.128678984284337,7.74635534938649
"NTS",0.1116,5.15826510098009,0.794865134422224,0.868034440315477,4,1.23019485767253,11.5097428910045,0.48342422411175,4.13194339535885,0.152065246712962,0.432477599674753,0.128541704353043,7.74417808026987
"NTS",0.1136,5.25070712787938,0.792699426738613,0.865669373871348,4,1.23017349429746,11.5086747162905,0.483286204157656,4.13301268253048,0.152284142942119,0.432299884365169,0.128406955159708,7.74208752016384
"NTS",0.1156,5.34314915477866,0.790544462405775,0.86331603973006,4,1.23015304966714,11.5076524833302,0.48315366826971,4.13404148835111,0.152497743318028,0.432125351000583,0.128274745312639,7.74008282081909
"NTS",0.1176,5.43559118167795,0.788399837518347,0.860973996805762,4,1.23013346598857,11.5066733005591,0.483026351227899,4.13503127412398,0.152706251557285,0.431953837516281,0.128144928596317,7.73815963072376
"NTS",0.1196,5.52803320857723,0.78626516897497,0.858642826731663,4,1.23011471144026,11.5057355672086,0.482904043185904,4.1359837123631,0.152909873000355,0.431785230408518,0.128017414352585,7.73631471621802
"NTS",0.1216,5.62047523547651,0.784140093691284,0.85632213300059,4,1.23009674714827,11.5048373529517,0.4827865527236,4.13689999746226,0.15310878840116,0.43161936853743,0.127892097565763,7.73454499148213
"NTS",0.1236,5.7129172623758,0.782024794988042,0.854012115808423,4,1.23007961459432,11.5039807297255,0.482673791280008,4.13778314319718,0.153303075349966,0.431456559899836,0.12776906194521,7.73284964730176
"NTS",0.1256,5.80535928927508,0.779917887521688,0.851711262287301,4,1.23006300373604,11.5031501868891,0.482564655618424,4.13863596020006,0.153493031227279,0.431296398253204,0.127648267610958,7.73120974764128
"NTS",0.1276,5.89780131617437,0.777819066514449,0.849419239603899,4,1.2300471074011,11.502355415979,0.48245977929372,4.13945756391106,0.153678816010839,0.431138776127093,0.127529442612311,7.72963647291046
"NTS",0.1296,5.99024334307365,0.775729606962011,0.847137440120417,4,1.2300319652248,11.5015982611768,0.482359286547359,4.14024777088926,0.153860431200719,0.430983666328882,0.127412537636646,7.72813198747373
"NTS",0.1316,6.08268536997294,0.77364713526478,0.844863271741535,4,1.23001750130622,11.5008751692647,0.482262810834492,4.14100886917175,0.154038168540609,0.430830924774478,0.12729736357398,7.72669045560584
"NTS",0.1336,6.17512739687222,0.771572950236696,0.842598152840236,4,1.23000349427275,11.5001747128998,0.482169364115652,4.14174538447866,0.15421208025976,0.430680739992319,0.127184358332356,7.72529526153485
"NTS",0.1356,6.26756942377151,0.769506271716695,0.840341231439695,4,1.22998997839929,11.4994989237429,0.482078993254207,4.14245844222514,0.154382232018913,0.430533177705359,0.127073417121457,7.72394754822569
"NTS",0.1376,6.36001145067079,0.767447369364292,0.838092802022255,4,1.22997721855943,11.4988609279619,0.481992825274736,4.14314290025548,0.154548848142022,0.4303876713505,0.12696392038776,7.72266636950311
"NTS",0.1396,6.45245347757008,0.765394468325616,0.835850926354346,4,1.22996498346847,11.4982491757158,0.481909778364718,4.14380461772172,0.154712064660797,0.430244446622395,0.126856159330397,7.72143380192238
"NTS",0.1416,6.54489550446936,0.763348887225317,0.833617044443286,4,1.22995314889273,11.4976574577303,0.481829427255208,4.14444446895425,0.154871869983936,0.43010346066734,0.126750220251643,7.72024247520464
"NTS",0.1436,6.63733753136865,0.761309898843373,0.831390362126648,4,1.22994184595494,11.4970923131799,0.481752190743587,4.14506188745796,0.155028496608589,0.429964541493658,0.126645841205365,7.71909987877433
"NTS",0.1456,6.72977955826793,0.759277806781636,0.829171210953586,4,1.22993103070091,11.4965515350034,0.481677771370428,4.14565942548263,0.155181910051857,0.429827970564354,0.126543200648452,7.71800118127228
"NTS",0.1476,6.82222158516722,0.75725089307075,0.826957714811406,4,1.22992056871195,11.4960284361212,0.481605760635776,4.14623729370776,0.15533231882392,0.429693273659309,0.126442101740972,7.71693930399478
"NTS",0.1496,6.9146636120665,0.755230492916574,0.824751331814977,4,1.22991062474578,11.4955312624812,0.481536659861867,4.14679517433631,0.155479787729052,0.429560620264463,0.126342469591286,7.71592317595573
"NTS",0.1516,7.00710563896579,0.753215919568405,0.822551311996491,4,1.22990123593166,11.4950617958418,0.481470671446147,4.14733176690781,0.155624418907692,0.429429708413604,0.126244063511292,7.71495610311972
"NTS",0.1536,7.09954766586507,0.751207001142504,0.820357467649885,4,1.22989214571876,11.4946072867062,0.481406567237644,4.147853890071,0.155766214335321,0.429301024042187,0.126147438477513,7.71401781039649
"NTS",0.1556,7.19198969276436,0.749203572863551,0.818169618831862,4,1.22988342297117,11.4941711072247,0.481344732551381,4.14835889315583,0.155905372966134,0.429174148949466,0.126052213356157,7.71311458552153
"NTS",0.1576,7.28443171966364,0.747205475789651,0.815987591969532,4,1.22987505559459,11.4937527808691,0.481285151694681,4.14884667059986,0.15604187900778,0.429049025001071,0.125958297493494,7.71224613974592
"NTS",0.1596,7.37687374656293,0.745212557880194,0.813811221026571,4,1.22986705163561,11.493352582118,0.481227722995547,4.14931883231109,0.156175849310127,0.428925690521551,0.125865747777177,7.71141112389713
"NTS",0.1616,7.46931577346221,0.74322467354029,0.811640347005716,4,1.22985938281896,11.4929691410601,0.481172339545204,4.14977581044116,0.156307353582732,0.428804096224258,0.125774521527622,7.71060772618761
"NTS",0.1636,7.5617578003615,0.741241681871075,0.809474816038014,4,1.2298520458705,11.4926022739898,0.481118956332984,4.15021809950587,0.15643644489695,0.428684207259783,0.125684582648167,7.7098352982817
"NTS",0.1656,7.65419982726078,0.739263446782646,0.807314479506151,4,1.22984502244932,11.492251261707,0.48106749451338,4.15064622417246,0.156563204306452,0.428565978935763,0.125595899017241,7.70909259283849
"NTS",0.1676,7.74664185416006,0.737289841541474,0.805159199010461,4,1.22983821792543,11.4919108960753,0.481017571390374,4.15106123868972,0.156687738007826,0.428449285677006,0.125508473139949,7.70837310380655
"NTS",0.1696,7.83908388105935,0.735320737890431,0.803008834487429,4,1.22983189032201,11.4915944861705,0.480970039471222,4.15146225466178,0.156810025862818,0.428334386596953,0.125422167698394,7.70769175554771
"NTS",0.1716,7.93152590795863,0.733356015810101,0.800863254869556,4,1.22982572965391,11.4912864827774,0.48092383633215,4.15185132280373,0.156930150872363,0.428220926356063,0.125337151581745,7.70703018950191
"NTS",0.1736,8.02396793485792,0.731395559704618,0.798722333920088,4,1.22981986485048,11.4909932443367,0.480879353328578,4.152228175822,0.157048221661497,0.428109019532214,0.125253249710867,7.70639535829033
"NTS",0.1756,8.1164099617572,0.729439257692403,0.79658594945847,4,1.22981426320014,11.4907131717683,0.480836635273531,4.15259094330955,0.157164254930911,0.427998301840306,0.125170271329038,7.70578758009711
"NTS",0.1776,8.20885198865649,0.727487002744168,0.794453984603104,4,1.22980894118969,11.4904470518857,0.480795255314407,4.15294631512605,0.15727825750666,0.427889691291487,0.125088757314395,7.70520084005828
"NTS",0.1796,8.30129401555577,0.72553917425968,0.792326853678444,4,1.22980383073457,11.490191536723,0.48075550823444,4.15328724400623,0.157390346469579,0.427781956550159,0.125008012816611,7.70463886034328
"NTS",0.1816,8.39373604245506,0.723594214230745,0.790202855257782,4,1.22979899711035,11.4899498477631,0.480716985331505,4.15362228706571,0.157500578831625,0.427676287659691,0.124928710039526,7.70409632085419
"NTS",0.1836,8.48617806935434,0.721653487964296,0.788083480327936,4,1.22979428992906,11.4897144957152,0.480679771884472,4.15394408775671,0.15760891922833,0.427571504161512,0.124850224102933,7.70357296845788
"NTS",0.1856,8.57862009625363,0.719716410599092,0.785968090189741,4,1.22978981793559,11.4894908967155,0.480644016368172,4.15425487318718,0.157715587621138,0.427467853333874,0.12477262113275,7.70307214845026
"NTS",0.1876,8.67106212315291,0.717782893608286,0.783856588167231,4,1.22978564362834,11.4892821803506,0.480609533810161,4.15455999211409,0.157820390168721,0.427366277560386,0.124696332612812,7.70259173059638
"NTS",0.1896,8.7635041500522,0.71585285089495,0.781748880238044,4,1.22978163000751,11.4890815002357,0.48057644476599,4.1548520368751,0.157923524740745,0.427265363764276,0.124620697617152,7.70213218059914
"NTS",0.1916,8.85594617695148,0.713926197078903,0.779644873162542,4,1.22977792911913,11.488896456319,0.480544724832503,4.15513766273901,0.15802499744406,0.427166258821481,0.12454624046762,7.701694631687
"NTS",0.1936,8.94838820385077,0.712002846137674,0.777544472999673,4,1.22977425445382,11.4887127232261,0.480513732711549,4.15541405394489,0.158124873254586,0.427068042189264,0.124472671638491,7.70126701184883
"NTS",0.1956,9.04083023075005,0.710082731146201,0.775447606663755,4,1.22977074859476,11.4885374296536,0.480483863072271,4.15568154746543,0.158223175702599,0.426970953119272,0.124399955000645,7.70085646202672
"NTS",0.1976,9.13327225764934,0.70816624127202,0.773354699146163,4,1.22976750594315,11.4883752971502,0.480455325959201,4.15594114860593,0.158319840810649,0.426875241274838,0.124328253515323,7.70046693380593
"NTS",0.1996,9.22571428454862,0.70625187419842,0.771264109838205,4,1.22976420639704,11.4882103185682,0.480426775433421,4.15619847351559,0.158415133278594,0.426781131499492,0.124257734727777,7.70007589004089
"NTS",0.2016,9.31815631144791,0.704340985316599,0.769177318898202,4,1.22976124538466,11.4880622616475,0.480400012259938,4.15644461579418,0.158508855786265,0.426687916859754,0.124187894600568,7.69971323981799
"NTS",0.2036,9.41059833834719,0.702433041355778,0.767093743966477,4,1.22975848975182,11.4879244841712,0.480374530641561,4.15668116782377,0.158601177293399,0.426595603992097,0.124118667214878,7.69937038984141
"NTS",0.2056,9.50304036524648,0.70052843952173,0.765013818812578,4,1.2297557832828,11.4877891639994,0.480349483345775,4.15691353665447,0.158692096222906,0.426504643504135,0.124050524975236,7.69903358387414
"NTS",0.2076,9.59548239214576,0.698625690397009,0.762935916914493,4,1.22975328200196,11.4876640620596,0.480325630667221,4.15713756446925,0.158781644069753,0.42641464127982,0.12398305912049,7.6987153341176
"NTS",0.2096,9.68792441904504,0.696726158132513,0.76086152799659,4,1.2297509478181,11.4875473857526,0.480302773596055,4.15735450606219,0.158869854748164,0.42632568947606,0.123916364307907,7.69841241034075
"NTS",0.2116,9.78036644594433,0.694829306212931,0.758790066155994,4,1.22974872084725,11.4874360388871,0.480280672135073,4.157565180976,0.158956749858581,0.426237779105334,0.123850472520353,7.69812078355998
"NTS",0.2136,9.87280847284361,0.692935074942879,0.756721466202214,4,1.22974657961702,11.48732898088,0.480259350243467,4.15776830272452,0.159042464624814,0.426150596831231,0.123785183419493,7.69784066196279
"NTS",0.2156,9.9652504997429,0.69104340689304,0.75465566541942,4,1.22974470235747,11.4872351174396,0.480238921018683,4.15796987560333,0.159126736604424,0.426065300997297,0.123721137777514,7.69757528970584
"NTS",0.2176,10.0576925266422,0.689154718182584,0.752593118231584,4,1.22974281215725,11.4871406077373,0.480219115547276,4.15816214772855,0.159209838115506,0.425980403012101,0.123657510165925,7.69731813284831
"NTS",0.2196,10.1501345535415,0.687267538698777,0.750532219198452,4,1.22974111320222,11.4870556633293,0.480200204365543,4.15834956302501,0.159291859250131,0.425896534146677,0.123594625825144,7.69707528326545
"NTS",0.2216,10.2425765804408,0.685383231590288,0.748474456949907,4,1.22973953730571,11.4869768682357,0.480182043193256,4.15853164897701,0.159372576990494,0.425813743008387,0.123532569473187,7.69684374606295
"NTS",0.2236,10.33501860734,0.683501273921068,0.746419260412337,4,1.22973806890613,11.4869034477562,0.480164598904448,4.15870801426695,0.159452194495131,0.425731825600798,0.123471137063991,7.69662306583599
"NTS",0.2256,10.4274606342393,0.681621616255017,0.744366575598931,4,1.22973672320074,11.4868361550348,0.480147890400799,4.15887908430537,0.159530681691411,0.425650856751667,0.123410381537647,7.69641363426388
"NTS",0.2276,10.5199026611386,0.679744210247588,0.742316349714903,4,1.2297354922542,11.4867745791207,0.480131881295636,4.15904500828292,0.159608087998331,0.4255707651016,0.123350309262657,7.69621487128439
"NTS",0.2296,10.6123446880379,0.677869008515935,0.7402685310157,4,1.22973416405684,11.4867082034648,0.480115693281821,4.15920957362058,0.159684415409668,0.425491780496214,0.123291224779337,7.69601190814255
"NTS",0.2316,10.7047867149372,0.675995966261792,0.738223070579265,4,1.22973310155869,11.4866550779463,0.480100790084686,4.15936687132928,0.15975970810924,0.425413510205583,0.123232546355635,7.69582968015953
"NTS",0.2336,10.7972287418365,0.67412503892387,0.736179919742331,4,1.22973186928944,11.4865934627202,0.480086056978954,4.15951486891319,0.159834003240287,0.42533514821592,0.12317411288205,7.69564763390381
"NTS",0.2356,10.8896707687357,0.672256183554223,0.734139031603489,4,1.22973089883375,11.4865449426418,0.480071994868762,4.15966423239641,0.159907242699397,0.425258734504322,0.123116752803482,7.69547730937809
"NTS",0.2376,10.982112795635,0.670389824572795,0.732100869651588,4,1.22973040088304,11.4865200442577,0.480059448055452,4.15981182368765,0.159979337514216,0.425184049792648,0.123060447844056,7.69533301564461
"NTS",0.2396,11.0745548225343,0.66852452208692,0.730063861448276,4,1.22972899698813,11.4864498493299,0.48004447495688,4.15995620065094,0.1600507748669,0.425108852500855,0.123004592819461,7.69514409957057
"NTS",0.2416,11.1669968494336,0.666661635783485,0.728029491842984,4,1.22972849486946,11.4864247431553,0.480033071576179,4.16008747762123,0.160121034685339,0.425034325915657,0.122948728533879,7.69501532366907
"NTS",0.2436,11.2594388763329,0.664801125687578,0.725997717181015,4,1.22972849736609,11.486424868326,0.48002313918159,4.16021883174726,0.160190365795738,0.424961848271571,0.122893794913148,7.69491233539746
"NTS",0.2456,11.3518809032322,0.662941559154352,0.723966972939011,4,1.22972771336891,11.4863856723646,0.480011224031662,4.16034583493365,0.160258798484455,0.424888815805379,0.122839384552634,7.69477228205746
"NTS",0.2476,11.4443229301315,0.661084294681459,0.721938742667699,4,1.22972698218806,11.4863491066683,0.479999335504696,4.16047469238815,0.160326369764247,0.424817362326149,0.122786045609128,7.69463259050838
"NTS",0.2496,11.5367649570307,0.659229295374241,0.719912986076178,4,1.22972724744776,11.4863623724081,0.479991167524248,4.16059219191703,0.160393009738375,0.424746890331865,0.122732623246985,7.6945561876188
"NTS",0.2516,11.62920698393,0.657375598760069,0.717888652093825,4,1.22972697792193,11.4863488956494,0.479981418329716,4.16070977036471,0.160459008210853,0.424676786527693,0.122679926491438,7.69445126134539
"NTS",0.2536,11.7216490108293,0.655523634891738,0.715866210360865,4,1.22972619173213,11.4863095866631,0.479970167375002,4.16082756160581,0.160523941680202,0.424607090613025,0.122628244740965,7.69431874221195
"NTS",0.2556,11.8140910377286,0.653672909896808,0.713845121542672,4,1.22972668525211,11.4863342591774,0.479963368457699,4.1609351610935,0.160588035794696,0.424538832552846,0.122576515546329,7.69426314476369
"NTS",0.2576,11.9065330646279,0.651824777355711,0.711826863820113,4,1.2297265728626,11.4863286431277,0.479954794585727,4.16104299458848,0.160651331790382,0.424470935054559,0.122525598738607,7.69417522518743
"NTS",0.2596,11.9989750915272,0.649977357781787,0.709809384695124,4,1.22972589123094,11.4862945538494,0.479944488998254,4.16115181209859,0.160714002091797,0.424403252676561,0.122475541794407,7.69405609419486
"NTS",0.2616,12.0914171184264,0.648132467835561,0.707794668056332,4,1.22972604712681,11.4863023563433,0.479937404746747,4.16124964296782,0.160775772954313,0.424336490336451,0.122425214161887,7.69399165761366
"NTS",0.2636,12.1838591453257,0.646288693010603,0.705781169188486,4,1.22972641869092,11.486320934187,0.479930384746206,4.16135563829445,0.1608366163717,0.424272055487388,0.122376550180841,7.69392971127038
"NTS",0.2656,12.276301172225,0.644446005675847,0.703768857917009,4,1.22972606807804,11.4863034031581,0.479922589805791,4.16144273884124,0.160897035390951,0.424204911711266,0.122326818806137,7.69384905153952
"NTS",0.2676,12.3687431991243,0.642605758854485,0.701759211814234,4,1.22972654602505,11.4863273014813,0.479917077878727,4.16153176981459,0.160956674308547,0.424140097759538,0.122278106686951,7.6938092697806
"NTS",0.2696,12.4611852260236,0.640766084015075,0.699750190345768,4,1.22972750510711,11.4863752577864,0.479912880524471,4.16162230882482,0.161015216599634,0.424077456852339,0.122230222199935,7.69379285212754
"NTS",0.2716,12.5536272529229,0.638928793712935,0.697743772917138,4,1.22972711466027,11.4863557330031,0.479905261703883,4.16170543724949,0.161073479383015,0.424012539446575,0.12218237201831,7.69371304887106
"NTS",0.2736,12.6460692798222,0.637092482661195,0.695738424881334,4,1.22972713741327,11.4863568706411,0.479897860640184,4.161802574561,0.161130839845457,0.42395113939514,0.122136463541531,7.69364009454095
"NTS",0.2756,12.7385113067214,0.635257585294015,0.693734620663259,4,1.22972769627868,11.4863848140776,0.47989334507955,4.16188117992163,0.16118750507987,0.423888868602785,0.122089629428465,7.69361390292388
"NTS",0.2776,12.8309533336207,0.633424075879926,0.691732332162796,4,1.2297288606989,11.486443034944,0.479890808657688,4.16195694909312,0.161243366321204,0.423828031921155,0.122043266419756,7.6936219652451
"NTS",0.2796,12.92339536052,0.631591930795235,0.689731533581635,4,1.22972923845237,11.4864619225581,0.479885362522995,4.16204122487588,0.161298788966938,0.423768009344744,0.121998228235393,7.69357975990621
"NTS",0.2816,13.0158373874193,0.629760668923794,0.687731699515693,4,1.22973004470431,11.4865021732333,0.479882112329159,4.16211242419119,0.161353323306095,0.423707695052227,0.121952825289172,7.69357310689541
"NTS",0.2836,13.1082794143186,0.627931637512311,0.685734301229076,4,1.22972988871605,11.4864944347679,0.479876186079921,4.16218140322387,0.161407698383153,0.423646238573203,0.121907648679291,7.69351805294304
"NTS",0.2856,13.2007214412179,0.626103443580519,0.683737817514233,4,1.22973019180562,11.4865095902578,0.479870840036849,4.16226173704921,0.161460916244396,0.423588335853739,0.121864280502668,7.69347517752326
"NTS",0.2876,13.2931634681172,0.624276522229549,0.68174272352443,4,1.22973078036854,11.4865390184273,0.479867234711408,4.16232887516223,0.16151384247578,0.423529493494449,0.121820324761039,7.69346035321179
"NTS",0.2896,13.3856054950164,0.622450850237919,0.679748993900591,4,1.22973154321836,11.4865771601783,0.479864640857329,4.16238908278414,0.161566047089465,0.423470798615339,0.121776243059979,7.69346144773111
"NTS",0.2936,13.570489548815,0.618803173969752,0.675765539990272,4,1.22973302335758,11.4866511678061,0.479858627535156,4.16251924687066,0.161668805806885,0.423357008055061,0.121690824656769,7.6934503577375
"NTS",0.2976,13.7553736026136,0.615160251140215,0.671787277084391,4,1.22973565297181,11.4867826482645,0.479857597498688,4.16262683942763,0.161769122512444,0.423244816844566,0.121605767351257,7.69352144188947
"NTS",0.2996,13.8478156295129,0.613340522939521,0.669800038392178,4,1.22973627519329,11.4868137596476,0.479855297163207,4.16267755518331,0.161818397159163,0.423188447380427,0.121563923863237,7.69352363068801
"NTS",0.3016,13.9402576564121,0.61152192497812,0.667814033980584,4,1.2297373305486,11.4868665273971,0.479853655688301,4.16273655682593,0.161867225388728,0.423134525075888,0.121523146552133,7.6935395418267
"NTS",0.3036,14.0326996833114,0.609704438667735,0.66582924355024,4,1.22973810957089,11.4869054783681,0.479852184000181,4.16278195322705,0.161915610268777,0.423078907057734,0.121481796411944,7.69355475490598
"NTS",0.3056,14.1251417102107,0.607888045965135,0.663845647396987,4,1.22973898753615,11.4869493768693,0.479850129687585,4.16283957387189,0.161963214902195,0.423025994745145,0.121441998512339,7.69356234067127
"NTS",0.3076,14.21758373711,0.606072729061056,0.661863226072177,4,1.22973929308881,11.4869646545144,0.479846090835303,4.16290196910616,0.162010338309772,0.422973681367742,0.121403103042935,7.69353486858354
"NTS",0.3116,14.4024677909086,0.602445254254141,0.657901833217692,4,1.22974138633408,11.487069316603,0.479844745495918,4.16299255061606,0.162103088433099,0.422868161859317,0.121324045936361,7.69359179709261
"NTS",0.3136,14.4949098178079,0.600633062741255,0.655922824984081,4,1.22974291893006,11.4871459463989,0.479844830143963,4.16304735149645,0.162148651760268,0.422818573943513,0.121286041151813,7.69363551911504
"NTS",0.3156,14.5873518447071,0.598821880192054,0.653944918591762,4,1.22974492601306,11.487246300532,0.479849295367608,4.16305969992894,0.162194053520961,0.422764062220019,0.121244740775215,7.69374735201575
"NTS",0.3176,14.6797938716064,0.597011690395939,0.651968096337911,4,1.22974526091686,11.4872630461258,0.479845624545204,4.16311800565477,0.16223868305343,0.422714428220921,0.121207845265409,7.69372437086979
"NTS",0.3216,14.864677925405,0.593394228052595,0.648017637619089,4,1.22974832579725,11.4874162898816,0.47984930447476,4.16317824181158,0.162326946288305,0.422612142235327,0.121130933189525,7.69386080952139
"NTS",0.3236,14.9571199523043,0.591586925220236,0.646043968081164,4,1.22974928868117,11.4874644337427,0.479848437411491,4.16322312341096,0.162370188929846,0.422563455894946,0.121094202016539,7.69388378213706
"NTS",0.3256,15.0495619792036,0.589780104338239,0.644070824858327,4,1.2297511790274,11.4875591147425,0.479851828559542,4.16324642231383,0.162412877534044,0.422513462670709,0.121056382101751,7.69397742340301
"NTS",0.3276,15.1420040061028,0.587975103191712,0.64209966888212,4,1.22975087676191,11.4875438387833,0.4798436886798,4.16334199212343,0.162454924611108,0.422471351675753,0.121025197996522,7.69388167219971
"NTS",0.3296,15.2344460330021,0.586170555793417,0.640129008422796,4,1.22975167441667,11.4875837209493,0.479842221684035,4.16338870453465,0.16249685808018,0.422424644833557,0.120989874649519,7.69389354606034
"NTS",0.3316,15.3268880599014,0.584366899513943,0.638159321111988,4,1.22975556995911,11.4877784978563,0.479856352388454,4.16334272411003,0.162538850035147,0.422368873301603,0.120947370117698,7.69416216626205
"NTS",0.3336,15.4193300868007,0.582564120179191,0.636190591470838,4,1.22975859874541,11.4879299357221,0.479864021551071,4.16335232779689,0.16257995083202,0.422320969746968,0.120909812656707,7.69432827019327
"NTS",0.3356,15.5117721137,0.58076220484065,0.634222805358892,4,1.22975776085159,11.4878880423421,0.479857325067931,4.16340543756724,0.162620917016374,0.422273912896266,0.120876421333145,7.69424738975075
"NTS",0.3376,15.6042141405993,0.578961140702496,0.632255948802439,4,1.22975880250145,11.4879401250574,0.479857625963724,4.16343781073778,0.162660895380854,0.422227783916012,0.120841596545296,7.6942860124302
"NTS",0.3396,15.6966561674986,0.577160915175502,0.63029000805338,4,1.229760557306,11.4880278660937,0.479860367620078,4.16346450676816,0.162701033690632,0.422181727443742,0.120806898017739,7.69436734279361
"NTS",0.3416,15.7890981943978,0.575361515717266,0.628324969414758,4,1.22976130054622,11.4880650279206,0.479859928458139,4.16349504517553,0.162740280506628,0.422135882188776,0.120772756646089,7.69439188129457
"NTS",0.3436,15.8815402212971,0.573562930327615,0.626360819781752,4,1.22976349305456,11.4881746527137,0.479864554785381,4.16351332735526,0.162779516821667,0.422090270739697,0.12073822856629,7.69450438206859
"NTS",0.3456,15.9739822481964,0.571765146956268,0.624397545994822,4,1.22976389485034,11.488194741998,0.479862241140828,4.16355608600344,0.16281819267674,0.422046504273825,0.120705744291436,7.69449801746982
"NTS",0.3476,16.0664242750957,0.569968154036823,0.62243513542285,4,1.22976547587573,11.4882737947663,0.479865180246536,4.16357296416615,0.162856658708445,0.422001228579094,0.120671329296013,7.69457964095084
"NTS",0.3496,16.158866301995,0.568171490709299,0.620473084782553,4,1.2297655698584,11.4882784920286,0.479861526995629,4.16362235021469,0.162894341189909,0.421958949046629,0.120640547303675,7.69455018331058
"NTS",0.3516,16.2513083288943,0.566376493690457,0.618512853838783,4,1.2297664736835,11.4883236853574,0.479861807194498,4.16364916031605,0.162931808220207,0.421914756401143,0.120608082954863,7.6945858864669
"NTS",0.3536,16.3437503557935,0.564581804277982,0.616552958817309,4,1.2297686935065,11.4884346751963,0.479866845681563,4.16366340443132,0.162968902004394,0.421871776307399,0.12057470507812,7.69470321256497
"NTS",0.3556,16.4361923826928,0.562787860595912,0.614593878172571,4,1.22976927552082,11.4884637778343,0.479866033706849,4.16369210889253,0.16300616695586,0.421828017043077,0.120543080112181,7.69471969657431
"NTS",0.3576,16.5286344095921,0.560994652296093,0.612635600603845,4,1.22977049262475,11.4885246323765,0.479866788304179,4.16372536240451,0.163042583757505,0.421786876828649,0.120512161064705,7.69476469722643
"NTS",0.3596,16.6210764364914,0.559202168827148,0.61067811458847,4,1.22977121366153,11.4885606841048,0.479866349976086,4.16375504280414,0.163078622591973,0.421745353143332,0.120480882313585,7.69478731454687
"NTS",0.3616,16.7135184633907,0.557410400308448,0.608721409336282,4,1.22977273948895,11.4886369737293,0.479869471292901,4.163767794816,0.163114599053804,0.421702254251123,0.120449090092791,7.69486912963897
"NTS",0.3636,16.80596049029,0.555619336377136,0.606765473530498,4,1.22977399152711,11.4886995776094,0.479870346701357,4.16380108408821,0.163149692957756,0.421662881976201,0.12041905989672,7.6949155313631
"NTS",0.3656,16.8984025171893,0.553828967431049,0.604810296685052,4,1.22977535643291,11.4887678228759,0.479873487794231,4.16380653106543,0.163184967766422,0.421619604307625,0.120387022779765,7.69499613976136
"NTS",0.3676,16.9908445440885,0.552039283515232,0.60285586792861,4,1.22977606094166,11.4888030472936,0.479871246198667,4.16386167100711,0.16321927811534,0.421583664881154,0.120359532175419,7.69499124910793
"NTS",0.3696,17.0832865709878,0.550250275865185,0.600902177689879,4,1.229778203573,11.4889101788371,0.47987808181756,4.16384734417432,0.163253904377759,0.421539376227292,0.12032652518799,7.69513246559934
"NTS",0.3716,17.1757285978871,0.548461934580852,0.598949215157476,4,1.22978083975412,11.4890419866721,0.479883674791336,4.16387083511808,0.163287804077207,0.421502069106549,0.120297021225851,7.69526053614536
"NTS",0.3736,17.2681706247864,0.5466742506421,0.596996970480947,4,1.22978159471845,11.4890797364494,0.479885119348188,4.1638755506641,0.163321947959292,0.42145955789208,0.120266046132187,7.69530942041221
"NTS",0.3756,17.3606126516857,0.544887215195326,0.595045433991688,4,1.22978391628245,11.4891958146527,0.479889713252078,4.1639006184274,0.16335510713378,0.421423156834066,0.120237259197821,7.69541925339745
"NTS",0.3776,17.453054678585,0.543100819394144,0.593094596028984,4,1.22978418329695,11.489209164705,0.479890451076269,4.1638954214886,0.163388537164318,0.421379333096174,0.120205969035358,7.69545255517839
"NTS",0.3796,17.5454967054843,0.541315054733149,0.591144447304485,4,1.22978555445244,11.4892777220635,0.479892839511435,4.16391214137888,0.163421857607336,0.421340356890177,0.120177025392218,7.69552076039593
"NTS",0.3816,17.6379387323835,0.539529912667365,0.58919497848663,4,1.229788194569,11.4894097284324,0.479898984271443,4.16392851327871,0.163453859219216,0.421304150192494,0.120148662920193,7.69565578413642
"NTS",0.3836,17.7303807592828,0.537745384616669,0.587246180205474,4,1.22978901821357,11.4894509106976,0.47989800159489,4.1639707061981,0.16348586112038,0.421269625165399,0.120122295363122,7.69566917506147
"NTS",0.3856,17.8228227861821,0.535961463038321,0.585298044223948,4,1.22979073563186,11.4895367832353,0.47990426834002,4.16394687238036,0.163518610304711,0.421226471065209,0.120090598673876,7.69579670657927
"NTS",0.3876,17.9152648130814,0.534178139460996,0.583350561290922,4,1.22979247548765,11.4896237754056,0.479908584276413,4.16395181408381,0.163550332710558,0.421188106834055,0.120061767082932,7.69589582647535
"NTS",0.3896,18.0077068399807,0.532395405977951,0.581403722771816,4,1.22979354586887,11.4896772979075,0.479911650560746,4.16394689490441,0.163581865249275,0.42114799123786,0.120032109342824,7.69597001863527
"NTS",0.3916,18.10014886688,0.530613254986938,0.579457520364579,4,1.22979521796333,11.4897608963576,0.479914733631937,4.1639668758595,0.163612727609156,0.421112699837847,0.120005422968159,7.69605007974215
"NTS",0.3936,18.1925908937792,0.528831676271429,0.577511942912224,4,1.22979705753746,11.4898528765459,0.479919618854769,4.16396861236416,0.163643513504742,0.421075172426095,0.119977277842287,7.69615738280531
"NTS",0.3956,18.2850329206785,0.527050666860103,0.575566987169915,4,1.22979929151829,11.4899645554381,0.479925904164626,4.16396647919887,0.1636744306274,0.421038472711701,0.119948669211634,7.69628911980389
"NTS",0.3976,18.3774749475778,0.525270216468517,0.573622641906496,4,1.22979967171343,11.4899835876242,0.479924850507533,4.16399117982171,0.163704679269129,0.421002751905692,0.119922882079971,7.69629633932738
"NTS",0.3996,18.4699169744771,0.523490318645278,0.571678900076712,4,1.22980165313062,11.4900826591011,0.479929922288703,4.16399572008008,0.163734856599115,0.420967080516974,0.119895356648773,7.6964077204976
"NTS",0.4016,18.5623590013764,0.521710964787784,0.569735752286067,4,1.22980340026844,11.4901700182083,0.479935028753588,4.16399089163143,0.163763838256208,0.420929747989787,0.119868479553045,7.69651672824467
"NTS",0.4036,18.6548010282757,0.519932166146823,0.567793210821013,4,1.22980296358065,11.4901481773338,0.479930704082074,4.16402791092954,0.163794111822962,0.420896062646578,0.11984368398726,7.69646808660725
"NTS",0.4056,18.747243055175,0.518153885950321,0.565851235524516,4,1.22980478919526,11.4902394583025,0.479935830940335,4.16402578782451,0.163823062919644,0.420860117619649,0.119816895411693,7.69657800800193
"NTS",0.4076,18.8396850820742,0.516376130985284,0.563909833808343,4,1.22980485191673,11.490242595242,0.479933693198087,4.16405297127348,0.163851977613424,0.420826518477932,0.119792205651508,7.69656555913592
"NTS",0.4096,18.9321271089735,0.514598459647326,0.561968523417328,4,1.22980879221723,11.4904392897429,0.47994404528901,4.16406411156362,0.163880489696455,0.42079639268466,0.119767074358027,7.69677173808702
"NTS",0.4116,19.0245691358728,0.512822167281676,0.56002871893644,4,1.22980938612059,11.4904693056404,0.479945993103795,4.16405611120203,0.163909181213522,0.420758529964289,0.119740361338866,7.69682324665831
"NTS",0.4136,19.1170111627721,0.51104595412628,0.558089000957306,4,1.22981072417406,11.4905362079495,0.479950555414674,4.16404093572062,0.163938124617279,0.420721343865641,0.119712173720965,7.69692026004435
"NTS",0.4156,19.2094531896714,0.509270229251096,0.556149816205789,4,1.22980843926289,11.4904219631859,0.479934962863429,4.1641618899947,0.163965746343635,0.420698522994683,0.119696994182235,7.69668838536882
"NTS",0.4176,19.3018952165707,0.507495003152509,0.55421117614449,4,1.22981108630173,11.4905543147401,0.479943483750296,4.16414612586701,0.163992870430825,0.420663914703213,0.119670588768993,7.69685467405146
"NTS",0.4196,19.3943372434699,0.505720265472189,0.552273069461571,4,1.2298103338238,11.4905166940466,0.4799404809591,4.16415262975406,0.164020855218387,0.420627949590488,0.119645426864381,7.69682020886406
"NTS",0.4216,19.4867792703692,0.503946013555229,0.550335493257734,4,1.22981191259681,11.4905956286435,0.479944459886131,4.16415570588511,0.164048617231756,0.420594826467153,0.11962029915945,7.69691076010729
"NTS",0.4236,19.5792212972685,0.502172221329839,0.548398419061213,4,1.2298136164373,11.4906808225348,0.479948713454998,4.16416102867236,0.164075357783634,0.420563011909283,0.119595613361534,7.69700563326868
"NTS",0.4256,19.6716633241678,0.500398466449107,0.54646138564702,4,1.22981433991618,11.4907169878369,0.479950986134064,4.16415416155247,0.164102648226147,0.420527847017926,0.11957062609987,7.69706176529256
"NTS",0.4276,19.7641053510671,0.498626060710802,0.544525825567158,4,1.2298164968908,11.4908248445327,0.479956688642883,4.16415728127108,0.164129383856219,0.420496382091847,0.119546412654672,7.69718222158872
"NTS",0.4296,19.8565473779664,0.496853672127981,0.542590284221985,4,1.2298180929017,11.490904644131,0.479960854886906,4.16415846207441,0.164156318124192,0.420464504718822,0.119521864340446,7.6972752984178
"NTS",0.4316,19.9489894048657,0.495081726399989,0.540655226497527,4,1.2298211283416,11.4910564207637,0.479966522947891,4.16419981003442,0.16418070236766,0.420441238351084,0.119502376844463,7.69740280275855
"NTS",0.4336,20.0414314317649,0.493310205472552,0.538720632677567,4,1.22982139181512,11.4910695903716,0.47997077964356,4.16414524105374,0.164207918272981,0.42039961692593,0.119473136637298,7.69748320428239
"NTS",0.4356,20.1338734586642,0.491539179400902,0.536786579266095,4,1.22982380352351,11.4911901785384,0.479975850505234,4.16416775187975,0.164233941380302,0.420372366827383,0.119451428233036,7.69759660555272
"NTS",0.4376,20.2263154855635,0.489768575106667,0.534852986457696,4,1.22982487846931,11.4912439220298,0.47998041012763,4.16414265048886,0.164260037343531,0.420336098027894,0.119426101074157,7.69768901328846
"NTS",0.4396,20.3187575124628,0.487998386630462,0.532919847744407,4,1.22982560239848,11.4912801203539,0.479980641068067,4.16416420256855,0.164285007900635,0.420307917790068,0.119404009260553,7.69771530294041
"NTS",0.4416,20.4111995393621,0.486228616802036,0.530987166216462,4,1.2298272056094,11.4913602868412,0.479984653544172,4.16416942615706,0.164309882795328,0.420278007927178,0.119381910307451,7.69780426366689
"NTS",0.4436,20.5036415662614,0.484459292383071,0.529054971099023,4,1.22982840654787,11.4914203275481,0.479988086796156,4.16416631855773,0.164334598634235,0.420246506949731,0.11935905886973,7.69788058657532
"NTS",0.4456,20.5960835931606,0.48269036858637,0.527123213482121,4,1.22983050051625,11.4915250217436,0.479993519469341,4.16417036559528,0.164359892401508,0.420217427618694,0.119336759952142,7.69799592285194
"NTS",0.4476,20.6885256200599,0.480921870780528,0.525191921069592,4,1.22984414781849,11.4922073915461,0.480043599532138,4.16401980437399,0.164384494798409,0.420184254670156,0.119300933869725,7.69887334817931
"NTS",0.4496,20.7809676469592,0.479153776104853,0.523261068896361,4,1.22983242084865,11.4916210498374,0.479998755949889,4.16416606129456,0.164409353865049,0.420155931584574,0.119291073512521,7.69812089645964
"NTS",0.4516,20.8734096738585,0.477386067395594,0.521330638218713,4,1.2298333704802,11.4916685238119,0.480000926132066,4.16416990249919,0.164433390823483,0.42012633972374,0.119269104712818,7.69817654698902
"NTS",0.4536,20.9658517007578,0.475618773815537,0.519400660883938,4,1.22983504687637,11.4917523480151,0.480005283229568,4.16417309647957,0.164457199063057,0.42009746769025,0.119247949128747,7.69827078330525
"NTS",0.4556,21.0582937276571,0.473851855860985,0.517471093751926,4,1.22983631161131,11.4918155798773,0.480006263866775,4.16420754199063,0.164479913963023,0.420073967395527,0.119229457111748,7.69831169529378
"NTS",0.4576,21.1507357545564,0.47208533830469,0.515541963875824,4,1.2298375055407,11.4918752805805,0.480011949374769,4.1641712941889,0.164504603411621,0.420039392038652,0.119204170917916,7.69842079840845
"NTS",0.4596,21.2431777814556,0.470319197735169,0.513613245689062,4,1.22983872878916,11.4919364397377,0.480015387045122,4.16416837531529,0.164528137197245,0.420009455711388,0.119182915195145,7.69849729341884
"NTS",0.4616,21.3356198083549,0.468552999012453,0.51168446399596,4,1.22983972712439,11.491986275096,0.480018983452326,4.16415386368723,0.164552374574355,0.419977984167299,0.119159936739472,7.69857354988979
"NTS",0.4636,21.4280618352542,0.466788057133606,0.509757054842321,4,1.2298415235526,11.4920761815718,0.480022452387963,4.16417489018043,0.164574661315506,0.419952760901597,0.119141837905113,7.69865553028449
"NTS",0.4656,21.5205038621535,0.465023045175027,0.507829569157936,4,1.22984218786195,11.4921094027177,0.480025266500904,4.16415776717081,0.16459829519848,0.419922036517165,0.119118126342754,7.69871708196602
"NTS",0.4676,21.6129458890528,0.463258399791686,0.505902483792949,4,1.22984265122322,11.4921325578366,0.480026862858632,4.16415026358916,0.164620343512929,0.419892834341435,0.11909625148416,7.69875856616919
"NTS",0.4696,21.7053879159521,0.461494117383186,0.503975794815537,4,1.2298444413777,11.4922220761153,0.480031387437426,4.16415611222336,0.164643000975502,0.419866811845267,0.119076584939481,7.69885547696701
"NTS",0.4716,21.7978299428514,0.459730193442382,0.50204949730366,4,1.22984555963773,11.4922779797407,0.480034452717137,4.16415563248425,0.164664801748432,0.419839545173704,0.119056465597748,7.69892387071372
"NTS",0.4736,21.8902719697506,0.457966619486187,0.500123581993344,4,1.22985296699074,11.492648348733,0.480061809587144,4.16406979032783,0.164686985261356,0.419808641316261,0.119029548620369,7.69940803549766
"NTS",0.4756,21.9827139966499,0.456203405688138,0.498198059994623,4,1.22984820060887,11.4924100494334,0.480040614915543,4.16416779993469,0.164709366539036,0.419787017560731,0.119017033494502,7.69906741322005
"NTS",0.4776,22.0751560235492,0.454440534428561,0.49627291206589,4,1.22984939082015,11.4924695394768,0.480043053578636,4.16417778804159,0.16473096059683,0.41976135562099,0.118997325094223,7.69912800711015
"NTS",0.4796,22.1675980504485,0.452678004983928,0.494348137417014,4,1.22985044771681,11.4925223815614,0.480046778843233,4.16416456309242,0.16475338592308,0.419732819007278,0.118976193543183,7.69920572590453
"NTS",0.4816,22.2600400773478,0.450915815402331,0.492423733916409,4,1.22985140540378,11.4925702736969,0.480049598589645,4.16416165007598,0.16477419438611,0.419705875729051,0.118957036800353,7.69926796839288
"NTS",0.4836,22.3524821042471,0.449153961485896,0.490499696979775,4,1.22985261865612,11.4926309403279,0.480052512402565,4.16416518304548,0.164795332903082,0.419679734175057,0.118938266952066,7.69933652100505
"NTS",0.4856,22.4449241311463,0.447392438336141,0.488576021257714,4,1.22985213335306,11.4926066649621,0.480049439095542,4.16418465732607,0.164816178041044,0.419654828824874,0.118919686153643,7.69929990243995
"NTS",0.4876,22.5373661580456,0.445631246186515,0.486652707005166,4,1.22985578338488,11.4927891775304,0.480060353837165,4.16417541104086,0.164837308600935,0.419631640883983,0.118898890468845,7.69950846981201
"NTS",0.4896,22.6298081849449,0.443870373405946,0.484729741520387,4,1.22985913312016,11.4929566601612,0.480062870788335,4.16427593669593,0.164857408129622,0.419624047585678,0.118889902573461,7.69958917461358
"NTS",0.4916,22.7222502118442,0.442109824179922,0.48280712937415,4,1.22985984936709,11.4929924673074,0.480075450042069,4.16412293654812,0.1648800840984,0.419574910555071,0.118857297249022,7.6997918390821
"NTS",0.4936,22.8146922387435,0.44034959998491,0.480884872178837,4,1.22985840592778,11.4929202964919,0.480066537614631,4.16418400669507,0.164900684406703,0.419553804777178,0.118843684073733,7.69966194374273
"NTS",0.4956,22.9071342656428,0.438589684793308,0.478962952431464,4,1.2298590070253,11.4929503558917,0.480069024751563,4.16417020940341,0.164920815039416,0.419526330398306,0.118823790869015,7.69971606083764
"NTS",0.4976,22.9995762925421,0.436830080679285,0.477041372397131,4,1.22985932307462,11.4929661511482,0.480071111199279,4.1641499844548,0.164941645699805,0.419497813553931,0.118803354511042,7.69976180801424
"NTS",0.4996,23.0920183194413,0.435070784782206,0.475120128951876,4,1.22986102052995,11.4930510524172,0.480075540403607,4.16415300395813,0.164961446828113,0.419473851463778,0.118785510887009,7.69985555804356
"NTS",0.5016,23.1844603463406,0.43331179480693,0.473199219589285,4,1.22986475784776,11.4932378922604,0.480085488339047,4.16416421371144,0.16498135207119,0.41945540569084,0.118768978449079,7.70004773508163
"NTS",0.5036,23.2769023732399,0.431553105086262,0.471278638120482,4,1.2298666133456,11.4933306698353,0.480091660387216,4.16414721639214,0.165002387442962,0.419428854630784,0.118748165554007,7.70016949821408
"NTS",0.5056,23.3693444001392,0.429794714526692,0.469358383351298,4,1.22987183792224,11.4935919085513,0.48010650450659,4.16415196682137,0.165019429900731,0.419412773671123,0.118732299902688,7.70044648790213
"NTS",0.5096,23.5542284539378,0.426278814828204,0.465518836370538,4,1.22987338908558,11.4936694507148,0.480117675370025,4.16404806078417,0.165059869249212,0.419348024895958,0.118687290504651,7.70064977608341
"NTS",0.5116,23.646670480837,0.424521298918536,0.463599536764948,4,1.22987323204719,11.4936616035026,0.48011723043273,4.16404411960675,0.165081247515254,0.419321785486855,0.118668402399765,7.70065311374807
"NTS",0.5136,23.7391125077363,0.422764067381349,0.461680547709029,4,1.22987315324264,11.4936576642306,0.480099961910517,4.16428168907449,0.165097052120155,0.419331260777139,0.118673208126778,7.70041355818758
"NTS",0.5156,23.8315545346356,0.421007124716665,0.459761874117045,4,1.22987893775043,11.4939468916812,0.480134269766598,4.16403337101844,0.165117455175617,0.419279361769506,0.118634446971548,7.70097850600516
"NTS",0.5176,23.9239965615349,0.419250457089429,0.457843500880387,4,1.22987621606853,11.4938108007567,0.480124868496486,4.16404852146262,0.165137546840093,0.419252648097276,0.118617277221938,7.70082817440934
"NTS",0.5196,24.0164385884342,0.417494067689028,0.455925431482034,4,1.22987719647884,11.4938598373065,0.480123968450883,4.16409753849183,0.165155182687,0.419236439564281,0.118604187085612,7.7008365859035
"NTS",0.5216,24.1088806153335,0.415737949466924,0.454007658224612,4,1.22987293265347,11.493646641055,0.480104872204761,4.16418853295669,0.165174078792391,0.419219021356551,0.118594496557162,7.70052804581112
"NTS",0.5236,24.2013226422328,0.413982107774151,0.452090186951732,4,1.22987491207276,11.493745601806,0.480111413782559,4.16417490895897,0.165192289397631,0.41919595217422,0.118577095887865,7.70065321410675
"NTS",0.5256,24.293764669132,0.412226536227134,0.450173010692194,4,1.22988208165526,11.4941040833842,0.480130405659948,4.16419910033268,0.165208887805072,0.419186963997316,0.118563618562107,7.70101081897747
"NTS",0.5276,24.3862066960313,0.410471226726019,0.448256120600533,4,1.22987618799592,11.4938094018238,0.480115037241464,4.16416715312485,0.165229596429686,0.419147831102699,0.118543123009875,7.70074251416299
"NTS",0.5296,24.4786487229306,0.40871618419513,0.446339522054369,4,1.22987884787292,11.4939423875114,0.480123238064385,4.16415754957211,0.165247230032913,0.419126927837423,0.118526207421637,7.70089886659484
"NTS",0.5316,24.5710907498299,0.406961401574592,0.444423207343947,4,1.22987952081329,11.4939760536547,0.48012609822709,4.16413975147227,0.165265973490574,0.419101939743719,0.118507084916437,7.70095931858827
"NTS",0.5336,24.6635327767292,0.405206877379224,0.442507174847374,4,1.22988244364587,11.4941221780793,0.480131034890316,4.1641896143577,0.165282180657114,0.419091146700064,0.11849608175766,7.70106862402698
"NTS",0.5356,24.7559748036285,0.403452608502292,0.440591421171931,4,1.22988089530684,11.4940447648471,0.480130132451895,4.1641339712374,0.165302262225954,0.419056354566941,0.118474697287301,7.70105167540421
"NTS",0.5376,24.8484168305277,0.401698593699889,0.438675944959208,4,1.22988397458608,11.4941987387795,0.480136202370957,4.16417202323547,0.165318468150419,0.419045133784943,0.118461328971227,7.70118094919598
"NTS",0.5396,24.940858857427,0.399944827080543,0.436760739775408,4,1.22988066828232,11.494033419536,0.480127693435902,4.16415039471619,0.165339069519724,0.419010357652523,0.118444131123242,7.70103664182873
"NTS",0.5416,25.0333008843263,0.398191312376202,0.434845809696012,4,1.22988416749565,11.4942083740872,0.480137243120228,4.16415611597473,0.165354890335191,0.418994757223746,0.11842829006316,7.70122075964949
"NTS",0.5436,25.1257429112256,0.396438042688464,0.432931147187606,4,1.22988723626028,11.4943618115611,0.480144926751734,4.1641743615222,0.165368559339311,0.41898243297845,0.118415460250541,7.7013708171058
"NTS",0.5456,25.2181849381249,0.394685015099487,0.431016749063751,4,1.22988687120756,11.4943435608056,0.480143515001222,4.16417359491997,0.16538791145822,0.418957053952041,0.118399806826126,7.70135878128836
"NTS",0.5476,25.3106269650242,0.392932230204998,0.429102615975014,4,1.22988921474444,11.4944607423139,0.48015117521598,4.1641601127569,0.165404540045764,0.418936125913708,0.118384239121226,7.70150223404471
"NTS",0.5496,25.4030689919235,0.39117968201056,0.427188741375154,4,1.22988934254998,11.4944671259844,0.480149139956406,4.16418916619715,0.165422399617562,0.418919051342584,0.118369756177941,7.70148566723581
"NTS",0.5516,25.4955110188227,0.389427374139343,0.425275129220864,4,1.22989162430663,11.49458120949,0.480163300689465,4.16408152136594,0.165437529746525,0.418885547216596,0.118345580039513,7.70172264440972
"NTS",0.5536,25.587953045722,0.387675294025641,0.423361765789731,4,1.22989296319641,11.4946481588682,0.480157467423442,4.16421385810946,0.165454439799231,0.418884954685686,0.118341272028263,7.70166325676636
"NTS",0.5556,25.6803950726213,0.385923150416861,0.421448333018643,4,1.229890053353,11.4945026788188,0.480151735717378,4.16416870025774,0.165475418876589,0.418850191219796,0.11831947351643,7.70156280671833
"NTS",0.5576,25.7728370995206,0.384171833404649,0.419535802934385,4,1.2298904905458,11.4945245232448,0.480152203941636,4.16417940829974,0.165489432214122,0.418828716256908,0.118310174294111,7.70158231736979
"NTS",0.5596,25.8652791264199,0.382420445483289,0.417623195413615,4,1.22989236110656,11.4946180536746,0.480155097577551,4.16421349014075,0.165503259661838,0.418819189040476,0.118296696550257,7.70165260773225
"NTS",0.5616,25.9577211533192,0.380669283360992,0.415710834477273,4,1.22989292630275,11.4946463197153,0.480158055989892,4.16419235902822,0.165521432375993,0.418795614328786,0.118279839074391,7.70171030796474
"NTS",0.5636,26.0501631802184,0.378918342086412,0.413798714718227,4,1.22989160617865,11.4945803121904,0.480152338927388,4.16421550942791,0.165536565726118,0.418774908555826,0.118267942520719,7.70162423791428
"NTS",0.5676,26.235047234017,0.375417128991945,0.409975206279793,4,1.22989482940541,11.4947414729468,0.480173556748727,4.16403824976434,0.165572915408197,0.418708954052598,0.118222174811906,7.70198602024458
"NTS",0.5696,26.3274892609163,0.373666852388917,0.408063812376962,4,1.22990618989557,11.4953095004906,0.480204578133646,4.16406743732542,0.165583956877017,0.418713239546259,0.118211481938411,7.70255718469122
"NTS",0.5716,26.4199312878156,0.371916774754368,0.406152635758154,4,1.22989675654941,11.4948378170389,0.480163981235916,4.16425014458219,0.165599159764758,0.418704906096439,0.11821297634063,7.70188361593227
"NTS",0.5736,26.5123733147149,0.370166920781758,0.404241703389919,4,1.22989889144192,11.4949445727915,0.480169982820084,4.16424934565678,0.165616107725347,0.41868707392287,0.118198726326557,7.70200209442187
"NTS",0.5756,26.6048153416142,0.368417278629006,0.402331002340085,4,1.22990016062507,11.49500802827,0.480177213019393,4.16419656453096,0.16563066730953,0.41866114529366,0.118180046962092,7.70212899993257
"NTS",0.5776,26.6972573685134,0.36666784468384,0.400420528663863,4,1.22989986256407,11.4949931311189,0.480181389960908,4.16412062390738,0.165648109170107,0.418627648247404,0.1181598670479,7.70219727634156
"NTS",0.5796,26.7896993954127,0.364918614901222,0.398510277943856,4,1.22989950486352,11.4949752330113,0.480177179618867,4.16416366911263,0.165664107369909,0.418614247756718,0.118148223086663,7.70214045125896
"NTS",0.5816,26.882141422312,0.363169593174218,0.396600254431499,4,1.22990655532585,11.4953277725047,0.480191779913002,4.16424588793353,0.165673650000876,0.418619369712579,0.118143115307635,7.70243177580361
"NTS",0.5836,26.9745834492113,0.361420772172767,0.394690450121979,4,1.22990048699213,11.4950243454477,0.480181444681938,4.16413641080704,0.165695309785429,0.418571421619218,0.118117859758176,7.70223182783046
"NTS",0.5856,27.0670254761106,0.35967215891448,0.392780872678897,4,1.22991160360593,11.4955801732248,0.480211155095303,4.16417274432974,0.165707570503233,0.418575503003797,0.118108967545847,7.702782021194
"NTS",0.5876,27.1594675030099,0.357923740145005,0.390871507627804,4,1.22991195029606,11.4955975158866,0.480213627312983,4.16415175517231,0.165721381862665,0.418553209413144,0.118093931938879,7.70282784764963
"NTS",0.5896,27.2519095299092,0.356175516314991,0.388962355460832,4,1.22990706219144,11.4953531097438,0.480198952701674,4.16415220587672,0.165737476771053,0.418525997525551,0.118079429565176,7.70257788149735
"NTS",0.5916,27.3443515568084,0.354427490132,0.387053419134782,4,1.22991258005241,11.4956290043807,0.480209216333113,4.1642325373748,0.165748718631629,0.418528756687455,0.118073313309044,7.70279029285232
"NTS",0.5936,27.4367935837077,0.35267966433039,0.385144701635715,4,1.22991280243803,11.4956401173006,0.480224140142997,4.16402779656593,0.165766395303341,0.418477640788754,0.118042912801323,7.70301748370322
"NTS",0.5956,27.529235610607,0.350932021811101,0.383236184290562,4,1.22991187007816,11.4955935028818,0.48021466621969,4.16411802982369,0.165781863454859,0.418470411989789,0.118036976957514,7.70288201470292
"NTS",0.5976,27.6216776375063,0.349184570547147,0.381327875806271,4,1.22991184891746,11.4955924451349,0.480209172461165,4.164191289508,0.165796556764915,0.418462727820607,0.118028524954496,7.70281125921211
"NTS",0.5996,27.7141196644056,0.347437313435056,0.379419779346004,4,1.2299166443994,11.4958322204286,0.480224668428851,4.16417045687825,0.165806796144523,0.4184507130897,0.118014789636655,7.70309017877632
"NTS",0.6016,27.8065616913049,0.345690244274686,0.377511888138879,4,1.22991465813228,11.4957329018725,0.480231666460737,4.16398464213578,0.165828070580659,0.418397805065912,0.117985773672163,7.70318165599179
"NTS",0.6036,27.8990037182041,0.343943353721028,0.375604191979656,4,1.22991576071955,11.4957880315449,0.480224461048021,4.16413029745398,0.165839615207329,0.418404153973097,0.117985088275592,7.70309606873863
"NTS",0.6056,27.9914457451034,0.342196650494004,0.373696700390949,4,1.22991666668366,11.4958333419571,0.480226973938365,4.16413005878941,0.165852996969328,0.418386077362871,0.117972606400244,7.70314920973698
"NTS",0.6076,28.0838877720027,0.340450128526998,0.371789406747695,4,1.22992134331906,11.4960671634143,0.480234086447581,4.16421673328189,0.165866131170726,0.418387107258662,0.117966869190615,7.70330978305183
"NTS",0.6096,28.176329798902,0.338703785908547,0.369882308962473,4,1.22991963138295,11.4959815672325,0.480227434488046,4.16424014163726,0.165878153281492,0.418370781009561,0.117958253391256,7.7032032418774
"NTS",0.6116,28.2687718258013,0.336957627469849,0.367975412311208,4,1.22992273791328,11.4961368916876,0.480239846717753,4.16418889463897,0.165891829153688,0.418349778677986,0.117940569520195,7.70342343851432
"NTS",0.6136,28.3612138527006,0.335211643084107,0.366068705734904,4,1.22991743187703,11.4958715863613,0.480231346674227,4.16408721353347,0.165907983989902,0.418306802460518,0.117919701914858,7.70325600623491
"NTS",0.6156,28.4536558795999,0.333465835471714,0.364162192204375,4,1.22992002156387,11.496001077325,0.480236974977205,4.16411211482087,0.165921972726549,0.418297194036257,0.117908609886274,7.70337116667224
"NTS",0.6176,28.5460979064991,0.331720189884583,0.362255855613934,4,1.22991550756688,11.4957753647604,0.480206642586737,4.16435015020412,0.165933969515519,0.418306590109102,0.117915011784543,7.70289593312426
"NTS",0.6196,28.6385399333984,0.32997471266605,0.360349702890838,4,1.22990873119464,11.4954365774245,0.480169666497019,4.16459532071987,0.165944918545161,0.41831766733263,0.117924373751915,7.70229742001293
"NTS",0.6216,28.7309819602977,0.328229435830592,0.358443768996577,4,1.22991902964951,11.495951482892,0.48020967986286,4.16444831058674,0.165958442437386,0.418292383607155,0.11790077634261,7.70299119016974
"NTS",0.6236,28.823423987197,0.326483874710931,0.356537524649047,4,1.22990645454325,11.4953229764842,0.480175575975997,4.1644059109358,0.165979295146208,0.418249813205471,0.117880186511245,7.70238253597682
"NTS",0.6256,28.9158660140963,0.324739335029646,0.354632395765826,4,1.22989997039456,11.4949985263064,0.480133434132398,4.16473658586125,0.165986162812387,0.418272513030127,0.11789877615385,7.70171117853855
"NTS",0.6276,29.0083080409956,0.322994564114853,0.352727014363481,4,1.22990714819669,11.4953574383419,0.480166155131307,4.16456508779607,0.166001219331658,0.418239467224884,0.117872120750134,7.7022667956717
"NTS",0.6296,29.1007500678948,0.32124996847708,0.350821824372839,4,1.22992640460252,11.4963202403783,0.4802397714313,4.16431703525689,0.166014065146687,0.418216455918303,0.117840795181578,7.70353286110778
"NTS",0.6316,29.1931920947941,0.319505496939946,0.348916769906608,4,1.22991755161515,11.4958775851065,0.480197227208878,4.16455068193718,0.166023855571135,0.418221247988048,0.117847565088761,7.70283626868554
"NTS",0.6336,29.2856341216934,0.317761216041218,0.347011923627521,4,1.22992135836943,11.4960679177118,0.480223371728198,4.16433715455518,0.166038634175205,0.418177422940226,0.117819556357757,7.70325971458874
"NTS",0.6356,29.3780761485927,0.316017064590073,0.345107218711987,4,1.22991071228099,11.4955356146377,0.480173402373859,4.16459981935436,0.166053462394216,0.418181763323964,0.117828808997777,7.702438782312
"NTS",0.6376,29.470518175492,0.314273090334887,0.343202707303741,4,1.22991285304851,11.4956426466497,0.480174290493321,4.16467709217629,0.166062287947321,0.41818156968376,0.117823941662075,7.70247718378846
"NTS",0.6396,29.5629602023913,0.312529276492522,0.341298371074712,4,1.229909842136,11.495492110447,0.480167919489491,4.16463583878641,0.166077112341695,0.418152009959967,0.117808134118594,7.70236668957218
"NTS",0.6416,29.6554022292906,0.310785640721236,0.339394229308647,4,1.22993412475562,11.4967062407919,0.480246935038898,4.1645176408864,0.166085966125902,0.418156336491988,0.117789448903145,7.70376199757364
"NTS",0.6436,29.7478442561898,0.309042112459515,0.33749020494867,4,1.2299049541485,11.4952476997051,0.480149929361502,4.16468505738745,0.166103020909458,0.418119669530966,0.117788616430698,7.70207147180313
"NTS",0.6456,29.8402862830891,0.307298779538485,0.335586393910976,4,1.22991295894617,11.495647944683,0.480181624099031,4.16456861262603,0.166113717083968,0.418098734420719,0.117769230962651,7.70261470157089
"NTS",0.6476,29.9327283099884,0.305555591751004,0.333682741366737,4,1.22991773868764,11.4958869308135,0.480195964904016,4.16455554698372,0.166127100565097,0.418086573316003,0.117755931056435,7.70288199272282
"NTS",0.6496,30.0251703368877,0.303812544816591,0.331779242641438,4,1.22991838472961,11.4959192487499,0.480188396508304,4.16468855613478,0.166138561062664,0.418092381695225,0.117755626346879,7.70278457489553
"NTS",0.6516,30.117612363787,0.302069620002143,0.32987587727755,4,1.2299010172435,11.4950508582864,0.480112757492121,4.16503616531439,0.166153558788403,0.418101061084069,0.117770671627584,7.70152520715235
"NTS",0.6556,30.3024964175855,0.29858431565892,0.326069742030345,4,1.22992072897804,11.496036456844,0.480184392204391,4.1648347242027,0.166173122799546,0.41806878462706,0.117735368530953,7.70277194231588
"NTS",0.6576,30.3949384444848,0.296841835473817,0.324166862225036,4,1.22989938851506,11.4949694247641,0.480101956912857,4.16511098602291,0.166188594521263,0.418059579786486,0.117744354463741,7.70137790001279
"NTS",0.6596,30.4873804713841,0.295099587172023,0.322264235648469,4,1.22992034625363,11.4960173097984,0.480204065853044,4.16453453437056,0.166198975192693,0.417992563365331,0.117688404140045,7.70307037265248
"NTS",0.6616,30.5798224982834,0.293357429205045,0.320361707722261,4,1.22991902069619,11.4959510319342,0.480196499242889,4.16458095578754,0.166214001688201,0.417979159737299,0.117680396759149,7.70295715277847
"NTS",0.6636,30.6722645251827,0.29161540983549,0.318459331151713,4,1.22991834089081,11.4959170497168,0.480184036276506,4.16472626602799,0.166222218500531,0.417985687748344,0.117680743555343,7.7027776456238
"NTS",0.6656,30.764706552082,0.28987348525745,0.316557058098473,4,1.22988783145029,11.494391585977,0.480068575040024,4.16510395027566,0.166236609580041,0.417977873267403,0.117702981422849,7.70080226204216
"NTS",0.6676,30.8571485789813,0.288131776642998,0.314655020888807,4,1.22990597708137,11.4952988510497,0.480118516329367,4.16514058684495,0.166245320288321,0.417997469452712,0.117695444364367,7.7017171442046
"NTS",0.6696,30.9495906058805,0.286390148323671,0.312753071365629,4,1.22989746138383,11.4948730995183,0.48008263065905,4.16529169201338,0.166258472015423,0.417992440433367,0.117693905869481,7.70112151217667
"NTS",0.6716,31.0420326327798,0.28464822093025,0.310850795237847,4,1.22990325155218,11.4951621825907,0.480128683731331,4.16487749834894,0.166271069595814,0.417924201253585,0.117649505056457,7.70185350004107
"NTS",0.6736,31.1344746596791,0.282907402958055,0.308949730656263,4,1.22989639451086,11.494819730317,0.480074901426643,4.16535377114576,0.166280795636417,0.417966300707912,0.117681041395185,7.70101147532726
"NTS",0.6756,31.2269166865784,0.281166224469946,0.307048272372382,4,1.2298967915459,11.4948395704467,0.48007264046421,4.16540520450417,0.166290876536865,0.41795949018823,0.117677450694828,7.70098491569101
"NTS",0.6776,31.3193587134777,0.279425192910887,0.305146974542735,4,1.22989420733643,11.4947103606424,0.48007679627788,4.16523486171895,0.166306014891478,0.417914906798141,0.117651345890699,7.70102903266708
"NTS",0.6796,31.411800740377,0.27768390238487,0.303245393907579,4,1.22990647936208,11.4953244501612,0.480109406948174,4.1652751178553,0.16631567592488,0.417921188288263,0.117648306403164,7.70163346717676
"NTS",0.6816,31.5042427672762,0.275943497106239,0.301344780009026,4,1.22989396635266,11.4946983223806,0.480056756032886,4.16550478073284,0.166326527919738,0.417925676594952,0.117650906517543,7.70074805489863
"NTS",0.6836,31.5966847941755,0.274202865046437,0.299443918453532,4,1.22990206389877,11.4951031943331,0.480079471609946,4.16551362440125,0.166332320294328,0.417927290109225,0.117643346137743,7.70116791289993
"NTS",0.6856,31.6891268210748,0.272462375689387,0.297543212736932,4,1.22990556729789,11.4952783696961,0.480104760047212,4.16529867558977,0.16634402830044,0.417886937173128,0.117615685733834,7.70157652726219
"NTS",0.6876,31.7815688479741,0.270721997296566,0.295642628199094,4,1.22990839806767,11.4954199035371,0.480110023593395,4.1653383767589,0.16635392473963,0.417881337444528,0.117610336143954,7.70168813932425
"NTS",0.6896,31.8740108748734,0.268981729061576,0.293742163959388,4,1.22990479988551,11.4952399932645,0.480084054772144,4.16555004662586,0.166367969703269,0.417888193900044,0.117616577086438,7.70128547093472
"NTS",0.6916,31.9664529017727,0.26724165026608,0.291841906597552,4,1.22991728452739,11.4958642242176,0.480151099338812,4.16511931209916,0.166377644296263,0.417834552468999,0.117570874026804,7.70238583021619
"NTS",0.6936,32.058894928672,0.265501666798911,0.289941753339251,4,1.22992464935741,11.4962324659524,0.480177341279463,4.16505116685027,0.166389263279982,0.417824792924183,0.117552180281719,7.702844691604
"NTS",0.6956,32.1513369555712,0.263761813018364,0.288041741705547,4,1.22993296865101,11.4966484463846,0.480209932897291,4.16492998715888,0.166404085607608,0.417799720984206,0.117533215426382,7.70340607097922
"NTS",0.6976,32.2437789824705,0.262021979542353,0.286141752245462,4,1.22991568340408,11.49578399742,0.480139056452147,4.16521412807794,0.166413882859926,0.417802129153302,0.117544933159794,7.7022161938496
"NTS",0.6996,32.3362210093698,0.26028203877776,0.284241645620615,4,1.22993567794347,11.4967842083058,0.480211425671888,4.16501790575159,0.166421446169183,0.417791689180928,0.117524159839355,7.70346860733262
"NTS",0.7016,32.4286630362691,0.258542916807621,0.282342433162281,4,1.22990478430586,11.4952392166043,0.48011276847214,4.16513662802458,0.166436307773246,0.417749759538213,0.117518594888643,7.70173723400141
"NTS",0.7056,32.6135470900677,0.255063879020129,0.278543141322795,4,1.22992156412952,11.4960781808529,0.480162202994822,4.16512493588765,0.166451215919895,0.417747057817504,0.117501298390643,7.70263514588211
"NTS",0.7076,32.705989116967,0.253325144799268,0.276644352307021,4,1.22990242779923,11.4951213925042,0.480091288730408,4.16533522073339,0.166469201388938,0.417727563225016,0.117509963434995,7.70142242124705
"NTS",0.7096,32.7984311438662,0.251586117285459,0.274745242999957,4,1.22991769178768,11.4958845855127,0.480108647655991,4.16571624384887,0.166466882595771,0.417799503435591,0.117533681005753,7.70183473190477
"NTS",0.7116,32.8908731707655,0.249847216562495,0.272846272155149,4,1.22990497234246,11.4952486180066,0.480080798044092,4.16558443579496,0.166484333223506,0.417744023236074,0.117511836581694,7.70130905228524
"NTS",0.7136,32.9833151976648,0.248108447748256,0.270947445361591,4,1.22990760895827,11.4953804417488,0.480085395985937,4.16562213934753,0.166491801221446,0.41773844274694,0.117504893029249,7.70141151722562
"NTS",0.7156,33.0757572245641,0.246369816769501,0.269048769091615,4,1.22992196432294,11.4960982169725,0.480142374625654,4.16541035341074,0.166500932276594,0.41771751185805,0.117480929417562,7.70238406279863
"NTS",0.7176,33.1681992514634,0.24463073980789,0.267149605784955,4,1.22986403479175,11.493202231312,0.479951622258725,4.16571724275783,0.166525034966569,0.41765826436671,0.11748835766364,7.69904654817032
"NTS",0.7216,33.3530833052619,0.241154511198362,0.263353381715229,4,1.2299237239278,11.4961861906709,0.480129785910456,4.16565684993644,0.166526317761972,0.417716087043046,0.117476392233636,7.70223614160713
"NTS",0.7236,33.4455253321612,0.239416290241581,0.261455153210766,4,1.22990700467915,11.4953502338342,0.480075166120381,4.16573435922097,0.166542325941684,0.417689971415027,0.117469128062521,7.70128707134766
"NTS",0.7256,33.5379673590605,0.237678219458548,0.259557088703917,4,1.22993067140402,11.496533586069,0.480145570064711,4.16571844620185,0.166549701783859,0.41771035137197,0.117460396098291,7.70254287522672
"NTS",0.7276,33.6304093859598,0.235940198930941,0.257659079078629,4,1.22990392253222,11.4951961242659,0.480048135911107,4.16599207865615,0.166560108601856,0.417697382320526,0.117474192111427,7.7008704081154
"NTS",0.7296,33.7228514128591,0.234202283285816,0.255761183990518,4,1.22989153717675,11.4945768520294,0.479983658640845,4.16639016374745,0.166565846988452,0.417725388469189,0.117498862287408,7.69982004333705
"NTS",0.7316,33.8152934397584,0.232464498504211,0.253863431812236,4,1.22986535975532,11.493267982198,0.479912264533092,4.16631600967358,0.166584092457683,0.417658396848463,0.117480542523692,7.69853211814577
"NTS",0.7336,33.9077354666576,0.230726526355628,0.251965475019383,4,1.22988524933333,11.4942627044922,0.479975616584583,4.16624016988732,0.166587831547682,0.41766971928735,0.117464269349921,7.69965362639574
"NTS",0.7356,34.0001774935569,0.228989321404973,0.250068356046929,4,1.22989030263522,11.4945151389121,0.479967390864187,4.16655525555312,0.166595415205286,0.41770864994924,0.117482668932347,7.69959709070549
"NTS",0.7376,34.0926195204562,0.227251867260622,0.248170964941881,4,1.22986596944104,11.4932984844698,0.479902735627909,4.16646021977455,0.16661623122171,0.417639101784945,0.117462797377753,7.6984259073171
"NTS",0.7396,34.1850615473555,0.225514520956543,0.246273691604069,4,1.22988206026145,11.4941030090916,0.479920151241876,4.16688440866841,0.166613665556545,0.417720797699741,0.117493239108201,7.69883766400398
"NTS",0.7416,34.2775035742548,0.223777245651113,0.244376495800508,4,1.22985355793143,11.4926779101686,0.479823395767481,4.16707514867001,0.166627960331613,0.417691722282156,0.117496895215874,7.69715689543945
"NTS",0.7436,34.3699456011541,0.22204011063576,0.242479453201074,4,1.2298523085144,11.4926154298999,0.479807299974579,4.16725097326754,0.166632316680336,0.417704836119858,0.11750516334452,7.69691652051007
"NTS",0.7456,34.4623876280534,0.220303212701457,0.240582669506587,4,1.22987527253989,11.4937636245645,0.479933259777533,4.16641037553968,0.166646899639924,0.417603969582819,0.117421491925444,7.69898061384022
"NTS",0.7476,34.5548296549526,0.218566253558885,0.238685818969459,4,1.22985519849873,11.4927599199115,0.479857208316901,4.16666052236696,0.166659725737387,0.417591190416747,0.117438372425077,7.6976793403312
"NTS",0.7496,34.6472716818519,0.216829352681018,0.236789032060446,4,1.22984244221591,11.4921221074167,0.479763638330603,4.16745810956132,0.166661560126945,0.417680785661705,0.117495761158908,7.6961995967644
"NTS",0.7516,34.7397137087512,0.215092782201645,0.234892605963927,4,1.22987516798627,11.4937584046476,0.4799199888899,4.1665916358069,0.166673844752855,0.417589406504912,0.117416477014077,7.69880117057328
"NTS",0.7536,34.8321557356505,0.21335569321733,0.232995613632802,4,1.22982592800757,11.4912962994601,0.479721620393689,4.16735558350156,0.166687365121256,0.417606877284902,0.117467841114621,7.69544707040003
"NTS",0.7556,34.9245977625498,0.211619594212888,0.231099702411651,4,1.22986314386544,11.4931571943241,0.479839154183845,4.16723416221943,0.166682378544813,0.417642456438897,0.117453687174772,7.69752229975704
"NTS",0.7656,35.3868078970462,0.202938017187602,0.221618964701753,4,1.22981856604434,11.4909279481097,0.479664755015468,4.16785457299396,0.166735722395248,0.417607770862562,0.117459418322483,7.69457667722366
"NTS",0.7676,35.4792499239455,0.201202468664418,0.219723654635024,4,1.22982519498152,11.4912597450015,0.479650699094444,4.16832303997364,0.16673434502797,0.417676728112585,0.117493711552361,7.69444741844803
"NTS",0.7736,35.7565760046433,0.195994912990489,0.214036730553096,4,1.22981584280344,11.490792152975,0.479643535669577,4.16803411761328,0.166771812703718,0.417568527322534,0.117447878954852,7.69426242121554
"NTS",0.7856,36.3112281660391,0.185582685471137,0.202666031681308,4,1.22973979536158,11.4869900549513,0.479270112946004,4.17017097120678,0.166813927423929,0.417716899340799,0.117568211763506,7.68812475240112
"NTS",0.7876,36.4036701929383,0.183848376877174,0.200772075682359,4,1.22992032852866,11.4960161540041,0.480057056856021,4.16649108629079,0.166823694494053,0.417441405244966,0.11726836705262,7.70133273567673
"NTS",0.7916,36.5885542467369,0.18037842807246,0.196982709489044,4,1.2297549482143,11.487747216795,0.479390072301073,4.16909905734196,0.16684304495665,0.417551799475967,0.117454211140294,7.69002722895762
"NTS",0.7956,36.7734383005355,0.176908796703491,0.193193689952223,4,1.22975368188489,11.4876841017414,0.479379802783616,4.1691831271513,0.166856948720213,0.417543962339603,0.117440974224118,7.68988187686823
"NTS",0.7976,36.8658803274348,0.175173888301406,0.191299078931327,4,1.22970648180756,11.4853242253016,0.47909967556699,4.17118931751917,0.166866890823287,0.417739628764174,0.117607817648531,7.68535874775757
"ADPS",0.0026,1.01314817168328,0.915705266467351,0.999998206047491,4,1.24078037475043,12.0390187367232,0.551783681242974,3.58300212530302,0.134462702871867,0.405776691620444,0.114229773674003,8.83546980756757
"ADPS",0.00259130434782609,1.00975971625959,0.915705997701276,0.999999004593311,4,1.24078912670316,12.0394563311394,0.551810950617083,3.58300990835974,0.134416688558312,0.405797578636283,0.114219530984442,8.83594624172716
"ADPS",0.00258260869565217,1.0063712608359,0.915706516717046,0.999999571385769,4,1.24079796755351,12.0398983820191,0.551838516734361,3.58301748766638,0.13437040889931,0.405818528753222,0.114209170444351,8.83642780509008
"ADPS",0.00257391304347826,1.00298280541221,0.915706820181131,0.999999902784475,4,1.24080683940632,12.0403419738666,0.551866183718171,3.58302516946125,0.134323841350202,0.405839554806023,0.114198733082704,8.83691114113882
"ADPS",0.00256521739130435,0.999594349988521,0.91570690602508,0.999999996530572,4,1.24081475390848,12.0407376925083,0.551890904858804,3.5830314388395,0.134282415644517,0.405858149373646,0.114189370386858,8.83734292166618
"ADPS",0.00255652173913043,0.996205894564831,0.915706793053283,0.999999873159442,4,1.24082372621822,12.0411863122561,0.551918919264497,3.58303887396872,0.134235329483716,0.405879273508075,0.114178725253621,8.83783225611945
"ADPS",0.00254782608695652,0.992817439141141,0.915706453865926,0.999999502749048,4,1.24083279878913,12.0416399367733,0.551947283318565,3.58304578041195,0.134187973412231,0.405900411495243,0.114167933934027,8.8383276340363
"ADPS",0.00253913043478261,0.989428983717451,0.915705884512474,0.999998880985199,4,1.24084192623027,12.0420963096077,0.551975839343903,3.58305255096149,0.134140314609237,0.405921624228717,0.114157034379401,8.83882631254908
"ADPS",0.0025304347826087,0.986040528293761,0.915705081124017,0.999998003642843,4,1.2408511231141,12.0425561543417,0.552004617087752,3.58305928406022,0.134092378492004,0.405942898060146,0.114146026891002,8.83932892480475
"ADPS",0.00252173913043478,0.982652072870071,0.915704039691916,0.999996866344336,4,1.2408604007629,12.0430200425923,0.552033700873448,3.58306536871246,0.134044152685451,0.405964177035497,0.114134866941603,8.83983671124597
"ADPS",0.00251304347826087,0.979263617446381,0.915702756430375,0.999995464955389,4,1.24086972726178,12.0434863507768,0.5520629427062,3.58307148620222,0.133995622885276,0.405985526757424,0.114123610778318,8.8403472866742
"ADPS",0.00250434782608696,0.975875162022691,0.915701226612878,0.999993794314399,4,1.24087912642486,12.0439563216993,0.552092435434247,3.58307740355228,0.133946794929879,0.406006938517812,0.114112219207403,8.84086218603625
"ADPS",0.00249565217391304,0.972486706599001,0.915699446429719,0.999991850260969,4,1.24088859505132,12.0444297535015,0.552122171492597,3.58308305357481,0.133897666120963,0.406028378040326,0.11410071347943,8.84138126949738
"ADPS",0.00248695652173913,0.969098251175312,0.91569741159604,0.999989628115805,4,1.24089813913812,12.0449069579895,0.552152148604531,3.58308867590388,0.133848235901586,0.406049910038798,0.114089083664359,8.84190461844269
"ADPS",0.00247826086956522,0.965709795751622,0.915695117710964,0.999987123072922,4,1.2409077490614,12.045387440979,0.552182374596909,3.58309382374751,0.133798498310448,0.406071448911353,0.114077316531273,8.84243217835509
"ADPS",0.0024695652173913,0.962321340327932,0.91569255982497,0.999984329727182,4,1.24091743866853,12.045871933471,0.552212857050359,3.58309897717117,0.133748435296953,0.406093078627377,0.114065434718028,8.84296424746651
"ADPS",0.00246086956521739,0.958932884904242,0.915689733980402,0.999981243756616,4,1.24092721172529,12.0463605850455,0.552243655536233,3.58310339365067,0.133698067704989,0.406114703299009,0.114053376846963,8.84350171891556
"ADPS",0.00245217391304348,0.955544429480552,0.915686635170828,0.999977859693941,4,1.24093702405199,12.0468511993159,0.552274567130379,3.58310817414757,0.133647377226543,0.406136422835066,0.114041241305675,8.84404117690033
"ADPS",0.00244347826086957,0.952155974056862,0.915683258689176,0.999974172398783,4,1.24094695160233,12.0473475814947,0.552305896955816,3.58311214807377,0.133596357286548,0.406158164964543,0.114028917313471,8.84458782682447
"ADPS",0.00243478260869565,0.948767518633172,0.915679599772955,0.999970176670254,4,1.24095693794173,12.0478468969593,0.552337421348446,3.58311609461055,0.133545018369232,0.406179963583453,0.114016475910924,8.8451378791627
"ADPS",0.00242608695652174,0.945379063209482,0.915675653398181,0.999965867021901,4,1.24096700257768,12.0483501321066,0.55236921668712,3.58311979750384,0.133493350273091,0.406201814104158,0.114003891458502,8.84569260553672
"ADPS",0.00241739130434783,0.941990607785792,0.91567141438022,0.999961237791828,4,1.2409771493181,12.0488574562674,0.552401285518185,3.58312335206037,0.133441339145325,0.406223727057487,0.113991178848288,8.84625209971565
"ADPS",0.00240869565217391,0.938602152362102,0.915666877610442,0.999956283401147,4,1.24098737216985,12.04936860333,0.552433632622532,3.58312648772275,0.133388990543354,0.406245677662931,0.113978306078222,8.84681635262297
"ADPS",0.0024,0.935213696938412,0.915662038038886,0.999950998335033,4,1.24099767787028,12.0498838918888,0.552466260594721,3.58312940580442,0.133336306831523,0.406267674144843,0.113965296230886,8.84738549122314
"ADPS",0.00239130434782609,0.931825241514723,0.915656889916173,0.999945376314863,4,1.24100806310887,12.0504031553858,0.552499179075079,3.58313184732341,0.133283269321264,0.406289703014157,0.113952120083943,8.84795962490295
"ADPS",0.00238260869565217,0.928436786091033,0.915651427909774,0.999939411517236,4,1.24101855539784,12.0509277664717,0.552532444012998,3.58313418876382,0.133229890436035,0.406311805169246,0.113938800800727,8.84853979929384
"ADPS",0.00237391304347826,0.925048330667343,0.915645646637006,0.99993309806398,4,1.24102910698604,12.051455348719,0.552565939216334,3.58313608009218,0.133176149590627,0.40633393245379,0.113925322764751,8.84912389631954
"ADPS",0.00236521739130435,0.921659875243653,0.915639539740934,0.999926429012987,4,1.24103975746929,12.0519878734776,0.55259977066142,3.5831376806323,0.133122042589133,0.406356113885683,0.113911689607732,8.8497138297545
"ADPS",0.00235652173913043,0.918271419819963,0.915633102135193,0.999919398809681,4,1.2410504896631,12.0525244685425,0.552633884228591,3.58313902294775,0.133067575084339,0.40637834889918,0.113897904257327,8.85030864119493
"ADPS",0.00234782608695652,0.914882964396273,0.915626327218517,0.999912000245131,4,1.24106129950344,12.0530649666629,0.552668275344191,3.58314003785647,0.13301274030714,0.406400621840006,0.113883957978739,8.85090823458938
"ADPS",0.00233913043478261,0.911494508972583,0.915619209189623,0.999904226984033,4,1.24107220784475,12.0536103931812,0.55270300505331,3.58314073037365,0.13295753581144,0.406422942958976,0.113869842155341,8.85151368849243
"ADPS",0.0023304347826087,0.908106053548893,0.915611741811813,0.999896072215586,4,1.24108321120114,12.0541605601583,0.552738054339786,3.58314120004584,0.132901958191562,0.406445320897059,0.113855570666881,8.85212470251037
"ADPS",0.00232173913043478,0.904717598125203,0.915603918982341,0.999887529275271,4,1.24109430002384,12.0547149958271,0.552773425354591,3.58314105219043,0.132845995800656,0.406467714452331,0.11384111075423,8.85274119961943
"ADPS",0.00231304347826087,0.901329142701514,0.915595733185252,0.999878589955269,4,1.24110550260326,12.0552751301228,0.552809176396841,3.58314063827684,0.132789644976788,0.406490168870229,0.113826482971291,8.85336432622063
"ADPS",0.00230434782608696,0.897940687277824,0.91558717912874,0.999869248476652,4,1.24111677173756,12.0558385768361,0.552845161202648,3.58314004990765,0.132732904873155,0.406512669412446,0.11381170237958,8.85399148321408
"ADPS",0.00229565217391304,0.894552231854134,0.915578248886271,0.999859496183227,4,1.241128164377,12.0564082114808,0.552881584065507,3.58313883314398,0.132675757655472,0.40653521534225,0.113796720827893,8.85462617329582
"ADPS",0.00228695652173913,0.891163776430444,0.915568935840172,0.999849325848151,4,1.24113964516293,12.0569822583108,0.552918314287901,3.58313728242972,0.132618220993604,0.406557791391835,0.113781558222169,8.85526621211861
"ADPS",0.00227826086956522,0.887775321006754,0.915559233420295,0.999838730296474,4,1.24115122209219,12.0575611203361,0.552955384443293,3.58313534475735,0.132560281479731,0.406580390129232,0.113766230838859,8.8559120928258
"ADPS",0.0022695652173913,0.884386865583064,0.915549134489349,0.999827701733902,4,1.24116291401522,12.0581456823865,0.552992844981031,3.58313301682706,0.132501930488361,0.40660306644841,0.113750687740121,8.85656475813701
"ADPS",0.00226086956521739,0.880998410159374,0.91553862960851,0.999816229852743,4,1.24117470246949,12.0587351234552,0.553030652332766,3.58313027816823,0.132443147455835,0.406625773938926,0.113734973706575,8.85722338502478
"ADPS",0.00225217391304348,0.877609954735684,0.915527713539895,0.999804308932954,4,1.24118657447268,12.0593287237563,0.553068747825335,3.58312731832423,0.132383954026068,0.406648519508202,0.113719090035699,8.85788700230402
"ADPS",0.00224347826086957,0.874221499311994,0.91551637838581,0.999791930349839,4,1.24119857061567,12.0599285370361,0.553107283755688,3.58312373469188,0.132324332787126,0.40667130112326,0.113702989919606,8.85855820178973
"ADPS",0.00223478260869565,0.870833043888305,0.915504614168193,0.999779083206829,4,1.24121068723953,12.0605343619853,0.553146247790678,3.58311949862262,0.132264277113459,0.406694102561074,0.113686663135395,8.85923680415504
"ADPS",0.00222608695652174,0.867444588464614,0.915492414915849,0.999765760983068,4,1.24122290276901,12.0611451378254,0.55318555076666,3.58311501493022,0.132203782854576,0.406716960557727,0.113670160396434,8.85992128612026
"ADPS",0.00221739130434783,0.864056133040925,0.915479772046959,0.999751954306757,4,1.24123520102162,12.0617600611174,0.553225145099068,3.58311034581598,0.132142848612498,0.406739863718287,0.113653479923464,8.86061074314993
"ADPS",0.00220869565217391,0.860667677617235,0.915466675620578,0.999737652321866,4,1.24124766150101,12.062383075181,0.553265316716527,3.58310464675396,0.132081455426862,0.406762769624689,0.113636537974996,8.86131020397255
"ADPS",0.0022,0.857279222193545,0.91545311851492,0.999722847251027,4,1.24126020531188,12.063010265241,0.553305775401182,3.58309881282188,0.132019616401673,0.406785727507159,0.113619413289781,8.86201462256738
"ADPS",0.00219130434782609,0.853890766769855,0.915439091776347,0.999707529316401,4,1.2412728690255,12.0636434440428,0.553346668414434,3.58309228215683,0.13195731104753,0.4068086946205,0.113602071713711,8.86272650171225
"ADPS",0.00218260869565217,0.850502311346165,0.91542458545595,0.999691687653253,4,1.24128565940746,12.0642829670048,0.553387983763493,3.58308552397203,0.131894541637978,0.406831742779821,0.11358451070056,8.86344573344426
"ADPS",0.00217391304347826,0.847113855922475,0.915409590324387,0.99967531218266,4,1.2412985681276,12.0649284064083,0.553429726428711,3.58307811045315,0.131831289631791,0.406854801933896,0.113566725793469,8.86417232615611
"ADPS",0.00216521739130435,0.843725400498785,0.915394098151531,0.999658393916891,4,1.24131159321317,12.0655796660973,0.553471891915308,3.58307004129937,0.131767561430166,0.406877874073922,0.113548710247026,8.86490617119996
"ADPS",0.00215652173913043,0.840336945075095,0.915378097633613,0.999640920511638,4,1.24132476564914,12.0662382824491,0.553514570970959,3.58306130237107,0.131703349276488,0.406900965746176,0.113530450146778,8.86564890708076
"ADPS",0.00214782608695652,0.836948489651405,0.915361581355292,0.999622883868958,4,1.24133805329106,12.066902668207,0.553557661559425,3.58305202162413,0.131638656806694,0.406924074351398,0.113511959230086,8.86639873297277
"ADPS",0.00213913043478261,0.833560034227716,0.91534453467385,0.999604267998235,4,1.241351466326,12.06757331446,0.553601188852437,3.58304229890865,0.131573446754223,0.406947235364739,0.113493233290707,8.86715609764968
"ADPS",0.0021304347826087,0.830171578804025,0.915326951307118,0.999585066039011,4,1.24136500982282,12.0682504911316,0.553645180741535,3.58303193954714,0.131507730231573,0.406970418494188,0.113474272254414,8.86792147571875
"ADPS",0.00212173913043478,0.826783123380336,0.915308819825494,0.99956526550956,4,1.24137868329748,12.0689341729856,0.553689633116021,3.58302099209225,0.131441506634167,0.406993616272668,0.113455062881628,8.86869479540634
"ADPS",0.00211304347826087,0.823394667956646,0.915290127159931,0.999544852137797,4,1.24139250858925,12.0696254280568,0.553734609520774,3.5830094342104,0.131374755110047,0.407016855928028,0.113435594004945,8.86947721882865
"ADPS",0.00210434782608696,0.820006212532956,0.91527086457715,0.999523816386524,4,1.24140644260454,12.0703221305621,0.553779994458647,3.58299719718338,0.13130747649734,0.40704009095185,0.113415878604162,8.87026658401689
"ADPS",0.00209565217391304,0.816617757109266,0.91525101965247,0.999502144687337,4,1.24142053014014,12.0710265075648,0.55382591185374,3.58298431456326,0.131239670859528,0.407063350351707,0.113395893410883,8.87106519768929
"ADPS",0.00208695652173913,0.813229301685576,0.915230581019339,0.999479824627364,4,1.24143477272779,12.0717386349688,0.553872375132087,3.5829707336664,0.131171318223993,0.407086633050554,0.113375645954941,8.87187321530945
"ADPS",0.00207826086956522,0.809840846261886,0.915209537439657,0.999456843934011,4,1.24144914894939,12.0724574526443,0.55391931722486,3.58295646148287,0.131102422553885,0.407109921294844,0.113355128782018,8.87268951186782
"ADPS",0.0020695652173913,0.806452390838196,0.915187873871758,0.999433186180988,4,1.24146366511245,12.0731832547286,0.553966742802693,3.58294176772965,0.131032957392149,0.407133262054389,0.113334359323347,8.8735141448407
"ADPS",0.00206086956521739,0.803063935414506,0.915165578841671,0.999408838838117,4,1.2414783358579,12.0739167928492,0.554014735827667,3.58292603778306,0.13096293159524,0.407156571745437,0.113313280474982,8.87434852924609
"ADPS",0.00205217391304348,0.799675479990816,0.915142641205267,0.999383789735427,4,1.2414931725107,12.0746586257072,0.554063329336435,3.58290929377117,0.130892332871139,0.407179868028046,0.113291904767538,8.8751932411514
"ADPS",0.00204347826086957,0.796287024567127,0.915119046856507,0.999358023468378,4,1.24150817460834,12.0754087302881,0.554112491568789,3.58289197476787,0.130821157016508,0.407203197342945,0.113270248128657,8.87604781331978
"ADPS",0.00203478260869565,0.792898569143437,0.915094781766052,0.9993315247162,4,1.24152329642574,12.0761648201569,0.554162085955787,3.58287412420067,0.130749383949669,0.407226541777821,0.113248325671799,8.87690981734296
"ADPS",0.00202608695652174,0.789510113719747,0.915069832685961,0.999304279011444,4,1.24153859475731,12.0769297359623,0.554212312442739,3.5828552481213,0.130677026915765,0.407249855806128,0.113226083620372,8.8777827328241
"ADPS",0.00201739130434783,0.786121658296057,0.915044184338016,0.999276269669495,4,1.24155408759695,12.0777043791364,0.554263230071957,3.58283536194685,0.130604047590272,0.407273199154602,0.113203507669594,8.87866753146731
"ADPS",0.00200869565217391,0.782733202872367,0.915017823286083,0.999247482017389,4,1.24156968892009,12.0784844452729,0.554314532911839,3.58281514010503,0.130530454806237,0.407296553714488,0.113180671579038,8.8795589907016
"ADPS",0.002,0.779344747448677,0.91499073410328,0.999217899208162,4,1.24158550594411,12.0792752993266,0.554366613200125,3.58279353266321,0.130456241929835,0.407319867680661,0.113157478913962,8.88046383013411
"ADPS",0.00199130434782609,0.775956292024987,0.914962901596502,0.999187504650145,4,1.24160149062717,12.0800745352086,0.554419288282714,3.58277112091159,0.130381401995693,0.407343180129282,0.113133965188705,8.88137893422501
"ADPS",0.00198260869565217,0.772567836601297,0.914934310027595,0.999156281156449,4,1.24161765033655,12.0808825166741,0.554472593878787,3.58274774547087,0.130305909155935,0.407366483001326,0.113110116686861,8.88230488055653
"ADPS",0.00197391304347826,0.769179381177607,0.914904943193074,0.999124211032018,4,1.24163397662391,12.0816988314929,0.554526490155608,3.58272357702965,0.130229764638366,0.407389786017326,0.11308595445408,8.88324105200713
"ADPS",0.00196521739130435,0.765790925753917,0.914874784619011,0.999091276286456,4,1.24165050119809,12.0825250591903,0.554581099788675,3.58269828378505,0.130152964725341,0.407413052759438,0.113061431393709,8.88418946121038
"ADPS",0.00195652173913043,0.762402470330228,0.914843817362784,0.999057458417534,4,1.24166720228672,12.0833601138715,0.554636341693025,3.58267205843305,0.130075491208863,0.407436308371633,0.113036568465178,8.88514878367688
"ADPS",0.00194782608695652,0.759014014906538,0.914812024509984,0.999022738953827,4,1.24168409273581,12.0842046370018,0.554692262647979,3.58264480532817,0.129997336703681,0.407459544143138,0.113011347818561,8.88611980280255
"ADPS",0.00193913043478261,0.755625559482848,0.914779386618185,0.998987096663187,4,1.24170117598173,12.0850587990794,0.554748876128129,3.58261648563515,0.129918490037656,0.407482753166733,0.112985764503916,8.8871027469596
"ADPS",0.0019304347826087,0.752237104059158,0.914745887217311,0.998950513559425,4,1.24171845296457,12.0859226474048,0.554806183661737,3.58258712714911,0.129838943835642,0.407505936040975,0.112959816737841,8.88809764824472
"ADPS",0.00192173913043478,0.748848648635468,0.914711506441684,0.998912967948181,4,1.2417359335999,12.0867966799402,0.554864223233428,3.58255661857967,0.129758682875919,0.407529085398471,0.112933485413255,8.88910516198146
"ADPS",0.00191304347826087,0.745460193211778,0.914676225494368,0.998874439302212,4,1.24175361729465,12.087680864784,0.554922998112561,3.58252490831845,0.129677697143271,0.407552192977921,0.112906771891326,8.89012531578781
"ADPS",0.00190434782608696,0.742071737788088,0.914640024436598,0.998834905847341,4,1.24177151065496,12.0885755331011,0.554982519954691,3.58249208825512,0.129595980350815,0.407575266787974,0.112879670953348,8.89115837208557
"ADPS",0.00189565217391304,0.738683282364398,0.914602882966359,0.998794345412702,4,1.24178961221609,12.089480610882,0.555042806822331,3.58245789031069,0.129513523384538,0.407598270912064,0.112852158169845,8.89220453714123
"ADPS",0.00188695652173913,0.735294826940708,0.914564780422041,0.998752735434733,4,1.24180793262389,12.0903966316085,0.555103874499325,3.58242253842115,0.129430309587135,0.407621243954617,0.112824245545815,8.89326416051479
"ADPS",0.00187826086956522,0.731906371517018,0.914525694637118,0.998710051706424,4,1.24182647280574,12.0913236419122,0.55516573526478,3.58238590246149,0.129346324044467,0.407644162170798,0.112795915347646,8.89433744394284
"ADPS",0.0018695652173913,0.728517916093329,0.914485604440368,0.99866627110769,4,1.2418452432181,12.0922621591601,0.555228411257576,3.58234811671534,0.129261564364196,0.407667045914017,0.112767172136468,8.89542479362215
"ADPS",0.00186086956521739,0.725129460669639,0.914444486405679,0.998621368055987,4,1.24186423652091,12.0932118260005,0.555291910461373,3.58230877432651,0.129176006961954,0.407689843110468,0.112737986819842,8.89652627698682
"ADPS",0.00185217391304348,0.721741005245949,0.91440231866919,0.998575318674831,4,1.24188346574318,12.0941732876004,0.555356255697136,3.58226810740826,0.129089653179515,0.407712579190132,0.112708362665055,8.89764233452879
"ADPS",0.00184347826086957,0.718352549822259,0.914359075151586,0.998528094484242,4,1.24190295076859,12.0951475384312,0.555421543768592,3.58222560517896,0.129002478716221,0.407735207279818,0.112678260168122,8.89877455988267
"ADPS",0.00183478260869565,0.714964094398569,0.914314734248038,0.998479671890612,4,1.24192262245866,12.0961311196937,0.555487471195742,3.58218264807623,0.128914482856908,0.407757843633967,0.112647774573688,8.8999179056036
"ADPS",0.00182608695652174,0.711575638974879,0.914269267581865,0.998430019905118,4,1.24194261886092,12.0971309442701,0.555554626488391,3.5821367693404,0.128825635999451,0.407780287035448,0.112616714912227,8.90108219596779
"ADPS",0.00181739130434783,0.708187183551189,0.914222651818717,0.998379113045423,4,1.24196283235371,12.0981416183725,0.555622543679194,3.58208999397126,0.128735939477602,0.407802693598082,0.112585225362162,8.90225968884046
"ADPS",0.00180869565217391,0.704798728127499,0.914174858397984,0.998326920121844,4,1.2419833026494,12.0991651312201,0.555691392435863,3.58204163331049,0.12864537647523,0.407825002069885,0.112553254612321,8.903453195679
"ADPS",0.0018,0.701410272703809,0.914125861550914,0.99827341299355,4,1.2420040364716,12.1002018243485,0.555761191221802,3.58199171744515,0.128553932896481,0.407847225659086,0.112520788283953,8.90466306324288
"ADPS",0.00179130434782609,0.69802181728012,0.914075630987304,0.998218558582051,4,1.24202503576135,12.1012517905869,0.555831972360494,3.5819398808746,0.128461589410926,0.407869312552955,0.112487797022936,8.90588978416579
"ADPS",0.00178260869565217,0.69463336185643,0.914024140141105,0.998162327875827,4,1.24204631456045,12.1023157267122,0.555903761171207,3.58188636710865,0.128368335857493,0.407891304954761,0.112454290514715,8.90713385242055
"ADPS",0.00177391304347826,0.69124490643274,0.913971358037343,0.99810468704858,4,1.24206786986282,12.10339349317,0.555976556789726,3.58183109073583,0.128274161597763,0.407913170795218,0.112420258333237,8.90839522149949
"ADPS",0.00176521739130435,0.68785645100905,0.913917254467635,0.998045603111171,4,1.24208971929338,12.1044859641336,0.556050408930569,3.58177407774537,0.128179053066475,0.407934928430274,0.112385694997923,8.90967479613567
"ADPS",0.00175652173913043,0.68446799558536,0.913861796742659,0.997985040365145,4,1.24211185303693,12.105592651965,0.556125308001146,3.58171505802017,0.128082985837136,0.407956541017971,0.112350566502346,8.91097236982505
"ADPS",0.00174782608695652,0.68107954016167,0.913804955178827,0.997922966394467,4,1.24213427821253,12.1067139091786,0.556201280218962,3.58165399014683,0.127985959690863,0.4079779823365,0.112314878096561,8.9122883551907
"ADPS",0.00173913043478261,0.67769108473798,0.913746693025668,0.997859341065692,4,1.24215701442867,12.1078507217568,0.55627839186508,3.58159081558623,0.127887944797414,0.407999273504441,0.1122785974302,8.9136238828463
"ADPS",0.0017304347826087,0.67430262931429,0.913686977422127,0.997794128492825,4,1.24218006411314,12.1090032056626,0.556356637879339,3.58152568222254,0.127788922057345,0.408020431783401,0.112241739602136,8.91497894297119
"ADPS",0.00172173913043478,0.6709141738906,0.913625773928898,0.997727291066337,4,1.24220345110186,12.1101725576488,0.556436137136719,3.58145788585265,0.127688908196455,0.408041353735046,0.112204231698782,8.91635549703817
"ADPS",0.00171304347826087,0.66752571846691,0.913563043976613,0.997658786666452,4,1.24222714181943,12.1113570908713,0.556516735219167,3.58138829686207,0.127587831235057,0.408062161295279,0.112166146767766,8.91775096102424
"ADPS",0.00170434782608696,0.66413726304322,0.913498750609719,0.997588574935768,4,1.2422511237225,12.1125561863144,0.556598389509036,3.58131697776051,0.127485705857171,0.40808283136236,0.112127465524964,8.91916460195063
"ADPS",0.00169565217391304,0.660748807619531,0.913432856484188,0.997516615092647,4,1.2422755237209,12.1137761860402,0.556681601227495,3.58124211622064,0.127382540521359,0.408103168409331,0.112088062189263,8.92060493570469
"ADPS",0.00168695652173913,0.657360352195841,0.913365322106792,0.997442864008412,4,1.24230022952648,12.1150114773231,0.556765926260826,3.58116539858423,0.127278276520933,0.408123369754894,0.112048039918143,8.92206439897906
"ADPS",0.00167826086956522,0.653971896772151,0.913296102954512,0.997367273061588,4,1.24232528765042,12.1162643829216,0.556851545047401,3.5810861803788,0.127172915926767,0.408143347579899,0.11200733651235,8.92354609069232
"ADPS",0.0016695652173913,0.650583441348461,0.913225160224436,0.997289799877359,4,1.24235070898429,12.1175354492067,0.556938497105974,3.58100439669263,0.127066435891423,0.408163091545799,0.111965954316147,8.92505067906627
"ADPS",0.00166086956521739,0.647194985924771,0.913152449205476,0.997210395628871,4,1.24237649970313,12.1188249845821,0.557026805449726,3.58091996453399,0.126958820155975,0.408182603094194,0.111923863143876,8.9265785891275
"ADPS",0.00165217391304348,0.643806530501081,0.913077925958967,0.997129012332797,4,1.24240266546807,12.1201332711366,0.557116501798578,3.58083273123675,0.126850045336383,0.408201855148079,0.111881053808384,8.92813030081195
"ADPS",0.00164347826086957,0.640418075077391,0.913001540485334,0.997045595386976,4,1.24242922039798,12.1214610196768,0.557207623499528,3.58074278398749,0.126740099499329,0.408220852802235,0.111837502085087,8.92970648626223
"ADPS",0.00163478260869565,0.637029619653701,0.912923251736466,0.996960099964717,4,1.24245618640822,12.1228093204909,0.557300280061049,3.58064946913642,0.126628976644236,0.408239521856778,0.11179316355389,8.93130896656674
"ADPS",0.00162608695652174,0.633641164230011,0.912843002685747,0.996872463789962,4,1.2424835407477,12.1241770377663,0.557394359819713,3.58055346343566,0.126516616140777,0.408257934358974,0.111748086212256,8.93293592249872
"ADPS",0.00161739130434783,0.630252708806322,0.912760747847461,0.996782637189923,4,1.24251130568804,12.1255652841214,0.557489963655193,3.58045428890347,0.126403034307476,0.408276029187521,0.111702209324528,8.93458899398239
"ADPS",0.00160869565217391,0.626864253382632,0.912676434571355,0.99669056266776,4,1.24253946870019,12.1269734345047,0.557587012315145,3.58035256304632,0.126288189173358,0.408293873172145,0.111655575169635,8.93626694053362
"ADPS",0.0016,0.623475797958942,0.91259000475765,0.996596176775465,4,1.2425681136155,12.1284056809369,0.557685896004767,3.58024626387219,0.126172080819005,0.408311248860925,0.11160801497776,8.93797623656232
"ADPS",0.00159130434782609,0.620087342535252,0.912501407509578,0.996499423931098,4,1.2425971842124,12.1298592104208,0.557786332367099,3.58013707882922,0.126054674204102,0.40832832887662,0.111559652454239,8.93971223738314
"ADPS",0.00158260869565217,0.616698887111562,0.912410582121008,0.996400237840377,4,1.24262669163938,12.1313345791027,0.557888384472213,3.58002460627057,0.125935958670116,0.408345059905389,0.111510420527896,8.94147595126286
"ADPS",0.00157391304347826,0.613310431687872,0.912317469921244,0.996298554431823,4,1.2426566659583,12.1328332980077,0.557992185399255,3.57990824675726,0.125815892518733,0.408361375042802,0.111460296197455,8.94326962735637
"ADPS",0.00156521739130435,0.609921976264182,0.912222008585701,0.996194305643719,4,1.24268711522104,12.1343557640212,0.558097743801864,3.57978821358096,0.125694473845993,0.408377292414531,0.111409263545485,8.9450934635902
"ADPS",0.00155652173913043,0.606533520840492,0.912124138066002,0.996087425900086,4,1.24271807059371,12.1359035279659,0.558205179181876,3.57966413428477,0.125571679102056,0.408392773032675,0.111357283293144,8.94694950185508
"ADPS",0.00154782608695652,0.603145065416802,0.912023787370035,0.995977837673811,4,1.24274947931447,12.1374739653683,0.558314310602817,3.57953642767218,0.125447461561006,0.40840784784386,0.11130437309423,8.9488346023176
"ADPS",0.00153913043478261,0.599756609993112,0.911920894252455,0.995865472989712,4,1.24278140870487,12.1390704359675,0.558425395829042,3.57940427196223,0.125321824756282,0.408422410337326,0.111250468759158,8.95075313790575
"ADPS",0.0015304347826087,0.596368154569422,0.911815384594781,0.995750250906517,4,1.24281391141898,12.140695570502,0.558538586625317,3.57926769494997,0.12519474649157,0.408436514933839,0.111195530164716,8.95270786599308
"ADPS",0.00152173913043478,0.592979699145733,0.911707190832316,0.995632097640032,4,1.24284691777732,12.1423458929718,0.55865367578654,3.57912676545101,0.125066196244261,0.408450082720451,0.111139576723701,8.95469510117725
"ADPS",0.00151304347826087,0.589591243722043,0.911596230786875,0.995510923447367,4,1.24288045115065,12.1440225572385,0.558770743702454,3.57898141079862,0.124936124850155,0.40846314305952,0.11108257148042,8.95671618301003
"ADPS",0.00150434782608696,0.586202788298353,0.911482433878231,0.995386651251208,4,1.24291455752064,12.1457278765271,0.558889937581538,3.57883141837545,0.124804532971533,0.408475670336551,0.111024492990663,8.95877375863096
"ADPS",0.00149565217391304,0.582814332874663,0.911365718987009,0.995259192464942,4,1.24294922709177,12.1474613579716,0.559011267867041,3.57867626119418,0.124671403361131,0.40848756322764,0.110965283342758,8.96086786971756
"ADPS",0.00148695652173913,0.579425877450973,0.91124600016177,0.995128453225087,4,1.24298451069084,12.1492255325764,0.559134876339338,3.57851610821941,0.124536694014766,0.408498867457754,0.110904936848014,8.96300105246889
"ADPS",0.00147826086956522,0.576037422027283,0.911123195014534,0.994994343559645,4,1.24302038720901,12.1510193607459,0.559260718221493,3.57835071660493,0.124400383891314,0.408509541010556,0.110843413007729,8.96517248363804
"ADPS",0.0014695652173913,0.572648966603593,0.910997216131004,0.994856768007616,4,1.2430568731391,12.1528436573617,0.559388851375016,3.57817997816289,0.124262453145922,0.408519542121661,0.110780697435963,8.96738315386792
"ADPS",0.00146086956521739,0.569260511179903,0.910867965890704,0.994715619962318,4,1.24309399038769,12.1546995193994,0.55951936685909,3.57800360102972,0.124122856689976,0.408528852897034,0.110716741129821,8.96963456486314
"ADPS",0.00145217391304348,0.565872055756213,0.910735355402608,0.994570802350086,4,1.24313174938968,12.1565874695345,0.559652278621282,3.57782180775273,0.123981578426774,0.408537476230962,0.110651554759766,8.9719270560569
"ADPS",0.00144347826086957,0.562483600332524,0.910599284651634,0.994422205949199,4,1.24317017600935,12.1585087999868,0.559787727176651,3.57763366917402,0.123838601810678,0.408545291478301,0.110585037916725,8.9742629557795
"ADPS",0.00143478260869565,0.559095144908834,0.910459651783787,0.994269719529752,4,1.24320930816931,12.1604654081141,0.559925825053529,3.57743925225026,0.123693894557996,0.408552318277092,0.11051718028574,8.976644225124
"ADPS",0.00142608695652174,0.555706689485144,0.91031635699938,0.994113234105249,4,1.24324911678678,12.162455841243,0.560066478877822,3.57723870778669,0.123547424840955,0.408558538887855,0.110447973530313,8.97906922060492
"ADPS",0.00141739130434783,0.552318234061454,0.910169277846705,0.993952615951998,4,1.24328963080631,12.1644815405431,0.560209793619894,3.57703176501793,0.123399153192876,0.408563910133844,0.110377382733615,8.98153977352369
"ADPS",0.00140869565217391,0.548929778637764,0.910018310260772,0.99378775142557,4,1.24333093756199,12.166546874169,0.560356121102782,3.57681710938859,0.123249070942591,0.408568324824835,0.110305268846472,8.98406183442275
"ADPS",0.0014,0.545541323214074,0.909863340030668,0.993618515801653,4,1.24337294859695,12.1686474292002,0.560505114494868,3.57659597387027,0.123097136043274,0.408571829080904,0.110231729993972,8.98662954894375
"ADPS",0.00139130434782609,0.542152867790384,0.909704234693376,0.993444764423681,4,1.24341576483125,12.1707882411227,0.560657158019423,3.57636724093945,0.122943322217025,0.408574344584481,0.110156635759866,8.98924938126329
"ADPS",0.00138260869565217,0.538764412366694,0.909540879272733,0.993266371731651,4,1.24345934172311,12.1729670862565,0.560812092104214,3.57613124650665,0.122787601168388,0.408575845711702,0.110080005176321,8.99191868379575
"ADPS",0.00137391304347826,0.535375956943004,0.909373142199374,0.993083194044912,4,1.2435037647595,12.1751882388899,0.560970210256961,3.57588747909457,0.122629950924315,0.408576307288144,0.110001765626984,8.99464249749722
"ADPS",0.00136521739130435,0.531987501519314,0.909200881168348,0.992895075958988,4,1.2435490495499,12.1774524768234,0.561131644208161,3.57563470512836,0.122470338450578,0.408575557566619,0.109921803709907,8.99742293785446
"ADPS",0.00135652173913043,0.528599046095624,0.909023955946799,0.992701864332243,4,1.24359515309311,12.1797576547265,0.561296203155143,3.57537395589296,0.12230870964135,0.408573670365576,0.109840183807654,9.00025675443081
"ADPS",0.00134782608695652,0.525210590671935,0.908842226490482,0.992503406229011,4,1.24364218256416,12.1821091281577,0.561464259728601,3.57510431332143,0.122145072098751,0.408570564693883,0.109756785632833,9.00315051011898
"ADPS",0.00133913043478261,0.521822135248245,0.908655538344414,0.992299532976344,4,1.24369008798957,12.184504399532,0.56163568687854,3.57482565677081,0.121979362361836,0.408566174891045,0.109671600357502,9.00610177149695
"ADPS",0.0013304347826087,0.518433679824555,0.908463735813494,0.992090074547022,4,1.2437389035747,12.1869451791452,0.561810590491475,3.57453785200106,0.121811566357338,0.408560451210501,0.109584581184722,9.00911249127515
"ADPS",0.00132173913043478,0.515045224400865,0.908266656350358,0.991874853430794,4,1.24378875897654,12.1894379492583,0.5619894528348,3.57423956728611,0.121641672924251,0.40855330777803,0.109495583698212,9.01219085699472
"ADPS",0.00131304347826087,0.511656768977175,0.90806411544811,0.991653668136447,4,1.24383954174994,12.1919770875304,0.562171864878071,3.57393197925128,0.121469593846757,0.408544774758192,0.109404682427012,9.01532985219547
"ADPS",0.00130434782608696,0.508268313553485,0.907855955651099,0.991426346714146,4,1.24389136801985,12.1945684009953,0.562358303228918,3.57361304568919,0.121295359603111,0.408534625888376,0.109311684581974,9.01853763938174
"ADPS",0.00129565217391304,0.504879858129795,0.907641991772941,0.991192686930641,4,1.24394422490119,12.1972112481283,0.562548685325977,3.5732835666293,0.12111891012821,0.408522914492238,0.109216643599773,9.02181279101201
"ADPS",0.00128695652173913,0.501491402706105,0.907422014853638,0.990952460590649,4,1.24399816458366,12.1999082302154,0.562743225541386,3.57294267524677,0.120940200157256,0.408509542939374,0.109119429472235,9.02515897932929
"ADPS",0.00127826086956522,0.498102947282415,0.907195853540519,0.99070548056806,4,1.24405316993914,12.2026584962424,0.562941876842189,3.57259036280327,0.120759221405896,0.408494436049933,0.109020044850769,9.02857532832975
"ADPS",0.0012695652173913,0.494714491858726,0.906963272793124,0.99045149018636,4,1.24410934893496,12.2054674420319,0.563145065826929,3.57222509372702,0.120575936333422,0.40847744381833,0.10891830247252,9.03206912160039
"ADPS",0.00126086956521739,0.491326036435036,0.906724078084855,0.990190277012291,4,1.24416670350957,12.2083351714163,0.563352754241953,3.57184746136409,0.120390323544879,0.408458587584528,0.108814224218651,9.03563988667449
"ADPS",0.00125217391304348,0.487937581011346,0.906478040001011,0.989921590512962,4,1.24422524991547,12.2112624950594,0.563565048596591,3.57145685952083,0.120202327705061,0.408437767745421,0.108707746728934,9.03928915631425
"ADPS",0.00124347826086957,0.484549125587656,0.906224926022828,0.989645176765682,4,1.24428501771547,12.2142508858233,0.563782077092535,3.57105255771913,0.120011931381436,0.408414849780212,0.108598757478722,9.04301924763258
"ADPS",0.00123478260869565,0.481160670163966,0.905964493997806,0.989360771327212,4,1.24434605863457,12.2173029321732,0.564004016633785,3.57063428305221,0.119819104937894,0.408389808465571,0.108487182950281,9.04683319127355
"ADPS",0.00122608695652174,0.477772214740276,0.905696490663122,0.989068097621258,4,1.24440845263784,12.220422631705,0.564231234591106,3.57020017111363,0.119623835418654,0.408362345635849,0.108372887361883,9.05073711522395
"ADPS",0.00121739130434783,0.474383759316586,0.905420654287956,0.988766869824029,4,1.24447214546404,12.2236072734992,0.564463480990375,3.56975156531678,0.11942605673066,0.408332593893467,0.108255899056335,9.05472686543519
"ADPS",0.00120869565217391,0.470995303892896,0.905136710170583,0.988456787946827,4,1.24453726853052,12.2268634265098,0.564701261070641,3.56928678930734,0.119225766888262,0.408300346297527,0.108136055498088,9.05881106676335
"ADPS",0.0012,0.467606848469206,0.904844374999498,0.988137542598618,4,1.2446038274193,12.2301913727511,0.564944658319778,3.56880490047265,0.119022938038298,0.408265430374916,0.108013241707932,9.06299101012642
"ADPS",0.00119130434782609,0.464218393045516,0.904543345111481,0.987808802163233,4,1.24467182389859,12.2335911949365,0.565193631458112,3.56830662833108,0.118817507638517,0.408227877239735,0.107887463065662,9.06726610722329
"ADPS",0.00118260869565217,0.460829937621826,0.904233316387608,0.987470234526844,4,1.24474136773185,12.2370683881517,0.565448685341614,3.56778936776858,0.118609486309586,0.408187365570645,0.107758482368888,9.07164478709347
"ADPS",0.00117391304347826,0.457441482198137,0.903913960666623,0.98712148132014,4,1.24481247456473,12.2406237282553,0.565709824795314,3.5672537843793,0.118398831340048,0.408143900789061,0.107626299013412,9.07612723251447
"ADPS",0.00116521739130435,0.454053026774447,0.903584942106093,0.98676217578556,4,1.24488519919058,12.2442599592536,0.565977289308535,3.56669871208454,0.11818552024818,0.408097305572641,0.107490775314991,9.08071754585982
"ADPS",0.00115652173913043,0.450664571350757,0.903245905248466,0.986391929744801,4,1.24495959913941,12.2479799570191,0.56625129727268,3.56612352416397,0.117969528131127,0.408047455411135,0.107351803394812,9.08541942064508
"ADPS",0.00114782608695652,0.447276115927067,0.902896483852467,0.986010343243173,4,1.24503571578234,12.251785789581,0.566532056216308,3.5655270063186,0.117750826081288,0.407994150116982,0.107209252236412,9.09023630459411
"ADPS",0.00113913043478261,0.443887660503377,0.902536292843589,0.985616995759106,4,1.24511361306581,12.2556806510435,0.566819798537821,3.56490855480978,0.11752939824556,0.40793725953579,0.107063012197487,9.09517219156646
"ADPS",0.0011304347826087,0.440499205079687,0.902164925487147,0.985211443116977,4,1.24519338728103,12.2596693648354,0.567114959680484,3.5642660032331,0.117305229950998,0.407876491916354,0.106912870014747,9.10023438514684
"ADPS",0.00112173913043478,0.437110749655997,0.901781966287506,0.98479323157375,4,1.24527495858921,12.2637479301866,0.567417180705871,3.5636011624197,0.117078259047474,0.407811914927202,0.106758901852856,9.10541689550397
"ADPS",0.00111304347826087,0.433722294232307,0.901386974180845,0.984361879464585,4,1.24535859790051,12.2679298950298,0.567727534267053,3.56291004650311,0.116848539860075,0.407743109679972,0.106600720439584,9.11073798576941
"ADPS",0.00110434782608696,0.430333838808617,0.90097948971903,0.98391688504801,4,1.24544424283808,12.2722121432155,0.568045848931367,3.56219251786666,0.116616014682061,0.407669915047199,0.106438279637148,9.11619458213078
"ADPS",0.00109565217391304,0.426945383384928,0.900559031270556,0.983457722357144,4,1.24553191776552,12.2765958890426,0.568372207560119,3.56144852442801,0.11638064988972,0.407592202085659,0.10627152498258,9.12178805346295
"ADPS",0.00108695652173913,0.423556927961238,0.900125091732256,0.982983837608716,4,1.24562180126906,12.2810900635064,0.568707276922688,3.56067594525509,0.116142463132174,0.407509734952332,0.106100186297605,9.12752994047646
"ADPS",0.00107826086956522,0.420168472537548,0.899677149486272,0.982494661168654,4,1.24571388993989,12.2856944969847,0.569051117943494,3.55987381056813,0.115901425522767,0.40742226697049,0.105924139038521,9.13342108807423
"ADPS",0.0010695652173913,0.416780017113858,0.899214654092369,0.981989591927333,4,1.24580833085431,12.2904165422297,0.569404318391876,3.55903987471421,0.11565756168071,0.407329440257418,0.105743163583171,9.13947149816698
"ADPS",0.00106086956521739,0.413391561690168,0.898737024127026,0.981467994939756,4,1.24590512396998,12.2952561986339,0.56976682717279,3.55817489217239,0.115410825070415,0.407231254858787,0.105557204498771,9.14568044874333
"ADPS",0.00105217391304348,0.410003106266478,0.898243646871509,0.980929201084912,4,1.24600442615478,12.3002213080184,0.570139441351545,3.55727406750099,0.115161239965966,0.407127056478076,0.105365853368767,9.15206106634635
"ADPS",0.00104347826086957,0.406614650842788,0.897733905949503,0.980372537247516,4,1.246106275399,12.3053137688365,0.570522169276918,3.55633882316255,0.114908804043753,0.407016878979799,0.105169124115044,9.15861389301753
"ADPS",0.00103478260869565,0.403226195419098,0.897207124591605,0.979797264359866,4,1.2462107792479,12.3105389624634,0.570915519371277,3.55536643383388,0.114653511448781,0.406900314436222,0.104966730491872,9.16534738220262
"ADPS",0.00102608695652174,0.399837739995408,0.896662606212861,0.979202621714635,4,1.24631802521452,12.3159012604201,0.571319880484455,3.55435500925196,0.11439537928259,0.406776980703843,0.10475845904523,9.17226804601416
"ADPS",0.00101739130434783,0.396449284571718,0.896099622320452,0.978587813759435,4,1.24642816509066,12.3214082542347,0.571735845869422,3.55330237443602,0.114134435492067,0.406646542298271,0.104544051070411,9.17938606044842
"ADPS",0.00100869565217391,0.393060829148028,0.895517403210144,0.97795199993685,4,1.24654120992971,12.3270604953904,0.572163470323237,3.55220824247118,0.113870655090523,0.40650881871749,0.104323358348999,9.18670232740001
"ADPS",0.001,0.389672373724339,0.894915134586499,0.977294290993526,4,1.24665733031553,12.332866515955,0.572603505843115,3.55106897717559,0.113604076722522,0.406363223487486,0.104096074700059,9.19422949503879
"ADPS",0.000991304347826087,0.386283918300649,0.894291985657579,0.97661377966107,4,1.24677665301329,12.3388326493029,0.573056479535709,3.54988230952365,0.113334752464887,0.40620935063616,0.10386190674772,9.20197648760064
"ADPS",0.000982608695652174,0.382895462876959,0.893647058412441,0.975909485264405,4,1.24689925354713,12.3449626770884,0.573522659422179,3.5486475710277,0.113062678529696,0.406046956395789,0.103620702080082,9.2099479687629
"ADPS",0.000973913043478261,0.379507007453269,0.89297942411343,0.975180393573274,4,1.24702530882769,12.351265441404,0.574002843210207,3.5473607089065,0.112787913328168,0.405875415176411,0.10337207220037,9.21815731938159
"ADPS",0.000965217391304348,0.376118552029579,0.89228809580377,0.974425426779082,4,1.24715492582585,12.3577462922053,0.574497457765503,3.54602002062795,0.112510492251045,0.40569433375972,0.103115769974259,9.22661186705913
"ADPS",0.000956521739130435,0.372730096605889,0.891572045076091,0.973643461807012,4,1.24728824281522,12.364412141381,0.575007141049326,3.54462220334593,0.112230461844066,0.405503114774755,0.10285147283825,9.235322209252
"ADPS",0.000947826086956522,0.369341641182199,0.890830186226674,0.972833313011625,4,1.2474253972847,12.3712698643733,0.57553242443697,3.54316535131462,0.111947870700292,0.405301366008216,0.102578890229015,9.24429747162794
"ADPS",0.000939130434782609,0.365953185758509,0.89006137796108,0.971993734039502,4,1.24756659251897,12.3783296267008,0.576074195505965,3.54164513679877,0.111662810527222,0.40508837759609,0.102297604976189,9.2535526685899
"ADPS",0.000930434782608696,0.362564730334819,0.889264420305914,0.971123414456721,4,1.24771194633623,12.3855973160465,0.576632966989674,3.54005916201902,0.111375322890727,0.404863624572208,0.102007323425664,9.26309640209889
"ADPS",0.000921739130434783,0.35917627491113,0.888438053950184,0.970220979029593,4,1.24786163827329,12.3930819138366,0.577209461691084,3.53840447841372,0.11108549495511,0.404626536203406,0.101707711640423,9.27294103457376
"ADPS",0.00091304347826087,0.35578781948744,0.887580946624299,0.969284972849808,4,1.24801581122325,12.4007905613367,0.577804366511651,3.53667720361126,0.110793396846747,0.404376357285628,0.101398393427505,9.28309797254531
"ADPS",0.000904347826086956,0.35239936406375,0.886691700343892,0.968313869245073,4,1.24817479697589,12.4087398487991,0.578419030670201,3.53487183085318,0.110499192339806,0.404112284888325,0.101078797217809,9.29359011429303
"ADPS",0.000895652173913044,0.34901090864006,0.88576884200141,0.967306059504633,4,1.24833862886647,12.4169314433881,0.579053710680752,3.5329858760032,0.110202914868438,0.403833645100296,0.100748635411599,9.3044217210195
"ADPS",0.000886956521739131,0.34562245321637,0.884810812064346,0.966259840537148,4,1.24850762253285,12.4253811266007,0.579709597825574,3.53101550986275,0.109904715150352,0.403539760636425,0.100407508843285,9.31561313613651
"ADPS",0.000878260869565217,0.34223399779268,0.883815981943274,0.9651734338375,4,1.24868196844335,12.4340984218966,0.580387642941808,3.5289548726311,0.109604726179857,0.403229605965445,0.100054847186562,9.32718022608919
"ADPS",0.000869565217391304,0.33884554236899,0.882782627404572,0.964044956452085,4,1.24886188230078,12.4430941150828,0.581088758834306,3.52679990900671,0.109303069022218,0.402902356877359,0.0996902565615304,9.33913834982018
"ADPS",0.000860869565217391,0.3354570869453,0.881708931210556,0.962872423861988,4,1.24904764931734,12.4523824658305,0.581814222909157,3.52454401559746,0.108999928908381,0.402556878176887,0.099313121267117,9.3515090565031
"ADPS",0.000852173913043478,0.33206863152161,0.88059298265259,0.961653749473108,4,1.24923953497452,12.4619767489572,0.582565057743031,3.5221835348995,0.108695454002924,0.402192424392954,0.098923052890442,9.36430988288428
"ADPS",0.000843478260869565,0.32868017609792,0.87943275586395,0.960386720932664,4,1.24943778409439,12.4718892044014,0.583342361040747,3.51971284522772,0.108389809727294,0.401807967990841,0.0985194901910637,9.37755926992977
"ADPS",0.000834782608695652,0.32529172067423,0.878226164886988,0.959069060265439,4,1.24964271860092,12.4821359302189,0.584147649733911,3.5171234520131,0.108083234340458,0.401402047906037,0.098101733914896,9.39128258158992
"ADPS",0.000826086956521739,0.321903265250541,0.876970875151844,0.957698217998629,4,1.24985464712005,12.4927323550293,0.584982155182953,3.51441046090316,0.107775903212751,0.40097365212151,0.0976692789388071,9.40550085449837
"ADPS",0.000817391304347826,0.318514809826851,0.875664613920119,0.956271712182633,4,1.25007382371843,12.5036911853853,0.58584717518967,3.51156575724521,0.107468046356761,0.400521349491017,0.0972214559754257,9.42023550655777
"ADPS",0.000808695652173913,0.315126354403161,0.874304858323167,0.954786787712491,4,1.25030076947936,12.5150384741583,0.586744611578637,3.50858352590133,0.107159974706152,0.400044062969091,0.0967577287595134,9.43551953562349
"ADPS",8e-04,0.311737898979471,0.872888988051964,0.953240583073239,4,1.25053571055838,12.5267855276687,0.587675805955406,3.50545383801355,0.106851892488797,0.39954001578487,0.0962773305102813,9.45137477502592
"ADPS",0.000791304347826087,0.308349443555781,0.871414245962909,0.951630087319374,4,1.25077902559452,12.5389512799433,0.588642340209093,3.50216967876679,0.106544080691683,0.399007919869777,0.0957795823252707,9.4678280062753
"ADPS",0.000782608695652174,0.304960988132091,0.8698777271955,0.949952128190784,4,1.25103117224024,12.5515586116923,0.589646198365721,3.49872130209149,0.106236890343192,0.398446011136759,0.0952637534227784,9.48491287613741
"ADPS",0.000773913043478261,0.301572532708401,0.868276284478648,0.948203268702274,4,1.25129258573687,12.5646292868435,0.590689332347196,3.49509885482511,0.105930607846932,0.397852554997355,0.0947290898172001,9.50266204151476
"ADPS",0.000765217391304348,0.298184077284711,0.866606785461364,0.946380088162183,4,1.25156380599143,12.5781902996905,0.591773934995236,3.4912929214085,0.105625666624862,0.397225866280973,0.0941748323407538,9.52111304926008
"ADPS",0.000756521739130435,0.294795621861021,0.864865794329323,0.944478834480961,4,1.25184527024257,12.5922635121295,0.592902315095295,3.48728858955282,0.105322416523384,0.396563417262226,0.093600003819386,9.54030377188736
"ADPS",0.000747826086956522,0.291407166437331,0.863049741841788,0.942495609860413,4,1.2521377123173,12.6068856168309,0.594076904846879,3.48308104481284,0.105021325592503,0.395864277011739,0.0930041511335235,9.56027719250876
"ADPS",0.000739130434782609,0.288018711013642,0.861154850999545,0.940426289619187,4,1.2524403358965,12.6220167949487,0.59529560500452,3.47866713499709,0.104722194439353,0.395126505096092,0.0923870394202886,9.58099492116865
"ADPS",0.000730434782608696,0.284630255589952,0.85917719079592,0.938266580891698,4,1.252755317424,12.6377658715625,0.596566943564671,3.47401477633701,0.10442629229822,0.394346419101948,0.0917464525425288,9.60260280990131
"ADPS",0.000721739130434783,0.281241800166262,0.857112610988638,0.936011951395584,4,1.25308438868912,12.6542194345522,0.59789772787326,3.46909809053383,0.104134654264373,0.393520652044174,0.0910809125414761,9.62521723815718
"ADPS",0.00071304347826087,0.277853344742572,0.854956760683255,0.933657649725783,4,1.25342467161258,12.671233581011,0.599277595325114,3.46394575310462,0.103846018640879,0.392650057492525,0.090392254384077,9.64865898795598
"ADPS",0.000704347826086957,0.274464889318882,0.852705090778606,0.931198708025091,4,1.25377707764828,12.6888538825143,0.60071003934553,3.4585450025438,0.103561019638074,0.391732532653557,0.0896796294976139,9.67298833616271
"ADPS",0.000695652173913043,0.271076433895192,0.850352830036309,0.928629915850806,4,1.25414649320087,12.7073246597353,0.602214811098924,3.45281581966468,0.103282420159694,0.390759617751425,0.0889380273241356,9.69854101248984
"ADPS",0.00068695652173913,0.267687978471502,0.847895002430364,0.9259458391214,4,1.25452894645141,12.7264473225691,0.603776079815917,3.44681916114706,0.103008329084521,0.38973546685821,0.0881715707061822,9.72504793555647
"ADPS",0.000678260869565218,0.264299523047812,0.845326405921058,0.923140796936511,4,1.25492770581654,12.7463852908224,0.605407971696972,3.44048849378628,0.102740747459441,0.388652174690718,0.0873762372221818,9.75274683597953
"ADPS",0.000669565217391304,0.260911067624122,0.842641626455261,0.920208876865998,4,1.25534316504733,12.7671582523154,0.607112209790454,3.4338147510435,0.10248009788164,0.387507462711609,0.0865518339360247,9.78166723907751
"ADPS",0.000660869565217391,0.257522612200432,0.839835027140716,0.917143923127699,4,1.2557757634614,12.7887881731905,0.608890514971282,3.42679011049569,0.10222688213409,0.386299410022256,0.0856978038972457,9.81183970401532
"ADPS",0.000652173913043478,0.254134156776743,0.836900784922551,0.913939576640108,4,1.25622646982863,12.8113234914309,0.61074775715091,3.41938749777322,0.10198178315984,0.38502374832224,0.0848135340439273,9.84334213443909
"ADPS",0.000643478260869565,0.250745701353053,0.833832826719062,0.910589205279295,4,1.25669600729465,12.8348003669639,0.612686118848599,3.41160201040786,0.101745501990226,0.383678825042966,0.0838986397064493,9.87621679713274
"ADPS",0.000634782608695652,0.247357245929363,0.830624905443156,0.907085986898316,4,1.25718513025656,12.8592565128278,0.614711047783383,3.40338797257495,0.101518829643705,0.382257437102367,0.0829510515973143,9.91054928161594
"ADPS",0.000626086956521739,0.243968790505673,0.827270636524551,0.903422949211369,4,1.25769491492075,12.8847457469023,0.616825452633596,3.39474722575434,0.10130247367603,0.38075963445105,0.0819713600470032,9.94639348419386
"ADPS",0.000617391304347826,0.240580335081983,0.82376333967556,0.899592796993726,4,1.2582259850045,12.9112992504383,0.619032883110227,3.38565470575925,0.101097099995185,0.379180714976695,0.0809590071705325,9.98380713876158
"ADPS",0.000608695652173913,0.237191879658293,0.820096136317308,0.895588018476278,4,1.25877937900391,12.9389689501658,0.621337482887712,3.37609236229262,0.10090361253004,0.377516278909359,0.079914185269417,10.0228623478798
"ADPS",6e-04,0.233803424234603,0.816262331482176,0.891401302403039,4,1.25935598554287,12.9677992771433,0.623744185068438,3.36602700789445,0.100722756170668,0.375762837306665,0.078834962757188,10.0636389964199
"ADPS",0.000591304347826087,0.230414968810913,0.812254817760193,0.887024887109334,4,1.25995612464656,12.9978062317145,0.626253946490526,3.35545730452772,0.100555002545448,0.37391795265134,0.0777229272893381,10.1061547675929
"ADPS",0.000582608695652174,0.227026513387223,0.808066503852924,0.88245102852513,4,1.26058122980319,13.0290614901648,0.628873313930005,3.34434750421134,0.100401479266033,0.371976892295736,0.0765764100638424,10.1505203996504
"ADPS",0.000573913043478261,0.223638057963534,0.803690219054217,0.877671895862998,4,1.26123197479722,13.0615987398762,0.631604753555913,3.3326902110641,0.1002627828156,0.369937048983213,0.0753970397953183,10.1967782359648
"ADPS",0.000565217391304348,0.220249602539844,0.799118838430244,0.872679708321291,4,1.26190927379474,13.0954636897708,0.634453006112778,3.32045441285393,0.100139768246851,0.367793777893572,0.074184147771782,10.2450071651913
"ADPS",0.000556521739130435,0.216861147116154,0.794345189616878,0.867466633301987,4,1.262613728365,13.1306864182614,0.637422830134682,3.30759699312371,0.100033243806095,0.365539704146646,0.0729367791007697,10.2952821247639
"ADPS",0.000547826086956522,0.213472691692464,0.78936221347564,0.86202496185541,4,1.26334464790583,13.1672323952909,0.640509620735237,3.29415395107747,0.0999429713296144,0.363178128957829,0.0716586841806962,10.3475301999354
"ADPS",0.000539130434782609,0.210084236268774,0.784162935024578,0.856347076935232,4,1.26410373856662,13.2051869283447,0.643717572728178,3.2801330245375,0.0998698986355418,0.360711429314327,0.0703514543510321,10.4018320720652
"ADPS",0.000530434782608695,0.206695780845084,0.778740614991582,0.850425618902638,4,1.2648922134005,13.2446106700215,0.647057081532399,3.26543699328525,0.09981546485458,0.358124155352679,0.0690120187316093,10.4583495728819
"ADPS",0.000521739130434783,0.203307325421394,0.7730886194563,0.844253343168465,4,1.26571096878687,13.285548439346,0.650531593176375,3.25005348192863,0.099780350545631,0.355414388792279,0.0676417879320292,10.5171417566713
"ADPS",0.00051304347826087,0.199918869997704,0.767200718552302,0.837823446391637,4,1.26655747359277,13.327873679744,0.654125576680113,3.23409581101417,0.0997630037272894,0.352596525114839,0.0662485576712382,10.577961177164
"ADPS",0.000504347826086957,0.196530414574014,0.761070622065332,0.831129059328082,4,1.26743434761822,13.3717173810816,0.65785633004032,3.21742704858922,0.0997656128259493,0.349651521089209,0.0648267800156613,10.6410834751742
"ADPS",0.000495652173913044,0.193141959150324,0.754692997126065,0.824164358204636,4,1.26834136385233,13.4170681926167,0.661721149211848,3.20007483540082,0.0997882164008883,0.346581676759551,0.0633808952923489,10.7064683587271
"ADPS",0.00048695652173913,0.189753503726634,0.748062422858912,0.816923423140674,4,1.26927565829782,13.4637829140867,0.665712818894225,3.18202563947303,0.0998298387847317,0.343382313195381,0.0619112527400114,10.7739803079109
"ADPS",0.000478260869565217,0.186365048302945,0.741174114733728,0.809401029178192,4,1.27024131445697,13.5120657228932,0.669837936046002,3.16334791096868,0.0998920156521622,0.340068422534971,0.0604241937355549,10.8437620107344
"ADPS",0.000469565217391305,0.182976592879255,0.734023815336612,0.801592526997788,4,1.27123661931772,13.5618309659267,0.674094484250595,3.14399825748113,0.0999744966979728,0.336630524439155,0.0589193700064535,10.9157682592112
"ADPS",0.000460869565217391,0.179588137455565,0.726607608605424,0.793493640054093,4,1.27226335934019,13.6131679670089,0.678486636770909,3.12399068027611,0.100078069184661,0.333074064216722,0.0573997750897422,10.9900776796881
"ADPS",0.000452173913043478,0.176199682031875,0.718922345679584,0.785100929626106,4,1.27331462619803,13.6657313133411,0.682996650113685,3.10329975942294,0.10020006067195,0.329386848134568,0.0558660282816874,11.0663563465035
"ADPS",0.000443478260869565,0.172811226608185,0.710965256539456,0.776411370707017,4,1.27439520124772,13.7197600622125,0.687635243589108,3.08196043847735,0.100342671855024,0.325577281583593,0.0543230042366171,11.1448172347932
"ADPS",0.000434782608695652,0.169422771184495,0.702734202228293,0.767422627443809,4,1.2755053304206,13.7752665210367,0.692410839367302,3.05987028393436,0.100506468293798,0.321632605690647,0.052768122796662,11.2255776512535
"ADPS",0.000426086956521739,0.166034315760805,0.694227771703862,0.758133158904313,4,1.2766378711819,13.8318935590781,0.697284331080934,3.03728293026552,0.10068716152538,0.317585646512744,0.0512127488942072,11.3080070658624
"ADPS",0.000417391304347826,0.162645860337115,0.685445041131517,0.748541956212616,4,1.27779856571961,13.8899282853531,0.702274608117509,3.01415846122055,0.100887454911255,0.313438560163069,0.0496581763381581,11.3924450695222
"ADPS",0.000408695652173913,0.159257404913425,0.676385561644538,0.738648529182702,4,1.27898579677187,13.9492898385924,0.707385973504255,2.99038035848018,0.101107374566352,0.30917206605681,0.0481005757166958,11.4789261304723
"ADPS",4e-04,0.155868949489736,0.667049708639346,0.728453287767162,4,1.28020040616379,14.010020308182,0.71263385293746,2.96577298217495,0.101348261011116,0.304753275154348,0.0465401311029491,11.5676731332709
"ADPS",0.000391304347826087,0.152480494066045,0.657437982980902,0.717956778936821,4,1.28142656620047,14.071328310078,0.717916538902556,2.9411031349597,0.101599374767458,0.300300741420788,0.044996269937121,11.6570801338786
"ADPS",0.000382608695652174,0.149092038642356,0.647552522488544,0.707161337302585,4,1.28268152896331,14.1340764482665,0.723330410038864,2.91571358663152,0.10187138049652,0.295718038005335,0.0434589920032923,11.7487156409905
"ADPS",0.000373913043478261,0.145703583218666,0.637394260285616,0.696067981884113,4,1.28395793629776,14.1978968150247,0.728844276000156,2.88976511169646,0.102160469253427,0.291030032870304,0.0419282989528729,11.8420323927132
"ADPS",0.000365217391304348,0.142315127794976,0.626966105379163,0.684679889469763,4,1.28525675305674,14.2628376527915,0.734496803568538,2.86278361199873,0.102469772358589,0.286153398954706,0.040392059250629,11.9375637401618
"ADPS",0.000356521739130435,0.138926672371286,0.616270588685709,0.672999823953194,4,1.28654605785579,14.3273028926972,0.740071695233043,2.83643170436276,0.102776458206373,0.281336382836913,0.0389018909636928,12.0319531933368
"ADPS",0.000347826086956522,0.135538216947596,0.605310911494145,0.661031281309878,4,1.28789234562607,14.3946172813373,0.745881642773643,2.80903467802645,0.103117136264764,0.27638466102688,0.0374158976732793,12.1303707556286
"ADPS",0.000339130434782609,0.132149761523906,0.594090888708641,0.648778427615369,4,1.28922257484775,14.4611287081639,0.751639801062197,2.78169038221619,0.103456176884894,0.271383506617452,0.0359541366317112,12.2278928059602
"ADPS",0.000330434782608696,0.128761306100216,0.582613737675838,0.636244776381041,4,1.29057582955312,14.5287914776658,0.757548210980502,2.75319374204788,0.103816007983355,0.266177607873115,0.0344908195769087,12.3277835637434
"ADPS",0.000321739130434782,0.125372850676526,0.570884442587744,0.623435770606131,4,1.29192858982212,14.5964294911735,0.763418037121964,2.72513421807076,0.104177751476225,0.261018831971594,0.0330722542626307,12.427198410125
"ADPS",0.00031304347826087,0.121984395252836,0.558906839902758,0.610355599904543,4,1.29335441978909,14.6677209894586,0.769536634278098,2.69640363743741,0.104577167130428,0.255829746916532,0.0316733036612881,12.5310989144914
"ADPS",0.000304347826086957,0.118595939829147,0.546686065399922,0.597009872816511,4,1.29472638294464,14.7363191474033,0.77552771007381,2.66737552424339,0.104961742582089,0.250467943188797,0.0302871451944857,12.6324913028483
"ADPS",0.000295652173913044,0.115207484405457,0.534226581139296,0.583403462145783,4,1.2961125056807,14.8056252839694,0.781559042670864,2.63829975533453,0.105356449047269,0.245094224494756,0.0289374635671919,12.7346656402046
"ADPS",0.000286956521739131,0.111819028981767,0.5215297597018,0.569537866822756,4,1.2981016419262,14.9050820963519,0.789861361435408,2.60106559326204,0.106041930086571,0.239169605939596,0.0275047701762351,12.8765645381337
"ADPS",0.000278260869565217,0.108430573558077,0.508610064968489,0.555428882164588,4,1.29896673595275,14.9483367970959,0.793904530312162,2.57918531494744,0.106197765491381,0.234214163095635,0.0263210412998018,12.9442525028055
"ADPS",0.000269565217391304,0.105042118134387,0.495447856645716,0.541055059939917,4,1.30168604396716,15.0843021980373,0.805277991616826,2.52809343919764,0.10725566254703,0.226982230919675,0.024706114373657,13.1383099322389
"ADPS",0.000260869565217391,0.101653662710697,0.482102635125523,0.52648137769936,4,1.30180857874916,15.0904289377638,0.806257030215236,2.51940193118875,0.107054006906406,0.223117292057874,0.0238050941262707,13.1538594164138
"ADPS",0.000252173913043478,0.0982652072870071,0.468507971186634,0.511635291247163,4,1.30463023770623,15.2315118850222,0.817849314464814,2.46873250723057,0.108155446896855,0.216057852425852,0.0223468345176749,13.3528132563496
"ADPS",0.000243478260869565,0.0948767518633172,0.454740562994425,0.496600559004937,4,1.3047611402515,15.2380569869067,0.818996574158734,2.45828760610125,0.107975739772744,0.211883451506552,0.0214159738959438,13.3705765083172
"ADPS",0.000234782608695652,0.0914882964396273,0.440724059931651,0.481293802091867,4,1.30800240570861,15.4001202854104,0.83228641716734,2.4003282492742,0.109285043758858,0.20421095164364,0.0199488422706464,13.5988203981943
"ADPS",0.000226086956521739,0.0880998410159375,0.426547700022511,0.465812473113479,4,1.30921024599811,15.4605122902221,0.837221592904696,2.37819321297639,0.109600859648406,0.19967089815804,0.0189735550839203,13.6846015515962
"ADPS",0.000217391304347826,0.0847113855922476,0.412159428114655,0.450099725111617,4,1.31108924253333,15.5544621266148,0.845057709078529,2.34240334561389,0.110256962278065,0.193766919210652,0.0178495965953501,13.8192678304454
"ADPS",0.000208695652173913,0.0813229301685576,0.397631668183794,0.434234648868477,4,1.31033615181869,15.5168075930001,0.843653627252976,2.33489032400491,0.109740768104478,0.18836836637825,0.0169263945597159,13.7879569195
"ADPS",2e-04,0.0779344747448678,0.382733238454498,0.417964781753159,4,1.31629196242947,15.814598125913,0.867620948674276,2.23392062882812,0.112345849717479,0.177612536754017,0.0152229498700618,14.2014807585812
"ADPS",0.0026,1.01314817168328,0.915705266436284,0.999998206013564,4,1.24078037651744,12.0390188293433,0.551783681618996,3.58300219580245,0.134462699017068,0.405776700607641,0.114229782295916,8.83546983730189
"ADPS",0.0046,1.79249291913196,0.913267734899893,0.997336293657224,4,1.23960014318487,11.9800071593151,0.548305058008852,3.57970042170794,0.141021392224126,0.402124405592982,0.115226233897122,8.77434592214228
"ADPS",0.0066,2.57183766658063,0.910079510719176,0.993854585537871,4,1.2390412577616,11.9520628946318,0.546819453760871,3.57633286140321,0.144235137535507,0.399879576628174,0.115423321956318,8.74791745620062
"ADPS",0.0086,3.35118241402931,0.907106387428084,0.990607778878213,4,1.23869235278972,11.934617641138,0.545960025021856,3.57343371561153,0.146223253072396,0.398331558196552,0.115466829586782,8.73245942343132
"ADPS",0.0106,4.13052716147799,0.904362883864874,0.987611729011557,4,1.23844996732354,11.9224983662502,0.545400882844076,3.57095723692646,0.147585491520844,0.397188025877291,0.115464048833377,8.7222957555387
"ADPS",0.0126,4.90987190892667,0.901797603958521,0.984810308731144,4,1.23827089103409,11.9135445514019,0.545011454736584,3.56883173611324,0.148578937526157,0.396303975533894,0.11544505708225,8.71514431613599
"ADPS",0.0146,5.68921665637534,0.899367005153504,0.982155967281285,4,1.23813314762953,11.9066573941976,0.544727646770118,3.56699712023115,0.149335103388037,0.395598555219697,0.115420710280321,8.70988089629691
"ADPS",0.0166,6.46856140382402,0.897040045599468,0.979614805332357,4,1.23802368576565,11.9011842881702,0.544513011029627,3.56539967177611,0.149929162712388,0.395021607197254,0.115395049532894,8.70586199635629
"ADPS",0.0186,7.2479061512727,0.894792800832459,0.977160696114192,4,1.23793455816108,11.8967279081405,0.544346058285456,3.56399807242237,0.150407984088703,0.394540223614875,0.11536990137324,8.70270709735265
"ADPS",0.0206,8.02725089872138,0.892608297394816,0.974775103720282,4,1.23786054400999,11.8930272018531,0.544213120558354,3.56275999111982,0.150801986898995,0.394131952155627,0.115346113975983,8.70017286104764
"ADPS",0.0226,8.80659564617005,0.890473967477225,0.972444303443313,4,1.23779868592908,11.8899343017724,0.544106908206047,3.5616610978146,0.151131317448722,0.393781905391768,0.1153240483498,8.69812865980935
"ADPS",0.0246,9.58594039361873,0.888380869781114,0.970158530916015,4,1.23774559181049,11.8872795978812,0.544018630595524,3.56068090832341,0.151410671770964,0.393478131819113,0.115303794641685,8.69641697585846
"ADPS",0.0266,10.3652851410674,0.886320712453212,0.96790873099947,4,1.23769982676218,11.8849913378968,0.543944476848322,3.55981126285154,0.151650758757644,0.393213632930444,0.115285260789737,8.69497122616136
"ADPS",0.0286,11.1446298885161,0.884288390095465,0.96568932833108,4,1.23765981385309,11.882990693077,0.543882439379153,3.55901354527824,0.151858682756344,0.392977987429657,0.11526818965276,8.69374871440217
"ADPS",0.0306,11.9239746359648,0.882278965186503,0.963494930878392,4,1.2376242082879,11.8812099845028,0.543827858289662,3.55829453466434,0.152042104755343,0.392767951545943,0.115251941528837,8.69267063144116
"ADPS",0.0326,12.7033193834134,0.880289878570177,0.96132274390859,4,1.2375928260974,11.8796411833836,0.543781608054926,3.55763859099264,0.152202375864922,0.392580782452662,0.115237669290696,8.69174752531403
"ADPS",0.0346,13.4826641308621,0.87831825832373,0.95916963113131,4,1.23756462599165,11.8782312986877,0.54374004875736,3.55704912112298,0.152345013164699,0.392413159681962,0.115225109913935,8.69091916936383
"ADPS",0.0366,14.2620088783108,0.876360776626419,0.957031958391659,4,1.23753549301534,11.8767746769034,0.543693333880889,3.55649280131082,0.152474321828061,0.392256833410171,0.115212330344695,8.69000228865269
"ADPS",0.0386,15.0413536257595,0.874415997568456,0.954908157600795,4,1.23751364995633,11.8756824924435,0.543666031783844,3.55597007148226,0.152588276699366,0.392115905227426,0.115200762679625,8.68943309519843
"ADPS",0.0406,15.8206983732081,0.872482314156694,0.952796473837867,4,1.23750238522132,11.8751192653971,0.543671987525578,3.55541730432796,0.152690957747571,0.391983989705839,0.11518203402144,8.6894474386477
"ADPS",0.0426,16.6000431206568,0.870558375534944,0.950695431897029,4,1.23748046666482,11.8740233358779,0.543634574025389,3.55502865535212,0.152791380271097,0.391867697719998,0.115173079137223,8.6887252949555
"ADPS",0.0446,17.3793878681055,0.868643051794678,0.948603797858867,4,1.23745942514095,11.8729712603724,0.5435956673078,3.55470311475151,0.152878481777272,0.391766543478879,0.115170192923121,8.68798746369425
"ADPS",0.0466,18.1587326155542,0.866734889770139,0.946519984790119,4,1.23744468824555,11.8722344104689,0.543574526134459,3.55438484160147,0.152962829383271,0.391671214795111,0.115162855663681,8.68756675483614
"ADPS",0.0486,18.9380773630029,0.864834492203134,0.944444650916466,4,1.23741817690385,11.8709090839982,0.543522412253073,3.55401891195484,0.153034421673614,0.391573357106452,0.115156256965013,8.68657865285468
"ADPS",0.0506,19.7174221104515,0.862939729656642,0.942375470780932,4,1.23740482498425,11.8702412607408,0.543499924993199,3.55378852761929,0.153096720096521,0.391500282431603,0.115160258966213,8.68614550178671
"ADPS",0.0526,20.4967668579002,0.861049973732773,0.940311758140044,4,1.2373896575644,11.8694829482134,0.543469284303649,3.55358938342447,0.15316409485713,0.391435742724533,0.115152118222329,8.68557529759609
"ADPS",0.0546,21.2761116053489,0.859166108748257,0.938254478714078,4,1.23737118365582,11.8685591835602,0.5434357824662,3.55328483109379,0.153228346670837,0.391347119190601,0.115147270450894,8.68493566162409
"ADPS",0.0566,22.0554563527976,0.857286256996101,0.936201581948459,4,1.23735878142014,11.8679390690651,0.543411782875541,3.55310463509127,0.153283504479575,0.391288701231697,0.115145460061489,8.684490607176
"ADPS",0.0586,22.8348011002462,0.855410474611753,0.934153129146041,4,1.23734530902409,11.8672654344134,0.543388159717884,3.55289110348197,0.153324780802745,0.391227414131975,0.115152437302775,8.68403127520975
"ADPS",0.0606,23.6141458476949,0.853538376019822,0.932108699238264,4,1.23733315488934,11.8666577354338,0.543358049477455,3.55278764901769,0.153396279040943,0.391166951877075,0.115144077744324,8.68349985510874
"ADPS",0.0626,24.3934905951436,0.851669234770778,0.930067498904117,4,1.2373208344581,11.8660417302171,0.543338988976544,3.55256571558601,0.153422891134301,0.391120918283658,0.115145526485946,8.68311604499442
"ADPS",0.0646,25.1728353425923,0.849804146426259,0.928030724554403,4,1.23735315180053,11.8676575888874,0.543473664773501,3.55200896599178,0.153466188933763,0.391040033891371,0.115109045920438,8.68539746336356
"ADPS",0.0666,25.952180090041,0.84794139022568,0.925996497028259,4,1.23733323263636,11.8666616314344,0.543409013663716,3.55207058123455,0.153534148889419,0.390994881260051,0.115114334815416,8.68428196112703
"ADPS",0.0686,26.7315248374896,0.846081229422186,0.923965103811935,4,1.23728803782152,11.8644018817098,0.543265355213371,3.55223654486922,0.153553492509378,0.390979703218393,0.11515616786938,8.68177068631057
"ADPS",0.0706,27.5108695849383,0.844223554380181,0.921936425177607,4,1.23731350501061,11.8656752406769,0.543365494753678,3.55185379027263,0.153612408443905,0.390922047078422,0.115105302986234,8.68349532346784
"ADPS",0.0726,28.290214332387,0.842368049676797,0.919910116666949,4,1.23726902218239,11.8634510933054,0.54322726449065,3.55199008405277,0.153620178413444,0.390922309372483,0.115135845179282,8.68105731316006
"ADPS",0.0746,29.0695590798357,0.840514155470739,0.917885566903889,4,1.23725842099974,11.86292098007,0.543191842343404,3.5520266827825,0.153674019048398,0.39087065654478,0.115155454844736,8.680458200189
"ADPS",0.0766,29.8489038272843,0.838663042922189,0.915864054856805,4,1.23721969930216,11.8609849498088,0.543123035039507,3.55135772172963,0.153716610042294,0.390746791211714,0.115116438438701,8.67910581302464
"ADPS",0.0786,30.628248574733,0.83681335971406,0.91384410372447,4,1.23722426956,11.8612134722935,0.543099080773418,3.55189878051403,0.153747961095636,0.390778951680625,0.115174375524787,8.67880876664701
"ADPS",0.0826,32.1869380696304,0.833118920835584,0.909809582589651,4,1.23727160279158,11.8635804007066,0.543269141657476,3.55143558682383,0.153839659142267,0.39068632171926,0.115124376019672,8.68176123711655
"ADPS",0.0846,32.966282817079,0.831273671889623,0.907794473904308,4,1.2371754970499,11.858774878578,0.542962966309437,3.55177070434542,0.153840216080015,0.390692674819278,0.115179631030554,8.67639826251594
"ADPS",0.0866,33.7456275645277,0.829429944066842,0.905781026365305,4,1.23715457309904,11.8577288248155,0.542945692863171,3.5511414924516,0.153858204398703,0.390613459381647,0.11512592717551,8.67596200807218
"ADPS",0.0886,34.5249723119764,0.827587815594825,0.903769325401268,4,1.23724351918599,11.8621759565923,0.543221091649434,3.5508978566209,0.153920003709192,0.390576668778329,0.11508549984391,8.68085784658425
"ADPS",0.0906,35.3043170594251,0.825746413913342,0.901758418130636,4,1.23717858273374,11.8589291640658,0.543059407177273,3.55049429330822,0.153953383434614,0.390481805739274,0.115067583004978,8.67785443066515
"ADPS",0.0926,36.0836618068737,0.82390605629991,0.899748651037106,4,1.23712326052736,11.8561628855881,0.542899096419693,3.55047020704781,0.153960543563388,0.390448457597403,0.115091962608889,8.67499042395154
"ADPS",0.0946,36.8630065543224,0.822066864372845,0.897740156934263,4,1.2371097504618,11.8554879147929,0.542743957570708,3.55213623455106,0.153987825440521,0.390664498544188,0.115174467332473,8.67259764091488
"ADPS",0.0966,37.6423513017711,0.820228444758478,0.895732506237416,4,1.23706173793658,11.8530868065462,0.542597275480841,3.55213318956632,0.15402905648413,0.390580641750505,0.115217415449818,8.67006216938649
"ADPS",0.0986,38.4216960492198,0.818390791065157,0.893725691966546,4,1.23704928607996,11.8524641697243,0.542484396622843,3.55311069538346,0.154152553005901,0.390589732681851,0.115269535210657,8.66833624671237
"ADPS",0.1006,39.2010407966685,0.816553969673646,0.89171978661293,4,1.23695117867254,11.8475590015509,0.542371725347115,3.55073891872493,0.154030342025627,0.390401893719767,0.115127245118895,8.66571569861446
"ADPS",0.1026,39.9803855441171,0.81471773027984,0.889714516831351,4,1.2368989287003,11.8449464315496,0.542082631427885,3.55258036120994,0.154106775548493,0.390523346611723,0.11527645301452,8.66105576485962
"ADPS",0.1046,40.7597302915658,0.812881898252002,0.887709691914788,4,1.23689069972906,11.8445349783236,0.541844840590561,3.55551857118104,0.154282599523912,0.390743497454531,0.115440246682624,8.6575069453999
"ADPS",0.1086,42.3184197864632,0.80921814526279,0.883708681381402,4,1.23719745650752,11.8598725399827,0.542991286065721,3.55212173562519,0.15430691139553,0.390441028518901,0.115148668051712,8.67710911357046
"ADPS",0.1106,43.0977645339118,0.807385311591402,0.881707130827431,4,1.23722931173686,11.8614655062934,0.543016979285142,3.55304495134591,0.154328650415594,0.390561753387139,0.115197510073353,8.67784927846052
"ADPS",0.1146,44.6564540288092,0.803722266492922,0.877706893347873,4,1.23713082949927,11.8565415374726,0.54278102608406,3.55220887093119,0.154390067469934,0.390393190964561,0.115133910095884,8.67351093328887
"ADPS",0.1166,45.4357987762579,0.801885553040079,0.875701105868948,4,1.23670427184441,11.835213639039,0.541277485820925,3.55574507615442,0.154360966803677,0.390636356957623,0.11552829016532,8.64752196338815
"ADPS",0.1186,46.2151435237066,0.800060619701124,0.873708182892594,4,1.23705110447475,11.8525551186989,0.542480405940085,3.55315964594863,0.154471125083125,0.390380851366567,0.115242144007492,8.66831956943046
"ADPS",0.1206,46.9944882711552,0.798231232929319,0.871710396533857,4,1.23707548239795,11.853774256683,0.542499194549845,3.55420674284323,0.154241255682565,0.390578653131505,0.115519774233631,8.66873523469206
"ADPS",0.1226,47.7738330186039,0.796397732167991,0.869708117482664,4,1.23681749045484,11.8408744357806,0.541506895298045,3.55708575086033,0.15455217779828,0.390706534154799,0.115548407241273,8.65201586935672
"ADPS",0.1326,51.6705567558473,0.787260520958565,0.859729803332575,4,1.23713454459903,11.8567273969359,0.542686859527911,3.5533826709118,0.154863988023708,0.390188905272967,0.115128806807239,8.67223491551911
"RNAP",0.1232,1.00029571090068,0.915706894366538,0.999999983798833,4,1.24080863667524,12.0404318336674,0.551861132511355,3.583197504843,0.134280431869051,0.405917683130393,0.11416684861972,8.83685373852632
"RNAP",0.122787959866221,0.996950240295664,0.915705671777124,0.999998648667033,4,1.24087717312651,12.0438586518788,0.552195597027473,3.58132277352306,0.134305332116919,0.405244108963269,0.114422008724838,8.84234743012401
"RNAP",0.122375919732441,0.993604769690645,0.915701449660853,0.999994037894494,4,1.24094614280955,12.0473071410103,0.552532125122548,3.57943710478468,0.134330359809923,0.40456700284339,0.114678306580883,8.84787493636708
"RNAP",0.121963879598662,0.990259299085626,0.915694204653115,0.999986125965834,4,1.24101544144685,12.0507720695755,0.55287014607534,3.57754421823744,0.134355471362591,0.403887967909483,0.114935011340365,8.85342700353151
"RNAP",0.121551839464883,0.986913828480607,0.915683913520751,0.999974887509228,4,1.2410850184577,12.054250922823,0.55320947317809,3.575644655231,0.134380654645186,0.40320701074076,0.115192201646547,8.85900044295232
"RNAP",0.121139799331104,0.983568357875588,0.915670553162871,0.999960297297288,4,1.24115489136596,12.0577445577835,0.553550169574912,3.57373823673203,0.134405920660257,0.402524120984178,0.115449859899041,8.86459633066345
"RNAP",0.120727759197324,0.980222887270569,0.915654099069563,0.999942328563906,4,1.24122506048627,12.0612531013591,0.553892253851925,3.57182480429505,0.134431257570029,0.40183929000615,0.115707971230935,8.87021497061747
"RNAP",0.120315719063545,0.97687741666555,0.915634529103336,0.999920957133778,4,1.24129552229604,12.0647761806375,0.554235664824301,3.56990495475297,0.134456669848519,0.401152555973643,0.115966599261084,8.87585535839097
"RNAP",0.119903678929766,0.973531946060531,0.91561181950217,0.999896157057533,4,1.2413662897874,12.0683144343766,0.554580511548411,3.56797762613479,0.134482161903164,0.400463831115276,0.1162256366432,8.88151924628256
"RNAP",0.119491638795987,0.970186475455512,0.915585909767699,0.99986786226778,4,1.24143746045348,12.0718730243987,0.55492722517822,3.56604105633962,0.134507763944492,0.399772333626726,0.116485452057838,8.88721382899149
"RNAP",0.119079598662207,0.966841004850493,0.915556877433314,0.999836157435052,4,1.241508742066,12.0754371826168,0.555274426106594,3.56410243839999,0.13453337958462,0.399080570598427,0.116745134285532,8.89291632952793
"RNAP",0.118667558528428,0.963495534245474,0.915524599115088,0.999800907817623,4,1.24158041332813,12.0790206839657,0.555623431523105,3.56215465066078,0.134559100995155,0.398386026817167,0.117005616115616,8.89864841334896
"RNAP",0.118255518394649,0.960150063640455,0.915489080720583,0.999762119866863,4,1.24165239112785,12.0826195534166,0.555973858317359,3.5601997638945,0.134584904042948,0.397689500188575,0.117266563769241,8.90440380863849
"RNAP",0.11784347826087,0.956804593035436,0.915450298288386,0.999719767415651,4,1.24172467340526,12.0862336714067,0.55632569329931,3.5582379015147,0.134610779785167,0.396991019511048,0.11752797718474,8.91018227411883
"RNAP",0.11743143812709,0.953459122430417,0.915408226222723,0.999673822512057,4,1.24179726394854,12.0898631969286,0.556678948487431,3.55626900234395,0.134636739296698,0.396290562627368,0.11778986672058,8.91598402702922
"RNAP",0.117019397993311,0.950113651825398,0.915362838838348,0.999624257106446,4,1.24187016123255,12.0935080516487,0.557033619928782,3.55429308471371,0.134662775232854,0.395588131087536,0.118052231817089,8.92180897367229
"RNAP",0.116607357859532,0.946768181220379,0.915314110382171,0.999571043075093,4,1.24194336780036,12.0971683593582,0.557389718765875,3.55231007277838,0.134688890588317,0.394883716036208,0.118315067024402,8.92765732022914
"RNAP",0.116195317725753,0.94342271061536,0.915262013778489,0.999514150849908,4,1.24201688592305,12.1008442935924,0.557747252072971,3.55032004288102,0.134715080163049,0.394177322255177,0.118578386733502,8.93352917200357
"RNAP",0.115783277591973,0.940077240010341,0.915206524329276,0.99945355345935,4,1.2420907153494,12.1045358049443,0.558106233130835,3.54832274221736,0.13474135429615,0.393468931688914,0.118842150310387,8.93942472859499
"RNAP",0.115371237458194,0.936731769405322,0.915147612498329,0.999389218648337,4,1.24216485946253,12.1082429719646,0.558466646354657,3.54631848233417,0.134767703430408,0.392758536419306,0.11910643332429,8.94534376305832
"RNAP",0.114959197324415,0.933386298800303,0.915085254580105,0.999321120529171,4,1.24223931952844,12.111965940477,0.558828501373656,3.54430721689414,0.134794133798885,0.39204616852685,0.119371190136341,8.95128646868299
"RNAP",0.114547157190635,0.930040828195284,0.915019419958085,0.999249225667007,4,1.2423140944634,12.1157047438612,0.559191824337996,3.54228865620896,0.134820642174991,0.39133177598441,0.119636416718194,8.95725317962156
"RNAP",0.114135117056856,0.926695357590265,0.914950084231137,0.999173507414527,4,1.24238918670591,12.1194593281072,0.559556600653305,3.54026291560153,0.134847235271399,0.390615372668983,0.11990212151001,8.96324371697843
"RNAP",0.113723076923077,0.923349886985246,0.914877217056807,0.999093932636181,4,1.24246460324961,12.1232301852871,0.559922886160968,3.53822966431599,0.134873906718885,0.389896926984137,0.120168285546751,8.96925893922826
"RNAP",0.113311036789298,0.920004416380227,0.914800792145962,0.999010472622854,4,1.24254033076774,12.1270165497283,0.560290567908157,3.53618981574551,0.134900653191989,0.389176512132295,0.120434982705625,8.97529711106934
"RNAP",0.112898996655518,0.916658945775208,0.914720780302001,0.998923095490328,4,1.2426163850354,12.1308192492511,0.560659769411888,3.5341423639153,0.134927489177502,0.388454035234224,0.120702136810064,8.98136011990565
"RNAP",0.112486956521739,0.913313475170189,0.914637152395295,0.998831769427517,4,1.24269275972505,12.1346380847387,0.561030468861773,3.53208742525178,0.134954402070773,0.387729513116503,0.120969743208307,8.98744764629415
"RNAP",0.11207491638796,0.90996800456517,0.914549880629783,0.998736464079665,4,1.24276948051851,12.1384740227308,0.5614026973334,3.53002539259428,0.134981393612496,0.387002979162024,0.121237851419712,8.99356030327073
"RNAP",0.111662876254181,0.906622533960151,0.91445893469268,0.99863714634362,4,1.24284649237655,12.1423246209473,0.56177631497938,3.52795617532577,0.135008467476188,0.386274384870271,0.121506470438457,8.99969561430312
"RNAP",0.111250836120401,0.903277063355132,0.914364285349305,0.998533784293576,4,1.24292387228141,12.1461936149418,0.562151575129136,3.52587934168063,0.135035625646042,0.385543751658242,0.121775534152836,9.00585794223108
"RNAP",0.110838795986622,0.899931592750113,0.914265902759694,0.998426345342726,4,1.24300155329868,12.1500776631351,0.562528232498981,3.52379555332068,0.135062864331914,0.384811074455866,0.12204512414398,9.01204310535628
"RNAP",0.110426755852843,0.896586122145094,0.914163756219237,0.998314795960024,4,1.24307957631518,12.1539788389408,0.562906456733817,3.52170414890609,0.135090184631925,0.38407632468657,0.122315186252602,9.01825395450829
"RNAP",0.110014715719064,0.893240651540075,0.914057816227591,0.998199103929549,4,1.24315789869772,12.1578949351507,0.563286082720513,3.51960567232821,0.135117584605731,0.383339507571639,0.12258578314544,9.02448761860686
"RNAP",0.109602675585284,0.889895180935056,0.913948052892664,0.998079236607565,4,1.24323660616538,12.1618302940595,0.563667416622628,3.51749934783271,0.135145073360004,0.382600635117212,0.122856799144597,9.0307494439375
"RNAP",0.109190635451505,0.886549710330037,0.913834431806004,0.997955156418241,4,1.2433156243666,12.1657812320659,0.564050201978968,3.51538577931222,0.135172642466406,0.381859673893329,0.123128341404847,9.0370349499484
"RNAP",0.108778595317726,0.883204239725018,0.913716923105047,0.997826830750086,4,1.24339499023843,12.1697493797608,0.564434561126537,3.51326457578243,0.135200296078141,0.381116612513368,0.123400360378683,9.04334624520216
"RNAP",0.108366555183946,0.879858769119999,0.913595495540549,0.997694225477288,4,1.24347467441824,12.1737337230976,0.564820403062326,3.51113619247145,0.135228033577502,0.380371489309704,0.123672900252248,9.04968180020602
"RNAP",0.107954515050167,0.87651329851498,0.913470114880893,0.997557303217124,4,1.24355470941704,12.1777354325834,0.565207829301188,3.50900017477468,0.135255848618065,0.379624254806824,0.123945933805187,9.05604331423287
"RNAP",0.107542474916388,0.873167827909961,0.913340749831143,0.997416029793881,4,1.24363508432961,12.1817542230786,0.565596816805889,3.50685662281645,0.135283756122084,0.378874916375243,0.124219460189077,9.06243037337849
"RNAP",0.107130434782609,0.869822357304942,0.913207369550881,0.997270371528205,4,1.24371580188325,12.1857901410048,0.565987368199147,3.50470553663173,0.135311739857795,0.37812348435742,0.124493482060968,9.06884303962007
"RNAP",0.106718394648829,0.866476886699923,0.913069938480283,0.997120289586902,4,1.24379686667058,12.1898433338734,0.566379496561146,3.5025468417112,0.135339813345832,0.377369927387228,0.124768002542607,9.0752815315419
"RNAP",0.10630635451505,0.863131416094904,0.912928425053594,0.996965749498509,4,1.24387827629369,12.1939138227199,0.566773204380434,3.50038055958683,0.135367970562029,0.376614260336671,0.12504301985528,9.0817458552719
"RNAP",0.105894314381271,0.859785945489885,0.91278279299248,0.996806711645185,4,1.24396003438916,12.1980017097329,0.567168500714062,3.49820664143957,0.1353962133154,0.375856460567383,0.125318542928145,9.08823616562265
"RNAP",0.105482274247492,0.856440474884866,0.91263300827593,0.996643138874198,4,1.24404214131242,12.2021070668975,0.567565387945514,3.49602502158209,0.135424540353431,0.375096523629085,0.125594560332228,9.0947526062007
"RNAP",0.105070234113712,0.853095004279847,0.912479039295881,0.996474996667885,4,1.24412460038964,12.2062300215273,0.567963872043857,3.4938358735788,0.135452954120571,0.374334469130439,0.125871090677511,9.10129513161375
"RNAP",0.104658193979933,0.849749533674828,0.912320846049222,0.996302241340751,4,1.24420741198551,12.2103705865072,0.568363972686638,3.49163886930156,0.135481452503223,0.373570245246835,0.126148121903593,9.10786409400177
"RNAP",0.104246153846154,0.846404063069809,0.912158397138747,0.996124838605397,4,1.24429057695746,12.2145289257145,0.56876567700185,3.48943432746426,0.135510035483864,0.372803897344495,0.126425664437803,9.11445933641193
"RNAP",0.103834113712375,0.84305859246479,0.911991655177262,0.995942747633046,4,1.24437410029306,12.2187050043306,0.569169020619407,3.48722171569417,0.135538708629634,0.37203535343717,0.126703695929739,9.12108136285199
"RNAP",0.103422073578595,0.839713121859771,0.911820583895552,0.995755928815812,4,1.24445798187728,12.2228990974013,0.569573967440629,3.48500178996633,0.13556746945751,0.371264686703129,0.12698227970869,9.12772969126902
"RNAP",0.103010033444816,0.836367651254752,0.91164514848214,0.995564344137735,4,1.24454224220053,12.2271120422107,0.569980656518191,3.48277328468233,0.135596315970922,0.370491806801465,0.127261277060533,9.13440649785371
"RNAP",0.102597993311037,0.833022180649733,0.911465310125947,0.995367951215081,4,1.24462684110496,12.2313420470931,0.570388877262127,3.48053767242147,0.13562524716949,0.369716792159651,0.127540871412949,9.14110839457855
"RNAP",0.102185953177258,0.829676710044714,0.911281028235236,0.995166705719542,4,1.24471179034006,12.2355896045166,0.570798697899514,3.47829447083547,0.135654270529424,0.368939588493705,0.127821020075603,9.14783638532491
"RNAP",0.101773913043478,0.826331239439695,0.911092271906667,0.994960573903048,4,1.24479714544209,12.2398572216103,0.571210350277842,3.47604237908953,0.135683375939304,0.368160154587513,0.128101559300243,9.15459444334394
"RNAP",0.101361872909699,0.822985768834676,0.910898996007634,0.994749506478428,4,1.2448828446086,12.2441422345651,0.571623573071677,3.47378296922959,0.135712577364175,0.367378541771033,0.128382685494116,9.16137814934355
"RNAP",0.10094983277592,0.819640298229656,0.910701166505937,0.99453346628073,4,1.2449689124159,12.248445616109,0.57203846444755,3.47151564084219,0.135741863275528,0.366594728582765,0.1286643270934,9.16818914884395
"RNAP",0.10053779264214,0.816294827624637,0.910498743401141,0.994312409627382,4,1.24505534464548,12.2527672355988,0.572455010580784,3.46924048288728,0.135771238789286,0.365808708922806,0.128946504251913,9.17502721032899
"RNAP",0.100125752508361,0.812949357019619,0.910291688309436,0.994086294601248,4,1.24514216236957,12.257108098374,0.57287329771449,3.46695711770102,0.135800703097289,0.365020468871736,0.129229166134701,9.18189377558463
"RNAP",0.0997137123745819,0.809603886414599,0.910079955137989,0.993855070866536,4,1.24522934810297,12.2614674035626,0.573293258421161,3.46466583722146,0.135830258882704,0.364229990211889,0.129512375456662,9.18878770278375
"RNAP",0.0993016722408027,0.80625841580958,0.909863511449609,0.993618703000132,4,1.24531691276612,12.2658456414992,0.57371492519621,3.46236658982289,0.135859903883476,0.363437297867291,0.129796099619894,9.19570956143363
"RNAP",0.0988896321070234,0.802912945204562,0.909642308531263,0.993377137804846,4,1.24540485286737,12.2702426179824,0.574138303494391,3.46005916946751,0.135889637325405,0.362642339173212,0.130080357036769,9.20265935865551
"RNAP",0.0984775919732442,0.799567474599542,0.909416311006017,0.99313033664721,4,1.24549316406467,12.2746582055104,0.574563355914129,3.45774397225051,0.135919461640012,0.361845157280489,0.130365166308425,9.20963655287674
"RNAP",0.0980655518394649,0.796222003994523,0.909185477001427,0.992878253800319,4,1.24558186455809,12.2790931725928,0.574990176692279,3.45542031907877,0.135949378090215,0.361045700508566,0.130650467850041,9.2166426462338
"RNAP",0.0976535117056856,0.792876533389504,0.908949759081407,0.992620837461476,4,1.24567095353196,12.2835476552108,0.575418735310922,3.45308876105821,0.135979387258072,0.360243997985199,0.130936323849966,9.22367721469422
"RNAP",0.0972414715719064,0.789531062784485,0.90870911510494,0.99235804161048,4,1.24576042590756,12.2880212796225,0.575849041317177,3.45074886621195,0.136009488258753,0.359440002232045,0.131222696671536,9.23074030937613
"RNAP",0.0968294314381271,0.786185592179466,0.908463506925289,0.992089824589091,4,1.24585028473609,12.2925143140322,0.57628109302545,3.44840087766715,0.136039678728774,0.358633747027443,0.131509615364011,9.23783196500894
"RNAP",0.0964173913043478,0.782840121574447,0.908212884544369,0.991816131796778,4,1.24594054808634,12.2970274048199,0.576714963649835,3.44604430124089,0.136069962521563,0.357825175568284,0.13179703026419,9.24495336269187
"RNAP",0.0960053511705686,0.779494650969428,0.907957207805302,0.991536919380122,4,1.24603117997626,12.3015589939628,0.577150514436513,3.44367981722259,0.136100339989504,0.357014319865653,0.132085028689171,9.25210216941848
"RNAP",0.0955933110367893,0.776149180364409,0.907696430266253,0.991252136622201,4,1.24612221675037,12.3061108176963,0.577587873327251,3.44130705568189,0.136130809688475,0.356201172272989,0.132373559434479,9.25928058760683
"RNAP",0.09518127090301,0.772803709759391,0.907430506068309,0.990961733442678,4,1.24621365086883,12.310682545803,0.578027010143239,3.43892618084523,0.136161371147148,0.355385732043805,0.132662647929752,9.26648810483849
"RNAP",0.0947692307692308,0.769458239154371,0.907159393212127,0.990665663976064,4,1.2463054835431,12.3152741430264,0.578467955867318,3.43653673421306,0.136192030334287,0.35456795827002,0.132952261660985,9.27372514472139
"RNAP",0.0943571906354515,0.766112768549352,0.906883033404139,0.990363864562725,4,1.24639772875794,12.3198864437939,0.578910776022825,3.43413847859744,0.136222786116601,0.353747818261429,0.133242374304312,9.28099282894909
"RNAP",0.0939451505016722,0.762767297944333,0.906601391308557,0.990056296614125,4,1.24649035071415,12.3245175363567,0.579355271272706,3.43173266426419,0.136253625394916,0.352925396025563,0.133533127314826,9.28828788302055
"RNAP",0.093533110367893,0.759421827339314,0.906314415002524,0.98974290342778,4,1.24658341400073,12.3291707003505,0.579801766118788,3.42931742412018,0.136284570702069,0.352100580236986,0.133824322525527,9.29561563793073
"RNAP",0.0931210702341137,0.756076356734295,0.906022056692732,0.98942363281089,4,1.24667683701415,12.3338418480463,0.580249897439764,3.42689449158988,0.136315605263711,0.351273429865288,0.134116164344596,9.30297004368985
"RNAP",0.0927090301003344,0.752730886129276,0.905724269494064,0.989098433562445,4,1.24677071851092,12.33853596142,0.580700052229647,3.42446257789249,0.136346738532949,0.35044393395249,0.134408474742832,9.31035764388131
"RNAP",0.0922969899665552,0.749385415524257,0.905420996118771,0.988767243121218,4,1.24686498934744,12.3432494710638,0.581151968515111,3.42202239144771,0.136377964093176,0.349612051960577,0.134701388669602,9.31777396912182
"RNAP",0.0918849498327759,0.746039944919238,0.905112200770579,0.988430022395799,4,1.24695966691217,12.3479833334472,0.581605710961538,3.41957383766363,0.13640929025356,0.348777814844429,0.134994881455477,9.32522011182274
"RNAP",0.0914729096989967,0.742694474314219,0.904797814800399,0.988086696417781,4,1.24705477169592,12.3527386360857,0.582061384531734,3.41711632655025,0.13644071220962,0.347941156558295,0.135288897724306,9.33269782464588
"RNAP",0.0910608695652174,0.7393490037092,0.90447779479238,0.987737217774776,4,1.24715028551623,12.3575142767988,0.582518880385159,3.41465050336816,0.136472234083652,0.347102106013377,0.135583520051901,9.34020528384191
"RNAP",0.0906488294314381,0.736003533104181,0.904152095929299,0.987381537524023,4,1.2472462231174,12.3623112009233,0.582978285245727,3.41217592715952,0.136503850161254,0.346260663982147,0.135878681939694,9.34774393973901
"RNAP",0.0902367892976589,0.732658062499162,0.903820248250164,0.987019142443457,4,1.24734271381425,12.3671356906308,0.583440202120058,3.40968934365715,0.136535603088172,0.345415755069102,0.136174740669268,9.35532367615459
"RNAP",0.0898247491638796,0.729312591894143,0.903483010741793,0.986650861386514,4,1.24743950737272,12.3719753683913,0.583903443627289,3.40719718034059,0.136567416956873,0.344569453999374,0.136471023342747,9.36292499351888
"RNAP",0.0894127090301003,0.725967121289124,0.903140350142385,0.986276658029561,4,1.24753659264368,12.3768295697192,0.584367945571421,3.40469979409997,0.136599294153274,0.343721767310539,0.13676758134157,9.37054682566074
"RNAP",0.0890006688963211,0.722621650684105,0.902791375246694,0.985895559129701,4,1.24763424775781,12.3817124395826,0.584835057150936,3.40218995304461,0.136631304085564,0.342870589028149,0.137064985795698,9.37821135898719
"RNAP",0.0885886287625418,0.719276180079086,0.902436446782791,0.985507958620918,4,1.24773231999596,12.3866159432293,0.585304017396252,3.39967171669046,0.13666341717243,0.342016963510927,0.137363030905714,9.38590603072378
"RNAP",0.0881765886287625,0.715930709474067,0.902075499495178,0.985113785240783,4,1.24783083299743,12.3915415981678,0.585774967237684,3.39714435089156,0.136695629698975,0.341160848776179,0.137661629421236,9.3936331880461
"RNAP",0.0877645484949833,0.712585238869048,0.901708491910232,0.984712993697924,4,1.24792978554671,12.3964892967339,0.586247883297916,3.39460810474132,0.136727940838718,0.340302282107584,0.137960792896855,9.40139246518195
"RNAP",0.087352508361204,0.709239768264029,0.901335354192741,0.984305507728624,4,1.2480291969816,12.4014598595958,0.586722825189697,3.3920628254438,0.136760358439029,0.339441224396657,0.138260535776859,9.409184873512
"RNAP",0.0869404682274248,0.70589429765901,0.900956040218455,0.983891276962781,4,1.24812903193752,12.4064516126587,0.587199670765281,3.3895088631224,0.13679287063883,0.338577693007934,0.138560892513305,9.4170083048586
"RNAP",0.0865284280936455,0.702548827053991,0.900570471483063,0.983470215669569,4,1.2482293015447,12.4114650798951,0.587678476095927,3.3869458579696,0.136825491970304,0.337711614404548,0.138861861676436,9.42486366319314
"RNAP",0.0861163879598662,0.699203356448972,0.900178606402973,0.983042278437522,4,1.24833003420409,12.4165017054644,0.588159312604548,3.38437402869828,0.136858217425042,0.336843061924195,0.139163419627651,9.43275225109382
"RNAP",0.085704347826087,0.695857885843953,0.899780381322514,0.982607395751308,4,1.24843123818173,12.4215619617782,0.588642282941253,3.38179227195652,0.136891038967068,0.335971954824742,0.139465464263941,9.44067569659915
"RNAP",0.0852923076923077,0.692512415238934,0.899375723048324,0.982165487679933,4,1.24853287348886,12.4266436568168,0.589127177426441,3.37920182452586,0.136923959104768,0.335098298729863,0.139768193205056,9.4486304314852
"RNAP",0.0848802675585284,0.689166944633915,0.898964582701845,0.981716500845447,4,1.24863494762424,12.431747384855,0.589614021387145,3.37660272846695,0.136957000184628,0.334222118327881,0.140071560004589,9.45661701140555
"RNAP",0.0844682274247492,0.685821474028896,0.898546890627204,0.981260359179983,4,1.24873752944059,12.4368764881417,0.590103105623126,3.37399372734428,0.136990138909425,0.333343373837685,0.140375436175944,9.46464026072167
"RNAP",0.0840561872909699,0.682476003423877,0.898122585414846,0.980796995621083,4,1.24884054009129,12.4420270028047,0.590594119372169,3.37137594996982,0.137023381541398,0.332462059410385,0.140679986103543,9.47269484960518
"RNAP",0.0836441471571906,0.679130532818858,0.897691601350955,0.980326338405809,4,1.24894402242473,12.4472011259452,0.591087234207941,3.3687487323067,0.137056723880694,0.331578160784169,0.140985125348094,9.48078377093041
"RNAP",0.0832321070234114,0.675785062213839,0.897253873259733,0.979848316358773,4,1.24904797310036,12.4523986684289,0.591582428288961,3.36611227058726,0.137090184575158,0.330691668241197,0.141290876434143,9.48890660757625
"RNAP",0.0828200668896321,0.67243959160882,0.896809333438174,0.979362855544738,4,1.2491523949737,12.4576197485457,0.592079723797491,3.36346636896691,0.13712374506694,0.329802565099656,0.141597239848048,9.49706369995922
"RNAP",0.0824080267558528,0.669094121003801,0.896357915258754,0.978869883202951,4,1.24925729042485,12.4628645434507,0.592579122980346,3.36081113386319,0.137157410568904,0.328910851957278,0.141904219335652,9.50525512251864
"RNAP",0.0819959866220736,0.665748650398782,0.895899557424264,0.978369332393643,4,1.24936266442076,12.4681332113341,0.593080650278836,3.35814638004041,0.137191186944084,0.328016512668237,0.142211808751413,9.5134812229617
"RNAP",0.0815839464882943,0.662403179793763,0.895434169496601,0.97786110435366,4,1.24946851618995,12.4734258234067,0.593584308293736,3.35547212089704,0.13722507080902,0.327119506392799,0.142520036934784,9.52174206645143
"RNAP",0.081171906354515,0.659057709188744,0.894961702809336,0.977345145936706,4,1.24957485939927,12.4787429704154,0.594090133037567,3.35278835403526,0.137259064463877,0.326219866131682,0.142828878764654,9.53003827327106
"RNAP",0.0807598662207358,0.655712238583725,0.894482077830428,0.97682137028962,4,1.24968167498852,12.4840837540932,0.594598051695875,3.35009536468841,0.137293167712251,0.325317568429312,0.143138397150042,9.53836860724786
"RNAP",0.0803478260869565,0.652366767978706,0.893995228291955,0.976289705044355,4,1.2497889874537,12.4894493609856,0.595108196691102,3.34739229594869,0.137327377529491,0.324412576904099,0.143448487038447,9.5467351953551
"RNAP",0.0799357859531773,0.649021297373687,0.89350106614421,0.975750054046006,4,1.24989680202213,12.4948400993788,0.595620557920867,3.34467952220627,0.137361700503928,0.323504883254386,0.14375921100837,9.55513796978014
"RNAP",0.079523745819398,0.645675826768668,0.892999532205234,0.975202352664772,4,1.25000509079567,12.5002545362124,0.596135017740247,3.34195758058912,0.137396133345139,0.322594507568828,0.144070646174916,9.56357488056674
"RNAP",0.0791117056856187,0.642330356163649,0.892490549864046,0.974646517237439,4,1.25011390588324,12.5056952800697,0.596651794463188,3.33922550478228,0.137430679140671,0.321681420242625,0.144382653728728,9.57204965162123
"RNAP",0.0786996655518395,0.63898488555863,0.891974028338184,0.974082448624795,4,1.25022320773975,12.5111603942065,0.597170746568682,3.33648373878201,0.13746533412147,0.320765579157459,0.144695345386805,9.58055979991292
"RNAP",0.0782876254180602,0.635639414953611,0.891449906475286,0.973510080045252,4,1.25033301683634,12.5166508322773,0.597691939249597,3.33373212142429,0.137500106500219,0.319847000091291,0.145008673325259,9.58910647971426
"RNAP",0.0778755852842809,0.632293944348592,0.890918099744369,0.972929319186539,4,1.25044333448731,12.5221667262395,0.598215384246155,3.33097065545753,0.137534987985042,0.318925667361289,0.145322660207876,9.59768984035211
"RNAP",0.0774635451505017,0.628948473743573,0.890378527160323,0.972340077608668,4,1.25055417652369,12.527708825897,0.598741132599344,3.32819920934634,0.137569989005526,0.318001563279485,0.145637304551607,9.60631078666639
"RNAP",0.0770515050167224,0.625603003138554,0.889831110066511,0.971742269414462,4,1.2506655129642,12.5332756119528,0.599269085349272,3.32541797613894,0.137605103260145,0.317074667333569,0.145952634204986,9.61496753841721
"RNAP",0.0766394648829432,0.622257532533535,0.88927576447094,0.971135802880258,4,1.25077739199455,12.5388695966382,0.599799426500495,3.32262642907106,0.137640331548825,0.316144974967548,0.146268585734306,9.62366326737238
"RNAP",0.0762274247491639,0.618912061928516,0.888712408873555,0.970520589003717,4,1.25088976839399,12.5444884242796,0.600331963455272,3.31982531097281,0.137675677736305,0.315212474367443,0.146585280518814,9.63239473482043
"RNAP",0.0758153846153846,0.615566591323497,0.888140965966492,0.969896543360596,4,1.25100269209042,12.5501346088115,0.600866931094637,3.31701345985025,0.13771113005379,0.314277141844308,0.146902555080731,9.64116578352454
"RNAP",0.0754033444816053,0.612221120718478,0.887561324058639,0.96926354397834,4,1.25111613182637,12.5558066128843,0.601404175520347,3.31419175760815,0.137746715996739,0.313338936733894,0.147220577995328,9.64997386917907
"RNAP",0.0749913043478261,0.608875650113459,0.886973434829015,0.9686215380879,4,1.25123013531804,12.5615067650815,0.601943873447015,3.31135965076708,0.137782409776646,0.312397922855006,0.147539215630249,9.65882202746108
"RNAP",0.0745792642140468,0.60553017950844,0.886377167210958,0.967970382557605,4,1.25134464677214,12.5672323382423,0.60248583892438,3.30851752654892,0.137818225885553,0.311453988653616,0.147858616609577,9.66770698409041
"RNAP",0.0741672240802676,0.602184708903421,0.885772464083339,0.967310015008182,4,1.25145971349921,12.5729857060259,0.603030237953677,3.30566501241515,0.137854165035485,0.310507187064173,0.148178677424901,9.6766316129549
"RNAP",0.0737551839464883,0.598839238298402,0.88515922496573,0.966640325709732,4,1.25157530273963,12.5787651285742,0.603576960873238,3.30280224262429,0.137890215421406,0.309557468425365,0.148499464541667,9.68559395766314
"RNAP",0.073343143812709,0.595493767693383,0.884537355300893,0.965961211400789,4,1.25169148202886,12.5845741073978,0.604126252098646,3.29992863538566,0.137926391763123,0.308604838332807,0.148820875645393,9.69459827891788
"RNAP",0.0729311036789298,0.592148297088364,0.883906763266431,0.965272571806477,4,1.25180819582481,12.590409791684,0.604677909894969,3.29704475181655,0.13796268777164,0.307649266060525,0.149143028327257,9.70364101429417
"RNAP",0.0725190635451505,0.588802826483345,0.883267352102906,0.96457430126041,4,1.25192547607127,12.596273807933,0.605232050962783,3.29415024162268,0.137999108222723,0.306690740462036,0.149465872078757,9.71272422419855
"RNAP",0.0721070234113712,0.585457355878326,0.882619038116809,0.963866308364887,4,1.25204329890867,12.60216495639,0.605788592447391,3.29124537808645,0.138035649601751,0.305729257426729,0.149789458889667,9.72184637325668
"RNAP",0.071694983277592,0.582111885273307,0.881961687845041,0.963148447371198,4,1.25216169848285,12.6080849230286,0.606347649051656,3.2883298620549,0.138072318364263,0.304764762306131,0.1501137851803,9.73100953257438
"RNAP",0.0712829431438127,0.578766414668288,0.881295236851389,0.962420647911616,4,1.25228066800734,12.6140334120623,0.606909240730798,3.28540326317215,0.138109105432048,0.303797260036596,0.150438771383798,9.74021383482027
"RNAP",0.0708709030100334,0.575420944063269,0.880619583537381,0.96168279903528,4,1.2524002111125,12.6200106423292,0.607473334331868,3.28246617933337,0.138146020411704,0.302826766907257,0.150764506681724,9.74945889419678
"RNAP",0.0704588628762542,0.57207547345825,0.879934586205171,0.960934746000705,4,1.25252035149464,12.6260175763022,0.608040021952984,3.27951814468258,0.138183065484463,0.301853200697639,0.15109098014608,9.75874619380854
"RNAP",0.0700468227424749,0.568730002853231,0.879240182315695,0.960176420511951,4,1.25264104387622,12.632052191816,0.608609163844835,3.27655949326969,0.138220237938629,0.300876583846798,0.151418232439415,9.76807327021223
"RNAP",0.0696347826086957,0.565384532248212,0.878536249735886,0.9594076891933,4,1.25276236589825,12.6381182785998,0.609181043261342,3.27358933876581,0.138257529593839,0.299896900591407,0.15174612404446,9.77744501765156
"RNAP",0.0692227424749164,0.562039061643193,0.877822687325267,0.958628441594043,4,1.25288424809653,12.6442124198876,0.609755390539006,3.27060872165075,0.138294949689985,0.298914131864193,0.15207485121125,9.786856774232
"RNAP",0.0688107023411371,0.558693591038174,0.877099366197596,0.957838536963639,4,1.25300673256601,12.6503366360768,0.610332377500029,3.26761686215584,0.138332510627577,0.297928221471955,0.152404313059213,9.79631144733701
"RNAP",0.0683986622073579,0.555348120433155,0.876366196043926,0.957037876679981,4,1.25312982150984,12.6564910781385,0.610912010351378,3.26461382929603,0.138370198699843,0.296939188329603,0.152734526862281,9.80580913621816
"RNAP",0.0679866220735786,0.552002649828136,0.875623066991527,0.956226340756279,4,1.25325351670646,12.6626758692488,0.611494296087204,3.2615996403091,0.138408011798222,0.295947023580945,0.153065489820984,9.8153499553495
"RNAP",0.0675745819397993,0.548657179223117,0.874869830718311,0.955403767217031,4,1.25337782505623,12.6688912531966,0.612079269400489,3.2585740259583,0.138445960988922,0.294951646338855,0.153397236949548,9.82493442985709
"RNAP",0.0671625418060201,0.545311708618098,0.87410641989322,0.954570082533189,4,1.25350276009878,12.6751380664312,0.612666968760065,3.25553716466689,0.138484043168924,0.293953128324435,0.153729724682458,9.83456324999202
"RNAP",0.0667505016722408,0.541966238013079,0.87333265519084,0.953725090871988,4,1.25362830820463,12.6814154168165,0.613257350948349,3.25248894927967,0.138522261565061,0.292951348022313,0.15406304174577,9.84423558847569
"RNAP",0.0663384615384615,0.53862076740806,0.872548473352319,0.952868723151442,4,1.25375446625532,12.6877233345747,0.613850422869837,3.24942930408974,0.138560606264212,0.291946357004115,0.154397135664479,9.85395156372385
"RNAP",0.0659264214046823,0.535275296803041,0.8717537104415,0.952000800344665,4,1.25388127017935,12.6940635111946,0.614446295983713,3.24635807504383,0.13859909336846,0.290938098670729,0.154732023702339,9.86371309479274
"RNAP",0.065514381270903,0.531929826198022,0.870948266575522,0.951121213374332,4,1.25400871405234,12.7004357030855,0.615044965752948,3.24327514584707,0.138637715553252,0.289926574165986,0.155067687315173,9.87352004959203
"RNAP",0.0651023411371238,0.528584355593003,0.870132005030239,0.9502298129305,4,1.2541368106115,12.7068405364587,0.615646458628469,3.24018069513942,0.138676477810437,0.288911768439958,0.155404172054904,9.88337289830133
"RNAP",0.0646903010033445,0.525238884987984,0.869304799267486,0.949326460826852,4,1.2542655434274,12.7132771751955,0.616250760165767,3.23707424088108,0.138715370580767,0.287893626311424,0.155741433574586,9.89327126467286
"RNAP",0.0642782608695652,0.521893414382965,0.86846652732179,0.948411023870691,4,1.25439492405394,12.7197461714166,0.61685786578261,3.23395632318623,0.13875441224186,0.286872164711422,0.156079554018918,9.90321515835054
"RNAP",0.063866220735786,0.518547943777946,0.867617019659111,0.947483316921947,4,1.25452498694724,12.7262493418543,0.617467932160738,3.23082624323012,0.138793591108604,0.285847322307822,0.156418470203871,9.91320721385678
"RNAP",0.0634541806020067,0.515202473172927,0.86675619225282,0.946543248219134,4,1.25465568563857,12.7327842238089,0.618080796935949,3.22768430218062,0.138832912989889,0.284819099669229,0.156758234099175,9.92324452858599
"RNAP",0.0630421404682274,0.511857002567908,0.865883843645203,0.945590597759854,4,1.25478706468235,12.7393532321108,0.61869661516798,3.22453030015422,0.13887237940519,0.283787438838679,0.157098856129931,9.93332984167666
"RNAP",0.0626301003344482,0.508511531962889,0.864999887179516,0.944625270910396,4,1.254919137868,12.7459568928909,0.619315453106791,3.22136377883499,0.138911983434604,0.282752361471221,0.157440244155343,9.94346418087513
"RNAP",0.0622180602006689,0.50516606135787,0.864104160643635,0.943647090526608,4,1.25505186616635,12.7525933061167,0.61993713474076,3.21818567791919,0.138951737705557,0.281713832937894,0.157782575996189,9.95364457729902
"RNAP",0.0618060200668896,0.501820590752851,0.863196531703527,0.94265591209278,4,1.25518529015416,12.7592644722253,0.620561844754587,3.21499505232844,0.138991633935654,0.280671831201883,0.158125718833494,9.96387410433153
"RNAP",0.0613939799331104,0.498475120147832,0.86227680782212,0.941651525348326,4,1.25531941393525,12.7659706968001,0.62118959073093,3.21179208938553,0.139031683956849,0.279626293851032,0.158469759804129,9.97415288278564
"RNAP",0.0609819397993311,0.495129649542813,0.861344883089195,0.94063381463373,4,1.25545422456489,12.7727112307126,0.621820345424725,3.20857654618359,0.139071877533742,0.278577222136318,0.158814647069436,9.98448038218287
"RNAP",0.0605698996655518,0.491784178937794,0.860400587413632,0.939602594200561,4,1.25558977386924,12.7794886857151,0.622454261260896,3.20534847378516,0.139112218169414,0.277524618278878,0.159160405099121,9.99485928512293
"RNAP",0.0601578595317726,0.488438708332775,0.859443765264919,0.938557694201339,4,1.25572602860943,12.7863014307586,0.623091255539274,3.20210769124141,0.139152718488596,0.276468414580128,0.159507037244068,10.0052880556223
"RNAP",0.0597458193979933,0.485093237727756,0.858474254423811,0.937498937484134,4,1.2558629967804,12.7931498416067,0.623731361125378,3.19885412064642,0.13919335774962,0.275408591227946,0.159854566361912,10.0157671869366
"RNAP",0.0593337792642141,0.481747767122737,0.857491909968523,0.936426165786754,4,1.25600068441197,12.8000342011239,0.624374570777033,3.19558807477958,0.139234158056563,0.274345150500965,0.160203024674431,10.0262966327395
"RNAP",0.0589217391304348,0.478402296517718,0.856496520766406,0.935339148541264,4,1.25613911866562,12.806955938317,0.625021025970915,3.19230878514706,0.13927511176151,0.273278005524992,0.160552377135006,10.0368786884975
"RNAP",0.0585096989966555,0.475056825912699,0.855487963667721,0.934237751261687,4,1.25627827546872,12.813913767371,0.6256706073594,3.18901689117303,0.139316222317358,0.272207183412223,0.160902686732414,10.0475113438208
"RNAP",0.0580976588628763,0.47171135530768,0.854466045544673,0.933121763042336,4,1.25641820005643,12.8209100056142,0.6263235055804,3.18571164163032,0.139357492731538,0.271132632524404,0.16125389145966,10.0581977987713
"RNAP",0.057685618729097,0.468365884702661,0.853430603942774,0.931991006474385,4,1.25655887257244,12.8279435322319,0.626979641794293,3.1823932772322,0.139398914036535,0.270054333001013,0.161606031380475,10.0689366371277
"RNAP",0.0572735785953177,0.465020414097642,0.85238144097786,0.93084526545794,4,1.25670030096277,12.835015030603,0.62763906464083,3.17906166997139,0.139440498956519,0.268972236677596,0.161959131839426,10.0797286954601
"RNAP",0.0568615384615385,0.461674943492623,0.851318389755845,0.929684357735903,4,1.25684248071663,12.842124027628,0.628301729285933,3.17571711093696,0.139482251947284,0.26788632883228,0.162313248920223,10.0905731724407
"RNAP",0.0564494983277592,0.458329472887604,0.8502412609372,0.928508076539573,4,1.25698546563982,12.8492732828551,0.628967886482043,3.17235834852922,0.13952415245393,0.266796568660516,0.162668227076273,10.1014742680331
"RNAP",0.0560374581939799,0.454984002282585,0.84914986402471,0.92731621383599,4,1.2571292380348,12.856461930968,0.62963742484861,3.16898627676684,0.139566230079786,0.265702940835962,0.16302420217345,10.1124301281362
"RNAP",0.0556254180602007,0.451638531677566,0.848044007370692,0.926108560335831,4,1.25727380870554,12.8636904478365,0.630310414955402,3.16560035619991,0.139608464056314,0.264605401469011,0.163381142733319,10.1234418243024
"RNAP",0.0552133779264214,0.448293061072547,0.84692348982637,0.924884896374075,4,1.2574191572377,12.8709578798206,0.630986771404131,3.16220100047179,0.139650865741984,0.263503912892595,0.163739137125784,10.1345079190311
"RNAP",0.0548013377926421,0.444947590467528,0.845788116572004,0.923645009197341,4,1.25756533287105,12.8782666430088,0.631666679504537,3.158787609341,0.139693449558454,0.262398452519394,0.164098098832601,10.1456315499579
"RNAP",0.0543892976588629,0.441602119862509,0.844637678733774,0.922388670704457,4,1.2577123298447,12.8856164827597,0.632350135385827,3.15536010348905,0.139736186260238,0.261288986307682,0.164458052288868,10.156812557931
"RNAP",0.0539772575250836,0.43825664925749,0.843471972344333,0.921115658152377,4,1.25786014465429,12.8930072012102,0.633037119473522,3.15191860014818,0.1397791020042,0.260175471897514,0.164819053472611,10.1680505908194
"RNAP",0.0535652173913043,0.434911178652471,0.842290774715164,0.919825728353552,4,1.25800878258893,12.9004391330505,0.633727650170346,3.14846312574388,0.139822200711771,0.259057871384217,0.165181128032324,10.1793459645601
"RNAP",0.0531531772575251,0.431565708047452,0.841093875977711,0.918518652120508,4,1.2581582846742,12.9079142340363,0.634421912935385,3.14499280665312,0.139865452563725,0.257936157380534,0.16554417369346,10.1907016606386
"RNAP",0.0527411371237458,0.428220237442433,0.839881051702653,0.917194184364646,4,1.25830863133717,12.9154315671836,0.635119811546453,3.14150815693824,0.139908891964958,0.256810285508875,0.165908285740347,10.2021161292309
"RNAP",0.0523290969899666,0.424874766837414,0.838652077182301,0.915852079693378,4,1.2584598154835,12.9229907635306,0.635821305169845,3.13800952590833,0.139952520573767,0.2556802257679,0.166273560760988,10.2135886254911
"RNAP",0.0519170568561873,0.421529296232395,0.837406715651771,0.914492079547027,4,1.25861192287717,12.930596145044,0.636526771552516,3.13449519090915,0.139996313974889,0.254545938214214,0.166639757142479,10.2251254755859
"RNAP",0.051505016722408,0.418183825627376,0.836144736442963,0.913113932023921,4,1.25876488006938,12.9382440379964,0.63723588141477,3.13096680692932,0.140040291489305,0.253407393999076,0.16700715888344,10.2367211061948
"RNAP",0.0510929765886288,0.414838355022357,0.834865895189121,0.911717370262738,4,1.25891871528356,12.9459357681348,0.637948810507656,3.12742305874792,0.140084452793458,0.252264510353541,0.167375615669742,10.248378251779
"RNAP",0.0506809364548495,0.411492884417338,0.833569942283193,0.91030212167948,4,1.25907348134955,12.9536740620383,0.638665687925252,3.12386432730189,0.140128802724634,0.251117304249488,0.167745187083541,10.2600993849262
"RNAP",0.0502688963210702,0.408147413812319,0.832256627509412,0.908867913025397,4,1.25922913603022,12.9614568009325,0.639386402329681,3.12029055272015,0.140173346634273,0.24996569270702,0.168115929595404,10.2718823346801
"RNAP",0.049856856187291,0.4048019432073,0.83092569592234,0.907414465886693,4,1.25938572084978,12.9692860367797,0.640111118235254,3.11670111857888,0.140218068546425,0.248809650125375,0.168487747047329,10.2837299002964
"RNAP",0.0494448160535117,0.401456472602281,0.829576886270327,0.905941494962854,4,1.25954324637932,12.9771623192728,0.640839857371087,3.11309623565442,0.140262984779206,0.247649142126724,0.16886072107366,10.2956424259672
"RNAP",0.0490327759197324,0.398111001997262,0.82820992507368,0.904448701599704,4,1.25970171815485,12.9850859089914,0.641572643214716,3.10947579296195,0.140308094029771,0.246484119431951,0.169234870009737,10.3076203001889
"RNAP",0.0486207357859532,0.394765531392243,0.826824530834444,0.902935778386704,4,1.25986113979905,12.9930569931068,0.642309515555013,3.10583947014499,0.140353400005623,0.245314517750965,0.169610189507753,10.3196640429106
"RNAP",0.0482086956521739,0.391420060787224,0.825420434391482,0.901402431385768,4,1.26002151626009,13.0010758128779,0.643050476996682,3.102187455069,0.140398908127124,0.244140308148934,0.169986739614574,10.3317737089465
"RNAP",0.0477966555183947,0.388074590182205,0.823997348590908,0.899848347009781,4,1.26018287492256,13.0091437495399,0.643795650073441,3.09851921706952,0.14044460697453,0.242961448249992,0.170364457450737,10.3439512997092
"RNAP",0.0473846153846154,0.384729119577186,0.822554960069813,0.898273183050003,4,1.26034522082091,13.0172610319671,0.644545046466963,3.09483483001185,0.14049051195213,0.241777872002738,0.1707434156566,10.3561969665236
"RNAP",0.0469725752508361,0.381383648972167,0.821092988294124,0.896676633148503,4,1.26050857145633,13.0254285739666,0.645298742975451,3.09113400289284,0.14053662213586,0.240589546552926,0.171123601917056,10.3685119653257
"RNAP",0.0465605351170569,0.378038178367148,0.81961111912787,0.895058354252316,4,1.26067292595748,13.0336463425157,0.646056738496051,3.08741678149938,0.140582940466558,0.239396415878858,0.171505062561536,10.3808962092896
"RNAP",0.0461484949832776,0.374692707762129,0.81810903110163,0.893417995299965,4,1.26083831501568,13.0419157483546,0.646819150704451,3.08368272565943,0.140629471781141,0.238198422047002,0.171887779479107,10.3933516270361
"RNAP",0.0457364548494983,0.37134723715711,0.816586410883913,0.891755214117017,4,1.26100474156466,13.0502370785664,0.647586011873937,3.07993168287366,0.140676204166822,0.23699552441025,0.172271744851824,10.4058786843348
"RNAP",0.0453244147157191,0.368001766552091,0.815042917024674,0.890069637822104,4,1.26117222970357,13.0586114848597,0.648357398343491,3.0761635472619,0.14072315513291,0.235787662797384,0.172657006883703,10.4184786809178
"RNAP",0.0449123745819398,0.364656295947072,0.813478222576186,0.88836090937115,4,1.26134077420579,13.0670387139825,0.649133298874985,3.07237835312974,0.140770319015709,0.234574788970736,0.173043606314297,10.4311513211092
"RNAP",0.0445003344481605,0.361310825342053,0.811891969125373,0.886628637358269,4,1.26151040603905,13.0755202960227,0.649913835808794,3.0685756940237,0.140817706527723,0.233356839176703,0.173431524401489,10.4438986147355
"RNAP",0.0440882943143813,0.357965354737034,0.810283813257632,0.88487244675669,4,1.26168110938638,13.0840554738759,0.650698960314223,3.06475570894132,0.140865317018654,0.232133755691333,0.173820834741761,10.4567196243719
"RNAP",0.043676254180602,0.354619884132015,0.808653374503589,0.883091922073892,4,1.26185294709994,13.0926473681182,0.651488907879987,3.06091765042288,0.140913147045952,0.230905485637947,0.174211460239564,10.4696183926708
"RNAP",0.0432642140468227,0.351274413526996,0.807000302050366,0.881286680203801,4,1.26202588660445,13.1012943424611,0.652283568957995,3.05706188290982,0.140961209392897,0.229671965378626,0.174603512373983,10.4825928157979
"RNAP",0.0428521739130435,0.347928942921977,0.805324191097871,0.879456279083474,4,1.26220000622804,13.1100003147106,0.653083227148566,3.05318757785243,0.141009494014591,0.228433147237349,0.174996898535304,10.4956478626156
"RNAP",0.0424401337792642,0.344583472316958,0.803624656904706,0.877600298555113,4,1.26237521841045,13.1187609217583,0.653887583330451,3.04929552628967,0.141058021783377,0.227188926353302,0.175391816691051,10.5087781232135
"RNAP",0.042028093645485,0.341238001711939,0.801901302759438,0.875718305389014,4,1.26255166642789,13.1275833208847,0.654697156584786,3.04538433434386,0.141106775351397,0.225939300622638,0.175788069255582,10.5219925503652
"RNAP",0.0416160535117057,0.33789253110692,0.800153710764282,0.873809843218865,4,1.26272927745467,13.1364638688196,0.655511697799504,3.04145459010967,0.141155775186089,0.224684156518426,0.176185825854767,10.5352866976017
"RNAP",0.0412040133779264,0.334547060501901,0.798381467862178,0.87187446096468,4,1.26290808493931,13.1454042507517,0.656331336990895,3.03750592836345,0.141205015449404,0.223423444892583,0.176585067178122,10.5486627127029
"RNAP",0.0407919732441472,0.331201589896882,0.796584108756871,0.869911650498531,4,1.26308811392899,13.1544056964042,0.657156172965705,3.03353804509109,0.141254504049889,0.222157074976824,0.176985824593244,10.5621221896021
"RNAP",0.0403799331103679,0.327856119291863,0.794761220804226,0.867920961191367,4,1.26326938102838,13.1634690478356,0.657986265175608,3.02955086801397,0.141304237397664,0.220885007865258,0.17738811083683,10.5756660839322
"RNAP",0.0399678929765886,0.324510648686844,0.792912324129139,0.86590186899439,4,1.26345190613186,13.1725952960156,0.65882170677354,3.02554398747949,0.14135422703757,0.219607145845926,0.177791948834614,10.5892958457318
"RNAP",0.0395558528428094,0.321165178081825,0.791036956285253,0.863853868891912,4,1.26363570630586,13.1817853149409,0.659662567189015,3.02151723719102,0.141404473622318,0.218323423334181,0.178197362562963,10.6030125602155
"RNAP",0.0391438127090301,0.317819707476806,0.789134632747551,0.861776431757185,4,1.26382080121498,13.191040060147,0.660508925140384,3.01747036553906,0.141454975456052,0.217033765778744,0.178604362855426,10.6168174895442
"RNAP",0.0387317725752508,0.314474236871787,0.787204854604139,0.859669012752241,4,1.26400720120348,13.2003600596966,0.661360840203516,3.01340307020583,0.141505743128013,0.215738080434024,0.179012985699725,10.6307114781678
"RNAP",0.0383197324414716,0.311128766266768,0.785247112965105,0.857531056142587,4,1.26419496488021,13.209748253835,0.662218520489259,3.00931492065778,0.141556773934885,0.214436313035228,0.17942321211245,10.6446980652366
"RNAP",0.0379076923076923,0.307783295661749,0.783260872441624,0.855361977255531,4,1.26438406154112,13.219203077505,0.66308185235048,3.00520630109655,0.141608082902789,0.213128356742296,0.179835167876379,10.6587751899137
"RNAP",0.037495652173913,0.30443782505673,0.7812456085242,0.853161203299179,4,1.26457454125648,13.2287270657419,0.663951054203941,3.00107637724644,0.141659659069126,0.211814140493041,0.180248806226262,10.6729463784053
"RNAP",0.0370836120401338,0.301092354451711,0.77920074042762,0.850928100025598,4,1.26476641820035,13.2383209106022,0.664826168452884,2.99692517884538,0.14171152262548,0.210493562558288,0.180664193160969,10.6872123057623
"RNAP",0.0366715719063545,0.297746883846692,0.777125725461374,0.848662074788272,4,1.26495971582234,13.247985791456,0.665707318923051,2.99275207803764,0.141763663411886,0.20916654445337,0.181081301339247,10.7015748607055
"RNAP",0.0362595317725753,0.294401413241673,0.775019936107787,0.846362442304967,4,1.26515446706389,13.2577233530908,0.666594607809169,2.98855702935595,0.14181609578311,0.207832983128665,0.181500199966887,10.7160357988244
"RNAP",0.035847491638796,0.291055942636654,0.772882794525559,0.844028571542661,4,1.26535067377783,13.2675336894282,0.667488065044428,2.98433985634339,0.141868820440079,0.20649279107491,0.181920932631136,10.7305953990233
"RNAP",0.0354354515050167,0.287710472031635,0.7707136673513,0.841659770835295,4,1.26554839389471,13.2774196949566,0.668387916592084,2.98009986156196,0.141921838782514,0.205145875448523,0.182343479657287,10.745257406455
"RNAP",0.0350234113712375,0.284365001426616,0.768511905056264,0.839255330863388,4,1.26574762118883,13.2873810587827,0.669294153228073,2.97583703142897,0.141975170863774,0.203792118112342,0.182767902721874,10.7600214891173
"RNAP",0.0346113712374582,0.281019530821597,0.766276844741516,0.836814527706518,4,1.26594839361642,13.2974196807215,0.670206919459107,2.97155100817285,0.142028800425986,0.202431429447699,0.183194238759678,10.774890021745
"RNAP",0.0341993311036789,0.277674060216578,0.764007805594089,0.834336617881196,4,1.26615073805503,13.3075369047392,0.67112632912089,2.9672414617165,0.142082743102218,0.201063701065006,0.183622527231138,10.7898647340162
"RNAP",0.0337872909698997,0.274328589611559,0.761704068302988,0.831820815862066,4,1.26635468287113,13.3177341540108,0.672052512903811,2.96290782595224,0.142137006910001,0.199688809788334,0.184052759356701,10.8049476893874
"RNAP",0.0333752508361204,0.27098311900654,0.759364899383449,0.829266320645277,4,1.2665602570081,13.3280128485461,0.672985559740018,2.95855013289675,0.142191592076204,0.198306653793437,0.18448503353614,10.8201403429663
"RNAP",0.0329632107023411,0.26763764840152,0.756989559837604,0.82667232520637,4,1.2667674894433,13.3383744732341,0.673925619113556,2.95416769084662,0.142246505657622,0.196917112837388,0.184919341515665,10.8354449519427
"RNAP",0.0325511705685619,0.264292177796502,0.754577264550341,0.824037972158445,4,1.26697641050458,13.3488205277826,0.674872781167176,2.94976057717785,0.142301756139566,0.195520077445994,0.185355772397054,10.8508629974444
"RNAP",0.0321391304347826,0.260946707191482,0.752127207608031,0.821362381401523,4,1.26718705974074,13.3593529886954,0.675827263205206,2.94532752430908,0.14235733968169,0.194115401316673,0.185794250322837,10.8663978588341
"RNAP",0.0317270903010033,0.257601236586464,0.749638557880175,0.818644645297485,4,1.26739944766167,13.3699723858211,0.676789066408942,2.94086910767398,0.142413280044222,0.192702968377628,0.18623494669696,10.8820494717562
"RNAP",0.0313150501672241,0.254255765981444,0.74711045211953,0.815883821135037,4,1.26761365208,13.3806826040956,0.67775848753508,2.93638450050298,0.142469570155659,0.191282662003632,0.186677859536591,10.8978227684953
"RNAP",0.0309030100334448,0.250910295376426,0.744542008122065,0.813078945501083,4,1.2678296611197,13.3914830544603,0.678735561353821,2.9318729333343,0.142526215387071,0.189854310235747,0.187122966366644,10.9137179053898
"RNAP",0.0304909698996656,0.247564824771406,0.741932295891214,0.810229002790565,4,1.26804753139507,13.4023765678438,0.679720464528731,2.92733441856,0.142583231588854,0.188417790651127,0.187570383150193,10.9297378263757
"RNAP",0.0300789297658863,0.244219354166387,0.739280355396125,0.807332944599413,4,1.26826730146395,13.4133650671028,0.68071334798587,2.92276856152158,0.14264062238684,0.1869729573185,0.188020161379728,10.9458849439476
"RNAP",0.029666889632107,0.240873883561368,0.736585231061849,0.804389727389635,4,1.26848899836911,13.424449920304,0.681714352487854,2.91817473149973,0.142698395461424,0.185519663022448,0.188472320359213,10.9621613305676
"RNAP",0.0292548494983278,0.237528412956349,0.733845856448655,0.80139818655308,4,1.26871266994827,13.4356334818005,0.68272366118124,2.9135524824971,0.142756561926441,0.184057732563657,0.188926932540374,10.9785698994348
"RNAP",0.0288428093645485,0.23418294235133,0.731061208819987,0.798357205207755,4,1.26893835735268,13.4469178696842,0.683741448932893,2.90890130447513,0.142815114599257,0.18258702952056,0.189384029357302,10.9951133980585
"RNAP",0.0284307692307692,0.230837471746311,0.728230146620647,0.795265536715479,4,1.26916610427054,13.4583052320584,0.684767910544214,2.90422045018862,0.142874081195857,0.181107352935508,0.189843635564162,11.0117948170014
"RNAP",0.02801872909699,0.227492001141292,0.725351554762374,0.79212196334135,4,1.2693959554414,13.4697977800894,0.685803185468794,2.89950998863603,0.142933459675469,0.179618560834568,0.190305911428173,11.0286164004312
"RNAP",0.0276066889632107,0.224146530536273,0.722424249880249,0.788925192788776,4,1.2696279554775,13.4813977712467,0.686847502780016,2.89476880905088,0.142993262527619,0.178120459408325,0.190770801500083,11.0455816425607
"RNAP",0.0271946488294314,0.220801059931254,0.719446977806883,0.785673855441153,4,1.26986217763887,13.4931088821244,0.687901159565924,2.88999598183984,0.143053488791371,0.176612857831327,0.191238336357185,11.0626953503586
"RNAP",0.0267826086956522,0.217455589326235,0.71641847363252,0.782366569950643,4,1.27009864330025,13.5049321647246,0.688964200697803,2.88519199849865,0.143114165290085,0.175095578947372,0.191708723624516,11.0799580930149
"RNAP",0.0263705685618729,0.214110118721216,0.713337399814093,0.779001875650027,4,1.27033738854886,13.5168694275412,0.690036838363375,2.88035565556742,0.143175294864748,0.173568394522966,0.192181948440271,11.0973729927459
"RNAP",0.0259585284280937,0.210764648116197,0.710202378866144,0.775578268252896,4,1.27057849565375,13.5289247885233,0.69111933545106,2.87548688822351,0.143236890695926,0.172031130988829,0.192658166745166,11.1149444196457
"RNAP",0.0255464882943144,0.207419177511178,0.707011927898873,0.772094128365766,4,1.27082202186569,13.5411010953009,0.692212051793355,2.87058334032386,0.143298943446103,0.170483513721051,0.193137194713705,11.1326777773206
"RNAP",0.0251344481605351,0.204073706906159,0.703764581777051,0.76854785598408,4,1.27106801129137,13.553400562835,0.693315055758279,2.86564616223358,0.143361489583492,0.168925369165278,0.193619373656176,11.1505741752318
"RNAP",0.0247224080267559,0.20072823630114,0.700458754719131,0.76493771935117,4,1.27131653680591,13.5658268389938,0.694428689391879,2.86067380150136,0.143424535009232,0.167356440151838,0.194104659123591,11.1686390188129
"RNAP",0.0243103678929766,0.197382765696121,0.697092809606451,0.761261930647541,4,1.27156765631912,13.5783828177335,0.695553189403137,2.85566571019618,0.143488083322826,0.165776485839571,0.19459315864201,11.1868758955787
"RNAP",0.0238983277591973,0.194037295091102,0.693665034114315,0.757518619924765,4,1.27182145256107,13.5910726232963,0.696688894356066,2.85062084886021,0.143552162743295,0.164185249014852,0.195084897383264,11.2052901658302
"RNAP",0.0234862876254181,0.190691824486083,0.690173641048381,0.753705835472831,4,1.27207796683467,13.6038983407325,0.697835949222728,2.84553929890805,0.143616770186364,0.162582470672988,0.195580134402961,11.2238839306676
"RNAP",0.0230742474916388,0.187346353881064,0.686616761819229,0.749821536694031,4,1.27233730586989,13.6168652932337,0.698994826764636,2.84041915178919,0.143681929582551,0.160967864828751,0.196078760041425,11.2426647000506
"RNAP",0.0226622073578595,0.184000883276045,0.682992440921556,0.745863588073952,4,1.27259952651387,13.6299763237552,0.700165799363456,2.83525940313952,0.143747641240142,0.15934112762074,0.196580884945446,11.2616364798377
"RNAP",0.0222501672240803,0.180655412671026,0.679298626605788,0.741829748994386,4,1.27286469834656,13.6432349196333,0.701349091510588,2.83006014878408,0.14381394467864,0.157701968814534,0.197086733784047,11.2808027849365
"RNAP",0.021838127090301,0.177309942066007,0.675533174305171,0.737717677475893,4,1.27313291766098,13.6566458835389,0.702545120966607,2.82481991741241,0.143880841002037,0.156050068440341,0.197596341110995,11.3001701522287
"RNAP",0.0214260869565217,0.173964471460988,0.671693830958132,0.733524913056998,4,1.27340429078404,13.670214539194,0.703754325328111,2.81953745413687,0.143948350624842,0.154385096647796,0.198109770853759,11.3197454290039
"RNAP",0.0210140468227425,0.170619000855969,0.667778243294617,0.729248885843305,4,1.27367888518281,13.6839442482565,0.704976982432821,2.81421212685037,0.144016487599966,0.15270670540781,0.198627205623623,11.339532761003
"RNAP",0.0206020066889632,0.16727353025095,0.663783914562865,0.724886869250863,4,1.27395679998011,13.6978399855932,0.70621350015402,2.80884284857283,0.144085271506988,0.151014524332966,0.199148776320519,11.359538459831
"RNAP",0.0201899665551839,0.163928059645931,0.659708189537987,0.720435963634753,4,1.27423814482223,13.7119072412655,0.707464351822294,2.80342806501781,0.14415473689521,0.149308144233623,0.199674543880296,11.3797698352416
"RNAP",0.0197779264214047,0.160582589040912,0.655548379329715,0.715893232585692,4,1.27452302950339,13.7261514755799,0.708729955510825,2.79796697566636,0.144224885446532,0.14758720180102,0.200204691394367,11.4002334203079
"RNAP",0.0193658862876254,0.157237118435893,0.651301559292789,0.711255482237575,4,1.27481155990171,13.7405779951781,0.710010772859546,2.79245814659246,0.144295743186622,0.145851253394328,0.200739342460018,11.4209362234244
"RNAP",0.0189538461538462,0.153891647830874,0.646964663434232,0.706519364365169,4,1.27510387952489,13.7551939763012,0.711307386188719,2.78689996661231,0.144367333975403,0.144099855515359,0.201278600721499,11.441887378722
"RNAP",0.0185418060200669,0.150546177225855,0.642534458470976,0.701681348053688,4,1.27540007274049,13.7700036367853,0.712620163391276,2.78129149848552,0.14443969093551,0.142332523123597,0.201822693118644,11.4630922375134
"RNAP",0.0181297658862876,0.147200706620836,0.638007523570526,0.696737697574525,4,1.27570030035125,13.7850150174311,0.71394974983517,2.77563106646391,0.14451282877714,0.140548769722396,0.202371756918588,11.4845609242825
"RNAP",0.0177177257525084,0.143855236015817,0.633380235892415,0.691684456595766,4,1.27600471460426,13.8002357300906,0.715296754725418,2.7699171811515,0.144586783841129,0.138748073263208,0.20292597175413,11.5063029009628
"RNAP",0.0173056856187291,0.140509765410798,0.62864875429633,0.686517430390615,4,1.27631345012829,13.8156725062704,0.716661790995723,2.76414770017604,0.144661579504993,0.13692985929997,0.203485448645181,11.5283273912547
"RNAP",0.0168936454849498,0.137164294805779,0.623809005147258,0.681232170335857,4,1.27662671046504,13.8313355234468,0.718045603806534,2.75832143075664,0.144737245714945,0.135093571420204,0.204050468348627,11.5506462487905
"RNAP",0.0164816053511706,0.13381882420076,0.618856643024502,0.675823931004048,4,1.27694456841101,13.8472284242115,0.719448607566052,2.75243666973227,0.144813824705709,0.133238532201446,0.204621271053988,11.5732649800446
"RNAP",0.0160695652173913,0.130473353595741,0.61378708773358,0.670287710582451,4,1.27726731143347,13.8633655782549,0.720871911724334,2.74649067937147,0.144891336227987,0.131364128615934,0.205197941510543,11.5962014360016
"RNAP",0.015657525083612,0.127127882990722,0.608595338688125,0.664618048168328,4,1.27759505919435,13.8797529602457,0.722316033648259,2.74048236486766,0.144969841528349,0.129469601601885,0.205780892987181,11.6194629215251
"RNAP",0.0152454849498328,0.123782412385703,0.60327620776275,0.658809278056493,4,1.27792807380672,13.8964036892191,0.72378205541108,2.73440853515445,0.145049358208582,0.127554233519902,0.206370211214779,11.6430664411325
"RNAP",0.0148334448160535,0.120436941780684,0.597824059811446,0.652855246371775,4,1.27826653976015,13.9133269870837,0.725270736385702,2.72826753819779,0.145129941183484,0.125617207960204,0.206966273351961,11.6670232771354
"RNAP",0.0144214046822742,0.117091471175665,0.592232852389211,0.646749354447133,4,1.27861073629109,13.9305368184292,0.726783260037095,2.72205575271024,0.14521162797546,0.123657657856506,0.207569205097359,11.6913517396426
"RNAP",0.014009364548495,0.113746000570646,0.586496118931358,0.640484540454573,4,1.27896089863285,13.9480449299278,0.72832049627157,2.71577214192005,0.14529448328638,0.121674679422029,0.20817956791904,11.7160651251984
"RNAP",0.0135973244147157,0.110400529965627,0.580606896191789,0.634053200163933,4,1.27931727271444,13.9658636357255,0.729883565707574,2.70941301549594,0.145378555270702,0.119667253877048,0.20879758872243,11.7411800552427
"RNAP",0.0131852842809365,0.107055059360608,0.574557670995056,0.62744712879334,4,1.27968024269537,13.9840121273026,0.731474024961503,2.702974147987,0.145463883755655,0.117634336292253,0.209423430274791,11.7667209308653
"RNAP",0.0127732441471572,0.103709588755589,0.568340326730561,0.620657462578075,4,1.28005004074053,14.0025020474503,0.733092805640856,2.69645416354321,0.145550558260982,0.11557476419906,0.210057812673597,11.7927012555657
"RNAP",0.0123612040133779,0.10036411815057,0.56194607262946,0.613674601537228,4,1.28042705464531,14.0213527349241,0.734741524843851,2.68984857854045,0.145638636084593,0.113487297895685,0.210701006442511,11.8191458160892
"RNAP",0.0119491638795987,0.0970186475455512,0.555365348856139,0.606488105828623,4,1.28081164948991,14.040582474481,0.736421715253169,2.68315352049538,0.145728184728986,0.111370580387462,0.211353499059532,11.8460776615394
"RNAP",0.0115371237458194,0.0936731769405322,0.548587768211918,0.599086632086193,4,1.28120431685669,14.060215842673,0.738135354056682,2.6763640934621,0.145819296926704,0.109223172360604,0.212015632522915,11.8735274633368
"RNAP",0.0111250836120401,0.0903277063355132,0.541601968423098,0.59145777211078,4,1.28160544222503,14.0802721127595,0.739884058675141,2.66947664486443,0.145912060640748,0.107043460949735,0.212688141839159,11.9015190447233
"RNAP",0.0107130434782609,0.0869822357304941,0.534395504868193,0.583587935722645,4,1.28201553490043,14.1007767458588,0.741669937370187,2.66248598647631,0.146006562027002,0.104829705247416,0.213371591384995,11.9300843001757
"RNAP",0.0103010033444816,0.0836367651254752,0.526954696683895,0.575462182701101,4,1.28243517131357,14.1217585652296,0.743495365581843,2.65538623786705,0.146102927588375,0.102579993889488,0.214066557195776,11.9592593092119
"RNAP",0.00988896321070235,0.0802912945204562,0.519264460815056,0.567064041558385,4,1.28286495069992,14.1432475336714,0.745362798013757,2.64817200325704,0.146201247077433,0.100292233286445,0.214773880518848,11.9890808856728
"RNAP",0.00947692307692308,0.0769458239154371,0.511308068070331,0.558375243139622,4,1.28330554417399,14.1652772087094,0.747275004716053,2.6408366982303,0.146301699971998,0.0979640846706847,0.215494358769209,12.0195907308006
"RNAP",0.00906488294314381,0.0736003533104181,0.503066951108624,0.549375510933945,4,1.28375783817364,14.1878919172744,0.749235649915949,2.63337081313077,0.146404372120545,0.0955930016451617,0.216228543051992,12.0508449334252
"RNAP",0.00865284280936456,0.0702548827053992,0.494520309509011,0.540042129790123,4,1.28422249667158,14.2111248385656,0.751247481571683,2.62576938815397,0.146509476056287,0.0931760695445177,0.216977945688247,12.0828830710963
"RNAP",0.00824080267558529,0.0669094121003802,0.485644851886579,0.530349664293531,4,1.2847005708805,14.2350285444803,0.753314820301618,2.61802202183745,0.146617194739192,0.0907100953333332,0.217743464166324,12.115770680925
"RNAP",0.00782876254180602,0.0635639414953611,0.476414241091923,0.520269352894877,4,1.28519315421821,14.2596577104473,0.755442208049058,2.61011810332204,0.146727710753187,0.088191453700435,0.218526316457044,12.1495756824163
"RNAP",0.00741672240802677,0.0602184708903422,0.466798536752348,0.509768499135944,4,1.28570151760851,14.2850758784451,0.757634817141735,2.6020466466571,0.146841297749356,0.0856160430653851,0.219328021761156,12.1843755979787
"RNAP",0.0070046822742475,0.0568730002853232,0.456763569574654,0.498809788355398,4,1.28622701841406,14.3113509198123,0.759898319268621,2.59379500676295,0.146958223926181,0.0829791748125954,0.220150300715586,12.2202541547156
"RNAP",0.00659264214046823,0.0535275296803041,0.446269902261047,0.487350152954425,4,1.28677137980304,14.3385689938962,0.762239805274933,2.58534744287136,0.14707880220867,0.0802754769370211,0.220994932627596,12.2573173767059
"RNAP",0.00618060200668896,0.0501820590752851,0.435271791024186,0.475339638316674,4,1.28733655092211,14.3668275459588,0.764667284401067,2.57668696399723,0.147203412768212,0.0774987350829578,0.22186417004538,12.2956842997792
"RNAP",0.00576856187290971,0.0468365884702662,0.423715554574199,0.462719621656477,4,1.28792475997475,14.3962379983165,0.767189997643475,2.56779413030562,0.147332505096315,0.0746416547788622,0.222760726452911,12.3354910179106
"RNAP",0.00535652173913044,0.0434911178652471,0.411537589606388,0.449420644827284,4,1.28853877447848,14.426938724104,0.769819321203568,2.55864547660599,0.147466592494966,0.0716956494326274,0.223687706166409,12.3769059142583
"RNAP",0.00494448160535117,0.0401456472602281,0.398661613404222,0.435359403099419,4,1.28918191595005,14.4590957977923,0.772568985472967,2.54921253165469,0.147606334611632,0.0686504365724265,0.224648745933628,12.4201313282738
"RNAP",0.0045324414715719,0.0368001766552091,0.384994796196981,0.420434521491667,4,1.28985821275994,14.4929106379826,0.775455628638731,2.53946214840898,0.147752500610209,0.0654935438597549,0.225648485683404,12.4654112709441
"RNAP",0.00412040133779265,0.0334547060501901,0.370422417176426,0.404520718861027,4,1.29057272174298,14.5286360727599,0.778500104133927,2.52935382406087,0.147906071675711,0.06220962278231,0.226692663081677,12.5130508689374
"RNAP",0.00370836120401338,0.0301092354451711,0.354799727299142,0.387459921655841,4,1.29133196832553,14.5665984157604,0.781729386949658,2.51883504212822,0.148068293966247,0.0587793680178191,0.227788251697578,12.563444197416
"RNAP",0.00329632107023412,0.0267637648401521,0.337939942504333,0.369048151879526,4,1.29214429565352,14.607214781671,0.785177909406238,2.50784308813889,0.148240800082571,0.0551779586435339,0.228944940773333,12.6170903662878
"RNAP",0.00288428093645485,0.023418294235133,0.319594906399074,0.349014409728072,4,1.29302116826295,14.6510584152252,0.788893039804788,2.49629169622815,0.148425761908997,0.0513725677654825,0.230174984837216,12.6746754620761
"RNAP",0.00247224080267559,0.0200728236301141,0.299422668486241,0.326985267313485,4,1.29397855069284,14.6989275345816,0.792940834563805,2.48406524776372,0.148626239800215,0.0473181340346363,0.231495628444062,12.7371500886143
"RNAP",0.00206020066889633,0.0167273530250951,0.276929266008395,0.302421291382097,4,1.29503995835623,14.7519979178539,0.797418505679154,2.47100231914692,0.148846760860314,0.0429498746063999,0.232932302470816,12.8059052493109
"RNAP",0.00164816053511706,0.013381882420076,0.251353819335294,0.274491561447672,4,1.2962425042262,14.812125214381,0.802479759411963,2.45685938408503,0.149094365915625,0.0381685000098401,0.234524520917942,12.8831246499661
"RNAP",0.00123612040133779,0.010036411815057,0.221410258513265,0.241791621629459,4,1.29765104110689,14.8825520531435,0.808393360558682,2.44123811135136,0.149381365860716,0.0328071512895805,0.23634009604385,12.9725958387184
"RNAP",0.000824080267558536,0.00669094121003807,0.184579426880515,0.201570420650595,4,1.29939835026185,14.9699175129963,0.815710548820341,2.42339024615843,0.149732691622959,0.0265411818069838,0.238514342426631,13.082003675074
"RNAP",0.000412040133779268,0.00334547060501904,0.134322022983022,0.146686698148941,4,1.30185289011686,15.092644505881,0.825965370524761,2.40152367358611,0.150216769900664,0.0185351476563527,0.241413445125128,13.2323770822464
"RNAP",0,0,9.89476823364585e-23,1.08056061761815e-22,4,1.26559297776356,13.2796488881781,0.72172954838942,2.2638890589178,0.203101661068708,2.36314365886e-19,0.225211902159623,11.5326832386493
"RNAP",0.1232,1.00029571090068,0.915706894366538,0.999999983798833,4,1.24080863667524,12.0404318336674,0.551861132511355,3.583197504843,0.134280431869051,0.405917683130393,0.11416684861972,8.83685373852632
"RNAP",0.1252,1.01653427763608,0.915670967338164,0.999960749598443,4,1.24047929203969,12.023964502784,0.55025290667211,3.59222287140958,0.134160356255192,0.409167992289808,0.112931807831153,8.81043754692429
"RNAP",0.1272,1.03277284437148,0.915567399888406,0.999847648508217,4,1.24015663717311,12.0078319071176,0.548675786897616,3.60109139742078,0.134042028300557,0.412373832410822,0.111707695254436,8.78453143407531
"RNAP",0.1292,1.04901141110688,0.915398606294224,0.999663317045294,4,1.23984058025546,11.9920289589255,0.547129365542798,3.60980426462862,0.133925439444037,0.41553562386493,0.110494343394114,8.75912886448587
"RNAP",0.1312,1.06524997784229,0.91516688595881,0.999410266278629,4,1.23953097175736,11.9765485770174,0.5456130378113,3.6183639582724,0.133810548277119,0.418653899744058,0.109291741255328,8.73421990724069
"RNAP",0.1332,1.08148854457769,0.914874446305525,0.999090906830375,4,1.23922769222734,11.9613847363914,0.544126298847185,3.62677230887567,0.133697351196287,0.421729073703218,0.10809983260848,8.70979637571423
"RNAP",0.1352,1.09772711131309,0.914523400070474,0.998707545919233,4,1.23893062881677,11.9465314425098,0.542668626199435,3.63503149125004,0.133585827232169,0.42476162853559,0.106918580526636,8.68584977495091
"RNAP",0.1372,1.11396567804849,0.914115657891212,0.99826227006168,4,1.23863957078072,11.9319785408097,0.541239145757664,3.64314519590475,0.133475919588515,0.427752710806324,0.105747637038233,8.66236572779475
"RNAP",0.1392,1.13020424478389,0.913653484662708,0.997757552641882,4,1.2383546627225,11.9177331441562,0.539838572172114,3.65110900016665,0.133367702869334,0.430700523247386,0.104587787759768,8.63935616863671
"RNAP",0.1412,1.14644281151929,0.913138413318784,0.997195067704019,4,1.23807553904144,11.9037769105246,0.538465224652652,3.65893123114707,0.133261063892526,0.43360772541043,0.103438181496895,8.61679342901674
"RNAP",0.1432,1.16268137825469,0.912572331991479,0.996576877187362,4,1.23780217531826,11.8901087651443,0.53711904781343,3.66661157732243,0.133156021278044,0.436473986926631,0.102299049777674,8.59467668640362
"RNAP",0.1452,1.17891994499009,0.911956955351413,0.995904853602215,4,1.23753446977248,11.8767234733235,0.535799605876735,3.6741516624183,0.133052552193593,0.439299685794215,0.10117034895552,8.57299881378761
"RNAP",0.1472,1.19515851172549,0.911293923378796,0.99518078789303,4,1.23727231335392,11.8636156674213,0.534506414849113,3.68155368946717,0.132950636655575,0.442085269093706,0.100052071807302,8.55175194302882
"RNAP",0.1492,1.21139707846089,0.910584815910287,0.994406405324347,4,1.23701561166345,11.850780583205,0.533239072689,3.68881918681951,0.132850267974771,0.444831094988834,0.0989441757966092,8.5309295289435
"RNAP",0.1512,1.22763564519629,0.909831149043068,0.99358336155385,4,1.23676425797343,11.8382128986231,0.531997137129661,3.69594984914349,0.1327514238473,0.447537542127394,0.097846625567404,8.51052426726346
"RNAP",0.1532,1.24387421193169,0.909034383148251,0.992713251383435,4,1.23651816068157,11.8259079822618,0.530780189872459,3.70294760728828,0.132654072920203,0.450205022376134,0.0967594157249584,8.49052935889837
"RNAP",0.1552,1.26011277866709,0.908195913391693,0.991797598407431,4,1.23627722308915,11.8138611633241,0.529587828263484,3.70981406649973,0.132558231376323,0.452833893897815,0.0956824901675009,8.47093824562185
"RNAP",0.1572,1.27635134540249,0.907317097064781,0.990837884859263,4,1.23604135033043,11.8020675257651,0.528419629527815,3.71655103645986,0.132463846712639,0.455424547143163,0.0946158517146991,8.45174397325468
"RNAP",0.1592,1.2925899121379,0.906399227635839,0.989835523274221,4,1.23581045154526,11.7905225839895,0.527275200497066,3.72316018572713,0.132370924424144,0.457977347193003,0.0935594613996793,8.43294012054626
"RNAP",0.1612,1.3088284788733,0.905443559486883,0.988791883503293,4,1.2355844366141,11.7792218287151,0.526154142085591,3.72964328540987,0.132279444387414,0.460492667126693,0.092513307116686,8.41452016811649
"RNAP",0.1632,1.3250670456087,0.904451291885486,0.987708275209608,4,1.23536321500701,11.7681607450034,0.525056069032765,3.73600190903513,0.132189389082652,0.462970871149433,0.0914773518640383,8.39647778589298
"RNAP",0.1652,1.3413056123441,0.903423588285958,0.986585968946325,4,1.23514669909923,11.7573349721272,0.523980580756863,3.74223798782198,0.132100746134223,0.465412346015603,0.0904515925208859,8.3788064362814
"RNAP",0.1672,1.3575441790795,0.90236156657556,0.985426185505002,4,1.23493480155056,11.7467400696148,0.522927314567783,3.74835283618076,0.132013500675294,0.467817413903271,0.0894359804383268,8.36150013201282
"RNAP",0.1692,1.3737827458149,0.901266303098915,0.984230100310451,4,1.23472746120909,11.7363730701293,0.521895962815242,3.75434822935321,0.131927630651278,0.47018647867252,0.0884304869683468,8.34455396652019
"RNAP",0.1712,1.3900213125503,0.900138837016955,0.982998848180943,4,1.23452455548999,11.7262277797432,0.520885999969699,3.76022642588088,0.131843118641659,0.472519944119537,0.0874351505993704,8.32795914666604
"RNAP",0.1732,1.4062598792857,0.898980171804116,0.981733524963225,4,1.23432603123457,11.7163014545992,0.51989717849164,3.76598846118559,0.131759960751542,0.474818114275071,0.0864498844084147,8.31171174029693
"RNAP",0.1752,1.4224984460211,0.897791274524185,0.980435186741699,4,1.23413178658351,11.7065892615285,0.51892907978144,3.77163618792035,0.131678136373704,0.477081365331484,0.0854746904035638,8.29580480173113
"RNAP",0.1772,1.4387370127565,0.896573073307483,0.979104847083387,4,1.23394175522219,11.6970877158674,0.51798137419163,3.77717125832464,0.131597626391576,0.479310082371268,0.0845095249256941,8.28023300399387
"RNAP",0.1792,1.4549755794919,0.895326473809283,0.977743495011373,4,1.23375588275925,11.6877941488564,0.517053822574865,3.78259479481134,0.131518431979004,0.481504565713263,0.0835543256091013,8.26499240170971
"RNAP",0.1812,1.4712141462273,0.894052022546676,0.976351727351001,4,1.23357395132105,11.6786975683933,0.516145427174789,3.7879116658445,0.131440490177951,0.483665900272022,0.0826089969918705,8.25006653044369
"RNAP",0.1832,1.4874527129627,0.892751523838605,0.974931514513245,4,1.23339615986662,11.6698079637696,0.515257122864054,3.79311688192409,0.131363877567173,0.485792599541298,0.0816739672529673,8.23547092571247
"RNAP",0.1852,1.5036912796981,0.891424823966288,0.973482688629128,4,1.23322217361779,11.6611086568949,0.514387384785856,3.79821810381728,0.131288490625781,0.487886822058119,0.0807487016248164,8.22118033179188
"RNAP",0.1872,1.51992984643351,0.890073025172873,0.972006453406011,4,1.23305203390388,11.6526016917112,0.513536348082732,3.80321502939903,0.131214345158732,0.489948374005363,0.0798333173295309,8.20719719637008
"RNAP",0.1892,1.53616841316891,0.888696890949828,0.970503642616646,4,1.23288566857055,11.6442835825673,0.512703747329132,3.80810847551661,0.131141432337649,0.491977510375799,0.0789277456991856,8.19351703573334
"RNAP",0.1912,1.55240697990431,0.887297137724502,0.968975038637294,4,1.23272296569013,11.6361482800176,0.511888994951383,3.81290162494747,0.131069744415779,0.493974777201832,0.0780320458695262,8.18013025184995
"RNAP",0.1932,1.56864554663971,0.885874485487392,0.967421427735363,4,1.23256384408372,11.6281921278751,0.51109183562266,3.81759505371854,0.130999242164109,0.495940413983766,0.0771461350498518,8.16703245912218
"RNAP",0.1952,1.58488411337511,0.884429621304869,0.965843560223386,4,1.23240828896799,11.6204142453892,0.51031207530701,3.82219068076884,0.130929930614796,0.4978748546513,0.0762699681966059,8.15422076856914
"RNAP",0.1972,1.60112268011051,0.882963183269871,0.964242132932338,4,1.23225618736057,11.6128093828136,0.509549326471156,3.82668958441784,0.130861785075259,0.499778403008199,0.0754034761188827,8.14168859149235
"RNAP",0.1992,1.61736124684591,0.881475833742975,0.962617869194727,4,1.23210750644329,11.605375323468,0.508803275207594,3.83109432769251,0.130794797836744,0.501651552959631,0.0745466773348587,8.12943098769737
"RNAP",0.2012,1.63359981358131,0.879968178184042,0.960971430204498,4,1.23196215319915,11.5981076879883,0.508073611952269,3.83540557493201,0.130728953208125,0.503494552434349,0.0736994726061118,8.1174426994446
"RNAP",0.2032,1.64983838031671,0.87844081701303,0.959303471651752,4,1.23182005519447,11.5910027449406,0.507359936519253,3.8396258934879,0.130664231657835,0.505307903427353,0.0728618822363844,8.10571720414819
"RNAP",0.2052,1.66607694705211,0.876894327090728,0.957614623498744,4,1.23168113072646,11.5840565971795,0.506661950538448,3.84375618950886,0.130600610452738,0.50709189053269,0.0720338245392639,8.09424950637859
"RNAP",0.2072,1.68231551378751,0.875329268018807,0.955905496859867,4,1.23154539282939,11.5772696887258,0.505979580884404,3.8477978404131,0.130538101838773,0.508846895644314,0.0712152025336914,8.08303865615149
"RNAP",0.2092,1.69855408052291,0.873746180482507,0.954176682191777,4,1.23141268523035,11.5706342561723,0.505312242590244,3.85175262342664,0.130476666726621,0.510573278910953,0.070406021024371,8.07207472283071
"RNAP",0.2112,1.71479264725831,0.872145593739402,0.95242875747152,4,1.23128295391268,11.5641480569735,0.504659638774829,3.85562284899365,0.130416292940662,0.51227152653184,0.0696062657004296,8.06135300183356
"RNAP",0.2132,1.73103121399371,0.870527996776878,0.950662256698981,4,1.23115622301882,11.5578111498581,0.504021736515846,3.85940906187085,0.130356980091802,0.513941930635197,0.0688157829514434,8.05087300481744
"RNAP",0.2152,1.74726978072911,0.868893901276487,0.94887773865727,4,1.2310323406596,11.5516173081746,0.503398023767122,3.86311320575581,0.130298703057486,0.515584867521889,0.0680345848865883,8.04062622767183
"RNAP",0.2172,1.76350834746452,0.86724376252395,0.947075700542285,4,1.23091130206963,11.5455650420086,0.502788337274068,3.86673635757422,0.130241450384053,0.517200690427176,0.0672625611146158,8.03061001950069
"RNAP",0.2192,1.77974691419992,0.865578053082545,0.945256658417926,4,1.23079299373947,11.5396496717792,0.502192215007634,3.87028119375727,0.13018520451581,0.518789905272237,0.0664997384679595,8.02081674766776
"RNAP",0.2212,1.79598548093532,0.863897214345301,0.943421094308544,4,1.2306773893077,11.5338694455896,0.501609530489631,3.87374796201891,0.130129953042874,0.520352732584575,0.0657459781214112,8.01124433373366
"RNAP",0.2232,1.81222404767072,0.86220167605117,0.941569477511628,4,1.23056442342619,11.5282211724968,0.501039948267896,3.8771387614917,0.130075676528174,0.521889634631216,0.0650012477535902,8.00188730114509
"RNAP",0.2252,1.82846261440612,0.860491858350498,0.939702266853403,4,1.23045404857698,11.5227024219289,0.500483237023165,3.88045481343806,0.13002237474939,0.523400943638346,0.0642654745092852,7.99274184807539
"RNAP",0.2272,1.84470118114152,0.858768160162568,0.937819897974662,4,1.23034621256321,11.517310480819,0.499939108386035,3.88369799483228,0.129970014745969,0.524887112904203,0.0635386013960498,7.98380324600954
"RNAP",0.2292,1.86093974787692,0.857030976489896,0.935922802238882,4,1.23024083604529,11.5120417352004,0.499407290823675,3.88686900143818,0.129918594773574,0.526348383904696,0.0628205416766097,7.97506698459372
"RNAP",0.2312,1.87717831461232,0.855280674042627,0.934011380112785,4,1.23013785933349,11.5068929869184,0.498887445871711,3.88997000762167,0.129868104784462,0.527785232911039,0.0621112475151292,7.96652749612555
"RNAP",0.2332,1.89341688134772,0.853517638038526,0.932086052274385,4,1.23003726223343,11.5018631074842,0.49837945424596,3.89300179359064,0.129818517820231,0.529197959764696,0.0614106291546666,7.95818282567485
"RNAP",0.2352,1.90965544808312,0.851742215849309,0.930147198071828,4,1.22993897828514,11.4969489048272,0.49788300567414,3.89596605275361,0.129769815619014,0.530586975765108,0.0607186238832163,7.95002790854929
"RNAP",0.2372,1.92589401481852,0.849954752625347,0.928195194427431,4,1.22984295729124,11.4921477393451,0.497397819219975,3.89886455025048,0.129722010261607,0.531952681473991,0.0600351736675472,7.94205815550617
"RNAP",0.2392,1.94213258155392,0.848155579361793,0.926230402805271,4,1.22974912847534,11.4874564215709,0.49692366543529,3.90169784765414,0.129675067359493,0.533295333821492,0.0593601761918124,7.9342696796746
"RNAP",0.2412,1.95837114828932,0.846345021899785,0.924253179040971,4,1.22965747063958,11.4828734804632,0.496460326316389,3.90446786187068,0.129628974807222,0.534615390121165,0.0586935750252461,7.92665898797154
"RNAP",0.2432,1.97460971502472,0.844523394504824,0.922263866328951,4,1.22956791062674,11.4783955466569,0.496007513106335,3.90717581768955,0.129583717378179,0.535913183989883,0.05803529413225,7.91922130475374
"RNAP",0.2452,1.99084828176013,0.842690997065718,0.920262792163526,4,1.22948040885497,11.4740203415725,0.495564999675904,3.90982303801506,0.129539293934363,0.537189068763784,0.0573852504936496,7.91195288793342
"RNAP",0.2472,2.00708684849553,0.840848129030978,0.918250283558183,4,1.22939492670523,11.4697463279924,0.495132618144987,3.91241061251931,0.129495672876003,0.538443391916063,0.0567433637111458,7.9048510378913
"RNAP",0.2632,2.13699538237873,0.825760590412765,0.90177389961197,4,1.22877811753744,11.4389058859946,0.492010458035469,3.93111543567395,0.129174387671494,0.547743270319292,0.0518922254668601,7.8535732267752
"RNAP",0.2652,2.15323394911413,0.823835303885584,0.899671385687664,4,1.22870876128841,11.4354380164078,0.49165915999356,3.93322209133656,0.129137490195527,0.548819029783252,0.0513201038766758,7.84780402330765
"RNAP",0.2672,2.16947251584953,0.82190203379313,0.897560153291112,4,1.22864098840844,11.4320493024039,0.491315866168571,3.9352808419897,0.129101280491486,0.549876569439348,0.0507553101888324,7.84216635654167
"RNAP",0.2692,2.18571108258493,0.819960990235536,0.895440431862685,4,1.22857474759073,11.4287373595842,0.490980366271715,3.9372927284807,0.129065727930935,0.550916212553296,0.0501977650776111,7.83665668963961
"RNAP",0.2712,2.20194964932033,0.818012376147861,0.893312443018118,4,1.22851003018021,11.4255014702408,0.490652498474834,3.93925942491225,0.12903084134412,0.551938364448036,0.0496473953069138,7.83127254615776
"RNAP",0.2732,2.21818821605574,0.816056390975535,0.891176404562286,4,1.22844679153975,11.4223395684599,0.490332080440066,3.94118181907133,0.128996606261944,0.552943311124364,0.0491041120687973,7.82601086402503
"RNAP",0.2752,2.23442678279114,0.814093223353782,0.889032522494756,4,1.22838499014042,11.4192495067101,0.490018952656516,3.94306037681621,0.128963000020529,0.553931280453536,0.0485678163435798,7.82086893275705
"RNAP",0.2772,2.25066534952654,0.812123064353822,0.886881005475323,4,1.22832458208405,11.4162293548822,0.489712912952069,3.94489631074528,0.128930018827557,0.554902597634962,0.0480384331168609,7.81584349267567
"RNAP",0.2792,2.26690391626194,0.810146079573689,0.884722034345733,4,1.22826556024092,11.4132780466485,0.489413804219827,3.94669103014669,0.128897652204477,0.555857640180194,0.0475158788961554,7.81093198735748
"RNAP",0.2812,2.28314248299734,0.808162460356071,0.882555818062243,4,1.22820785895475,11.4103929623082,0.489121470441421,3.94844453038917,0.12886587885215,0.556796544136423,0.0470000545832331,7.80613169410953
"RNAP",0.2832,2.29938104973274,0.806172365750512,0.880382530315301,4,1.22815146919729,11.4075734754344,0.488835728241288,3.9501588943727,0.128834702543492,0.557719781074511,0.0464908996174196,7.80143982025577
"RNAP",0.2852,2.31561961646814,0.804175965272407,0.878202356224615,4,1.22809634677436,11.4048173513159,0.48855644160066,3.95183418055227,0.128804105114873,0.55862749895589,0.0459883080738283,7.79685397655253
"RNAP",0.2872,2.33185818320354,0.802173417204496,0.876015468643242,4,1.22804246755182,11.4021233861199,0.488283429471309,3.95347200548477,0.128774070941775,0.55952010169662,0.0454922152074941,7.79237126224589
"RNAP",0.2892,2.34809674993894,0.800164875217479,0.873822035387652,4,1.22798979954521,11.399489977843,0.488016554753053,3.95507294305636,0.1287445940643,0.560397815575043,0.0450025324234831,7.78798941113338
"RNAP",0.2912,2.36433531667434,0.798150490055058,0.871622221077879,4,1.22793830023967,11.396915484632,0.48775567040514,3.95663769354272,0.128715668495043,0.561260879164499,0.0445191648538643,7.7837059894484
"RNAP",0.2932,2.38057388340974,0.796130414274519,0.869416192314484,4,1.22788797319904,11.3943986697723,0.487500637633147,3.95816725965637,0.128687273256651,0.562109601290653,0.0440420407772361,7.7795186925784
"RNAP",0.2952,2.39681245014514,0.794104779065434,0.867204092363365,4,1.22783877239147,11.3919386187134,0.487251323417361,3.95966272426882,0.128659406851003,0.56294428549909,0.0435710766680345,7.77542545435061
"RNAP",0.2972,2.41305101688054,0.792073729887339,0.86498608007397,4,1.2277906197009,11.3895309963565,0.487007438695336,3.96112456183634,0.128632054268601,0.563765113624049,0.0431061966826895,7.77142124994339
"RNAP",0.2992,2.42928958361594,0.790037394713556,0.862762295199879,4,1.22774356935831,11.3871784650528,0.486769105656106,3.96255331043973,0.128605207127266,0.564572340632226,0.0426472919188271,7.76750833440242
"RNAP",0.3012,2.44552815035135,0.787995907510793,0.860532884039772,4,1.22769756123626,11.3848779986195,0.486536064539047,3.96395010084224,0.128578856002162,0.565366259744068,0.042194302078423,7.76368238104359
"RNAP",0.3032,2.46176671708675,0.785949393072158,0.858297982874269,4,1.22765261576327,11.3826307334285,0.486308358134746,3.96531530650866,0.128552996910652,0.566147073924915,0.0417471218559496,7.75994420530012
"RNAP",0.3052,2.47800528382215,0.783897973108831,0.856057724618366,4,1.22760862499266,11.3804312623136,0.486085527622162,3.96665089346361,0.128527622337297,0.566915187142308,0.0413057235146745,7.75628612287182
"RNAP",0.3072,2.49424385055755,0.781841768144965,0.853812240890764,4,1.22756554075152,11.3782770292161,0.485867461530037,3.96795633047403,0.128502694241308,0.567670650176701,0.0408700035326265,7.7527060302097
"RNAP",0.3092,2.51048241729295,0.779780892528707,0.85156165656564,4,1.22752345935808,11.3761729675121,0.485654412361025,3.96923217867034,0.128478234518578,0.568413702290816,0.0404398466275473,7.7492085147821
"RNAP",0.3112,2.52672098402835,0.77771545874363,0.849306094480958,4,1.22748228082065,11.3741140456034,0.485445984673255,3.97047982729265,0.12845421476956,0.569144673639224,0.0400152157958943,7.74578689616011
"RNAP",0.3132,2.54295955076375,0.775645575658529,0.847045673527157,4,1.22744201478272,11.3721006399875,0.485242112505578,3.97170056164663,0.12843065161885,0.569863882579455,0.0395960372666333,7.7424402383277
"RNAP",0.3172,2.57543668423455,0.771492884609624,0.842510716973729,4,1.22736408079312,11.3682040270705,0.484847697034976,3.97406072509231,0.128384793939644,0.571267424767856,0.0387736657119655,7.73596581066213
"RNAP",0.3212,2.60791381770535,0.767323630586461,0.837957672783208,4,1.22728947174292,11.3644735486248,0.484470279478476,3.97631724581569,0.128340610028774,0.572625966036077,0.0379721188183143,7.72977053436187
"RNAP",0.3252,2.64039095117615,0.763138056522347,0.833386806251512,4,1.22721805790463,11.3609029087709,0.484109059577379,3.97847636295778,0.128298011927042,0.573941571175072,0.0371907258434171,7.72384149525461
"RNAP",0.3272,2.65662951791155,0.761040361321089,0.831096013007322,4,1.22718345783721,11.3591729044266,0.483934189092021,3.97952024415765,0.128277300866031,0.574583430125249,0.0368075933103466,7.72097109745279
"RNAP",0.3292,2.67286808464695,0.758938459228587,0.828800625617121,4,1.22714960634459,11.3574805150665,0.483763141589474,3.98054103852499,0.12825695292203,0.575215184696582,0.0364291927090495,7.71816353348128
"RNAP",0.3312,2.68910665138236,0.756832960499484,0.826501310511006,4,1.22711647802897,11.355824115962,0.483595720698026,3.98154017824376,0.128236973847908,0.575837040955122,0.0360555794732301,7.71541562720078
"RNAP",0.3332,2.70534521811776,0.754723958436411,0.824198169580344,4,1.22708406487853,11.3542032466689,0.483431890541486,3.9825178081897,0.128217366532723,0.57644911656147,0.0356866753147622,7.71272674276304
"RNAP",0.3372,2.73782235158856,0.750495718971487,0.819580710191937,4,1.227021240427,11.3510620181317,0.483114595138404,3.98440918552289,0.128179186856168,0.577644459556245,0.0349626902387457,7.70751907093551
"RNAP",0.3392,2.75406091832396,0.748376643186706,0.817266568228514,4,1.22699081384433,11.3495406909563,0.482960970363924,3.98532440747005,0.128160609514312,0.57822816431231,0.034607483329083,7.70499776172156
"RNAP",0.3412,2.77029948505936,0.746254359231216,0.814948922774316,4,1.22696105785495,11.3480529322469,0.482810656525604,3.98622044844314,0.128142374473066,0.57880288138283,0.0342567147441907,7.70253105906354
"RNAP",0.3432,2.78653805179476,0.744128941176672,0.812627854719478,4,1.22693186648186,11.346593338013,0.482663396484373,3.98709646530275,0.128124457815146,0.579368537925084,0.0339103076769474,7.70011417236242
"RNAP",0.3452,2.80277661853016,0.742000457779251,0.810303439149352,4,1.22690326910616,11.3451638419626,0.482519222342834,3.98795357962903,0.128106859925073,0.579925430195729,0.0335682021039876,7.69774798447919
"RNAP",0.3472,2.81901518526556,0.739868978038446,0.807975751415006,4,1.22687529634394,11.3437647564764,0.482378089839627,3.98879275540826,0.128089575281046,0.580473820235352,0.0332303415573404,7.69543184151708
"RNAP",0.3492,2.83525375200096,0.737734564188,0.805644859478954,4,1.22684790726348,11.3423955668106,0.482239957278785,3.98961411603172,0.128072597014064,0.581013819356515,0.0328966567420695,7.69316508371926
"RNAP",0.3512,2.85149231873636,0.735597285768517,0.803310839283185,4,1.22682099486939,11.3410497079027,0.482104341955753,3.9904190210423,0.128055913523868,0.581545701265647,0.0325671203511084,7.69093943439859
"RNAP",0.3532,2.86773088547176,0.733457201645759,0.8009737551122,4,1.22679474758138,11.3397373194144,0.481972050895427,3.99120451283487,0.12803953606781,0.582069122073366,0.0322415731432168,7.68876855834795
"RNAP",0.3552,2.88396945220716,0.731314377637066,0.798633678841988,4,1.22676893522649,11.3384470427571,0.481842059075121,3.99197566319329,0.128023437238279,0.582584961479853,0.0319200805770652,7.68663536253568
"RNAP",0.3572,2.90020801894256,0.729168861219377,0.796290662319858,4,1.22674375416944,11.3371876944779,0.481715155097355,3.99272865030947,0.128007634530043,0.583092702251767,0.0316024627563785,7.68455300117018
"RNAP",0.3592,2.91644658567796,0.72702072222344,0.793944781804651,4,1.22671895482152,11.3359477036089,0.481590363238435,3.99346760589944,0.127992096357566,0.583593072197122,0.0312887777335094,7.68250512152487
"RNAP",0.3612,2.93268515241337,0.724870011518202,0.791596092847928,4,1.22669478017108,11.3347390028633,0.481468637866193,3.99418902623845,0.127976839568863,0.584085625740854,0.0309788485941215,7.68050782685055
"RNAP",0.3632,2.94892371914877,0.722716785607351,0.78924465715468,4,1.22667096511605,11.3335482336584,0.48134889344232,3.9948971059469,0.127961844418783,0.584571077555564,0.0306727345588921,7.67854281129816
"RNAP",0.3652,2.96516228588417,0.72056109785913,0.786890533005831,4,1.22664776277611,11.3323880905142,0.481232115905599,3.9955885228614,0.12794711444725,0.585049024316043,0.0303702660573076,7.6766268051206
"RNAP",0.3672,2.98140085261957,0.718402995625574,0.784533772112286,4,1.22662485522064,11.3312427517798,0.481117116272673,3.99626687378376,0.127932624823853,0.585520064184287,0.0300714962150097,7.67473953268654
"RNAP",0.3692,2.99763941935497,0.716242540708075,0.78217444196441,4,1.22660251001125,11.3301254373805,0.481004713195056,3.99693166017967,0.127918405541946,0.585984256463906,0.0297763132397562,7.67289535884238
"RNAP",0.3712,3.01387798609037,0.71407976504541,0.779812577441023,4,1.22658058162106,11.329029081063,0.480894562308697,3.99758178634373,0.127904424769741,0.58644146077677,0.0294846537475103,7.67108801637518
"RNAP",0.3732,3.03011655282577,0.711914731498002,0.777448247189006,4,1.22655908950522,11.3279544405348,0.48078661317747,3.99821868319148,0.127890687063574,0.586891995430039,0.029196484071015,7.66931682950308
"RNAP",0.3752,3.04635511956117,0.709747481266954,0.775081496202124,4,1.22653801511069,11.3269007945856,0.480680812345736,3.99884244442686,0.127877181841539,0.587335952575793,0.0289117493879932,7.66758095521107
"RNAP",0.3772,3.06259368629657,0.707578059563938,0.772712373853897,4,1.22651740217872,11.3258701087622,0.480577299576745,3.99945282764766,0.127863905221933,0.587773375347163,0.0286303805757824,7.66588271040923
"RNAP",0.3792,3.07883225303197,0.705406511836524,0.770340929775457,4,1.22649708084932,11.3248540564225,0.480475463355476,4.00005143868778,0.127850853267867,0.588204552521137,0.0283523726189907,7.66421170694969
"RNAP",0.3812,3.09507081976737,0.703232882445305,0.767967212410899,4,1.22647721401957,11.3238607029937,0.480375812863742,4.00063784937321,0.127838033427227,0.588629525877369,0.0280776368928015,7.6625768486745
"RNAP",0.3832,3.11130938650277,0.701057211983735,0.765591266090405,4,1.22645772520611,11.3228862389846,0.480278117001064,4.00121219346706,0.127825427145449,0.589048374049687,0.0278061328256488,7.66097401473295
"RNAP",0.3872,3.14378651997357,0.696699912903201,0.760832866828865,4,1.22641986039207,11.3209929923774,0.480088418404083,4.00232617625486,0.127800845265325,0.589868209518688,0.0272726319511119,7.65786186037343
"RNAP",0.3892,3.16002508670898,0.694518362685706,0.758450499506338,4,1.22640145807213,11.3200728807322,0.479996330783536,4.00286591531073,0.127788861466435,0.590269334503381,0.0270105338401068,7.65635104975069
"RNAP",0.3912,3.17626365344438,0.692334931143651,0.756066077678662,4,1.22638341140854,11.3191705667729,0.479906014627589,4.00339527249902,0.127777080935517,0.590664877977176,0.0267514885642248,7.65486939886109
"RNAP",0.3972,3.22497935365058,0.685773713165551,0.748900883322078,4,1.22633128558266,11.3165642942248,0.479645361279444,4.00492059526409,0.127742918426392,0.591818501803965,0.0259921629467732,7.65059349532639
"RNAP",0.3992,3.24121792038598,0.683582569638146,0.746508039601684,4,1.2263145896556,11.3157294788516,0.479561902465122,4.00540858154232,0.127731898111501,0.592192409878858,0.0257447742003791,7.64922449950178
"RNAP",0.4012,3.25745648712138,0.681390817754666,0.744114531524531,4,1.22629811424223,11.3149057339455,0.479479781896609,4.00588662996905,0.127721061856008,0.592560925282053,0.0255003443809024,7.64787716196322
"RNAP",0.4052,3.28993362059218,0.677001233685429,0.739320875361051,4,1.22626617694345,11.3133088595102,0.479320386375855,4.0068160377505,0.127699922065661,0.593283246472599,0.0250196729093979,7.64526255790697
"RNAP",0.4072,3.30617218732758,0.674804014252463,0.73692139643293,4,1.2262506770857,11.312533865904,0.479243009288337,4.0072672468976,0.127689624551931,0.593637041895465,0.0247834081648931,7.64399348048742
"RNAP",0.4092,3.32241075406298,0.672605215338615,0.734520192628796,4,1.22623545329674,11.3117727045531,0.479167127429202,4.00770866366503,0.127679494321272,0.593985853208259,0.0245497899171811,7.64274882756416
"RNAP",0.4112,3.33864932079838,0.670404872017848,0.732117302251257,4,1.22622041969191,11.311020993055,0.479092372499082,4.00814186771494,0.127669513834315,0.594329998061366,0.0243188116085181,7.64152239520889
"RNAP",0.4152,3.37112645426918,0.665999655645996,0.727306574792959,4,1.22619131282925,11.3095656414564,0.478947397389349,4.00898389933742,0.127650040936162,0.595004624163864,0.0238645593441324,7.63914460213824
"RNAP",0.4172,3.38736502100459,0.663794840621925,0.724898801080743,4,1.2261770982455,11.3088548829105,0.47887679053011,4.0093921671832,0.127640545556874,0.595335054398291,0.0236412107099219,7.63798633745935
"RNAP",0.4212,3.41984215447539,0.659380933086162,0.720078582415352,4,1.2261494494312,11.3074725415654,0.478739389794621,4.01018713191848,0.127621992598946,0.595983161369134,0.0232019183655155,7.63573271013881
"RNAP",0.4232,3.43608072121079,0.657171891025663,0.717666192557528,4,1.22613610171925,11.306804979299,0.478672973445486,4.01057183618791,0.127612953818623,0.596300577632401,0.0229858566874783,7.6346435923079
"RNAP",0.4252,3.45231928794619,0.654961492198865,0.715252321039703,4,1.22612285898053,11.3061428315722,0.478607346813497,4.01094971716335,0.127604048549057,0.596613888711981,0.0227721834415838,7.63356704504267
"RNAP",0.4272,3.46855785468159,0.652749761764572,0.712836995336613,4,1.22610988616666,11.3054943136583,0.478543012072251,4.01132059143672,0.127595275505631,0.596923157070723,0.0225608393174156,7.63251188890024
"RNAP",0.4292,3.48479642141699,0.650536723797808,0.710420241739447,4,1.22609714834615,11.3048572521317,0.478479835630476,4.01168452368347,0.127586660545869,0.597228395346709,0.0223517905805038,7.63147574999867
"RNAP",0.4312,3.50103498815239,0.648322400203108,0.708002084169106,4,1.22608462941096,11.3042314645531,0.478417823956339,4.01204129211083,0.12757815888216,0.597529652162688,0.0221450043044967,7.63045870525422
"RNAP",0.4332,3.51727355488779,0.646106816095757,0.705582550052801,4,1.22607232199472,11.3036161013953,0.478356857599353,4.01239184740322,0.127569801588841,0.597827099507613,0.0219404560663681,7.62945885927079
"RNAP",0.4352,3.53351212162319,0.643889993503248,0.703161663445709,4,1.22606026291819,11.3030130795123,0.478297065164518,4.01273600566583,0.127561573814152,0.598120768341061,0.0217381038990068,7.62847842869035
"RNAP",0.4372,3.54975068835859,0.641671951972321,0.700739445693895,4,1.22604835018196,11.3024175233097,0.478238222955052,4.01307280454147,0.12755347464121,0.598410501706271,0.0215379152689652,7.62751327512914
"RNAP",0.4392,3.56598925509399,0.639452715791694,0.698315923321917,4,1.22603667309001,11.3018336615806,0.478180474707746,4.01340380449641,0.127545504316568,0.598696636989441,0.0213398641835505,7.62656624551292
"RNAP",0.4412,3.58222782182939,0.637232306867076,0.695891120251956,4,1.2260251868856,11.3012593273725,0.478123731047212,4.01372844888555,0.127537644071416,0.598979121697509,0.0211439192899525,7.62563564983043
"RNAP",0.4432,3.59846638856479,0.635010743586206,0.693465056564387,4,1.22601390385205,11.3006951283532,0.478067992016751,4.01404722013068,0.127529930435691,0.599258041934632,0.0209500477348354,7.62472159731872
"RNAP",0.4452,3.6147049553002,0.632788046562598,0.691037754770252,4,1.22600280739358,11.3001403844728,0.478013225565331,4.01436005533186,0.127522315187533,0.599533471223063,0.0207582243292094,7.62382348416856
"RNAP",0.4472,3.6309435220356,0.630564237017573,0.688609238044346,4,1.22599190431766,11.2995952214333,0.477959426609604,4.01466710573864,0.127514813654319,0.599805455327655,0.0205684173012305,7.6229412722662
"RNAP",0.4492,3.647182088771,0.628339333070899,0.686179526174406,4,1.22598118001765,11.2990589636125,0.477906544181958,4.01496852482262,0.127507440418053,0.600074036897199,0.0203805975852683,7.6220740820661
"RNAP",0.4512,3.6634206555064,0.626113353186343,0.683748639323836,4,1.2259706356056,11.29853168564,0.477854578650535,4.0152643844744,0.127500166388356,0.600339293421505,0.0201947380275911,7.62122194475692
"RNAP",0.4532,3.6796592222418,0.623886316024286,0.68131659787075,4,1.22596026678391,11.2980133367474,0.477803514705037,4.01555483389895,0.127493014794735,0.600601263983424,0.0200108108961518,7.62038463062955
"RNAP",0.4552,3.6958977889772,0.621658240476298,0.678883422445733,4,1.22595007074731,11.2975035387564,0.477753326084586,4.01583997764418,0.127485967119581,0.600860013861936,0.0198287886984161,7.61956165337017
"RNAP",0.4572,3.7121363557126,0.619429142871756,0.676449130881325,4,1.22594003973664,11.2970019136314,0.477703982937303,4.01611988981387,0.127479027248427,0.601115583725915,0.0196486446942032,7.61875253767647
"RNAP",0.4592,3.728374922448,0.61719904241374,0.674013744148292,4,1.22593017222788,11.2965085572817,0.477655492897859,4.01639457520222,0.127472183643546,0.601368016345182,0.0194703507084753,7.61795738925257
"RNAP",0.4612,3.7446134891834,0.614967953050293,0.671577277478634,4,1.22592046550412,11.2960233430933,0.477607803405746,4.0166646259072,0.127465453803211,0.601617435063583,0.0192938865983674,7.61717545033697
"RNAP",0.4632,3.7608520559188,0.612735894339969,0.669139752231315,4,1.22591091922244,11.2955459687887,0.477560927088424,4.01692965026377,0.127458818643668,0.601863814806885,0.0191192216018275,7.61640682579201
"RNAP",0.4652,3.7770906226542,0.610502879993403,0.66670118337907,4,1.22590150480784,11.2950751189795,0.477514719008012,4.01719057690188,0.127452280221606,0.602107343613768,0.0189463411351014,7.61564917816505
"RNAP",0.4672,3.7933291893896,0.608268929468279,0.66426159217071,4,1.22589228524175,11.2946143254841,0.477469526519921,4.01744545738318,0.127445849327751,0.602347709645482,0.0187751923906995,7.61490820119093
"RNAP",0.4692,3.809567756125,0.606034055536046,0.661820992553327,4,1.22588319374558,11.2941597129387,0.477424970592718,4.01769645633903,0.127439495857994,0.60258534284558,0.0186057819872694,7.61417763902214
"RNAP",0.4712,3.8258063228604,0.603798272023604,0.659379399626623,4,1.22587424837557,11.2937124212267,0.477381156663627,4.01794297232005,0.127433251391388,0.60282013155145,0.0184380712749669,7.61345927342885
"RNAP",0.4732,3.84204488959581,0.601561596861258,0.656936832971431,4,1.22586544465013,11.293272231354,0.477338066580392,4.01818511478792,0.127427094410552,0.603052149485766,0.0182720412814739,7.6127527812502
"RNAP",0.4752,3.8582834563312,0.599324043510524,0.654493307288433,4,1.22585678567267,11.292839232649,0.477295701745988,4.01842295400391,0.127421018754692,0.603281443188197,0.0181076681867494,7.61205819169295
"RNAP",0.4772,3.87452202306661,0.597085624893925,0.652048836689702,4,1.22584825886097,11.2924129556558,0.477254029684556,4.01865652503949,0.12741503476632,0.603508029549309,0.0179449269953067,7.61137496517423
"RNAP",0.4792,3.89076058980201,0.594846356747438,0.649603438359751,4,1.22583986575439,11.2919932815554,0.477213026338996,4.01888609686317,0.127409143977812,0.603731985375772,0.0177837989437677,7.61070269928369
"RNAP",0.4812,3.90699915653741,0.592606251915106,0.64715712632495,4,1.22583159822955,11.2915799221489,0.477172673500509,4.01911164942294,0.127403335844094,0.603953343290685,0.0176242621671449,7.61004112192588
"RNAP",0.4832,3.92323772327281,0.590365324641643,0.644709916141273,4,1.22582346869347,11.2911734031454,0.477133009102645,4.01933314012342,0.127397608599261,0.604172120805229,0.0174662905101394,7.60939082803039
"RNAP",0.4852,3.93947629000821,0.588123588036439,0.642261822124861,4,1.22581548733627,11.2907743530928,0.477094049909004,4.01955083668363,0.127391966467364,0.604388394931946,0.0173098649125052,7.60875220525639
"RNAP",0.4872,3.95571485674361,0.585881050615785,0.639812853575953,4,1.22580758036658,11.2903790204117,0.47705557755282,4.01976466660288,0.127386403271174,0.604602160593143,0.017154967774205,7.60812138948014
"RNAP",0.4892,3.97195342347901,0.583637733029842,0.637363033045607,4,1.22579982250101,11.2899911242518,0.477017791406335,4.01997495882274,0.127380924663263,0.604813517849887,0.0170015756458457,7.60750194180412
"RNAP",0.4912,3.98819199021441,0.581393642506155,0.634912368426681,4,1.22579217643148,11.2896088200095,0.476980605279723,4.02018135633826,0.127375521161965,0.605022423274892,0.0168496661096061,7.60689230530079
"RNAP",0.4932,4.00443055694981,0.579148790716587,0.632460872465464,4,1.22578463542976,11.2892317677969,0.476943933992795,4.02038484406519,0.12737018258543,0.605229093124103,0.0166992306434644,7.6062911199878
"RNAP",0.4952,4.02066912368521,0.576903190805319,0.630008559516089,4,1.22577726873774,11.2888633959457,0.476908094757382,4.02058374736141,0.127364934110082,0.605433234348374,0.0165502249811978,7.605703677807
"RNAP",0.4972,4.03690769042061,0.574656856805367,0.627555444903347,4,1.22576994844379,11.2884972868071,0.476872582323459,4.02077984353295,0.127359758908242,0.60563517402786,0.016402655881612,7.60512143355573
"RNAP",0.4992,4.05314625715601,0.5724097932737,0.625101533603688,4,1.22576277244885,11.2881386497445,0.476837741421346,4.02097266321344,0.127354648854643,0.605834890251582,0.0162564928415806,7.60455034849934
"RNAP",0.5012,4.06938482389141,0.570162018521821,0.622646845614234,4,1.22575569354127,11.2877846731672,0.476803416150315,4.02116201142489,0.127349613375696,0.606032341722084,0.0161117179559466,7.60398765938761
"RNAP",0.5032,4.08562339062681,0.567913539850019,0.620191388907282,4,1.22574872167219,11.2874360580621,0.476769624779569,4.02134823367586,0.127344653568442,0.60622761563063,0.0159683137509418,7.60343374724099
"RNAP",0.5052,4.10186195736222,0.565664369986382,0.617735177382573,4,1.22574185968506,11.2870929642163,0.476736382872755,4.0215312651494,0.127339758181547,0.606420735089295,0.0158262619112777,7.6028888560274
"RNAP",0.5072,4.11810052409762,0.563414520882638,0.615278224092023,4,1.22573499691272,11.2867498455317,0.476703262522213,4.02171252713977,0.127334912317345,0.606611961832107,0.0156855633357138,7.60234572109037
"RNAP",0.5092,4.13433909083302,0.561163989982119,0.612820526243614,4,1.22572832523623,11.2864164300392,0.476671081130175,4.02188850786014,0.127330162957564,0.606800684554061,0.0155461544162545,7.60181810825548
"RNAP",0.5112,4.15057765756842,0.558912808654536,0.610362118094718,4,1.22572185796779,11.2860928680108,0.476639690129402,4.02206152488718,0.127325465796921,0.606987392220197,0.0154080411050953,7.60130384684085
"RNAP",0.5132,4.16681622430382,0.556660970753758,0.607902992933437,4,1.22571535759636,11.2857678831305,0.476608368353001,4.02223234037119,0.127320836483372,0.607172162456251,0.0152712240283735,7.60079029632219
"RNAP",0.5152,4.18305479103922,0.554408492076505,0.605443168010617,4,1.22570901994428,11.2854510022963,0.476577634521794,4.02240159536853,0.127316272429499,0.607355194332461,0.0151356813958248,7.60028681059847
"RNAP",0.5172,4.19929335777462,0.552155382578724,0.602982654198677,4,1.22570262668212,11.2851312788123,0.476547020174694,4.02256668081852,0.127311767041914,0.607535966420175,0.0150013857057856,7.59978456598839
"RNAP",0.5192,4.21553192451002,0.549901646467567,0.600521456092046,4,1.22569642745363,11.2848216776396,0.476517201113509,4.02272894347456,0.12730730998524,0.607714835827508,0.0148683183136421,7.59929581396593
"RNAP",0.5212,4.23177049124542,0.547647299718733,0.598059591137027,4,1.22569036136966,11.2845180032346,0.476487970728999,4.02288783755303,0.12730291580341,0.607891675136957,0.0147364608616109,7.59881669220494
"RNAP",0.5232,4.24800905798082,0.545392347638063,0.595597065127874,4,1.2256844010783,11.2842200549305,0.47645916564669,4.02304546272128,0.12729860950188,0.608066863097106,0.0146058139507802,7.59834481484769
"RNAP",0.5252,4.26424762471622,0.543136794872594,0.593133883139399,4,1.22567847555409,11.2839237739891,0.476430668547063,4.02320004990529,0.127294357233601,0.608240106272739,0.0144763537792678,7.59787776187727
"RNAP",0.5292,4.29672475818702,0.538623951455423,0.588205621299479,4,1.22566684842142,11.2833424259118,0.476374874667492,4.02350154058687,0.127285985593377,0.608581155513863,0.0142209386986568,7.59696322194956
"RNAP",0.5312,4.31296332492242,0.536366103375846,0.585739932707543,4,1.22566120033541,11.2830600261777,0.476347748279074,4.02364827371688,0.127281878729697,0.60874900161367,0.0140949159888881,7.59651869715549
"RNAP",0.5332,4.32920189165783,0.534108823826256,0.583274864980188,4,1.2256555928317,11.2827796155475,0.476320870360108,4.02379310557275,0.127277832945,0.60891510497568,0.0139700905486843,7.59607816495423
"RNAP",0.5352,4.34544045839323,0.531850421188927,0.580808570782084,4,1.22565006879669,11.2825034398047,0.476294414580114,4.0239354575251,0.127273849488246,0.60907949030442,0.0138463449804578,7.5956445739928
"RNAP",0.5372,4.36167902512863,0.529591475433258,0.57834168347025,4,1.2256446476681,11.2822324440139,0.476268483821669,4.02407467488664,0.127269911949758,0.609242041334909,0.0137236921486153,7.59521960372992
"RNAP",0.5392,4.37791759186403,0.527331989360255,0.575874206103533,4,1.22563925947073,11.2819629727436,0.476242721516444,4.02421279116036,0.127266021683579,0.609403125561716,0.0136021361912427,7.59479733156368
"RNAP",0.5412,4.39415615859943,0.525071975567445,0.573406152439092,4,1.225633873781,11.2816937050829,0.476217081721433,4.0243492699784,0.12726218464021,0.609562652482379,0.0134816622938871,7.59437691067824
"RNAP",0.5432,4.41039472533483,0.522811434801898,0.570937523292767,4,1.22562865583457,11.2814326955214,0.476192157414835,4.0244825117154,0.127258410255823,0.609720371795321,0.0133622336440053,7.59396843384526
"RNAP",0.5452,4.42663329207023,0.520550379693958,0.568468332457557,4,1.22562351815503,11.2811758703208,0.47616763387269,4.02461359037974,0.127254651190528,0.609876524767794,0.0132438520081752,7.59356656370369
"RNAP",0.5472,4.44287185880563,0.51828881696849,0.565998587277367,4,1.22561843536164,11.2809217807859,0.476143433619413,4.02474231409221,0.127250971946669,0.610031014124996,0.0131265008986423,7.59316991673913
"RNAP",0.5492,4.45911042554103,0.516026751599239,0.563528293183789,4,1.2256134327424,11.2806716246987,0.476119575702391,4.02486947823711,0.127247330465437,0.610184053955204,0.0130101739204371,7.59277897536671
"RNAP",0.5512,4.47534899227643,0.51376419071412,0.561057457960878,4,1.22560849272004,11.2804246814801,0.476096079114608,4.02499417819648,0.127243736282428,0.610335477092304,0.0128948519329967,7.5923938998591
"RNAP",0.5532,4.49158755901183,0.511501142374718,0.55858609041231,4,1.22560361246673,11.2801804831167,0.476072925714257,4.02511627743577,0.127240191822375,0.610485267168665,0.0127805217600671,7.59201433328891
"RNAP",0.5552,4.50782612574723,0.509237612921719,0.556114197462445,4,1.22559881839245,11.2799409095121,0.476050084033791,4.02523786077184,0.127236681587193,0.610633850390363,0.0126671841602172,7.59164013391166
"RNAP",0.5572,4.52406469248263,0.506973608706133,0.55364178604692,4,1.22559407887829,11.2797039373684,0.476027574843963,4.02535686034694,0.127233221058962,0.610780830943474,0.0125548138441678,7.59127127838891
"RNAP",0.5592,4.54030325921803,0.504709136360016,0.551168863408289,4,1.22558949612816,11.2794748071471,0.476005712388681,4.02547324329542,0.127229814333238,0.61092623921569,0.0124433930537199,7.59091329889037
"RNAP",0.5612,4.55654182595344,0.502444201980744,0.548695436205205,4,1.22558480723291,11.279240363459,0.47598355174908,4.02558938195457,0.12722643757904,0.611070482048882,0.0123329397800961,7.59054997040836
"RNAP",0.5632,4.57278039268884,0.500178812024138,0.546221511487765,4,1.22558024732415,11.2790123661871,0.475961952725163,4.02570294658518,0.127223108944536,0.611213187758916,0.0122234148928189,7.59019601732201
"RNAP",0.5652,4.58901895942424,0.497912972569168,0.543747095894521,4,1.22557572690552,11.2787863471207,0.475940646215901,4.02581396891782,0.12721982536196,0.611354349837239,0.0121148104978429,7.5898467122192
"RNAP",0.5672,4.60525752615964,0.495646688896947,0.541272195192729,4,1.22557130814015,11.2785654436663,0.475919717163891,4.02592393570572,0.127216582847135,0.611494281042638,0.0120071230719998,7.58950383533508
"RNAP",0.5692,4.62149609289504,0.493379969162711,0.538796818288332,4,1.22556694940318,11.2783474756727,0.475899063721835,4.02603243847914,0.127213393467829,0.611632890497061,0.0119003395134622,7.58916550077246
"RNAP",0.5712,4.63773465963044,0.491112818130285,0.536320970383676,4,1.22556261273688,11.2781305949373,0.475878656666811,4.02613832282213,0.127210218170569,0.611770016132072,0.0117944469126191,7.58883098514699
"RNAP",0.5732,4.65397322636584,0.488845238478255,0.53384465440392,4,1.2255583548133,11.2779177184133,0.475858559810589,4.0262431990637,0.127207084700893,0.611905946055099,0.011689438226733,7.58850168169436
"RNAP",0.5752,4.67021179310124,0.486577240223304,0.531367881287807,4,1.22555414854712,11.2777074242628,0.475838720057952,4.02634655490167,0.127204001236513,0.612040583188153,0.0115853013234757,7.58817661060161
"RNAP",0.5772,4.68645035983664,0.484308259164125,0.5288900348979,4,1.22555010013712,11.2775050052878,0.475819495158178,4.02644779927176,0.127200955337676,0.612173899977978,0.0114819920266554,7.58786194790539
"RNAP",0.5792,4.70268892657204,0.482040003320936,0.526412980481913,4,1.22554589769297,11.2772948247317,0.475799756274424,4.02654978695856,0.127197942396668,0.612306273919149,0.0113796088241876,7.58753835066516
"RNAP",0.5832,4.73516606004284,0.477501149494092,0.521456313909637,4,1.22553790658934,11.2768953065531,0.475762191974197,4.02674405388465,0.12719202990585,0.612566471954372,0.0111772618909258,7.58692291529023
"RNAP",0.5852,4.75140462677824,0.475231130302036,0.518977333824148,4,1.22553388569472,11.2766942895904,0.475743435839174,4.02683975011205,0.127189115681117,0.612694875802623,0.0110773349662805,7.58661532445602
"RNAP",0.5872,4.76764319351364,0.47296072251876,0.516497929376655,4,1.22552999052295,11.2764995488186,0.475725172681545,4.02693368606789,0.127186254449448,0.612822029640601,0.010978214948042,7.58631608602668
"RNAP",0.5892,4.78388176024905,0.470689930061087,0.514018104844533,4,1.22552615846933,11.2763079212813,0.475707208587264,4.02702600416055,0.127183416830529,0.612947981127329,0.0108798959299831,7.58602176345241
"RNAP",0.5912,4.80012032698445,0.468418758316308,0.511537866110986,4,1.22552236303118,11.2761181506029,0.475689349689115,4.02711840701061,0.127180615598204,0.613073038548785,0.0107823790766709,7.58572927951067
"RNAP",0.5932,4.81635889371985,0.466147214492462,0.509057221047573,4,1.22551870759775,11.2759353481809,0.47567216213942,4.02720707535705,0.127177860509006,0.613196518888341,0.0106856289718504,7.58544790462788
"RNAP",0.5952,4.83259746045525,0.463875299940208,0.506576171129282,4,1.2255149591988,11.2757479451652,0.475654762756048,4.02729485195758,0.127175128496963,0.613318923879468,0.0105896625927824,7.58516259735854
"RNAP",0.5972,4.84883602719065,0.461603033862884,0.504094737327168,4,1.22551126671742,11.2755629750436,0.475637476446314,4.0273831338957,0.127172417251168,0.613440562722297,0.0104944734193844,7.58487932169057
"RNAP",0.5992,4.86507459392605,0.459330384418685,0.501612884868306,4,1.22550766694801,11.2753832865172,0.47562073778397,4.02746797427483,0.127169764904492,0.613560688366159,0.0104000259707255,7.58460506546775
"RNAP",0.6012,4.88131316066145,0.457057390160616,0.499130655854604,4,1.22550411334593,11.2752056675745,0.475604120625418,4.02755288810209,0.127167123100457,0.613679995676162,0.0103063359701485,7.5843329120758
"RNAP",0.6032,4.89755172739685,0.454784054845282,0.496648054388471,4,1.22550059381348,11.2750296238513,0.475587733803461,4.02763582800533,0.127164513925193,0.613798089049379,0.0102133835799377,7.58406441115979
"RNAP",0.6052,4.91379029413225,0.452510354123025,0.494165053878801,4,1.22549720515464,11.2748602576604,0.475571850090211,4.02771718968929,0.127161959747846,0.613915053102208,0.0101211560696664,7.58380449681848
"RNAP",0.6072,4.93002886086765,0.450236320431813,0.491681689749558,4,1.22549369432537,11.274684681598,0.475555643702253,4.02779793075127,0.127159414093638,0.614031059757499,0.0100296633665998,7.58353869438419
"RNAP",0.6112,4.96250599433845,0.445687243164207,0.486713858643456,4,1.2254869463866,11.2743473117013,0.475524294446379,4.02795588525223,0.127154423713716,0.61426001279486,0.00984881094793441,7.58302511437766
"RNAP",0.6132,4.97874456107385,0.443412207780903,0.484229400613882,4,1.22548364649115,11.2741823050091,0.475508971019261,4.02803297218465,0.127151954492552,0.614372962722771,0.00975943760610796,7.58277411338245
"RNAP",0.6152,4.99498312780925,0.44113684608979,0.481744586239056,4,1.2254804336657,11.2740216586117,0.475493953317897,4.02810938555723,0.127149530564103,0.614484996286224,0.00967075622556562,7.58252834648546
"RNAP",0.6172,5.01122169454465,0.438861162555119,0.479259420394174,4,1.22547710123995,11.2738550700927,0.475478707384357,4.02818398140048,0.127147129461682,0.614595878012596,0.00958276111918704,7.58227818550494
"RNAP",0.6192,5.02746026128005,0.436585164642872,0.476773911232482,4,1.22547392274757,11.2736961166607,0.475463952272586,4.0282580499906,0.127144757603745,0.614705924365302,0.00949544199272312,7.5820365649783
"RNAP",0.6212,5.04369882801546,0.434308847141072,0.474288053062225,4,1.22547079691794,11.2735398427773,0.475449521222903,4.02832973732643,0.127142421526658,0.614814760565847,0.0094087841675693,7.58180017136248
"RNAP",0.6232,5.05993739475086,0.432032220669757,0.471801857481044,4,1.22546769004265,11.2733845147483,0.475435142430923,4.02840150198193,0.127140102609461,0.614922868439651,0.00932279508472299,7.58156468535637
"RNAP",0.6252,5.07617596148626,0.429755294179984,0.469315334263963,4,1.2254646071531,11.2732305768482,0.475420940478942,4.02847190941787,0.127137811658825,0.615029978337245,0.00923745974263677,7.58133202997405
"RNAP",0.6272,5.09241452822166,0.427478054957991,0.466828469526885,4,1.22546157691341,11.2730788482168,0.475406937729736,4.02854132399457,0.127135563981932,0.615136151850338,0.00915277035072764,7.58110267780688
"RNAP",0.6292,5.10865309495706,0.425200520352497,0.464341282215523,4,1.2254585667658,11.2729283315731,0.475393079468595,4.02860971872419,0.127133317799253,0.61524143404157,0.00906872275571598,7.58087565117006
"RNAP",0.6332,5.14113022842786,0.420644567961415,0.459365943113787,4,1.22545265111522,11.2726325559297,0.47536587804307,4.02874359243857,0.127128915686524,0.615449296250411,0.00890252049731072,7.5804300445457
"RNAP",0.6352,5.15736879516326,0.418366156825752,0.456877798585481,4,1.22544975500047,11.2724877472852,0.47535253714682,4.02880941182514,0.127126765174656,0.615551952515664,0.00882035320579009,7.58021158216994
"RNAP",0.6372,5.17360736189866,0.416087459927566,0.454389341989504,4,1.22544688388146,11.2723442173592,0.475339378118198,4.02887372155599,0.127124611911382,0.615653659917388,0.00873879731074773,7.57999602076881
"RNAP",0.6412,5.20608449536946,0.411529223521275,0.449411508623299,4,1.2254413410301,11.2720671364851,0.475313824822389,4.02899990396384,0.127120415313431,0.615854554972338,0.00857749546848481,7.57957779176694
"RNAP",0.6452,5.23856162884026,0.406969885015379,0.444432471706488,4,1.22543576978318,11.2717884879699,0.475288443466512,4.02912224093949,0.127116302435018,0.616052020148982,0.00841857220811198,7.57916180528329
"RNAP",0.6472,5.25480019557566,0.404689810080415,0.441942510222031,4,1.22543304372352,11.2716521902885,0.475276015434993,4.02918223672461,0.127114273861333,0.616149556739018,0.00833998551975241,7.57895817645302
"RNAP",0.6512,5.28727732904647,0.400128865105048,0.436961718956251,4,1.22542772627827,11.271386241531,0.475251736206038,4.02929961939023,0.127110297876294,0.616342196076689,0.00818452821448224,7.57856051626034
"RNAP",0.6532,5.30351589578187,0.397848000924942,0.434470895574682,4,1.22542515113824,11.2712575875311,0.475239921152472,4.02935732282457,0.127108343001139,0.616437388176431,0.00810764694967673,7.57836721457623
"RNAP",0.6552,5.31975446251727,0.395566878908736,0.431979790622559,4,1.22542255465542,11.2711277379529,0.475228077425252,4.02941443848915,0.127106401143536,0.616531837171659,0.0080313250257915,7.57817325419697
"RNAP",0.6572,5.33599302925267,0.393285503397455,0.429488408840512,4,1.22541997123123,11.2709985592836,0.475216435010802,4.02946923828409,0.127104486373241,0.616625220378235,0.00795554812802443,7.57798234980354
"RNAP",0.6592,5.35223159598807,0.391003875416193,0.426996751347995,4,1.22541745362722,11.2708727636184,0.475205000314447,4.02952390419504,0.12710260572037,0.616717962089891,0.00788031802459377,7.57779511041165
"RNAP",0.6612,5.36847016272347,0.388722000780108,0.424504824495469,4,1.2254149623685,11.2707481185078,0.475193700405954,4.02957766531494,0.127100726293444,0.616809942712136,0.00780562721926868,7.57761001316736
"RNAP",0.6632,5.38470872945887,0.386439879569526,0.422012628370652,4,1.22541248548988,11.2706242827942,0.475182421928843,4.02963179669793,0.127098874621546,0.616901384165715,0.00773147552587191,7.57742536726389
"RNAP",0.6652,5.40094729619427,0.38415751475332,0.419520166215709,4,1.22541004905691,11.2705024765267,0.47517139924699,4.02968399108661,0.127097043329336,0.61699186892453,0.00765784697270429,7.57724482278592
"RNAP",0.6672,5.41718586292967,0.381874909956078,0.41702744198888,4,1.22540763268645,11.2703816000583,0.475160468409832,4.02973564426073,0.127095235276383,0.617081657368865,0.00758474230618269,7.57706579336275
"RNAP",0.6692,5.43342442966507,0.379592069249036,0.41453446013617,4,1.22540524482331,11.2702622117338,0.4751496447354,4.029787068944,0.127093432731489,0.617170838040493,0.00751215775453614,7.57688856425638
"RNAP",0.6712,5.44966299640047,0.377308988468691,0.412041216110814,4,1.2254028719969,11.2701436030507,0.47513892921913,4.02983757883707,0.127091668257716,0.617259245457947,0.00744008398144835,7.57671306054156
"RNAP",0.6772,5.49837869660668,0.370458374143329,0.404559985755862,4,1.22539594289737,11.2697972000457,0.475107709424106,4.02998388649649,0.127086452566824,0.617520148302212,0.00722688280198615,7.57620175591155
"RNAP",0.6792,5.51461726334208,0.368174382052103,0.402065746531199,4,1.22539367352181,11.269683965375,0.475097499481162,4.03003171380613,0.12708475182382,0.617605828519436,0.00715680830085039,7.57603460652992
"RNAP",0.6812,5.53085583007748,0.365890164836483,0.399571261458885,4,1.225391470929,11.2695735792724,0.475087519384818,4.03007871924308,0.127083082304577,0.617690791735521,0.00708721735644075,7.57587126940679
"RNAP",0.6832,5.54709439681288,0.363605731130519,0.397076539967753,4,1.22538922739845,11.269461365736,0.4750774924794,4.03012482450161,0.127081414220278,0.617775052835823,0.00701811028032643,7.57570693906366
"RNAP",0.6852,5.56333296354828,0.361321078268437,0.39458157914664,4,1.22538704763897,11.2693524013225,0.475067701800362,4.03017032257859,0.127079759255388,0.617858679882462,0.00694947948800707,7.57554663700351
"RNAP",0.6872,5.57957153028368,0.359036210166643,0.392086383272465,4,1.22538486460971,11.2692431568666,0.475057987187186,4.03021448506378,0.127078123376467,0.617941516488161,0.00688131917724842,7.57538739433222
"RNAP",0.6892,5.59581009701908,0.356751128729238,0.389590954424608,4,1.22538271928001,11.2691360394574,0.47504834865959,4.03025934226841,0.127076516939021,0.618023956511813,0.00681363102002821,7.57522965382703
"RNAP",0.6912,5.61204866375448,0.354465841199422,0.387095300513023,4,1.22538059023311,11.269029844802,0.475038838471923,4.03030317544068,0.127074918316147,0.618105683918108,0.00674640350082814,7.57507393006435
"RNAP",0.6932,5.62828723048988,0.352180337436644,0.384599410463695,4,1.22537853457717,11.2689267287209,0.475029537922225,4.03034664380997,0.127073345637467,0.618186834518765,0.00667963448927426,7.57492179374091
"RNAP",0.6952,5.64452579722528,0.349894630455945,0.382103298489733,4,1.22537641714157,11.2688208273874,0.475020131452425,4.03038923472298,0.127071783315334,0.618267295817579,0.00661331997696174,7.57476762649657
"RNAP",0.6972,5.66076436396068,0.347608720578711,0.379606964942107,4,1.22537436557412,11.2687182765119,0.475010998343134,4.03043079259576,0.127070230288823,0.618347079954511,0.00654745269227361,7.57461803329983
"RNAP",0.7012,5.69324149743148,0.343036295508792,0.374613636810616,4,1.22537031704964,11.2685158447021,0.474992926713414,4.03051337188133,0.127067183703659,0.618505042857359,0.00641705230718084,7.57432216074155
"RNAP",0.7032,5.70948006416688,0.340749784488931,0.372116646783695,4,1.22536832787924,11.2684164087665,0.474984072298906,4.03055356863398,0.127065678332887,0.618583091980821,0.00635250792591749,7.5741772047587
"RNAP",0.7052,5.72571863090228,0.33846308662886,0.369619452717459,4,1.22536635393802,11.2683180301335,0.474975323680891,4.03059316611556,0.127064196654468,0.618660535030681,0.00628839531414426,7.57403395529812
"RNAP",0.7072,5.74195719763769,0.336176173847682,0.367122023946094,4,1.2253644076609,11.2682207847388,0.474966685499369,4.03063212737684,0.12706272969455,0.618737382103222,0.00622470960583529,7.5738925387265
"RNAP",0.7092,5.75819576437309,0.333889087543704,0.364624405678727,4,1.22536248619738,11.2681242782127,0.474958116564594,4.03067075047668,0.127061280031551,0.618813684540135,0.006161448323629,7.5737522341216
"RNAP",0.7112,5.77443433110849,0.331601807899439,0.362126576273619,4,1.22536064428923,11.2680322126273,0.474949834464524,4.03070906840436,0.12705983629182,0.618889492770216,0.00609860652604039,7.57361690693441
"RNAP",0.7152,5.80691146457929,0.327026684288039,0.357130301193215,4,1.22535688975005,11.2678444039501,0.474933212089113,4.03078335921034,0.127056999149691,0.619039229760904,0.00597416432414909,7.57334475827601
"RNAP",0.7172,5.82315003131469,0.32473884638567,0.354631862140961,4,1.22535505142815,11.2677525712109,0.474925128070745,4.03081899218357,0.127055609387629,0.619113124018338,0.00591255397435836,7.57321238792549
"RNAP",0.7192,5.83938859805009,0.322450827046125,0.352133224949789,4,1.22535315417872,11.2676576459874,0.474916888909586,4.03085423987298,0.127054229262729,0.619186479927232,0.00585134935998307,7.57307715939912
"RNAP",0.7212,5.85562716478549,0.320162625880648,0.349634389195159,4,1.22535133677845,11.2675668359611,0.474908868427658,4.03088986448939,0.127052851753224,0.619259489647294,0.0057905460569245,7.57294587123948
"RNAP",0.7232,5.87186573152089,0.317874246863155,0.347135359216792,4,1.22534954725319,11.2674773474477,0.474900949215669,4.03092516766332,0.127051498184869,0.619331986565337,0.00573013867798026,7.57281628260479
"RNAP",0.7252,5.88810429825629,0.315585690718523,0.344636135806295,4,1.22534776527378,11.2673883233189,0.474893123046002,4.03095955096933,0.127050153418039,0.619403875941071,0.00567012254868814,7.5726881201183
"RNAP",0.7272,5.90434286499169,0.31329696123819,0.342136723104115,4,1.2253460190392,11.2673009503465,0.474885446863705,4.03099317017936,0.127048829971159,0.619475183705425,0.00561049378114121,7.57256245846576
"RNAP",0.7292,5.92058143172709,0.311008057570095,0.339637120179759,4,1.22534428532111,11.2672144472715,0.474877834470203,4.03102668225252,0.127047488090397,0.619546076519843,0.0055512514361465,7.57243784426213
"RNAP",0.7312,5.93681999846249,0.308718983561844,0.337137331235012,4,1.22534255247849,11.2671276265492,0.474870230618801,4.03105970681792,0.127046211443605,0.619616386142011,0.00549238929869715,7.57231333473081
"RNAP",0.7352,5.9692971319333,0.304140327719667,0.332137198773233,4,1.22533915050297,11.2669575283212,0.474855255084924,4.03112558427569,0.127043630858669,0.619755802005374,0.00537579955514599,7.57206825922583
"RNAP",0.7372,5.9855356986687,0.301850749693576,0.329636859414556,4,1.22533747521837,11.2668737657978,0.47484793087679,4.03115724916435,0.127042373664374,0.619824628215316,0.00531805990843774,7.57194835296052
"RNAP",0.7392,6.0017742654041,0.299561006711234,0.327136339914994,4,1.22533581398012,11.2667907145252,0.474840720203449,4.03118788881569,0.127041130945143,0.619892850082227,0.00526068598407837,7.57183023239158
"RNAP",0.7412,6.0180128321395,0.297271099924105,0.32463564153201,4,1.22533419553031,11.2667097704118,0.474833626938719,4.03121867632023,0.127039884372977,0.619960714037812,0.0052036766679384,7.57171418507875
"RNAP",0.7432,6.0342513988749,0.294981031270501,0.322134766382341,4,1.22533255686054,11.2666278420356,0.474826454125025,4.03124977310519,0.127038647887722,0.620028234618185,0.0051470308373045,7.5715967819811
"RNAP",0.7452,6.0504899656103,0.292690807462434,0.319633721795856,4,1.22533094887804,11.2665474456658,0.474819450172186,4.03127974855981,0.127037432219242,0.620095138720265,0.00509073983930269,7.57148211940752
"RNAP",0.7472,6.0667285323457,0.290400414039714,0.317132491981268,4,1.22532935864683,11.2664679349088,0.474812528799453,4.03130928439456,0.12703623609767,0.62016156103198,0.00503480233873679,7.57136882182862
"RNAP",0.7492,6.0829670990811,0.288109881049766,0.314631109751944,4,1.22532778579006,11.2663892859883,0.474805675726482,4.0313385862952,0.127035043519849,0.620227550568808,0.00497921559060943,7.57125667324376
"RNAP",0.7512,6.0992056658165,0.285819184447635,0.312129548849529,4,1.22532622708681,11.2663113447396,0.474798900867895,4.03136737572703,0.127033863184676,0.620293060474358,0.00492397609824228,7.57114578334823
"RNAP",0.7532,6.1154442325519,0.283528333977168,0.309627819914816,4,1.22532458286264,11.2662291416258,0.474791802693835,4.0313972112015,0.127032669295325,0.620358394134396,0.00486908678741392,7.5710293636897
"RNAP",0.7552,6.1316827992873,0.281237331443129,0.307125924918703,4,1.22532314842721,11.2661574054964,0.474785552942021,4.03142374320732,0.127031523910337,0.620422719670726,0.0048145266805652,7.57092727966445
"RNAP",0.7572,6.1479213660227,0.278946178306711,0.304623865456888,4,1.22532163362017,11.2660816841364,0.474778992816386,4.03145133928692,0.127030388926655,0.620486852940982,0.00476030991836181,7.57081991297243
"RNAP",0.7632,6.1966370662289,0.272071828432794,0.297116714637302,4,1.22531716945694,11.2658584733296,0.474759708151928,4.03153192584729,0.127026993073352,0.620676680055156,0.00459965809920561,7.57050423901098
"RNAP",0.7652,6.21287563296431,0.269780086339009,0.294614012003135,4,1.22531570739434,11.2657853694056,0.474753408957083,4.03155803786684,0.127025891887629,0.620739074850449,0.00454676306598639,7.57040112607132
"RNAP",0.7672,6.22911419969971,0.267488201013734,0.292111152952664,4,1.22531433922401,11.2657169612778,0.474747453425935,4.03158323288987,0.127024797447191,0.620800964863508,0.00449418897965025,7.57030388093022
"RNAP",0.7692,6.24535276643511,0.265196173221845,0.289608138321175,4,1.22531283150511,11.2656415624875,0.474741025606404,4.03160926799184,0.127023704491411,0.620862622904342,0.0044419393217178,7.5701984383443
"RNAP",0.7712,6.26159133317051,0.262904004237874,0.287104969500522,4,1.2253114127903,11.2655706296715,0.474734929298294,4.03163434342659,0.127022628983965,0.620923759944286,0.00439000449791713,7.57009865615417
"RNAP",0.7732,6.27782989990591,0.260611696079244,0.284601648693838,4,1.22531000676931,11.2655003390589,0.474728893516143,4.03165908768193,0.127021572513872,0.620984476109885,0.00433838404993843,7.56999987320327
"RNAP",0.7752,6.29406846664131,0.258319249137372,0.28209817632857,4,1.22530862006151,11.2654310035824,0.474722935774772,4.03168356654572,0.127020509595368,0.621044814661934,0.00428707545019228,7.56990237561581
"RNAP",0.7772,6.31030703337671,0.256026665157637,0.279594554310764,4,1.22530724052707,11.2653620235824,0.474717030165322,4.03170761497496,0.127019466514797,0.621104722767021,0.00423607594012669,7.56980567570427
"RNAP",0.7792,6.32654560011211,0.253733945719154,0.277090784364897,4,1.22530587275286,11.2652936383829,0.474711179032219,4.0317313348706,0.127018425771706,0.621164229646598,0.00418538212147587,7.56970994016992
"RNAP",0.7812,6.34278416684751,0.251441091636345,0.27458686738036,4,1.22530451819948,11.2652259099527,0.47470539072573,4.03175475043792,0.127017400858468,0.62122333560506,0.00413499170089455,7.56961519487651
"RNAP",0.7832,6.35902273358291,0.249148104324828,0.272082804903082,4,1.22530317371739,11.2651586794662,0.474699656818452,4.03177781187805,0.127016384399181,0.621282046203197,0.00408490242698034,7.56952132938851
"RNAP",0.7852,6.37526130031831,0.24685441194541,0.269577972454655,4,1.22530186589524,11.2650933365137,0.474694174328711,4.03179883560214,0.127015392662314,0.621340044730537,0.00403509511293771,7.56943151141204
"RNAP",0.7872,6.39149986705371,0.244561734583608,0.267074248458732,4,1.22530053447236,11.265026722439,0.474688393653868,4.03182314388831,0.127014382808189,0.621398322413251,0.00398561538518437,7.56933702227525
"RNAP",0.7892,6.40773843378911,0.242268354694153,0.264569757265743,4,1.22529926762078,11.26496338108,0.474683062859219,4.03184373524008,0.127013399595186,0.62145558774806,0.00393640941565082,7.56924974925437
"RNAP",0.7912,6.42397700052452,0.239974846417084,0.262065125866744,4,1.22529794480094,11.264897239558,0.474677453844069,4.03186594729551,0.127012416278583,0.621512827806156,0.00388749829100279,7.56915788212451
"RNAP",0.7932,6.44021556725992,0.237681210733927,0.259560355333609,4,1.22529666563256,11.2648332813445,0.474672014537837,4.0318875954662,0.127011443797141,0.621569647322245,0.00383887413536867,7.56906887872199
"RNAP",0.7972,6.47269270073072,0.233092988807039,0.254549776205309,4,1.22529415376034,11.2647076875968,0.474661246798416,4.0319312954202,0.127009527541153,0.621682441098055,0.00374247064646669,7.56889287932972
"RNAP",0.7992,6.48893126746612,0.230798978225994,0.252044596264007,4,1.22529290282821,11.2646451368956,0.474655991386712,4.03195152051809,0.127008586136475,0.621738040149472,0.00369469432506021,7.56880679316441
"DNAP",0.0056,0.99969417121302,0.915706904896719,0.999999995298343,4,1.24081804324328,12.0409021626346,0.55190721441529,3.58293317265138,0.134283788381428,0.405853707016712,0.114172431967459,8.83761506329969
"DNAP",0.00558127090301003,0.996350712446421,0.915706084144976,0.999999098994368,4,1.24090630279724,12.0453151387182,0.552342396883725,3.58033730907867,0.134313852860865,0.405737601392031,0.113725759210718,8.8448793139118
"DNAP",0.00556254180602007,0.993007253679823,0.91570372576007,0.999996523514285,4,1.24099495663103,12.0497478329408,0.552779265328942,3.57773389668502,0.134343947552078,0.405620106254259,0.113278863881735,8.85217196506175
"DNAP",0.0055438127090301,0.989663794913224,0.915699811309071,0.99999224872837,4,1.24108405026832,12.0542025129972,0.553218006520565,3.57512216994696,0.134374074484657,0.405501140462888,0.112831702752341,8.85949618122462
"DNAP",0.00552508361204013,0.986320336146625,0.915694322651322,0.999986254826069,4,1.2411735515228,12.0586775764119,0.553658487309455,3.57250270306361,0.134404221939322,0.405380767047518,0.112384310871399,8.86684970200188
"DNAP",0.00550635451505017,0.982976877380027,0.915687241206175,0.999978521516343,4,1.2412634818912,12.0631740949849,0.554100804187177,3.56987500710447,0.134434394727297,0.405258899941881,0.11193669491086,8.87423414920246
"DNAP",0.0054876254180602,0.979633418613428,0.915678547913764,0.999969027984817,4,1.24135384325537,12.0676921617261,0.554544965165631,3.56723905175434,0.134464591348209,0.405135539119367,0.111488843075408,8.88164965270091
"DNAP",0.00546889632107023,0.976289959846829,0.915668224484673,0.999957754258489,4,1.24144464075397,12.0722320370704,0.55499097457073,3.5645950121371,0.134494810658653,0.405010680795711,0.111040801267786,8.88909630609296
"DNAP",0.00545016722408027,0.972946501080231,0.915656248880387,0.999944676270144,4,1.24153588670568,12.0767943352811,0.555438889007541,3.56194254146751,0.13452506891453,0.404884321493585,0.110592460930242,8.89657509888513
"DNAP",0.0054314381270903,0.969603042313632,0.915642603830861,0.999929775159986,4,1.24162756979526,12.0813784904081,0.555888686410889,3.55928154813605,0.134555333532267,0.404756409868093,0.110143922259339,8.90408555695606
"DNAP",0.00541270903010033,0.966259583547033,0.915627268588542,0.9999130282706,4,1.24171970588595,12.0859852933333,0.556340408022321,3.55661207291081,0.134585626925237,0.404626935779666,0.109695165545903,8.91162844866167
"DNAP",0.00539397993311037,0.962916124780434,0.915610222320925,0.999894412851796,4,1.24181228386584,12.090614193639,0.556793985538157,3.55393459667083,0.134615963756793,0.40449596921333,0.109246168822972,8.91920268952892
"DNAP",0.0053752508361204,0.959572666013836,0.915591444767878,0.999873906778446,4,1.24190533378628,12.0952666880142,0.557249597321394,3.55124790338822,0.134646302760145,0.404363348445591,0.108796957348402,8.92681113663065
"DNAP",0.00535652173913044,0.956229207247237,0.9155709147624,0.999851486935075,4,1.24199882643072,12.0999413209031,0.557707110021762,3.54855262794769,0.134676668474161,0.404229144868604,0.10834751056809,8.93445158602006
"DNAP",0.00533779264214047,0.952885748480638,0.915548611104385,0.999827130170054,4,1.24209281070475,12.104640534253,0.558166661557715,3.54584883752476,0.134707066362753,0.404093350745398,0.10789786163118,8.94212653082219
"DNAP",0.0053190635451505,0.949542289714039,0.915524511834592,0.999800812502741,4,1.24218725488365,12.1093627443678,0.558628209607319,3.5431358812753,0.13473748297896,0.403955884757771,0.10744797831251,8.9498349857886
"DNAP",0.00530033444816054,0.946198830947441,0.915498595399069,0.999772510395088,4,1.24228217668863,12.114108834668,0.559091755987899,3.54041439036297,0.134767926560711,0.403816827300854,0.106997879800163,8.95757722193787
"DNAP",0.00528160535117057,0.942855372180842,0.915470838895954,0.99974219883706,4,1.24237759232844,12.1188796162734,0.559557417333277,3.53768343078363,0.134798397742509,0.40367601747452,0.106547567711024,8.96535504930583
"DNAP",0.0052628762541806,0.939511913414243,0.91544122034746,0.99970985382776,4,1.24247348450032,12.1236742242697,0.560025097193349,3.53494363257086,0.134828885545892,0.403533569578166,0.106097036691059,8.97316692478465
"DNAP",0.00524414715719064,0.936168454647644,0.915409718279313,0.999675451916155,4,1.24256985525884,12.128492763915,0.560494807995285,3.53219490608201,0.134859401967816,0.403389432409253,0.105646311493184,8.98101303850308
"DNAP",0.00522541806020067,0.932824995881046,0.915376305754095,0.999638963685169,4,1.24266674509066,12.1333372527602,0.560966707950782,3.52943668312059,0.134889939837202,0.403243548530427,0.105195358553369,8.98889609812494
"DNAP",0.0052066889632107,0.929481537114447,0.91534095822861,0.999600362332346,4,1.2427641395438,12.138206977286,0.561440757718748,3.52666896886489,0.134920507952368,0.403095915048281,0.104744158954403,8.99681534016454
"DNAP",0.00518795986622074,0.926138078347848,0.915303656284055,0.999559626651332,4,1.24286201420966,12.1431007104849,0.5619168420974,3.52389232645127,0.134951100686073,0.402946586622586,0.104292760511606,9.00476890540283
"DNAP",0.00516923076923077,0.922794619581249,0.915264373281195,0.999516727550686,4,1.24296044529992,12.1480222650204,0.562395268587943,3.52110559951221,0.134981708541771,0.402795369785189,0.103841188488046,9.01276198925032
"DNAP",0.0051505016722408,0.919451160814651,0.915223084327729,0.999471637846708,4,1.24305936499846,12.1529682504705,0.562875780366187,3.5183095877937,0.135012344905335,0.402642407917376,0.103389386430922,9.02079020084688
"DNAP",0.00513177257525084,0.916107702048052,0.915179763977255,0.999424329750593,4,1.2431588190868,12.1579409546991,0.563358543518208,3.51550385402594,0.135043004974163,0.402487617970407,0.102937383145492,9.02885639443718
"DNAP",0.00511304347826087,0.912764243281453,0.915134389629082,0.9993747785812,4,1.24325880376718,12.1629401888629,0.563843531671825,3.51268862236731,0.135073686076572,0.402331012674468,0.102485208163072,9.03696014506552
"DNAP",0.0050943143812709,0.909420784514855,0.915086928321318,0.999322948342411,4,1.24335933707349,12.1679668514485,0.564330849986908,3.50986313223068,0.135104392036959,0.402172506608607,0.102032794135661,9.04510317038555
"DNAP",0.00507558528428094,0.906077325748256,0.915037357071845,0.99926881393655,4,1.24346040716164,12.1730203572327,0.564820439485885,3.50702773632357,0.135135122540254,0.402012127710325,0.101580172572073,9.05328449561279
"DNAP",0.00505685618729097,0.902733866981657,0.914985650869122,0.9992123480497,4,1.24356202357414,12.1781011792475,0.565312331215907,3.50418239833215,0.135165875153586,0.401849853715904,0.101127366219064,9.06150465666176
"DNAP",0.005038127090301,0.899390408215058,0.914931781318906,0.999153519673858,4,1.24366418569745,12.1832092835626,0.565806519830887,3.50132714681687,0.13519665344771,0.401685689168497,0.100674360182082,9.06976358528731
"DNAP",0.00501939799331104,0.89604694944846,0.914875719944214,0.999092297710663,4,1.24376691696014,12.1883458466543,0.566303113240056,3.49846145600132,0.135227452268438,0.401519546316919,0.100221162668438,9.07806305951631
"DNAP",0.00500066889632107,0.892703490681861,0.914817438671722,0.999028651502574,4,1.24387022651142,12.1935113255732,0.566802150045548,3.49558515642483,0.135258271605952,0.401351390783476,0.0997677786836558,9.08640373308428
"DNAP",0.0049819397993311,0.889360031915262,0.914756910819416,0.99896255191143,4,1.24397409864615,12.1987049305846,0.567303549790111,3.49269871938449,0.135289114743644,0.401181283791576,0.0993142114335411,9.09478429088127
"DNAP",0.00496321070234114,0.886016573148664,0.914694101715333,0.998893961073628,4,1.24407855599414,12.2039277995997,0.567807415744769,3.48980162514727,0.135319982878125,0.401009161396707,0.0988604273249013,9.10320645885529
"DNAP",0.00494448160535117,0.882673114382065,0.914628989865596,0.998822855516726,4,1.24418359361761,12.2091796802917,0.568313718149103,3.48689410079464,0.135350870361377,0.400835012942723,0.0984064893837893,9.11166974398889
"DNAP",0.0049257525083612,0.879329655615466,0.914561535392164,0.998749191691812,4,1.24428923340777,12.2144616743551,0.568822561359619,3.48397557138664,0.135381783262033,0.400658787448446,0.0979523294933782,9.1201758872329
"DNAP",0.00490702341137124,0.875986196848867,0.91449171488163,0.998672944030217,4,1.24439547047155,12.2197735227161,0.569333915569698,3.48104624908107,0.135412716983316,0.400480477444315,0.0974979999059927,9.12872440257645
"DNAP",0.00488829431438127,0.872642738082268,0.914419500476102,0.998594082109658,4,1.24450230961206,12.225115477523,0.56984778513296,3.47810629038036,0.135443671118674,0.400300089833618,0.0970435230853919,9.13731539506531
"DNAP",0.0048695652173913,0.86929927931567,0.914344845997957,0.998512555501751,4,1.24460977291457,12.2304886452539,0.57036429574848,3.47515481051907,0.135474649087598,0.400117532775655,0.0965888085798027,9.14595092902458
"DNAP",0.00485083612040134,0.865955820549071,0.914267732528527,0.998428343546315,4,1.24471785655162,12.2358928256832,0.570883397422119,3.47219238202134,0.135505649974168,0.399932839674193,0.0961339427447243,9.1546302090302
"DNAP",0.00483210702341137,0.862612361782472,0.914188123989478,0.998341406843917,4,1.2448265561362,12.2413278069517,0.571405105484213,3.46921859277061,0.135536670582099,0.399745949611375,0.0956788994459749,9.16335343701622
"DNAP",0.0048133779264214,0.859268903015874,0.914105985762194,0.998251707589212,4,1.24493591346725,12.246795673771,0.571929541162728,3.46623346932518,0.13556771206305,0.399556864464025,0.095223691680109,9.17212277390562
"DNAP",0.00479464882943144,0.855925444249275,0.914021290934038,0.998159216392187,4,1.24504589768048,12.2522948832523,0.572456608090811,3.46323709054694,0.135598774327361,0.39936556850751,0.0947683392691925,9.18093651907638
"DNAP",0.00477591973244147,0.852581985482676,0.913933986859732,0.998063875761436,4,1.24515654325442,12.2578271624303,0.572986466577496,3.46022860605326,0.135629860778387,0.399171975439422,0.0943127526288143,9.1897973525913
"DNAP",0.00475719063545151,0.849238526716077,0.913844056901432,0.997965667527561,4,1.24526783916115,12.2633919579706,0.573519042916713,3.45720862022216,0.135660966842749,0.398976116955979,0.0938570312906873,9.19870407957078
"DNAP",0.00473846153846154,0.845895067949479,0.913751458457753,0.997864545167614,4,1.24537981946945,12.2689909742942,0.574054467898077,3.45417668960377,0.135692091905897,0.398777934170006,0.0934011532959857,9.20765894370506
"DNAP",0.00471973244147157,0.84255160918288,0.913656156250615,0.997760470156078,4,1.24549246049528,12.2746230262671,0.574592676783664,3.45113276604367,0.135723237056988,0.398577411894802,0.0929451057666432,9.21666074892979
"DNAP",0.00470100334448161,0.839208150416281,0.913558113584347,0.997653402419357,4,1.24560575939702,12.2802879706069,0.575133660223419,3.44807681711601,0.135754405714117,0.398374530704814,0.0924888861044419,9.22570937467497
"DNAP",0.00468227424749164,0.835864691649682,0.913457292404275,0.997543300399749,4,1.24571981107816,12.285990553696,0.575677720121159,3.44500857284059,0.135785592507521,0.398169251390723,0.092032541804955,9.23481008551575
"DNAP",0.00466354515050167,0.832521232883084,0.913353655250248,0.997430123188803,4,1.2458345096524,12.2917254829064,0.576224542375256,3.44192802615824,0.13581680035838,0.397961555137736,0.0915760140965055,9.24395732900843
"DNAP",0.00464481605351171,0.829177774116485,0.913247162223788,0.997313827215289,4,1.24594995856211,12.2974979279862,0.576774457061751,3.43883484429948,0.135848025548214,0.397751384405588,0.0911193557084554,9.25315687763332
"DNAP",0.00462608695652174,0.825834315349886,0.913137774494423,0.997194370074292,4,1.24606607952572,12.3033039763162,0.57732722570375,3.43572910965643,0.135879271710725,0.397538741138591,0.0906625209082345,9.26240453318657
"DNAP",0.00460735785953177,0.822490856583288,0.913025453339149,0.997071709478258,4,1.24618297284374,12.3091486420668,0.577883167649318,3.43261051887816,0.135910535877323,0.397323571946799,0.0902055696120703,9.27170587880605
"DNAP",0.00458862876254181,0.819147397816689,0.912910156047962,0.996945798785625,4,1.24630058070929,12.315029035534,0.578442101210381,3.42947919943853,0.135941820688367,0.397105886453437,0.0897484588133993,9.28105774240371
"DNAP",0.00456989966555184,0.81580393905009,0.912791841516598,0.996816593108377,4,1.24641891365971,12.3209456799283,0.579004060464427,3.42633510120247,0.135973130446246,0.396885660612084,0.0892911944865644,9.29046072109698
"DNAP",0.00455117056856187,0.812460480283491,0.912670467428224,0.996684046234313,4,1.24653803403841,12.3269017012539,0.579569312978074,3.42317709260058,0.136004444278936,0.39666272597416,0.088833809626407,9.29991927740574
"DNAP",0.00453244147157191,0.809117021516893,0.912545991736847,0.996548112247001,4,1.24665790061373,12.3328950306945,0.580137663638407,3.42000615574543,0.136035784655498,0.39643721124507,0.088376279586887,9.30943021094171
"DNAP",0.00451371237458194,0.805773562750294,0.912418369756113,0.996408742346597,4,1.2467785383321,12.3389269167534,0.580709223007745,3.41682177820337,0.13606714344589,0.396209028673158,0.0879186146786402,9.31899536444915
"DNAP",0.00449498327759197,0.802430103983695,0.912287557431386,0.996265888423129,4,1.24689995731998,12.3449978673391,0.581284037194415,3.41362375532466,0.136098518974679,0.395978137470839,0.0874608196623974,9.32861548252061
"DNAP",0.00447625418060201,0.799086645217096,0.912153509733674,0.996119501302572,4,1.24702215479485,12.3511077398356,0.58186210184513,3.41041198509054,0.136129910427972,0.395744514035134,0.0870028903636912,9.33829052033684
"DNAP",0.00445752508361204,0.795743186450498,0.912016178662722,0.99596952856613,4,1.24714518403873,12.3572592018972,0.582443592120777,3.40718624609695,0.136161320686756,0.395508110796909,0.0865448486965226,9.34802350308157
"DNAP",0.00443879598662207,0.792399727683899,0.911875519988322,0.995815921912093,4,1.24726900939414,12.3634504694915,0.583028403930785,3.40394650960713,0.136192747357001,0.395268912750976,0.0860866807531833,9.35781258875576
"DNAP",0.00442006688963211,0.7890562689173,0.911731482406914,0.995658625314284,4,1.24739364608598,12.3696822992457,0.583616581501584,3.40069276697089,0.136224194563975,0.395026912225421,0.0856283790725284,9.36765857656986
"DNAP",0.00440133779264214,0.785712810150701,0.91158401869496,0.99549758720212,4,1.24751912960822,12.3759564800859,0.584208285408298,3.39742427448012,0.136255654579452,0.394781981896022,0.0851699680577396,9.37756411395925
"DNAP",0.00438260869565217,0.782369351384103,0.911433082091462,0.995332756510137,4,1.2476454647802,12.3822732390011,0.58480350623394,3.39414130971258,0.136287127537083,0.394534147145393,0.0847114578858735,9.38752915390819
"DNAP",0.00436387959866221,0.779025892617504,0.911278616695023,0.995164072191075,4,1.2477726407506,12.3886320379514,0.58540221762057,3.39084380823364,0.136318624254064,0.394283393143161,0.0842528184225248,9.39755318759397
"DNAP",0.00434515050167224,0.775682433850905,0.911120575482941,0.994991482893677,4,1.24790068007013,12.3950340029423,0.586004515228034,3.38753135853689,0.13635012916002,0.394029647063224,0.0837940758352881,9.40763783319703
"DNAP",0.00432642140468227,0.772338975084307,0.910958904130141,0.994814929292108,4,1.24802960296241,12.4014801450094,0.586610476119906,3.38420373603398,0.136381650025901,0.393772855601069,0.0833352326261681,9.41778437290099
"DNAP",0.00430769230769231,0.768995516317708,0.910793549969302,0.994634353870893,4,1.24815942330101,12.4079711639593,0.587220131612173,3.38086103078421,0.136413186986821,0.39351302313897,0.0828762950613976,9.42799345359911
"DNAP",0.00428896321070234,0.765652057551109,0.910624457183501,0.994449695675021,4,1.24829013539001,12.4145067700946,0.587833488238624,3.37750292811062,0.136444740823678,0.393250093358745,0.082417250630248,9.43826508764336
"DNAP",0.00427023411371237,0.76230859878451,0.910451572681237,0.994260896725786,4,1.24842175857356,12.4210879285141,0.588450615385477,3.37412926730136,0.136476305231491,0.39298402456758,0.0819581165889677,9.44860046098834
"DNAP",0.00425150501672241,0.758965140017912,0.910274838034663,0.994067893216914,4,1.24855430643791,12.4277153213924,0.589071565041589,3.37073984118603,0.136507885908255,0.392714772234666,0.0814988901693856,9.45900049547711
"DNAP",0.00423277591973244,0.755621681251313,0.910094198677465,0.993870625559128,4,1.2486877890897,12.4343894524687,0.589696372145489,3.36733462104642,0.136539473538154,0.392442329006015,0.0810395806815232,9.46946575856324
"DNAP",0.00421404682274247,0.752278222484714,0.909909591390435,0.993669024713731,4,1.24882222091315,12.4411110462822,0.590325107055532,3.36391317081603,0.136571079240769,0.392166600455413,0.0805801824750438,9.47999744615307
"DNAP",0.00419531772575251,0.748934763718116,0.909720957688319,0.993463026811761,4,1.24895761684498,12.4478808419975,0.590957828437114,3.36047528348226,0.136602695802943,0.391887548650292,0.080120703184447,9.49059655415395
"DNAP",0.00417658862876254,0.745591304951517,0.909528239529794,0.993252568469043,4,1.2490939865038,12.4546993252669,0.591594546395217,3.35702123347538,0.136634332180371,0.391605200565501,0.0796611493166244,9.50126330105848
"DNAP",0.00415785953177258,0.742247846184918,0.90933137433136,0.993037581341114,4,1.24923134489991,12.4615672425409,0.592235355239609,3.35355030431991,0.136665972929523,0.391319434621128,0.0792015277456073,9.51199921947988
"DNAP",0.00413913043478261,0.738904387418319,0.909130298222759,0.9928179956783,4,1.24936970418002,12.4684852091219,0.592880306979406,3.3500622733792,0.136697619447033,0.391030212965426,0.0787418360191954,9.52280518224673
"DNAP",0.00412040133779264,0.735560928651721,0.908924944668829,0.992593738820712,4,1.24950907878975,12.4754539409406,0.593529422744851,3.34655741930781,0.136729279078804,0.390737552185611,0.0782820762767373,9.53368164786681
"DNAP",0.00410167224080268,0.732217469885122,0.908715247778706,0.992364738812067,4,1.24964948304923,12.4824741520044,0.594182761310286,3.34303547941061,0.13676096627722,0.390441388489671,0.0778222501223293,9.54462962198656
"DNAP",0.00408294314381271,0.728874011118523,0.90850114508434,0.992130927433978,4,1.24979092906488,12.4895464555363,0.594840432249542,3.33949549582898,0.136792638856587,0.390141579860829,0.0773623765861189,9.5556507682349
"DNAP",0.00406421404682274,0.725530552351924,0.908282566898604,0.991892228584445,4,1.24993345108761,12.4966725545409,0.595502491154715,3.33593802909151,0.136824331319701,0.389838192142375,0.0769024581600184,9.56674626660005
"DNAP",0.00404548494983278,0.722187093585326,0.908059440335543,0.99164856266818,4,1.25007703293987,12.5038516468316,0.596168920699019,3.33236266345728,0.136856035002242,0.389531148258958,0.0764424777300391,9.57791570960809
"DNAP",0.00402675585284281,0.718843634818727,0.907831698847571,0.991399857011727,4,1.25022169627836,12.5110848161951,0.596839802470822,3.3287691718428,0.136887746407249,0.389220388601705,0.0759824563036587,9.58916047405877
"DNAP",0.00400802675585284,0.715500176052128,0.907599267409051,0.991146029683152,4,1.25036746396462,12.5183731985887,0.597515218716138,3.32515728717555,0.13691946266862,0.388905857526871,0.0755223973522152,9.60048202332879
"DNAP",0.00398929765886288,0.71215671728553,0.907362073383359,0.990887001359452,4,1.2505143483821,12.5257174186085,0.598195213585247,3.32152691375857,0.136951192063433,0.388587536664083,0.0750622989633556,9.61188110442456
"DNAP",0.00397056856187291,0.708813258518931,0.907120040020783,0.990622688225911,4,1.25066237009525,12.5331185027444,0.598879885423406,3.31787758056384,0.136982923156857,0.388265335219872,0.074602169702472,9.62335928921252
"DNAP",0.00395183946488294,0.705469799752332,0.906873089214577,0.990353004985864,4,1.2508115384262,12.5405769214882,0.599569258765336,3.31420925539627,0.137014661064956,0.38793922582694,0.0741420087543392,9.63491709940013
"DNAP",0.00393311036789298,0.702126340985733,0.906621149473418,0.990077873567037,4,1.2509618746938,12.5480937362189,0.600263421364531,3.310521601018,0.13704640771088,0.387609141620147,0.0736818339242179,9.64655599104043
"DNAP",0.00391438127090301,0.698782882219135,0.906364132219515,0.989797197237832,4,1.25111339398203,12.5556696991145,0.600962446494129,3.30681420808848,0.137078157142063,0.387275008893336,0.0732216332691527,9.65827718025187
"DNAP",0.00389565217391304,0.695439423452536,0.906101962891078,0.989510894572861,4,1.25126611315467,12.5633056561252,0.601666371647407,3.30308724485269,0.137109913068521,0.386936828372262,0.072761425617326,9.67008137823112
"DNAP",0.00387692307692308,0.692095964685937,0.905834554460529,0.989218870533441,4,1.25142004911874,12.5710024555587,0.602375266430577,3.29934040548694,0.137141675785268,0.386594537322799,0.0723012081092095,9.68196978830382
"DNAP",0.00385819397993311,0.688752505919338,0.905561826076152,0.988921036825258,4,1.2515752190287,12.5787609512374,0.603089227792726,3.29557308486232,0.137173436987706,0.386248030044282,0.0718409924521408,9.69394393282863
"DNAP",0.00383946488294314,0.68540904715274,0.905283684441031,0.988617291563181,4,1.25173164159693,12.5865820798038,0.603808332648262,3.29178494764176,0.137205201977528,0.385897251664704,0.071380766266191,9.7060051366649
"DNAP",0.00382073578595318,0.682065588386141,0.905000046903151,0.988307544486873,4,1.25188934886183,12.5944674431263,0.604532659260811,3.28797618510948,0.137236969093666,0.385542188411525,0.0709205606506625,9.71815488341417
"DNAP",0.00380200668896321,0.678722129619542,0.904710823569456,0.9879916974284,4,1.25204831932403,12.6024159645045,0.605262155014013,3.28414665415262,0.137268737493876,0.385182812996803,0.0704603555878733,9.73039219159026
"DNAP",0.00378327759197324,0.675378670852943,0.904415917681632,0.987669644722605,4,1.25220862541741,12.6104312721071,0.605997116654191,3.28029518833854,0.137300504350924,0.384818910702643,0.0700001826191948,9.74272206570423
"DNAP",0.00376454849498328,0.672035212086345,0.904115238097919,0.987341286837902,4,1.25237024526987,12.6185122632871,0.606737445177555,3.27642226656046,0.137332276679436,0.384450566578541,0.069540018055309,9.75514285257811
"DNAP",0.00374581939799331,0.668691753319746,0.903808690565353,0.98700652084511,4,1.252533212675,12.6266606324972,0.60748326035584,3.27252759999314,0.137364048093656,0.384077692929602,0.0690798871608125,9.76765663232452
"DNAP",0.00372709030100334,0.665348294553147,0.903496178448341,0.986665241213089,4,1.25269754632934,12.6348773160761,0.60823465697138,3.26861062240419,0.137395812536763,0.383700189204455,0.0686197959804041,9.78026496952539
"DNAP",0.00370836120401338,0.662004835786548,0.903177592246767,0.986317328361965,4,1.252863273559,12.6431636777551,0.608991732110431,3.26467108357529,0.137427582807222,0.383318014216478,0.068159730121839,9.79296954655419
"DNAP",0.00368963210702341,0.65866137701995,0.902852842675821,0.985962684788041,4,1.25303039911116,12.6515199549976,0.60975450777277,3.26070887610563,0.137459349026469,0.382931103742017,0.0676997174091091,9.80577072632368
"DNAP",0.00367090301003345,0.655317918253351,0.902521814294076,0.985601184423222,4,1.25319895835637,12.6599479179153,0.610523122948912,3.25672349534097,0.137491107320085,0.3825393784103,0.0672397500758547,9.81867088820156
"DNAP",0.00365217391304348,0.651974459486752,0.902184408166792,0.985232719225576,4,1.25336896867162,12.6684484335867,0.611297647811598,3.25271468325072,0.137522863768253,0.382142778514489,0.0667798400969623,9.83167120207275
"DNAP",0.00363344481605351,0.648631000720154,0.901840513079893,0.984857167743499,4,1.2535404518391,12.6770225925539,0.612078164683046,3.24868215860972,0.137554617254825,0.381741222132701,0.0663199956343283,9.84477310248119
"DNAP",0.00361471571906355,0.645287541953555,0.901490017741556,0.984474408440479,4,1.25371342987921,12.6856714936575,0.612864761972199,3.24462558615866,0.137586366644723,0.381334653030178,0.0658602171180977,9.8579780836076
"DNAP",0.00359598662207358,0.641944083186956,0.901132810040181,0.984084318884765,4,1.25388792598326,12.6943962991218,0.613657533949846,3.24054461029987,0.137618104456844,0.380922998810673,0.0654005137145035,9.8712877370435
"DNAP",0.00357725752508361,0.638600624420357,0.900768774810952,0.983686773310334,4,1.25406396352461,12.7031981766541,0.614456580651852,3.23643876833767,0.137649836342683,0.380506145754275,0.0649408968642911,9.88470375931197
"DNAP",0.00355852842809365,0.635257165653759,0.900397785468851,0.983281633479704,4,1.25424157066797,12.7120785336562,0.615261989105599,3.23230798495384,0.137681561191179,0.380084081441106,0.0644813586079688,9.8982277044074
"DNAP",0.00353979933110368,0.63191370688716,0.900019730966254,0.982868778123041,4,1.2544207565189,12.7210378259405,0.616073797209221,3.22815212173309,0.137713280319096,0.379656745771515,0.064021914931705,9.91186019069899
"DNAP",0.00352107023411371,0.628570248120561,0.899634484720411,0.98244806900534,4,1.25460157177428,12.7300785884577,0.616892238622283,3.22396997478453,0.137744983608346,0.379223948192294,0.0635625788919696,9.92560512162268
"DNAP",0.00350234113712375,0.625226789353962,0.899241919767596,0.982019367475549,4,1.25478400425139,12.7392002129528,0.6177172404843,3.21976206708022,0.137776674747206,0.378785724682896,0.0631033430990513,9.93946132052235
"DNAP",0.00348361204013378,0.621883330587364,0.898841907785031,0.981582533398461,4,1.25496812694492,12.7484063471407,0.618549076598607,3.21552752733613,0.137808356907545,0.3783419326197,0.0626442334101347,9.95343350239974
"DNAP",0.00346488294314381,0.618539871820765,0.898434315664913,0.981137421413368,4,1.25515392567026,12.7576962833382,0.619387711909039,3.21126628468214,0.137840025244607,0.377892526193496,0.0621852396093368,9.9675210039289
"DNAP",0.00344615384615385,0.615196413054166,0.898019004110716,0.980683879401155,4,1.25534144123307,12.7670720627598,0.620233302347629,3.20697780715828,0.137871683151994,0.377437414305529,0.0617263651718873,9.98172651009774
"DNAP",0.00342742474916388,0.611852954287568,0.897595846339986,0.980221768908728,4,1.25553070040198,12.7765350201504,0.621085952746865,3.20266173770122,0.137903320994151,0.376976497943089,0.0612676383323165,9.9960517934196
"DNAP",0.00340869565217391,0.608509495520969,0.897164690298132,0.979750923884494,4,1.25572173162325,12.7860865812783,0.621945775936984,3.19831762915292,0.137934948842664,0.376509699797131,0.0608090459984212,10.0104987993433
"DNAP",0.00338996655518395,0.60516603675437,0.896725397022032,0.979271192573433,4,1.25591456078398,12.7957280391781,0.622812867725355,3.19394524626655,0.137966555983222,0.376036951543456,0.0603506054801287,10.0250691368025
"DNAP",0.00337123745819398,0.601822577987771,0.896277815199334,0.978782409734513,4,1.25610918988773,12.8054594949974,0.623687222674725,3.18954467400289,0.137998161452678,0.37555822880638,0.0598923043703054,10.0397628049076
"DNAP",0.00335250836120401,0.598479119221173,0.895821795687875,0.978284412496668,4,1.25630573468942,12.8152867338019,0.624569349560074,3.18511359891552,0.138029720593951,0.375073166804118,0.0594342026461072,10.0545882920868
"DNAP",0.00333377926421405,0.595135660454574,0.89535719216856,0.977777041071765,4,1.25650413564589,12.8252067802336,0.625458958524007,3.18065359423163,0.13806127012621,0.374581970328142,0.0589762644789203,10.0695408241688
"DNAP",0.00331505016722408,0.591792201687975,0.89488383134214,0.977260106207931,4,1.25670445571693,12.8352227858937,0.626356332490031,3.1761632792313,0.138092799037428,0.374084404475662,0.0585184990670458,10.0846251339686
"DNAP",0.00329632107023411,0.588448742921376,0.894401565081293,0.976733446142357,4,1.25690672360202,12.8453361796109,0.627261546173089,3.17164275989453,0.138124308816448,0.373580447311783,0.0580609297175569,10.0998426116685
"DNAP",0.00327759197324415,0.585105284154778,0.893910222302115,0.976196874042441,4,1.25711097402873,12.8555487014125,0.628174765816609,3.16709115925468,0.138155792260484,0.373069945975383,0.0576035588340046,10.1151959906507
"DNAP",0.00325886287625418,0.581761825388179,0.893409635168152,0.975650206621968,4,1.25731722814112,12.8658614072542,0.629096062760188,3.16250832865076,0.138187250049752,0.372552845828372,0.0571463909600601,10.1306865271706
"DNAP",0.00324013377926421,0.57841836662158,0.892899629971629,0.975093254182931,4,1.25752554754041,12.8762773767445,0.630025658348898,3.15789365538713,0.138218686307378,0.37202902141948,0.056689447135917,10.1463180804746
"DNAP",0.00322140468227425,0.575074907854982,0.892380028691658,0.974525822317178,4,1.25773593688999,12.8867968447476,0.630963615447233,3.15324651331532,0.138250091074193,0.371498347576554,0.0562327230301613,10.1620915429045
"DNAP",0.00320267558528428,0.571731449088383,0.891850655025691,0.973947718493075,4,1.25794842729802,12.8974213648897,0.631910024928302,3.14856683432782,0.138281471695588,0.370960778622935,0.0557762297395444,10.1780086107917
"DNAP",0.00318394648829431,0.568387990321784,0.89131132246709,0.973358739035586,4,1.25816307054898,12.9081535275288,0.632865103403978,3.14385369941575,0.138312818258913,0.370416144654123,0.0553199851927552,10.1940729533933
"DNAP",0.00316521739130435,0.565044531555185,0.890761829644291,0.972758664036395,4,1.25837989750975,12.9189948755453,0.63382896448744,3.13910681363202,0.138344135650341,0.369864375982787,0.0548639820895134,10.2102864867226
"DNAP",0.00314648829431438,0.561701072788587,0.890201995205267,0.972147295449571,4,1.25859894083249,12.9299470415263,0.634801727343501,3.13432581189655,0.138375422312857,0.369305370566053,0.0544082439944686,10.226651299208
"DNAP",0.00312775919732441,0.558357614021988,0.889631617489161,0.971524413050875,4,1.25882024040145,12.9410120193169,0.635783566468464,3.12950988306261,0.138406672095982,0.368738978502331,0.0539527785838729,10.243170319883
"DNAP",0.00310903010033445,0.555014155255389,0.889050490189766,0.970889791543103,4,1.25904383411128,12.9521917057781,0.636774628971908,3.12465852937395,0.138437884856951,0.368165102172725,0.0534975898928935,10.2598460497081
"DNAP",0.00309030100334448,0.55167069648879,0.888458408616571,0.970243207393475,4,1.25926975847151,12.9634879245938,0.637775036793623,3.11977150146188,0.138469064531167,0.367583639666641,0.0530426969384646,10.2766806546334
"DNAP",0.00307157190635452,0.548327237722192,0.887855153771831,0.96958442144496,4,1.25949805382678,12.9749026910389,0.63878496544708,3.11484799045917,0.138500209191301,0.366994456520092,0.0525880993057059,10.2936770768595
"DNAP",0.00305284280936455,0.544983778955593,0.887240510475818,0.968913198710004,4,1.25972877452325,12.9864387256766,0.639804610648494,3.10988750101594,0.138531310557087,0.366397433869415,0.0521338214142001,10.3108386913073
"DNAP",0.00303411371237458,0.541640320188994,0.886614250025184,0.968229289432548,4,1.25996192982457,12.9980964916115,0.640834033256545,3.10488950774557,0.13856237534175,0.36579245563329,0.0516798525687191,10.328166513487
"DNAP",0.00301538461538462,0.538296861422396,0.885976147428693,0.967532447910356,4,1.26019759347908,13.0098796737631,0.64187349774474,3.09985335632526,0.138593394050486,0.365179385159845,0.0512262248074622,10.3456650890407
"DNAP",0.00299665551839465,0.534953402655797,0.885325975009991,0.966822425508898,4,1.26043577299417,13.0217886500743,0.642923041971816,3.09477878548232,0.138624369284364,0.364558140228999,0.0507729386363721,10.3633350811699
"DNAP",0.00297792642140468,0.531609943889198,0.88466346878638,0.966098933945219,4,1.2606765385898,13.0338269294484,0.643982948373288,3.08966472924606,0.138655301605775,0.363928525091255,0.0503199977432099,10.3811812605116
"DNAP",0.00295919732441472,0.528266485122599,0.883988413909188,0.965361738593291,4,1.26091992655701,13.0459963279982,0.645053340532934,3.0845108905571,0.138686183845035,0.363290450035329,0.0498674378743402,10.3992058465454
"DNAP",0.00294046822742475,0.524923026356001,0.88330051620394,0.96461051819915,4,1.26116598177289,13.0582990878336,0.646134410463573,3.07931647174366,0.138717019641717,0.36264376180366,0.0494152354467768,10.4174120057571
"DNAP",0.00292173913043478,0.521579567589402,0.88259954674479,0.963845022763759,4,1.26141476545725,13.0707382728773,0.64722639554991,3.07408060001969,0.138747802521374,0.361988286481653,0.0489634341625853,10.4358038525851
"DNAP",0.00290301003344482,0.518236108822803,0.881885235182786,0.963064957051876,4,1.26166627974414,13.083313987265,0.648329307350867,3.06880319170643,0.138778535949127,0.361323957282199,0.048512023629527,10.4543815795907
"DNAP",0.00288428093645485,0.514892650056204,0.881157303935133,0.962270017928518,4,1.26192061249579,13.0960306242572,0.649443462142821,3.06348339876253,0.138809213039877,0.36065061804494,0.0480610286703165,10.4731506704744
"DNAP",0.00286555183946488,0.511549191289606,0.880415482189764,0.9614599096527,4,1.2621778209176,13.1088910494363,0.650569083706765,3.05812044010435,0.138839836377776,0.359968094736582,0.047610473831239,10.4921149322788
"DNAP",0.00284682274247492,0.508205732523007,0.879659464134874,0.96063429826188,4,1.26243789832875,13.1218949185908,0.651706187681081,3.05271377509797,0.138870404565745,0.359276273559276,0.0471603287593273,10.5112745574817
"DNAP",0.00282809364548495,0.504862273756408,0.878888969792446,0.959792878005371,4,1.26270097499253,13.135048748968,0.652855231449105,3.04726233752446,0.138900913083435,0.358574944034458,0.0467106547660283,10.5306374830534
"DNAP",0.00280936454849498,0.50151881498981,0.878103702889904,0.958935325337971,4,1.26296703756886,13.1483518768759,0.654016194930779,3.04176585425812,0.138931358290514,0.357864007927897,0.0462614416929178,10.5502032946488
"DNAP",0.00279063545150502,0.498175356223211,0.877303343139715,0.958061290488888,4,1.26323616060421,13.1618080300899,0.655189363165178,3.03622336251116,0.138961743267112,0.357143287409753,0.0458127004688906,10.5699768871586
"DNAP",0.00277190635451505,0.494831897456612,0.876487565834421,0.957170418860536,4,1.26350839494256,13.1754197474683,0.656374945030114,3.03063398671759,0.138992063443263,0.356412602049442,0.045364439236245,10.5899618255106
"DNAP",0.00275317725752508,0.491488438690013,0.875656069463027,0.956262381187085,4,1.26378380100752,13.1891900475151,0.657573142457438,3.02499736970353,0.139022319493892,0.355671838674685,0.0449166920859796,10.6101616445401
"DNAP",0.00273444816053512,0.488144979923415,0.874808512630693,0.955336804647457,4,1.26406244611968,13.2031223060063,0.658784228506927,3.01931242286262,0.139052505644157,0.354920792559389,0.0444694718127075,10.6305810063226
"DNAP",0.00271571906354515,0.484801521156816,0.873944529322875,0.954393289534558,4,1.26434436896119,13.2172184481703,0.660008373769463,3.01357833503752,0.139082622370578,0.354159290668934,0.0440227689607944,10.6512227616057
"DNAP",0.00269698996655518,0.481458062390217,0.873063804066457,0.953431491335191,4,1.26462960985971,13.2314804882942,0.661245711117792,3.00779484561442,0.139112664104362,0.353387243251156,0.0435766134593567,10.6720892956219
"DNAP",0.00267826086956522,0.478114603623618,0.872165945423891,0.952450982579012,4,1.2649182726275,13.2459136315194,0.662496666569476,3.00196023998551,0.139142636542559,0.352604327846402,0.0431310219316267,10.693187822616
"DNAP",0.00265953177257525,0.47477114485702,0.871250605326922,0.95145138315722,4,1.26521036614159,13.2605183098836,0.663761241094943,2.99607483357614,0.139172530653327,0.351810544551441,0.0426860003533894,10.7145184810398
"DNAP",0.00264080267558528,0.471427686090421,0.870317395237373,0.950432268765736,4,1.26550599901896,13.2752999509921,0.665039912860395,2.99013636782355,0.1392023445348,0.351005515281852,0.0422415754039924,10.7360892811776
"DNAP",0.00262207357859532,0.468084227323822,0.869365926012868,0.949393214440664,4,1.26580520450013,13.2902602249421,0.666332720811353,2.98414560561124,0.139232082173377,0.350189276684153,0.0417977546890275,10.7579011934666
"DNAP",0.00260334448160535,0.464740768557223,0.868395798010658,0.948333783751149,4,1.26610808524464,13.3054042621676,0.667640161168241,2.9780998037012,0.139261747979775,0.34936136994535,0.0413545668875027,10.7799624017657
"DNAP",0.00258461538461538,0.461397309790625,0.867406598075081,0.947253525509525,4,1.26641464873943,13.3207324369119,0.668962209952767,2.97199957669247,0.139291314094105,0.348521839193709,0.0409120061139404,10.8022727002623
"DNAP",0.00256588628762542,0.458053851024026,0.866397907286592,0.946151982233667,4,1.26672499358474,13.3362496794181,0.670299230116262,2.96584381448718,0.139320802624691,0.3476704489831,0.0404701013196551,10.824838380915
"DNAP",0.00254715719063545,0.454710392257427,0.865369292576389,0.945028680989713,4,1.26703918615418,13.3519593074505,0.671651522240026,2.95963103776051,0.139350203787833,0.346806916733289,0.0400288704441949,10.8476644405022
"DNAP",0.00252842809364549,0.451366933490829,0.864320307735794,0.943883134494374,4,1.26735729390793,13.3678646955963,0.673019353369572,2.95336023296166,0.139379502743522,0.345931035600243,0.0395883308753664,10.8707554817474
"DNAP",0.00250969899665552,0.44802347472423,0.863250514711917,0.942714864370902,4,1.26767939776029,13.3839698882004,0.67440299563367,2.94703083207292,0.139408717866286,0.345042650444722,0.0391485115545713,10.8941163102205
"DNAP",0.00249096989966555,0.444680015957631,0.862159387528481,0.941523296225603,4,1.26800555464959,13.400277732561,0.675802687192113,2.94064185036779,0.139437836479961,0.344141568404827,0.0387093930728222,10.9177509348624
"DNAP",0.00247224080267559,0.441336557191032,0.86104650032983,0.94030796500175,4,1.26833585233495,13.4167926167225,0.677218779783232,2.93419188403334,0.139466856439465,0.343227499342704,0.038271032197169,10.9416653997498
"DNAP",0.00245351170568562,0.437993098424434,0.859911343111161,0.939068313747335,4,1.26867031702685,13.4335158513102,0.678651353753494,2.92768084313372,0.139495785014731,0.342300367396449,0.037833416487553,10.9658611655508
"DNAP",0.00243478260869565,0.434649639657835,0.858753399820083,0.937803778906064,4,1.26900910523132,13.4504552611624,0.680101045764762,2.92110617610533,0.13952460068948,0.34135972266524,0.0373965997891281,10.9903490783092
"DNAP",0.00241605351170569,0.431306180891236,0.857572153997865,0.936513796477902,4,1.26935223044128,13.4676115220054,0.68156788341368,2.9144680329422,0.139553315984966,0.340405528556228,0.0369605722886069,11.0151296808879
"DNAP",0.00239732441471572,0.427962722124637,0.856367067885634,0.935197779201936,4,1.26969978907781,13.4849894538744,0.683052239386261,2.90776506444522,0.139581930206664,0.339437502563596,0.0365253627746631,11.0402094140999
"DNAP",0.00237859531772575,0.424619263358039,0.855137585607947,0.933855120033012,4,1.27005186493345,13.5025932465229,0.684554448283996,2.90099599772037,0.139610434069773,0.338455394827419,0.0360909900507647,11.0655939878395
"DNAP",0.00235986622073579,0.42127580459144,0.85388314516945,0.93248520524271,4,1.27040853705386,13.5204268526537,0.686074811988218,2.89415978239363,0.13963882672343,0.337458973333155,0.0356574761441964,11.0912886268093
"DNAP",0.00234113712374582,0.417932345824841,0.852603161209567,0.931087395586564,4,1.27076988867964,13.5384944339898,0.687613653264409,2.88725526062811,0.139667103440362,0.336447995750365,0.0352248404113815,11.1172988883273
"DNAP",0.00232240802675585,0.414588887058243,0.851297035074469,0.929661037303174,4,1.27113600102651,13.5568000512705,0.68917129267811,2.88028121642134,0.139695269554383,0.335422199556931,0.0347931024570107,11.1436302745031
"DNAP",0.00230367892976589,0.411245428291644,0.849964153426507,0.92820546059564,4,1.27150697083087,13.5753485414328,0.690748082721694,2.87323660994264,0.139723318490333,0.334381359750476,0.0343622889764983,11.1702889330551
"DNAP",0.00228494983277592,0.407901969525045,0.848603875595629,0.926719965818645,4,1.27188287647299,13.5941438235662,0.692344349537862,2.86612003449439,0.139751245724442,0.33332519037498,0.033932414973804,11.1972804213686
"DNAP",0.00226622073578595,0.404558510758446,0.847215559509786,0.925203851795816,4,1.27226380777285,13.6131903882545,0.693960432677162,2.85893035631691,0.13977905082634,0.332253444084376,0.0335035063314246,11.2246106134922
"DNAP",0.00224749163879599,0.401215051991848,0.845798529558422,0.92365638072497,4,1.27264985633506,13.6324928165785,0.695596686226878,2.85166629139711,0.13980673131062,0.331165849295725,0.0330755835332533,11.2522856350127
"DNAP",0.00222876254180602,0.397871593225249,0.84435210098001,0.922076804810584,4,1.27304111265686,13.6520556323661,0.697253466284807,2.84432650735412,0.139834288955402,0.330062127724373,0.0326486691820104,11.2803115959569
"DNAP",0.00221003344481605,0.39452813445865,0.842875568915264,0.920464354309329,4,1.27343767688474,13.6718838442196,0.698931141893425,2.83690984882279,0.139861709097164,0.32894202661409,0.0322227925784417,11.3086949503766
"DNAP",0.00219130434782609,0.391184675692051,0.841368198202037,0.918818226385559,4,1.27383963691929,13.69198184597,0.700630071182364,2.82941484070545,0.139889001924518,0.327805240946581,0.0317979693259059,11.3374418111783
"DNAP",0.00217257525083612,0.387841216925453,0.839829245592074,0.917137609373174,4,1.2742470668954,13.712353345191,0.702350535698474,2.82184049261369,0.139916158323779,0.326651532213768,0.0313742191507789,11.3665570895814
"DNAP",0.00215384615384615,0.384497758158854,0.83825794179475,0.915421663166442,4,1.2746601400596,13.733007002921,0.704093202286787,2.81418450025143,0.139943181248435,0.325480494290617,0.0309515911608989,11.3960522329733
"DNAP",0.00213511705685619,0.381154299392255,0.836653504863126,0.913669533838268,4,1.27507888199308,13.7539440996169,0.705858172835621,2.80644637678879,0.139970064650563,0.324291945271786,0.0305300892246306,11.4259290919727
"DNAP",0.00211638795986622,0.377810840625657,0.835015095907922,0.911880305277536,4,1.27550341995061,13.7751709973356,0.707645938464089,2.79862437619915,0.13999680624621,0.323085542665837,0.0301097388478744,11.456196131778
"DNAP",0.00209765886287625,0.374467381859058,0.83334189812184,0.910053085487811,4,1.27593384935976,13.7966924682466,0.709456865152261,2.79071719060734,0.140023402979716,0.321861002303658,0.0296905705461976,11.4868597035775
"DNAP",0.00207892976588629,0.371123923092459,0.831633042334451,0.908186925289371,4,1.27637029502367,13.8185147514972,0.71129144592772,2.78272293067057,0.140049857092626,0.320617952827303,0.0292726147508764,11.517928288219
"DNAP",0.00206020066889632,0.36778046432586,0.829887653046692,0.906280868591296,4,1.27681283644438,13.8406418222364,0.713149972227992,2.77464066900768,0.140076159967414,0.319356162001129,0.0288558930195063,11.5494070150573
"DNAP",0.00204147157190635,0.364437005559262,0.828104809955316,0.904333910374141,4,1.27726159206755,13.8630796034359,0.71503291349058,2.766468578616,0.140102313828557,0.318075262892689,0.0284404332104856,11.5813039694585
"DNAP",0.00202274247491639,0.361093546792663,0.826283576234346,0.902345027574778,4,1.27771668017313,13.8858340090111,0.716940722569989,2.75820504592747,0.140128315914134,0.316774917360792,0.0280262675671996,11.6136270129089
"DNAP",0.00200401337792642,0.357750088026064,0.824423000923743,0.900313181694937,4,1.27817820249468,13.9089101247176,0.718873793841625,2.74984862860626,0.140154155099898,0.315454829359356,0.0276134242329655,11.6463829710466
"DNAP",0.00198528428093646,0.354406629259465,0.8225220619854,0.898237256615373,4,1.27864627209149,13.9323136045806,0.720832581704292,2.74139743517346,0.140179843947213,0.314114593567089,0.0272019248119326,11.6795797018676
"DNAP",0.00196655518394649,0.351063170492867,0.820579766954562,0.896116168512489,4,1.27912100534762,13.9560502674024,0.72281751032986,2.73285018709417,0.140205369923848,0.312753939633645,0.0267918072522347,11.7132246357242
"DNAP",0.00194782608695652,0.347719711726268,0.818595059032014,0.893948763306081,4,1.27960253055197,13.9801265279186,0.724829060747914,2.72420526272825,0.14023073369932,0.311372528835522,0.0263831032165359,11.7473261635584
"DNAP",0.00192909698996656,0.344376252959669,0.816566856006564,0.891733859164736,4,1.28009093085636,14.0045465429423,0.726867597302501,2.7154608269175,0.140255932400835,0.309969966608178,0.0259758335880595,11.7818905313013
"DNAP",0.00191036789297659,0.34103279419307,0.814494049977731,0.889470246202987,4,1.28058634902039,14.0293174508202,0.728933652275057,2.70661513639971,0.140280964043036,0.308545901785938,0.0255700378144804,11.8169270160264
"DNAP",0.00189163879598662,0.337689335426472,0.812375499733429,0.887156678157346,4,1.28108889402786,14.0544447014176,0.731027649449556,2.69766655688101,0.14030582662332,0.307099981836434,0.0251657450734939,11.8524430140185
"DNAP",0.00187290969899666,0.334345876659873,0.810210023640032,0.884791864621884,4,1.2815986884621,14.0799344230554,0.733150063472607,2.68861332331461,0.140330516447017,0.305631840419475,0.0247629867215602,11.8884467699452
"DNAP",0.00185418060200669,0.331002417893274,0.807996408048116,0.882374480227739,4,1.28211585330389,14.1057926648024,0.73530136239685,2.67945367110353,0.140355032213631,0.304141105115331,0.0243617946549533,11.9249464393716
"DNAP",0.00183545150501672,0.327658959126676,0.805733422260844,0.879903180989379,4,1.28264053072359,14.1320265361795,0.737482102874713,2.67018545004949,0.140379375046124,0.302627348997009,0.0239622125381539,11.9619516853492
"DNAP",0.00181672240802676,0.324315500360077,0.803419791898491,0.877376575217267,4,1.28317278909098,14.1586394556471,0.739692529436499,2.66080784363802,0.140403532302835,0.301090339879647,0.0235642572678967,11.9994669437105
"DNAP",0.00179799331103679,0.320972041593478,0.801054179039742,0.874793201831114,4,1.28371280708593,14.1856403544363,0.74193335409427,2.65131801984498,0.140427513223608,0.299529541023835,0.0231679765979286,12.037504480388
"DNAP",0.00177926421404682,0.317628582826879,0.798635242985784,0.872151596717458,4,1.28426069225968,14.2130346132106,0.744205008862397,2.64171416189893,0.140451310558248,0.297944569165596,0.0227734038286925,12.0760718091483
"DNAP",0.00176053511705686,0.314285124060281,0.796161597825491,0.869450246388619,4,1.28481656976875,14.2408284887437,0.746507914838836,2.63199524803679,0.140474917471046,0.296335173996163,0.0223805741780638,12.115176552948
"DNAP",0.00174180602006689,0.310941665293682,0.793631811879257,0.866687587375335,4,1.28538058212398,14.2690291062161,0.748842712739885,2.6221579811349,0.140498353814748,0.294700720037733,0.0219895314268239,12.1548295449556
"DNAP",0.00172307692307692,0.307598206527083,0.791044403868467,0.863862002043621,4,1.285952839437,14.2976419721736,0.751209753330927,2.61220169863374,0.140521582694645,0.293041035764994,0.0216003029263687,12.1950372784651
"DNAP",0.00170434782608696,0.304254747760485,0.788397867527726,0.860971845472621,4,1.28653346382242,14.3266731918597,0.753609537571485,2.60212416342584,0.140544612634605,0.291355645895881,0.0212129288206693,12.235808447885
"DNAP",0.00168561872909699,0.300911288993886,0.785690651725558,0.858015423745359,4,1.28712259055621,14.3561295269473,0.756042605698394,2.5919231277659,0.140567460494627,0.289644087896746,0.020827449909985,12.2771524297856
"DNAP",0.00166688963210702,0.297567830227287,0.782921153886436,0.854990986765262,4,1.28772034732611,14.3860173650767,0.758509443789259,2.58159675766626,0.140590099799861,0.287905993819809,0.0204439048051539,12.3190778386717
"DNAP",0.00164816053511706,0.294224371460688,0.780087725408501,0.85189673417258,4,1.28832686769561,14.416343382982,0.761010563904838,2.57114306181307,0.1406125433137,0.286140928555225,0.0200623348069291,12.3615937065727
"DNAP",0.00162943143812709,0.29088091269409,0.777188694551479,0.848730840339205,4,1.28894227404945,14.4471137028805,0.763546448486545,2.56056003946515,0.140634782868088,0.284348484819809,0.0196827817501785,12.404708517685
"DNAP",0.00161070234113712,0.287537453927491,0.774222319323985,0.845491402919126,4,1.28956669691892,14.478334845945,0.766117626250193,2.54984533661641,0.140656825155405,0.282528178434383,0.019305287143089,12.448431522746
"DNAP",0.00159197324414716,0.284193995160892,0.771186827446633,0.842176486490246,4,1.29020026416765,14.5100132081937,0.768724557038048,2.53899749790335,0.140678649233108,0.280679698125884,0.0189298940309885,12.4927709412505
"DNAP",0.00157324414715719,0.280850536394293,0.768080379739987,0.838784082572106,4,1.29084311392466,14.542155696708,0.771367774669842,2.52801433678812,0.140700267917982,0.278802588501527,0.0185566463411872,12.537736255687
"DNAP",0.00155451505016722,0.277507077627695,0.764901101232718,0.835312143597615,4,1.29149535063196,14.5747675316481,0.774047722054411,2.51689364700541,0.140721670398668,0.27689638766741,0.0181855844487018,12.5833352112398
"DNAP",0.00153578595317726,0.274163618861096,0.761647056271451,0.831758555731709,4,1.29215711336636,14.6078556670438,0.776764906062267,2.50563360306269,0.140742852055687,0.274960719678756,0.0178167540065608,12.6295769850391
"DNAP",0.00151705685618729,0.270820160094497,0.7583162787147,0.828121171844703,4,1.29282851427734,14.6414257138644,0.779519789446632,2.49423206729187,0.140763813309191,0.272995136364252,0.0174501999183376,12.6764696536265
"DNAP",0.00149832775919732,0.267476701327898,0.75490675094712,0.824397788594761,4,1.2935096802632,14.6754840129128,0.782312871721249,2.48268683434177,0.140784550916036,0.270999182834647,0.0170859731683653,12.7240221376909
"DNAP",0.00147959866220736,0.2641332425613,0.751416368642626,0.820586107947362,4,1.29420072848092,14.710036423997,0.785144592508068,2.47099614134928,0.140805062100662,0.268972479707438,0.0167241148213485,12.7722423898573
"DNAP",0.00146086956521739,0.260789783794701,0.747843009257719,0.816683811973621,4,1.2949017795585,14.745088977976,0.788015429550845,2.45915789648592,0.140825343408601,0.266914595312526,0.0163646759036212,12.8211388961995
"DNAP",0.00144214046822742,0.257446325028102,0.744184505072575,0.812688533409728,4,1.29561294620811,14.7806473104911,0.79092582714908,2.44717005462524,0.140845382688486,0.264825123826543,0.0160077062609627,12.8707196747165
"DNAP",0.00142341137123746,0.254102866261504,0.740438578107851,0.808597784582694,4,1.29633434505449,14.8167172521659,0.793876230735127,2.43503067821404,0.140865187551205,0.26270363190799,0.0156532521758904,12.9209928212244
"DNAP",0.00140468227424749,0.250759407494905,0.736602944400952,0.804409071285509,4,1.29706607967584,14.8533039842145,0.796867069828648,2.42273761485552,0.140884746203074,0.260549694014097,0.0153013635949822,12.9719659961423
"DNAP",0.00138595317725753,0.247415948728306,0.732675274163792,0.800119849267317,4,1.29780826345878,14.8904131729387,0.799898746270947,2.41028936741303,0.14090405711485,0.258362984833088,0.0149520945893731,13.023646679563
"DNAP",0.00136722408026756,0.244072489961707,0.728653152323513,0.795727481141818,4,1.29856099482532,14.9280497412685,0.802971684746041,2.3976835351417,0.14092311529034,0.256143010319189,0.0146054973532828,13.0760425052595
"DNAP",0.00134849498327759,0.240729031195109,0.724534120012461,0.791229281696493,4,1.29932436131751,14.9662180659591,0.806086239823601,2.38491829922481,0.1409419074507,0.253889408502357,0.0142616194890404,13.1291599434189
"DNAP",0.00132976588628763,0.23738557242851,0.720315664366947,0.786622506752325,4,1.30009847000502,15.0049235000376,0.809242791219965,2.37199212549527,0.140960432676381,0.251601835946465,0.0139205186645608,13.1830061891289
"DNAP",0.00131103678929766,0.234042113661911,0.715995215488715,0.781904349845552,4,1.30088340406027,15.0441702029921,0.812441685613563,2.35890304931749,0.140978691498362,0.249279889062127,0.0135822468587004,13.2375876205739
"DNAP",0.00129230769230769,0.230698654895312,0.711570154674446,0.777071951214723,4,1.30167923598786,15.0839617994401,0.815683216678611,2.34564942214326,0.140996660804245,0.246923226691153,0.0132468573617224,13.292909754227
"DNAP",0.00127357859531773,0.227355196128714,0.707037808372275,0.772122391200896,4,1.30248605023913,15.1243025114608,0.818967717548987,2.33222932538753,0.141014351837763,0.24453144815755,0.0129144079418277,13.3489789785243
"DNAP",0.00125484949832776,0.224011737362115,0.702395436723404,0.767052677734481,4,1.30330390933267,15.1651954671588,0.822295443477885,2.31864125372717,0.141031735474534,0.2421042517311,0.0125849512528265,13.4058001510328
"DNAP",0.00123612040133779,0.220668278595516,0.697640259568856,0.761859774735975,4,1.30413289830943,15.2066449154694,0.825666710192893,2.30488357277513,0.141048831382406,0.23964128604958,0.0122585491501111,13.4633793870843
"DNAP",0.00121739130434783,0.217324819828918,0.692769454060125,0.75654059950667,4,1.30497304827983,15.2486524139914,0.829081651112717,2.29095507650648,0.141065595737533,0.237142297513654,0.0119352554380331,13.5217196026012
"DNAP",0.00119866220735786,0.213981361062319,0.687780133922561,0.75109200008318,4,1.30582439487248,15.2912197436243,0.832540456954431,2.2768539033731,0.141082034892909,0.234606894061824,0.0116151260679146,13.580824571457
"DNAP",0.00117993311036789,0.21063790229572,0.68266936653505,0.745510773889349,4,1.30668699964473,15.3343499823121,0.836043271445122,2.2625797183277,0.141098157742732,0.232034968193304,0.0112982201916043,13.64069786448
"DNAP",0.00116120401337793,0.207294443529121,0.67743418409349,0.739793679927349,4,1.30756090475612,15.3780452377882,0.839590346426097,2.24813016051666,0.141113920516344,0.229426130849527,0.0109846021314299,13.7013441526393
"DNAP",0.00114247491638796,0.203950984762523,0.672071566454911,0.733937420042565,4,1.30844609570704,15.4223047854566,0.843181620568309,2.23350467556532,0.141129314456196,0.22678018270348,0.0106743263338061,13.7627632581582
"DNAP",0.00112374581939799,0.200607525995924,0.666578407818916,0.727938602537976,4,1.30934263387394,15.4671316937044,0.846817309956172,2.21870196138767,0.141144341378153,0.224096899182809,0.0103674573787586,13.8249597397993
"DNAP",0.00110501672240803,0.197264067229325,0.660951662020691,0.721793900841745,4,1.31025045043105,15.5125225218061,0.850497158175283,2.20372197754901,0.141158978563227,0.22137618776834,0.0100640465057071,13.8879300504478
"DNAP",0.00108628762541806,0.193920608462726,0.655188170418438,0.715499865551266,4,1.31116958387425,15.5584791937118,0.854221365154674,2.18856275479598,0.14117320393458,0.218617751981853,0.00976416310264348,13.9516782559391
"DNAP",0.00106755852842809,0.190577149696128,0.649284763025452,0.709053034874701,4,1.3120999869614,15.6049993492976,0.857989666380639,2.17322507668273,0.141186995045522,0.215821647641127,0.00946786350841281,14.0162010979167
"DNAP",0.00104882943143813,0.187233690929529,0.643238241362016,0.702449915904348,4,1.31304164563758,15.6520822818626,0.861802073672671,2.15770742717337,0.141200351960269,0.212987630883807,0.00917521230719093,14.0814994007291
"DNAP",0.00103010033444816,0.18389023216293,0.63704543438468,0.695687045694345,4,1.31399447110008,15.699723555266,0.865658169573823,2.14201095544347,0.141213231722785,0.210115846107747,0.00888626697408423,14.1475673672359
"DNAP",0.00101137123745819,0.180546773396331,0.630702949933215,0.688760719827708,4,1.31495846279319,15.7479231396588,0.869558078339944,2.12613312768063,0.141225641717588,0.207205899833278,0.00860109017128537,14.214407570366
"DNAP",0.000992642140468228,0.177203314629733,0.624207671333426,0.681667534732654,4,1.31593349965989,15.7966749830341,0.873501228259731,2.11007590228801,0.141237524806588,0.204258106663082,0.00831974443581131,14.2820117045652
"DNAP",0.000973913043478261,0.173859855863134,0.617556291800357,0.674403879226478,4,1.31691949277127,15.8459746386845,0.877487277985447,2.09383941780308,0.141248877198579,0.201272478584073,0.00804228702266331,14.350374977304
"DNAP",0.000955183946488294,0.170516397096535,0.610745535413732,0.666966175832322,4,1.31791635920002,15.8958179600007,0.881515875477961,2.07742412568522,0.141259663498932,0.198249121327845,0.00776878344826768,14.4194926142441
"DNAP",0.000936454849498328,0.167172938329937,0.60377213052478,0.659350851738034,4,1.31892395517812,15.9461977588808,0.885586552030614,2.06082976465017,0.141269857771255,0.195188004317468,0.00749929061255373,14.4893573663527
"DNAP",0.000917725752508361,0.163829479563338,0.59663281585104,0.651554345452021,4,1.31994218594801,15.9971092974098,0.889698833496976,2.04405785543559,0.141279421411928,0.192089460079073,0.00723387325837114,14.5599627511427
"DNAP",0.000898996655518395,0.160486020796739,0.589324355732815,0.643573123464088,4,1.32097087152175,16.0485435760312,0.893852023817384,2.02710967958382,0.141288303026647,0.188953722930941,0.00697258732315154,14.6312980647616
"DNAP",0.000880267558528428,0.15714256203014,0.58184351970759,0.63540365793964,4,1.32200981452218,16.1004907260902,0.898045356263444,2.00998670023009,0.141296500713433,0.185781008382209,0.00671548679816612,14.7033514592825
"DNAP",0.000861538461538461,0.153799103263542,0.574187126833898,0.627042475123663,4,1.32305886244527,16.1529431222973,0.902278263956715,1.99268948756209,0.141303940562581,0.18257157334117,0.00646263425181373,14.7761144321081
"DNAP",0.000842809364548495,0.150455644496943,0.566352017622417,0.618486124688011,4,1.32411782705019,16.2058913525225,0.906549807397052,1.97522191268815,0.141310625272639,0.179326044973902,0.00621408763970775,14.8495731437695
"DNAP",0.000824080267558529,0.147112185730344,0.55833508630613,0.609731214972113,4,1.32518651144771,16.2593255723849,0.910859383732124,1.95758344932586,0.141316467021436,0.17604454384385,0.00596990573853743,14.9237178880192
"DNAP",0.000805351170568562,0.143768726963745,0.55013329886954,0.600774432671828,4,1.32626462096668,16.3132310483147,0.915205716747781,1.93977837343212,0.141321420995737,0.172727770724639,0.00573013292889535,14.9985288821453
"DNAP",0.000786622073578595,0.140425268197147,0.541743666916221,0.59161251430143,4,1.32735197862661,16.3675989313707,0.91958808329782,1.92180813154192,0.14132547474669,0.16937611140785,0.00549483461223453,15.073995377628
"DNAP",0.000767892976588629,0.137081809430548,0.533163407732213,0.582242420991241,4,1.32844825543064,16.42241277339,0.924005216657401,1.90367578855423,0.141328514194174,0.165990229664815,0.00526405577083852,15.1500970736284
"DNAP",0.000749163879598663,0.133738350663949,0.524389362425753,0.572660703065681,4,1.32955323009455,16.4776615047702,0.928456081517971,1.88538494856839,0.141330547845035,0.162570731442406,0.00503784171219966,15.2268186887048
"DNAP",0.000730434782608696,0.130394891897351,0.515419128968149,0.562864737383364,4,1.33066657968218,16.5333289840382,0.932939431093769,1.86693857170706,0.141331436493659,0.159118403416888,0.00481624871529768,15.3041403863387
"DNAP",0.000711705685618729,0.127051433130752,0.50624998671741,0.552851552860459,4,1.33178799409877,16.5893997048357,0.937454004777428,1.84834002015304,0.141331184103597,0.155633835426752,0.00459932074554331,15.3820424461188
"DNAP",0.000692976588628763,0.123707974364153,0.496879637447722,0.54261863971377,4,1.3329171506417,16.6458575313657,0.941998462222179,1.829593215137,0.141329659711459,0.152118000267241,0.00438710469864031,15.4605040538587
"DNAP",0.000674247491638796,0.120364515597554,0.487305107300105,0.532162750333226,4,1.33405380243691,16.7026901203681,0.94657172491979,1.81070128699574,0.14132683287568,0.148571517271949,0.00417963295999495,15.5395090996576
"DNAP",0.00065551839464883,0.117021056830956,0.477524814622975,0.521482157472294,4,1.33519739687065,16.7598698438607,0.951171374561565,1.79167343795473,0.14132260315969,0.144995879611963,0.00397694530830262,15.6190192637824
"DNAP",0.000636789297658863,0.113677598064357,0.467536152804473,0.510574014574031,4,1.33634779696451,16.8173898481604,0.955797004300722,1.77250833334327,0.141316888127521,0.141391394472459,0.00377908498942619,15.6990288186128
"DNAP",0.000618060200668897,0.110334139297758,0.457337500517013,0.499436551063631,4,1.33750451135198,16.875225567603,0.960446551112184,1.7532128006477,0.141309569849092,0.13775927449375,0.00358608390910134,15.7795051137552
"DNAP",0.00059933110367893,0.106990680531159,0.446927299374703,0.488068065101914,4,1.33866718074932,16.9333590343751,0.965118370797144,1.73379290506804,0.141300568768103,0.134100848390199,0.00339797365782193,15.8604231451655
"DNAP",0.000580602006688963,0.103647221764561,0.436302945884826,0.476465713538209,4,1.33983558004793,16.9917790023199,0.969811521823885,1.71425049838398,0.141289781107194,0.13041664112019,0.00321477597722997,15.9417693638107
"DNAP",0.000561872909698996,0.100303762997962,0.425463983174356,0.464628997443192,4,1.34100937444968,17.0504687224956,0.974524430198278,1.69459149527405,0.141277158594356,0.126708213795772,0.00303653861766611,16.0235201769638
"DNAP",0.000543143812709031,0.0969603042313632,0.414409290828229,0.452556693264816,4,1.34218751925838,17.1093759627781,0.979253197658638,1.67482637608912,0.14126238900868,0.122976526217169,0.00286323279150656,16.1056103276681
"DNAP",0.000524414715719064,0.0936168454647645,0.403136443244306,0.440246152118254,4,1.34337044911273,17.1685224556791,0.983998601088422,1.65495735937748,0.141245499791476,0.119223113657196,0.00269491205201503,16.1880603865282
"DNAP",0.000505685618729097,0.0902733866981657,0.39164596295321,0.427697944634368,4,1.34455786846995,17.227893423428,0.988759744832242,1.63498350102872,0.141226417469488,0.115448750068952,0.00253162451031175,16.2708558663813
"DNAP",0.00048695652173913,0.086929927931567,0.379936779875046,0.414910902229755,4,1.34574853614829,17.2874268074446,0.993531662358269,1.6149211115439,0.141204781323818,0.111654745204585,0.00237330380395431,16.3539153060128
"DNAP",0.000468227424749164,0.0835864691649682,0.36800827405408,0.401884347880219,4,1.34694307572689,17.3471537856216,0.998316155066364,1.59476613629776,0.141180616370288,0.107842372454445,0.00222003142161099,16.4372755924035
"DNAP",0.000449498327759198,0.0802430103983696,0.35586042420497,0.38861825834105,4,1.34814027035446,17.4070135177349,1.00310835805502,1.57453409096973,0.141153479092468,0.104013005280466,0.00207175259019995,16.5208573594074
"DNAP",0.000430769230769231,0.0768995516317709,0.343493135827419,0.375112530412965,4,1.34934020906483,17.4670104532556,1.00790853867105,1.55422195575295,0.141123419384035,0.10016732821261,0.00192847564769846,16.6046684271836
"DNAP",0.000412040133779264,0.0735560928651721,0.330906608425989,0.361367381965415,4,1.35054277183919,17.5271385919564,1.01271543350108,1.53383722003775,0.141090137949355,0.0963070169534857,0.00179022630637178,16.6886950861656
"DNAP",0.000393311036789298,0.0702126340985733,0.31810135071366,0.34738336853967,4,1.35174788906013,17.5873944529988,1.01752896615665,1.51337533230263,0.141053421523366,0.0924322260395814,0.00165700996568181,16.7729385994373
"DNAP",0.000374581939799331,0.0668691753319746,0.30507767308044,0.333160829097907,4,1.35295527108711,17.6477635543559,1.02234622935052,1.49285575773067,0.141013105354835,0.0885456267159679,0.00152881863930922,16.8573640385986
"DNAP",0.000355852842809365,0.063525716565376,0.291836736725653,0.318701031730729,4,1.35416349257585,17.7081746287841,1.02716227475729,1.4722884707477,0.140968243984747,0.084647782141854,0.00140553577960955,16.9418873066268
"DNAP",0.000337123745819398,0.0601822577987772,0.278379461271323,0.304004980713644,4,1.3553755838014,17.7687791903531,1.03198808928869,1.45163506725889,0.140919620391231,0.0807381500304203,0.00128735580843542,17.026706121617
"DNAP",0.000318394648829432,0.0568387990321784,0.264707077141271,0.289074019734038,4,1.35658887442513,17.8294437212348,1.03681278214948,1.43093281651296,0.14086628186489,0.0768178898893737,0.00117410078441435,17.1116429950512
"DNAP",0.000299665551839465,0.0534953402655797,0.250821000609423,0.273909695437361,4,1.35780362044901,17.8901810224891,1.04163663926676,1.41018073539296,0.140807500411407,0.0728884978163195,0.00106570710124687,17.1967131106509
"DNAP",0.000280936454849498,0.0501518814989809,0.23672280840628,0.258513729696065,4,1.35902097614638,17.9510488073126,1.04646343463998,1.38936342730163,0.140743098092711,0.0689486667626974,0.000962286876399393,17.2819931363505
"DNAP",0.000262207357859532,0.0468084227323823,0.222413954484711,0.242887710302985,4,1.36024167996458,18.0120839986133,1.0512942221578,1.36848258860582,0.140672517498742,0.0649998543703794,0.000863808210029788,17.3675206579223
"DNAP",0.000243478260869566,0.0434649639657836,0.207897282073549,0.227034742213215,4,1.36146514588405,18.0732572943005,1.05612713722503,1.34753414419265,0.140595296440731,0.061040360914783,0.000770126462518442,17.4532696918598
"DNAP",0.000224749163879599,0.0401215051991848,0.193173727185093,0.210955847601306,4,1.3626934710216,18.1346735510793,1.060968290728,1.32649739886266,0.140510325421264,0.057069120691453,0.000681349660479975,17.5393724030744
"DNAP",0.000206020066889632,0.036778046432586,0.178245833698618,0.194653804516929,4,1.36392766610875,18.1963833053295,1.06581992221241,1.30536539678877,0.140416794735458,0.0530846602190265,0.000597476729347375,17.6258901265228
"DNAP",0.000149832775919733,0.0267476701327899,0.132257015435995,0.144431601538578,4,1.36768278743684,18.3841393718611,1.08048713585182,1.24116241935203,0.140070814890192,0.0410199347725513,0.000374628445699218,17.8890973425233
"DNAP",0,0,0.000511433802591063,0.000558512551834651,4,1.29383686874321,14.6918434835065,0.783223830204607,2.51260373832575,0.139425799406898,0.269862604965059,0.0169589123694495,12.7432995684891
"DNAP",0.0056,0.99969417121302,0.915706904896719,0.999999995298343,4,1.24081804324328,12.0409021626346,0.55190721441529,3.58293317265138,0.134283788381428,0.405853707016712,0.114172431967459,8.83761506329969
"DNAP",0.0076,1.3567278037891,0.909638491393915,0.993372969290543,4,1.23316316166188,11.6581580830958,0.513118092771315,3.82454644668645,0.131219068326167,0.412322380453196,0.160318730783545,8.19110830091703
"DNAP",0.0096,1.71376143636518,0.897190800261796,0.979779437335034,4,1.22765049973563,11.3825249870686,0.483894749947861,4.01898441162631,0.128419125862309,0.41218951344626,0.20313954449291,7.70510085097843
"DNAP",0.0116,2.07079506894126,0.882314307905736,0.963533526982536,4,1.223356469449,11.167823472646,0.460365820439881,4.18268752103118,0.125843309300135,0.409097447979441,0.242468982029394,7.31430553918659
"DNAP",0.0136,2.42782870151734,0.866520200520038,0.946285532862385,4,1.21991971018711,10.9959855077737,0.440987460265607,4.3225330827596,0.123456808799579,0.404498028026358,0.278311619289295,6.99273498145139
"DNAP",0.0156,2.78486233409341,0.850511223730316,0.928802890076964,4,1.21716473394166,10.8582366967163,0.425001083807998,4.44199942543255,0.121236799043173,0.39906829225207,0.310709678955641,6.72763199449918
"DNAP",0.0176,3.14189596666949,0.83465877393084,0.911491182979231,4,1.21498215077173,10.7491075330229,0.411926553733423,4.54336376287784,0.119172041263264,0.393163885422996,0.339752183187196,6.51093493079987
"DNAP",0.0196,3.49892959924557,0.819173062839983,0.894579973797299,4,1.2132803657961,10.6640182898027,0.401348774023064,4.62872597049423,0.117260245039388,0.386996407567418,0.365620165110898,6.33569758995742
"DNAP",0.0216,3.85596323182165,0.804168487633971,0.878194190251025,4,1.21196799056036,10.5983995282803,0.392836415888685,4.70043982565583,0.115502096450201,0.38070842013724,0.388617682948265,6.19472738994767
"DNAP",0.0236,4.21299686439773,0.789711182486369,0.862406054328582,4,1.2109556101279,10.5477805072694,0.385954012323448,4.76101231404246,0.113896718628962,0.374412238775955,0.409124518279709,6.08078059445953
"DNAP",0.0256,4.57003049697381,0.775816236000608,0.847232043576749,4,1.21016323519286,10.5081617596038,0.380299119999946,4.81288914155734,0.112435752280023,0.36818771956615,0.427563172750511,5.98717341487241
"DNAP",0.0276,4.92706412954989,0.762477226952892,0.832665145682159,4,1.20952736980269,10.4763684870076,0.375544718214018,4.85813173630709,0.111106259855782,0.362091960658448,0.444315370593511,5.90847989684066
"DNAP",0.0296,5.28409776212596,0.749673057142517,0.81868232030244,4,1.2090012910091,10.4500645508486,0.371444103532677,4.89835441187623,0.109892528312769,0.356161671130024,0.459699560151289,5.84061040165807
"DNAP",0.0316,5.64113139470204,0.73737533048053,0.805252557418262,4,1.2085526770181,10.4276338503381,0.36782254498046,4.93474019526133,0.10877915984713,0.350416991989375,0.473963835182269,5.78066965939975
"DNAP",0.0356,6.3551986598542,0.7141771691468,0.779918947831386,4,1.20780778264166,10.3903891321076,0.361573201280665,4.99911070248461,0.106800069664364,0.339504157670711,0.499842178839363,5.67722569272694
"DNAP",0.0376,6.71223229243028,0.703212518649628,0.767944974077353,4,1.20748421769413,10.3742108847763,0.358785402794276,5.02828994142958,0.10591101886995,0.334339340742747,0.511733590828505,5.63108299697669
"DNAP",0.0396,7.06926592500636,0.692631105960837,0.756389516121913,4,1.20718366844762,10.359183422912,0.356166075779988,5.05589138401715,0.105077255144627,0.329358147935675,0.523044985594337,5.58772787876148
"DNAP",0.0416,7.42629955758244,0.682414795313968,0.745232768756348,4,1.20690766147308,10.3453831113994,0.353714494197371,5.08200282777807,0.104293377501666,0.324547122200881,0.533820186627941,5.54715319839463
"DNAP",0.0476,8.49740045531067,0.653689905506442,0.7138636816403,4,1.20613510167558,10.3067550839151,0.346895611044384,5.15440277656619,0.102175455187476,0.311100021474686,0.563649973298019,5.43425950094549
"DNAP",0.0496,8.85443408788675,0.644690593251201,0.704035960384945,4,1.20589797048336,10.2948985202391,0.344788237786158,5.17685138131318,0.101534777570799,0.306916072020658,0.572873348902684,5.39937819926763
"DNAP",0.0516,9.21146772046283,0.635955939456571,0.694497260057521,4,1.20568937599757,10.284468800556,0.342849580718802,5.19801283463979,0.10092400963881,0.302836075820585,0.581706172488253,5.3672907110299
"DNAP",0.0576,10.2825686181911,0.611160541642867,0.667419384413545,4,1.20501925550895,10.2509627781632,0.336990749395401,5.25986650209822,0.0992144344008061,0.291432651159686,0.606866525618939,5.27028639867505
"DNAP",0.0596,10.6396022507671,0.603326472407902,0.658864169686824,4,1.2048098949796,10.2404947494181,0.335143925973581,5.27943289676464,0.0986874523014955,0.287854937403462,0.614770700339445,5.23973114690378
"DNAP",0.0636,11.3536695159193,0.58823858615057,0.642387406100449,4,1.20442831574052,10.2214157837346,0.331692212699138,5.31650950836348,0.0976886159170442,0.280983409641237,0.629831542211825,5.18263268015647
"DNAP",0.0676,12.0677367810715,0.57386251972493,0.626687987125695,4,1.20404925055122,10.2024625278909,0.328365957159972,5.35175052935262,0.0967463296197179,0.274449325624396,0.644128338339945,5.12750234490069
"DNAP",0.0696,12.4247704136475,0.566920787467808,0.619107251207507,4,1.20384614000029,10.1923069987558,0.32671062703183,5.36861599034635,0.096301154466818,0.271306021374909,0.650976859010413,5.09997403700315
"DNAP",0.0736,13.1388376787997,0.553493499338099,0.604443947922606,4,1.20346405177423,10.1732025944742,0.323359643376745,5.403824436697,0.0954126373106377,0.265373432968603,0.66458631373387,5.04468329400864
"DNAP",0.0756,13.4958713113758,0.546995051647347,0.597347302013911,4,1.20328500890446,10.1642501629059,0.321809420463655,5.42008559078399,0.0949891201211839,0.262480741085642,0.671037668223136,5.01902435603194
"DNAP",0.0796,14.2099385765279,0.534399045915021,0.58359180273161,4,1.20293253105938,10.1466265482238,0.318768223023418,5.45191709211462,0.0941786689525526,0.256881375195112,0.68357825949065,4.96867752795607
"DNAP",0.0876,15.6380731068322,0.510669933054879,0.557678366214222,4,1.2023332541327,10.116662706209,0.313398119581277,5.5094102771785,0.0927273450200253,0.246347901940547,0.706629269341286,4.87969255712807
"DNAP",0.0896,15.9951067394083,0.50501539455572,0.551503313430044,4,1.20215634585637,10.1078172977737,0.311969046861802,5.52387183033178,0.0923458296389728,0.243880464114348,0.712256053660962,4.85595822991457
"DNAP",0.0916,16.3521403719844,0.499464133851093,0.545441045417385,4,1.20198057455065,10.099028747436,0.310510769537334,5.53875324436756,0.0919828339841253,0.241488419496157,0.717866864797698,4.83183550565596
"DNAP",0.0956,17.0662076371366,0.488657180118401,0.533639284805892,4,1.20164000410129,10.0820001972058,0.307676248163718,5.56763657247371,0.0913079287010624,0.23683639578347,0.728734465245535,4.78501529299787
"DNAP",0.1236,22.0646784932017,0.4222546896512,0.461124280496202,4,1.19974572397683,9.98728619835294,0.291066580977037,5.74248102633327,0.08703133305475,0.208570003974721,0.794769045540707,4.51062970290356
"R",0.5196,1.00006765867675,0.915706900882303,0.99999999091439,4,1.24082037093869,12.0410185471891,0.551918473806433,3.58283716756266,0.134283389641109,0.405820054425101,0.114189393630853,8.83783646673479
"R",0.5176,0.996218283547125,0.915690938436851,0.999982559086268,4,1.24049760185854,12.0248800719567,0.550339114486195,3.59390528274979,0.134240418461598,0.40798474463486,0.114191119990819,8.80956679852125
"R",0.5156,0.992368908417499,0.915641874943726,0.999928979176985,4,1.24017451535764,12.0087257057469,0.548758078246668,3.60499275113953,0.134197324241038,0.410155415355666,0.1141909184656,8.78126067157201
"R",0.5136,0.988519533287874,0.915559740616771,0.999839284181643,4,1.23985125495374,11.9925628080315,0.547176116403026,3.61609401628857,0.134154128285375,0.412330956465996,0.114188806940323,8.75293149732837
"R",0.5116,0.984670158158248,0.915444571245944,0.999713513184756,4,1.23952784745117,11.9763923810836,0.545593294633549,3.62720902445104,0.134110832027051,0.414511382994194,0.114184765230769,8.72458038242772
"R",0.5076,0.976971407898997,0.915115261880434,0.999353890075876,4,1.23888056029063,11.9440279513341,0.542425045602638,3.64947981362721,0.134023939970543,0.418886791587869,0.114170898705466,8.66781175692824
"R",0.5056,0.973122032769371,0.914901192392372,0.999120114960813,4,1.23855669824729,11.9278349139928,0.540839698580445,3.66063533919585,0.133980344814475,0.42108176224471,0.114161043898705,8.63939552112014
"R",0.5036,0.969272657639745,0.914654229572981,0.998850418601739,4,1.23823264459504,11.9116323709101,0.53925335293521,3.67180486213101,0.133936649888385,0.423281571615723,0.114149335990593,8.61095500975514
"R",0.5016,0.96542328251012,0.914374415099542,0.998544846512431,4,1.23790846599716,11.8954232744446,0.537666251013381,3.68298758178407,0.133892857956397,0.425486201618175,0.114135662553245,8.58249413776749
"R",0.4996,0.961573907380494,0.914061784958988,0.998203437992507,4,1.23758413560122,11.8792066902478,0.536078320712601,3.69418369154019,0.13384896764425,0.427695647911969,0.114120060343265,8.55401172881327
"R",0.4976,0.957724532250868,0.91371637889727,0.997826236446634,4,1.23725964808518,11.8629824087097,0.534489555552155,3.70539312819057,0.133804979951379,0.429909892309043,0.114102531779148,8.52550762616763
"R",0.4936,0.950025781991617,0.912927415034249,0.99696464650438,4,1.23661025491592,11.8305126360571,0.53130965768816,3.72785168128795,0.133716715320973,0.434352755648484,0.114061665489357,8.46843661930871
"R",0.4916,0.946176406861991,0.91248393917588,0.996480347593984,4,1.23628531423217,11.8142657123417,0.529718436516803,3.73910085115736,0.133672437809421,0.436581342879664,0.114038361340403,8.43986815823907
"R",0.4896,0.942327031732365,0.912007863020049,0.995960447447936,4,1.23596024391551,11.7980122318444,0.528126473621615,3.7503630445625,0.133628065257914,0.438814696385794,0.114013109311735,8.41127950941944
"R",0.4876,0.93847765660274,0.911499230571505,0.995404994121732,4,1.23563503245869,11.7817516223382,0.526533734621983,3.76163828677114,0.133583598207416,0.441052801726602,0.113985925754987,8.38267004532922
"R",0.4856,0.934628281473114,0.910958088716618,0.994814038817749,4,1.23530968019117,11.7654840078926,0.524940231164614,3.77292651085505,0.13353903681104,0.443295648650124,0.113956806843651,8.35403996518938
"R",0.4836,0.930778906343488,0.910384485570798,0.99418763408054,4,1.23498418267284,11.7492091317315,0.523345952873458,3.78422765958784,0.133494380671811,0.445543219923074,0.113925758738601,8.32538905809586
"R",0.4816,0.926929531213863,0.909778467642606,0.993525830699892,4,1.2346585460502,11.7329273427115,0.521750925125577,3.79554169160299,0.133449631159128,0.447795515805158,0.113892774051144,8.29671773157602
"R",0.4796,0.923080156084237,0.909140087795696,0.992828686405692,4,1.23433277304666,11.7166387046127,0.520155157588416,3.80686852166525,0.133404788877491,0.450052516863752,0.113857854805514,8.2680261392236
"R",0.4776,0.919230780954612,0.908469393015722,0.992096252508739,4,1.23400686172093,11.700343158021,0.518558651182516,3.81820811527871,0.133359853789394,0.452314220551414,0.113820997949055,8.23931425406063
"R",0.4756,0.915381405824986,0.907766439175747,0.991328590025349,4,1.23368082810881,11.6840413507237,0.516961453744705,3.82956035111515,0.133314827200422,0.4545806142592,0.11378219512811,8.21058287914515
"R",0.4736,0.91153203069536,0.90703127426553,0.990525751362858,4,1.23335463719609,11.6677318579492,0.515363475695207,3.8409252887676,0.133269708336619,0.456851671081942,0.113741475594096,8.18183045836967
"R",0.4696,0.903833280436109,0.905464533414737,0.988814788133196,4,1.23270188929727,11.6350943905715,0.512165496471862,3.86369271239824,0.133179198627727,0.461407796052828,0.113654185847379,8.12426784902046
"R",0.4676,0.899983905306483,0.904633065354374,0.987906781376877,4,1.23237530168983,11.6187650741654,0.510565414854795,3.87509520741179,0.133133808169919,0.463692821719446,0.113607649227673,8.09545624196604
"R",0.4656,0.896134530176857,0.903769607625328,0.986963840223579,4,1.23204859569997,11.6024297653729,0.508964683806195,3.88651004481792,0.133088328649271,0.465982487667829,0.113559158938945,8.06662573160576
"R",0.4636,0.892285155047232,0.90287421661178,0.985986026247787,4,1.23172175989665,11.5860880024712,0.507363278747677,3.89793719496649,0.133042758099154,0.468276773118483,0.113508729156715,8.03777586498204
"R",0.4616,0.888435779917606,0.901946952263191,0.984973404917456,4,1.23139480037591,11.5697400264329,0.50576121755742,3.90937659872464,0.132997101043144,0.470575671688182,0.113456352208796,8.00890695318141
"R",0.4596,0.88458640478798,0.900987871779811,0.983926038698263,4,1.23106772607834,11.553386261915,0.504158534837395,3.92082816408034,0.132951355733982,0.472879178363231,0.113402019803959,7.98001953710998
"R",0.4576,0.880737029658355,0.899997033745509,0.982843991566866,4,1.23074050555701,11.5370252198829,0.502555135965391,3.9322919528039,0.132905520116666,0.475187264842364,0.11334576283954,7.95111199007843
"R",0.4556,0.876887654528729,0.898974500513835,0.981727331616615,4,1.23041316871252,11.5206584127419,0.500951120461326,3.94376785458355,0.132859600850367,0.477499938433785,0.113287557876171,7.92218601061654
"R",0.4536,0.873038279399103,0.897920333895468,0.980576126348015,4,1.23008571415618,11.5042856571776,0.499346489373869,3.95525572460563,0.132813593326235,0.479817179032464,0.113227400106877,7.89324155405521
"R",0.4516,0.869188904269478,0.896834595830769,0.979390443403191,4,1.22975814047369,11.4879069661239,0.497741250868966,3.96675547045328,0.132767499622477,0.482138974660615,0.113165283514863,7.86427873047656
"R",0.4496,0.865339529139852,0.895717347817718,0.978170349941162,4,1.22943045217707,11.4715225554813,0.496135407497471,3.97826723352685,0.132721320744727,0.484465334687699,0.113101224396888,7.83529762029374
"R",0.4476,0.861490154010226,0.894568656129946,0.976915918336215,4,1.22910263705545,11.4551317925152,0.494528938379591,3.9897907989723,0.132675054881391,0.48679621925628,0.113035220454212,7.80629777923992
"R",0.4456,0.857640778880601,0.893388584003271,0.975627217645179,4,1.22877469160025,11.4387346262732,0.492921835655672,4.00132621670514,0.132628706354402,0.489131626898077,0.112967275861399,7.77727910016119
"R",0.4436,0.853791403750975,0.892177196336184,0.974304318740613,4,1.22844664429075,11.42233221878,0.491314186397739,4.01287330161234,0.132582272850215,0.491471561585346,0.11289736501274,7.7482429941745
"R",0.4416,0.849942028621349,0.890934562729658,0.972947297630432,4,1.22811848104179,11.4059240624075,0.489705961296528,4.02443201718786,0.132535755431795,0.493815997573284,0.112825500434143,7.71918896463103
"R",0.4396,0.846092653491724,0.889660748679059,0.971556225839012,4,1.22779023141341,11.389511540092,0.488097276721321,4.03600195774682,0.132489155511699,0.496164926666011,0.112751624126324,7.69011887718757
"R",0.4376,0.842243278362098,0.888355821661146,0.970131177054516,4,1.22746181563218,11.3730907759922,0.486487814610428,4.04758419611527,0.132442471712816,0.498518351383926,0.11267590436075,7.66102756703661
"R",0.4356,0.838393903232472,0.887019849448619,0.968672225288289,4,1.2271333141422,11.3566657137545,0.484877906574289,4.05917754791556,0.132395706079065,0.500876251411522,0.112598169822766,7.63192038387278
"R",0.4336,0.834544528102847,0.885652902652952,0.967179447651765,4,1.22680470305647,11.3402351553904,0.483267458077901,4.07078230460905,0.132348858730541,0.503238615571805,0.112518475974686,7.60279577123287
"R",0.4316,0.830695152973221,0.884255052836533,0.965652922294829,4,1.2264759817088,11.323799087548,0.48165646922159,4.08239844149974,0.132301929992076,0.50560543943138,0.112436822173139,7.57365374139458
"R",0.4296,0.826845777843595,0.882826370354219,0.964092726048674,4,1.22614716642689,11.3073582837582,0.480045000982816,4.09402579739762,0.132254920964127,0.507976713698007,0.112353191392501,7.5444952689172
"R",0.4276,0.82299640271397,0.881366926716016,0.962498937005983,4,1.22581823168702,11.2909115021766,0.47843297331509,4.10566443888093,0.132207830946921,0.510352416899163,0.112267610247385,7.51531898326342
"R",0.4256,0.819147027584344,0.879876790872817,0.960871630464748,4,1.22548917528379,11.2744587807469,0.476820390987283,4.11731434386247,0.132160661101533,0.512732542541523,0.112180080339163,7.48612494583907
"R",0.4236,0.815297652454718,0.878356040873217,0.95921089165813,4,1.22516002794336,11.2580013953506,0.475207345275962,4.12897532278446,0.132113412509527,0.515117094693605,0.112090569298386,7.45691468921136
"R",0.4216,0.811448277325093,0.876804748587478,0.957516799072228,4,1.22483078747691,11.2415393759225,0.473593872613816,4.14064695176452,0.132066086118548,0.517506032963566,0.11199903947181,7.4276886774157
"R",0.4196,0.807598902195467,0.875222989570187,0.955789435216614,4,1.22450142262303,11.2250711251839,0.471979784054629,4.15233039761033,0.13201867798095,0.51989941477349,0.111905639410062,7.39844404325634
"R",0.4176,0.803749527065841,0.87361083546114,0.954028878325707,4,1.22417197610819,11.208598816879,0.470365323085514,4.16402425736159,0.131971192526108,0.522297167820445,0.111810195644366,7.36918450004843
"R",0.4156,0.799900151936216,0.871968365389934,0.952235214813179,4,1.22384240674634,11.1921203355014,0.468750313951323,4.17572914532317,0.131923630971848,0.524699287894982,0.111712808474722,7.339907197679
"R",0.4136,0.79605077680659,0.870295657773208,0.950408530314114,4,1.22351276014847,11.1756379542988,0.467134903948038,4.1874449096767,0.131875993794048,0.527105805337281,0.111613434629198,7.31061467732138
"R",0.4116,0.792201401676964,0.86859277974607,0.948548898143574,4,1.22318298861025,11.1591495127728,0.465518964655951,4.19917157474508,0.131828277711195,0.529516679760074,0.111512108927521,7.28130464894105
"R",0.4096,0.788352026547338,0.866859820229944,0.946656415408419,4,1.22285314508498,11.1426572539729,0.463902685837115,4.21090844691216,0.131780486561299,0.531931886683122,0.111408736300138,7.25198017394097
"R",0.4076,0.784502651417713,0.86509685214446,0.944731161740715,4,1.22252317757896,11.1261588711897,0.46228582791636,4.22265677805691,0.131732616487162,0.534351484421064,0.111303483118383,7.22263755304073
"R",0.4056,0.780653276288087,0.863303957539808,0.942773226743572,4,1.22219314284402,11.1096570631348,0.460668654857063,4.23441528678814,0.131684676665556,0.536775412116482,0.11119617600891,7.19328091936933
"R",0.4036,0.776803901158461,0.861481208015622,0.94078268860755,4,1.22186298164224,11.0931490818293,0.459050963573366,4.24618450804449,0.131636661602944,0.539203655375896,0.111086920778031,7.16390685006647
"R",0.4016,0.772954526028836,0.85962869236173,0.938759644295799,4,1.22153273853266,11.0766369410805,0.457432892934953,4.25796417956449,0.131588570261872,0.541636231495438,0.110975662459219,7.13451772546115
"R",0.3996,0.76910515089921,0.857746487322236,0.936704177616909,4,1.22120240133716,11.0601200585312,0.455814407135445,4.26975433260662,0.131540405618856,0.544073128584461,0.110862414843953,7.10511290169489
"R",0.3976,0.765255775769584,0.855834675365265,0.9346163786304,4,1.22087197024851,11.0435985174604,0.454195517807984,4.28155488863529,0.131492167172037,0.546514333446655,0.110747175258005,7.07569254488956
"R",0.3956,0.761406400639959,0.853893337042006,0.932496335302399,4,1.22054145722284,11.0270727937988,0.452576249087785,4.29336590291976,0.131443860604058,0.548959858126845,0.110629941151661,7.04625709383066
"R",0.3936,0.757557025510333,0.851922551913704,0.930344134517959,4,1.22021083280842,11.0105416120338,0.450956555545545,4.30518703119462,0.131395474474621,0.551409648556789,0.110510708035951,7.01680557197688
"R",0.3916,0.753707650380707,0.84992240600266,0.928159870217947,4,1.21988011920999,10.9940059422129,0.449336462063067,4.31701865570675,0.131347019370324,0.553863749427107,0.110389495109888,6.98733859710144
"R",0.3896,0.749858275251082,0.847892981174038,0.925943631803419,4,1.21954931795273,10.9774658968733,0.447716008305417,4.32886039061241,0.131298492019244,0.55632213009596,0.110266267846365,6.95785668482879
"R",0.3876,0.746008900121456,0.845834364495426,0.923695514356751,4,1.21921843615642,10.9609218235029,0.446095237740762,4.34071195665096,0.131249898981852,0.55878476115948,0.110140997708315,6.92836047791012
"R",0.3856,0.74215952499183,0.843746632924556,0.921415601919824,4,1.21888744479892,10.9443722438738,0.444473978063227,4.35257441213913,0.131201226326718,0.561251722096359,0.110013807494421,6.89884735943278
"R",0.3836,0.738310149862205,0.841629876637024,0.91910399296912,4,1.21855637365624,10.9278186703732,0.44285241181684,4.36444660499487,0.131152487641021,0.563722925253166,0.10988456699594,6.86932007566026
"R",0.3816,0.734460774732579,0.839484182213999,0.916760782055822,4,1.21822522462153,10.9112611521734,0.441230525622525,4.37632875992902,0.131103679913023,0.566198391364532,0.109753303019939,6.83977845630375
"R",0.3796,0.730611399602953,0.837309625002118,0.91438605146241,4,1.21789396273591,10.8946981335135,0.439608216588844,4.38822102544944,0.131054801851944,0.568678104138387,0.109620048897591,6.81022071625726
"R",0.3776,0.726762024473328,0.835106301093492,0.911979906126512,4,1.21756262435757,10.878131212001,0.437985608439981,4.40012304420986,0.131005858075341,0.571162056966106,0.10948475312533,6.78064889332394
"R",0.3756,0.722912649343702,0.832874295840743,0.909542439257671,4,1.21723120834461,10.8615604294345,0.436362667726305,4.41203524722969,0.130956836464289,0.573650304052455,0.109347451371842,6.75106260233409
"R",0.3736,0.719063274214076,0.830613687420094,0.907073736228425,4,1.21689968436905,10.8449842066715,0.434739329704715,4.42395731847848,0.130907760152451,0.576142761792381,0.10920813916266,6.72146048616583
"R",0.3716,0.715213899084451,0.828324572376449,0.904573902470874,4,1.2165680814872,10.8284040908173,0.433115696205809,4.43588913877026,0.13085860618059,0.578639466354864,0.109066791796813,6.69184431202216
"R",0.3696,0.711364523954825,0.82600703227459,0.902043027058044,4,1.21623639249767,10.8118196358065,0.431491731371337,4.44783082575938,0.130809389867447,0.581140414266731,0.108923414022942,6.6622134780918
"R",0.3676,0.707515148825199,0.823661158393937,0.899481209671848,4,1.21590461894249,10.7952309448702,0.429867463993851,4.45978212983524,0.130760106738791,0.583645580093139,0.108777993523022,6.63256835033212
"R",0.3656,0.703665773695573,0.821287037170387,0.896888544704824,4,1.2155727645163,10.7786381859407,0.42824287968204,4.47174334761493,0.130710754461847,0.58615500631589,0.108630543075807,6.60290880788484
"R",0.3636,0.699816398565948,0.818884755325661,0.894265126861642,4,1.21524081321316,10.7620406582029,0.426617986113765,4.48371391487607,0.130661338001528,0.588668609254427,0.108481034512324,6.57323467899144
"R",0.3616,0.695967023436322,0.816454406161655,0.891611058032868,4,1.21490876904497,10.7454384343845,0.424992702166709,4.49569480532303,0.130611855557569,0.591186503458186,0.1083295465371,6.54354505290723
"R",0.3596,0.692117648306696,0.813996073255179,0.888926429488765,4,1.21457665437282,10.7288326998026,0.423367223981278,4.50768462750006,0.13056231033404,0.593708562613987,0.108175944193051,6.51384259198585
"R",0.3576,0.688268273177071,0.811509848499737,0.886211341581863,4,1.21424443644389,10.7122218229259,0.421741336028486,4.51968471232266,0.130512695127705,0.596234905143214,0.108020347819617,6.48412422816962
"R",0.3556,0.684418898047445,0.808995821952931,0.883465892659787,4,1.21391213909811,10.6956070310916,0.42011519915593,4.53169408328655,0.130463015840942,0.59876544462868,0.107862669949955,6.45439224102478
"R",0.3536,0.680569522917819,0.806454084214615,0.880690181662334,4,1.21357975618829,10.6789878115339,0.418488764048177,4.54371296043226,0.130413272270963,0.601300206638743,0.10770292846086,6.42464587084844
"R",0.3516,0.676720147788194,0.803884726303816,0.877884307987057,4,1.2132472894361,10.6623644512819,0.416862045996528,4.55574139752211,0.130363472144197,0.603839181876161,0.107541133550543,6.39488535491177
"R",0.3496,0.672870772658568,0.801287833907516,0.875048365208638,4,1.21291473383514,10.6457366509007,0.415235032024191,4.56777933696229,0.130313601744638,0.606382390506588,0.107377268738893,6.36511045049728
"R",0.3476,0.669021397528942,0.798663498172,0.872182452863603,4,1.2125820898529,10.6291044937627,0.413607733118764,4.57982673851443,0.130263671339572,0.608929814951533,0.107211336653189,6.33532127641287
"R",0.3456,0.665172022399317,0.796011815056521,0.869286675744492,4,1.21224936057628,10.612468026212,0.411980152248766,4.59188358280307,0.130213676375703,0.611481470013304,0.107043322710987,6.30551790471138
"R",0.3436,0.661322647269691,0.793332871874918,0.8663611292026,4,1.21191654242561,10.5958271192416,0.410352283674752,4.60394987604095,0.130163619887454,0.614037352294546,0.106873227895174,6.27570018940359
"R",0.3416,0.657473272140065,0.790626763529405,0.863405916876124,4,1.21158363547351,10.5791817527373,0.408724131160629,4.61602559246737,0.130113502300404,0.616597455050111,0.106701055532447,6.24586813572669
"R",0.3396,0.65362389701044,0.787893576251086,0.860421132933956,4,1.21125064003595,10.562532014158,0.407095703325834,4.62811071101904,0.130063317444095,0.619161795817547,0.106526794897846,6.21602186330246
"R",0.3376,0.649774521880814,0.785133402444607,0.857406878286817,4,1.21091755762644,10.5458778772458,0.405467002276045,4.64020518647355,0.130013078378279,0.621730370714822,0.106350428159096,6.18616138037361
"R",0.3356,0.645925146751188,0.782346339741057,0.854363259552982,4,1.21058438504941,10.5292192447002,0.40383802428823,4.65230903798084,0.12996277624749,0.624303171465708,0.10617197365026,6.15628656699617
"R",0.3336,0.642075771621563,0.779532472160976,0.851290368487288,4,1.21025112209185,10.5125561047239,0.402208771549078,4.66442224371474,0.129912413336818,0.626880218409045,0.105991409511479,6.12639743615131
"R",0.3316,0.638226396491937,0.776691897546864,0.848188311938881,4,1.20991776822719,10.495888411358,0.400579242645042,4.67654479213428,0.129861988378773,0.629461513989061,0.105808734624304,6.09649395016344
"R",0.3296,0.634377021362311,0.773824706506574,0.845057188856291,4,1.2095843242791,10.4792162120563,0.398949442757935,4.68867669329359,0.129811507374129,0.632047055583798,0.105623945647472,6.06657614190733
"R",0.3276,0.630527646232686,0.770930991815759,0.841897100555399,4,1.20925078879758,10.4625395003311,0.397319378275339,4.70081789845587,0.129760965476836,0.634636849580986,0.105437035544611,6.03664406051646
"R",0.3256,0.62667827110306,0.76801084411652,0.838708146022138,4,1.20891716120786,10.4458580591996,0.39568903812401,4.71296840947636,0.129710362575219,0.637230904444844,0.1052479977762,6.0066974747816
"R",0.3236,0.622828895973434,0.765064357804994,0.835490428342041,4,1.20858343859569,10.4291719728705,0.394058420569242,4.725128288544,0.129659702213907,0.639829233286191,0.10505682416539,5.97673640285581
"R",0.3216,0.618979520843809,0.762091625584233,0.832244048751708,4,1.20824962311443,10.4124811647496,0.392427536750118,4.73729743502945,0.129608981000991,0.64243183026889,0.104863514574113,5.94676087503787
"R",0.3196,0.615130145714183,0.759092739723199,0.828969108013685,4,1.20791571220917,10.3957856303802,0.39079638402885,4.74947587458879,0.129558200287587,0.645038706625863,0.104668057952706,5.91677085473414
"R",0.3176,0.611280770584557,0.75606779306815,0.825665707520961,4,1.20758170455463,10.3790852340947,0.389164952249218,4.76166367131374,0.129507363744,0.647649871475571,0.104470454080988,5.88676613296916
"R",0.3156,0.607431395454932,0.753016878185732,0.82233394836117,4,1.2072476012534,10.3623800476278,0.387533250408202,4.7738607521095,0.129456465930497,0.650265346576221,0.104270678164218,5.85674686118407
"R",0.3136,0.603582020325306,0.749940093916106,0.818973938472955,4,1.20691341154521,10.3456705014334,0.385901355353896,4.78606657654466,0.129405521102293,0.652885076972115,0.104068666577862,5.82671403451424
"R",0.3116,0.59973264519568,0.746837515405612,0.815585759920062,4,1.20657909569386,10.3289547739573,0.384269013515612,4.7982829500245,0.129354505079116,0.655509209923061,0.10386464447578,5.79666391266427
"R",0.3096,0.595883270066055,0.743709258920238,0.812169539671053,4,1.20624469194445,10.3122346337905,0.382636477609889,4.8105080365003,0.129303437628472,0.658137628367542,0.103658360549097,5.76660020893587
"R",0.3076,0.592033894936429,0.740555398833895,0.80872535894614,4,1.2059101885108,10.2955093888601,0.381003664219161,4.82274248863526,0.129252310335551,0.660770390476647,0.103449882399839,5.7365215446638
"R",0.3056,0.588184519806803,0.737376040495965,0.805253332792378,4,1.20557557983055,10.278778995072,0.379370566761352,4.83498628429396,0.129201126589874,0.663407504783343,0.103239210780489,5.70642788470659
"R",0.3036,0.584335144677178,0.734171266277829,0.801753551163637,4,1.20524087768416,10.2620438855247,0.377737260872671,4.84723894552972,0.129149889211879,0.666048943160487,0.10302628035303,5.67632017086659
"R",0.3016,0.580485769547552,0.730941179341147,0.798226126717865,4,1.20490604601171,10.245302298872,0.376103510854502,4.85950201205962,0.129098590046273,0.668694827853686,0.102811249041109,5.64619499063975
"R",0.2996,0.576636394417926,0.727685867720754,0.794671155593721,4,1.20457112020294,10.228555999254,0.374469544642041,4.87177408421908,0.129047242794668,0.671345068427592,0.102593956226472,5.61605560803677
"R",0.2976,0.572787019288301,0.724405428339266,0.791088743635787,4,1.20423608276341,10.2118041579289,0.372835281603795,4.88405554328279,0.128995834857125,0.67399971420018,0.102374426926885,5.58590077555882
"R",0.2956,0.568937644158675,0.721099944341069,0.787478981642096,4,1.20390093587084,10.1950468030689,0.371200727063165,4.89634644265233,0.128944368803459,0.676658783598401,0.10215265495098,5.55573047029961
"R",0.2936,0.565088269029049,0.717769518850095,0.783841982229396,4,1.20356567225781,10.1782835921713,0.369565861565212,4.90864677273236,0.128892837720339,0.679322286554796,0.101928631399616,5.52554434267291
"R",0.2916,0.561238893899424,0.714414236582877,0.780177837912584,4,1.2032302995628,10.1615149519242,0.367930689779363,4.9209568270988,0.128841277178322,0.681990238078928,0.101702382063357,5.49534250940805
"R",0.2896,0.557389518769798,0.711034200413337,0.776486661035383,4,1.20289480625101,10.1447403228561,0.366295204224173,4.93327630247343,0.128789646653065,0.684662658958079,0.101473854330479,5.46512472211542
"R",0.2876,0.553540143640172,0.707629492538331,0.772768541361072,4,1.20255919510743,10.1279597657016,0.364659400981749,4.94560539910048,0.128737961584697,0.687339572762559,0.10124305228957,5.43489083589364
"R",0.2856,0.549690768510547,0.704200207253011,0.769023581864907,4,1.20222346253329,10.1111731489253,0.363023277293476,4.95794408836149,0.128686217020722,0.690020997358012,0.101009960097135,5.40464074347649
"R",0.2836,0.545841393380921,0.700746438871406,0.765251885542758,4,1.20188760820416,10.0943804049244,0.361386821474087,4.97029250295305,0.128634423972469,0.69270694396161,0.100774584464176,5.3743742236147
"R",0.2816,0.541992018251295,0.697268286408079,0.761453560523721,4,1.20155162730955,10.0775813575085,0.359750026782063,4.98265059626622,0.128582569454646,0.695397443829474,0.1005369004512,5.34409114721451
"R",0.2796,0.538142643121669,0.693765829169012,0.757628693414092,4,1.20121552015163,10.0607759925927,0.358112895057651,4.9950184500054,0.128530669625309,0.698092506721347,0.100296901888218,5.31379140622864
"R",0.2776,0.534293267992044,0.69023916773092,0.753777394048922,4,1.20087929062316,10.0439645348563,0.356475477226688,5.00739566782242,0.128478704836816,0.700792140759475,0.100054529187206,5.28347565785829
"R",0.2756,0.530443892862418,0.68668839100067,0.749899759519174,4,1.20054291106394,10.0271455630902,0.35483757435274,5.01978362178207,0.128426692454779,0.7034964394909,0.0998099212443034,5.25314098826684
"R",0.2736,0.526594517732792,0.683113592025828,0.745995891437675,4,1.20020642695873,10.0103213426501,0.353199528271509,5.03217995917756,0.128374632878722,0.706205266660072,0.0995627957530315,5.22279217800776
"R",0.2716,0.522745142603167,0.67951486132918,0.742065888660058,4,1.1998697619335,9.99348809909669,0.351560791479712,5.04458847923251,0.128322496409031,0.708918940446483,0.0993135468986884,5.19242141306684
"R",0.2696,0.518895767473541,0.675892293082461,0.738109854026797,4,1.19953297799071,9.97664890608349,0.349921837652412,5.05700588210388,0.128270320262458,0.711637203004025,0.0990618109932367,5.16203525177098
"R",0.2676,0.515046392343915,0.672245969709248,0.734127877548767,4,1.19919605070943,9.9598025347856,0.348282494627286,5.06943340247176,0.128218085424005,0.714360193540796,0.0988076820777851,5.13163116530954
"R",0.2656,0.51119701721429,0.668575992057168,0.730120069356866,4,1.19885897650739,9.94294884352479,0.346642747768797,5.08187108495202,0.128165798980346,0.717087933269276,0.0985511654614927,5.10120894202002
"R",0.2636,0.507347642084664,0.664882444070405,0.72608652112255,4,1.19852175171839,9.92608762862917,0.345002587099001,5.09431903297036,0.128113460260799,0.719820452355658,0.0982922312154092,5.070768269846
"R",0.2616,0.503498266955038,0.661165421421197,0.722027337324923,4,1.19818437617108,9.90921881407135,0.343362011624958,5.10677728127987,0.128061060087671,0.722557776730289,0.0980308828114138,5.04030903498749
"R",0.2596,0.499648891825413,0.657425012736004,0.717942614748731,4,1.19784684506525,9.89234222700041,0.341721014881456,5.11924582757582,0.128008611711946,0.72529992697155,0.0977670874567561,5.00983104844204
"R",0.2576,0.495799516695787,0.653661300769237,0.713832443766132,4,1.1975091539607,9.87545767680954,0.340079577077609,5.13172485546857,0.127956109303171,0.728046952023815,0.0975008405555993,4.979333926272
"R",0.2556,0.491950141566161,0.649874397159683,0.709696946292542,4,1.19717131595505,9.8585658370074,0.338437817769224,5.14421348559343,0.127903559158881,0.730798802737353,0.097232031107403,4.94881926830239
"R",0.2536,0.488100766436536,0.646064361608467,0.705536187524722,4,1.19683327899728,9.84166393837525,0.336795326607357,5.15671466294107,0.127850931143382,0.733555758865361,0.0969609361193009,4.91828117966883
"R",0.2516,0.48425139130691,0.642231305165936,0.701350288735478,4,1.19649508960967,9.82475447996391,0.335152493395573,5.16922564959172,0.127798263463984,0.736317605793869,0.0966872548186149,4.88772504565463
"R",0.2496,0.480402016177284,0.638375308446469,0.697139337959943,4,1.19615674080101,9.80783704301297,0.333509292807388,5.18174654081506,0.12774555959453,0.739084384221476,0.0964109599483035,4.85715032919788
"R",0.2476,0.476552641047659,0.6344964569814,0.692903428602822,4,1.19581818172621,9.790909092383,0.331865346339045,5.19428008008805,0.127692764704087,0.741856371524698,0.0961323264418449,4.82655161496375
"R",0.2456,0.472703265918033,0.630594848811901,0.688642667730222,4,1.19547947819234,9.77397369638321,0.330221127398165,5.20682293665914,0.127639945958932,0.744633299005865,0.0958509565136814,4.7959354553569
"R",0.2436,0.468853890788407,0.626670566883244,0.684357145922728,4,1.19514056310434,9.75702818137927,0.328576248564402,5.21937781048029,0.127587060896685,0.747415432368182,0.0955671255855575,4.7652963273304
"R",0.2416,0.465004515658782,0.622723699748281,0.680046959884707,4,1.1948014638871,9.74007313024095,0.326930822939155,5.23194394933245,0.127534112568508,0.750202752947341,0.095280713078372,4.73463560790893
"R",0.2396,0.461155140529156,0.618754330053463,0.675712199870416,4,1.19446215628668,9.72310781907962,0.325284755743456,5.2445220349603,0.127481104094105,0.752995340764623,0.0949917683124217,4.70395184215228
"R",0.2376,0.45730576539953,0.614762552415594,0.671352969206374,4,1.1941226613762,9.70613306911173,0.32363820203222,5.25711091342905,0.127428049572093,0.755793121071423,0.0947001447382343,4.67324704107838
"R",0.2356,0.453456390269905,0.610748451005494,0.666969359811533,4,1.19378297351461,9.68914867789484,0.321991144188725,5.26971072123423,0.127374947647366,0.758596161342319,0.0944058062888467,4.64252085957905
"R",0.2336,0.449607015140279,0.606712112056046,0.662561465856724,4,1.19344305025901,9.67215251155969,0.32034326841596,5.2823237105404,0.127321776496053,0.761404686097488,0.0941089631311142,4.61176878088625
"R",0.2316,0.445757640010653,0.602653622621004,0.658129382409217,4,1.19310292930649,9.65514645267983,0.31869487986519,5.29494778787058,0.127268554026947,0.764218551033377,0.093809366705948,4.58099488937265
"R",0.2296,0.441908264881028,0.598573067831576,0.653673202436758,4,1.19276260395687,9.63813018167985,0.317045964471985,5.30758304567364,0.127215282444589,0.767037805894788,0.0935069990042909,4.55019876498292
"R",0.2276,0.438058889751402,0.594470531634267,0.649193017613337,4,1.19242202889008,9.62110144532345,0.315396174918195,5.32023191119987,0.127161941029642,0.769862710482613,0.0932020557902313,4.51937557210124
"R",0.2256,0.434209514621776,0.590346102629031,0.644688924694753,4,1.19208124372045,9.60406217926042,0.31374587736875,5.33289174662536,0.127108556689991,0.772693049324922,0.0928942518471868,4.48853000769222
"R",0.2236,0.430360139492151,0.586199864413647,0.640161014974167,4,1.19174020269765,9.58701015341189,0.312094699265907,5.34556530379777,0.127055097923188,0.775529133228889,0.0925838174462462,4.45765694808902
"R",0.2216,0.426510764362525,0.582031897999129,0.635609376919858,4,1.19139893234207,9.56994662643064,0.31044289368357,5.35825078434469,0.12700159282932,0.778370821359338,0.0922705446604864,4.42675952621684
"R",0.2196,0.422661389232899,0.577842291937922,0.631034107235742,4,1.19105741324373,9.55287065843166,0.308790315206894,5.37094916430086,0.126948023243061,0.78121829183643,0.09195444913523,4.39583577017589
"R",0.2176,0.418812014103274,0.573631127013776,0.626435294141915,4,1.19071564117255,9.53578206201614,0.307136986212891,5.38366028590584,0.126894403122355,0.784071534902571,0.0916355141454975,4.36488562860707
"R",0.2156,0.414962638973648,0.569398495165141,0.62181303803999,4,1.19037363624031,9.5186818348962,0.305483059593781,5.39638317910434,0.126840743141019,0.786930528044127,0.0913135868326394,4.33391112596883
"R",0.2136,0.411113263844022,0.565144455699052,0.617167403696359,4,1.19003133518284,9.50156679151316,0.303828107058777,5.40912077287701,0.126786999866595,0.789795579631871,0.0909889277229465,4.30290597198598
"R",0.2116,0.407263888714397,0.560869114161546,0.612498506372835,4,1.18968874402397,9.48443720703212,0.302172100792441,5.42187359102556,0.126733169420292,0.79266680539012,0.0906615218855974,4.27186991502734
"R",0.2096,0.403414513584771,0.556572544381761,0.607806426694711,4,1.1893458930861,9.46729465770908,0.300515428098673,5.43463847625191,0.126679316405311,0.795543945219107,0.0903310240304533,4.24080777808002
"R",0.2076,0.399565138455145,0.552254832520139,0.603091258753711,4,1.1890027832055,9.45013916744426,0.298858106108904,5.44741542489494,0.126625414514208,0.798427055050224,0.0899973985233767,4.20971959163743
"R",0.2056,0.395715763325519,0.547916048500438,0.598353078910247,4,1.18865932581747,9.43296627003625,0.297199405733299,5.46020980437275,0.12657139927306,0.801316707995057,0.0896611051967544,4.1785952672879
"R",0.2036,0.391866388195894,0.543556277918135,0.593591980639074,4,1.18831559463593,9.4157797289314,0.295539982434069,5.4730168766764,0.126517355721469,0.804212500368422,0.0893216290824426,4.14744349878977
"R",0.2016,0.388017013066268,0.539175605903221,0.588808056906609,4,1.18797155446184,9.39857766622341,0.293879578079072,5.48583846520581,0.126463248513863,0.807114663561853,0.0889791057865374,4.11626048453387
"R",0.1996,0.384167637936642,0.534774105866051,0.584001387880812,4,1.18762719578064,9.38135981637584,0.292218170471816,5.49867480107714,0.126409078055212,0.810023284171281,0.0886335008229808,4.08504570823216
"R",0.1976,0.380318262807017,0.530351856581866,0.57917205958838,4,1.187282517065,9.36412585805074,0.290555739404999,5.51152610394068,0.126354843799377,0.81293844351288,0.0882847795261921,4.05379860720977
"R",0.1956,0.376468887677391,0.525908940602557,0.57432016218031,4,1.18693750509088,9.346875246371,0.288892225795444,5.52439271618323,0.126300550736123,0.815860250327087,0.0879329045371144,4.02251824711137
"R",0.1936,0.372619512547765,0.521445435817958,0.569445780716389,4,1.18659216306297,9.32960827096336,0.287227770080728,5.53727356273788,0.126246197372762,0.818788646625928,0.0875777448483952,3.99120602268785
"R",0.1916,0.36877013741814,0.51696141393589,0.564548993505321,4,1.18624642985926,9.31232152822522,0.285561823528903,5.55017264216158,0.126191748403862,0.821724078588306,0.0872196170439429,3.95985431286159
"R",0.1896,0.364920762288514,0.512456957298037,0.559629890468544,4,1.18590038300089,9.29501914407691,0.283895088177514,5.56308508021361,0.126137277730733,0.824666170645954,0.0868579645297429,3.92847236255264
"R",0.1876,0.361071387158888,0.507932140049706,0.554688552576626,4,1.18555392604802,9.27769631677677,0.282226793780785,5.57601644367698,0.126082698995404,0.827615504655076,0.0864932991819166,3.8970495075048
"R",0.1856,0.357222012029263,0.503387038131955,0.549725062761188,4,1.18520712534279,9.26035626903777,0.280557561536326,5.58896206473528,0.1260280814855,0.830571746770934,0.0861250544366422,3.86559382716516
"R",0.1836,0.353372636899637,0.49882172670446,0.544739503100539,4,1.18485991353237,9.24299570340204,0.278886883077525,5.60192577445449,0.125973380868713,0.833535308219128,0.0857535654620363,3.83409800946048
"R",0.1816,0.349523261770011,0.494236280687352,0.539731955411396,4,1.18451226322161,9.2256131640766,0.277214619759762,5.61490823783313,0.125918583649772,0.836506327472514,0.0853788294984864,3.80255983004806
"R",0.1796,0.345673886640386,0.489629619298944,0.534701239423435,4,1.18416415062705,9.20820752917034,0.275540848290381,5.62790971389707,0.125863723170149,0.839485340134761,0.085000409455976,3.77097779336486
"R",0.1776,0.34182451151076,0.485005280658089,0.529651218948123,4,1.1838158231031,9.19079103702807,0.27386659713,5.64092242802718,0.125808832188694,0.842470453516193,0.0846186173544639,3.73937272464473
"R",0.1756,0.337975136381134,0.480359867757429,0.524578184275154,4,1.18346696198375,9.17334815373042,0.27219053574539,5.6539557340433,0.125753858193001,0.845463882043039,0.0842331272931798,3.70771874365376
"R",0.1736,0.334125761251509,0.475694616859968,0.519483485468604,4,1.18311763108772,9.1558815520851,0.270512707132821,5.66700971173665,0.12569878275523,0.848465270105793,0.08384430707742,3.67601860063282
"R",0.1716,0.330276386121883,0.471009590299418,0.514367190600159,4,1.18276787007045,9.13839350199714,0.268833594898318,5.68008060709546,0.125643657324895,0.851474406194115,0.0834516295287724,3.6442784583841
"R",0.1696,0.326427010992257,0.466304866622411,0.509229385446863,4,1.18241760204519,9.12088011422639,0.267152587362854,5.69317286702747,0.125588422820377,0.854491804557405,0.0830554744993493,3.61248975022948
"R",0.1676,0.322577635862632,0.461580508305171,0.504070138236032,4,1.18206688952373,9.10334457089531,0.265470265306371,5.70628262589705,0.125533147662366,0.857517156544726,0.0826553916399739,3.58065969357068
"R",0.1656,0.318728260733006,0.456835404573157,0.498888235943574,4,1.18171556432146,9.08577825911117,0.263785554579207,5.71941773119473,0.125477744725553,0.860551793875264,0.0822516262646772,3.54877128583711
"R",0.1636,0.31487888560338,0.452073183511174,0.493687640628493,4,1.18136391840463,9.0681959135279,0.262100041932269,5.73256600470467,0.125422303267084,0.863593323158821,0.0818441430625196,3.5168523966184
"R",0.1616,0.311029510473755,0.44729035180348,0.488464537406675,4,1.18101165831909,9.05058283518215,0.260412333565192,5.7457381625054,0.125366775529254,0.866644191961966,0.0814326359594421,3.48487664558156
"R",0.1596,0.307180135344129,0.442488157558884,0.483220289278439,4,1.18065888198333,9.03294410597919,0.258722817904429,5.7589320328706,0.125311152178751,0.869703903311176,0.0810172027431128,3.4528516017071
"R",0.1576,0.303330760214503,0.437666675335849,0.477954977665538,4,1.18030553725303,9.01527685089161,0.257031342237267,5.77214761221217,0.125255455278657,0.872772521999788,0.0805977566884062,3.42077421376608
"R",0.1556,0.299481385084878,0.432825969714494,0.472668673092852,4,1.17995159120995,8.99757956168357,0.255337832547846,5.78538524952624,0.125199651719646,0.875850175596535,0.0801742688698644,3.38864256623198
"R",0.1536,0.295632009955252,0.427966102818033,0.467361443402191,4,1.17959712908301,8.97985646127596,0.253642742437519,5.79864293800807,0.125143825772965,0.878936855783243,0.0797463596092197,3.35646307019123
"R",0.1516,0.291782634825626,0.423087140696558,0.46203336072372,4,1.17924202153635,8.96210112320496,0.251945159408328,5.8119268258867,0.125087858580708,0.882033285603411,0.0793145210720392,3.32422280175208
"R",0.1496,0.287933259696001,0.418189146270711,0.456684493770085,4,1.17888628258814,8.94431412897783,0.250245293330735,5.82523532916163,0.125031781480839,0.885139439155613,0.0788784942754346,3.291923940893
"R",0.1476,0.284083884566375,0.413272181838862,0.451314910574372,4,1.17852992693047,8.92649638224944,0.248543353708687,5.83856710927053,0.124975648029935,0.888255311019733,0.0784380024116023,3.2595687533785
"R",0.1456,0.280234509436749,0.408336310149905,0.445924679661669,4,1.17817290242878,8.90864511963242,0.246839017248222,5.85192446988775,0.124919375113519,0.891381277517881,0.0779931868992928,3.22715205175358
"R",0.1436,0.276385134307123,0.403381591774482,0.440513867178295,4,1.17781516391329,8.89075821805388,0.245131940768093,5.86530986704551,0.124862972798919,0.894517751441788,0.0775440961647178,3.19466908158559
"R",0.1416,0.272535759177498,0.39840808657393,0.435082538495969,4,1.17745680716939,8.87284051520175,0.243423132586885,5.87871623418491,0.12480657236871,0.897664110846594,0.077089975215546,3.16213201482426
"R",0.1396,0.268686384047872,0.393415850186298,0.429630754374365,4,1.17709770105988,8.85488505814947,0.241711407385345,5.89215211902333,0.124749997649059,0.900821481740267,0.0766314241369008,3.1295249721174
"R",0.1376,0.264837008918246,0.388404945831107,0.424158583852513,4,1.1767378514839,8.83689261388928,0.239997051801219,5.90561545257769,0.124693354053839,0.903989675114861,0.0761681820830872,3.09685074812603
"R",0.1356,0.260987633788621,0.38337542933216,0.418666087892939,4,1.17637724048082,8.81886204208534,0.238279994382899,5.91910675245547,0.124636567607689,0.907169055333464,0.0757000745744268,3.0641077033753
"R",0.1336,0.257138258658995,0.378327353098831,0.413153323729427,4,1.17601584447902,8.80079221709248,0.23656012924641,5.93262692541286,0.124579711174411,0.91035976395514,0.0752270816606199,3.0312936344521
"R",0.1316,0.253288883529369,0.373260777190345,0.407620356949804,4,1.17565363819624,8.78268192414303,0.234837338030672,5.9461769938028,0.124522722033612,0.913562172919051,0.0747490937301959,2.99840628164331
"R",0.1296,0.249439508399744,0.368175767961215,0.402067260016681,4,1.17529059897766,8.7645301134775,0.233111565029848,5.95975728577477,0.124465619172475,0.916776506540757,0.0742659765122166,2.96544417860114
"R",0.1276,0.245590133270118,0.363072336363422,0.396494044890194,4,1.17492669924698,8.7463349583443,0.231382621676439,5.97336931564576,0.124408366198883,0.920003146338197,0.0737776683648693,2.93240387245374
"R",0.1256,0.241740758140492,0.357950575116612,0.390900812825065,4,1.17456191884913,8.72809595930077,0.229650579118372,5.98701276483172,0.124351019599627,0.923242109010509,0.0732840813029087,2.89928509344396
"R",0.1236,0.237891383010867,0.352810523956378,0.385287607214643,4,1.17419622138836,8.70981108224581,0.227915202895775,6.00068913031046,0.12429352909271,0.926493920770472,0.0727850305593178,2.86608422201279
"R",0.1216,0.234042007881241,0.347652230045199,0.379654479562834,4,1.17382957466452,8.69147875989214,0.226176356805545,6.01439970496034,0.124235906787471,0.929758879845713,0.0722804742991156,2.83279828456542
"R",0.1196,0.230192632751615,0.342475751397863,0.374001493224829,4,1.17346192292807,8.67309621720217,0.224433693070946,6.0281469055146,0.124178155565958,0.933037443964332,0.0717704076648368,2.79942187410046
"R",0.1176,0.22634325762199,0.337281110799765,0.368328673083476,4,1.17309331229359,8.65466585171648,0.222687846694677,6.04192618300487,0.124120290196717,0.936329475582615,0.0712541981826628,2.76596209724183
"R",0.1156,0.222493882492364,0.332068371987139,0.362636088742086,4,1.17272365417057,8.63618274543258,0.220938057507007,6.05574348201855,0.124062282541448,0.939635742163602,0.0707322063676309,2.73240776929737
"R",0.1136,0.218644507362738,0.326837583282382,0.356923792971254,4,1.17235290228375,8.61764511461678,0.219184223575874,6.06959930705472,0.124004086918963,0.942956635244191,0.0702041982816538,2.69875651457225
"R",0.1116,0.214795132233113,0.321588780179799,0.351191824532622,4,1.17198092280918,8.59904613978,0.217426121642969,6.08349300156305,0.123945763914779,0.946292071850839,0.0696701056476269,2.66500176655705
"R",0.1096,0.210945757103487,0.316322009681864,0.345440234755359,4,1.17160802911261,8.58040144142238,0.215664197304094,6.09742901345909,0.123887307742486,0.949643500134637,0.0691294328969041,2.63115537845791
"R",0.1076,0.207096381973861,0.311037306202117,0.339669061220858,4,1.17123382069305,8.56169114751622,0.213897680969419,6.11140527757409,0.123828667749525,0.953010357565529,0.0685823297307623,2.59719860425192
"R",0.1056,0.203247006844236,0.305734707481613,0.33387834514433,4,1.17085825359798,8.54291267333248,0.212126233407615,6.12542476486361,0.123769833080099,0.95639330845646,0.068028769333376,2.56312573949207
"R",0.1036,0.19939763171461,0.300414258111786,0.328068135221963,4,1.17048165717881,8.52408289458409,0.210350787349979,6.13948762784508,0.123710900461236,0.959793220769263,0.0674679602776615,2.52895416568798
"R",0.1016,0.195548256584984,0.29507599221141,0.322238468713245,4,1.17010361785345,8.50518113642055,0.208570199153639,6.1535955012077,0.123651764439092,0.963210060381851,0.0669002522548303,2.49466063050469
"R",0.0996,0.191698881455359,0.28971993698427,0.316389375326141,4,1.16972416221167,8.48620811034525,0.206784021796559,6.16775390262686,0.123592370820798,0.966645049977351,0.0663256172488242,2.46024027952441
"R",0.0976,0.187849506325733,0.284346135456084,0.31052090204699,4,1.16934341743859,8.46717110791523,0.204993381949577,6.18195660305121,0.123532885073008,0.970097908138811,0.0657430641818032,2.42570692527935
"R",0.0956,0.184000131196107,0.278954603695143,0.30463306642321,4,1.16896099895831,8.44804994587118,0.203196363239865,6.19621313403376,0.123473120886954,0.973569756047948,0.0651534033846533,2.39102985293331
"R",0.0936,0.180150756066482,0.273545383255822,0.298725913834359,4,1.16857716800985,8.42885833244618,0.201394362038962,6.21051733671177,0.123413246920426,0.977060671335521,0.06455541250862,2.35622944055986
"R",0.0916,0.176301380936856,0.268118501900538,0.292799474598455,4,1.1681917117164,8.40958557189249,0.199586126720882,6.22487771264663,0.123353115948432,0.980571949493749,0.063949511343936,2.32128601515523
"R",0.0896,0.17245200580723,0.262673961819132,0.286853751106918,4,1.16780459515172,8.39022976097779,0.197771671603152,6.2392938884423,0.12329276485792,0.984104042930182,0.0633352318051262,2.28619783121072
"R",0.0876,0.168602630677605,0.257211824631761,0.280888810652192,4,1.16741574735506,8.37078764262926,0.195950814207212,6.25376777308705,0.123232163630797,0.987657500037244,0.0627123964503734,2.25095952045044
"R",0.0856,0.164753255547979,0.25173205325369,0.274904612735801,4,1.16702509780671,8.35125488518112,0.194123154210268,6.26830200903223,0.123171329238385,0.991233296294694,0.0620807030611316,2.2155638289411
"R",0.0836,0.160903880418353,0.246234715015193,0.26890123088594,4,1.16663254893903,8.33162745045365,0.192288095131541,6.28290144935014,0.123110171738992,0.99483254576011,0.0614399766892611,2.18000155334671
"R",0.0816,0.157054505288727,0.240719811620224,0.262878666963413,4,1.16623810928786,8.31190546319321,0.19044649649388,6.29755975213916,0.12304893718716,0.998454889685608,0.0607893524823356,2.14427907781387
"R",0.0795999999999999,0.153205130159102,0.2351873414013,0.256836919147242,4,1.1658416585787,8.29208293710465,0.188597423196231,6.3122849098646,0.122987384623276,1.00210192905709,0.0601290009231253,2.10838209564867
"R",0.0775999999999999,0.149355755029476,0.229637339478441,0.250776025790332,4,1.16544305339769,8.27215314674991,0.186740174835874,6.32708031773005,0.122925586750714,1.00577500885283,0.059458108860365,2.07230003333888
"R",0.0755999999999999,0.14550637989985,0.224069771067589,0.244695948906668,4,1.16504211921294,8.25210595488535,0.184873353135436,6.34195804447317,0.122863249872796,1.00947591328742,0.0587775520138648,2.03601014867699
"R",0.0735999999999999,0.141657004770225,0.218484673531666,0.238596729298518,4,1.16463885478761,8.23194273815962,0.182998590937389,6.35690483252269,0.122800666519669,1.01320365714107,0.0580857929075926,1.9995270727573
"R",0.0715999999999999,0.137807629640599,0.2128820368281,0.232478355998868,4,1.16423340055469,8.21167003218808,0.181115739725069,6.37192595392199,0.122738054367968,1.01696014640497,0.0573817880408118,1.96285200345893
"R",0.0695999999999999,0.133958254510973,0.207261856069773,0.226340823670731,4,1.1638252059209,8.19126028630009,0.17922212754362,6.3870370105696,0.122674875765855,1.02074762548683,0.0566666861036126,1.92594063302966
"R",0.0675999999999999,0.130108879381348,0.201624123156123,0.220184123467865,4,1.16341436664487,8.17071833031999,0.177318720540778,6.40223200756072,0.122611439816855,1.02456649667635,0.0559388541593331,1.88880366242335
"R",0.0655999999999999,0.126259504251722,0.195968824689077,0.214008240758873,4,1.1630005835038,8.15002917535842,0.175403813638347,6.41752428491524,0.122547406160394,1.02841911493367,0.0551988855928548,1.85141215743385
"R",0.0635999999999999,0.122410129122096,0.190295944602734,0.207813157998946,4,1.16258405049815,8.12920252708672,0.173479239112686,6.43290226477429,0.122483285638429,1.03230543278849,0.0544444286312817,1.81378747815174
"R",0.0615999999999999,0.118560753992471,0.184605462465005,0.201598852875173,4,1.16216428396902,8.10821419638238,0.171542175089838,6.44838484685952,0.122418582021683,1.03622851593656,0.0536763650563112,1.77588533453507
"R",0.0595999999999999,0.114711378862845,0.1788973508763,0.195365295465763,4,1.16174105980978,8.08705296407752,0.169591347362713,6.46398128576687,0.122353164745401,1.04019092498783,0.0528942297652332,1.737684597399
"R",0.0575999999999999,0.110862003733219,0.173171575727094,0.189112448521323,4,1.16131442693834,8.06572135193414,0.167628732984476,6.4796777732365,0.122287560408099,1.04419191170053,0.0520959454593152,1.69920132824862
"R",0.0555999999999999,0.107012628603594,0.167428101855305,0.182840273643016,4,1.16088442878852,8.04422142042982,0.165653178155452,6.49548948481707,0.12222166319688,1.0482354899578,0.0512806966970901,1.66042226970469
"R",0.0535999999999999,0.103163253473968,0.161666882415912,0.17654871967362,4,1.16045057115708,8.02252855817333,0.1636623783939,6.51143053752397,0.122155039104921,1.05232478366711,0.0504485519069796,1.62130743227177
"R",0.0515999999999999,0.0993138783443423,0.155887866154786,0.170237730640938,4,1.16001131484518,8.00056574202943,0.161651854439148,6.52751120737825,0.122087820287256,1.05646001475624,0.0496007079814807,1.58176542328708
"R",0.0495999999999999,0.0954645032147166,0.150090993284517,0.163907241253978,4,1.15956932776071,7.97846638557097,0.159631673010563,6.54370587808439,0.122020259466359,1.06064510501318,0.0487298472212501,1.54196174534012
"R",0.0475999999999999,0.091615128085091,0.144276195190955,0.15755717658249,4,1.15912170509376,7.95608525306047,0.157588553345353,6.56007471014984,0.12195144863695,1.06488572068689,0.0478415086631098,1.50168360301922
"R",0.0455999999999999,0.0877657529554653,0.138443393817369,0.151187451384426,4,1.1586692618149,7.93346309254647,0.155528707906101,6.57658444270826,0.121882671013899,1.06918062285348,0.0469302161897969,1.46100615364361
"R",0.0435999999999999,0.0839163778258396,0.132592501520421,0.144797969948661,4,1.15821161715498,7.91058085823559,0.153449161608163,6.59326057529411,0.121812842438273,1.07353663688362,0.0459953746055549,1.41988412858979
"R",0.0415999999999999,0.0800670026962139,0.126723417871457,0.138388622601836,4,1.15774762587296,7.88738129081389,0.151344441187569,6.61013677200104,0.121742020801267,1.07795872997038,0.0450384206719443,1.37822310541493
"R",0.0396,0.0762176275665883,0.120836028269097,0.131959284193228,4,1.1572781092691,7.86390546094169,0.149217939373082,6.62720570550824,0.121670144868308,1.08245241634856,0.0440533055887441,1.33607324945593
"R",0.0376,0.0723682524369627,0.114930206641128,0.125509817045366,4,1.15680103061515,7.84005153655394,0.147066652133317,6.644460438645,0.121597872010509,1.08701577352232,0.0430401300955706,1.29333399165651
"R",0.0356,0.068518877307337,0.109005808228535,0.119040063073808,4,1.1563168666871,7.81584333436937,0.144885492066667,6.66196602586663,0.121524674598636,1.09166449954375,0.0419966624527152,1.24996429868059
"R",0.0336,0.0646695021777113,0.103062669314275,0.112549843490952,4,1.1558239216343,7.79119607605006,0.142679254478631,6.67965803704016,0.121450908364272,1.0963909096835,0.0409188948020668,1.20593986849906
"R",0.0316,0.0608201270480856,0.0971006039362651,0.106038955216444,4,1.15532352771825,7.7661763738193,0.140434033383839,6.69770123074612,0.121374600115951,1.10122929381212,0.0398061832742257,1.16116441261435
"R",0.0296,0.0569707519184599,0.0911194016042043,0.0995071683838284,4,1.15481293241659,7.74064659450655,0.13815593336655,6.71599978825092,0.121297387818342,1.10616680158372,0.038652578979365,1.11558921770308
"R",0.0276,0.0531213767888343,0.0851188185203415,0.0929542167531678,4,1.15429143594697,7.71457179608417,0.135836100029654,6.73463245316529,0.121218984370046,1.11122204123707,0.037455575270651,1.06909668680372
"R",0.0196,0.0377238762703315,0.0609165303559643,0.0665240479719069,4,1.1520642542129,7.6032127048333,0.126038809302819,6.81327495658873,0.120886261635543,1.13291268933696,0.032120299352739,0.871472757753412
"R",0.0155999999999999,0.0300251260110802,0.048689471614702,0.0531714581657243,4,1.15084237562491,7.54211878630665,0.120721155514843,6.85608431831551,0.120701889012042,1.14500921039004,0.0289897373885831,0.763380253822602
"R",0.5196,1.00006765867675,0.915706900882303,0.99999999091439,4,1.24082037093869,12.0410185471891,0.551918473806433,3.58283716756266,0.134283389641109,0.405820054425101,0.114189393630853,8.83783646673479
"R",0.5216,1.00391703380638,0.915689747142143,0.999981258129928,4,1.24114314796199,12.0571573983051,0.553497753664045,3.57177722609441,0.134326282898291,0.403659169737227,0.114185726361161,8.8660981909694
"R",0.5236,1.007766408936,0.915639430291887,0.999926309488884,4,1.24146572410492,12.0732862727947,0.555075982822944,3.5607315551132,0.134369066838539,0.401503190564307,0.114180201773381,8.89433487376875
"R",0.5256,1.01161578406563,0.915555923230125,0.999835115395094,4,1.24178819531023,12.0894097523695,0.556653462632876,3.54969979014597,0.134411755636332,0.399352175473069,0.114172705244756,8.92255168429715
"R",0.5276,1.01546515919525,0.915439196414387,0.999707643586631,4,1.24211047588812,12.1055237603153,0.558229975813402,3.53868158270234,0.134454336708264,0.397206030204981,0.11416326034267,8.95074471061524
"R",0.5296,1.01931453432488,0.915289223712646,0.99954386552595,4,1.24243256709029,12.1216283122796,0.559805436347491,3.527678058381,0.134496813246139,0.39506484270998,0.114151977732168,8.97891281563972
"R",0.5316,1.0231639094545,0.91510597801105,0.999343751603303,4,1.24275450956273,12.1377255366116,0.561380068191386,3.51668791448559,0.134539187435636,0.392928565095812,0.114138683451425,9.0070595620432
"R",0.5336,1.02701328458413,0.91488943869701,0.999107279308659,4,1.24307631716152,12.1538157950656,0.562953791632011,3.50571250594039,0.134581460460331,0.390797314359529,0.114123502094187,9.03518394591475
"R",0.5356,1.03086265971376,0.914639578156309,0.998834418485845,4,1.24339792546335,12.16989626466,0.564526513964583,3.49475084461851,0.134623622682283,0.388670950772362,0.114106395393184,9.06328402006245
"R",0.5376,1.03471203484338,0.914356376776795,0.998525147717363,4,1.24371936397206,12.1859682052788,0.56609824918527,3.48380365973629,0.134665681020909,0.386549586890942,0.114087380691385,9.09136035568344
"R",0.5396,1.03856140997301,0.914039811555603,0.998179441882875,4,1.24404063416574,12.2020317301365,0.567669023120261,3.47287071667451,0.134707635288736,0.384433190869882,0.114066446361631,9.11941331230324
"R",0.5416,1.04241078510263,0.913689864972642,0.997797281849524,4,1.24436173082372,12.2180865208222,0.569238806980763,3.46195215311332,0.134749480366973,0.382321786979043,0.114043595835857,9.14744241963681
"R",0.5436,1.04626016023226,0.913306514680254,0.997378643212492,4,1.24468265310652,12.2341326752726,0.570807592062764,3.45104811561154,0.134791219783057,0.380215382884139,0.114018848676337,9.17544762670409
"R",0.5476,1.05395891049151,0.912439538915565,0.996431860179649,4,1.24532396257123,12.2661981452718,0.573942165002119,3.42928291035678,0.134874376806377,0.376017537759032,0.113963569175673,9.23138609299673
"R",0.5496,1.05780828562114,0.911955880682331,0.99590368000718,4,1.24564438039195,12.2822189964575,0.575508042078278,3.41842176502367,0.134915791505882,0.373926136737083,0.113933013916446,9.25932094384899
"R",0.5516,1.06165766075076,0.911438755023597,0.995338951649736,4,1.24596458320836,12.2982292052279,0.5770727373877,3.40757591866279,0.134957100625542,0.371839780677434,0.113900645629987,9.2872289984234
"R",0.5536,1.06550703588039,0.910888150068068,0.99473766214324,4,1.2462846489742,12.3142324503312,0.578636613538699,3.39674353848677,0.134998298661987,0.369758403355896,0.113866225390216,9.31511599570757
"R",0.5556,1.06935641101001,0.910304051865582,0.994099796253384,4,1.2466045127707,12.3302256417662,0.58019935201014,3.38592631365106,0.135039387297851,0.367682083119709,0.11382996143186,9.34297696438067
"R",0.5576,1.07320578613964,0.909686450265059,0.993425342894655,4,1.24692419684236,12.3462097604517,0.581761053801433,3.37512371346693,0.135080367530857,0.365610795332666,0.113791788551534,9.37081347888248
"R",0.5596,1.07705516126926,0.909035335034765,0.992714290893461,4,1.2472437202073,12.3621860099849,0.583321800973716,3.364335582107,0.135121233430022,0.363544569311488,0.113751659913611,9.39862696223557
"R",0.5616,1.08090453639889,0.90835069848434,0.991966631851529,4,1.2475630464939,12.3781522606362,0.584881424665776,3.35356242971413,0.135161995331153,0.361483396215968,0.113709655664874,9.42641464934708
"R",0.5636,1.08475391152852,0.907632528899418,0.991182352976155,4,1.24788219557092,12.394109736967,0.586440034028847,3.34280380360179,0.135202643376033,0.359427265123687,0.113665722533049,9.45417830085567
"R",0.5656,1.08860328665814,0.906880822169595,0.99036144977856,4,1.24820116231687,12.4100581082708,0.587997587196239,3.33205995880331,0.135243179473594,0.357376201501523,0.113619876746947,9.48191730303785
"R",0.5676,1.09245266178777,0.906095572895193,0.989503916362015,4,1.24851994928932,12.425997458317,0.589554091491805,3.32133086041621,0.135283604365953,0.355330203468406,0.113572114554022,9.50963177901708
"R",0.5696,1.09630203691739,0.905276778302584,0.988609749697571,4,1.24883854950354,12.4419274644003,0.591109525108102,3.31061652658004,0.135323915652789,0.353289279670086,0.113522431195212,9.53732137596683
"R",0.5716,1.10015141204702,0.90442442975222,0.98767894035039,4,1.24915696839406,12.4578484399131,0.59266388998359,3.29991714668098,0.135364115881288,0.351253440121311,0.113470848365797,9.56498622529381
"R",0.5736,1.10400078717664,0.903538527088648,0.986711488150707,4,1.2494751839376,12.4737593823611,0.59421713317214,3.28923261885459,0.135404202286292,0.349222670259052,0.113417362216286,9.59262538281653
"R",0.5756,1.10785016230627,0.902619071411355,0.985707394299221,4,1.24979325506867,12.4896628204404,0.595769421916354,3.27856274076643,0.135444176345252,0.347196999216448,0.113361918743722,9.62024170692591
"R",0.5776,1.1116995374359,0.901666060856682,0.984666656760719,4,1.25011112260516,12.5055561545207,0.597320565342133,3.26790793147095,0.135484036620678,0.345176419793914,0.113304588579882,9.64783204187509
"R",0.5796,1.11554891256552,0.900679496859096,0.983589277101712,4,1.25042880531878,12.5214402719847,0.598870635686716,3.257267944256,0.135523781880448,0.343160928588665,0.113245335209276,9.67539757259919
"R",0.5816,1.11939828769515,0.899659381773885,0.9824752578943,4,1.25074630123391,12.5373150873851,0.600419609131567,3.24664299637687,0.135563413855958,0.341150546258102,0.113184177222131,9.70293798576545
"R",0.5836,1.12324766282477,0.898605448376576,0.981324307315335,4,1.25106369929591,12.5531849696855,0.601967909883787,3.2360302404357,0.135602936232154,0.339144769115863,0.113121068491016,9.73046078827617
"R",0.5856,1.1270970379544,0.897518509086172,0.980137312569001,4,1.25138073795958,12.5690368781598,0.603514294532599,3.22543782690276,0.1356423318849,0.337145081933801,0.113056105000193,9.75794393542698
"R",0.5876,1.13094641308402,0.896397759003013,0.978913394662631,4,1.25169767622675,12.5848838317406,0.60505999564055,3.21485768684927,0.135681617339503,0.335150011065099,0.112989195482805,9.785409366505
"R",0.5896,1.13479578821365,0.895243478235496,0.977652859489294,4,1.25201442520516,12.600721263334,0.60660458760335,3.20429251681137,0.135720788812892,0.333160044168462,0.112920371474825,9.81284952000374
"R",0.5916,1.13864516334327,0.894055672078005,0.976355712830735,4,1.25233099140849,12.6165495704874,0.608148084968039,3.19374241016872,0.135759842005831,0.331175203752564,0.112849636021086,9.84026472314634
"R",0.5936,1.1424945384729,0.892834349437503,0.975021964413825,4,1.25264737401743,12.6323686838601,0.609690491970387,3.18320724624865,0.135798776589149,0.329195477685427,0.112776976979487,9.86765502628981
"R",0.5956,1.14634391360253,0.891579519113463,0.97365162384805,4,1.25296356042654,12.6481780990879,0.611231765774877,3.17268715326773,0.135837598492193,0.327220867395512,0.112702408262478,9.89501976313402
"R",0.5976,1.15019328873215,0.890291192740997,0.972244703839563,4,1.25327955771478,12.663977974802,0.612771915763128,3.16218212687528,0.135876301597494,0.325251377799976,0.112625930937581,9.92235911065955
"R",0.5996,1.15404266386178,0.888969382067145,0.970801217216748,4,1.25359538821858,12.6797694302549,0.614311022157344,3.15169198401503,0.135914886805623,0.323287015438026,0.112547510949313,9.94967443044354
"R",0.6016,1.1578920389914,0.887614095174385,0.969321172806097,4,1.25391102122966,12.6955510752487,0.615848982179665,3.14121692883291,0.135953355697142,0.321327770779433,0.112467184685805,9.97696405277094
"R",0.6036,1.16174141412103,0.886225352012453,0.967804592393765,4,1.25422646190759,12.711323165293,0.617385813539673,3.13075695010252,0.135991703162909,0.319373649301954,0.112384950717044,10.0042282619264
"R",0.6056,1.16559078925065,0.884803165313985,0.966251489884462,4,1.25454171397723,12.7270856793341,0.618921513222907,3.12031202593782,0.136029933620123,0.317424648573228,0.112300802859184,10.0314670539995
"R",0.6076,1.16944016438028,0.883347550437157,0.964661882050121,4,1.25485679400127,12.7428397000539,0.620456142347157,3.10988218782255,0.13606804662811,0.315480794237193,0.112214733188408,10.0586815330825
"R",0.6096,1.17328953950991,0.881858525407493,0.963035788575559,4,1.25517166717471,12.7585834869875,0.621989608445726,3.0994672553189,0.136106038182506,0.313542047290449,0.112126729805041,10.0858700648287
"R",0.6116,1.17713891463953,0.88033610637434,0.961373227096713,4,1.25548635892437,12.7743178307054,0.623521925336759,3.08906766832813,0.136143908083288,0.311608437631063,0.112036848848304,10.1130330242698
"R",0.6136,1.18098828976916,0.878780311051787,0.959674216958296,4,1.25580089955845,12.7900449969052,0.625053302951846,3.078682408629,0.136181662796226,0.309679943744456,0.111944952158732,10.1401738270426
"R",0.6156,1.18483766489878,0.877191160718033,0.957938781397218,4,1.25611523068444,12.8057615238132,0.626583447583679,3.06831259224702,0.136219293296172,0.307756583248148,0.111851193628749,10.1672877075608
"R",0.6176,1.18868704002841,0.875568677960564,0.9561669450802,4,1.2564293765194,12.8214687890719,0.628112478000075,3.05795773157293,0.136256805343001,0.305838338144153,0.111755512231386,10.194376602266
"R",0.6196,1.19253641515803,0.873912881790173,0.954358728768024,4,1.25674333367086,12.8371666851798,0.629640375696385,3.04761793717433,0.136294199332084,0.303925222004319,0.111657910304535,10.2214402874067
"R",0.6216,1.19638579028766,0.87222379687003,0.952514159394167,4,1.25705709127254,12.8528545675913,0.631167089507808,3.03729337751494,0.136331470068248,0.3020172307419,0.111558418466257,10.2484779205649
"R",0.6236,1.20023516541729,0.870501446369459,0.950633262260747,4,1.25737071241566,12.8685356526498,0.632692873478563,3.02698321669095,0.136368617355633,0.300114365472891,0.11145691615374,10.2754937297007
"R",0.6256,1.20408454054691,0.868745855363164,0.948716064750657,4,1.25768412615273,12.8842062891602,0.634217446275347,3.01668825240103,0.136405641863721,0.2982166109486,0.111353534907124,10.3024830687047
"R",0.6276,1.20793391567654,0.866957044634489,0.946762589560398,4,1.25799735464329,12.8998677318069,0.635740894332471,3.00640830290642,0.136442550169472,0.296323968114471,0.111248234606531,10.3294474326978
"R",0.6296,1.21178329080616,0.865135049000465,0.944772874711995,4,1.25831041165615,12.9155205240417,0.63726327093132,2.99614306838252,0.136479331277983,0.294436445655144,0.111140973691383,10.3563877094612
"R",0.6316,1.21563266593579,0.863279889709706,0.942746943410051,4,1.25862328280465,12.9311641185388,0.638784522072195,2.9858928226873,0.136515991181177,0.292554029720968,0.111031801960276,10.3833030391148
"R",0.6336,1.21948204106541,0.861391597913592,0.940684829673507,4,1.25893597496501,12.946798749341,0.640304666172789,2.97565746713028,0.136552528526618,0.290676726236645,0.110920698832108,10.4101937699897
"R",0.6356,1.22333141619504,0.859470200515336,0.938586562882083,4,1.25924849105588,12.9624245379201,0.641823715376399,2.96543691411572,0.136588942691783,0.288804524300649,0.110807660424902,10.4370601194062
"R",0.6376,1.22718079132467,0.857515731836563,0.936452180516795,4,1.25956082917727,12.9780414501499,0.643341662978582,2.95523120298652,0.136625232776508,0.28693742874439,0.110692689037064,10.4639020128909
"R",0.6396,1.23103016645429,0.855528220404724,0.934281713731117,4,1.25987299061169,12.9936495680356,0.644858517316481,2.94504026021095,0.136661399093701,0.285075429815713,0.110575780031506,10.4907196115944
"R",0.6416,1.23487954158392,0.853507691586935,0.932075190227271,4,1.26018497737115,13.0092488795937,0.646374260456291,2.93486428019022,0.136697443944833,0.283218529962497,0.110456961223468,10.5175127012416
"R",0.6436,1.23872891671354,0.851454191844424,0.929832660743355,4,1.26049679938042,13.0248398360324,0.647888974260792,2.92470251962397,0.13673336108677,0.281366697862105,0.110336144856794,10.5442825226178
"R",0.6456,1.24257829184317,0.849367745759242,0.927554152124259,4,1.26080843834408,13.0404219086186,0.64940256913915,2.91455570849207,0.136769154405406,0.279519965282699,0.110213416354371,10.5710277710706
"R",0.6476,1.24642766697279,0.847248389846452,0.92523970424635,4,1.26111991103475,13.0559955148291,0.650915093511902,2.90442352027846,0.136804822525878,0.277678308481604,0.110088743857557,10.5977492192826
"R",0.6496,1.25027704210242,0.845096155492644,0.922889351385429,4,1.26143121370898,13.0715606781405,0.652426546790558,2.89430592979382,0.136840367215464,0.275841727076594,0.109962124131052,10.6244469169002
"R",0.6516,1.25412641723205,0.842911087727229,0.920503142715977,4,1.26174233619789,13.0871168871131,0.653936891005735,2.88420303689119,0.136875780298215,0.274010217651792,0.109833582358818,10.651120232665
"R",0.6536,1.25797579236167,0.840693215495033,0.918081109847263,4,1.26205331964091,13.1026659472959,0.655446267002018,2.87411435928019,0.136911079108833,0.272183759289116,0.109703040412094,10.6777715383286
"R",0.6556,1.2618251674913,0.838442579162595,0.915623296861666,4,1.26236412391485,13.1182061983284,0.656954543254918,2.86404028840955,0.136946248321963,0.270362362177169,0.109570568249164,10.7043987060259
"R",0.6576,1.26567454262092,0.836159218309275,0.913129746981924,4,1.26267475694137,13.1337378855628,0.658461733940641,2.85398080972558,0.136981289282081,0.268546022033323,0.109436165717274,10.7310020079213
"R",0.6596,1.26952391775055,0.833843175291211,0.910600506463161,4,1.26298524675283,13.1492623588647,0.659967963155787,2.8439353327699,0.137016203430733,0.266734712834283,0.109299757397827,10.7575834628526
"R",0.6616,1.27337329288017,0.831494480007848,0.908035607957144,4,1.26329556801608,13.1647783881873,0.661473110143752,2.83390441580855,0.137050994095341,0.264928445680269,0.109161418777297,10.7841412048443
"R",0.6636,1.2772226680098,0.82911318497149,0.90543510881006,4,1.26360571256844,13.1802858041588,0.662977194528317,2.82388766167712,0.137085648144994,0.263127196122152,0.10902111785213,10.8106754774727
"R",0.6656,1.28107204313943,0.826699323175795,0.902799045052719,4,1.26391574543772,13.195787267545,0.664480372125733,2.81388509325692,0.13712018882006,0.261330980320287,0.108878831270257,10.8371890261433
"R",0.6676,1.28492141826905,0.824252939703318,0.900127465917634,4,1.2642256011844,13.2112800705335,0.665982475899188,2.80389670803869,0.137154595030257,0.259539772526291,0.108734587710506,10.8636790317636
"R",0.6696,1.28877079339868,0.821774081671019,0.897420422859,4,1.26453530908221,13.2267654609458,0.667483591007151,2.79392237219012,0.137188877115441,0.257753563978201,0.10858837201989,10.8901469340375
"R",0.6716,1.2926201685283,0.819262785120298,0.894677955235916,4,1.26484487123863,13.2422434037335,0.668983714486748,2.78396203767859,0.13722302816481,0.255972351626503,0.108440179162778,10.9165927500308
"R",0.6736,1.29646954365793,0.816719100526073,0.891900118169642,4,1.2651542797622,13.2577139574702,0.670482853891867,2.7740156269076,0.137257051994092,0.254196123448004,0.108290004782813,10.943016616964
"R",0.6756,1.30031891878755,0.814143074859046,0.889086962954648,4,1.26546352614169,13.2731764163722,0.671980936338776,2.76408351241438,0.137290945096379,0.252424891165449,0.108137902435714,10.9694174176742
"R",0.6776,1.30416829391718,0.811534741603037,0.886238526157025,4,1.26577267397297,13.28863369828,0.673478229568638,2.75416442024645,0.13732471700464,0.250658593966885,0.107983708026096,10.9957995084777
"R",0.6796,1.3080176690468,0.80889415875038,0.883354871107444,4,1.26608164227632,13.3040821855181,0.674974413598403,2.74425969133222,0.137358352144367,0.248897274802419,0.107827614048977,11.0221577366758
"R",0.6816,1.31186704417643,0.806221366640592,0.880436041858773,4,1.2663905163632,13.3195257981468,0.676469813142676,2.7343681082286,0.137391863181546,0.247140892901628,0.107669450899954,11.0484974492263
"R",0.6836,1.31571641930606,0.803516419334862,0.877482097448671,4,1.26669923470212,13.3349617237704,0.677964206888554,2.72449031530763,0.137425245072232,0.245389450080748,0.107509320385981,11.0748150407604
"R",0.6856,1.31956579443568,0.800779366232048,0.874493091823281,4,1.2670078261149,13.3503912360888,0.679457689804923,2.71462606194749,0.137458495454175,0.243642934847581,0.107347197082575,11.1011121066752
"R",0.6876,1.32341516956531,0.798010244001005,0.871469065026915,4,1.26731628733708,13.3658143508273,0.680950270474249,2.70477517207429,0.137491614112589,0.241901334882982,0.107183059952451,11.1273888465896
"R",0.6896,1.32726454469493,0.795209113468957,0.868410083486099,4,1.26762462437064,13.3812312218852,0.682441960003982,2.69493759780569,0.137524608802086,0.240164634787509,0.107016906466144,11.1536454609331
"R",0.6916,1.33111391982456,0.792376017717898,0.865316194248626,4,1.26793284423766,13.3966421291755,0.683932776540167,2.68511329000284,0.137557470855962,0.238432829183461,0.106848743770598,11.1798823038533
"R",0.6936,1.33496329495418,0.789511013571614,0.862187459369057,4,1.26824094174699,13.4120471096024,0.685422732090795,2.67530208303248,0.137590200303356,0.236705902705622,0.106678555427619,11.2060995845787
"R",0.6956,1.33881267008381,0.786614144929421,0.859023926787744,4,1.26854892221523,13.4274461570141,0.686911825578647,2.66550393351431,0.137622801991981,0.23498383696101,0.106506343826672,11.232297335151
"R",0.6976,1.34266204521344,0.783685470740154,0.855825660879913,4,1.26885680052142,13.4428400421963,0.68840011515462,2.6557186615902,0.13765527310777,0.233266627382524,0.106332088411315,11.2584765526888
"R",0.6996,1.34651142034306,0.780725035663918,0.852592710416739,4,1.26916456892378,13.4582284293694,0.689887576342754,2.64594627369877,0.137687610760161,0.231554260461452,0.106155802380899,11.2846368816381
"R",0.7016,1.35036079547269,0.7777329013795,0.849325142754696,4,1.26947223536678,13.4736117500881,0.691374247321535,2.63618657429348,0.137719818465994,0.229846720792639,0.105977464006907,11.3107789715682
"R",0.7036,1.35421017060231,0.774709106509066,0.846023000071215,4,1.26977979485122,13.4889897611379,0.692860098659367,2.6264397034419,0.137751898145668,0.228143999421894,0.105797100121022,11.3369024225817
"R",0.7056,1.35805954573194,0.771653720122254,0.842686357793967,4,1.27008726499256,13.5043632529254,0.694345221021345,2.61670507428262,0.137783841670268,0.226446064007489,0.105614649039811,11.3630086731419
"R",0.7076,1.36190892086156,0.768566788305515,0.839315266251774,4,1.27039464131373,13.5197320366982,0.695829579739657,2.60698293159754,0.137815653582611,0.224752919764739,0.105430144045744,11.3890972702337
"R",0.7096,1.36575829599119,0.765448362529724,0.835909781653532,4,1.27070195264192,13.5350976315542,0.697313284318306,2.59727302549364,0.13784733745564,0.223064549834449,0.105243556845513,11.4151700623163
"R",0.7116,1.36960767112082,0.76229850340132,0.832469970184655,4,1.27100912439353,13.5504562221417,0.698796070076179,2.58757572152515,0.137878886770387,0.221380929668075,0.105054961890048,11.4412226767706
"R",0.7136,1.37345704625044,0.759117266460017,0.828995892497423,4,1.27131625965193,13.5658129799087,0.700278330478126,2.57788992647,0.137910302656463,0.219702048099758,0.104864201488217,11.4672616593879
"R",0.7156,1.37730642138007,0.755904698968803,0.8254876002055,4,1.27162331032323,13.5811655148526,0.701759870254695,2.56821627296359,0.137941583233486,0.218027894099371,0.104671383818902,11.4932838557006
"R",0.7176,1.38115579650969,0.752660050199614,0.821944273474444,4,1.27193036983398,13.5965184903142,0.703241134985406,2.55855197021576,0.13797274568696,0.216358022991526,0.104476416245245,11.5192970127188
"R",0.7196,1.38500517163932,0.749385821652607,0.8183686440737,4,1.27223720818777,13.6118604060893,0.70472101417099,2.5489041975652,0.138003755616751,0.214693689358455,0.104279437219578,11.5452817151409
"R",0.7216,1.38885454676894,0.746079615610638,0.814758093570318,4,1.2725440549286,13.6272027922448,0.706200617361317,2.53926571953928,0.138034639806098,0.213033612367617,0.104080326212177,11.57125747323
"R",0.7236,1.39270392189857,0.742741472220689,0.811112665806911,4,1.27285093901624,13.6425469507572,0.707680079934287,2.5296357126664,0.138065396493493,0.211377761119571,0.103878971382602,11.5972264988189
"R",0.7256,1.3965532970282,0.739373963590039,0.807435169659608,4,1.27315760407166,13.6578802732809,0.709158158074113,2.52002228561605,0.138096008067125,0.209727395438695,0.103675652832476,11.6231672501784
"R",0.7276,1.40040267215782,0.735974634857015,0.803722924290632,4,1.27346431844413,13.673215946876,0.710636125354616,2.51041732195949,0.138126490094854,0.208081237489543,0.103470109498397,11.6491018863945
"R",0.7296,1.40425204728745,0.732544371834414,0.799976897054047,4,1.27377097781825,13.6885488793917,0.712113508421521,2.50082354927286,0.138156842872266,0.206439677829151,0.103262454736562,11.6750222640292
"R",0.7316,1.40810142241707,0.729083245136867,0.796197165064732,4,1.27407762364454,13.7038810679893,0.713590472224025,2.49124030451053,0.13818707176243,0.204802703112099,0.103052584298563,11.7009311523088
"R",0.7336,1.4119507975467,0.725591302205647,0.79238378013105,4,1.27438421794442,13.7192109525812,0.715066910692539,2.48166772820623,0.138217130200703,0.20317030436605,0.102840575705475,11.726826816828
"R",0.7356,1.41580017267632,0.722067719854116,0.788535843289991,4,1.27469097252422,13.7345486250683,0.716543631222602,2.47210259914479,0.138247084672635,0.20154205268,0.102626215027803,11.7527230892454
"R",0.7376,1.41964954780595,0.718515213935642,0.784656320395957,4,1.27499736399968,13.7498682124854,0.718018499118739,2.46255405426083,0.138276887523706,0.199919109313473,0.102410005375928,11.7785834836149
"R",0.7396,1.42349892293558,0.714930286457486,0.780741391457308,4,1.2753039929638,13.7651996493916,0.719494054058212,2.45301017197018,0.138306568668084,0.198299881375453,0.102191372531194,11.8044516290054
"R",0.7416,1.4273482980652,0.711316581265173,0.776795035744582,4,1.2756105942158,13.7805297113429,0.720968959667187,2.44348030373965,0.138336102626259,0.196685989329546,0.101970501576913,11.8303040636092
"R",0.7436,1.43119767319483,0.70767145610629,0.772814367779479,4,1.2759170183072,13.795850909843,0.722443006229407,2.43395934260263,0.138365501165287,0.195076079842087,0.101747623363065,11.8561381666081
"R",0.7456,1.43504704832445,0.703995875367676,0.76880044072304,4,1.27622356165732,13.811178077142,0.723917114805573,2.42444760273507,0.138394772136364,0.193470665999887,0.101522407947792,11.881969173817
"R",0.7476,1.43889642345408,0.700289893627868,0.764753314177892,4,1.2765301563665,13.8265077841436,0.725391100854883,2.41494470437763,0.138423895716099,0.19186965978841,0.101294881285419,11.9077938905349
"R",0.7496,1.4427457985837,0.696553564173918,0.760673046336289,4,1.27683675383404,13.841837744071,0.726864765394517,2.40545136393071,0.13845288763749,0.190273063610857,0.101065123943785,11.9336091714668
"R",0.7516,1.44659517371333,0.692786957675696,0.756559714373441,4,1.27714336851191,13.8571683701772,0.728338153681783,2.39596729684976,0.138481742984543,0.188680838306906,0.100833135486535,11.9594157445877
"R",0.7536,1.45044454884295,0.688990132027841,0.752413381513331,4,1.27745003302135,13.8725017380049,0.729811418822993,2.38649203948009,0.138510460249953,0.187092993460669,0.100598827342055,11.9852162689449
"R",0.7556,1.45429392397258,0.685163132760621,0.7482340974774,4,1.27775676265517,13.8878381381803,0.731284617513839,2.37702501920881,0.138539043802933,0.185509455968585,0.100362169226893,12.0110116282267
"R",0.7576,1.45814329910221,0.681306043382061,0.744021953460793,4,1.27806352976821,13.9031764196537,0.732757634035538,2.36756681465864,0.138567488811194,0.183930244835851,0.100123239106119,12.0368000287571
"R",0.7596,1.46199267423183,0.677418894064475,0.739776982413263,4,1.27837035329073,13.9185176338918,0.734230570336324,2.35811683121458,0.138595790550178,0.182355317441942,0.0998819791893928,12.0625831891396
"R",0.7616,1.46584204936146,0.673501767143617,0.735499274249773,4,1.27867724582627,13.9338622744916,0.735703464786231,2.34867491723879,0.13862395594487,0.180784651131932,0.099638378145268,12.0883617753818
"R",0.7636,1.46969142449108,0.669554712124595,0.731188883032499,4,1.2789842154218,13.9492107714108,0.737176354945279,2.3392408394397,0.138651983253394,0.179218225246112,0.099392415637939,12.1141364807402
"R",0.7656,1.47354079962071,0.6655777957038,0.726845881597399,4,1.27929127453742,13.9645636277752,0.738649286677371,2.32981434653037,0.138679870993329,0.17765601097981,0.0991440756623801,12.1399080922571
"R",0.7676,1.47739017475033,0.661571065455291,0.722470321897844,4,1.27959840450472,13.979920221612,0.740122208569974,2.32039555118521,0.138707619242784,0.176097989815518,0.0988933882693975,12.1656758443185
"R",0.7696,1.48123954987996,0.657534590729976,0.718062279668663,4,1.27990567481539,13.9952837313825,0.74159539518938,2.31098326754875,0.138735228514268,0.174544121952854,0.0986401981503059,12.1914442829604
"R",0.7716,1.48508892500959,0.653468425317111,0.713621813650548,4,1.28021303964438,14.0106520045716,0.743068661961854,2.30157819017752,0.138762696317635,0.172994394912197,0.0983846250272886,12.2172104452539
"R",0.7736,1.48893830013921,0.649372628848901,0.709148988964995,4,1.2805205286215,14.0260264044281,0.744542129251912,2.2921797456017,0.138790023421017,0.171448771048856,0.0981266078565203,12.2429763475016
"R",0.7756,1.49278767526884,0.645247260745841,0.704643870502305,4,1.28082814655485,14.0414073324354,0.746015830544224,2.28278772041552,0.138817213509885,0.169907233278718,0.097866119337328,12.2687426276436
"R",0.7776,1.49663705039846,0.641092380257683,0.700106522966313,4,1.28113589174922,14.0567946170409,0.747489753292805,2.27340211421914,0.13884425986226,0.168369750051524,0.0976031953643392,12.2945091129116
"R",0.7796,1.50048642552809,0.636908041120557,0.695537005039697,4,1.2814438030998,14.0721902447932,0.748964073100863,2.26402207196917,0.138871164889109,0.166836289153648,0.0973377125804569,12.3202787616937
"R",0.7816,1.50433580065771,0.632694298984206,0.690935377494893,4,1.28175189501193,14.0875947422807,0.750438836604532,2.25464734231485,0.138897925317024,0.165306818124802,0.0970696685326195,12.3460523888266
"R",0.7836,1.50818517578734,0.628451223856012,0.686301716783638,4,1.28206014265224,14.1030071174264,0.751913955511529,2.24527824901386,0.138924546090323,0.163781321138683,0.0967991169123168,12.3718286174962
"R",0.7856,1.51203455091697,0.624178858474588,0.681636069578741,4,1.28236857407295,14.1184286850841,0.753389549280072,2.23591417328224,0.138951023678979,0.162259757658594,0.0965259951762402,12.3976094657536
"R",0.7876,1.51588392604659,0.619877273306939,0.676938512833867,4,1.28267720535568,14.1338602650316,0.754865686771709,2.22655479053974,0.138977357704094,0.160742102246248,0.0962502720605086,12.4233961268093
"R",0.7896,1.51973330117622,0.615546520007901,0.672209102958811,4,1.28298603313234,14.1493016629483,0.756342359413379,2.21719997901968,0.139003548384688,0.159228324665219,0.0959719476525185,12.449188524039
"R",0.7916,1.52358267630584,0.611186647459713,0.667447893335541,4,1.28329508646932,14.1647543224776,0.757819687908057,2.20784921549352,0.139029594768656,0.157718387917783,0.0956909712519915,12.4749887084292
"R",0.7936,1.52743205143547,0.606797725631044,0.662654960373515,4,1.28360436892708,14.1802184921138,0.759297693058969,2.19850235190555,0.139055496153962,0.156212271036624,0.0954073332372263,12.5007970946974
"R",0.7956,1.53128142656509,0.602379803600565,0.657830357669218,4,1.2839138967091,14.1956948543676,0.760776442908006,2.18915896095,0.139081249683523,0.154709928479503,0.0951210084561521,12.5266148400505
"R",0.7976,1.53513080169472,0.597932932133181,0.652974140660592,4,1.2842236836241,14.211184137957,0.762255992337104,2.17981878533736,0.139106875575456,0.153211331389196,0.0948319492346058,12.5524429552477
"R",0.7996,1.53898017682435,0.593457168350199,0.6480863717271,4,1.28453373455147,14.2266867436863,0.763736393132127,2.17048140225977,0.139132329473276,0.15171645929476,0.0945401487015306,12.578282337229
