"","kcat","km","phi","rel_phi","mu","convergence","f.TS","f.TS2","f.ATPS","f.AAS","f.NTS","f.ADPS","f.RNAP","f.DNAP","f.R","v.TS","v.TS2","v.ATPS","v.AAS","v.NTS","v.ADPS","v.RNAP","v.DNAP","v.R","p.TS","p.TS2","p.ATPS","p.AAS","p.NTS","p.ADPS","p.RNAP","p.DNAP","p.R","c.x_S","c.x_W","c.S","c.AA","c.NT","c.ATP","c.ADP","c.RNA","c.DNA","c.P"
"1",506,0.1,0.001,420555623842531,1.10364626025113,4,0.0120546869687294,1.21264171325742,11.2348200126255,0.498196840082527,3.66276400996745,0.130578409837097,0.409832276180959,0.125966846357391,7.91290283180791,3.00672890328719,302.462013160602,2802.23436268548,124.262275950278,913.581451202958,32.5693964530928,102.222028119835,31.4191615909396,1973.66830968051,0.0894157983031987,0.626233743385671,3.99602867435519,19.3729466534611,2.30132754924216,0.282568232951116,12.7484070040416,0.63541219429094,49.3634621493984,10,1e-05,32.9953057461877,5.29352345933597,6.6777642711512,12.5975792044918,1.52204022949983,59.2781404268139,18.219844657133,89.4158019994293
"2",506,0.1,0.006,2523333743055188,1.09850746340186,4,0.0726866907465423,1.15203465328385,11.2360672153297,0.498251124114879,3.66306809543464,0.130592132138435,0.409868627696957,0.125974586959147,7.91388800247334,18.0453931341635,286.007218228954,2789.49623514338,123.697162738415,909.403127043229,32.421153590333,101.755086717901,31.2747894180314,1964.72309796501,0.536561584023121,0.592153367815661,3.9780633565736,19.2871297187823,2.2910013020356,0.281218194603493,12.6898815907702,0.6324779093402,49.1384474040045,10,1e-05,32.9776226612915,5.29243273642429,6.67775564239777,12.5985456202973,1.52234628136032,59.2833983100878,18.2209642577711,89.4269344279487
"3",506,0.1,0.011,4626111862267844,1.09336871850353,4,0.133922870675713,1.09082366949495,11.2373270071105,0.498306024746469,3.66337420797669,0.130605972553215,0.409905255544337,0.125982332515834,7.91488420523806,33.0925195125181,269.543979944156,2776.75845339231,123.132081652118,905.224640477405,32.2729095737079,101.288133975496,31.1304019692647,1955.7784169322,0.983820112411389,0.558056734681746,3.96009887846754,19.2013195609541,2.28067483274096,0.279868214276275,12.6313579420379,0.629543474698329,48.9134517689218,10,1e-05,32.9597805321702,5.29133176967401,6.67774379189378,12.5995168114368,1.5226548450429,59.2886961619329,18.2220845750903,89.4381915191901
"4",506,0.1,0.016,6728889981480501,1.0882300270533,4,0.195772168957143,1.02899976387146,11.2385966835726,0.498361320318354,3.66368320652828,0.130619932754746,0.409942215305773,0.125990171681401,7.91588771706886,48.1482045148364,253.072187637903,2764.02031229921,122.566976198874,901.046196939829,32.1246644479198,100.821182739863,30.98602107383,1946.83331521626,1.43119242766472,0.523943639891488,3.94213406114491,19.1155055160749,2.27034848051365,0.278518243864073,12.5728335360391,0.626609126287648,48.6884461713977,10,1e-05,32.9417901362609,5.29022094849434,6.67773262665061,12.6004983751785,1.52296606622897,59.294042021827,18.2232184319978,89.4495312028781
"5",506,0.1,0.021,8831668100693158,1.08309138983072,4,0.258243799096587,0.966553748179888,11.2398774441885,0.498417099750542,3.6639948483744,0.130634015866455,0.409979493006149,0.125998073637251,7.91690004503527,63.2125695729835,236.591725596468,2751.28207305699,122.001866858232,896.867727620804,31.9764185836965,100.35422850736,30.8416388843386,1937.88813768176,1.87868018427964,0.489813857609011,3.9241692439832,19.0296915860132,2.26002217546145,0.277168315682455,12.5143092163052,0.623674775454131,48.4634411541102,10,1e-05,32.9236441425742,5.28909993294437,6.67772114196945,12.6014884682598,1.52328020280444,59.2994338684093,18.224361370892,89.4609705088985
"6",506,0.1,0.026,10934446219905816,1.07795280467563,4,0.321347197307992,0.903476195486141,11.2411696369028,0.498473370508601,3.6643093167194,0.130648225060989,0.410017110840008,0.126006049020881,7.91792136321419,78.2857474504935,220.102461947321,2738.54377637305,121.436753521865,892.689266165417,31.8281722624671,99.8872753784666,30.6972577122827,1928.94289219319,2.32628529147645,0.455667130565921,3.90620458209667,18.9438779529885,2.24969602704174,0.275818414678359,12.4557851845753,0.620740453521112,48.2384363673763,10,1e-05,32.9053369959814,5.28796804975955,6.67770906758661,12.6024874245621,1.52359722818526,59.3048749118987,18.2255149303802,89.4725114043203
"7",506,0.1,0.031,13037224339118472,1.07281427525722,4,0.385091852866865,0.839757611108776,11.2424732672569,0.498530140023496,3.66462652786602,0.130662559572678,0.410055059441533,0.12601409104551,7.91895176427587,93.3678403712269,203.604293367468,2725.80539313026,120.871636695081,888.510785483302,31.679924968175,99.4203202387338,30.5528757611242,1919.99757650021,2.77400878623031,0.42150326387715,3.88824000086395,18.8580648671028,2.23936996292527,0.274468537930539,12.3972612953451,0.617806136273467,48.0134320857688,10,1e-05,32.8868683533535,5.28682572172923,6.6776966330696,12.6034949434755,1.52391717610301,59.3103637976234,18.2266781288226,89.4841549363173
"8",506,0.1,0.036,15140002458331130,1.06767580302922,4,0.449487463657942,0.775388288384172,11.2437876000799,0.498587346723959,3.66494671699812,0.130677021739574,0.410093355478745,0.126022221134283,7.91999023267093,108.458956849039,187.097108841965,2713.06670983119,120.306499949379,884.33233398344,31.5316768718583,98.9533660938638,30.4084980096901,1911.05191655301,3.22185201902437,0.38732204887603,3.87027508919261,18.7722486029818,2.22904401869231,0.273118698058119,12.3387369780438,0.614871877285783,47.7884202970266,10,1e-05,32.8682427104958,5.28567280459696,6.67768480021122,12.6045129171707,1.52424014619261,59.3159029364457,18.2278540648626,89.4958896291815
"9",506,0.1,0.041,17242780577543786,1.0625373858634,4,0.514544162741314,0.710358130675079,11.2451147607009,0.498645145016918,3.66526949744925,0.130691615071499,0.410131976858471,0.126030395646939,7.92103939298029,123.559264567437,170.580748089914,2700.3281941946,119.741378602304,880.153806688835,31.3834283093078,98.4864062323423,30.2641136113865,1902.10651072605,3.669817536516,0.353123166663691,3.85231077932966,18.6864365486975,2.2187180757426,0.27176888783347,12.2802135443397,0.611937564313214,47.5634190372414,10,1e-05,32.849444903221,5.28450860501062,6.67767102808959,12.6055383887049,1.52456596885168,59.3214891328092,18.2290364263733,89.5077451406773
"10",506,0.1,0.046,19345558696756440,1.05739902466315,4,0.580272061641163,0.644657015337054,11.2464538544715,0.498703458003484,3.66559521643352,0.130706340259852,0.410170951476541,0.12603864485178,7.92209794958321,138.668879316212,154.055092032682,2687.58959008001,119.176252320119,875.975278306673,31.2351790160209,98.0194462722374,30.1197296707668,1893.1610138096,4.11790678941144,0.318906392654114,3.83434656396667,18.6006247227265,2.20839226341886,0.270419102904239,12.2216902931876,0.609003271179785,47.3384174308411,10,1e-05,32.8304789339715,5.28333331243903,6.67765692472832,12.6065731214719,1.5248948390372,59.3271264215669,18.2302295913614,89.5197068302903
"11",506,0.1,0.051,21448336815969100,1.05226073450096,4,0.646681305732059,0.578274794804628,11.2478050391711,0.498762303824642,3.66592370790384,0.130721196601113,0.4102102642226,0.126046957121342,7.92316623828424,153.78788014123,137.520064433339,2674.85093180144,118.611125325043,871.796711611764,31.0869288111748,97.5524827883396,29.9753435921579,1884.21549995626,4.56612006824705,0.284671589383956,3.8163825255958,18.5148130227877,2.19806643286932,0.269069364627813,12.1631674391755,0.606068977387276,47.1134190725375,10,1e-05,32.8113455935599,5.28214647323474,6.67764156180851,12.6076167476946,1.52522658014136,59.3328126171569,18.231431878031,89.5317784926119
"12",506,0.1,0.056,23551114935181756,1.04712248591052,4,0.713782971368526,0.511200409231886,11.2491690278523,0.498821709530409,3.66625525623211,0.130736193289752,0.410249945608192,0.126055343251059,7.9242447097571,168.916513059882,120.975414188821,2662.11227113314,118.045998843173,867.61813984275,30.9386785438259,97.0855190931186,29.8309568715417,1875.26998919438,5.01446205282129,0.250418253706853,3.79841870079333,18.4290035668192,2.18774082807148,0.267719657429414,12.1046448802479,0.603134687529203,46.8884225928366,10,1e-05,32.792032460657,5.28094808956602,6.67762573693201,12.6086697558025,1.52556176598683,59.3385521327689,18.2326448478331,89.5439652202553
"13",506,0.1,0.061,25653893054394412,1.0419843043742,4,0.781587341126925,0.443423553486317,11.2505447292594,0.4988816095784,3.66658982801102,0.130751323440156,0.410289986164068,0.126063811306669,7.92533225688967,184.054793681112,104.421126540503,2649.37337132191,117.480858364289,863.439565608625,30.7904268569803,96.6185540364203,29.6865718772378,1866.3242310103,5.46293152490288,0.216146379318698,3.78045472595445,18.343191958135,2.17741526514824,0.266369978508684,12.0461221360015,0.600200432709109,46.6634221021748,10,1e-05,32.7725511285283,5.27973836129449,6.67760988893121,12.6097328974704,1.52589996109591,59.3443435987708,18.2338696673966,89.5562545028532
"14",506,0.1,0.066,27756671173607068,1.03684618335369,4,0.850105461177646,0.374933179813761,11.2519320754044,0.498941986747106,3.66692762274339,0.130766590843051,0.410330402958989,0.126072375642029,7.92642860103223,199.202864248658,87.8570562495786,2636.63415906878,116.915697396244,859.261019722309,30.6421739814287,96.151589762174,29.5421915014341,1857.37811682891,5.91153044909218,0.181855685194412,3.76249043180079,18.2573773704723,2.16708984559561,0.265020330815695,11.9875988865867,0.597266242156031,46.4384139499506,10,1e-05,32.7528985318491,5.27851717484901,6.67759462624175,12.6108070268642,1.52624143491105,59.3501894839881,18.2351084128631,89.5686431916642
"15",506,0.1,0.071,29859449292819728,1.03170812455604,4,0.919348994319508,0.305717677313429,11.2533335792317,0.499003020141932,3.6672682242857,0.130782001244204,0.410371177209286,0.126080983298416,7.92753680180306,214.360960843661,71.2829790000547,2623.89518413938,116.350556233206,855.082395354318,30.4939208298317,95.6846207399611,29.3978031095437,1848.43233250701,6.36026277414791,0.14754572495532,3.74452687798707,18.1715678937898,2.15676445152923,0.263670719474455,11.9290769449458,0.594331985123606,46.2134184884214,10,1e-05,32.7330581040031,5.27728351962725,6.67757699489721,12.6118890121658,1.52658602401531,59.3560870715511,18.2363534242828,89.5811658603745
"16",506,0.1,0.076,31962227412032380,1.02656961414172,4,0.989335969191625,0.235758968397129,11.2547468821778,0.499064525967602,3.66761225096694,0.130797553746879,0.410412347763104,0.126089698962912,7.92865374964259,229.530627177804,54.6971964672434,2611.1545430866,115.785331995091,850.903400285029,30.3456515074189,95.2176070789702,29.2534069162222,1839.48519461807,6.80917263535974,0.113213007333886,3.72656109631692,18.0857457052465,2.14643819450206,0.262320996068859,11.8705484247529,0.591397520827442,45.9883897905529,10,1e-05,32.7130413021577,5.27603802352465,6.67756034964607,12.6129829208716,1.52693398200323,59.3620419804554,18.2376140579956,89.5937873709613
"17",506,0.1,0.081,34065005531245040,1.02143219348318,4,1.06005731553903,0.165066150356553,11.2561732613154,0.499126617164879,3.66795918207782,0.130813247588095,0.410453873455267,0.126098474663855,7.9297813210743,244.707527200536,38.1044768864451,2598.41641026425,115.220222959623,846.725180008172,30.1974109070478,94.7506808648801,29.1090353949972,1830.53986786967,7.25812899125553,0.0788674226849822,3.7085990250805,17.9999421199727,2.13611399676074,0.260971605522446,11.8120319298229,0.588463612241791,45.763410224798,10,1e-05,32.6928449345751,5.27478076549518,6.67754264859083,12.6140859235017,1.52728531900456,59.3680482565698,18.23888337538,89.6065289281396
"18",506,0.1,0.086,36167783650457696,1.01629432384125,4,1.13154611425924,0.0936061539563693,11.2576134337544,0.499189312516154,3.66830933386859,0.130829088825516,0.410495801420756,0.126107317717252,7.9309199375754,259.896359837501,21.4996970649979,2585.67699099554,114.655057852119,842.546521627624,30.049154442873,94.2837089654751,28.9646461691408,1821.59365487979,7.70726817038991,0.0444983880495669,3.69063551712529,17.9141310305956,2.12578887172269,0.259622091278085,11.7535106528613,0.585529392214396,45.5384111803652,10,1e-05,32.672456830549,5.27351027512848,6.67752379656078,12.6151986932747,1.52763985392122,59.3741127174981,18.2401624346233,89.619395294602
"19",506,0.1,0.091,38270561769670352,1.01115652245155,4,1.20380750351379,0.0213738405421046,11.2590671745653,0.499252590230979,3.66866285892604,0.130845081856068,0.410538119471144,0.126116262380913,7.9320692034773,275.095744823623,4.88437940992139,2572.93750152369,114.089887929612,838.367877536213,29.9008978965803,93.8167351713225,28.8202615723697,1812.64735362909,8.15654680491508,0.0101090776390874,3.67267216884858,17.8283205594679,2.11546395086549,0.258272615097381,11.6949887833746,0.582595248999735,45.3134127900856,10,1e-05,32.6518766830945,5.27222699304917,6.67750436424791,12.6163223634066,1.52799793342385,59.3802336003062,18.2414561907752,89.6323819992935
"20",506,0.1,0.096,40373339888883008,1.00563942839863,4,1.22105947502611,2.91295286091301e-18,11.0529737491693,0.485950765079997,3.68223810834892,0.129828622017848,0.410499872777379,0.128958884914196,7.70271403795036,277.515694866354,6.62039936500162e-16,2512.05920192765,110.444222415233,836.878864790731,29.506736559293,93.2961577763671,29.3090674845204,1750.63056494681,8.35590418045376,1.37287441082155e-18,3.5621562882807,17.0564432257232,2.09420267047392,0.257847977841015,11.5014689471617,0.58592371991238,43.6267216189925,10,1e-05,34.4267535582181,5.37607055347245,6.85635655817304,12.7496757564661,1.52316024197846,59.3747015985201,18.6526131139894,87.0406686288391
"21",506,0.1,0.101,42476118008095664,0.998815142833619,4,1.21545362693697,1.19730877248462e-22,10.7726814155883,0.468250144150718,3.69430173304672,0.1283548303937,0.409650611678697,0.132534347906811,7.39742913845444,274.367048287251,2.70271169968768e-20,2431.74131585949,105.699145622258,833.922939974961,28.9738211051934,92.4713429327567,29.9172728814878,1669.83811858509,8.44268611478576,5.62017052125881e-23,3.42026051916185,16.0749864332121,2.06472733622227,0.257380860732255,11.2466280599986,0.590047122789833,41.4942328176326,10,1e-05,36.9593503314034,5.51539346062006,7.09132388172519,12.9079297494194,1.51342044714471,59.2518644732068,19.1697680812411,83.5909492645352
"22",506,0.1,0.106,44578896127308320,0.990883329183425,4,1.21011142178778,6.00714455432929e-18,10.5055710937505,0.45177193869108,3.69932020698645,0.126855820875903,0.40805296105554,0.135634833440296,7.11323069516452,270.991906952696,1.34523774324286e-15,2352.61372883879,101.169641877062,828.42440726562,28.4080458941734,91.3792300966541,30.3740147406384,1592.9342670192,8.52022773317293,2.805117797555e-18,3.28616378132134,15.173711586293,2.03190858546793,0.256458966785707,10.9883512258903,0.592293223124934,39.530391753303,10,1e-05,39.4947120014677,5.64504991775329,7.30595261398519,13.0346448553275,1.50113114051715,59.0207802870733,19.6182223088043,80.379506855359
"23",506,0.1,0.111,46681674246520976,0.982062320247021,4,1.20501120511039,7.28246348059171e-25,10.2505602557438,0.436377523749491,3.69844352818872,0.125339590322739,0.40585853245193,0.138313004032344,6.84779694334833,267.447518603248,1.61631425412728e-22,2275.07171142081,96.8522827058189,820.855059366604,27.8186312894022,90.0787120882253,30.6980296632367,1519.84171817692,8.58919169689349,3.37967404116651e-25,3.15926888289218,14.3438004106504,1.99661772253817,0.255129731825329,10.7289175764433,0.592916816944943,37.7142626216484,10,1e-05,42.0233683105801,5.76519381558158,7.50165044203869,13.1337949213877,1.48691601247781,58.7033781338472,20.0055929032383,77.3801054598362
"24",506,0.1,0.116,48784452365733640,0.972528710305296,4,1.20013376810261,1.78007387752427e-17,10.0066884371041,0.42194646957975,3.69265892202885,0.123813672514702,0.403191238087756,0.14061848725088,6.59910114506038,263.779187325187,3.91245087232643e-15,2199.38494683702,92.7402426284883,811.615001102602,27.2131913822481,88.618002381157,30.9067466275667,1450.42626362623,8.65010197175302,8.203245975898e-18,3.03901934168423,13.5774557157224,1.9595540745626,0.253437369873612,10.4700753371327,0.592148548165071,36.0280505802887,10,1e-05,44.5372254149018,5.8760905980047,7.67988619706455,13.209028069816,1.47128796353041,58.317580677013,20.3390579959673,74.5698429391823
"25",506,0.1,0.121,50887230484946288,0.962425619215106,4,1.19546210063012,1.10224979879282e-17,9.77310504108245,0.408374554990858,3.68280856795516,0.122284936904575,0.400151979448344,0.142597009261972,6.36538091403313,260.022797653052,2.39748358600036e-15,2125.73038760488,88.8248102746819,801.041025521078,26.5979752833608,87.0363327517634,31.0160173758017,1384.52248090661,8.7033853707079,5.04043486951177e-18,2.92490432778504,12.8678382242961,1.92127673652688,0.25142291561831,10.2131501653679,0.590193865597246,34.456632722675,10,1e-05,47.0294632009364,5.97808423364459,7.84213271902933,13.2636362181905,1.45466552927954,57.8779823074085,20.6252314196516,71.9288043285744
"26",506,0.1,0.126,52990008604158944,0.951869304829386,4,1.19098110582904,4.23972695297915e-20,9.54905530775598,0.395571938347337,3.66960358959621,0.120759402356931,0.396822382863236,0.144289742425631,6.14510939488,256.206788743116,9.12060504112099e-18,2054.21629609106,85.0964096280205,789.41416202921,25.9780600523216,85.3654083319897,31.0399647605734,1321.95106776392,8.74940680894037,1.92263429105041e-20,2.81645940467647,12.2089776453182,1.88222852928179,0.249124279937937,9.95913397835749,0.587232926439145,32.9871725891926,10,1e-05,49.4944999505408,6.07157467192538,7.98981288931087,13.3005349146936,1.43738353591091,57.3963894573384,20.8700683444433,69.439736162144
"27",506,0.1,0.131,55092786723371608,0.94095454049043,4,1.18667737422324,0,9.33386870627768,0.383461323605668,3.65364054854172,0.119242213020462,0.393268274177832,0.145733117291956,5.93696626747484,252.353738722211,0,1984.90062753005,81.5452462221244,776.967583944282,25.3575393976992,83.6307504173733,30.9909818819461,1262.52987274289,8.78849120202503,0,2.71326455530022,11.5956779845981,1.84275822657898,0.246576512598187,9.70876107678153,0.583421839697495,31.6087674248862,10,1e-05,51.9278708459788,6.15699654792209,8.12427053958484,13.322273792415,1.41970821152099,56.8823231770816,21.0788380851086,67.0877188224657
"28",506,0.1,0.136,57195564842584264,0.929758832569798,4,1.18253893599712,1.01137885937441e-23,9.12694682539689,0.371976106410934,3.63541795845296,0.117737646413903,0.389542606113877,0.146959113666055,5.7398081412814,248.48158065583,2.12516484632566e-21,1917.80423011953,78.1616639195505,763.894002271717,24.7396813695233,81.8528333854395,30.8798566744275,1206.08003355441,8.82093722023961,4.50334079999477e-24,2.61494120106249,11.0234167618422,1.80313906748652,0.243811726606931,9.46256322916996,0.578895107767006,30.3121276823051,10,1e-05,54.3260984719871,6.2348016530953,8.24675037616314,13.331061089128,1.40184754873404,56.3434425483112,21.2561662006582,64.8598319964798
"29",506,0.1,0.141,59298342961796920,0.918345812311763,4,1.17855507289309,4.58615468593456e-18,8.92775364466464,0.361058746095367,3.61535174914384,0.116249198448581,0.385688007832145,0.147995578158113,5.5526424505821,244.604572164056,9.51838764799885e-16,1852.92092908192,74.936353969399,750.352349382417,24.1270739950469,80.0480625084428,30.7159129939285,1152.42958283699,8.84702523487911,2.02214073087596e-18,2.52114825630604,10.4882534387515,1.76358440431689,0.240859209661565,9.2209181201791,0.57376796395261,29.089303063531,10,1e-05,56.686544035646,6.30544498765974,8.35839482505878,13.3287995244167,1.38396305796602,55.7859134528415,21.4060804247895,62.7448596915777
"30",506,0.1,0.146,61401121081009568,0.906767896600239,4,1.17471612872943,4.93494030105874e-24,8.73580643431374,0.350659364539579,3.59378800913252,0.114779661129581,0.381738720291401,0.148866642907937,5.37460479099601,240.734041331983,1.01131506868037e-21,1790.22483457419,71.860463895921,736.473340214227,23.5217436882607,78.2295421175872,30.5071733419665,1101.41531239392,8.86702297908796,2.15387203020391e-24,2.43157807635811,9.98674643967177,1.72425967977436,0.237745567557045,8.98408298950244,0.568138817169318,27.9334595891339,10,1e-05,59.0072899343164,6.3693754200389,8.46024161381481,13.3171208112234,1.36617835895411,55.2146885029483,21.532071230204,60.7330341382549
"31",506,0.1,0.151,63503899200222232,0.895068454944939,4,1.17101338619303,2.75375044218109e-18,8.55066917996681,0.3407345597139,3.57101490421163,0.11333120347221,0.377722318548539,0.149593174939592,5.20493974376678,236.878994159718,5.57043704710656e-16,1729.67614087475,68.925650835539,722.36443119496,22.9252558526962,76.4077370458902,30.2605258237485,1052.88368664487,8.88118820340128,1.18928852462002e-18,2.34595304326397,9.51588199235319,1.68529268851318,0.234494834982572,8.75222451053934,0.562091617567163,26.8386922139439,10,1e-05,61.2870105986997,6.42702756986391,8.55322647381014,13.2974171954809,1.34858666563264,54.6337561548607,21.6371568232626,58.8158191045646
"32",506,0.1,0.156,65606677319434888,0.883283403525963,4,1.16743888975923,6.26375273548449e-20,8.37194446924492,0.331246339376165,3.54727146515336,0.111905461807728,0.373660920875237,0.150193111592927,5.04298327728784,233.046543485853,1.2503831567199e-17,1671.22471071305,66.1240730552312,708.113598931489,22.3387976023804,74.5909587299035,29.9818567114339,1006.69065587773,8.88977082604182,2.67598974104854e-20,2.26402118036084,9.07300902421142,1.64678071501202,0.231128674454819,8.5254381012739,0.555697658573514,25.7998648534242,10,1e-05,63.5248976894448,6.47881945899032,8.63819100733378,13.2708765416638,1.33125709761831,54.0463155953943,21.7239316608009,56.9857110333526
"33",506,0.1,0.161,67709455438647544,0.871442745009538,4,1.16398543149316,4.15413268066206e-17,8.19927157110697,0.322161379977245,3.52275713721607,0.110503648069793,0.369572359396766,0.15068197006906,4.88815084629686,229.242345063162,8.18140065719614e-15,1614.81423385093,63.4484145905755,693.793139822598,21.763258144097,72.7858202056354,29.6762203742165,962.702051682986,8.89301283087025,1.75505645545728e-17,2.18555464248991,8.6557920037315,1.60879787548838,0.227666523329985,8.30376660494644,0.549017853339927,24.8124962289582,10,1e-05,65.7205213879592,6.52514639907192,8.71588854900797,13.2385132910675,1.31423961185343,53.4549460631482,21.7946401507889,55.2361045631545
"34",506,0.1,0.166,69812233557860208,0.859571489083686,4,1.16064638541825,1.365788843416e-17,8.03231926661702,0.313450197892668,3.49763807543174,0.109126604418453,0.365470976109464,0.151073132256672,4.73992337284008,225.470830449866,2.65322451879428e-15,1560.38369501315,60.8918248584959,679.462212943073,21.1992786360473,70.9975454401894,29.3479435394954,920.792476132046,8.89114826088963,5.70477224747689e-18,2.11034538810965,8.26216086536013,1.57139949354155,0.224125753251004,8.08721109588037,0.542104043012852,23.8726392130477,10,1e-05,67.8737814118341,6.56638378803147,8.78699786972166,13.2011929985194,1.29757000413932,52.8617219844729,21.8512178496051,53.5611341130929
"35",506,0.1,0.171,71915011677072864,0.847690595510867,4,1.15741567355242,7.27049661871023e-17,7.87078348154001,0.305086651549251,3.47205211354238,0.107774845436221,0.361368281069837,0.151378121854912,4.5978396254952,221.735466234201,1.39286774349257e-14,1507.86954487245,58.4479132855294,665.169058772812,20.6472973774163,69.2302395036153,29.0007291193265,880.845262705085,8.88440541807654,3.00160834927748e-17,2.03820376994947,7.89027434524941,1.53462570310894,0.220522005240575,7.87574274677286,0.535000429862889,22.9768133498351,10,1e-05,69.9848596643062,6.60287792841568,8.85211562593071,13.1596488971256,1.28127128337682,52.2683081739413,21.8953315450944,51.9555877680958
"36",506,0.1,0.176,74017789796285520,0.835817645498961,4,1.15428766782111,2.71525859860482e-17,7.71438339138274,0.297047395398749,3.44611449871544,0.106448652922305,0.357273510399206,0.151606915287234,4.46148616696055,218.038924168761,5.12898197030311e-15,1457.20681436157,56.1107047449745,650.953067254575,20.1075957141648,67.487103962989,28.6377561047425,842.751483149905,8.87300368881169,1.10773115639083e-17,1.96895585496609,7.53848969340956,1.49850512250183,0.216869028145863,7.66930806900578,0.527744728332026,22.1219175014814,10,1e-05,72.0541292561415,6.63495893613215,8.91178480926465,13.1145105730461,1.26535796599643,51.6760405441412,21.9284242271456,50.4147936866542
"37",506,0.1,0.181,76120567915498176,0.823967473930498,4,1.15125719963768,5.63945129657071e-17,7.56285998187899,0.289311542430981,3.41992114615277,0.105148106196256,0.35319406636241,0.151768129207962,4.33049247977803,214.383257978325,1.05015972325681e-14,1408.33044350071,53.874625979849,636.84625605116,19.5803279959497,65.7706155229398,28.2617524625411,806.409798572926,8.85715626890681,2.27298814289336e-17,1.90244212452092,7.20533541841489,1.4630570313794,0.213179205640492,7.46783750597744,0.520369181331036,21.3051882853208,10,1e-05,74.0821345241265,6.66293056361167,8.96648581654203,13.0663145132096,1.24983759374245,51.0859897586589,21.9517422086397,48.9345650214918
"38",506,0.1,0.186,78223346034710832,0.812152569199958,4,1.14831945527337,3.73801173916e-17,7.41597276374322,0.281860261275587,3.39355221384126,0.103873123670028,0.349135850669946,0.151869264047539,4.20452381207247,210.769994664939,6.86098899310798e-15,1361.17570130116,51.7344589891767,622.874565715897,19.065546282633,64.0826566554386,27.8750689331896,771.725548469575,8.83706814789468,1.48815134080146e-17,1.83851556625734,6.88948757651697,1.4282933951756,0.209463468538803,7.27124774152183,0.512901430586533,20.5241417499271,10,1e-05,76.0695417987395,6.68707615658002,9.01665018676594,13.0155207621738,1.23471222624724,50.499009440901,21.966370351836,47.5111190764189
"39",506,0.1,0.191,80326124153923488,0.800383485755715,4,1.14546996997036,0,7.27349849858997,0.274676514589612,3.36707490477438,0.102623494656858,0.34510359408312,0.151916857650782,4.08327693958415,207.200245910902,0,1315.67890651853,49.6853194417569,609.058959692965,18.5632219844989,62.4246391728705,27.4797341601787,738.610359227526,8.81293661826655,0,1.77704048300553,6.58975102139834,1.39422054268989,0.205731516631716,7.07944701824292,0.505365218502252,19.7765369985637,10,1e-05,78.0171078225144,6.70765699649124,9.06266452670038,12.9625230825992,1.21998001527827,49.9157838481825,21.973254290609,46.1410294173009
"40",506,0.1,0.196,82428902273136144,0.788669149425421,4,1.14270457946631,8.05743689132897e-17,7.13522897303514,0.267744866377149,3.34054461622246,0.101398896811727,0.341100969860614,0.151916557483941,3.96647663217544,203.674781813483,1.43615132931715e-14,1271.77770211695,47.7226382224838,595.416092727207,18.0732610644669,60.7975734596034,27.0774898914364,706.981731887277,8.78495244506062,3.12780248466298e-17,1.71789125473778,6.30504431346492,1.36083991445874,0.201991943444137,6.89233671004547,0.497780830958263,19.0603485314126,10,1e-05,79.9256753160347,6.72491666893671,9.10487396127265,12.9076572728476,1.20563568347717,49.3368442806392,21.9732108744772,44.8211859435825
"41",506,0.1,0.201,84531680392348800,0.777017114505299,4,1.14001940368029,5.34628060472346e-17,7.00097018420168,0.261051212109709,3.31400835762337,0.100198957313146,0.337130912840378,0.151873348429287,3.85387123728199,200.194096781263,9.38838245512838e-15,1229.41144518612,45.842124663181,581.959313796052,17.5955248594654,59.2021665379036,26.6698511584928,676.762403313727,8.75329774091444,2.04875960863826e-17,1.66095128351584,6.03438437674897,1.32814973860282,0.198252382757257,6.70981431825551,0.490165815554103,18.3737293249375,10,1e-05,81.7961172678845,6.73907995925057,9.14359147663226,12.8512174788355,1.19167248522082,48.7626152332323,21.966961116812,43.5487449812865
"42",506,0.1,0.206,86634458511561456,0.0243559987892155,-1,0.782955005887991,0.225494799986304,0.423217356567173,0.038153903885833,0.246570995528646,0.00783326440465061,0.0224418177879438,0.0163357944243208,0.187643319238738,4.3097411656445,1.24122614304962,2.32958120185226,0.210016474727466,1.35723912829261,0.0431178571082922,0.123529992432835,0.0899196571636365,1.03287434309737,0.436687796790528,0.00308870855201068,0.00318732245952185,0.0246875740050479,0.00872889329762955,-0.00123007343472809,0.771270531611732,0.0910413087504435,0.78290744536555,10,1e-05,210.968131471974,6.07833886932097,0.053700432577235,0.375190203525119,0.792189360730161,3.24598452484818,2.36280930553376,2.12036950739774
"43",506,0.1,0.211,88737236630774112,0.00403860480708939,-1,0.976292406543649,0.0270459188840289,0.166894263575166,0.00785174732955377,0.130528619257779,0.00334888701547447,0.0120888349170314,0.00915821712912345,0.0402110445584324,0.891086180599403,0.0246854778318847,0.152328514383969,0.00716648361907629,0.119136693078569,0.00305661185099534,0.0110337780586154,0.00835893085718247,0.0367016130345002,0.0958694648710801,6.20113565831723e-05,0.000244223917908756,0.000808047103586936,0.00215626988097433,-0.000123057368868452,0.130532788378459,0.0160359845996986,0.208799070770863,10,1e-05,220.668992151751,1.22923313226681,0.0462166830008295,0.101817956466501,0.426281140344636,1.74852908239942,1.32464452555642,0.454384803510286
"44",506,0.1,0.216,90840014749986768,0.742494006443931,4,1.1324099745293,1.09475784612091e-24,6.62049872642117,0.242274655717201,3.23471800293474,0.0967422609072071,0.325435786072075,0.151527014870788,3.53901749244506,190.022521877125,1.83704357471007e-22,1110.94382103245,40.6545704310233,542.797472915664,16.2337040499166,54.6093112648401,25.4267854804335,593.860036565995,8.63803389288627,4.03177175400874e-25,1.50233988048301,5.29810959176588,1.23416314781348,0.187096777502042,6.18871591966708,0.467277461437982,16.4751609930734,10,1e-05,87.1880238728818,6.76499499453248,9.24144706790175,12.6747639160113,1.15197295586655,47.071032097465,21.9168674309107,39.9908976646292
"45",506,0.1,0.221,92942792869199424,0.00739556740206167,-1,0.962998736014333,0.0416127087445761,0.230466974618649,0.0126448776405379,0.16770787838397,0.0041576035515978,0.0156407862009187,0.0117592374343953,0.0684785147436485,1.60955438562649,0.0695514078604495,0.385202094111568,0.021134626143201,0.280306651568663,0.00694901122909771,0.0261419824168494,0.0196543686676992,0.114454868531818,0.171009287464138,0.000174373233467256,0.000584250079972263,0.00239721539941916,0.00473639357817524,-0.000252095503345414,0.169931905308165,0.0207178666312531,0.404508020411983,10,1e-05,218.641423191758,1.92917368683769,0.0693525535656085,0.110348572211572,0.513231150649535,2.26228331610087,1.70085610251093,0.773807216603228
"46",506,0.1,0.226,95045570988412080,0.0132573979436308,-1,1.00122654108549,0.00478079693359318,0.299903426278375,0.0217701423194536,0.18473020637981,0.00610363549139211,0.014080520693301,0.0146901336929194,0.122956811358167,2.99984686323834,0.0143240896006117,0.898562229103752,0.0652270894441751,0.553483459950077,0.0182875413623693,0.0421876609351241,0.0440141662959506,0.368399747440466,0.313970682201827,3.58272941163923e-05,0.00125594111042311,0.00748182070063281,0.00521974494732277,-0.000548185030026763,0.303503407669397,0.0513475978281681,0.707145131625422,10,1e-05,216.211579075138,3.25275780217977,0.0507255496085984,0.222600271042064,0.713632788794979,2.03660651307906,2.12478093734386,1.38941196834728
"47",506,0.1,0.231,97148349107624736,0.00271496309865894,-1,0.992802653631466,0.0100790683860343,0.143566774843842,0.0099480965781565,0.121524270232685,0.00318671795088328,0.0144559276988913,0.00519802901797621,0.0250641083157136,0.609165500562383,0.00618433151454914,0.0880899400721584,0.00610396961521938,0.0745650634957426,0.00195531169120096,0.00886989211861794,0.00318941527512141,0.0153788771942174,0.0654244042039383,1.553115432074e-05,0.00014218598389768,0.000692061047314705,0.00129531132209569,-8.02415394369784e-05,0.146535511011276,0.00854447024347206,0.0606551905406857,10,1e-05,220.387574305465,1.90840051790229,0.0562596888798337,0.106644452140439,0.417495665777748,2.09090538236763,0.751842917160078,0.283224423967564
"48",506,0.1,0.236,99251127226837408,0.697627433165981,4,1.12319084744544,6.69972214992041e-17,6.15954237222286,0.219897480935067,3.13063075416403,0.0924471346683892,0.310382568575367,0.150675157462009,3.16590387776342,177.086537016109,1.05630365240058e-14,971.13685602207,34.6698724316735,493.587140771252,14.5755665412703,48.9360951829215,23.7560178753149,499.148435472116,8.44283246118875,2.33472394894221e-17,1.31598218066008,4.46659578744905,1.11802890744262,0.172548195262597,5.55172541649408,0.437040652237789,14.2699602179917,10,1e-05,93.9006184997835,6.76717410885311,9.33718606430055,12.4291763844297,1.10374163008368,44.893734718741,21.7936547753049,35.7747138187266
"49",506,0.1,0.241,101353905346050048,0.686637394433749,4,1.12103378141785,4.12077613992081e-18,6.05168907083261,0.214719943906545,3.10500292225528,0.0914255858470218,0.30671830903324,0.150408180932757,3.07992802279612,173.962079532363,6.39462252137757e-16,939.101419507452,33.3202518766309,481.834512271718,14.1874270874307,47.5965628819743,23.3403492093245,477.943388091265,8.38756798450907,1.41576488642323e-18,1.27336035507563,4.28160630374623,1.09055915237876,0.168992806227336,5.40211251688223,0.429580846533726,13.7694066922432,10,1e-05,95.4998989991056,6.76288333376388,9.35605634789933,12.3667522326942,1.09244692053077,44.3637362185678,21.755039290114,34.8031866575962
"50",506,0.1,0.246,103456683465262704,0.675740592654453,4,1.1189309261528,2.82898475059365e-17,5.94654630648615,0.209693863493125,3.07954895334925,0.0904236836347324,0.30309323008065,0.150123154334221,2.99660162366046,170.880192662202,4.32035122026703e-15,908.140935938614,32.0238961639832,470.300629074884,13.8092675066692,46.2876021568808,22.9264138974975,457.633130709485,8.32997012599382,9.58099238762281e-18,1.23218642949361,4.10476822858696,1.06368760316064,0.165474891995429,5.2561415005733,0.422170633045959,13.2871989345135,10,1e-05,97.0695921003556,6.75689513261036,9.37317667760613,12.3040861114707,1.08143379404183,43.8394047988653,21.7138130429018,33.8615983473632
"51",506,0.1,0.251,105559461584475360,0.664941572381362,4,1.11688078622038,0,5.84403931108812,0.204814200437709,3.0542821016259,0.0894411603933483,0.299508115445361,0.149821581291881,2.91583279005022,167.841265350332,0,878.223499617594,30.7788216856284,458.987726352211,13.4409309570301,45.009119772899,22.5147071120401,438.182007489071,8.27017654238677,0,1.19241164357784,3.93570106789042,1.03740949813379,0.161997468083471,5.11376073179135,0.414816203369328,12.8226373723345,10,1e-05,98.6101069632949,6.74931666584122,9.38865973230265,12.2412639327726,1.07069484183465,43.3208538180171,21.6701935180577,32.9489105275675
"52",506,0.1,0.256,107662239703688016,0.654238122150695,4,1.11488073918884,1.38776490035896e-22,5.74403695922755,0.20007333448619,3.02919944350534,0.0884771622578668,0.295961549040456,0.149504690795731,2.83748761685092,164.843830757727,2.05191886741833e-20,849.300757551844,29.5824061981481,447.890812751783,13.0820399424709,43.7602281445068,22.1054370039158,419.544720836814,8.2082841781244,4.56499851722766e-23,1.15396650096039,3.77394977878436,1.01170429752983,0.158561156670747,4.97483496092391,0.4075188775343,12.3747903198875,10,1e-05,100.122755045525,6.74024150938044,9.40261523086303,12.1783251429895,1.06021607188934,42.8078784532116,21.6243584766946,32.0636100704154
"53",506,0.1,0.261,109765017822900688,0.643631101156258,4,1.11292890265953,4.2878731229463e-17,5.64644512159576,0.195465551743385,3.00430431555773,0.0875311500643417,0.292453117284506,0.149173640064294,2.7614643252323,161.887338058788,6.23716720941297e-15,821.335458218219,28.4325420773165,437.007995031788,12.7323361333132,42.540414352656,21.6988914932836,401.684337326375,8.14440234041866,1.38976922382646e-17,1.11679709866872,3.6191404951119,0.986559626422624,0.155167393860635,4.83927559830485,0.400281680799313,11.9429226415383,10,1e-05,101.608352889887,6.72975844385504,9.41514023467899,12.1153199752737,1.04998744969149,42.3004188840309,21.5764752988995,31.204546875125
"54",506,0.1,0.266,111867795942113344,0.633123276561098,4,1.11102386286334,4.20249699611029e-17,5.55119314104073,0.190986374237739,2.97960371225916,0.0866027824658063,0.288983017110362,0.148829515526022,2.68768184121995,158.971805456955,6.01317898948907e-15,794.297247403099,27.3274497021182,426.339161125963,12.3916336510574,41.3493836739338,21.2953992972569,384.569269008728,8.07864926414113,1.34190440762452e-17,1.08085947280487,3.47095319076918,0.961968016777302,0.151818044001927,4.70702254257234,0.393108605997314,11.5264256687214,10,1e-05,103.067407174434,6.71795481078643,9.42632219131333,12.0523051171868,1.04000118957917,41.7985035948427,21.5267011256838,30.3708048057855
"55",506,0.1,0.271,113970574061326000,0.622715104415054,4,1.10916389866059,8.62564292270123e-17,5.45819493292511,0.186630660881577,2.95509898539928,0.0856915369867496,0.285550712293401,0.14847326043422,2.6160488589446,156.096643530731,1.21391789811605e-14,768.151496631764,26.2652073140103,415.881758754439,12.059679654895,40.1865836064767,20.8951784635554,368.166009267681,8.01112642078266,2.71304250284779e-17,1.04610457617332,3.32905702370124,0.937917082716342,0.148514083071323,4.57799025749826,0.38600185186274,11.1246408102681,10,1e-05,104.500702104291,6.70490683194756,9.43624523759709,11.9893182778362,1.03024802740284,41.3020550261176,21.4751723892056,29.561352106074
"56",506,0.1,0.276,116073352180538656,0.61240382466806,4,1.10734683398631,7.0479770380817e-20,5.36734170878523,0.182392321776867,2.93078333819194,0.0847966308050809,0.282154623891409,0.148105612728171,2.54645884371829,153.260416619006,9.75463029310421e-18,742.857613511867,25.2436927308505,405.62998118157,11.7361305114233,39.0511210050661,20.4983002738357,352.438216567152,7.94191022445461,2.18331395714311e-20,1.01247608849457,3.19310249213975,0.914387609785909,0.145255340087017,4.45205872736555,0.378961208109268,10.73683324358,10,1e-05,105.909419583826,6.69068280075202,9.44498450398863,11.9263718481151,1.02071566184257,40.8108447996534,21.4219958250027,28.7749849340167
"57",506,0.1,0.281,118176130299751312,0.602193788439875,4,1.10557185083715,5.55111511757467e-27,5.27859254168429,0.178268515226295,2.90666635266955,0.0839179350400988,0.278795507103129,0.147727466964952,2.47885908765524,150.463681282072,7.55483431654303e-25,718.394254709457,24.2615955148703,395.585071517723,11.4208781836857,37.9428965126735,20.1050872353448,337.362301170841,7.87112126109154,1.69338919209222e-27,0.979943643069128,3.06285512421739,0.891377154458459,0.142043771272201,4.32919865447878,0.371991076237394,10.3625770056793,10,1e-05,107.29372727968,6.67535521253758,9.452607725182,11.8635196755703,1.01139944810109,40.3249821473965,21.3673008218107,28.0111076905042
"58",506,0.1,0.286,120278908418963968,0.592082042195484,4,1.10383693699757,1.75220008410069e-18,5.19184685046087,0.174253706631077,2.88273988506956,0.0830546972169306,0.275471727754011,0.147339376305621,2.41315303167733,147.705018307283,2.34462842133252e-16,694.723838633076,23.316982848991,385.740985129101,11.1135940117209,36.8610210686712,19.7155617330581,322.905313978416,7.7988279675537,5.2628529771485e-19,0.948455758733771,2.93800385367477,0.868867066960311,0.138878906132123,4.20929573645332,0.365090691374067,10.0012092770717,10,1e-05,108.654757563069,6.65898258907896,9.45917957638377,11.8007649258502,1.00228799384694,39.8442307023401,21.3111673888451,27.2686292579538
"59",506,0.1,0.291,122381686538176608,0.580917957776973,-1,1.10185202518672,4.49171086285702e-17,5.09704360580981,0.169885070698793,2.8561564671189,0.0821062689981209,0.27179195496922,0.146891491667294,2.34179499518976,144.659351983119,5.89705303310874e-15,669.17790065431,22.3037791619335,374.977523525266,10.779523380199,35.6828749971303,19.2850106100442,307.448313147181,7.71509671928985,1.3257132717447e-17,0.914460244945445,2.80459400806823,0.844305819901614,0.135390626194686,4.07879694957562,0.3574716918248,9.61216738584399,10,1e-05,110.132136343876,6.63928584315403,9.46488296465782,11.7305819305293,0.992376344570709,39.311988366748,21.2463853547574,26.4622834456442
"60",506,0.1,0.296,124484464657389264,0.572156556121742,4,1.10048233351701,5.55111512312579e-24,5.02411667607839,0.166536287950835,2.8354618913745,0.0813730533381169,0.26892873335333,0.146535943797456,2.28715824982686,142.300489136048,7.17800161995151e-22,649.655372656174,21.5343713502141,366.64615303702,10.5221364667448,34.7744703693829,18.9481792149716,295.746444780959,7.65008691392121,1.61565782006739e-24,0.888467465302024,2.70352371404817,0.825310134044279,0.132691629270268,3.97810198834017,0.35150572186927,9.31520065624811,10,1e-05,111.3092568588,6.62333520923643,9.46940652512877,11.6756508720129,0.984651407659207,38.8978519922257,21.194958910864,25.8448882230435
"61",506,0.1,0.301,126587242776601920,0.562341685540243,4,1.09885987062803,1.43124798284928e-20,4.94299353391266,0.16282583047281,2.81210422169296,0.0805536684847482,0.265707896941479,0.146121579718564,2.22673113157968,139.653244871659,1.81896191100948e-18,628.201197297344,20.6934079424108,357.388134714813,10.2375029709489,33.768609617798,18.5704777277993,282.993524737704,7.57379318190404,4.0997124386687e-21,0.859890859003653,2.59341782071866,0.80423916057409,0.129669350217931,3.86665768003605,0.344822144273244,8.98957159012271,10,1e-05,112.604170057116,6.60416354263459,9.4731644767727,11.6133143596855,0.976110261482772,38.4319902136156,21.1350252904931,25.1620617868504
"62",506,0.1,0.306,128690020895814592,0.552627795899108,4,1.09727275638218,4.16871484490873e-17,4.86363781930243,0.159210505631197,2.78893757160542,0.079748225171551,0.262520833759914,0.14569951482361,2.16795071680865,137.042654018275,5.20646979403079e-15,607.438607277977,19.8844180832749,348.321239619811,9.96006541417291,32.7872460008643,18.1969779933623,270.763780732015,7.496339988441,1.17502502936486e-17,0.832220769650457,2.48780794294277,0.783631252193797,0.126695566584801,3.75791978131357,0.338213829752242,8.67501396905913,10,1e-05,113.878016340907,6.58416255272515,9.47608165608943,11.5511584047606,0.967746725585406,37.971013395034,21.073977824087,24.4978430999378
"63",506,0.1,0.311,130792799015027248,0.543165986602639,-1,1.09614799518845,0,4.78848507109234,0.155797030417913,2.76680411022475,0.0789815114579312,0.259470659008194,0.145293370366233,2.11248529181787,134.558209442803,0,587.812941261645,19.1249443884958,339.640457844221,9.69541595433775,31.8514538477846,17.8355622107662,259.319215643323,7.42486102932575,0,0.806049497624029,2.38878666958528,0.763897840367171,0.123867390848733,3.65404364531849,0.331803375664898,8.3777743488076,10,1e-05,115.173358839014,6.56482831739794,9.480076264938,11.4914783973817,0.959599566262474,37.5298361189451,21.0152330897719,23.8710837975419
"64",506,0.1,0.316,132895577134239904,0.533494230593009,4,1.09419869939389,2.79340317487759e-21,4.70993496969534,0.152249328242673,2.74314891697075,0.0781768879471654,0.256242891293033,0.14483353060286,2.05505287691024,131.927204674278,3.3679977191893e-19,567.875428012964,18.3566552397828,330.740631314666,9.42576362292953,30.8951275345789,17.4625347719075,247.77710086731,7.33818281287444,7.62070566261618e-22,0.779449127085408,2.28919510353345,0.743747069328925,0.120890992304531,3.54821380297126,0.325219515828354,8.07719908515935,10,1e-05,116.365916817477,6.54183117194135,9.47956647019267,11.4273748913391,0.951519476939298,37.0629717966243,20.9487218663977,23.2220975090857
"65",506,0.1,0.321,134998355253452560,0.524074973613764,4,1.09270974761245,1.9115802607235e-17,4.63548738063615,0.148897736346996,2.72052383746995,0.0774102942121127,0.253151054446923,0.14439034442878,2.00083376932349,129.421574065334,2.26409370682033e-15,549.031501432804,17.6355884578675,322.221411584315,9.16854832464214,29.9834498725823,17.1017287039305,236.980640499204,7.25762433145901,5.12936919280265e-18,0.754289807203907,2.19583242654105,0.724453092154444,0.118060273874158,3.44713114411939,0.31883481964553,7.7931956983579,10,1e-05,117.58098564644,6.51958250239469,9.48021094311314,11.3657673307321,0.943644050521518,36.615768515203,20.8846194181787,22.6094215933554
"66",506,0.1,0.326,137101133372665216,0.514753639739019,4,1.09125148057318,6.44655741958475e-17,4.56257402862889,0.145628313089641,2.69807454750639,0.0766559194006352,0.25008980557648,0.143940782073253,1.94803373109544,126.950001758014,7.4995589038703e-15,530.78395884629,16.9415711518998,313.878674757243,8.91771445529804,29.0940281161584,16.7452533742739,226.623184471962,7.17616665861543,1.7011503382209e-17,0.729910037688834,2.1062017641007,0.705578477589033,0.115277024912089,3.34848150374113,0.312525385633332,7.51864030909793,10,1e-05,118.777527001483,6.49666136460465,9.4801704765409,11.3043561998269,0.935919598643813,36.1729894785821,20.8195947190753,22.0127811613785
"67",506,0.1,0.331,139203911491877872,0.505528956990875,4,1.08982278428152,4.24586114987464e-17,4.49113921157009,0.142438038576933,2.67579569227097,0.0759133287327191,0.247058215638804,0.143485049903821,1.89660017320972,124.511756450057,4.8508770144907e-15,513.110608219641,16.2734809955428,305.708438428179,8.67306321248626,28.2262885473479,16.3931015624956,216.685705470461,7.09386434372994,1.10168190101552e-17,0.706280477891403,2.02013314448084,0.687112132235781,0.112540728080661,3.25219735862411,0.306290672746482,7.25316309948062,10,1e-05,119.956186908564,6.47309836966309,9.47947671988801,11.2431383867603,0.928339741097679,35.7345003099966,20.7536776180886,21.4315819572698
"68",506,0.1,0.336,141306689611090528,0.496403301303129,4,1.08842315394443,2.10802198352938e-20,4.42115769736389,0.139325277801939,2.65369093971282,0.07518239560512,0.244056579742164,0.143023538352413,1.84650294778108,122.107087384208,2.36492970236643e-18,495.997064501018,15.6305052954239,297.710013143233,8.43449839948664,27.3800111668599,16.0454025920955,207.153895966654,7.01080239209093,5.37743056888128e-21,0.683382279173844,1.93749876891461,0.669050587003015,0.1098518981499,3.15825086037136,0.30013258369891,6.99651394052366,10,1e-05,121.117118963296,6.44893281132676,9.47816085513708,11.1821343054465,0.920901473024735,35.3003436939066,20.686924587293,20.8654833099262
"69",506,0.1,0.341,143409467730303200,0.487372625770808,4,1.08705113939097,1.97806443828976e-17,4.3525569770012,0.136286320192128,2.63174837207396,0.0744624910741577,0.241083100304642,0.142556292908117,1.79767874119879,119.734566802381,2.1787630778669e-15,479.417669729777,15.0114221106814,289.877117869256,8.20176143395197,26.5543906191235,15.7020358636206,198.007506296234,6.92700566534428,4.95997290034036e-18,0.661181579979654,1.858120261819,0.651377903236413,0.1072091385975,3.06654982949472,0.294048641874072,6.74827675520067,10,1e-05,122.261277100301,6.42418463276543,9.47624924801265,11.1213206807906,0.913596694605336,34.8702596280634,20.61934220623,20.3137697755463
"70",506,0.1,0.346,145512245849515840,0.000892181873921322,-1,1.00147542309849,5.0857146856542e-17,0.073978015825765,0.00300968016356547,0.0695595028384844,0.00233593255836992,0.00588927495703016,0.00470454615789029,0.00564833097134785,0.201930597644552,1.02544843561561e-17,0.0149164169221812,0.000606851151940809,0.0140254984356732,0.000471001331325348,0.00118747278698744,0.000948592242403676,0.00113889050338316,0.0220841275342122,2.58261508645775e-20,2.63057629058095e-05,6.80617706407256e-05,0.000274406005625694,-2.31068272985843e-05,0.0189016385921909,0.00244852692574676,0.0200461802122072,10,1e-05,223.316991262006,0.603596348994318,0.064760721720895,0.0930897776997371,0.324510452267081,0.851824729784842,0.680465556277251,0.0638261399762307
"71",506,0.1,0.351,147615023968728512,0.469602712935716,4,1.08438780439839,2.08695618479322e-18,4.21939021996766,0.130423266252605,2.58835596716361,0.073055121912634,0.235220904022074,0.141605677133794,1.70373053883473,115.086308789295,2.21489104671452e-16,447.80478329626,13.8418490436482,274.702770434484,7.75335565834906,24.9640446749585,15.0286406937031,180.817285191497,6.75750643615481,5.05386750477364e-19,0.618799166844589,1.70865819250068,0.617181195506434,0.102062727949541,2.88975736424915,0.282108164836703,6.2760818407905,10,1e-05,124.50014183553,6.37307206648976,9.47074033652368,11.0003196125725,0.899374361450048,34.0223515577528,20.481845140632,19.2521550888324
"72",506,0.1,0.356,149717802087941152,0.0166920160797997,-1,0.876307228571855,0.129937380805315,0.311963873495786,0.0217286894813737,0.233816014574715,0.00574087302556184,0.0207772280346395,0.0173145096253377,0.0852360169286253,3.30577756313754,0.490175208047879,1.17685115435206,0.0819692133328305,0.882046512549053,0.0216568443371772,0.0783799243252181,0.0653171805160762,0.321543978124056,0.342881395557426,0.00122427907911149,0.00169241948394359,0.00944378190556534,0.00743201306511624,-0.000715585156682136,0.20472300235544,0.0276655149432726,0.368820170060274,10,1e-05,214.751194102632,3.7548834332383,0.13388965090642,0.257496743399467,0.630985154430438,3.00521826293026,2.50437067220885,0.963166991293466
"73",506,0.1,0.361,151820580207153792,0.452214025473183,4,1.08182608889259,1.47234507564812e-17,4.09130444473164,0.124830656152025,2.54558860067689,0.0716886013086344,0.229466453183231,0.140634489719037,1.61443744557426,110.563026297526,1.50474211141046e-15,418.132827039782,12.7577392157383,260.160096238228,7.32660156110023,23.4515563621396,14.372896849864,164.996103887138,6.58577467168516,3.44117242648704e-18,0.578951348234775,1.57070844361626,0.584453636051485,0.0970978261520352,2.72139719174203,0.270466883885251,5.83429313362213,10,1e-05,126.6766119356,6.3199565283706,9.46313752140186,10.8801146785091,0.885635819283279,33.1900277884225,20.3413725929615,18.2431431349891
"74",506,0.1,0.366,153923358326366464,0.443661026551439,4,1.08058139729596,7.25117744904251e-19,4.02906986722329,0.122130515739329,2.52442997488217,0.0710198886659341,0.226628080838846,0.140141500454638,1.57144494546483,108.347078551257,7.27056651749239e-17,403.984327774785,12.2457082968739,253.11800986964,7.12097901670798,22.7234066198179,14.051622761641,157.564686354324,6.49919088599139,1.66451838736543e-19,0.559925413678193,1.50575438335227,0.568620549789189,0.0946821501113013,2.64025457824785,0.264757561643769,5.62414236093865,10,1e-05,127.742574651196,6.29270309658533,9.45860291061212,10.8203026276291,0.878936580973133,32.7794856125306,20.2700666257588,17.7573278837526
"75",506,0.1,0.371,156026136445579136,0.435203928877813,4,1.07936019789109,5.32116111710419e-19,3.96800989454702,0.119492650858676,2.50342208148534,0.0703606660605924,0.223815624702758,0.139643814089376,1.5295221389646,106.161646528018,5.23368590704365e-17,390.277930080835,11.7528296744129,246.226802363427,6.92039985761469,22.0136292625634,13.7348192569505,150.437813985356,6.41221566318286,1.19949146307381e-19,0.54147726531322,1.44335274910373,0.553135420196447,0.092311044947145,2.56109726784333,0.259123558855095,5.42088720085813,10,1e-05,128.793966718151,6.26501888970087,9.45360048226415,10.7606934435764,0.87234706914868,32.3726919570069,20.1980812698874,17.2836001703
"76",506,0.1,0.376,158128914564791776,0.426839729153555,4,1.07816145840705,2.04885542222424e-18,3.9080729203516,0.116914443324719,2.48255594408465,0.0697104809329614,0.221027739445173,0.139141431551532,1.48862447885972,104.0056847452,1.97644433930319e-16,376.99529782476,11.2782428269667,239.481692532651,6.72467583293319,21.3216130194853,13.4223865563936,143.601319677131,6.32486768577932,4.53457668932198e-19,0.523582904487031,1.38338202861127,0.537986526076974,0.0899832904597516,2.48385676903299,0.253562929308938,5.22423447735858,10,1e-05,129.831476911842,6.23691625804864,9.44815090289038,10.7012684819076,0.865861941236471,31.9694522333499,20.1254166596136,16.8214566111148
"77",506,0.1,0.381,160231692684004448,0.418568825884715,4,1.07698465419547,2.9505542106521e-26,3.84923270983404,0.114394420272059,2.46183023580551,0.069069134513895,0.21826418968838,0.138634469742158,1.44872596434107,101.879037697754,2.79112262635578e-24,364.124152396174,10.8213180289147,232.880658440265,6.53370215766811,20.6470403479829,13.1143431933302,137.044484858585,6.237199894245,6.41043307082453e-27,0.506226532764161,1.32575090603196,0.523168428270359,0.0876986352335077,2.40849814993588,0.248075903398249,5.03398494717494,10,1e-05,130.855383797044,6.20841490502056,9.44226889404699,10.6420287490619,0.859478157465047,31.5697323965273,20.0520897035057,16.3706033970541
"78",506,0.1,0.386,162334470803217088,0.0422018300362371,-1,0.893626237095809,0.118812399170138,0.621886309681731,0.0310830910271579,0.443344369269613,0.00973666028190219,0.0410082847819967,0.032693333896985,0.193391713047244,8.52306174168771,1.13318675277052,5.93131131752956,0.296458511343555,4.2284472805932,0.0928645034082562,0.39112117416512,0.311816385619103,1.84449543020266,0.843535915625722,0.00280938143655164,0.00784939230477729,0.0344018389974019,0.0237645014218203,-0.00252604463619949,0.491520843214874,0.0635446614908446,0.720425867578069,10,1e-05,207.16111922639,4.40238694321706,0.180156171277404,0.463249991818098,0.947764860478781,5.931438310868,4.72876381485991,2.18532635743386
"79",506,0.1,0.391,164437248922429760,0.402305101630974,4,1.07469438804505,1.14098263262249e-17,3.73471940225023,0.109522316459905,2.42078709132541,0.0678119517546919,0.21280811190719,0.137607078796993,1.37181132853986,97.7122379110625,1.03739228278659e-15,339.564247122912,9.95787338386316,220.100269277392,6.16552727619733,19.3487163340503,12.5113667394478,124.726393283966,6.06107399289009,2.38751243947697e-18,0.473060612338603,1.21713903010398,0.494497681809766,0.0832565381578586,2.26326062966283,0.237321285445021,4.6718582420923,10,1e-05,132.863846136454,6.15028190493796,9.42926350580722,10.5240872414122,0.847000015445512,30.780565306256,19.903487877197,15.5014680125005
"80",506,0.1,0.396,166540027041642400,0.394311380912114,4,1.0735797516988,4.04129162311351e-22,3.6789875853458,0.107167089788792,2.40046326880095,0.0671956314366243,0.210114624149218,0.137086764187091,1.33474056047742,95.6713854570306,3.60137165410729e-20,327.850668580787,9.55012791482696,213.915776915035,5.98809650240632,18.7242327971724,12.2164009118531,118.944566944845,5.97269705995908,8.29676509713147e-23,0.457219015621603,1.1659843855475,0.480632043622154,0.0810980866790155,2.19330163657462,0.232052971314339,4.49958313407657,10,1e-05,133.84910188623,6.12068029219316,9.42216629363003,10.4653749355092,0.840899448245686,30.3909792369428,19.8282295720209,15.0825683333949
"81",506,0.1,0.401,168642805160855072,0.386409158822186,4,1.07248469811027,2.30167877907114e-17,3.62423490551651,0.10486375202922,2.3802670012341,0.0665871889886506,0.207443539253843,0.136562088467542,1.29855954027984,93.6584476704991,2.01002085963345e-15,316.498888834509,9.15759101203615,207.865075156511,5.81495732890908,18.1157268723954,11.9257582313741,113.401217718653,5.88416284487251,4.63525832787791e-18,0.441851328558275,1.11682114057345,0.4670711706855,0.0789806815358874,2.12506420299909,0.226856808701863,4.33291462723561,10,1e-05,134.822157513634,6.09074059240918,9.41468845652421,10.4068295489983,0.834887089637705,30.0046335176758,19.7523404759453,14.6737228051622
"82",506,0.1,0.406,170745583280067744,0.378597992851975,4,1.0714086928755,0,3.57043464386593,0.102610877912243,2.36019523981879,0.0659863913947181,0.204794417441881,0.136033095597784,1.26324356146941,91.6730988261824,0,305.497622089557,8.77970956745205,201.945730800725,5.64600326629424,17.5228547183176,11.6394196717762,108.087093769343,5.79550881129678,0,0.42694304201473,1.06957171273248,0.453809017208936,0.0769037717652085,2.05851103020565,0.221732417444615,4.17167244193597,10,1e-05,135.783336019224,6.06047571464163,9.40684119564833,10.3484434937801,0.828959845634618,29.6214645387937,19.6758269472635,14.2746522446044
"83",506,0.1,0.411,172848361399280384,0.00125948672942732,-1,1.00208934386959,5.00629136951632e-06,0.104452574600655,0.00377750506608326,0.0997352767039967,0.00247312594041679,0.00825191801338526,0.00779445065359621,0.00667580430423149,0.285238720048767,1.42501080484282e-06,0.0297317987334735,0.00107524415524325,0.0283890481869646,0.000703960462287571,0.0023488589580209,0.00221864361847199,0.00190022764605193,0.0310040424448832,3.58546821123080e-09,5.13849538779891e-05,0.000120760859061481,0.000657209695814625,-3.39739704292065e-05,0.0161921042019382,0.00248018127209466,0.0249648755951067,10,1e-05,222.324522252397,0.763192238569438,0.0972270003976154,0.0773827224630523,0.342489932724977,1.19355742145604,1.12738934253616,0.0754365886378159
"84",506,0.1,0.416,174951139518493056,0.0014410583284433,-1,1.00101247580104,0.00118899711681878,0.11103640098498,0.0334276881405149,0.106002042280282,0.00228177256681926,0.00856890125096925,0.0089517197931108,0.00722578864173352,0.326008924519094,0.000387231608677213,0.0361622442703492,0.0108867021373817,0.0345226584443598,0.000743125823592406,0.00279071275200975,0.0029153887817562,0.00235328893579349,0.0339652961877146,9.67843408035681e-07,6.45183843760005e-05,0.00129223537291836,0.00102485434905552,-3.76919914891222e-05,0.0211133051401609,0.00357673769844188,0.0206511886670027,10,1e-05,215.472399095067,7.45667582577445,0.0763867394520574,0.0590924579734868,0.31526018924901,1.23940587694019,1.29477675087555,0.0816514116515888
"85",506,0.1,0.421,177053917637705696,0.00334626249887417,-1,0.953328846670452,0.0498044159453804,0.156534725145303,0.0118229189833315,0.143204176912845,0.00378919002018894,0.0127300823317602,0.0103273807914291,0.0161694604066251,0.720960016528076,0.0376648547545368,0.118380219398718,0.00894114543517981,0.108298921316145,0.00286559512924064,0.00962719254784307,0.0078101367141933,0.0122282405307728,0.076911739336688,9.44904798809602e-05,0.000182594211395531,0.0010183757050129,0.0012976866511879,-0.000108395096403427,0.0602500754047981,0.00792621957720737,0.0351421163250965,10,1e-05,219.29947705237,2.45272180711907,0.0818437462340842,0.164692533387322,0.48409888567795,1.8412791084658,1.4937523576723,0.182714902594864
"86",506,0.1,0.426,179156695756918336,0.00569292134219554,-1,0.848217822736585,0.157324646182049,0.280721454157144,0.0166466663870479,0.262682808202354,0.00463565072836605,0.0227653153068846,0.022107498592738,0.0235516586329718,1.09131724017063,0.202413924914112,0.361176285613842,0.021417604691379,0.337967759699727,0.00596422926242434,0.0292898597581566,0.0284435126268213,0.0303015692571193,0.113346018706981,0.000505663639555202,0.000538970877239771,0.00246112605660378,0.00378399745213578,-0.000210889099868816,0.0887000008541831,0.0139681563173574,0.0430406977483944,10,1e-05,214.969156050713,3.44278611240974,0.0906867782836488,0.179211239152862,0.545359277268104,3.2927752059878,3.19762859645363,0.266133742552581
"87",506,0.1,0.431,181259473876131008,0.340892829107001,4,1.06629691415575,0,3.31484570775385,0.0920572153459029,2.26159585121112,0.063089744016665,0.191863093488446,0.1333239018156,1.09883959069811,82.1494116120235,0,255.381611689487,7.09225167484887,174.237368611619,4.8605461395579,14.7814741193524,10.2715106295159,84.6565573185759,5.35167845857984,0,0.358820398278228,0.85954377607857,0.391777357324953,0.067108333434232,1.74976924246393,0.197172742495805,3.44101706623309,10,1e-05,140.421803560963,5.90466581830768,9.36238276452473,10.0587088266523,0.800504654037182,27.7510778421689,19.2839691586084,12.4168873748886
"88",506,0.1,0.436,183362251995343648,0.333618244493683,4,1.06532485580348,2.95217926959448e-17,3.26624278966835,0.0900798434999007,2.242205055772,0.0625304294221529,0.189336578864356,0.13276920199577,1.06824276629012,80.3230686551535,2.22587595569723e-15,246.267269940923,6.79181511111079,169.057156277343,4.71465201262359,14.2755469753716,10.0104955489403,80.5430724625098,5.26302449655119,5.16719650037071e-18,0.346390684098377,0.822322110155725,0.380187500484726,0.0652631954205104,1.69258492387564,0.192469897017287,3.30890045147493,10,1e-05,141.318119873626,5.8726727200835,9.35250157105473,10.001150884779,0.795031550055865,27.3856427669405,19.2037373766682,12.0711432590784
"89",506,0.1,0.441,185465030114556320,0.326432488403535,4,1.06436868159674,2.48818551862762e-17,3.2184340896918,0.0881445280866866,2.22291982631953,0.0619774243753355,0.186829418900844,0.132210279333595,1.03836556480762,78.5224609126058,1.83562757442888e-15,237.435927397355,6.50275170720328,163.993114596511,4.57230653919229,13.7831054188463,9.75364708743855,76.6041136735485,5.17449298434573,4.26511491944817e-18,0.334333767576856,0.786560503652645,0.368859274358724,0.0634550485734179,1.63685522907268,0.187836400050682,3.18113767469533,10,1e-05,142.20449113733,5.84042628879989,9.34230763235179,9.94371607892421,0.789625983096047,27.023007149818,19.1228948028111,11.7335308823261
"90",506,0.1,0.446,187567808233768960,0.319335135061651,4,1.0634279657772,0,3.17139828889278,0.086250219901674,2.20373635754475,0.0614305296342299,0.184341186962497,0.131647023535105,1.0091897008596,76.7473203560345,0,228.878991607438,6.22465599043598,159.043081107162,4.43342538395015,13.3038556309573,9.50093152927663,72.8329588504632,5.08611425438574,0,0.322638540843349,0.752203834066291,0.357787543975334,0.0616834205844289,1.58254942206992,0.183271727216682,3.05759487657175,10,1e-05,143.081200986225,5.80793735412212,9.33180392317775,9.88639284044964,0.784286509790385,26.6631092822556,19.0414254841176,11.4038436197135
"91",506,0.1,0.451,189670586352981632,0.312323675789068,4,1.06250205369729,1.21629506487172e-17,3.12510268466515,0.084395306144444,2.18464716553926,0.0608894255624988,0.181870843325385,0.13107935473755,0.980688813990081,74.9968676093826,8.58523704840934e-16,220.585844038596,5.95705540496908,154.203649467806,4.29788928109037,12.8373808892107,9.2522560115221,69.2220677530764,4.9978899435683,1.99834053751412e-18,0.311291293430016,0.719189045845323,0.346964385710845,0.0599471942392193,1.52962187425992,0.178774192930268,2.93810566810403,10,1e-05,143.948736376941,5.77519887093885,9.32099434890767,9.8291619201884,0.779008238014317,26.3057987785837,18.9593178692392,11.0817835980879
"92",506,0.1,0.456,191773364472194304,0.305400528808173,4,1.0615909318735,1.76824650205022e-19,3.0795465936742,0.0825795539815363,2.16565689299292,0.0603541611157442,0.179419012227622,0.130507431350605,0.952857381071428,73.2715576257009,1.22045292194391e-17,212.551905752637,5.69968371676316,149.474763836185,4.16567555483796,12.3835934340376,9.00769071181885,65.7667114611045,4.90988351318328,2.84326488693849e-20,0.300286299641095,0.687478930246438,0.33638942420443,0.0582466274055554,1.47806494000505,0.174345130710809,2.82259354071048,10,1e-05,144.806996564613,5.74223311249865,9.30989032427867,9.77203802840394,0.773792764947876,25.9511659286032,18.8765948705515,10.7672884061071
"93",506,0.1,0.461,193876142591406944,0.00204633816860522,-1,1.00198464044507,1.12426184694568e-13,0.0991286201639983,0.0113007610753792,0.0913151356801396,0.00273212353764398,0.00651229794685145,0.00759017793795685,0.00958146978332518,0.463390267586358,5.19940103934009e-14,0.0458442534636636,0.00522629039136109,0.0422307323380814,0.00126353180087219,0.00301175823099757,0.00351024800553389,0.00443116557634404,0.0499059866523766,1.30632997254392e-16,7.71119672442394e-05,0.000594979057062533,0.000726609447175164,-5.84788726667273e-05,0.0181378783483233,0.00342810177043612,0.0354584201816232,10,1e-05,220.834659499215,2.42404727277381,0.116452456630982,0.10778751598965,0.369467912329999,0.941938775032593,1.09784333694608,0.108270608551575
"94",506,0.1,0.466,195978920710619616,0.291811416610023,4,1.05981076598432,1.70388370523237e-17,2.99053829898286,0.0790601031673655,2.12794438406412,0.0592999821557928,0.174567296176502,0.129350145299477,0.899113065479565,69.8938630970589,1.12370074214346e-15,197.224147144314,5.21396479878839,140.336613130927,3.9107970663098,11.5126049779765,8.5305619053129,59.2959493566189,4.73455466070254,2.62236419349333e-18,0.279254650938904,0.627751667114864,0.315956248644385,0.0549487733019356,1.37890436654423,0.165686723136343,2.60292054953589,10,1e-05,146.497436079734,5.6756101479217,9.28679411093299,9.65802926169371,0.763534025766473,25.2494137189693,18.7092050161163,10.1599776399191
"95",506,0.1,0.471,198081698829832256,0.285146089335786,4,1.05894120045174,4.98933545542947e-19,2.94706001834655,0.0773549507437311,2.10922051347713,0.0587808578328334,0.17216724978425,0.128764806118458,0.873174677529741,68.2413649248504,3.21527825531022e-17,189.917436474877,4.98498634314622,135.92453169805,3.78801577297677,11.0949768652148,8.2979924853795,56.270009880649,4.64730251948836,7.50979370655116e-20,0.269211592248564,0.599649367288012,0.306091312328854,0.0533508414896095,1.33125667237563,0.161457402010527,2.49855414885652,10,1e-05,147.32990309815,5.64197024077994,9.27481034447592,9.60114176497709,0.75848814892974,24.9022710087939,18.6245415569737,9.86687385608608
"96",506,0.1,0.476,200184476949044928,0.278566857778464,4,1.05808491727321,1.8596552919442e-17,2.90424586365929,0.0756851328199752,2.09058257457009,0.0582668682005056,0.169784135931725,0.12817497661591,0.847840583041748,66.6129102908744,1.17076662857526e-15,182.840021646982,4.7648415364266,131.614946231715,3.66825535550873,10.6889487138519,8.06939790886919,53.3767448879901,4.56036492806563,2.73679993947584e-18,0.259472406924715,0.572665018052674,0.29645572096864,0.0517863511148592,1.28486500064868,0.157294364694948,2.39769479790161,10,1e-05,148.154108197924,5.60812171126831,9.26254410296015,9.54432504314435,0.753496317447879,24.5575774211647,18.5392286177252,9.58059858837175
"97",506,0.1,0.481,202287255068257568,0.272072054030811,4,1.05724142073109,1.25568297730939e-21,2.86207103654342,0.0740494773399391,2.07202420749282,0.0577577581698422,0.167417182721105,0.127580488758152,0.823091513858245,65.0079609575161,7.72097917876682e-20,175.983837326949,4.55317530835147,127.405213362315,3.55142544973535,10.2941953129541,7.84470535253489,50.6104849357479,4.47374930527698,1.80636168694108e-22,0.250026626910261,0.546751838104015,0.28704339443418,0.0502545159381688,1.23969456962851,0.153196363847655,2.3002174924584,10,1e-05,148.970433774363,5.57406095090843,9.24999236904516,9.48755991194933,0.748555684426012,24.2152213087807,18.4532418939792,9.30093410659817
"98",506,0.1,0.486,204390033187470208,0.26566135811204,4,1.05641040012329,2.17066491773761e-17,2.82052000221882,0.0724471831447863,2.05354286092433,0.0572533858637397,0.165066100026863,0.126981290257582,0.798913906871609,63.4263172862188,1.30325564551827e-15,169.342517407987,4.34969025683364,123.293618694623,3.43746276738666,9.91048065437509,7.62388897757054,47.9663650941882,4.38747990740572,3.0515325133917e-18,0.240866149709368,0.521870356601491,0.277850336992307,0.0487548417729511,1.19572072679893,0.149163006706996,2.20602182166142,10,1e-05,149.779088111836,5.53979081354269,9.23715503860076,9.43084060947689,0.743663765987339,23.8751607078855,18.3665738228567,9.02772714764918
"99",506,0.1,0.491,206492811306682880,0.259336341404925,4,1.0555917945031,6.44413283251169e-22,2.7795897252733,0.0708779547805573,2.0351413978441,0.0567537579161657,0.162731282428459,0.126377476225314,0.775301634951978,61.8682489647896,3.77690710102272e-20,162.911790370756,4.15415786226608,119.279664105042,3.32633849820479,9.53768260427096,7.40698554437894,45.4404390255769,4.30160606119027,8.85069087449783e-23,0.231985605529254,0.497989747817526,0.268875306575102,0.0472873187288741,1.1529319043449,0.145195051411752,2.11503747935968,10,1e-05,150.580033427296,5.50532761045712,9.22404287861954,9.37417534807649,0.738821408377954,23.5374526904523,18.2792381612294,8.76090847495736
"100",506,0.1,0.496,208595589425895552,0.253094141600925,4,1.05478499362145,2.17698701137588e-17,2.7392496714551,0.0693403913466358,2.01681067448435,0.0562585457133382,0.160411565424755,0.125768828274283,0.75223233077305,60.3329379727198,1.24522080916042e-15,156.683097995425,3.96622018270968,115.360110413225,3.21794808371763,9.1754254046128,7.19388592088484,43.0271447053718,4.21611601881019,2.92035990672493e-18,0.223373824623259,0.475063555731393,0.260110924468135,0.0458508701066035,1.11128712875738,0.141290560625934,2.02713245461256,10,1e-05,151.37377322463,5.47065803905715,9.21065005516089,9.31753694832475,0.734024293934093,23.2019288230365,18.1912033215923,8.50022533773546
"101",50.6,0.1,0.001,111950341976304048,1.04023116791879,4,0.0139932436768498,1.21940256025588,11.6697902033558,0.530825898361571,3.56609250005005,0.131529010225954,0.402717356393326,0.116101828701188,8.46776202816583,3.28970305612484,286.672084168499,2743.47716532851,124.793051592409,838.360687968773,30.9214501584956,94.6757269919766,27.2946394360199,1990.70517643312,0.0956856990623167,5.91892766752771,3.96602945936028,19.8208995064751,2.13904060280799,0.268084024838139,12.2969904780649,0.574893073345825,50.6051604067916,10,1e-05,30.4597090039062,5.14379992778637,6.14931980972344,12.0343401648235,1.48511321304591,58.2490384287306,16.7929685033399,95.6857109182739
"102",50.6,0.1,0.006,671702051857824256,1.0387238583332,4,0.0842852847497466,1.14933338875672,11.6809336684516,0.531308950359839,3.56879350499991,0.131650648832034,0.403040099887079,0.116170087170715,8.47658221437417,19.786104775769,269.807842730202,2742.11777452036,124.725621931949,837.779956758398,30.9051993989546,94.6143050816009,27.2711129041644,1989.89116940168,0.574712250144364,5.56977069849826,3.96615821144043,19.833791003824,2.13946147493274,0.267359224712696,12.2861262292672,0.574262631560536,50.5737372980479,10,1e-05,30.3026823575044,5.13336795440996,6.14944419359514,12.0426244222304,1.4879406248528,58.2957200476671,16.8028414083723,95.7853790224281
"103",50.6,0.1,0.011,1231453761739344384,1.03722086973951,4,0.155127675140809,1.07871289424546,11.6920284760127,0.531789635917101,3.57148296730762,0.131771824760847,0.403361604451525,0.116237964844347,8.48536360556196,36.3637756414293,252.86315695928,2740.75080354944,124.657827762673,837.198167332007,30.8888859909474,94.5527667666539,27.2475641163284,1989.07034549783,1.05477860675204,5.21907772616466,3.96629331881336,19.8466854264683,2.13988878865253,0.26663733353919,12.2752756380495,0.573633123308774,50.5423387811018,10,1e-05,30.1463960376669,5.12292722584469,6.1495435593709,12.0508779146598,1.49076478637195,58.3422224678685,16.8126592350863,95.8846087428501
"104",50.6,0.1,0.016,1791205471620864768,1.03572264696062,4,0.226499567340175,1.00756195312758,11.7030760220177,0.53226817065147,3.57415896092766,0.131892506315458,0.403681687592583,0.116305337470344,8.49410966969088,53.0175053011463,235.843369673844,2739.37783777387,124.589776883606,836.615247805426,30.8725166007016,94.4911121166601,27.2239762675779,1988.24443565053,1.53573502953608,4.86695911024935,3.9664370749291,19.8595961839165,2.14032207467461,0.265918588136185,12.2644452163013,0.573004497787894,50.5110214919758,10,1e-05,29.9908711364615,5.11247944622394,6.1496116907188,12.0590909644956,1.49358419568379,58.3885192933912,16.8224040117106,95.9834392675069
"105",50.6,0.1,0.021,2350957181502385152,1.03422858275505,4,0.298429568266181,0.935851913008515,11.7140741742604,0.532744320503057,3.57682309694141,0.132012719155459,0.404000492671822,0.11637231484745,8.50281649315056,69.7536320134702,218.741964271024,2737.99685492643,124.521345205617,836.031106203244,30.8560800009407,94.4293216748403,27.2003597819921,1987.41142235704,2.01776655213267,4.51328024549098,3.96658635037551,19.8725049994321,2.14076121089346,0.26520275692841,12.2536263197055,0.572376687638851,50.4797212500039,10,1e-05,29.8360974638344,5.10202478656914,6.14965475417494,12.0672731978858,1.49640004577193,58.4346312600524,16.8320916195351,96.0818263726014
"106",50.6,0.1,0.026,2910708891383905280,1.03273912505552,4,0.370896420313232,0.863604028126466,11.7250223853159,0.533218109087534,3.57947455900222,0.132132431735632,0.404317944835812,0.116438859569227,8.51148436718109,86.5668692797156,201.564353058795,2736.60899523966,124.452595978077,835.445933874273,30.8395830189179,94.36742109424,27.1767183056009,1986.57229953271,2.50072202700612,4.15815286281072,3.96674256296552,19.8854173743281,2.1412064021525,0.264490020487944,12.2428243111104,0.571749863676808,50.4484679246082,10,1e-05,29.6820978044276,5.0915646348072,6.14967019576375,12.0754186146891,1.49921137776562,58.4805475410519,16.841716648093,96.1797733491463
"107",50.6,0.1,0.031,3470460601265425408,1.03125410913278,4,0.4439077208201,0.790810724715153,11.735922284432,0.533689664375778,3.58211293983406,0.132251646819158,0.40463401172742,0.11650493247352,8.52011541647509,103.458655424758,184.309058926383,2735.21428614406,124.383543021963,834.859523619438,30.8230222541344,94.3053901272652,27.1530390185475,1985.72731157676,2.98464470612296,3.80154633050283,3.96690600617216,19.8983371655495,2.14165722630258,0.26378032953569,12.2320385186779,0.571123846586851,50.417270076718,10,1e-05,29.528860741539,5.08109910152356,6.14965606593253,12.0835250536317,1.50201790731591,58.526263456254,16.85127343297,96.2773042061685
"108",50.6,0.1,0.036,4030212311146946048,1.02977353396219,4,0.517463109685494,0.717472294754791,11.7467701673519,0.534158758177431,3.58473833594587,0.132370351399664,0.404948678868856,0.11657056693165,8.52870566458187,120.428578225233,166.976479590651,2733.81194429988,124.314136775782,834.271918185301,30.8063955088988,94.2432276573352,27.1293303343311,1984.8755941488,3.46952560779998,3.44346888650153,3.9670747747055,19.9112498901141,2.14211331015133,0.263073774935777,12.2212666494478,0.570498712135154,50.3861024039839,10,1e-05,29.3764212625276,5.07063053636921,6.14961517827721,12.0915959145011,1.5048196330392,58.5717769115913,16.8607668009939,96.3743740097751
"109",50.6,0.1,0.041,4589964021028466176,1.02829738731643,4,0.591562786658834,0.643588544846813,11.7575665341379,0.534625437661636,3.58735058559745,0.132488540998486,0.405261933347199,0.116635749538855,8.53725580672588,137.476357757809,149.566894733044,2732.4021383052,124.244390607322,833.683091010089,30.7897022461327,94.1809319161789,27.1055894531805,1984.01735204526,3.95535893434448,3.08392613381775,3.96724914131865,19.9241586355424,2.14257463467482,0.26237032006354,12.2105089115385,0.569874420930954,50.3549694837713,10,1e-05,29.2247752587198,5.06016017232675,6.1495475476483,12.0996293487975,1.50761638984004,58.6170860393388,16.8701948132999,96.4709906160025
"110",50.6,0.1,0.046,5149715730909985792,1.02682580987573,4,0.666199118869785,0.569167078881949,11.7683098874959,0.535089639378007,3.58994929148239,0.13260619625796,0.405573732018657,0.116700471796175,8.54576469377695,154.599921648465,132.082410960429,2730.98497882783,124.174310622159,833.093085032465,30.7729430599692,94.1185081408303,27.0818187610872,1983.15265610906,4.44208848787447,2.72296141299735,3.96742901748227,19.9370592734283,2.14304092318109,0.261670053446847,12.1997664508773,0.56925104400074,50.3238743763911,10,1e-05,29.0739453152766,5.04968925181408,6.14945215980289,12.1076240566003,1.51040733746004,58.6621845991786,16.8795562405987,96.5671410396796
"111",50.6,0.1,0.051,5709467440791506944,1.02535849832106,4,0.741386938647075,0.49419309668543,11.7790017663803,0.535551437374093,3.5925347741585,0.132723336946279,0.405884108935883,0.116764737833539,8.55423359593886,171.80235196744,114.51987067855,2729.5601012147,124.103881177507,832.501749830604,30.7561143307279,94.0559388173789,27.0580118706581,1982.2812818136,4.92980482144605,2.36050936954296,3.96761397159325,19.9499525482342,2.14351206525876,0.260972877809483,12.1890365581985,0.568628425658516,50.2928089963675,10,1e-05,28.9239095576673,5.03921728561407,6.14932968261754,12.1155814952348,1.51319314913598,58.7070775164861,16.888851680243,96.6628396341092
"112",50.6,0.1,0.056,6269219150673027072,1.02389559071949,4,0.817118615902504,0.418674197279288,11.7896406590328,0.536010758022514,3.5951068113052,0.132839944421731,0.406193038759089,0.116828549601546,8.56266117038017,189.08157742933,96.8813781865567,2728.12760565091,124.033105688147,831.909166770988,30.7392167404523,93.9932330688027,27.034173518422,1981.40324988206,5.4184519886593,1.99661324906999,3.96780383336554,19.9628349844409,2.14398796978273,0.260278860083732,12.178320232635,0.568006655975941,50.2617734512828,10,1e-05,28.7746866888375,5.028745842733,6.14918006863048,12.1235003462391,1.51597328803942,58.7517611261147,16.8980814143677,96.7580712252959
"113",50.6,0.1,0.061,6828970860554546176,1.02243707751431,4,0.893393827269651,0.342610686594779,11.8002256933599,0.536467576058849,3.59766505264605,0.132956010887471,0.406500477403274,0.116891891093019,8.57104686690033,206.437208083977,79.1673184227328,2726.68734945576,123.961980986176,831.315268160432,30.7222490774027,93.9303821881087,27.0103003942244,1980.51848082198,5.90802260525907,1.63128079283885,3.96799809470615,19.9757033131658,2.1444682225485,0.259588034915792,12.1676168211673,0.567385686624301,50.230766024748,10,1e-05,28.6262901371025,5.01827667413142,6.14900361989094,12.1313803389531,1.51874745401991,58.7962290516095,16.9072431276943,96.8528295959737
"114",50.6,0.1,0.066,7388722570436067328,1.02098280404791,4,0.970220100734904,0.26599506279384,11.8107581043024,0.53692194029664,3.60020989838066,0.133071548345245,0.406806472011615,0.116954779593711,8.57939156094706,223.870636812185,61.3762630267592,2725.23928956128,123.890503403914,830.720041769401,30.7052103404868,93.8673852248321,26.9863930525048,1979.62694316008,6.39855877728494,1.26448230422559,3.96819688635833,19.9885591563741,2.14495299483503,0.258900327992577,12.1569253980817,0.566765490887608,50.1997833026619,10,1e-05,28.478700966633,5.00780894059852,6.14880024763659,12.1392221806432,1.52151591964261,58.84048811176,16.9163393204344,96.9471246387017
"115",50.6,0.1,0.071,7948474280317588480,1.0195330491551,4,1.04758156090758,0.188843134037503,11.821234756609,0.537373722498569,3.60274050083031,0.133186517073442,0.407110929815329,0.117017187280004,8.58769286570034,241.377949204952,43.5121904741407,2723.78353065753,123.818680982663,830.123539836494,30.6881006239608,93.8042487618913,26.9624530837567,1978.72869252193,6.88995454896415,0.896299564964274,3.96839958138659,20.0013951836911,2.14544175500848,0.258215904288224,12.1462478813945,0.566146150904053,50.1688288118125,10,1e-05,28.3319637987081,4.99734602577993,6.14856978351022,12.1470224442324,1.52427766640399,58.8845248884891,16.9253659681798,97.0409293824138
"116",50.6,0.1,0.076,8508225990199107584,1.01808765852403,4,1.12548546947941,0.111147658317612,11.831656395928,0.53782295254184,3.60525713109353,0.133300931254957,0.40741387205223,0.117079127287786,8.59595127194863,258.960487789474,25.5737213807834,2722.31991858961,123.746505762559,829.525720759687,30.6709194535774,93.7409659208169,26.9384800911157,1977.82361013333,7.38225152712132,0.526703842431314,3.9686060522885,20.0142115795495,2.14593447495187,0.25753469635749,12.1355825768269,0.565527619928706,50.1378970035639,10,1e-05,28.1860661912662,4.98688802683244,6.14831289469236,12.1547831953248,1.52703286685713,58.9283424536346,16.9343249709054,97.1342493730195
"117",50.6,0.1,0.081,9067977700080627712,1.01664662019197,4,1.2039313445723,0.0329091078373893,11.8420226239714,0.538269614888244,3.60775968030051,0.133414786758045,0.407715286100669,0.117140596902159,8.60416647707641,276.617837522988,7.56126691594975,2720.8484145788,123.673976548566,828.926570909976,30.6536664013109,93.6775350809554,26.914473775694,1976.91166967846,7.87544218351768,0.155703308647168,3.9688159815602,20.027005879797,2.14643097245025,0.256856744400758,12.1249293361878,0.564909893605767,50.1069868907968,10,1e-05,28.0410134440942,4.9764355355871,6.14802930614667,12.1625041290691,1.52978146085039,58.9719389816008,16.9432159359283,97.2270811909634
"118",50.6,0.1,0.086,9627729409962147840,1.01482033758973,4,1.23316161233201,7.09326088649779e-18,11.6580806562609,0.525667905186235,3.63155301406045,0.132669364190042,0.40918549859782,0.12017236692094,8.38734805704502,282.824871322861,1.62683510208319e-15,2673.77376047513,120.561616706267,832.894491389069,30.4276385838648,93.8464470761931,27.5614598046924,1923.63321340166,8.15082487048089,3.35507489601182e-17,3.87185153170926,19.3001178963363,2.1386158192181,0.257207055814847,11.9883235925868,0.570942489595939,48.4991497888666,10,1e-05,29.4137673555515,5.06850691855872,6.32073250956677,12.3217405794714,1.53189774434519,59.1845905171886,17.3817311514447,94.7770330446087
"119",50.6,0.1,0.091,10187481119843667968,1.01108594043178,4,1.22695318775549,1.63814424613431e-17,11.3476593854508,0.505031235653631,3.66181450943838,0.131269238258443,0.410417653013172,0.124855159350168,8.03171073297394,280.3654566019,3.7432484314043e-15,2593.00170268498,115.40237589771,836.744471733465,29.9957327544319,93.7826592186575,28.5300809433073,1835.28945473784,8.25900814134246,7.74098741919549e-17,3.7124761247376,18.1279083441864,2.11926464817325,0.25780885687034,11.7499409752229,0.579649775564354,45.9522744165082,10,1e-05,31.9076307589305,5.22706171859388,6.59981159476105,12.5556966088974,1.52960846648105,59.3628093318252,18.0590502484083,90.7583312826056
"120",50.6,0.1,0.096,10747232829725188096,1.00563942726088,4,1.22105947390029,0,11.0529737059599,0.48595076550777,3.68223806703695,0.129828620754791,0.410499869173358,0.128958883612627,7.70271403640675,277.51569429651,0,2512.05918926518,110.444222387501,836.87885445475,29.5067362388494,93.2961568517121,29.3090671555473,1750.63056261536,8.35590424918727,0,3.56215624107551,17.0564431275449,2.09420263382399,0.257847994475044,11.501468942808,0.585923718921086,43.6267217035605,10,1e-05,34.4267547486274,5.3760706710805,6.85635617835129,12.7496754774186,1.52316026068935,59.3747010772345,18.6526129257303,87.0406686113962
"121",50.6,0.1,0.101,11306984539606710272,0.998815148517271,4,1.21545363274913,3.56803184417582e-17,10.772681636366,0.468250182981246,3.6943013576141,0.128354825988546,0.409650572272434,0.132534325648912,7.39742975896588,274.367051160499,8.05419761936191e-15,2431.7413795337,105.69915498903,833.922859973071,28.9738202756807,92.4713345636916,29.9172680274038,1669.83826815655,8.44268654485328,1.67483510255608e-16,3.42026061005254,16.0749874893957,2.06472709374689,0.257380887896685,11.2466279220144,0.590047073217178,41.4942386551378,10,1e-05,36.9593550721579,5.51539382218438,7.09132269231381,12.9079282796764,1.51342022693871,59.2518587734848,19.1697648618586,83.5909562763144
"122",50.6,0.1,0.106,11866736249488228352,0.99088332936777,4,1.21011142240047,3.0190598090072e-20,10.5055711198955,0.451771903615543,3.69932072510152,0.12685582746947,0.408053007617972,0.13563487530497,7.11323018567418,270.991907140317,6.76087143934743e-18,2352.61373513138,101.169634041081,828.424523446239,28.4080473760193,91.3792405408284,30.3740241214492,1592.93415322047,8.52022711643423,1.40979099922178e-19,3.28616380605508,15.1737107612553,2.03190893156065,0.256458947914325,10.9883511485433,0.592293334185503,39.5303870521699,10,1e-05,39.4947033437326,5.64504889937089,7.3059533871739,13.0346464718095,1.50113141439991,59.0207870218635,19.6182283641109,80.3795010981183
"123",50.6,0.1,0.111,12426487959369748480,0.982062318118929,4,1.20501120372234,3.49382173953207e-17,10.2505602010513,0.436377523093485,3.69844349173688,0.125339588493385,0.405858529012944,0.138313003552872,6.8477969249552,267.447517715626,7.75440052915935e-15,2275.07169435204,96.8522823503458,820.8550494975,27.8186308231024,90.0787111297587,30.6980294902982,1519.8417108012,8.58919175642938,1.62142641143728e-16,3.15926886407107,14.3438002967365,1.99661768898692,0.2551297342001,10.7289175121729,0.592916816361747,37.7142625830352,10,1e-05,42.0233695382967,5.76519391673513,7.50165017580243,13.1337946241342,1.48691595521484,58.7033776364322,20.0055928338874,77.3801052519938
"124",50.6,0.1,0.116,12986239669251270656,0.972528712819487,4,1.20013376957524,0,10.0066884974315,0.421946473215958,3.69265892444966,0.123813672974055,0.403191238320933,0.140618487181458,6.59910120604445,263.779188330783,0,2199.38496578234,92.740243667449,811.61500373287,27.2131915535617,88.6180026615036,30.9067466922087,1450.42628077967,8.65010196209353,0,3.03901933614334,13.5774559127033,1.95955409171117,0.253437381820048,10.470075376812,0.592148549774387,36.0280510172446,10,1e-05,44.5372248182724,5.87609059284376,7.67988616019161,13.2090279504587,1.47128806887986,58.3175807107398,20.339057985926,74.5698436283023
"125",50.6,0.1,0.121,13545991379132788736,0.962425615557885,4,1.19546209882339,7.19898810231189e-17,9.77310497787921,0.408374538407493,3.6828087580016,0.122284938756601,0.400151993007835,0.142597028149627,6.36538065091004,260.022796271986,1.56583886560208e-14,2125.73036577987,88.8248063301296,801.041063813774,26.5979755851192,87.0363353703254,31.0160213661604,1384.52241841399,8.70338512730548,3.29199700910456e-16,2.92490431356285,12.8678377686799,1.92127683778753,0.251422899717468,10.2131499528046,0.590193911488484,34.4566305439372,10,1e-05,47.0294604304858,5.97808405375316,7.84213312801021,13.2636368853325,1.45466556099181,57.8779842686533,20.6252341515621,71.9288013552835
"126",50.6,0.1,0.126,14105743089014310912,0.951869305773759,4,1.19098110668242,4.35038347944035e-17,9.54905533412184,0.395571932609277,3.66960369950705,0.120759405122106,0.396822395053373,0.144289746029573,6.14510930740403,256.206789180885,9.35865209547941e-15,2054.21630380098,85.096408478061,789.414186456698,25.9780606729463,85.3654110390552,31.0399655666578,1321.95105025741,8.74940665996649,1.97281488569643e-16,2.81645940317104,12.208977577492,1.88222859954887,0.249124274310308,9.95913414873963,0.587232933113556,32.9871715773237,10,1e-05,49.4944976367508,6.07157456129786,7.98981341449081,13.3005354913421,1.43738363621164,57.3963912205199,20.8700688657174,69.4397351736656
"127",50.6,0.1,0.131,14665494798895831040,0.940954538627199,4,1.18667737275597,0,9.33386864316533,0.383461330771185,3.65364038694098,0.119242211121209,0.393268263386303,0.145733100303534,5.93696636853472,252.353737910491,0,1984.90061017845,81.5452475844409,776.967548040448,25.3575389436005,83.6307479568914,30.990978207894,1262.52989173385,8.78849140447375,0,2.71326453334504,11.5956780912869,1.84275812839002,0.246576517742996,9.70876120404673,0.583421795343877,31.6087682898131,10,1e-05,51.9278741189651,6.15699679695704,8.12427030794941,13.3222734060265,1.4197081373049,56.8823216161948,21.0788356279031,67.0877199644424
"128",50.6,0.1,0.136,15225246508777351168,0.929758842437003,4,1.182538940909,0,9.12694699470021,0.371976120906374,3.63541793470337,0.117737641908026,0.389542614312702,0.146959107079596,5.73980834722208,248.481584324989,0,1917.80428604746,78.1616677949143,763.894005388263,24.7396806852772,81.8528359768971,30.8798556181616,1206.0800896275,8.82093727966676,0,2.61494134028325,11.0234175063329,1.80313908000396,0.243811699734006,9.4625637105036,0.578895099084464,30.3121286080006,10,1e-05,54.3260974617796,6.234802136509,8.24675001028954,13.3310599891013,1.40184732591998,56.3434437341892,21.2561652479928,64.8598343236095
"129",50.6,0.1,0.141,15784998218658871296,0.918345812286567,4,1.17855507137081,4.81167197440831e-20,8.92775357066346,0.361058754160341,3.61535163121422,0.116249198413192,0.385687995628125,0.147995564065958,5.55264249309067,244.604571841401,9.9864401056156e-18,1852.92091367242,74.9363556411972,750.352324885991,24.12707398704,80.0480599733492,30.7159100683131,1152.42959162786,8.84702530260988,2.12157647551337e-19,2.52114826845986,10.4882539827442,1.76358434290318,0.240859175727954,9.22091804071243,0.573767922528863,29.0893031362382,10,1e-05,56.686545174749,6.30544623392754,8.35839571209454,13.3287996901248,1.38396293343316,55.785911687652,21.4060783865001,62.7448601719246
"130",50.6,0.1,0.146,16344749928540389376,0.906767896159665,4,1.17471612854382,1.47327160384638e-16,8.73580642693032,0.35065936564594,3.59378798316663,0.114779659453315,0.381738720322817,0.148866640501063,5.37460481171425,240.734041176979,3.01916878748292e-14,1790.22483219128,71.8604640877321,736.473334535216,23.5217433333156,78.2295420860156,30.5071728339044,1101.41531610455,8.86702302416439,6.43014567106103e-16,2.43157806704789,9.98674643136018,1.72425966802108,0.237745571556415,8.98408305327374,0.568138811969695,27.9334597449777,10,1e-05,59.0072906673892,6.36937538913722,8.46024141452917,13.3171204081176,1.36617836006935,55.2146885074922,21.5320708820738,60.7330343723711
"131",50.6,0.1,0.151,16904501638421909504,0.895068434061821,4,1.17101337587388,2.32914666794101e-17,8.55066879473024,0.340734552164426,3.57101467595505,0.113331198844252,0.377722301317403,0.149593154693644,5.20493957797139,236.878986545607,4.71152519334984e-15,1729.67602259139,68.9256477002645,722.364368168264,22.9252543816513,76.4077317775892,30.2605210222697,1052.88362854172,8.88118840374442,1.00591081830992e-16,2.34595286373837,9.51588146001557,1.68529252682324,0.234494845181929,8.75222433130281,0.562091555624387,26.838691244646,10,1e-05,61.2870176567155,6.42702811186824,8.55322618821252,13.2974166174044,1.34858663260179,54.6337536625491,21.6371538948886,58.8158172310767
"132",50.6,0.1,0.156,17464253348303431680,0.883283413359125,4,1.16743889473732,1.42339445339852e-17,8.37194462243309,0.331246345599415,3.5472715177804,0.111905465593128,0.373660927398931,0.150193110066933,5.04298337997715,233.046547073984,2.8414092076607e-15,1671.22475989772,66.1240750336559,708.11361732009,22.3387986067166,74.5909608625613,29.9818567405853,1006.69068758378,8.88977079804032,6.08100151484563e-17,2.26402126536437,9.0730093695634,1.64678075624062,0.231128668087072,8.52543835115423,0.555697659513144,25.7998653257786,10,1e-05,63.5248952778755,6.47881947297757,8.63819128215845,13.2708772364987,1.33125707492326,54.0463165389814,21.7239314400812,56.9857121937418
"133",50.6,0.1,0.161,1.8024005058185e+19,0.871442744543587,4,1.16398543136147,3.26812515093533e-17,8.1992715690115,0.322161373756304,3.52275725883215,0.110503653706272,0.36957236373368,0.1506819772541,4.8881507144328,229.242344914653,6.43644372935719e-15,1614.81423257481,63.4484133314606,693.793163403442,21.7632592425426,72.7858210208559,29.6762217734142,962.702025198132,8.8930126005416,1.38073204707761e-16,2.18555459685716,8.65579199851404,1.60879794060308,0.227666519500146,8.30376645746172,0.549017863325098,24.8124950962878,10,1e-05,65.7205180800496,6.52514678121602,8.7158898933968,13.2385144543392,1.31423983319645,53.4549466904395,21.794641190033,55.2361030730907
"134",50.6,0.1,0.166,18583756768066473984,0.859571489096885,4,1.16064638601744,9.59013875996258e-23,8.03231930272031,0.313450195883862,3.49763807405355,0.109126604715031,0.365470974042666,0.151073138607034,4.73992341225257,225.470830569728,1.86301062712757e-20,1560.38370205065,60.891824469194,679.462212685774,21.199278693987,70.9975450397769,29.3479447735873,920.792483802579,8.89114833281795,4.00571126131308e-22,2.11034537568549,8.26216059873291,1.57139948762473,0.224125791254384,8.08721102048397,0.542104063811899,23.8726398880427,10,1e-05,67.87378240899,6.56638279960806,8.78699677543,13.201192920901,1.29757007461012,52.8617216855313,21.8512187681214,53.561134558454
"135",50.6,0.1,0.171,1.9143508477948e+19,0.847690587848311,4,1.15741566693566,6.57995926484355e-17,7.87078335039377,0.305086647095838,3.47205206387783,0.107774844112921,0.361368275595042,0.151378118964535,4.597839540055,221.735462962236,1.2605759154147e-14,1507.86950611757,58.4479119040232,665.16904324549,20.6472969372633,69.2302378289695,29.0007283034465,880.845238374364,8.8844053665504,2.71652151835078e-16,2.03820371562744,7.89027416025099,1.53462566653518,0.220522001689714,7.87574260234462,0.535000417942043,22.9768128716811,10,1e-05,69.9848608540104,6.60287808051364,8.85211568292958,13.1596487769925,1.28127127751595,52.2683073820669,21.8953311270304,51.9555868026215
"136",50.6,0.1,0.176,19703260187829514240,0.83581764547318,4,1.15428766709234,1.5576024940167e-17,7.7143833551404,0.297047399966004,3.44611440004401,0.10644865186236,0.357273502660689,0.151606906338672,4.46148623112124,218.038924024374,2.94222992703876e-15,1457.20680747063,56.1107056059744,650.953048595976,20.1075955133265,67.4871024991416,28.6377544135223,842.751495243529,8.87300381691052,6.35447694168913e-17,1.96895584452968,7.53848979651027,1.49850507697244,0.216869034270476,7.66930806990342,0.527744708674699,22.1219180638985,10,1e-05,72.0541312749089,6.63495909831279,8.91178458314089,13.1145103235518,1.26535794838353,51.676039424842,21.9284229328255,50.41479441167
"137",50.6,0.1,0.181,2.0263011897711e+19,0.823967473939888,4,1.15125719900803,4.08344601547121e-17,7.56285995069722,0.289311545577509,3.4199210855151,0.105148106787415,0.353194058299038,0.151768125107426,4.33049250873878,214.383257863518,7.60405633824323e-15,1408.33043771019,53.8746265663987,636.846244766674,19.5803281062564,65.7706140221552,28.2617516992752,806.40980397509,8.85715632786864,1.64583820249076e-16,1.90244210617338,7.20533552898888,1.46305700408112,0.213179213325297,7.46783740213229,0.520369171915364,21.3051885942633,10,1e-05,74.0821354918131,6.66293088201903,8.96648582820177,13.0663146105974,1.24983762937374,51.0859885923728,21.9517416155382,48.9345653487483
"138",50.6,0.1,0.186,20822763607592550400,0.812152569199134,4,1.1483194554529,8.50562707855744e-17,7.41597277243328,0.281860260256243,3.39355223689955,0.103873124041292,0.349135852365228,0.151869266036746,4.20452379721143,210.769994697677,1.56117791589703e-14,1361.17570289481,51.7344588020272,622.874569947532,19.0655463507579,64.0826569665367,27.8750692982735,771.725545741101,8.83706811674849,3.38620133318233e-16,1.83851556702442,6.88948755551538,1.42829340548501,0.209463467748743,7.27124774021025,0.512901434721611,20.5241416210353,10,1e-05,76.0695413006682,6.68707612772393,9.01665026028821,13.0155208412003,1.23471223692488,50.4990096861066,21.966370639555,47.5111189084892
"139",50.6,0.1,0.191,21382515317474074624,0.800383485815762,4,1.14546996995905,1.1217033775115e-16,7.2734984983892,0.27467651472329,3.36707490407612,0.10262349463854,0.345103594004669,0.151916857599649,4.08327694005987,207.200245924401,2.02901186211737e-14,1315.67890658092,49.685319469665,609.05895961235,18.563221982578,62.424639163363,27.4797341529912,738.61035936899,8.81293661802373,4.41005402036808e-16,1.77704048531428,6.58975102850518,1.3942205422314,0.205731515436838,7.0794470177415,0.505365218411246,19.7765369970124,10,1e-05,78.0171078098942,6.70765702025168,9.06266453014249,12.962523088567,1.21998000644693,49.9157838368354,21.9732542832133,46.1410294226766
"140",50.6,0.1,0.196,21942267027355594752,0.788669149393141,4,1.14270458035199,1.67719001096181e-23,7.13522901807227,0.267744860839268,3.34054474452321,0.101398902690705,0.341100979760096,0.151916563808825,3.9664765423816,203.67478196301,2.98941052365399e-21,1271.77771009228,47.7226372334628,595.416115571065,18.0732621115917,60.7975752215909,27.0774910176707,706.981715853556,8.78495224662259,6.51065485998828e-23,1.71789123630365,6.30504422196596,1.36083996583191,0.201991956603112,6.89233678264521,0.497780842479496,19.0603476764602,10,1e-05,79.9256721233873,6.72491663498001,9.10487447515139,12.9076584873415,1.20563584628189,49.3368457125002,21.9732117893084,44.8211849289121
"141",50.6,0.1,0.201,22502018737237114880,0.777017114491139,4,1.14001940385421,4.74704959234245e-17,7.00097019296645,0.261051211570198,3.31400836830692,0.100198956473344,0.337130914943643,0.151873349799343,3.85387123639272,200.194096808156,8.33609763508949e-15,1229.41144670286,45.8421245676041,581.959315661541,17.5955247116707,59.2021669061704,26.6698513985967,676.762403145232,8.75329773914375,1.81912701247795e-16,1.66095128778014,6.03438435168591,1.3281497437647,0.198252382392304,6.70981434785149,0.490165819079952,18.3737292995395,10,1e-05,81.796117221558,6.73907984937943,9.14359134020852,12.8512172910709,1.19167247296334,48.7626155374486,21.966961314977,43.5487449712377
"142",50.6,0.1,0.206,23061770447118635008,0.765433776209319,4,1.13741080916485,3.78394597630763e-17,6.87054045825638,0.254582685931641,3.28750452085564,0.0990232051473389,0.333195634214909,0.151791554337842,3.74523098469028,196.758459071838,6.54577373021489e-15,1188.52128242903,44.0397581829378,568.698941933045,17.1298295217108,57.6388575080684,26.2581224751702,647.880142757605,8.71814868560726,1.43121260600983e-16,1.60611226150115,5.77687602005284,1.29614509918931,0.194519506050329,6.53177441098727,0.482535210443645,17.7149989331684,10,1e-05,83.6293624102404,6.75035486815066,9.17909514932066,12.7934494621803,1.17808103077438,48.1934165328445,21.9551304194255,42.3211101270002
"143",50.6,0.1,0.211,23621522157000151040,0.753924547475484,4,1.13487539606224,0,6.74376980315851,0.248327461021131,3.26106548432964,0.0978711502373235,0.329296840261146,0.151674991727933,3.6403445615445,193.367954788306,0,1149.05035295028,42.3117581207969,555.642994220819,16.6759665597089,56.107883509052,25.8434388874134,620.267198525104,8.67967353765515,0,1.55327320591026,5.53170097575126,1.26481910731024,0.190799237223755,6.35811052275719,0.474902018747566,17.0826149400974,10,1e-05,85.4263474936531,6.75893393623234,9.21163791394795,12.7345698688752,1.16485146272793,47.6294949753721,21.9382708035282,41.1358935454528
"144",50.6,0.1,0.216,24181273866881675264,0.014183382382494,-1,0.913092807833464,0.0934830153612391,0.328606462007145,0.0151082715394298,0.21084855097109,0.0057669864502609,0.0179802306602313,0.0160684052033629,0.126149067553786,2.92686824439081,0.299654609808965,1.05332974950532,0.0484287246783961,0.67586331084721,0.0184857545282289,0.0576346300121676,0.0515063797724104,0.404363824482152,0.307908534430677,0.00750099617049139,0.00152425804384347,0.00548419373366855,0.00609955761815747,-0.000600914418284996,0.353655942787558,0.0512516678351762,0.69266022715649,10,1e-05,217.041716861514,1.7038880118818,0.0555061357673457,0.234949675528736,0.614494994370528,2.60066056269585,2.32413412861441,1.42548446335778
"145",50.6,0.1,0.221,24741025576763195392,0.00825735906766735,-1,0.963515051040631,0.0410259852995156,0.226811259080566,0.0228889509895571,0.156752497126365,0.00415802502932246,0.0113551249268594,0.0141107374663945,0.0755622613519524,1.79807628204102,0.0765611819293849,0.423266813540858,0.0427145168626809,0.292525733696851,0.00775955308355877,0.0211905156941214,0.026332938269131,0.141011507612247,0.188699775610093,0.00191575703081706,0.000663760481713942,0.0049349447655524,0.00336746720677205,-0.000297150948105365,0.218620071104835,0.0440552178069166,0.391893710218467,10,1e-05,216.648636851499,4.14827865970743,0.035953669103846,0.17268908301877,0.458293168662838,1.64240526942095,2.0409770671393,0.853853553277062
"146",50.6,0.1,0.226,25300777286644715520,0.000611988883517952,-1,1.00109536638601,1.39150696453988e-06,0.0547317918964224,0.00430594055772722,0.0498352070110144,0.00181510987963062,0.00405262383939425,0.00340992498055511,0.00593980720551649,0.138460987238722,1.92458615361785e-07,0.00756992609673204,0.000595552432498501,0.00689268194987382,0.000251046917525646,0.000560516326966342,0.000471624977070956,0.000821531691483599,0.0151690241307688,4.84842863775853e-09,1.4294844847625e-05,6.69477612491407e-05,0.000248603308508039,-1.37448189063431e-05,0.0177149176168124,0.00241711432918095,0.0315026594014471,10,1e-05,223.596683330531,0.892598780339547,0.0431729229478817,0.0478981133700403,0.273623554511256,0.586171512129984,0.493211549187491,0.0671198214223363
"147",50.6,0.1,0.231,25860528996526235648,0.708710218425196,4,1.12540456388375,0,6.27022819396622,0.225233963770222,3.15642707918192,0.0934889992058539,0.314086507596217,0.150922466666256,3.25466218567967,180.254371428809,0,1004.29310320029,36.0753882352428,505.56022018903,14.9739936447426,50.3067677330604,24.1730265154864,521.294390763998,8.49564470323029,0,1.36012040109359,4.66021938711633,1.14611199303591,0.176139133256824,5.70509169395708,0.444546063989766,14.7898093225005,10,1e-05,92.2707091945114,6.76965657425374,9.31643677622963,12.4912865745391,1.11533014596306,45.4294724587169,21.8294255786073,36.7776826981803
"148",50.6,0.1,0.236,26420280706407755776,0.697627433165945,4,1.1231908474492,1.68743072204563e-16,6.15954237251958,0.219897480913366,3.13063075470336,0.0924471346772888,0.310382568614439,0.150675157512035,3.1659038775137,177.086537016692,2.66046739698127e-14,971.136856068802,34.6698724282502,493.58714085626,14.5755665426727,48.9360951890794,23.7560178832009,499.148435432719,8.44283246050104,5.88037060452951e-16,1.31598218068941,4.46659578697607,1.11802890763832,0.172548195267046,5.55172541652694,0.437040652330461,14.2699602159756,10,1e-05,93.9006184877423,6.76717410733487,9.33718606531191,12.429176386184,1.10374163032003,44.8937347243925,21.7936547825407,35.7747138159049
"149",50.6,0.1,0.241,26980032416289275904,0.686637394424297,4,1.12103378139777,5.08013174911726e-17,6.0516890698466,0.21471994403112,3.10500291141238,0.0914255844280552,0.306718309138377,0.1504081815915,3.07992803428662,173.962079526851,7.883351046254e-15,939.101419341515,33.3202518955037,481.834510582483,14.18742686704,47.5965628976342,23.340349311227,477.943389867782,8.38756801594781,1.74536832590808e-16,1.27336035921477,4.28160629322387,1.09055914907894,0.168992807128584,5.40211252515651,0.429580848925887,13.7694067887624,10,1e-05,95.4998995382716,6.76288320610652,9.3560560303549,12.3667519257463,1.09244689310194,44.3637362337748,21.7550393853945,34.8031867874388
"150",50.6,0.1,0.246,27539784126170796032,0.675740592742517,4,1.11893092644057,8.09594766404567e-17,5.94654632009309,0.20969386288834,3.07954896031789,0.0904236813944686,0.303093235223162,0.150123155133196,2.99660163312507,170.88019272842,1.2363918669691e-14,908.140938134982,32.0238960757956,470.300630200407,13.8092671663417,46.2876029482639,22.9264140225027,457.633132214536,8.3299701510835,2.74187455284831e-16,1.23218643635119,4.10476819658837,1.06368760728081,0.165474894979388,5.25614160472286,0.422170636495177,13.287198926812,10,1e-05,97.0695924761185,6.75689486758893,9.37317614036327,12.304085602559,1.08143376666119,43.8394055426781,21.7138131584655,33.8615984543133
"151",50.6,0.1,0.251,28099535836052316160,0.664940497335923,4,1.11688058467497,2.63267718510014e-17,5.84402923451419,0.20481371625849,3.0542796366813,0.0894410611691166,0.299507767178026,0.149821556819121,2.91582483364928,167.840963705125,3.95629650953505e-15,878.22056547544,30.7786991631314,458.986613859634,13.4408943153062,45.0089946679123,22.5146670336663,438.180103397049,8.27017044766433,8.78782785859278e-17,1.19240775319917,3.93568442718664,1.03740691774927,0.161997123855568,5.11374676406262,0.414815484928213,12.8225917015911,10,1e-05,98.610259318804,6.74931513013441,9.38866055151959,12.2412572253735,1.07069372752268,43.3208034446297,21.6701899783176,32.9488206202369
"152",50.6,0.1,0.256,28659287545933836288,0.654238122155761,4,1.11488073919582,0,5.74403695987692,0.200073334448068,3.02919944411939,0.0884771622059342,0.295961549112358,0.149504690957411,2.8374876169555,164.843830760037,0,849.300757654435,29.5824061927405,447.890812846043,13.0820399348935,43.7602281554768,22.1054370279926,419.544720855525,8.20828417829371,0,1.15396650125533,3.77394977746722,1.01170429777195,0.1585611567271,4.97483496096631,0.407518877879476,12.374790321236,10,1e-05,100.122755046479,6.74024149934691,9.40261521617745,12.1783251313732,1.06021607094703,42.8078784636114,21.62435850008,32.0636100715971
"153",50.6,0.1,0.261,29219039255815356416,0.643631101302973,4,1.11292890267661,2.91148365045257e-17,5.64644512080835,0.195465552080091,3.00430431497157,0.0875311499251203,0.292453118273398,0.149173638642836,2.76146432475962,161.887338098174,4.23506242810804e-15,821.335458290905,28.4325421327751,437.00799504614,12.7323361159643,42.5404145061978,21.6988912914637,401.684337349183,8.14440233716175,9.43659072361096e-17,1.11679711284848,3.61914050747522,0.986559625167565,0.155167383985328,4.83927562715364,0.40028167801781,11.9429225979739,10,1e-05,101.608352796825,6.72975852636,9.41514033873294,12.1153200284685,1.04998737832474,42.3004190270643,21.5764750932999,31.2045468697837
"154",50.6,0.1,0.266,29778790965696876544,0.633123276641111,4,1.11102386296266,4.367077467216e-17,5.55119314307078,0.190986372971351,2.97960371189644,0.0866027829011581,0.288983014677369,0.148829514828873,2.68768184315969,158.971805491256,6.24867037357995e-15,794.297247793952,27.3274495243697,426.339161127943,12.3916337149161,41.3493833310327,21.295399200196,384.569269334879,8.07864926934561,1.3944567975278e-16,1.08085947650026,3.47095315054029,0.961968017088192,0.151818033492715,4.70702248781227,0.393108602892246,11.526425790033,10,1e-05,103.06740723663,6.71795449827996,9.42632278476044,12.0523052334202,1.04000117430244,41.7985032429347,21.5267010248482,30.3708048277045
"155",50.6,0.1,0.271,30338542675578396672,0.62271510441766,4,1.10916389865216,9.30659426513997e-26,5.45819493276634,0.186630660885435,2.95509898490755,0.0856915369391119,0.285550712312804,0.148473260416072,2.61604885932933,156.096643530198,1.30975064122721e-23,768.151496612634,26.2652073146632,415.881758686977,12.0596796482412,40.1865836093755,20.8951784610888,368.166009323366,8.01112642187662,2.92722363132785e-25,1.04610457628235,3.32905702346725,0.93791708258443,0.148514083090936,4.57799025842115,0.386001851867146,11.1246408128315,10,1e-05,104.500702124673,6.7049068276027,9.43624522696502,11.9893182676235,1.03024802649344,41.302055028924,21.4751723865807,29.5613521104214
"156",50.6,0.1,0.276,30898294385459920896,0.612403824408035,4,1.10734683498959,5.34696146371647e-18,5.36734174518822,0.182392318961748,2.93078337631044,0.084796631190106,0.28215462829166,0.148105619093107,2.54645884210525,153.260416692789,7.40036920751372e-16,742.857618234745,25.2436923305103,405.629986285065,11.7361305597289,39.0511215974942,20.4983011460601,352.438216194258,7.94191022548349,1.65637537173839e-17,1.01247610684565,3.19310241106304,0.914387617520528,0.145255347901654,4.45205876249848,0.378961221475939,10.7368332230006,10,1e-05,105.90941953243,6.69068218640779,9.44498362084888,11.926371983136,1.02071559905174,40.8108454361057,21.421996745627,28.7749849157893
"157",50.6,0.1,0.281,31458046095341441024,0.602193788440385,4,1.10557185083803,1.6653328716032e-26,5.2785925417651,0.178268515222374,2.90666635280128,0.0839179350452806,0.278795507104449,0.147727466979581,2.47885908759989,150.46368128232,2.26644803078098e-24,718.394254721064,24.2615955143573,395.585071535986,11.4208781844006,37.9428965128853,20.1050872373527,337.362301163594,7.8711212609025,5.08016250117367e-26,0.979943643072733,3.06285512416039,0.891377154497542,0.142043771272204,4.32919865432578,0.371991076259322,10.3625770053883,10,1e-05,107.293727275919,6.6753552124021,9.45260772606288,11.8635196766483,1.01139944819227,40.3249821475875,21.3673008239266,28.0111076898787
"158",50.6,0.1,0.286,3.2017797805223e+19,0.592082042190257,4,1.1038369370179,9.33910817025768e-17,5.19184685117075,0.174253706747236,2.8827398914476,0.0830546983379653,0.275471727425518,0.147339375452413,2.41315302477195,147.705018308699,1.24967112171611e-14,694.723838721932,23.3169828643283,385.740985979145,11.1135941616291,36.8610210243899,19.7155616187159,322.905313051553,7.79882794535938,2.80506510996368e-16,0.948455755660728,2.93800386246235,0.868867068422257,0.138878905398475,4.20929572971567,0.365090689110888,10.0012092237932,10,1e-05,108.654757143575,6.65898270896766,9.45917986396732,11.8007651662741,1.00228801578284,39.8442306548269,21.3111672654371,27.268629179923
"159",50.6,0.1,0.291,32577549515104477184,0.00371902830213652,-1,1.00022323095203,0.00309316754614634,0.165642213054432,0.018103864974101,0.142260693724668,0.00273647583542859,0.0179693004253757,0.00581868894684201,0.0270599454602274,0.840688021986497,0.00259980854830526,0.139222345713419,0.0152163056849832,0.119570169451057,0.00230000902409618,0.015103204128454,0.00489061036566737,0.0227438948827135,0.0889677428361254,6.51396307119303e-05,0.000241231416157534,0.00175144721254166,0.00292400692057834,-0.000113097741404643,0.11818490558541,0.00620591053902012,0.0875500973014296,10,1e-05,218.002298182829,3.72454062370615,0.114145051609179,0.072942423220893,0.340404809718371,2.59907961352635,0.841615169271228,0.30577738370057
"160",50.6,0.1,0.296,3.3137301224986e+19,0.572156556116578,4,1.10048233366062,5.70595289268164e-17,5.02411668305541,0.166536287196039,2.83546189517888,0.0813730528853233,0.268928735002251,0.146535944575942,2.28715825337286,142.300489153333,7.37821828555474e-15,649.655373552491,21.5343712524192,366.646153525646,10.5221364081003,34.7744705822868,18.9481793154646,295.746445236814,7.65008692588245,1.66072351401043e-16,0.888467478068116,2.70352369228255,0.825310133804912,0.132691626050388,3.9781020147333,0.351505723913542,9.31520066837808,10,1e-05,111.309257071805,6.62333499056892,9.46940624222651,11.6756508385702,0.984651339416445,38.8978522307256,21.1949590234643,25.8448882631133
"161",50.6,0.1,0.301,33697052934867517440,0.562342662243759,4,1.09886003116838,0,4.94300155834001,0.162826196790021,2.8121065479184,0.0805537503875665,0.265708216761164,0.146121621159121,2.22673709180143,139.65350783147,0,628.203308208985,20.6934904388194,357.389051083316,10.2375311609459,33.7687089145343,18.5705152486027,282.994773736442,7.57380087031681,0,0.859893669495966,2.59342860616355,0.804241244238668,0.129669651440677,3.86666868306488,0.344822808251684,8.98960360438393,10,1e-05,112.604041544025,6.6041655097173,9.47316421004156,11.613320722474,0.976111119953749,38.4320364723347,21.1350312844553,25.1621291373562
"162",50.6,0.1,0.306,3.4256804644749e+19,0.552627795892457,4,1.09727275638914,1.38895264658312e-17,4.86363781946624,0.159210505619713,2.78893757151903,0.0797482250506477,0.262520833680625,0.145699515042051,2.16795071691209,137.042654017494,1.7347168776773e-15,607.438607291126,19.8844180816013,348.321239604831,9.96006539895296,32.787245990567,18.1969780204252,270.763780741675,7.49633998891151,3.91500542746051e-17,0.832220778284011,2.48780794256033,0.783631251283967,0.126695561473603,3.75791977844293,0.338213830103103,8.67501397004716,10,1e-05,113.878016351071,6.58416254872718,9.47608164825604,11.5511584378088,0.967746673740141,37.9710133835656,21.0739778556823,24.4978431011066
"163",50.6,0.1,0.311,34816556354630557696,0.543165986278863,-1,1.09614799517968,0,4.78848506897799,0.155797030506043,2.7668041090387,0.0789815122412902,0.259470658086434,0.145293371487546,2.11248528987345,134.558209361518,0,587.812940651707,19.124944387914,339.64045749617,9.69541604472004,31.8514537156473,17.835562337782,259.319215250057,7.42486102678593,0,0.806049499335734,2.38878667101534,0.763897837775044,0.123867394444933,3.65404362866102,0.331803377891763,8.37777433966022,10,1e-05,115.173358878011,6.56482836368166,9.48007599187061,11.4914785994938,0.959599552620977,37.5298359856219,21.0152332519586,23.87108377557
"164",50.6,0.1,0.316,35376308064512077824,0.533494230595748,4,1.09419869938652,9.67837952444889e-17,4.70993496932707,0.152249328260133,2.74314891641662,0.0781768879280374,0.256242891264961,0.144833530555466,2.05505287711033,131.927204674066,1.16691927814495e-14,567.875427971476,18.3566552419821,330.740631249553,9.42576362067165,30.8951275313528,17.4625347662828,247.777100892707,7.33818281355528,2.64036650032096e-16,0.779449127079832,2.28919510381474,0.743747069191029,0.120890992284727,3.54821380307091,0.325219515766693,8.07719908658355,10,1e-05,116.365916831556,6.54183117317386,9.47956646777654,11.4273748874911,0.951519476543964,37.062971792564,20.9487218595426,23.2220975113467
"165",50.6,0.1,0.321,35936059774393597952,0.524074036630242,4,1.0927096011356,4.55806391422092e-17,4.63548005665433,0.14889740493117,2.720521649559,0.0774102187578066,0.253150751358193,0.144390306644114,2.00082839633847,129.421325326176,5.39860427772235e-15,549.029652372218,17.6355176744064,322.220576353103,9.16852299550844,29.9833603677004,17.1016936528366,236.979580425814,7.25761614625069,1.2230694243892e-16,0.754287344166872,2.19582328464068,0.724451200895686,0.118059987547791,3.44712116115023,0.318834194587767,7.79316755938499,10,1e-05,117.581104371299,6.51958046009479,9.48021108427769,11.3657613413353,0.943643235482278,36.6157246764491,20.8846139530047,22.6093608786247
"166",50.6,0.1,0.326,36495811484275122176,0.514752712579434,4,1.09125133684842,7.31431352796578e-17,4.56256683865394,0.14562798793631,2.6980723387269,0.0766558449689442,0.250089502908116,0.143940739933657,1.94802851861858,126.949756379196,8.50904176793964e-15,530.782166373991,16.9415028108004,313.877852451517,8.91768973402016,29.0939405021684,16.7452183109282,226.622169895868,7.17615846273399,1.93013499060989e-16,0.72990766535551,2.10619293666081,0.705576615026739,0.115276736472644,3.3484717616427,0.31252476310552,7.51861331939206,10,1e-05,118.777645487003,6.49665856113816,9.48017037971122,11.3043503195542,0.935918684596483,36.1729457006299,20.8195886240041,22.01272226039
"167",50.6,0.1,0.331,37055563194156638208,0.505529874478327,4,1.08982292588017,6.13164833140893e-17,4.49114629401066,0.142438353099095,2.67579793145954,0.0759134025102756,0.247058517226416,0.143485097443659,1.89660524148432,124.511998604781,7.00539298958863e-15,513.112348634153,16.2735464644573,305.709249086945,8.67308738234678,28.2263742317134,16.393136745846,216.686677783727,7.09387258471932,1.590993485429e-16,0.706282801937764,2.02014156905688,0.687113964814738,0.112540995438066,3.25220684246272,0.306291293517697,7.25318917682567,10,1e-05,119.956069319622,6.47310072586809,9.47947729411322,11.2431444870902,0.928340518644832,35.7345439316288,20.7536844942509,21.4316392287729
"168",50.6,0.1,0.336,37615314904038162432,0.496403301301754,4,1.08842315528024,1.36923374941291e-18,4.42115776404172,0.13932527612141,2.65369103342178,0.0751823968641728,0.244056586159304,0.143023547561141,1.84650292052709,122.10708753373,1.5361042668249e-16,495.997071980039,15.6305051068469,297.710023655348,8.4344985407128,27.3800118867047,16.0454036251519,207.153892908533,7.01080228864417,3.49282856595982e-18,0.683382286306448,1.93749874970046,0.6690506106935,0.109851897831449,3.15825086742199,0.300132595801723,6.99651370555641,10,1e-05,121.117116558903,6.44893280109129,9.47816106300766,11.1821345319955,0.920901501586016,35.3003446220818,20.6869259192434,20.8654830019562
"169",50.6,0.1,0.341,38175066613919678464,0.487373525336811,4,1.08705127360802,1.08232885796859e-16,4.35256368039578,0.136286623155888,2.63175042241465,0.0744625622189411,0.24108339090526,0.142556321691626,1.79768360717062,119.734802585488,1.19214645424513e-14,479.419292967845,15.011483188324,289.877878746425,8.20178440866208,26.5544716403967,15.7020680159886,198.008407737128,6.92701424350249,2.71393135597288e-16,0.661183760735682,1.85812807642833,0.651379617191133,0.107209404030722,3.06655897606842,0.294049223856307,6.74830145921493,10,1e-05,122.261166912913,6.42418711999711,9.47624903010828,11.1213267796472,0.913597366317326,34.8703016605368,20.6193463694768,20.313824761028
"170",50.6,0.1,0.346,38734818323801202688,0.0125038944293061,-1,0.825160887895639,0.180562650288811,0.286123512060404,0.0179270902505231,0.230292857942146,0.00539567140502078,0.0215540109990691,0.0161781504209725,0.0622104114640464,2.33180576625334,0.510248407661663,0.808550750611299,0.0506598083252833,0.650780013878181,0.0152475206709348,0.0609090516416645,0.0457175139931119,0.175799166321129,0.243199214380367,0.0127552529237955,0.001152577260054,0.00580940257164017,0.0069580360803121,-0.000494765182927229,0.160073438774973,0.019483616380558,0.254040876354952,10,1e-05,215.645226421464,3.20794921716574,0.141885101571642,0.190317180588199,0.654305957044755,3.11757215090536,2.34000767688946,0.702977649543724
"171",50.6,0.1,0.351,39294570033682726912,0.46960183034132,4,1.08438767150805,5.96244426110338e-18,4.21938365801796,0.13042297770595,2.58835380058763,0.0730550531242812,0.23522061088646,0.141605627617062,1.70372593931238,115.086078386782,6.32794290860828e-16,447.803245250152,13.8417924051371,274.702024205872,7.75333378580294,24.9639666458204,15.0286071929265,180.816457207244,6.75749784837605,1.44388992543107e-17,0.618797067738466,1.70865096604385,0.617179518420951,0.10206249340831,2.88974868604132,0.282107570558908,6.27605896364201,10,1e-05,124.500252491886,6.37306922446884,9.4707402893495,11.0003134548028,0.899373914691931,34.0223091586176,20.4818379785319,19.2521031142299
"172",50.6,0.1,0.356,39854321743564234752,0.460859953035521,4,1.0830944808852,1.62892298702659e-16,4.15472404153217,0.127593878685149,2.56689337109132,0.0723668248085591,0.232330168993391,0.14112253096723,1.65851526976395,112.809000980196,1.696594139137e-14,432.732579424272,13.2894574200915,267.353109009324,7.53731955506813,24.1981975942525,14.6985253966014,172.741578869057,6.67188459710359,3.87560492472068e-16,0.598566663082409,1.63829639740809,0.600635844965972,0.0995575438811631,2.80453808824196,0.276249574163403,6.05149383948608,10,1e-05,125.596083483217,6.3467495248445,9.46718875682652,10.9401110179189,0.892446158887073,33.6042356432041,20.4119628791002,18.7412225483327
"173",50.6,0.1,0.361,40414073453445758976,0.452214025463288,4,1.08182608876512,7.44671299021119e-19,4.0913044385969,0.124830656219375,2.54558859214113,0.0716886005834892,0.229466453262406,0.140634488968864,1.61443744850849,110.563026282079,7.61056821056734e-17,418.132826403661,12.7577392223423,260.160095360178,7.32660148682982,23.4515563697181,14.3728967728816,164.996104183407,6.58577468373052,1.740449561793e-18,0.578951351173904,1.57070844351175,0.584453634293833,0.0970978234709432,2.72139719885955,0.270466883056581,5.83429315004886,10,1e-05,126.676612234636,6.3199565038036,9.46313747040477,10.8801145483565,0.885635788781908,33.1900277998744,20.3413724844565,18.2431431681459
"174",50.6,0.1,0.366,40973825163327283200,0.443661026725216,4,1.08058139401884,9.43644268010479e-18,4.02906969973667,0.122130516521453,2.52442972652656,0.0710198822740366,0.22662807394046,0.140141481110851,1.57144502903888,108.347078265108,9.461674976681e-16,403.984311139575,12.2457083800919,253.117985066813,7.12097837859829,22.7234059370352,14.0516208275938,157.564694795792,6.49919123025771,2.16614923652005e-17,0.559925437330398,1.5057543638132,0.56862048969456,0.0946821522097232,2.64025469871089,0.264757545237901,5.624142910885,10,1e-05,127.742583112959,6.29270214008122,9.45859962152204,10.8203016614553,0.878936198670636,32.7794846147481,20.2700638278735,17.7573288281394
"175",50.6,0.1,0.371,41533576873208799232,0.435203928878355,4,1.07936019778069,7.42046422807621e-17,3.96800988910446,0.119492650658208,2.50342206944592,0.0703606679937109,0.22381562462194,0.139643813163235,1.52952214366012,106.161646517291,7.29847832072172e-15,390.277929546012,11.7528296547102,246.226801179584,6.92040004775728,22.0136292546418,13.734819165876,150.437814447376,6.41221568285323,1.67271452642882e-16,0.541477260434907,1.44335274404553,0.553135415082924,0.0923110581132873,2.56109728826206,0.259123559296014,5.42088721527138,10,1e-05,128.793967201103,6.26501878072378,9.45359975597957,10.7606938527133,0.872347104556705,32.3726919453173,20.1980811359303,17.2836002233593
"176",50.6,0.1,0.376,42093328583090323456,0.42683889740653,4,1.0781613413108,1.32441862182373e-17,3.90806706579248,0.116914184650738,2.48255396529122,0.0697104188793885,0.221027468782011,0.139141390937173,1.48862042116968,104.005470782227,1.27760824839125e-15,376.993998441922,11.2781958968561,239.481034989148,6.72465674308298,21.3215453621522,13.4223564834189,143.600648425734,6.32485885614115,2.93123012184186e-17,0.523581161664885,1.38337609671867,0.537985046892252,0.0899830575121295,2.48384915577675,0.253562388605624,5.22421499590592,10,1e-05,129.83157785412,6.23691282000602,9.44815030632773,10.7012631488478,0.865861240558129,31.9694130846301,20.1254107851527,16.8214107592174
"177",50.6,0.1,0.381,42653080292971839488,0.418568825881634,4,1.07698465431857,4.8583404081836e-21,3.84923271598072,0.11439442024089,2.46183024400715,0.0690691344354625,0.218264190420757,0.138634470650556,1.4487259624867,101.879037708649,4.59582263927396e-19,364.124152974948,10.8213180258865,232.880659214397,6.53370215020057,20.6470404171112,13.114343279165,137.044484682159,6.23719988629299,1.05553275050929e-20,0.506226533351233,1.32575090619467,0.523168430168545,0.0876986351427697,2.40849815242739,0.248075904447976,5.03398492807413,10,1e-05,130.855383585746,6.20841492312149,9.44226889313605,10.6420287249438,0.859478159361829,31.5697325024582,20.0520898348964,16.3706033760997
"178",50.6,0.1,0.386,43212832002853363712,0.00545311732219701,-1,1.0004506116855,0.00277637954180308,0.160765655031879,0.00916146116016734,0.133704167878192,0.00431802245889665,0.0117010133455049,0.00875038393696264,0.0303163683500158,1.23295985069216,0.00342162268216235,0.198128319088723,0.0112906260961065,0.16477762014287,0.00532155037342338,0.0144203816749286,0.0107840126702908,0.0373620292274002,0.132234093511536,8.59107073951929e-05,0.000290645807941806,0.00127758186963106,0.0020550732861318,-0.00018480663705542,0.0638584162681732,0.00774410626905087,0.135213941272374,10,1e-05,220.160536713509,1.6594002673716,0.143368107141256,0.15751172133065,0.581157381982064,1.69243457029383,1.26565553264228,0.342574962355178
"179",50.6,0.1,0.391,43772583712734879744,0.402305101631222,4,1.07469438793234,1.32590607683225e-21,3.73471939661319,0.109522316539093,2.42078708434559,0.06781195186099,0.212808111270071,0.137607077983808,1.37181132993448,97.7122379008746,1.2055264405252e-19,339.564246610595,9.95787339106911,220.100268642916,6.16552728586584,19.3487162761347,12.51136666552,124.726393410842,6.06107399904966,2.77446576491563e-21,0.473060605786495,1.21713903080785,0.494497680862611,0.0832565419600151,2.2632606275733,0.237321284533984,4.67185825768565,10,1e-05,132.863846308312,6.15028190392345,9.4292635098393,10.5240872109886,0.84700006501216,30.7805652141031,19.9034877595781,15.5014680282596
"180",50.6,0.1,0.396,44332335422616403968,0.39431138091003,4,1.0735797515077,7.31766471471758e-19,3.67898757536395,0.107167090211821,2.40046325565923,0.0671956348700949,0.210114620354404,0.13708676128541,1.33474055908048,95.6713854394946,6.52109096185498e-17,327.850667689528,9.55012795247445,213.915775742788,5.98809680834625,18.7242324589009,12.216400653207,118.944566819729,5.97269705377212,1.50231536971696e-18,0.457219027568979,1.16598439194984,0.480632036510429,0.0810980814876019,2.19330161036152,0.232052967820201,4.49958314813873,10,1e-05,133.849101755274,6.12068040674028,9.42216646676789,10.4653758727254,0.840899340594836,30.3909786880609,19.8282291523217,15.0825683176094
"181",50.6,0.1,0.401,44892087132497928192,0.386409158822725,4,1.07248469824301,1.94249873158661e-26,3.62423491213789,0.104863752129651,2.38026701042285,0.0665871889967875,0.207443539851776,0.136562089167228,1.29855953778871,93.6584476822212,1.6963544200037e-24,316.498889413185,9.15759102081934,207.86507595924,5.81495732962778,18.1157269246373,11.9257582924932,113.401217501264,5.88416283358096,3.9119200739334e-26,0.441851329762966,1.11682114269894,0.467071172595492,0.0789806802522846,2.12506420347445,0.226856809261035,4.33291460538625,10,1e-05,134.82215719921,6.09074064888617,9.41468855598809,10.4068295511256,0.834887086525713,30.004633604161,19.7523405771478,14.6737227770124
"182",50.6,0.1,0.406,45451838842379444224,0.378597992851455,4,1.07140869295977,2.04282801545423e-20,3.57043464804141,0.102610876144042,2.36019523831741,0.0659863922045498,0.20479441757135,0.136033096012123,1.26324356556765,91.673098833266,1.74790792524523e-18,305.497622446403,8.77970941614715,201.945730671985,5.64600333557823,17.5228547293713,11.6394197072123,108.087094119853,5.79550883010719,4.03477121746102e-20,0.426943061004041,1.06957168783561,0.453809013871391,0.0769037647829866,2.05851103560871,0.221732418561796,4.17167247914271,10,1e-05,135.783336507261,6.06047525945613,9.40684082525665,10.3484438736731,0.828959678485635,29.6214645575201,19.6758270071934,14.2746522909144
"183",50.6,0.1,0.411,4.6011590552261e+19,0.0106849207932084,-1,0.899219744746735,0.106008252906716,0.260695862073879,0.03447162775853,0.218321692904445,0.00503193656346201,0.0170234820988745,0.0189237798940074,0.047738374727224,2.1714287351176,0.255987891576033,0.629526308047107,0.0832418143601058,0.527201499123835,0.0121510806574513,0.041108170074343,0.0456969941762809,0.115278250123057,0.221702477718658,0.00637775563343855,0.00092577385089059,0.00986689426795006,0.00483591175502412,-0.000419947059826744,0.115371192812797,0.0207972732896116,0.159986302149087,10,1e-05,212.200103633629,7.14325551212662,0.113434619583134,0.230304712522827,0.577228086175995,2.46227645078121,2.73713552386924,0.539443634417631
"184",50.6,0.1,0.416,46571342262142484480,0.00245289534508325,-1,0.918843276362435,0.0838679058113891,0.135447163771883,0.0116619907226833,0.126537747761131,0.00282249103488347,0.0097476299456812,0.0109820851377929,0.0115963717108394,0.509364765371804,0.04649253824326,0.0750857241596963,0.00646487526332468,0.0701467506560947,0.0015646601773471,0.00540364104297435,0.00608796664611886,0.00642849907879832,0.0545134433195772,0.00116695457501783,0.000124821051667671,0.000736425417896632,0.001548156934456,-7.04525798937379e-05,0.0244590393475309,0.00446863306565166,0.0440919792005812,10,1e-05,219.818155202942,2.47836310292743,0.11073230611413,0.0816748716909772,0.382195517354855,1.40989719534333,1.58844879433037,0.131039000332485
"185",50.6,0.1,0.421,4.7131093972024e+19,0.00206674339603005,-1,0.82999292352344,0.173199044660219,0.159924070262275,0.0234352934674565,0.15453888702455,0.00291574374105578,0.00959214402830863,0.0165123439717969,0.00853877842250413,0.387676420918286,0.0808985038755499,0.0746979756342614,0.0109462507897835,0.0721826426664477,0.00136189727142351,0.00448033707328636,0.00771265179561143,0.00398832684476159,0.040622861775805,0.0020238018634928,0.000123444690217148,0.0012753507524138,0.00167602494858432,-5.94115718989152e-05,0.0197881899215698,0.00552393592089343,0.0255139978732194,10,1e-05,216.401982090242,5.180590488236,0.0773274353317162,0.0772480647656143,0.389138592836778,1.38740771225456,2.3883454320807,0.0964881961742967
"186",50.6,0.1,0.426,47690845681905524736,0.348254452224265,4,1.06728498774473,3.3325335233913e-18,3.3642493877474,0.0940771379297012,2.28108960033721,0.063655387899456,0.194408596502107,0.133874261850834,1.13016557583647,84.0012052229741,2.62288737895926e-16,264.784951054729,7.40438876285686,179.534311688218,5.01002952715489,15.3010269978517,10.5366415464806,88.9502537390575,5.44039743482539,6.07764730412366e-18,0.371630344114763,0.89827133416858,0.403630440513813,0.0689904392074388,1.80842183509155,0.201943971372926,3.57758520765769,10,1e-05,139.51553846822,5.9363879637699,9.37194378543803,10.1163797784336,0.80604636270682,28.1192593980648,19.3635732341046,12.7708710069522
"187",50.6,0.1,0.431,4.8250597391787e+19,0.340892829107465,4,1.0662969143746,4.63892505711433e-18,3.31484571873862,0.0920572150918719,2.26159586415165,0.0630897446526418,0.191863093916439,0.133323903020033,1.09883958833058,82.1494116289964,3.5739104080261e-16,255.38161253612,7.09225165528752,174.237369608818,4.8605461885613,14.7814741523459,10.2715107223215,84.6565571362921,5.35167844704164,8.2889765719202e-18,0.358820398564484,0.859543773655927,0.391777359247678,0.0671083342617333,1.74976923999517,0.197172743559013,3.44101705180985,10,1e-05,140.421803194708,5.90466579300045,9.36238280753221,10.0587089549397,0.800504664754594,27.7510779040737,19.2839693328176,12.4168873481355
"188",50.6,0.1,0.436,48810349101668564992,0.00707435722656248,-1,0.939884008516665,0.0637404237694723,0.179037832278068,0.0183647853093826,0.150250331030054,0.00421211320726771,0.0148674526752156,0.00873513203723941,0.0322041096550714,1.50269100147837,0.101908491219005,0.286246533668601,0.0293617056769,0.240220940416186,0.00673434653256699,0.0237701537078081,0.0139657704462926,0.0514880829451205,0.158670244433741,0.00255247419209731,0.000437801726008165,0.00337959022331804,0.00233467913644552,-0.000260549161081279,0.0934117417878181,0.00889987497471487,0.094480581789245,10,1e-05,217.640342491474,3.7137537529977,0.165627484573196,0.21354621754251,0.49881645627121,2.15042835494318,1.26344949786631,0.363906439102307
"189",50.6,0.1,0.441,49370100811550081024,0.326433202500837,4,1.06436876925351,6.72504239281526e-18,3.21843846254977,0.0881447294378209,2.22292131829999,0.0619774717106138,0.18682964390786,0.132210291569381,1.03836858150486,78.5226391535816,4.96132630304371e-16,237.43676941033,6.50278078695444,163.993583413851,4.57232003358856,13.783152170143,9.7536693270071,76.6045038047355,5.17450215222986,1.15277333277758e-17,0.33433489277458,0.786564104114476,0.3688603280387,0.0634552476627253,1.63686072928951,0.187836822388616,3.18115069450644,10,1e-05,142.204413726254,5.84043088774163,9.3423073833464,9.94372001226538,0.789626752528506,27.0230396948329,19.1228965725952,11.7335649710049
"190",50.6,0.1,0.446,49929852521431605248,0.319334429589239,4,1.06342787861591,2.25629741202636e-17,3.17139393180785,0.086250024699902,2.20373480448027,0.061430481971643,0.18434096017928,0.131647004105051,1.00918676494778,76.7471445161257,1.62836039034003e-15,228.878171520959,6.22462815134981,159.042617666553,4.4334121498763,13.3038098733449,9.50090913764224,72.8325860649957,5.08610516010962,3.7869047686381e-17,0.322637423935495,0.752200393567227,0.357786504539462,0.0616832412007878,1.58254406818544,0.18327130561221,3.05758234675971,10,1e-05,143.08127924747,5.80793304948592,9.33180365053256,9.88638849125615,0.784285958683549,26.663076480331,19.0414226737546,11.4038104439099
"191",50.6,0.1,0.451,50489604231313129472,0.31232367528917,4,1.06250206084076,2.12053756146533e-18,3.12510305901462,0.0843953004399654,2.18464761590853,0.0608894347574428,0.181870865413157,0.131079396294558,0.980688737454311,74.9968679935677,1.49678463161543e-16,220.585870109045,5.95705499278288,154.203681010374,4.29788992323778,12.8373824277322,9.25225893002082,69.2220622399924,4.99788955614829,3.48398692926008e-18,0.311291300011748,0.719188999782013,0.346964456924727,0.0599471984930738,1.52962184220538,0.178774224150243,2.93810515551824,10,1e-05,143.948723507487,5.77519861955173,9.32099722598675,9.82916337824878,0.779008605354901,26.305801973359,18.9593238800448,11.0817827332337
"192",50.6,0.1,0.456,51049355941194645504,0.305400528807467,4,1.06159093188118,0,3.07954659402075,0.0825795539676817,2.16565689339303,0.0603541611070796,0.179419012233984,0.130507431386391,0.952857381005615,73.2715576260617,0,212.551905776064,5.69968371579373,149.474763863455,4.1656755542303,12.3835934344481,9.00769071426798,65.7667114564101,4.90988351285254,0,0.300286300125765,0.687478930116172,0.336389424233898,0.0582466270404881,1.47806493978406,0.174345130726366,2.82259354048416,10,1e-05,144.806996553344,5.74223311025991,9.30989033389191,9.77203803233089,0.773792759732578,25.9511659295235,18.8765948757275,10.7672884053635
"193",50.6,0.1,0.461,51609107651076169728,0.298563224658489,4,1.06069395314991,7.51005540334283e-18,3.03469765745699,0.0808014566341396,2.14675684424671,0.0598243993803926,0.176984604894369,0.1299310425379,0.925670664332339,71.5706307883729,5.06743157040424e-16,204.767100775107,5.45210161965295,144.853037990571,4.03666862385242,11.9420873235908,8.76713461579816,62.4598953843514,4.82209619171249,1.18156928039209e-17,0.289610546774484,0.657015215666215,0.32605483589611,0.0565806447533706,1.4278348002996,0.169982777592477,2.71090349426069,10,1e-05,145.65648749222,5.70903499096904,9.29848831229215,9.71499631504675,0.768635138088522,25.5990532519216,18.7932259926818,10.4600785069554
"194",50.6,0.1,0.466,52168859360957685760,0.291812087492632,4,1.05981085313999,4.0969556159317e-25,2.99054265698305,0.0790602766220011,2.12794623492955,0.0593000337531516,0.174567536177918,0.129350199783914,0.899115692439983,69.8940295328812,2.7019230456683e-23,197.224887976217,5.21398822509131,140.337057832435,3.91080946016331,11.5126472737584,8.53058511053645,59.2962589264747,4.73456341325083,6.30543825774202e-25,0.279255668375163,0.627754545307087,0.315957243305368,0.0549489339936575,1.3789092025501,0.16568714621989,2.60293117156972,10,1e-05,146.497352876166,5.67561372708609,9.28679537228862,9.65803483634077,0.763534534102169,25.249448432774,18.7092128967453,10.1600073245718
"195",50.6,0.1,0.471,52728611070839209984,0.285146089270405,4,1.05894120651571,6.09069224370878e-17,2.94706032618612,0.0773549456028776,2.10922087448633,0.0587808625583315,0.172167268874124,0.128764839962441,0.873174626743114,68.241365299984,3.92502578778951e-15,189.917456269441,4.98498601071111,135.924554931406,3.78801607663356,11.0949780928799,8.29799466448525,56.2700065949034,4.64730224934805,9.16752185065264e-17,0.269211605237422,0.599649327546365,0.306091365839096,0.0533508371624734,1.33125666159653,0.16145742523761,2.49855381022964,10,1e-05,147.329893148811,5.64196976761371,9.27481281519643,9.60114240983993,0.758488352410575,24.9022737699533,18.6245464521675,9.86687328219719
"196",50.6,0.1,0.476,53288362780720726016,0.278566204095866,4,1.05808483234302,1.29445832346897e-17,2.90424161552454,0.075684966395472,2.09058071360827,0.058266815828958,0.169783899717475,0.128174918601957,0.847838081993384,66.6127486307282,8.14938691855652e-16,182.839325150745,4.76481987787562,131.61452022657,3.66824345051102,10.6889087601612,8.06937532096511,53.3764621786725,4.56035626548525,1.90501189126035e-17,0.259471458715001,0.572662362895571,0.296454768001866,0.0517861904148188,1.28486043198023,0.157293953037873,2.39768489599462,10,1e-05,148.154190737078,5.6081180135464,9.26254252480315,9.54431924325018,0.753495680425481,24.5575432551356,18.5392202265871,9.58057032652524
"197",50.6,0.1,0.481,53848114490602242048,0.00121185709803871,-1,0.994986105972783,0.00674968211331316,0.0866958734863125,0.0130717828364241,0.0828772866585418,0.00283579750494671,0.0053460990146825,0.00704756461045008,0.00539326964181569,0.272506500343902,0.00184860094034631,0.0237442401820422,0.0035800960160411,0.0226984067513555,0.000776667381703252,0.00146418801653393,0.00193018491053564,0.00147710709393806,0.0293138018007743,4.64368347564759e-05,3.79725273604305e-05,0.000409082920003292,0.000544770310230924,-3.2335427645903e-05,0.00940416129387732,0.00201034995070913,0.0192097067424513,10,1e-05,220.644683889173,2.88109018468882,0.116892473719863,0.0745997436039416,0.429593014422558,0.773259761483677,1.0193597452555,0.0609439469525173
"198",50.6,0.1,0.486,54407866200483766272,0.265661358718558,4,1.05641040035514,1.85082208245212e-20,2.82051999471829,0.072447184805142,2.05354285122218,0.0572533874161497,0.165066097349264,0.12698128604022,0.798913907120714,63.4263174449445,1.11122371472542e-18,169.342517344277,4.34969036645107,123.293618393597,3.43746286844043,9.91048051623959,7.62388874176805,47.9663652186539,4.38747990570231,2.60189572570774e-20,0.24086615127264,0.521870372108162,0.277850335560058,0.0487548376161619,1.19572071684896,0.14916300293132,2.20602182842446,10,1e-05,149.779087658515,5.5397911854052,9.2371558294075,9.43084100031647,0.743663746572644,23.8751603205975,18.3665732128574,9.02772715046407
"199",50.6,0.1,0.491,54967617910365282304,0.00335248160049185,-1,0.987617270672371,0.0151647103023156,0.139492021221371,0.0102600077359946,0.127538909419449,0.00363885383966117,0.0107652532199531,0.00920527914423045,0.0144511770341802,0.748278932586105,0.0114897071719583,0.105687642210575,0.00777360609721669,0.0966312374616629,0.00275701706302156,0.00815641081586345,0.00697447954460382,0.0109490909554339,0.080198534301968,0.000288455177621644,0.000163719663942776,0.000882933476705905,0.00122652130423242,-0.000108384641928477,0.0350526956062597,0.0048605303671787,0.0407332952302554,10,1e-05,220.051997355983,2.1228037877513,0.140799488402225,0.153843023324422,0.476944007256217,1.55708622573402,1.33145157542149,0.163298300486236
"200",50.6,0.1,0.496,55527369620246806528,0.253094761653484,4,1.05478505689437,0,2.73925284472067,0.0693405578190047,2.01681156897484,0.0562585727073546,0.160411752082033,0.125768795851075,0.752234720828484,60.3330894008961,0,156.683663360565,3.96623942163127,115.360444197027,3.21795751137529,9.17545856007409,7.19390169051844,43.0273868268767,4.21612516329532,0,0.22337459722873,0.475065902221652,0.26011167898922,0.0458510255083096,1.11129127692701,0.141290887196857,2.02714181399477,10,1e-05,151.373719664469,5.47066325266082,9.21064750703524,9.31753795114897,0.734024826269042,23.2019558211452,18.1911986318995,8.50025234536187
"201",5.06,0.1,0.001,0.0124571813646177,0.705779379589773,4,0.0295964854190167,1.24340257843363,13.6499531924537,0.685721821279184,3.02108523773903,0.136102232322322,0.345308175385542,0.0745535060300085,11.1006548389019,4.72082114045813,198.33034548751,2177.25134200547,109.376840680152,481.881644240116,21.7091416941663,55.0787740927399,11.891741954455,1770.62260246434,0.125562837047618,40.5042115807157,3.43671776062668,19.285354934059,1.32341502199598,0.185809031711438,9.24258967037184,0.323596943021446,51.0101419000422,10,1e-05,20.5411535786636,4.44825199358542,4.07755560375465,9.51386590846021,1.25297963680713,49.9453744877648,10.7834191121804,125.437399679592
"202",5.06,0.1,0.006,0.0747430881877061,0.7292871822194,4,0.173938695808682,1.10036499056266,13.7151843185733,0.688545505733007,3.03561933568368,0.13677631177955,0.347077326790653,0.0748587269475704,11.1536484456155,28.6683850640222,181.360950843953,2260.52163632052,113.485315045523,500.327449384195,22.5433216887278,57.2049043208317,12.3381332690683,1838.33210327934,0.756343400194337,37.0027425907173,3.59192661960812,20.2600769445092,1.38780281192889,0.189746272800893,9.57847074649621,0.335013182789641,52.934104866411,10,1e-05,19.6651016757804,4.36781137311278,4.08049966724075,9.54997602112158,1.27155301456641,50.201264547,10.8275662656966,126.036227435456
"203",5.06,0.1,0.011,0.137028995010795,0.752966413862761,4,0.312281305913029,0.963150987021913,13.7716146560879,0.69097002009209,3.04828814193104,0.137363113279363,0.348625926705424,0.0751217528622547,11.1993936529674,53.1410377167152,163.899797903617,2343.52130595693,117.582651294085,518.728441486943,23.3751372414748,59.325816721278,12.7834994494055,1905.80540444657,1.39214782375911,33.4121791628442,3.74724320746838,21.2314905616462,1.45226257437616,0.193896893200282,9.91529360012656,0.346466410135359,54.8621680449757,10,1e-05,18.9084277416055,4.2954466065739,4.08245363108747,9.58143112059874,1.28822820671388,50.4252540386725,10.8656103339965,126.553148278532
"204",5.06,0.1,0.016,0.199314901833883,0.77679777464684,4,0.444590443908577,0.831824934120291,13.8207689014049,0.693067270963162,3.05940230299779,0.137877294332233,0.349989903060242,0.0753499802290437,11.2391590795644,78.0506520453799,146.03210524481,2426.32301099342,121.672323710832,537.09733956229,24.2052272430229,61.4429313932093,13.2281635133226,1973.10515019108,2.03216696439332,29.7480259220186,3.90262674506935,22.1997524671963,1.51676614991231,0.198229306022559,10.2529920467895,0.35795445676714,56.7939835409083,10,1e-05,18.2502143147183,4.23020611878178,4.08365274826196,9.60901776210222,1.30325073827117,50.6225395786333,10.8986211403289,127.002497599077
"205",5.06,0.1,0.021,0.261600808656971,0.80075005541903,4,0.570877688108506,0.706399307533348,13.8638497860205,0.694893512275113,3.06920867637409,0.13833048318673,0.351197894337673,0.0755492505051446,11.2739435952662,103.311456928225,127.836738332096,2508.9341374918,125.754540173004,555.433198000001,25.0336001096088,63.5561117379899,13.6721110355225,2040.2400766663,2.67537051046781,26.0248495079154,4.05796073068696,23.1645317775484,1.58125734265415,0.202714141171139,10.5913022179326,0.369468267232033,58.7281081308995,10,1e-05,17.674009732818,4.17125862236583,4.08427662882576,9.6333588033456,1.31682653831917,50.797263437001,10.9274435930641,127.395562626508
"206",5.06,0.1,0.026,0.32388671548006,0.824815010789315,4,0.691349784202997,0.586687485332614,13.9018634730457,0.696495248269543,3.07791612948985,0.138732493763163,0.352274297345491,0.0757244263976744,11.3045804020417,128.873263615948,109.363353667074,2591.42124153566,129.83242027185,573.748782175154,25.8608733948608,65.6668150106752,14.115653448224,2107.26639901898,3.32141347874886,22.2515297463091,4.21327486996265,24.1263767557134,1.64574287724478,0.207330115845422,10.9302589443176,0.381008804866324,60.6648229500628,10,1e-05,17.1661045294602,4.11781585723166,4.08446344386407,9.65497794630847,1.32914429473596,50.9529543680518,10.9527810341596,127.741758543071
"207",5.06,0.1,0.031,0.386172622303148,0.848970694641309,4,0.806183181918143,0.472528787417389,13.9355984656427,0.697908705275561,3.08568922496274,0.139091048193742,0.353238380776534,0.0758793208384731,11.3317215563427,154.680252487228,90.6628589935369,2673.7867243739,133.905912658966,592.043097796623,26.6870345795749,67.7749215714125,14.5587662569797,2174.18769178446,3.96963010896153,18.4374396717734,4.36850357079449,25.0852054723917,1.71019177092042,0.212056782987296,11.2696806134334,0.392569616968682,62.603175978442,10,1e-05,16.7157767105809,4.06922308826928,4.08431786312277,9.6742864931757,1.3403579017102,51.0923993955179,10.9751849660767,128.048453586673
"208",5.06,0.1,0.036,0.448458529126237,0.873207254615695,4,0.915636946169676,0.363677262273674,13.965710421858,0.699163748725869,3.09266579645902,0.139412608527178,0.354106369790217,0.0760170809892701,11.3559082369779,180.696226221632,71.7698309688892,2756.06088230763,137.976357806692,610.321635362785,27.5123588600876,69.8810647274567,15.0015786503659,2241.02988889311,4.61971179408073,14.5888030116136,4.52365301340583,26.0413445135241,1.77460382017881,0.216878731077078,11.6095366370914,0.404149329470188,64.5430822274088,10,1e-05,16.3141389314439,4.02489151862601,4.08391989664398,9.69162716978246,1.35060348630784,51.217945326457,10.995110594288,128.32176307785
"209",5.06,0.1,0.041,0.510744435949325,0.897514440323229,4,1.01997395020852,0.259880644323902,13.9927297353603,0.700284305377467,3.09895916831559,0.139702446610254,0.354891652119417,0.0761402967808875,11.3775763423425,206.889744888843,52.7137386153128,2838.2610013279,142.044452468208,628.587496398979,28.3370016789484,71.9856064511798,15.4441655824035,2307.8078282679,5.27135968519922,10.7109509252805,4.67871807444089,26.9950124171853,1.83897577388189,0.221782763035148,11.949772470736,0.41574587027941,66.4842946884315,10,1e-05,15.9539958179464,3.98431781314373,4.08333330208528,9.70728246261822,1.35999680729734,51.3315285625524,11.0129325263876,128.56661266847
"210",5.06,0.1,0.046,0.573030342772414,0.921883628935274,4,1.11946293665784,0.160878997082016,14.0170966967734,0.701290284273607,3.10466139734413,0.139964921683858,0.355605136412111,0.0762509951508067,11.3970898185662,233.235289318055,33.5184472847727,2920.40182521053,146.110815277924,646.842852525343,29.1610896031758,74.0888011189381,15.8865669710187,2374.53465780047,5.92433606973688,6.80819019856886,4.83370010499819,27.9464401163746,1.90330580090102,0.226757909675752,12.290345676035,0.427357288267556,68.4266817852397,10,1e-05,15.6294307597308,3.94706630607806,4.08260236818554,9.72147857739482,1.3686361253458,51.4347269306477,11.0289439386127,128.787114949798
"211",5.06,0.1,0.051,0.635316249595502,0.946307523467838,4,1.21436952142733,0.0664138956703945,14.039170854491,0.702197655045555,3.10985094099244,0.140203653521318,0.35625615674088,0.0763509558562028,11.4147424676256,259.711745253659,14.2036410246687,3002.49429864528,150.175852808425,665.089827365378,29.9847245047476,76.1909011976728,16.3288353728549,2441.21960867701,6.5784450716658,2.88407014647292,4.98859948938025,28.8958188941315,1.96759427170512,0.231794956190716,12.6312171857426,0.438982117377639,70.3700677515033,10,1e-05,15.3355711383725,3.9127621792916,4.08176626345681,9.73441087255703,1.37660689789749,51.5288905110009,11.0434022550412,128.98658988417
"212",5.06,0.1,0.056,0.697602156418591,0.970512878037672,4,1.27866786639635,1.21507164889461e-24,13.9333933093911,0.693219149914549,3.14997712689764,0.140068853043321,0.361144329649222,0.0787401965346724,11.2627270326331,280.457780621958,2.66508846355894e-22,3056.09350698532,152.047853378534,690.903100982288,30.7221294060552,79.2119203425967,17.2705526948824,2470.32048770052,7.12718128660869,5.41356492284792e-23,5.04136012909003,29.0346222102209,2.03258861320204,0.237299373787846,12.8781893363469,0.455323458796864,70.4622510607007,10,1e-05,15.6790832036754,3.94494931818322,4.19055412363371,9.89518189964478,1.39651816599906,52.2359158404635,11.388982026775,127.268815468754
"213",5.06,0.1,0.061,0.759888063241679,0.989660037874527,4,1.26996724442333,2.8421833036535e-17,13.4983622215974,0.6591621798166,3.27395406632063,0.138944148087117,0.375657889304088,0.0871325990007756,10.6800517131848,284.044897854682,6.35691723322457e-15,3019.08646484826,147.430301732462,732.262940192001,31.0766884139849,84.02083381618,19.4883531773503,2388.73420655176,7.36188033193473,1.2942623527804e-15,4.82094849922696,27.0537841868357,2.08736812079812,0.243110180679714,12.8314048999093,0.482627306585685,65.8034608330178,10,1e-05,17.7638064358557,4.14915140776586,4.59155978322027,10.4300046614969,1.44287712231203,54.3351571089433,12.6028591194722,120.684584358988
"214",5.06,0.1,0.066,0.822173970064768,1.00284730809605,4,1.26174024868833,1.11116818173197e-17,13.0870124342114,0.62776031577358,3.37860467218555,0.137783253838627,0.387116435250689,0.0950092317195089,10.1420498076415,285.96521549246,2.51839036495566e-15,2966.08619309108,142.277789873492,765.738759740575,31.2276777380886,87.7374205524617,21.5332240139655,2298.62958068628,7.564055325834,5.13981273208465e-16,4.61018006895924,25.2199945695141,2.12433644734949,0.247736991573429,12.7329654658488,0.506761115915768,61.5991328413545,10,1e-05,19.9441981865651,4.34763597320998,4.97786852085305,10.9123831164091,1.47809490697276,55.9925211946596,13.7421352759098,114.605162826349
"215",5.06,0.1,0.071,0.884459876887856,1.01112988328863,4,1.25397237799654,3.24642768731111e-18,12.6986188952009,0.598893384219669,3.46509573250733,0.136579109287164,0.395850201636454,0.102283969447034,9.6467776529619,286.551941391644,7.41858570978148e-16,2901.82938736348,136.856333477571,791.827576652264,31.2104234563022,90.4578488087817,23.3734574481768,2204.43680669128,7.73971872115234,1.51786642240451e-16,4.40979622386321,23.5344374323431,2.14569849172045,0.251341012607986,12.5914551630167,0.527596800246104,57.8085436335196,10,1e-05,22.2108195394002,4.5395998594818,5.34600939009759,11.3414981890775,1.50335905886858,57.2557731646967,14.794353340819,109.008587478469
"216",5.06,0.1,0.076,0.946745783710944,1.01540665379556,4,1.24663956569006,4.19191060993812e-20,12.3319782791385,0.572389561458444,3.53494102936589,0.135326428765838,0.402211472232316,0.108908560033148,9.19143173470563,286.081220834348,9.61967627151107e-18,2829.9658525965,131.353046254574,811.20499709043,31.0549665019285,92.3002543610982,24.9925436919271,2109.26725274008,7.89370540367989,1.97331033106952e-18,4.22005499986608,21.9921013388781,2.1537500061712,0.254053208962866,12.4152288029969,0.545144727613072,54.3891401140056,10,1e-05,24.5528163955912,4.72422656700001,5.69346760789678,11.7179858115059,1.51992357320416,58.1758673436822,15.7525341231945,103.863178602174
"217",5.06,0.1,0.081,1.00903169053403,1.01642972308677,4,1.23971394324452,9.49580190675882e-17,11.9856971509933,0.548053960548294,3.58983249493024,0.134023082207009,0.40654745069633,0.114866743327494,8.77282263596875,284.778554608778,2.18131025838165e-14,2753.27185697805,125.895183790617,824.631613417463,30.7868600196887,93.3892822776362,26.3863976973672,2015.23243626016,8.02976431522503,4.48645214235094e-15,4.04088420883216,20.584446709621,2.15071079862889,0.255979348506112,12.2119817359851,0.559524024251573,51.299604645397,10,1e-05,26.9577092916655,4.90072014017822,6.01858290413605,12.0437061167358,1.52903678800508,58.8030232687172,16.6143257548888,99.1328957864469
"218",5.06,0.1,0.086,1.07131759735712,1.01482033821057,4,1.23316161431565,9.95731808642651e-17,11.6580807136832,0.52566790447782,3.6315530635357,0.132669363363631,0.409185510099735,0.120172368764556,8.38734806771796,282.82487195083,2.28370489323909e-14,2673.77377528062,120.561616617549,832.894503245726,30.4276384129426,93.8464497715627,27.5614602443859,1923.63321702631,8.15082484551123,4.70975880859929e-15,3.87185154800255,19.30011772794,2.13861585127236,0.257207076498698,11.9883240158176,0.570942502462539,48.499149597708,10,1e-05,29.4137667579818,5.06850661373174,6.32073180471256,12.3217402958473,1.53189777307182,59.1845921808257,17.3817314181054,94.777033165213
"219",5.06,0.1,0.091,1.13360350418021,1.01108593934715,4,1.22695318606025,1.62920931434699e-25,11.3476593215373,0.505031235658037,3.66181444950875,0.131269238192539,0.410417646408084,0.124855153361438,8.03171072713423,280.365455913772,3.72283162377661e-23,2593.00168529881,115.402375774921,836.744457141615,29.9957327071951,93.7826576087554,28.5300795442449,1835.28945143466,8.25900822032485,7.69876574718928e-24,3.71247609229105,18.1279081433757,2.11926459693101,0.257808850856073,11.7499409314827,0.57964975493205,45.9522746264234,10,1e-05,31.907632134396,5.2270617987763,6.59981188247963,12.5556966962716,1.52960842906408,59.3628083764653,18.0590493821984,90.7583312166168
"220",5.06,0.1,0.096,1.1958894110033,1.0056394269973,4,1.22105947352982,8.79646172232711e-17,11.0529736895672,0.485950764322604,3.68223806903187,0.129828620809062,0.410499868728479,0.128958883071511,7.70271401668952,277.515694139576,1.99921153208612e-14,2512.05918488114,110.444222089197,836.878854688805,29.5067362434503,93.2961567261502,29.3090670248837,1750.63055767531,8.35590424477185,4.14577158640918e-15,3.56215626367636,17.0564430804858,2.09420263193333,0.257847978273671,11.5014688933088,0.585923714575866,43.626721581566,10,1e-05,34.4267547529211,5.37607067059865,6.85635647458284,12.7496756026685,1.52316019118315,59.3747010128872,18.6526128474633,87.0406683885916
"221",5.06,0.1,0.101,1.25817531782639,0.998815146538637,4,1.21545363080185,1.59146614947687e-25,10.7726815532417,0.46825015098842,3.69430175568043,0.12835483139173,0.409650609791314,0.132534355386019,7.3974292586262,274.36705017742,3.59245191938031e-23,2431.74135595263,105.69914755783,833.922948177484,28.9738214379568,92.4713428497278,29.9172746807617,1669.83815190585,8.44268607670849,7.47034630042372e-24,3.42026060261728,16.0749868425875,2.06472735657487,0.257380869973434,11.2466279016874,0.590047150500339,41.4942338218267,10,1e-05,36.9593489959765,5.51539337641163,7.09132336430945,12.9079297969997,1.51342042114236,59.2518642002156,19.1697691630338,83.590950622476
"222",5.06,0.1,0.106,1.32046122464948,0.990883329943648,4,1.21011142242747,7.33770092576829e-17,10.5055711147435,0.451771904502284,3.69932073291154,0.126855828013313,0.408053008222757,0.135634873663791,7.11323017173917,270.991907303857,1.64320204920503e-14,2352.61373534494,101.169634298455,828.424525676674,28.4080475143174,91.3792407293711,30.3740237715766,1592.93415102565,8.5202270756068,3.42643914773248e-15,3.28616380943514,15.1737110897927,2.03190894674386,0.256458934855943,10.9883511526792,0.592293326363843,39.5303866051752,10,1e-05,39.4947027045332,5.64504928873295,7.30595383385312,13.0346465966439,1.50113142948163,59.0207871093395,19.6182281267307,80.3795009406526
"223",5.06,0.1,0.111,1.38274713147256,0.982062319995131,4,1.20501120479811,1.66382911559787e-17,10.2505602374958,0.436377523807932,3.69844351670533,0.125339591722758,0.405858530273701,0.138313001637176,6.84779693458381,267.44751846534,3.69280357182726e-15,2275.0717067872,96.8522826939479,820.85505660737,27.8186315929957,90.0787115816715,30.6980291237647,1519.84171584184,8.58919169771602,7.72156301904639e-16,3.15926886872193,14.3438004694042,1.99661771486311,0.255129731957726,10.7289175511397,0.592916808461197,37.7142625185331,10,1e-05,42.0233683838101,5.76519394763608,7.50165066612566,13.1337952331943,1.48691604374045,58.7033778187881,20.0055925568011,77.3801053607971
"224",5.06,0.1,0.116,1.44503303829565,0.972528712995743,4,1.20013376960778,1.00406359594677e-16,10.0066885018938,0.421946473447301,3.69265892463942,0.123813672834709,0.403191238861442,0.140618486840381,6.59910120999357,263.779188385741,2.2068463294143e-14,2199.3849671617,92.7402437351039,811.615003921672,27.2131915278668,88.6180027963635,30.9067466228444,1450.42628191051,8.65010195938293,4.62710046693694e-15,3.03901938134526,13.5774559270279,1.95955408357626,0.253437367515806,10.4700754023578,0.592148548989065,36.0280510027323,10,1e-05,44.5372247551216,5.87609059157721,7.67988615476041,13.2090280586266,1.47128794427474,58.317580788919,20.3390579365928,74.5698436729273
"225",5.06,0.1,0.121,1.50731894511874,0.962425615888036,4,1.19546209937227,1.61028357668085e-17,9.77310499277887,0.408374538460751,3.68280877492735,0.122284938131478,0.400151992211096,0.142597034663164,6.36538064956467,260.02279648057,3.50249864847369e-15,2125.73036974988,88.8248063721844,801.041067770055,26.5979754582742,87.0363352268852,31.0160227935478,1384.52241859631,8.70338511896118,7.36360255564382e-16,2.92490433897485,12.867837802101,1.92127684171166,0.251422902610535,10.2131498248153,0.590193932226252,34.45663057868,10,1e-05,47.0294602151461,5.97808408403289,7.84213270408347,13.2636367989081,1.45466550142809,57.877984153413,20.6252350936801,71.9288013400808
"226",5.06,0.1,0.126,1.56960485194183,0.951869306608819,4,1.19098110765204,2.92637805145464e-20,9.54905538205257,0.395571922210671,3.66960388545042,0.120759408063193,0.396822413271052,0.144289759487455,6.14510916440353,256.206789614239,6.29529654957227e-18,2054.21631591409,85.0964063157411,789.414227149835,25.9780613284302,85.365415032977,31.0399684889815,1321.95102065452,8.74940642959648,1.32705592318286e-18,2.81645941714722,12.2089773203439,1.88222870840407,0.249124273907531,9.95913427581259,0.587232968418225,32.9871701641299,10,1e-05,49.494494176178,6.07157415029978,7.98981357553686,13.3005361437945,1.43738373112422,57.396393855525,20.8700708122655,69.4397335577599
"227",5.06,0.1,0.131,1.63189075876492,0.940954538762792,4,1.18667737261566,2.36556022441428e-25,9.33386864602118,0.383461330598356,3.65364039201724,0.119242211195791,0.393268263806616,0.145733100737901,5.93696636625827,252.353737917017,5.03049926352731e-23,1984.90061107179,81.5452475594387,776.967549231905,25.3575389631148,83.6307480583249,30.9909783047304,1262.52989143168,8.78849139350342,1.06323169909128e-23,2.7132645350054,11.5956780932881,1.84275813178599,0.246576517345169,9.70876120504653,0.583421796519338,31.6087682662246,10,1e-05,51.9278739601145,6.15699678876632,8.12427031591051,13.3222734208039,1.41970813909158,56.882321676989,21.0788356907299,67.0877199387185
"228",5.06,0.1,0.136,1.69417666558801,0.929758835368906,4,1.1825389374715,2.43749291667551e-16,9.12694687193743,0.371976109661343,3.63541795596686,0.117737647325218,0.389542604786186,0.146959113435522,5.7398081916956,248.481581713706,5.12179410046769e-14,1917.80424567257,78.1616648378558,763.894004049085,24.7396816354944,81.8528333528817,30.8798567189527,1206.08004777871,8.82093722666312,1.08533624441563e-14,2.61494122705553,11.0234169278897,1.80313907146978,0.243811726034154,9.46256322646543,0.578895108666513,30.3121280519161,10,1e-05,54.3260980279648,6.23480170407123,8.24675041561182,13.3310612263184,1.40184754368813,56.3434423562739,21.2561661673139,64.8598325661603
"229",5.06,0.1,0.141,1.75646257241109,0.918345812957616,4,1.17855507272689,7.61095643467499e-22,8.92775363564013,0.3610587500458,3.61535167304879,0.116249200732995,0.385688002412857,0.147995566691546,5.55264251686644,244.604572301586,1.57962473421137e-19,1852.92092851204,74.9363548419972,750.35233411689,24.1270744861363,80.0480614399865,30.7159106356885,1152.42959740453,8.84702532310759,3.35584516704513e-20,2.52114824001928,10.4882535100332,1.76358436127465,0.240859223270456,9.22091823648595,0.573767934796714,29.089303611603,10,1e-05,56.6865452300315,6.30544498164182,8.35839485746312,13.3287999538027,1.38396310439327,55.7859126689956,21.4060787662652,62.7448604405908
"230",5.06,0.1,0.146,1.81874847923418,0.906767905475553,4,1.17471613168912,4.25941643093528e-16,8.73580660457585,0.35065937136948,3.59378806347276,0.114779655639617,0.381738727754826,0.148866653462415,5.37460491948346,240.734044294779,8.72880278131778e-14,1790.22488698839,71.8604659989296,736.473358558642,23.5217427934322,78.2295444127629,30.5071758034908,1101.41534950529,8.86702295266645,1.85903727834242e-14,2.43157818253794,9.98674675127022,1.72425973662765,0.237745549352894,8.98408308339335,0.568138852279475,27.9334604820351,10,1e-05,59.0072879776885,6.36937522130684,8.46024111587055,13.3171194353427,1.36617822942472,55.214689582458,21.5320727568037,60.7330355901631
"231",5.06,0.1,0.151,1.88103438605727,0.895068432992006,4,1.17101337427729,1.11729799516781e-18,8.55066871494341,0.340734554957595,3.57101466165996,0.113331196969359,0.377722297381341,0.149593150522513,5.20493951035414,236.878985939514,2.26013145452712e-16,1729.67600438431,68.9256481828999,722.364364413183,22.9252539749868,76.4077308900562,30.2605201423422,1052.8836136053,8.88118831513656,4.82538155963244e-17,2.3459528668873,9.51588193331772,1.68529253144276,0.234494785941357,8.75222416816858,0.562091535331856,26.8386903307757,10,1e-05,61.2870166995416,6.42702966001441,8.55322783033274,13.2974164122879,1.3485865411317,54.6337530932372,21.6371532915763,58.8158164670018
"232",5.06,0.1,0.156,1.94332029288036,0.883283413349454,4,1.16743889479485,2.90712744772437e-24,8.37194462339736,0.331246345551298,3.54727151764889,0.111905465645302,0.373660927428047,0.150193110075425,5.04298338132814,233.046547082915,5.80326744845338e-22,1671.22476007191,66.1240750233268,708.113617286084,22.3387986168872,74.5909608675567,29.9818567419521,1006.69068784245,8.8897708012156,1.24197803158815e-22,2.26402125224432,9.07300936039221,1.64678075818371,0.231128674569372,8.52543835373301,0.555697659669348,25.7998653490004,10,1e-05,63.5248953193363,6.47881944378369,8.63819125622069,13.2708771915924,1.33125712143633,54.0463165431927,21.7239314413094,56.985712209008
"233",5.06,0.1,0.161,2.00560619970345,0.871442748048569,4,1.16398543213157,0,8.19927158225093,0.322161383334223,3.52275712904345,0.110503652484214,0.36957235565872,0.150681964021561,4.88815086244718,229.242345988343,0,1614.81424167712,63.4484154729862,693.793140632536,21.763259089396,72.7858197232721,29.6762192866769,962.702058221012,8.89301279540173,0,2.18555461597971,8.65579226373181,1.60879788182534,0.227666529262855,8.30376659258291,0.549017836041152,24.8124962308276,10,1e-05,65.7205203368299,6.52514693875057,8.71588941194963,13.2385141013921,1.31423977682903,53.4549455224773,21.7946392760786,55.2361047456531
"234",5.06,0.1,0.166,2.06789210652654,0.859571488919109,4,1.16064638605081,5.25661955233394e-17,8.03231930297534,0.31345019525876,3.49763807571152,0.10912660485796,0.365470978613572,0.151073133764195,4.73992341017176,225.47083052958,1.0211675067335e-14,1560.38370177748,60.8918243351661,679.462212867331,21.1992787173683,70.9975459130517,29.3479438267323,920.792483207917,8.89114833331468,2.19564082028412e-15,2.11034539957513,8.26216055807498,1.57139948399626,0.224125778546626,8.08721119905702,0.542104051624191,23.872639730752,10,1e-05,67.8737824398523,6.56638268655074,8.78699687577839,13.2011930597183,1.29756998687508,52.8617223466671,21.8512180676531,53.5611345349409
"235",5.06,0.1,0.171,2.13017801334963,0.847690587953267,4,1.15741566715708,3.27130431813106e-16,7.87078335825076,0.305086646655107,3.4720520731635,0.107774843909749,0.361368276427941,0.151378120424743,4.59783953900763,221.735463032107,6.26710177063192e-14,1507.86950780949,58.4479118268254,665.169045106777,20.6472969008963,69.2302379971064,29.000728586781,880.845238282772,8.88440536310033,1.35055069732284e-14,2.0382037180946,7.89027413658731,1.53462567111393,0.220522002660501,7.87574260149546,0.53500042181193,22.9768128759222,10,1e-05,69.9848607605719,6.60287799511069,8.85211560933077,13.1596487250448,1.28127127658989,52.2683075025374,21.8953313382348,51.9555867907863
"236",5.06,0.1,0.176,2.19246392017271,0.835817645257909,4,1.15428766764583,0,7.71438338784243,0.297047394202092,3.44611452058546,0.106448654853165,0.357273510968692,0.151606915467698,4.46148613924472,218.038924072768,0,1457.20681327256,56.1107045027499,650.953071197971,20.1075960730952,67.4871040510984,28.637756130572,842.751477671477,8.87300363743373,0,1.96895583130169,7.5384896924079,1.49850513395227,0.216869034520362,7.66930805234606,0.527744726972613,22.1219172645307,10,1e-05,72.054128540826,6.63495904151446,8.91178514250008,13.114510931972,1.265358064873,51.6760406265116,21.9284242532479,50.4147933734654
"237",5.06,0.1,0.181,2.2547498269958,0.823967473902447,4,1.1512571990192,2.40803143407165e-24,7.56285995074477,0.289311545353288,3.41992108600338,0.105148106638362,0.353194057786954,0.151768125407897,4.33049250740456,214.383257855855,4.48415544584993e-22,1408.33043765505,53.874626522197,636.846244828662,19.5803280776106,65.7706139238082,28.2617517539435,806.409803689991,8.85715632604548,9.7056018659272e-23,1.90244215473751,7.20533551843232,1.46305699714197,0.213179187905258,7.46783737903891,0.520369172090875,21.3051885982792,10,1e-05,74.0821354689278,6.66293084943727,8.96648593067918,13.0663147986334,1.24983744232023,51.0859885183051,21.9517416589982,48.9345653336715
"238",5.06,0.1,0.186,2.31703573381889,0.8121525692076,4,1.14831945542671,9.21649371116457e-17,7.41597277168948,0.281860260345201,3.39355223514399,0.103873124018348,0.349135852218728,0.151869265876439,4.20452379824284,210.769994695068,1.69165498453341e-14,1361.17570277248,51.7344588188945,622.874569631799,19.0655463467453,64.0826569403149,27.8750692691402,771.725545938457,8.8370681186033,3.66920663286697e-15,1.8385155673449,6.88948755815845,1.42829340467765,0.20946346752743,7.27124773985247,0.512901434370193,20.5241416296097,10,1e-05,76.0695413307525,6.68707613384259,9.0166502594287,13.0155208382383,1.23471223470955,50.4990096649168,21.9663706163681,47.5111189201441
"239",5.06,0.1,0.191,2.37932164064198,0.800383485758159,4,1.14546996996335,3.06258681791121e-16,7.2734984982481,0.274676514630434,3.36707490387617,0.102623494643852,0.345103594018014,0.15191685756792,4.08327694015827,207.200245910267,5.53981124283029e-14,1315.67890646071,49.6853194492928,609.05895953235,18.5632219822029,62.4246391612843,27.4797341452741,738.610359333633,8.81293661945553,1.20407708306072e-14,1.77704048296971,6.58975102231368,1.3942205423041,0.205731516655091,7.07944701835584,0.505365218330007,19.7765370034045,10,1e-05,78.0171078412981,6.70765699793194,9.06266452451137,12.9625230797915,1.21998001492589,49.9157838387655,21.9732542786239,46.1410294237885
"240",5.06,0.1,0.196,2.44160754746507,0.78866914941832,4,1.14270458009226,3.48868409835004e-22,7.13522900344507,0.267744861255652,3.34054474084303,0.101398905669013,0.341100975149688,0.151916562514322,3.96647652773593,203.674781923219,6.21820359618297e-20,1271.77770752574,47.7226373092024,595.416114934121,18.0732626430199,60.7975744017764,27.077490787804,706.981713265693,8.78495221409832,1.35426623820755e-20,1.71789122658535,6.30504427562496,1.36083996193258,0.201991955594714,6.89233667852189,0.497780837445935,19.0603476136122,10,1e-05,79.9256716433236,6.72491692767816,9.10487497853672,12.9076591574885,1.20563588711415,49.3368450456509,21.9732116020716,44.821184763416
"241",5.06,0.1,0.201,2.50389345428816,0.777017114490807,4,1.14001940364768,4.44089209850063e-21,7.00097018230599,0.261051212135137,3.31400835757733,0.100198957728508,0.337130912267877,0.151873348270337,3.85387123491408,200.194096771803,7.79846711096088e-19,1229.4114448303,45.8421246667913,581.959313777113,17.5955249320772,59.2021664362649,26.6698511300829,676.762402885287,8.75329773587047,1.7018037453588e-19,1.66095128207895,6.03438438263394,1.32814973823053,0.19825238268351,6.7098143049784,0.490165814903557,18.3737293131498,10,1e-05,81.7961171950854,6.73907999710606,9.14359154609138,12.8512175720063,1.19167249128753,48.7626151504258,21.9669610938216,43.5487449545291
"242",5.06,0.1,0.206,2.56617936111124,0.765433776207034,4,1.13741080908077,4.44089209850063e-22,6.87054045402219,0.254582686106467,3.2875045178977,0.0990232058121363,0.333195633258853,0.151791553565202,3.74523098259378,196.758459056707,7.68221190762429e-20,1188.52128169302,44.0397582130491,568.698941419659,17.1298296366616,57.6388573425101,26.2581223414344,647.880142393001,8.71814868077599,1.67969119872124e-20,1.60611225903375,5.77687603234061,1.29614509742349,0.194519505968475,6.53177439685279,0.482535208327853,17.7149989225868,10,1e-05,83.6293623442228,6.75035493608981,9.17909526274785,12.7934496115258,1.17808103994777,48.1934163945605,21.9551303076709,42.3211101033098
"243",5.06,0.1,0.211,2.62846526793433,0.753924547450028,4,1.13487539606334,4.0602657914989e-16,6.7437698030362,0.248327460991804,3.26106548413381,0.0978711502391548,0.329296840265441,0.151674991714875,3.64034456163075,193.367954781965,6.91816295160476e-14,1149.05035289064,42.3117581143712,555.642994168691,16.6759665594579,56.1078835078893,25.8434388843159,620.267198518857,8.67967353835752,1.51551137766445e-14,1.55327320514039,5.53170097392671,1.26481910724425,0.190799237731443,6.35811052318562,0.474902018732486,17.082614942109,10,1e-05,85.42634750946,6.75893392843479,9.2116379071057,12.7345698659487,1.16485146558269,47.6294949759934,21.9382708016395,41.1358935464275
"244",5.06,0.1,0.216,2.69075117475742,0.742494006360661,4,1.13240997439777,6.6015572239952e-19,6.62049871949512,0.242274655853068,3.23471800146709,0.0967422622470176,0.325435784891346,0.151527013286012,3.5390174853387,190.022521833743,1.10776536775072e-16,1110.94381974564,40.6545704492628,542.797472608512,16.2337042729211,54.609311060585,25.4267852116508,593.860035306922,8.63803387708059,2.43122002123269e-17,1.50233987435562,5.29810960884929,1.23416314632131,0.187096777446376,6.18871590432102,0.46727745708752,16.4751609388656,10,1e-05,87.1880236492123,6.76499512160055,9.24144732708784,12.6747642101262,1.15197298105113,47.0710319266843,21.9168672016888,39.9908975843273
"245",5.06,0.1,0.221,2.75303708158051,0.0186325247260988,-1,0.91831454516148,0.0898537486791252,0.408306961538747,0.0337013673181138,0.26152984036469,0.00791047070228028,0.0235101186630824,0.0180217074700992,0.157400998582662,3.86697717400698,0.378369695843201,1.71936043981623,0.141914792527929,1.10128923508895,0.0333106012559017,0.0989999480105683,0.0758885196697502,0.662807827548924,0.393068176399948,0.0942019694201124,0.00227591591134361,0.0165978234438351,0.00947941583796117,-0.000877111405082407,0.547353603435007,0.0680391097690852,0.64849238117187,10,1e-05,211.481201287045,5.48215147311283,0.056132260445375,0.252043537178015,0.94316376815265,3.40050356342824,2.60665976847515,1.77863128398408
"246",5.06,0.1,0.226,2.8153229884036,0.719883843891815,4,1.12767729597613,0,6.3838647985481,0.230736869425951,3.182382272712,0.0945517570907988,0.31783015381188,0.151148292141502,3.34633649288383,183.466046628283,0,1038.61489539457,37.5394462547213,517.753701806157,15.3829798091224,51.708979179766,24.5908822610587,544.428028504303,8.54587413570238,0,1.4058434742203,4.86297824600817,1.17482079453767,0.179762977849943,5.86231080993256,0.452091678168272,15.329920253168,10,1e-05,90.6092596635809,6.77020964676019,9.29366890226817,12.5529931465964,1.12722384967871,45.9709534473503,21.8620889753469,37.8136023695873
"247",5.06,0.1,0.231,2.87760889522669,0.00423138780157822,-1,0.688618456767557,0.314357431438493,0.148588369276721,0.0320918962069381,0.125329884712301,0.00344190642229352,0.00905957728382845,0.0108672471559449,0.0262474426283586,0.658521452767176,0.300618013363692,0.142094112986345,0.0306892763395388,0.119852172047933,0.00329147323197944,0.00866361616621179,0.0103922793738426,0.025100262534619,0.0685137314944573,0.0751198973264625,0.000226689004395864,0.00362669734478251,0.00162865128326702,-0.000135273914179606,0.0431807797639908,0.00839946485384655,0.0960354645434294,10,1e-05,215.249512058937,6.89685322072746,0.100332074719099,0.141773528258704,0.43364843412511,1.31037725833295,1.57183862863587,0.296596101700452
"248",5.06,0.1,0.236,2.93989480204977,0.0158134191463044,-1,0.930840102618788,0.0759906255809646,0.340218753612928,0.0265098698325782,0.220105337718053,0.00574153991800436,0.0222711378365485,0.0134435346029563,0.128970158160073,3.32666682240337,0.271577784651378,1.21588491602307,0.0947418403978954,0.786619659338426,0.0205193032627129,0.0795933212692279,0.0480449439314733,0.46091777204719,0.343937634772292,0.0677957534018084,0.00174945751776203,0.0109603593782395,0.0080969443611253,-0.000665604779203974,0.394820630539062,0.0386474129509289,0.59202019906681,10,1e-05,214.229550335739,4.24239523751208,0.0822192088161225,0.199175079356638,0.629482936531183,3.22129737667838,1.9444728449716,1.45736278720882
"249",5.06,0.1,0.241,3.00218070887286,0.68663630010681,4,1.12103356995469,4.05929298310019e-16,6.05167849147706,0.214719429493941,3.10500045808025,0.0914254826622748,0.306717957011442,0.150408163165389,3.07991954116228,173.961769465842,6.29920288782191e-14,939.098281114172,33.3201189461009,481.833361958755,14.187388464059,47.5964323983762,23.3403092535541,477.941310191695,8.38756228952167,1.39463927770525e-14,1.27335620146759,4.28158808676977,1.09055646695397,0.168992448665407,5.40209787242453,0.429580124278811,13.769357325052,10,1e-05,95.5000563871668,6.76288208747021,9.35605742832799,12.3667455827345,1.0924457050729,44.363685302135,21.7550367202419,34.8030908151338
"250",5.06,0.1,0.246,3.06446661569595,0.675741677555735,4,1.11893113125794,2.284823284599e-22,5.94655656305637,0.209694366150085,3.07955127875983,0.0904237805097108,0.303093573476548,0.150123163265907,2.99660991470077,170.88049833346,3.48932772151253e-20,908.14396031755,32.0240243429113,470.301739273546,13.8093044719594,46.2877289142136,22.9264520698727,457.635131627251,8.3299762409437,7.73807853562033e-21,1.2321904444053,4.10478567036514,1.06369018866545,0.165475245924049,5.25615586271676,0.422171333415531,13.2872470496828,10,1e-05,97.0694410900809,6.75689630657668,9.37317501095785,12.3040918669597,1.08143488615646,43.8394544676479,21.7138143347807,33.8616920361187
"251",5.06,0.1,0.251,3.12675252251904,0.664941572382393,4,1.11688078339266,4.4639643092403e-16,5.84403916979807,0.204814208742446,3.05428184923277,0.0894411559405246,0.299508098734752,0.149821558720323,2.915832904689,167.841264925652,6.70830250986999e-14,878.223478386341,30.7788229336854,458.987688424093,13.4409302878948,45.009117261752,22.5147037200937,438.182024717299,8.27017686750232,1.49006522895384e-14,1.1924116296066,3.93570121416106,1.03740941061324,0.161997473919041,5.11376074666875,0.414816165225544,12.8226383152891,10,1e-05,98.6101129758746,6.74931698820994,9.38865877864975,12.2412630452043,1.07069473402858,43.3208514009945,21.6701902533076,32.9489118229857
"252",5.06,0.1,0.256,3.18903842934213,0.654237056274723,4,1.11488054169506,8.88178419700126e-25,5.74402708837719,0.200072866380205,3.02919696233104,0.0884770670347582,0.295961197281548,0.149504660222831,2.83747988929819,164.843532995419,1.31323907053804e-22,849.297914402449,29.5822887898731,447.889716193665,13.082004549929,43.760104840711,22.1053964695996,419.542894742978,8.20827786081299,2.92162397004522e-23,1.15396272132788,3.77393394087495,1.01170176072813,0.158560814464377,4.97482122878421,0.407518153663529,12.3747462684135,10,1e-05,100.122904539292,6.74024050304297,9.40261661664987,12.1783189039308,1.06021504219962,42.807827574803,21.6243540546303,32.0635227490695
"253",5.06,0.1,0.261,3.25132433616522,0.643632157021328,4,1.11292909066905,1.06548898387364e-16,5.64645453588157,0.195466018986431,3.0043064316018,0.0875312394247111,0.2924534402716,0.14917363762762,2.76147195322571,161.887630980037,1.54986951891911e-14,821.338175014223,28.4326566859615,437.009019737031,12.732370018915,42.5405311214119,21.6989267354782,401.686105856735,8.14440923035887,3.45342776954981e-15,1.11680072229792,3.61915590281243,0.986561991741762,0.155167732907262,4.83928897980165,0.400282339039796,11.9429661724908,10,1e-05,101.608213490841,6.72976060519286,9.41513845777281,12.1153254634538,1.04998835296583,42.3004656008842,21.576474946459,31.2046330714505
"254",5.06,0.1,0.266,3.31361024298831,0.633124322427881,4,1.1110240505026,1.81711931126633e-19,5.55120252491367,0.190986816652858,2.97960614188203,0.0866028761434905,0.28898335589575,0.148829544535929,2.68768911203728,158.972094913672,2.60004509793842e-17,794.299902217575,27.3275581482357,426.340213047909,12.3916675249756,41.3495004551416,21.2954386263926,384.57094463792,8.07865593290003,5.80227439850858e-18,1.08086298225797,3.47096771141224,0.961970441056878,0.151818373188546,4.70703552475059,0.393109305977032,11.526466694478,10,1e-05,103.06726269173,6.71795620432035,9.42632222642602,12.0523117139542,1.04000228008787,41.7985525967613,21.5267053216767,30.3708869660213
"255",5.06,0.1,0.271,3.37589614981139,0.622715104415921,4,1.10916389531215,6.06280498601728e-16,5.4581947655621,0.186630669056598,2.955098700464,0.0856915305899151,0.285550696767466,0.14847323436758,2.61604898152073,156.096643059711,8.53240454222172e-14,768.151473079232,26.2652084645472,415.881718655047,12.0596787546621,40.1865814215117,20.895174795132,368.166026518775,8.01112679612461,1.90694744561219e-14,1.0461045630188,3.3290571479138,0.937916991914625,0.14851408932894,4.57799033351635,0.386001811491761,11.1246417578754,10,1e-05,104.500709366334,6.70490701737011,9.4362438480831,11.9893169897595,1.0302478881025,41.3020527804463,21.4751686189268,29.5613534911843
"256",5.06,0.1,0.276,3.43818205663448,0.612404850509821,4,1.10734701272559,2.4981900739289e-23,5.36735063618635,0.18239274043411,2.93078565614107,0.0847967180436459,0.282154960088946,0.148105637454708,2.54646575559208,153.2606980847,3.45758240441918e-21,742.860093461173,25.2437929603558,405.63098146734,11.7361622448168,39.0512329507759,20.4983380329153,352.439763566275,7.94191739856624,7.7388754078985e-22,1.01247938720132,3.1931157645519,0.914389901963293,0.145255677929753,4.45207130214871,0.378961890201974,10.7368717156274,10,1e-05,105.909283278563,6.69068369228015,9.44498275196778,11.9263778282028,1.0207165825023,40.8108934272652,21.4219994014489,28.7750630381906
"257",5.06,0.1,0.281,3.50046796345757,0.602193788447475,4,1.10557184811903,2.71323755453892e-16,5.27859240661296,0.178268521638257,2.90666613949933,0.083917931751545,0.278795492688264,0.147727447312981,2.47885916748741,150.463680914047,3.69260225235221e-14,718.394236335883,24.2615963878177,395.585042511145,11.4208777362715,37.9428945513499,20.1050845610479,337.362312039921,7.87112151433442,8.27683641475275e-15,0.979943628437456,3.0628552326457,0.891377088137385,0.142043774855082,4.3291986518339,0.37199104575815,10.3625776566056,10,1e-05,107.293732351218,6.67535557911686,9.4526070139708,11.8635190498371,1.01139936848065,40.3249800624305,21.3672979793496,28.0111085926078
"258",5.06,0.1,0.286,3.56275387028066,0.592082042172977,4,1.10383693720985,6.55318085045769e-17,5.19184686008396,0.174253706296973,2.88273990506543,0.0830546985083294,0.275471728747254,0.147339376381636,2.41315302001481,147.705018330073,8.76884678350931e-15,694.723839894339,23.316982803398,385.740987790096,11.1135941841012,36.8610212001764,19.7155617424803,322.905312405574,7.79882793033468,1.96829275573502e-15,0.94845575656735,2.93800385418602,0.8688670725926,0.1388789052603,4.20929573944953,0.365090690505923,10.0012091772709,10,1e-05,108.654756839289,6.6589826717152,9.45917990149761,11.8007651964552,1.00228802087928,39.8442308460029,21.3111673998399,27.2686291261673
"259",5.06,0.1,0.291,3.62503977710375,4.70159117540937e-05,-1,0.711215247380421,0.294663370799557,0.294157028820583,0.00957896477992063,0.299855720467907,0.003652733970528,0.02570455927916,0.0272819853491184,0.000239560451404256,0.00755708592783485,0.00313097395074072,0.00312559376540573,0.00010178221039016,0.00318614576090032,3.88124756724126e-05,0.000273126263708789,0.000289887355937042,2.5454725877165e-06,0.00078785264607492,0.000782633856837445,4.8494358005542e-06,1.15720382307957e-05,0.000130090625413412,-1.48400725341972e-06,0.000834794535407276,0.000143679541410132,1.30444289469815e-05,10,1e-05,215.57847800903,2.16159760054102,0.0753276735616984,0.0423094081692331,0.474584398969096,3.7179074541377,3.94606636089649,0.0027070331008681
"260",5.06,0.1,0.296,3.68732568392684,0.572155569500206,4,1.1004821687792,7.5207801577742e-17,5.02410844994344,0.166535912532445,2.83545950453252,0.08137296922812,0.26892840728425,0.146535901059259,2.28715214184206,142.300222452607,9.72490713462116e-15,649.653188698251,21.5342856722557,366.64521215999,10.5221074464441,34.7743682415378,18.9481410145497,295.745144992333,7.6500794082086,2.18892739876632e-15,0.888464568010032,2.70351246930967,0.825307990280776,0.132691324641443,3.97809070592693,0.351505048625435,9.31516768781239,10,1e-05,111.309388755724,6.62333318895416,9.46940639343805,11.675644377172,0.984650473445756,38.8978048295939,21.1949527292113,25.8448192028153
"261",5.06,0.1,0.301,3.74961159074992,0.562342662250518,4,1.09886003116757,6.36177851061894e-21,4.94300155844246,0.162826196794875,2.81210654808305,0.0805537503926216,0.265708216794931,0.146121621131642,2.22673709172796,139.653507833045,8.08514878933968e-19,628.203308229557,20.693490439685,357.389051108538,10.2375311617114,33.7687089192316,18.5705152453335,282.994773730507,7.57380086995711,1.82229107920384e-19,0.859893669734171,2.59342860637742,0.804241244275534,0.129669651258653,3.8666686837084,0.344822808200403,8.98960360301429,10,1e-05,112.604041535322,6.60416551181051,9.47316421454859,11.6133207250478,0.976111118755501,38.4320364772187,21.1350312804806,25.162129136526
"262",5.06,0.1,0.306,3.81189749757301,0.552627795890183,4,1.09727275638848,8.5287369088147e-16,4.86363781834515,0.159210505687099,2.7889375705372,0.0797482252611549,0.26252083371258,0.145699514567769,2.16795071697863,137.042654016848,1.06518705999989e-13,607.438607148609,19.8844180899356,348.321239480773,9.96006542520304,32.787245994423,18.1969779611154,270.763780748873,7.49633998933938,2.40397333701142e-14,0.832220764154969,2.48780794409988,0.783631252384276,0.126695569820618,3.75791978276433,0.338213829349906,8.6750139699452,10,1e-05,113.878016360244,6.58416256305415,9.47608165848789,11.5511583883908,0.967746757571414,37.9710133881875,21.0739777870821,24.4978431018586
"263",5.06,0.1,0.311,3.8741834043961,0.000307932272767408,-1,0.855132602875076,0.145670389871626,0.0401172320552307,0.0235587107295584,0.0390165558030884,0.00153410744358052,0.00290275172803128,0.0026617295260077,0.00180914779790729,0.0595109812581078,0.010137594815547,0.00279186624032246,0.00163951413848356,0.00271526721510432,0.000106762669340279,0.000202010311737635,0.000185236927470461,0.000125903468459074,0.00635752575953544,0.00254379719848472,5.56631220011067e-06,0.000191045968633434,0.00012922225651412,-6.61246648550166e-06,0.00508331191368789,0.000755875580564401,0.00538363759321781,10,1e-05,219.526411071746,5.29973658074057,0.0710898605226098,0.0357972503670018,0.241821769788366,0.419854009942444,0.384992558641754,0.0204433701163524
"264",5.06,0.1,0.316,3.93646931121919,0.533494230625166,4,1.09419869938211,1.46181901041499e-18,4.70993496968963,0.152249328289956,2.74314891692181,0.0781768879283488,0.256242891277454,0.144833530596999,2.05505287697018,131.927204680809,1.76251073870056e-16,567.875428046504,18.3566552465901,330.740631328701,9.42576362122896,30.8951275345628,17.4625347722533,247.777100889472,7.33818281260726,3.98800019671392e-17,0.779449127271211,2.28919510473723,0.743747069384513,0.120890992093151,3.54821380281505,0.325219515820646,8.07719908503394,10,1e-05,116.365916804661,6.54183118181445,9.47956647718913,11.4273748879596,0.951519476052781,37.062971794371,20.9487218655499,23.222097509763
"265",5.06,0.1,0.321,3.99875521804228,0.524074973613632,4,1.09270974760599,7.98861450905125e-22,4.6354873803049,0.148897737035994,2.7205238398758,0.0774102942679002,0.253151054410706,0.144390345135586,2.00083376644554,129.421574064537,9.46179043997156e-20,549.031501393433,17.6355885394685,322.221411869185,9.16854833124736,29.9834498682852,17.1017287876409,236.980640158277,7.25762432102263,2.14359574582076e-20,0.754289807296253,2.19583244325919,0.724453092674862,0.118060274509144,3.44713113952583,0.318834820827003,7.79319566171968,10,1e-05,117.580985432376,6.51958269713305,9.48021088225946,11.3657673467856,0.943644050211794,36.6157685099645,20.8846195204111,22.6094215608346
"266",5.06,0.1,0.326,4.06104112486537,0.514753639734056,4,1.09125148060511,0,4.56257403034008,0.145628312704933,2.69807454914703,0.0766559195663203,0.25008980562236,0.143940781751258,1.94803373104735,126.950001760505,0,530.783959040242,16.9415711069817,313.87867494508,8.91771447448692,29.0940281212152,16.7452533366534,226.623184464183,7.17616665848087,0,0.729910037498162,2.1062017559675,0.705578478012557,0.115277024248461,3.34848150429019,0.312525384928127,7.51864031740924,10,1e-05,118.777526995734,6.49666127831271,9.4801705719474,11.3043562330814,0.935919601987897,36.1729894852181,20.819594672502,22.0127811608351
"267",5.06,0.1,0.331,4.12332703168846,0.505528957063417,4,1.08982278546856,1.55808896938507e-16,4.49113927462463,0.14243803498189,2.67579577090563,0.0759133292906358,0.247058220069357,0.14348505945235,1.89660015728409,124.511756603542,1.78010954725386e-14,513.110615497224,16.273480587146,305.708447456022,8.67306327747256,28.226289057587,16.3931026557632,216.685703682059,7.09386428279861,4.04280393254358e-15,0.706280513753929,2.02013307985129,0.687112149717161,0.112540711432583,3.25219734000482,0.306290685882931,7.25316301386887,10,1e-05,119.956185433759,6.47309777313502,9.47947681109837,11.2431386747454,0.928339574523029,35.7345009508318,20.7536789991879,21.4315817773102
"268",5.06,0.1,0.336,4.18561293851154,0.49640330130045,4,1.0884231539458,2.51698202880335e-17,4.42115769712471,0.139325277806471,2.65369093938258,0.0751823955956295,0.244056579717953,0.143023538319317,1.84650294787663,122.107087383702,2.82373030581086e-15,495.997064471508,15.630505295848,297.710013104576,8.4344983983764,27.3800111639959,16.0454025882959,207.153895976256,7.01080239252654,6.42066174301337e-16,0.683382279186323,1.93749876894149,0.669050586918954,0.109851898098102,3.15825086027096,0.300132583649691,6.9965139414139,10,1e-05,121.117118973269,6.44893281105519,9.47816085605272,11.1821343038261,0.920901472627393,35.3003436904047,20.6869245825059,20.865483311006
"269",5.06,0.1,0.341,4.24789884533463,0.487373525335965,4,1.08705127360511,1.21426540284381e-18,4.35256368025622,0.136286623182218,2.63175042211742,0.0744625620452444,0.241083390896827,0.142556321716427,1.79768360710378,119.734802584959,1.33746983077511e-16,479.419292951641,15.0114831911982,289.877878713183,8.20178438951578,26.5544716394217,15.702068018693,198.008407729423,6.92701424325368,3.04476123589106e-17,0.661183771482701,1.85812807696725,0.651379616136995,0.107209397033768,3.06655897519601,0.294049223834094,6.74830145636826,10,1e-05,122.261166908163,6.42418712685403,9.47624905290167,11.1213268274242,0.91359729199902,34.870301659317,20.6193463730639,20.3138247602728
"270",5.06,0.1,0.346,4.31018475215772,0.000458447405234072,-1,0.779231702506843,0.221905061648644,0.0569635653537194,0.00845109961982467,0.0555918515995442,0.00249952420694833,0.0042782716051185,0.0032621315156654,0.00224583806023593,0.0807355059724283,0.0229913867369748,0.00590194451282048,0.00087561094041082,0.00575982246666092,0.000258973487460919,0.00044326792867322,0.000337986554728935,0.000232689290671785,0.00878095667021393,0.0057854188818314,9.7948664493251e-06,9.92247500497508e-05,0.000132584214018615,-1.16622493443344e-05,0.00581858322453325,0.00071944879685209,0.00404362092606197,10,1e-05,222.424002389075,1.87949494998358,0.118090531616946,0.077976493988144,0.383847141606579,0.618809204964339,0.471834702425844,0.025377970080666
"271",5.06,0.1,0.351,4.37247065898081,0.469602712936588,4,1.08438780444603,6.09174621103491e-26,4.2193902217592,0.130423264993261,2.58835596757027,0.0730551229382029,0.235220903084793,0.141605676190264,1.70373054083638,115.086308794565,6.46518323672437e-24,447.804783487228,13.8418489100195,274.702770478153,7.7533557672073,24.9640445755309,15.028640593594,180.817285404269,6.75750644416003,1.47520481997327e-24,0.618799125796671,1.70865816854679,0.617181199286037,0.102062752165619,2.88975735445875,0.282108163125334,6.27608190391187,10,1e-05,124.50014200789,6.37307175473558,9.47074054727053,11.0003194959006,0.899374658860423,34.0223514221845,20.4818450041599,19.2521551114511
"272",5.06,0.1,0.356,4.4347565658039,0.000229468706747602,-1,0.899492380284984,0.101232633221536,0.0362451405000042,0.017819783051471,0.0355942262023485,0.00148014666498749,0.00145029404908338,0.00356945703632025,0.00124946664880349,0.0466476098307298,0.00524991704227603,0.00187967036671117,0.000924132661123721,0.0018459139982796,7.67602990685889e-05,7.52121445654009e-05,0.000185111783920911,6.47972501016948e-05,0.00502646533959611,0.00131913041872124,3.82582521616579e-06,0.000106549428031934,7.96913819727422e-05,-4.87183349649624e-06,0.00168457242816851,0.000672334362857175,0.0052312757804121,10,1e-05,220.919346351308,4.01032820187468,0.0594391815404524,0.0396137062075875,0.231121806358343,0.20977053125942,0.51628626573336,0.0141189731314795
"273",5.06,0.1,0.361,4.49704247262699,0.452213165500886,4,1.0818259628118,1.64404501866809e-16,4.09129814274901,0.124830382420547,2.54558643928558,0.0716885326372603,0.22946616928274,0.140634439485771,1.61443311042754,110.562803155102,1.68021689278636e-14,418.131387815737,12.7576869790285,260.159380598995,7.32658060992606,23.4514827497965,14.3728643831765,164.995347062428,6.58576610896618,3.84246353361554e-15,0.578949461444083,1.57070180051058,0.584452020741587,0.0970975670763499,2.72138903050004,0.27046631079624,5.83427184779609,10,1e-05,126.676721004213,6.31995344964622,9.4631357452187,10.8801088094256,0.885634781629555,33.1899867250556,20.3413653272218,18.2430941478311
"274",5.06,0.1,0.366,4.55932837945007,0.443661877229505,4,1.080581517836,6.81914968762786e-20,4.02907589175624,0.122130783897591,2.52443188397707,0.0710199509440263,0.226628354812692,0.140141532447402,1.57144925204182,108.347298382794,6.83739665843964e-18,403.985706441897,12.2457586644427,253.118686619822,7.12099891498573,22.7234776604971,14.0516529121361,157.565420279781,6.49919981687222,1.56534862404799e-18,0.559927282048121,1.50576074722036,0.568622070038466,0.0946823968128755,2.64026264764356,0.264758111192518,5.62416347624445,10,1e-05,127.742475017701,6.2927053031686,9.4586016638441,10.8203078547428,0.878937119367895,32.7795252401078,20.2700712531922,17.7573765480726
"275",5.06,0.1,0.371,4.62161428627316,0.435203928882415,4,1.07936019817235,1.68374435642725e-19,3.96800990920034,0.119492650404539,2.50342210093226,0.070360668162955,0.22381562442609,0.139643814820235,1.52952213219535,106.161646556804,1.65606507968066e-17,390.277931526206,11.75282962987,246.226804278754,6.92040006446804,22.0136292355842,13.7348193289802,150.437813321149,6.4122156346878,3.79548172967723e-18,0.541477265948934,1.44335274428819,0.553135422943171,0.0923110457889335,2.56109725454054,0.25912355918566,5.42088716642418,10,1e-05,128.793965999513,6.26501887885695,9.45360073953373,10.7606939078508,0.872347085215527,32.3726919169896,20.1980813755988,17.2836000938074
"276",5.06,0.1,0.376,4.68390019309625,0.426838897561403,4,1.07816134147754,0,3.90806707460208,0.116914186148029,2.48255398515033,0.0697104190276578,0.221027467533483,0.13914139266919,1.48862041127575,104.005470836049,0,376.993999428532,11.2781960453852,239.481036991761,6.72465675982581,21.3215452494484,13.422356655369,143.600647523414,6.32485881248364,0,0.523581132404964,1.38337612471508,0.537985055541977,0.0899830686728243,2.48384911715023,0.253562389251084,5.22421494719618,10,1e-05,129.831576721351,6.2369132925554,9.44815101630063,10.7012628932319,0.865861486152645,31.9694129040429,20.1254110356717,16.821410647416
"277",5.06,0.1,0.381,4.74618609991934,0.418568825882122,4,1.07698465403272,5.39006828180323e-16,3.84923270162484,0.114394420487101,2.4618302252435,0.0690691341939483,0.218264189207025,0.138634468797571,1.44872596686608,101.879037681728,5.09881888783379e-14,364.124151617356,10.8213180491899,232.880657439692,6.53370212736178,20.6470403023205,13.1143431038944,137.044485096593,6.23719990514976,1.17105701203677e-14,0.506226532254351,1.32575090845324,0.52316842613938,0.0876986351748426,2.40849815159729,0.248075902426209,5.03398496439162,10,1e-05,130.855384088432,6.20841491938082,9.44226883508498,10.6420286860093,0.859478151772291,31.5697323269041,20.0520895668807,16.3706034255867
"278",5.06,0.1,0.386,4.80847200674243,0.00149091154478645,-1,0.853567762494643,0.1490407724178,0.130433501678875,0.0109587646280924,0.125908642614112,0.00288251009634563,0.0113534265465381,0.00905777142166976,0.00706345585290624,0.287606251087542,0.0502186934625988,0.0439490478464703,0.00369251200634021,0.0424244146427602,0.000971250273216778,0.00382549176471282,0.00305197993206856,0.00238000326024434,0.0308081201453995,0.0126065923930418,7.13555382907678e-05,0.000420279939648511,0.0010696103464086,-4.23978021172728e-05,0.0165454523870334,0.00214053618955833,0.0161975020005769,10,1e-05,219.964136597494,2.38090034458348,0.142139091260865,0.0707122888880567,0.409988415137367,1.64215961569127,1.31011605843031,0.0798170511378406
"279",5.06,0.1,0.391,4.87075791356552,0.402305101630876,4,1.07469438838324,5.8699645070355e-22,3.73471941918355,0.109522316838371,2.42078711269082,0.0678119533636003,0.212808113670221,0.137607081355352,1.37181132317662,97.712237941787,5.33702766871397e-20,339.564248662423,9.95787341827122,220.100271219902,6.16552742247932,19.348716494342,12.5113669720532,124.726392796304,6.06107396919207,1.22829330349385e-20,0.473060603929767,1.21713903737132,0.494497685519796,0.0832565504922965,2.26326064137192,0.237321289118925,4.67185817489973,10,1e-05,132.863845488552,6.15028206319684,9.42926308299068,10.5240874957306,0.847000109036749,30.7805655612608,19.9034882472381,15.5014679518958
"280",5.06,0.1,0.396,4.93304382038861,0.394310586127847,4,1.0735796422777,1.2693132108501e-16,3.67898211335308,0.107166855513263,2.4004613061821,0.0671955756994208,0.210114355153772,0.137086718081199,1.33473688230229,95.6711828683268,1.13113821769928e-14,327.849520124247,9.55008778806634,213.915170843642,5.9880794656675,18.7241710848102,12.2163721794685,118.943999419478,5.97268814217429,2.60589295068515e-15,0.457217451314891,1.16597935646365,0.480630681769204,0.0810978833388939,2.19329467945706,0.232052454281713,4.49956612121621,10,1e-05,133.849197802349,6.12067722197831,9.42216582828705,10.4653701998709,0.840898947197683,30.3909403294416,19.8282229032646,15.0825267700159
"281",5.06,0.1,0.401,4.99532972721169,0.386409158822287,4,1.07248469827454,9.33267153424461e-16,3.62423491371386,0.104863751965515,2.38026701085441,0.0665871888810234,0.207443539940324,0.136562089176431,1.29855953764972,93.6584476848689,8.15007925107349e-14,316.498889550454,9.15759100647523,207.865075996692,5.81495731951169,18.1157269323496,11.9257582932834,113.401217488998,5.88416283295534,1.87946918696847e-14,0.441851359683171,1.11682114047235,0.467071169669847,0.0789806614535609,2.12506420392834,0.226856809227943,4.33291459805129,10,1e-05,134.822157178507,6.0907406136761,9.41468857859034,10.4068298360677,0.834886822329253,30.0046336169685,19.752340578479,14.6737227754419
"282",5.06,0.1,0.406,5.05761563403478,0.378597992860391,4,1.07140869291405,2.38100204032471e-18,3.5704346455903,0.10261087739108,2.36019523914381,0.0659863927677717,0.20479441653915,0.13603309495391,1.26324356136847,91.6730988315182,2.03726026122735e-16,305.49762224389,8.77970952305485,201.94573074746,5.64600338390252,17.5228546414666,11.639419616943,108.087093763109,5.79550881077642,4.7026956863476e-17,0.426943063990219,1.06957170578604,0.453809013577297,0.0769037599166926,2.05851102449576,0.22173241675746,4.17167244816383,10,1e-05,135.783335996428,6.06047559822756,9.40684120588731,10.3484440435814,0.828959650562895,29.6214644082227,19.6758268541335,14.2746522434637
"283",5.06,0.1,0.411,5.11990154085787,0.00322974754647602,-1,0.963292922111871,0.039932515428477,0.161273561971799,0.0368810398897906,0.148523413245124,0.00445296717602993,0.00907318306170611,0.0144564559259444,0.0155791245519384,0.703129607090648,0.0291476592829211,0.117717273386309,0.026920317269591,0.108410647272126,0.00325032291735852,0.00662272450549371,0.010552098891008,0.011371560481318,0.0723519773789552,0.00727088954136182,0.000171820862647673,0.0032149333697777,0.00118025756025775,-0.000107708599040258,0.0459140184632032,0.0118630672945992,0.0341848515651416,10,1e-05,213.463592709799,8.12386208616839,0.0535263717538224,0.185599548038169,0.594040577636417,1.31234519804517,2.0909817851286,0.176044107436904
"284",5.06,0.1,0.416,5.18218744768096,0.00260940965142964,-1,0.86658542651023,0.135236554423292,0.0895629420809758,0.0223239504383895,0.0792143662588925,0.00408463820627155,0.00602900379216974,0.00378922532113223,0.0115412762637376,0.511048460913638,0.0797525908964395,0.0528176476376961,0.0131650269714253,0.046714817397611,0.00240881972491777,0.00355546379453735,0.0022346068941153,0.00680619739396529,0.0542648718988801,0.019993011963684,7.80831839941148e-05,0.0015294193882383,0.000483060985781,-8.96675685608509e-05,0.0212458020790353,0.00216534714382019,0.0307464927053633,10,1e-05,218.545599127024,4.88871309293975,0.259416872933227,0.198222779096775,0.564466240048258,0.872035108499432,0.548073550448566,0.130416421780235
"285",5.06,0.1,0.421,5.24447335450405,0.00381104033056376,-1,0.972665856236305,0.0298324986896301,0.124727814377727,0.0102956002604961,0.108075070212342,0.00348353622670554,0.00985417712153687,0.00646568867070774,0.0189359906500697,0.83775235021903,0.0256945853808936,0.107427457191669,0.00886755020734564,0.0930845299955502,0.00300035273396777,0.00848735461424123,0.00556886606529963,0.0163094762390502,0.0900838442604766,0.00645409422811576,0.00016894693855874,0.00100667708841545,0.00118031609542733,-0.000123561794850044,0.0439540346148337,0.0046767343015666,0.0665756086132435,10,1e-05,220.583637288381,2.07003362565718,0.165174658635216,0.153987241408559,0.453543595655492,1.42530817885909,0.935197209331167,0.213976694345788
"286",5.06,0.1,0.426,5.30675926132714,0.00402393656577612,-1,0.990762507398637,0.0131304545108517,0.19453206407367,0.0144727566882768,0.178764630036097,0.00338543232545771,0.0146967143536064,0.0153927422279739,0.0197839547096832,0.901008998823838,0.0119409622231136,0.176909339000279,0.0131616647950915,0.16257028211215,0.00307874487313356,0.0133653340602391,0.0139983085355085,0.0179917196024614,0.0952215271826109,0.00299123232976921,0.000282449191609686,0.00150617619316196,0.0030689432179592,-0.000127405127013535,0.0453148500023753,0.0076963678437496,0.0676045473851982,10,1e-05,217.781942214259,3.00257258568725,0.110828320759436,0.0972840798796207,0.43219957316733,2.12573276410563,2.22640623585414,0.22355868821942
"287",5.06,0.1,0.431,5.36904516815022,0.340892829109037,4,1.06629691412812,7.13105134815799e-17,3.31484570640235,0.0920572149456454,2.2615958468801,0.06308974452149,0.191863092808575,0.133323902836307,1.09883959275057,82.149411610386,5.49388884702557e-15,255.38161158689,7.09225164405467,174.23736827899,4.86054617847954,14.7814740670622,10.2715107082143,84.6565574772064,5.35167846855609,1.27419858847122e-15,0.358820405398487,0.859543770944959,0.391777355106886,0.0671083324771939,1.74976923695625,0.197172744083383,3.44101708455818,10,1e-05,140.421803853035,5.90466570001816,9.36238238743141,10.0587090309558,0.800504580419793,27.7510777438323,19.2839693062434,12.4168873980814
"288",5.06,0.1,0.436,5.43133107497331,0.333618967466233,4,1.06532495026724,2.22044604925031e-24,3.26624751333964,0.0900800414775924,2.24220687535038,0.0625304835160835,0.189336823714398,0.132769245494668,1.06824580681976,80.323249842863,1.67416939527973e-22,246.268159773032,6.79184475651778,169.057659827618,4.71466630815083,14.275596372591,10.0105205220636,80.543476254123,5.26303344103355,3.88645263774052e-23,0.346391899944631,0.822325781310671,0.380188627145188,0.0652633782070006,1.69259056815193,0.192470353004254,3.30891356826605,10,1e-05,141.318033541939,5.87267623345996,9.35250231166132,10.0011563776562,0.795032067922518,27.3856781820506,19.2037436683488,12.0711776170633
"289",5.06,0.1,0.441,5.4936169817964,0.326433202504363,4,1.0643687689009,3.07954387317039e-20,3.2184384451909,0.088144728505857,2.22292129014075,0.0619774729909101,0.18682964131047,0.132210293185003,1.03836858998106,78.5226391284161,2.27189973342404e-18,237.436768132263,6.50278071827005,163.993581338205,4.57232012809039,13.7831519786723,9.75366944630322,76.604504430885,5.17450219441787,5.27880101202138e-19,0.334334903517417,0.786564092062302,0.368860320040389,0.0634552510132346,1.63686071688952,0.18783682587244,3.18115076297276,10,1e-05,142.204415042913,5.84043056218055,9.34230610672127,9.94372047636778,0.78962661894742,27.0230393191463,19.1228968062789,11.7335650667859
"290",5.06,0.1,0.446,5.55590288861949,0.319335135060796,4,1.06342796587104,1.93576784209375e-23,3.17139829353428,0.0862502194325128,2.20373636098413,0.0614305302625948,0.18434118684344,0.131647025030128,1.00918970137837,76.7473203626018,1.39703862878106e-21,228.878991941801,6.22465595656008,159.043081354956,4.43342542928722,13.3038556223293,9.50093163714666,72.8329588877077,5.08611425701124,3.24894406399133e-22,0.322638543667841,0.752203828926474,0.357787543620067,0.0616834219801657,1.58254941855098,0.183271729008816,3.05759488281002,10,1e-05,143.081201053215,5.80793724105718,9.33180361788569,9.88639301203417,0.784286484920623,26.6631092650352,19.0414257003578,11.4038436255756
"291",5.06,0.1,0.451,5.61818879544258,0.312324372501966,4,1.06250214647892,3.88507229337505e-17,3.12510732379786,0.0843954895742947,2.18464912646914,0.0608894834352726,0.181871092561534,0.13107941382996,0.980691618836098,74.9970414569109,2.74229025150608e-15,220.58666356286,5.95708164106304,154.204131868886,4.29790295353121,12.8374271184793,9.25228082195509,69.2224201504282,4.99789869709358,6.38308441851282e-16,0.311292381581086,0.719192282539962,0.346965465542206,0.0599473888609642,1.52962711077193,0.178774640547445,2.93811732591073,10,1e-05,143.948648137305,5.7752022923731,9.32099578973583,9.82916809046275,0.77900915348027,26.3058348281003,18.9593264163654,11.0818152928479
"292",5.06,0.1,0.456,5.68047470226567,0.30539984079241,4,1.061590848927,4.11897854550006e-16,3.07954244649412,0.0825793677785642,2.16565543699386,0.060354117266914,0.179418787633578,0.130507417835753,0.952854563114428,73.2713868322709,2.84293398597215e-14,212.551140669247,5.69965802454238,149.474326601227,4.16566314381293,12.3835500343324,9.00766948621449,65.7663688034038,4.90987437615843,6.62312723012648e-15,0.300285239505119,0.687475768635369,0.336388444813683,0.0582464569476228,1.47805980121506,0.174344724752575,2.82258175116517,10,1e-05,144.807069839323,5.74222924212386,9.30989152612514,9.77203405129881,0.773792418201265,25.9511334433207,18.8765929157634,10.767256563193
"293",5.06,0.1,0.461,5.74276060908876,0.298563224659716,4,1.06069395289667,2.65311419699112e-19,3.03469764491873,0.0808014544335825,2.14675682511948,0.0598244005282536,0.176984602607924,0.129931039890622,0.925670669550345,71.5706307715792,1.79019646589976e-17,204.767099929925,5.45210147119212,144.853036700551,4.03666870132125,11.9420871693613,8.76713443720832,62.4598957366945,4.82209621887601,4.17418789490089e-18,0.289610545004128,0.657015193028607,0.326054832136574,0.0565806464004513,1.42783479218327,0.169982775358912,2.71090356293094,10,1e-05,145.656488407942,5.70903442288697,9.29848834657389,9.71499657940208,0.768635145901094,25.5990529212102,18.7932256097795,10.4600785659189
"294",5.06,0.1,0.466,5.80504651591184,0.291812087494393,4,1.05981085264829,1.48165165130799e-23,2.99054263240525,0.0790602769265456,2.12794620602851,0.0593000330762161,0.174567535150119,0.129350196926553,0.899115696935548,69.8940295008752,9.77142326555403e-22,197.224886356513,5.21398824520733,140.337055927272,3.91080941554332,11.512647206045,8.53058492214629,59.2962592233128,4.73456343690969,2.28034274489497e-22,0.279255666819144,0.627754547464198,0.31595723916362,0.0549489344685115,1.37890920819066,0.165687144213114,2.60293119814275,10,1e-05,146.497353728333,5.67561373495327,9.28679516231166,9.65803470818108,0.763534523321,25.2494482841133,18.7092124834566,10.1600073753717
"295",5.06,0.1,0.471,5.86733242273493,0.285146751528672,4,1.05894128584929,2.21271902108924e-20,2.94706429245175,0.0773551231173986,2.10922234586138,0.0587809073614661,0.172167483883821,0.1287648591349,0.873177239231674,68.2415289046116,1.42594618845502e-18,189.91815295576,4.98500902805203,135.924965439337,3.78802776164274,11.095017717124,8.29801517230023,56.270305640305,4.64731122036482,3.33052381769297e-19,0.269212552996741,0.599652155009739,0.306092286678761,0.0533510045056049,1.33126134091852,0.161457815160008,2.49856442768373,10,1e-05,147.329820111725,5.64197446055059,9.27481294536524,9.60114663175177,0.758488953119589,24.9023048689558,18.624549225272,9.86690280331791
"296",5.06,0.1,0.476,5.92961832955802,0.278566857778776,4,1.05808491653109,1.52165870621204e-16,2.9042458265481,0.0756851333123079,2.09058253170496,0.058266867420481,0.169784134785607,0.128174972700394,0.847840589710759,66.6129102442276,9.57977126746721e-15,182.84001931081,4.76484156742728,131.61494353324,3.66825530640552,10.6889486417087,8.06939766237256,53.3767453079049,4.56036496393494,2.23938031890843e-15,0.259472391556415,0.572665021467318,0.296455716162099,0.0517863616447986,1.28486501233229,0.157294362382011,2.39769483425171,10,1e-05,148.15410953867,5.6081217321037,9.26254358254586,9.54432470701215,0.753496469190788,24.5575772553902,18.5392280513849,9.58059866373158
"297",5.06,0.1,0.481,5.99190423638111,0.27207140881144,4,1.05724133590538,4.8498959011744e-17,2.86206679504117,0.074049314450683,2.07202228887633,0.0577577057449573,0.167416944558081,0.127580422606166,0.82308907959314,65.0078015752432,2.98211070355225e-15,175.983159178881,4.55315449473082,127.404793248463,3.55141380401485,10.2941562560502,7.84468268123939,50.6102152344611,4.47374072465625,6.97679770039356e-16,0.250025693921296,0.546749288513864,0.28704245544119,0.0502543650678107,1.2396901250057,0.153195953097885,2.30020799369848,10,1e-05,148.970517397195,5.57405714657139,9.24999060686932,9.48755390234372,0.748555162010529,24.2151868608809,18.4532323257559,9.30090659940248
"298",5.06,0.1,0.486,6.0541901432042,0.265661994821563,4,1.05641048163843,1.28754606455087e-16,2.82052408194398,0.07244734512874,2.05354466201853,0.0572534370389931,0.165066327561787,0.126981340961807,0.798916293710707,63.4264741939593,7.73037646409118e-15,169.343168215638,4.34971040717258,123.294022328946,3.43747407848235,9.9105180678931,7.62391029397693,47.9666233598759,4.38748850182675,1.81004343016247e-15,0.240867036442665,0.521872823478415,0.277851240646893,0.0487549891481921,1.19572503214462,0.14916339773533,2.20603109750813,10,1e-05,149.77900735012,5.53979505637805,9.23715792993094,9.43084636151028,0.743664407776532,23.8751936185369,18.3665811567157,9.02775411893099
"299",5.06,0.1,0.491,6.11647605002729,0.259335712966871,4,1.05559171413289,4.95420018053531e-16,2.77958570691036,0.0708777988826049,2.03513961417797,0.0567537063105083,0.162731052265748,0.126377423143054,0.775299294809172,61.868094331766,2.90365034135939e-14,162.911160078232,4.15413865852388,119.279270519572,3.32632741303787,9.53764600222824,7.40696448422068,45.4401917563431,4.30159745838147,6.80432770326258e-15,0.231984750991595,0.497987404028669,0.268874426494445,0.0472871586924483,1.15292767088105,0.145194662641802,2.11502849923216,10,1e-05,150.580111825863,5.50532410985633,9.22404196423782,9.37416948519453,0.738820699174856,23.5374193997178,18.2792304834113,8.76088203134364
"300",5.06,0.1,0.496,6.17876195685037,0.253094761660138,4,1.05478505999193,4.16641209229799e-16,2.73925299959282,0.0693405549359163,2.01681174429663,0.0562585765464123,0.160411759869141,0.125768812143441,0.75223469972332,60.3330895796608,2.38316339058045e-14,156.683672223281,3.96623925682456,115.360454228364,3.21795773105174,9.17545900573337,7.19390262262138,43.0273856208047,4.21612504495991,5.58912471910524e-15,0.223374608398505,0.475065881790731,0.260111700618805,0.045851021912862,1.11129126490485,0.141290897112579,2.02714168717527,10,1e-05,151.373714789733,5.47066288726888,9.21064872576447,9.31753869799974,0.734024856476372,23.2019569474726,18.1912009884273,8.50025210687351
"301",506,1,0.001,344940478900676,1.10031809409989,4,0.0122457683005024,1.21361529553831,11.2930531919366,0.501457992892162,3.66621232421248,0.13101072535616,0.410511672696389,0.125641854759829,7.97011025697469,3.04517833880667,301.792008384324,2808.2648728268,124.698506480319,911.683945114319,32.5786845885007,102.082713215393,31.2435973940833,1981.94237526481,0.0900622459782034,0.892675449169939,4.01317889652998,19.5252065015981,2.30375694574172,0.280854543094963,12.7495261150666,0.632779494976251,49.5742057116583,10,1e-05,32.3631639858644,5.25481130905169,6.64803606608631,12.593772097276,1.52872442665865,59.3764083388058,18.1728378724616,90.0622459038141
"302",506,1,0.006,2069642873404058,1.09536227322498,4,0.0738070253849016,1.15205402684676,11.293052614485,0.501457979606937,3.66621201296882,0.131010716189031,0.410511641302614,0.125641840992544,7.97010997788547,18.271067429861,285.193133005819,2795.61633506007,124.136862458008,907.577653370959,32.4319482737729,101.622926000176,31.1028731589587,1973.01565900992,0.540373452324205,0.843577451430607,3.99510327372636,19.4372632065293,2.29338050273157,0.279589625693748,12.6921021630168,0.629929430990114,49.3509236436631,10,1e-05,32.3631753289417,5.25481209104074,6.64803497945443,12.5937710204378,1.52872413773211,59.3764037980101,18.1728358811615,90.0622427501058
"303",506,1,0.011,3794345267907439,1.09040645409318,4,0.135927818373486,1.08993321636156,11.2930517464456,0.50145794600794,3.66621173901976,0.131010705571063,0.410511609704864,0.125641831910377,7.97010935708107,33.4969449206277,268.594268285169,2782.96773142556,123.575213657041,903.471372959651,32.2852116736575,101.163138966735,30.9621501587314,1964.08886231047,0.990684422381693,0.794479489725551,3.97702750486982,19.3493188284673,2.28300408483039,0.278324690493296,12.6346778621514,0.627079373575424,49.1276394785212,10,1e-05,32.363188724693,5.25481291577514,6.64803480940382,12.5937700867416,1.5287238893292,59.3763992277115,18.1728345675169,90.0622357350161
"304",506,1,0.016,5519047662410821,1.08545063117316,4,0.198615865195684,1.02724514607487,11.2930506366386,0.501457893166425,3.66621153712881,0.131010694820592,0.410511583624943,0.125641829474227,7.97010840865252,48.7228238697109,251.995399631896,2770.31906075863,123.013559781603,899.36510769992,32.1384749526589,100.703353006207,30.8214287016285,1955.16197980803,1.44099555050384,0.745381509961209,3.95895162569872,19.2613736077169,2.27262769749721,0.277059747975529,12.5772533647617,0.624229331009291,48.9043525826491,10,1e-05,32.3632028966853,5.25481383428394,6.64803501444477,12.5937695731087,1.52872366257826,59.3763954555118,18.1728342151522,90.0622250177735
"305",506,1,0.021,7243750056914203,1.08049480919286,4,0.26187889251053,0.96398208418151,11.2930489637785,0.50145779916965,3.66621144334892,0.131010682660136,0.4105115644676,0.125641838978374,7.97010675963052,63.9486851828252,235.396546213546,2757.6702574831,122.45189608125,895.258870070884,31.9917379392582,100.243568881719,30.6807101923886,1946.23493004357,1.89130632774444,0.696283585012145,3.94087548465302,19.173426365768,2.2622513430559,0.27579480447755,12.5198285064094,0.621379318850305,48.6810606478542,10,1e-05,32.3632206729742,5.25481495175093,6.64803591742214,12.5937697327741,1.5287234829509,59.3763926845936,18.172835589832,90.0622063838249
"306",506,1,0.026,8968452451417584,1.07553898974665,4,0.325724920346361,0.900136042871013,11.2930482548615,0.501457784136186,3.66621104007911,0.13101067189773,0.410511519948302,0.125641819658302,7.97010643835723,79.1745464988071,218.797698701592,2745.02169872982,121.890252072396,891.152559523302,31.8450013679546,99.7837788704702,30.53998472746,1937.30821127578,2.34161716973981,0.647185641594528,3.92279979649046,19.0854827724377,2.25187484146386,0.274529873655518,12.4624042695524,0.618529233153145,48.4577791553493,10,1e-05,32.3632347800002,5.25481591065401,6.64803546101731,12.5937684665547,1.52872316279103,59.3763862453224,18.1728327953769,90.0622027534367
"307",506,1,0.031,10693154845920966,1.0705831685649,4,0.390162059883634,0.835698892567901,11.2930476666495,0.50145776411792,3.66621081353558,0.131010662188309,0.410511496923747,0.125641811109152,7.9701060620461,94.4004111572301,202.198848051963,2732.37316633981,121.328606694448,887.046291200287,31.698265024144,99.3239939986212,30.3992618625718,1928.38147678501,2.79192812812009,0.598087656830167,3.90472417966207,18.9975393649093,2.24149849779743,0.273264931152548,12.4049802543372,0.61567917925772,48.2344963090544,10,1e-05,32.3632450565994,5.25481648930479,6.64803506322452,12.5937672837699,1.52872293289407,59.3763829150508,18.1728315588278,90.0621985011209
"308",506,1,0.036,12417857240424348,1.06562734798023,4,0.455198474263999,0.770662458225945,11.293046626756,0.50145771253642,3.66621065298314,0.131010651495708,0.410511476449206,0.125641811112991,7.97010514470525,109.626259103218,185.600012089676,2719.72452801208,120.766953827579,882.940039772217,31.5515284829807,98.8642098478678,30.25854109362,1919.45461391554,3.24223876118981,0.548989721662007,3.88664835894027,18.9095943964887,2.23112216212348,0.271999987647408,12.3475558995161,0.61282914648645,48.0112097011151,10,1e-05,32.3632584561101,5.25481727102787,6.64803521200944,12.5937666815095,1.52872272096852,59.3763799536132,18.1728315593831,90.0621881351693
"309",506,1,0.041,14142559634927728,1.06067152710993,4,0.520842533973004,0.705018365354682,11.2930449656986,0.501457643731452,3.66621021796563,0.131010636643271,0.410511420647939,0.125641796580393,7.97010385902735,124.852083171807,169.001196806013,2707.07574238443,120.205296915214,878.833722674612,31.40479096015,98.4044172482457,30.1178168319939,1910.52766429172,3.69254910740295,0.499891878727633,3.86857228774311,18.8216479549228,2.2207455319186,0.270735041448186,12.2901309417914,0.609979065426598,47.7879217976278,10,1e-05,32.3632816129043,5.25481915489724,6.6480357844619,12.5937663013362,1.52872220258522,59.3763718825178,18.172829457388,90.0621736070091
"310",506,1,0.046,15867262029431110,1.05571570614467,4,0.587102982240373,0.63875790425007,11.2930443221757,0.501457612392849,3.66621009428897,0.131010634198826,0.410511400104214,0.125641792111797,7.97010331325667,140.077927721472,152.402365938633,2694.42720301058,119.64364908538,874.727480756141,31.2580564282226,97.9446331769694,29.9770950014129,1901.60089391257,4.1428597002907,0.45079391098003,3.85049656791546,18.7337043732923,2.21036930608915,0.269470100748837,12.2327066121347,0.607129011910348,47.5646378564389,10,1e-05,32.3632897945115,5.25481947302342,6.64803667901495,12.5937665502907,1.52872235184198,59.3763689110735,18.1728288110503,90.0621674398003
"311",506,1,0.051,17591964423934492,1.05075988521335,4,0.653988480752445,0.571872400875048,11.2930440813907,0.501457623465664,3.66620971861817,0.131010618261948,0.410511371705533,0.125641774769048,7.97010346038152,155.303778578382,135.803530695833,2681.77876080374,119.082011401104,870.621179301344,31.1113186987039,97.4848472895301,29.8363701245577,1892.6742893602,4.59317062381701,0.40169593026995,3.83242115386029,18.6457621884897,2.19999287276568,0.268205176400747,12.1752831333486,0.604278950185537,47.3413590731736,10,1e-05,32.3632999703367,5.25481998046658,6.64803448700871,12.5937634715727,1.52872188214855,59.3763648034882,18.172826302595,90.0621691023112
"312",506,1,0.056,19316666818437872,1.04580406432501,4,0.721507692774279,0.50435315887814,11.2930425821714,0.501457550659629,3.66620946727567,0.131010605556053,0.410511336685855,0.125641772526414,7.97010215553659,170.529583125193,119.204735850641,2669.13002181284,118.520353871985,866.514908108881,30.9645817698054,97.0250599048082,29.6956488567096,1883.74734138012,5.04348064401649,0.352598087364833,3.81434511866798,18.5578159341839,2.18961642896184,0.266940241973226,12.1178583812828,0.601428907640568,47.1180706134719,10,1e-05,32.3633189341225,5.25482121999998,6.64803498717668,12.5937631570035,1.52872162970377,59.376359738242,18.1728259782206,90.0621543575635
"313",506,1,0.061,21041369212941252,1.04084824344295,4,0.789669991674925,0.436190850003301,11.2930420822391,0.501457540305538,3.66620917509169,0.131010595310376,0.410511307690548,0.125641758967094,7.97010193961438,185.755416963987,102.605916487192,2656.48152126024,117.958711197343,862.408627877426,30.8178454482758,96.5652740162377,29.55492493202,1874.82065248341,5.4937912675191,0.303500132926546,3.79626956719141,18.4698730318349,2.17924006031293,0.265675299564358,12.0604344428442,0.598578842393771,46.8947892730553,10,1e-05,32.363329297715,5.2548218078806,6.64803437366491,12.5937616947334,1.52872135456145,59.3763555443609,18.1728240170005,90.0621519176425
"314",506,1,0.066,22766071607444636,1.03589242261789,4,0.858484367291552,0.367376453646646,11.2930410341405,0.501457497128584,3.66620888545685,0.131010583494616,0.41051127340116,0.125641750190036,7.9701011468857,200.981223928991,86.0071215152594,2643.83289364087,117.397060868138,858.302348944485,30.6711087838097,96.1054869584992,29.4142021589057,1865.8938291359,5.94410144071132,0.25440225302652,3.77819375612274,18.3819283698016,2.16886363931605,0.264410362249172,12.0030100678301,0.595728786049314,46.6715042847016,10,1e-05,32.3633447386038,5.2548227992899,6.64803434012366,12.593760808318,1.52872107934425,59.3763505847437,18.1728227474868,90.0621429598084
"315",506,1,0.071,24490774001948020,1.0309366016538,4,0.927960307885285,0.297900491796571,11.293039983777,0.501457450660835,3.66620864372319,0.131010571611017,0.41051124544188,0.125641743915456,7.97010030274944,216.207023659476,69.408333665488,2631.18426748671,116.835409853167,854.196081705712,30.5243721258888,95.6457014395336,29.2734799845608,1856.96699533615,6.39441147316657,0.205304379425567,3.76011796346677,18.2939837336305,2.15848725987093,0.263145417729812,11.9455857775221,0.592878736497509,46.448218679759,10,1e-05,32.3633593182445,5.25482374406629,6.64803438262612,12.593759948658,1.52872080611928,59.3763465407135,18.1728218399315,90.0621334210687
"316",506,1,0.076,26215476396451396,1.02598078131914,4,0.998107341074844,0.227753433225037,11.2930386657387,0.501457385282106,3.66620844081329,0.131010559635048,0.410511217217675,0.125641744127697,7.97009913794629,231.432802617813,52.8095658532449,2618.53558322567,116.273754628698,850.089824532087,30.377635491806,95.1859159801653,29.1327593462541,1848.0400902075,6.84472113601062,0.156206555580391,3.74204203912866,18.2060381310455,2.14811088392966,0.261880480506133,11.8881612070095,0.590028703778805,46.2249311218039,10,1e-05,32.3633760806579,5.25482476320438,6.64803470694798,12.5937595036515,1.52872058038543,59.3763424583645,18.17282187063,90.0621202587931
"317",506,1,0.081,27940178790954780,1.02102495990039,4,1.06893517065849,0.156925565233123,11.2930367962531,0.501457291295407,3.66620818035728,0.131010545485431,0.410511177983023,0.125641745338631,7.97009745522156,246.658544685242,36.2108316825859,2605.88677190284,115.712092826483,845.983553635886,30.2308983508787,94.7261279427639,28.992038907139,1839.11306622407,7.29503019695751,0.107108822139352,3.72396584092856,18.1180909817491,2.13773441264804,0.260615559848809,11.8307362256621,0.5871786706844,46.0016405333858,10,1e-05,32.3633984648919,5.25482633995766,6.64803531414045,12.5937594365585,1.52872036364601,59.3763367834645,18.1728220457795,90.0621012440036
"318",506,1,0.086,29664881185458164,1.0160691386196,4,1.14045414287032,0.0854065781956352,11.2930360718162,0.501457261160687,3.66620797511723,0.131010534429869,0.410511156724082,0.125641739245969,7.97009691508296,261.884338439397,19.6120513647691,2593.23822805921,115.150445912871,841.877296116752,30.0841619562245,94.2663441338403,28.8513167920923,1830.18630863241,7.74534019807578,0.0580109272993343,3.70589023379248,18.0301473138952,2.12735810242294,0.259350601379719,11.7733121728242,0.58432862351956,45.7783569672283,10,1e-05,32.3634095314271,5.25482685379019,6.64803518115195,12.5937582641868,1.52872007219611,59.3763337085712,18.1728211645369,90.0620951404375
"319",506,1,0.091,31389583579961540,1.01111331760828,4,1.21267393485697,0.0131867536650766,11.2930344232699,0.501457172985028,3.66620781449654,0.131010521085504,0.410511132006652,0.125641742964951,7.97009536110676,277.11007299177,3.01332630777199,2580.58947535638,114.588785834271,837.771049476679,29.9374250712958,93.8065596072329,28.7105969404195,1821.2593210624,8.19564910701162,0.00891318706006942,3.68781418876877,17.9422007115548,2.11698173655292,0.258085654185783,11.7158874942213,0.581478595586031,45.5550669055652,10,1e-05,32.3634286010903,5.25482799800858,6.64803604557502,12.5937581191249,1.52871983260478,59.3763301334422,18.1728217024505,90.0620775805064
"320",506,1,0.096,33114285974464924,1.00563942853142,4,1.22105947518311,1.42357727606224e-18,11.0529737547577,0.485950763350507,3.68223813666933,0.129828622134713,0.41049987455107,0.128958888018492,7.70271401463712,277.51569493868,3.23542829071518e-16,2512.05920352944,110.444222036748,836.878871337744,29.5067365897499,93.2961581918013,29.3090681939179,1750.63055987946,8.35590414748771,9.74310310423032e-19,3.56215629976251,17.0564431865426,2.09420269178636,0.257847972684075,11.5014688803787,0.585923728082911,43.6267214586746,10,1e-05,34.4267530711438,5.37607047873519,6.85635664541465,12.7496758024391,1.5231602386847,59.3747018550668,18.6526135629948,87.0406683653994
"321",506,1,0.101,34838988368968308,0.998815145934683,4,1.21545363024632,5.46386142184287e-18,10.7726815322033,0.46825015013155,3.69430175271868,0.128354830929583,0.409650608249001,0.132534357067474,7.39742924087607,274.367049886118,1.23336958481402e-15,2431.74134973318,105.699147300493,833.922947004674,28.9738213161157,92.4713424456633,29.9172750422302,1669.83814688937,8.44268608641536,3.79582565716826e-18,3.42026053363218,16.0749868007219,2.06472736523413,0.25738088708303,11.2466278092312,0.590047155357073,41.4942337842246,10,1e-05,36.9593492550493,5.51539342345092,7.09132331013124,12.9079295508239,1.51342056538031,59.2518639771355,19.1697694062395,83.5909504218996
"322",506,1,0.106,36563690763471688,0.99088332938613,4,1.2101114221463,1.01769500936582e-18,10.5055711049808,0.451771904345783,3.69932071627552,0.126855827974691,0.408053007171064,0.135634872267864,7.11323017873995,270.991907088419,2.27902246334693e-16,2352.61373183497,101.169634206485,828.424521485098,28.4080474896847,91.3792404424411,30.3740234418834,1592.93415169714,8.52022710840016,7.16658998471464e-19,3.28616378804738,15.1737109428842,2.03190893287739,0.256458944644589,10.9883511814356,0.592293323344648,39.5303867981274,10,1e-05,39.4947032547087,5.64504915843328,7.30595368139289,13.0346465564886,1.50113145771929,59.0207869572227,19.6182279248238,80.3795010197615
"323",506,1,0.111,38288393157975072,0.982062319181187,4,1.20501120412897,3.34843539030311e-23,10.2505602079014,0.436377537356134,3.698443292024,0.125339588017296,0.405858515312617,0.138312979621655,6.84779713706028,267.447518095164,7.43172122856652e-21,2275.07169833324,96.8522856206461,820.855006059893,27.8186307475265,90.0787081864592,30.6980242120632,1519.84175952104,8.58919198409887,2.38713541603582e-23,3.15926886307154,14.3438006818511,1.99661756454065,0.255129737948075,10.7289178151392,0.592916750531685,37.7142642516001,10,1e-05,42.0233725430911,5.76519426394904,7.50165021245635,13.1337944113985,1.48691588646459,58.7033756548169,20.0055893724762,77.3801076487811
"324",506,1,0.116,40013095552478456,0.972528709937829,4,1.20013376789924,1.59319438788926e-19,10.0066884291782,0.421946469084807,3.69265892221708,0.123813672452721,0.40319123694676,0.140618488648073,6.59910113720229,263.77918718082,3.50170565897913e-17,2199.38494426394,92.7402424846624,811.615000837307,27.2131913583428,88.6180020968918,30.9067469229798,1450.42626135105,8.65010197442094,1.14852135206508e-19,3.03901930050765,13.5774556840357,1.95955408103547,0.253437382963582,10.470075271638,0.592148552020289,36.0280506037643,10,1e-05,44.537225518484,5.87609059270325,7.67988616125412,13.2090279429229,1.47128806955711,58.3175805119793,20.3390581980573,74.5698428503859
"325",506,1,0.121,41737797946981832,0.962425619450435,4,1.19546210130193,3.28251192697736e-17,9.7731050662052,0.408374545712772,3.68280872925653,0.122284938231564,0.400151987819659,0.14259702974518,6.36538077370873,260.022797862756,7.13973227876466e-15,2125.73039358906,88.8248082783415,801.041060801315,26.5979755784955,87.0363345938747,31.016021838651,1384.52245072344,8.7033851740181,2.39024419624839e-17,2.9249043524627,12.8678380513565,1.9212768316202,0.251422906659775,10.2131498585607,0.590193920298342,34.4566316479324,10,1e-05,47.0294603386924,5.97808403959607,7.84213282428866,13.2636365969465,1.4546655519777,57.8779835182355,20.6252343823428,71.9288027429087
"326",506,1,0.126,43462500341485216,0.951869304317291,4,1.1909811056256,0,9.54905529650392,0.395571937660587,3.66960358678063,0.120759402588266,0.396822380450774,0.144289743565169,6.14510938594405,256.206788561513,0,2054.21629256534,85.0964094345041,789.414160998819,25.978060088111,85.3654077670893,31.0399649890144,1321.9510651304,8.74940681315954,0,2.81645938478712,12.2089775959513,1.88222852942881,0.2491242829448,9.9591338723168,0.587232928394299,32.9871726541851,10,1e-05,49.4945000976319,6.07157463789126,7.98981300380913,13.3005349318089,1.43738358121288,57.3963891083999,20.870068509266,69.4397360611678
"327",506,1,0.131,45187202735988600,0.94095455957819,4,1.18667738214862,5.03435356984078e-18,9.33386907810238,0.38346133930065,3.65364064531282,0.119242218253157,0.393268290083906,0.145733113389685,5.93696655370685,252.353745526718,1.07058413581191e-15,1984.90074686547,81.5452512139407,776.96762028441,25.3575410248527,83.6307554963852,30.9909816807741,1262.52995922285,8.78849105582645,3.72922494360527e-18,2.71326472162077,11.5956788661126,1.84275833345196,0.246576513259597,9.70876172771067,0.583421839594137,31.6087689993112,10,1e-05,51.9278654102485,6.15699621368191,8.12427079948771,13.322274341562,1.41970831227817,56.8823254777362,21.078837520684,67.0877220568875
"328",506,1,0.136,46911905130491976,0.929758835255617,4,1.18253893754419,0,9.12694687687444,0.371976106135857,3.6354180130094,0.11773764830652,0.389542615733312,0.146959110886637,5.73980813746046,248.481581698704,0,1917.80424647628,78.1616640875375,763.894015942098,24.7396818386764,81.8528356431786,30.8798561796043,1206.08003623556,8.82093714612195,0,2.61494122779742,11.0234168558693,1.80313910438744,0.243811718398559,9.46256351375616,0.578895099933348,30.312127287039,10,1e-05,54.3260968867778,6.23480164273997,8.24675074524174,13.3310614655326,1.40184756961119,56.3434439396663,21.2561657986432,64.8598319533032
"329",506,1,0.141,48636607524995360,0.918345812557126,4,1.17855507235318,5.24636107021262e-24,8.92775362183083,0.361058747329419,3.61535173461656,0.116249200492258,0.385688005488708,0.147995573075276,5.55264243895571,244.604572117352,1.0888620607183e-21,1852.92092483791,74.9363542455432,750.352346567814,24.1270744256503,80.0480620434587,30.7159119472119,1152.42958073188,8.8470252083135,3.93920281194335e-24,2.52114827121509,10.4882536170816,1.76358439410366,0.240859191479092,9.22091811700132,0.573767947535299,29.0893028134699,10,1e-05,56.6865436787628,6.30544542420937,8.3583954177243,13.3288000889338,1.38396300781987,55.7859131138867,21.406079689608,62.7448595601995
"330",506,1,0.146,50361309919498736,0.906767890410682,4,1.17471612610032,2.50656878495971e-17,8.7358063538732,0.350659354586128,3.59378807768324,0.114779660495303,0.381738726351619,0.148866649801334,5.37460463695739,240.73403914996,5.13669996183423e-15,1790.22480586955,71.8604613656485,736.473349235159,23.5217433977199,78.2295428255135,30.5071745463866,1101.41527330864,8.86702287040735,1.89248323358164e-17,2.43157803597426,9.9867460606977,1.72425970332191,0.237745560569361,8.98408291551291,0.568138829779118,27.9334584213558,10,1e-05,59.0072895256784,6.36937525932271,8.46024177321244,13.317120846454,1.36617837011741,55.2146893794982,21.5320722272649,60.7330323976185
"331",506,1,0.151,52086012314002120,0.895068458602742,4,1.17101338776471,1.4933341766094e-17,8.55066922870204,0.340734565555142,3.5710148618645,0.113331203076727,0.377722308383784,0.14959317884697,5.2049398383627,236.87899544568,3.02079808237864e-15,1729.67615780171,68.9256522988101,722.364425580779,22.9252558663825,76.4077353019571,30.2605267378174,1052.88371008299,8.88118828227004,1.13286571494569e-17,2.34595308725182,9.51588218887106,1.68529267009711,0.23449483449367,8.7522242612836,0.562091631367383,26.8386932178638,10,1e-05,61.2870110440584,6.4270276072638,8.55322615897118,13.2974170810342,1.34858658320958,54.6337546846305,21.6371573884257,58.8158201734985
"332",506,1,0.156,53810714708505504,0.883283398611293,4,1.16743888769727,1.40621084998977e-17,8.37194438912311,0.33124633406637,3.54727146393556,0.11190546505837,0.373660921006773,0.150193106114861,5.04298319093769,233.046541777548,2.80710689915926e-15,1671.22468542013,66.1240716273585,708.113594748379,22.3387981269851,74.5909583411299,29.9818554510693,1006.69063303902,8.88977078558441,1.07108446119069e-17,2.26402114260959,9.07300881116931,1.64678069809447,0.231128674036107,8.52543812611328,0.555697639728727,25.79986418026,10,1e-05,63.5248980508338,6.47881942988457,8.63819142871203,13.2708774047263,1.33125712612143,54.0463156144196,21.7239308684534,56.9857100575959
"333",506,1,0.161,55535417103008888,0.871442735208648,4,1.16398542719391,3.3403040052064e-18,8.19927143113404,0.322161365606029,3.5227572615326,0.110503653242485,0.369572363274457,0.150681977705077,4.88815056700091,229.242341638212,6.57859706871957e-16,1614.81418812242,63.4484110466332,693.793156503339,21.7632589180725,72.7858201507283,29.6762215443391,962.701985849488,8.89301252961567,2.55275321921225e-18,2.18555455091058,8.65579169755029,1.60879791991666,0.227666506294782,8.30376633202523,0.549017857357003,24.81249401344,10,1e-05,65.720518907548,6.52514693843019,8.71589011603362,13.238514651781,1.31423977691474,53.4549466240175,21.7946412552623,55.2361014071103
"334",506,1,0.166,57260119497512264,0.859571489023303,4,1.16064638514189,7.51214281802374e-19,8.03231926414348,0.313450198097671,3.49763806924371,0.10912660428764,0.365470976520089,0.151073131220629,4.73992337605075,225.470830380341,1.45933257605283e-16,1560.38369442302,60.891824894043,679.462211693236,21.1992786091459,70.9975455149713,29.3479433361688,920.792476691078,8.89114826512696,5.75635814046085e-19,2.11034542022956,8.26216086825215,1.5713994844037,0.224125740787862,8.08721113025061,0.542104040989996,23.8726391993326,10,1e-05,67.8737815153898,6.56638379082546,8.78699777491586,13.2011931111609,1.29756988285686,52.8617220438657,21.8512176997518,53.5611341493735
"335",506,1,0.171,58984821892015648,0.847690588442793,4,1.15741566725128,2.71219010431844e-18,7.87078336647951,0.305086646266745,3.47205208615699,0.107774844898994,0.361368278315347,0.151378119457218,4.59783953334836,221.735463178203,5.19596153762642e-16,1507.86951025671,58.4479117861763,665.169047980168,20.6472971023375,69.2302383986712,29.0007284181718,880.845237707252,8.88440534050886,2.08252244966836e-18,2.0382037184967,7.89027413830697,1.53462567764837,0.220522003035033,7.87574265468397,0.53500041921133,22.9768127749453,10,1e-05,69.9848603352884,6.60287798408049,8.85211573580865,13.1596489307375,1.28127129572753,52.2683077755318,21.895331198292,51.9555867268365
"336",506,1,0.176,60709524286519032,0.835817645518989,4,1.15428766770032,9.49592717923494e-25,7.71438338520403,0.297047396599406,3.44611447301544,0.106448652033495,0.357273508789011,0.151606913606869,4.46148618758256,218.038924151169,1.79373115031475e-22,1457.20681322936,56.1107049731169,650.953062415577,20.1075955467551,67.4871036604486,28.6377557880164,842.751487065488,8.87300372943593,7.30178444181045e-25,1.96895586116469,7.53848971047875,1.49850511005054,0.216869026925616,7.66930807429398,0.527744725225049,22.1219176821084,10,1e-05,72.0541298790667,6.63495892784622,8.91178465024457,13.1145103995194,1.26535792745108,51.6760403112425,21.9284239840975,50.4147939196829
"337",506,1,0.181,62434226681022408,0.823967473938978,4,1.15125719901118,2.75917773589503e-17,7.5628599506263,0.289311545551979,3.41992108522328,0.105148106726088,0.353194058226547,0.151768125063469,4.33049250881569,214.383257863868,5.13804832277866e-15,1408.33043769543,53.8746265615851,636.84624471163,19.5803280948147,65.7706140085836,28.2617516910583,806.40980398852,8.85715632810366,2.1234452569498e-17,1.90244211609703,7.20533552722884,1.46305700259614,0.213179207911603,7.46783739942725,0.520369171682958,21.3051885965698,10,1e-05,74.0821354951632,6.66293087520642,8.96648585584839,13.0663146418642,1.24983759092995,51.0859885818877,21.9517416091802,48.9345653496173
"338",506,1,0.186,64158929075525792,0.812152569197959,4,1.14831945557818,0,7.41597277885121,0.281860259493491,3.39355225415804,0.103873124325561,0.349135853624307,0.151869267521629,4.20452378599528,210.769994720368,0,1361.17570407083,51.734458661952,622.874573114368,19.0655464029068,64.0826571975434,27.8750695707782,771.7255436813,8.83706809315934,0,1.83851556737586,6.88948754003579,1.42829341323085,0.209463467226713,7.27124773897349,0.512901437799541,20.5241415239451,10,1e-05,76.0695409247953,6.68707610743303,9.01665031698801,13.0155209010005,1.2347122457501,50.4990098682198,21.9663708543285,47.5111187817467
"339",506,1,0.191,65883631470029176,0.800383485734423,4,1.14546997008582,1.19253253495031e-16,7.2734985040818,0.274676514725982,3.36707490815511,0.102623493989253,0.345103595148263,0.15191685972003,4.08327694253304,207.200245926274,2.15713236461603e-14,1315.67890747693,49.6853194651026,609.058960288291,18.5632218632443,62.42463936388,27.4797345337471,738.610359741291,8.8129366251187,9.17815314742443e-17,1.77704048744386,6.58975102182976,1.39422054296836,0.205731522570824,7.07944703386233,0.505365224941003,19.7765369918885,10,1e-05,78.017107918261,6.70765698732388,9.06266411437508,12.9625229389852,1.21997999922683,49.9157840022448,21.9732545899051,46.1410294506233
"340",506,1,0.196,67608333864532560,0.0143978283946873,-1,0.922014574942235,0.0844444103689744,0.323277678861035,0.0190918727966353,0.189472117108385,0.00713086580879079,0.011503305355713,0.0171429989090054,0.142224327218182,3.00015172379666,0.274774445240569,1.05191621896073,0.0621232208665689,0.616525068261245,0.0232031899818359,0.0374307113252131,0.0557817621604508,0.462785049245217,0.314941902760257,0.00288839637590993,0.00142214291326393,0.00707483747924546,0.00492073543088507,-0.000642290317606229,0.238909367362775,0.057736021468945,0.979883784091785,10,1e-05,216.694810892442,2.38620137496103,0.0502922720209686,0.277533712076186,0.839140973966721,1.66383808665033,2.47956336219854,1.60713489756546
"341",506,1,0.201,69333036259035936,0.777017114495464,4,1.14001940371145,0,7.00097018584063,0.261051212065378,3.31400835780665,0.100198956914205,0.337130913394585,0.151873348600113,3.8538712392225,200.194096784201,0,1229.41144545837,45.8421246548159,581.95931382087,17.5955247891865,59.2021666344762,26.6698511881533,676.762403645925,8.75329774548713,0,1.66095128481323,6.03438437045577,1.32814973897384,0.198252382798631,6.70981433056892,0.490165816199179,18.3737293339175,10,1e-05,81.7961173377572,6.73907992291846,9.14359141080514,12.8512173898253,1.19167247935544,48.7626153133928,21.9669611415204,43.5487450032142
"342",506,1,0.206,71057738653539320,0.00237784299801489,-1,0.869616051592565,0.131983777199432,0.0797011670054076,0.0353795100362321,0.0603233067822323,0.00244734358483711,0.00531681862727014,0.00347595986318393,0.0210242647927728,0.467325159268407,0.0709270943051411,0.0428308107888178,0.0190126839681046,0.0324172936987272,0.0013151841303688,0.0028572185474727,0.00186795482178391,0.0112982825866547,0.04893981116493,0.0007437838092062,7.53269290019459e-05,0.00226070537030744,0.000605676219284224,-6.36292025990951e-05,0.0771515428905737,0.0081793171749473,0.0996816578026811,10,1e-05,216.305871336556,7.71068023759845,0.0500152042132513,0.098075016307896,0.327308564433421,0.769024646248353,0.502762834610923,0.237574192158333
"343",506,1,0.211,72782441048042688,0.00569094405541594,-1,0.901586611863737,0.103478739070337,0.253134012122406,0.00792712170670761,0.207409729304053,0.00415160538064221,0.0197336802367863,0.0152700055974289,0.0516570537232456,1.15957864704565,0.133089527584185,0.32556915934162,0.0101954941906563,0.266760719520142,0.00533960119527608,0.0253805390731141,0.0196395689532735,0.066438893034293,0.123162322015393,0.00141554471386338,0.000490761318995274,0.00114855868818317,0.00537920722361549,-0.000190096921312038,0.158278222273609,0.0198610314767803,0.274179156283547,10,1e-05,218.590640214921,1.09105985722871,0.0570779617582556,0.0904816420967952,0.524686074169211,2.85427950944877,2.20865360961212,0.583724707072675
"344",506,1,0.216,74507143442546080,0.742494006288856,4,1.13240997445996,4.0123299783925e-26,6.6204987247104,0.242274655623458,3.23471800271338,0.0967422608917503,0.325435786027558,0.151527014884588,3.53901749088995,190.022521825801,6.73283597007353e-24,1110.94382051335,40.6545704068017,542.797472765152,16.2337040439324,54.6093112459643,25.4267854774385,593.86003618101,8.63803389142259,3.06180001903854e-26,1.50233987983171,5.29810958846247,1.23416314745832,0.187096777406049,6.18871591728996,0.467277461364974,16.4751609838203,10,1e-05,87.1880238869388,6.76499499443369,9.2414470688321,12.6747639155035,1.15197295556244,47.071032091026,21.9168674329067,39.9908976470564
"345",506,1,0.221,76231845837049456,0.00177203157756878,-1,0.987550813603319,0.0146694414706112,0.111019165410759,0.0100484553667752,0.0964038499431307,0.00232334110013684,0.00859326274893575,0.0071683577287828,0.0170761700684236,0.395493497111893,0.00587480525353571,0.0444608595020424,0.00402419672875183,0.0386077305834451,0.000930449637648725,0.00344142244567387,0.00287077771356498,0.00683864984425098,0.0426536485082191,6.3448890592616e-05,7.80655536483911e-05,0.000456697329382215,0.00147706330930539,-4.49121342155132e-05,0.0451489174090511,0.00610742927672747,0.0970203636304755,10,1e-05,221.062079108513,2.03939804676337,0.0523799999627153,0.0450839021774226,0.328308453964539,1.24292952400607,1.03683126189114,0.192960721773186
"346",506,1,0.226,77956548231552848,0.0034130243027033,-1,0.963648901770901,0.039065616711543,0.136540181732925,0.0266249591387807,0.108929135128795,0.00310382827558099,0.00988107821290417,0.00755480738487411,0.0305989071081652,0.743304309349939,0.030133009227469,0.1053193806323,0.0205369889674058,0.0840217795155485,0.00239411774193048,0.0076217053775272,0.00582735151274079,0.0236022678727702,0.0781671995028593,0.00031731818353503,0.000172196173848902,0.00240054216115298,0.00145224257187963,-9.96846795452981e-05,0.138071296312001,0.0171187475677991,0.108167792528736,10,1e-05,216.981877855928,5.60231958497771,0.0354417270512652,0.107222466606246,0.401763777851697,1.42919915271446,1.09272734014819,0.345767650322267
"347",506,1,0.231,79681250626056224,0.708710218374628,4,1.12540456369209,9.65370500738246e-21,6.27022817897901,0.225233964849944,3.15642704377079,0.0934889978655712,0.314086507121079,0.150922462936121,3.25466220755607,180.25437138525,1.54621954076282e-18,1004.29310072815,36.0753884056062,505.56021448121,14.9739934290031,50.3067676533687,24.1730259163116,521.294394230713,8.49564476230164,7.29058841080021e-21,1.36012040207492,4.66021939693537,1.1461119801173,0.17613913422267,5.70509174510746,0.444546057660734,14.7898094669635,10,1e-05,92.2707102126363,6.76965652162693,9.31643650897132,12.4912862905487,1.11533011718806,45.4294723899929,21.8294250390806,36.7776829453836
"348",506,1,0.236,81405953020559616,0.697627433158027,4,1.12319084745027,9.36673309645001e-18,6.15954237224371,0.219897480923928,3.13063075421811,0.0924471346687638,0.310382568582233,0.150675157471497,3.16590387773114,177.08653701485,1.47679473257652e-15,971.136856014286,34.669872429522,493.587140774151,14.5755665411632,48.9360951834462,23.75601787654,499.148435461336,8.44283246127678,7.0438082948969e-18,1.31598218058333,4.46659578699238,1.11802890745094,0.1725481953267,5.55172541650478,0.437040652256485,14.2699602179705,10,1e-05,93.9006185022749,6.76717410677355,9.33718606284185,12.4291763841732,1.10374163038156,44.8937347197342,21.7936547766774,35.7747138183619
"349",506,1,0.241,83130655415062976,0.686637394438423,4,1.12103378139238,3.21535590138265e-17,6.05168906985131,0.214719944030381,3.10500291337767,0.0914255847181227,0.306718309261527,0.1504081812241,3.07992803198766,173.962079529594,4.98959093219775e-15,939.101419361566,33.3202518960746,481.83451089737,14.1874269123446,47.5965629177239,23.340349254694,477.943389520862,8.38756800940722,2.40677233366152e-17,1.27336035838415,4.28160629632612,1.09055914970818,0.168992806759961,5.40211252850087,0.429580847970021,13.7694067644041,10,1e-05,95.4998994247934,6.76288323711353,9.35605610438984,12.3667519887906,1.09244689856175,44.3637362515872,21.7550393322538,34.8031867614606
"350",506,1,0.246,84855357809566368,0.675741677563754,4,1.1189311314502,1.80602610665346e-25,5.94655657251615,0.209694365566738,3.07955129921603,0.0904237810608397,0.3030935745483,0.150123164385374,2.996609901733,170.880498364849,2.75812007093671e-23,908.143961773002,32.024024254204,470.301742403149,13.8093045562903,46.2877290784383,22.9264522411072,457.635129652274,8.329976204801,1.34510697932488e-25,1.2321904965658,4.10478566603706,1.06369018932295,0.165475214656953,5.25615585678134,0.422171334594115,13.2872469268237,10,1e-05,97.0694404425551,6.75689635058324,9.37317526957623,12.3040922788081,1.08143464949978,43.8394546226661,21.7138144967005,33.8616918895829
"351",506,1,0.251,86580060204069744,0.664941572389672,4,1.11688078327324,0,5.84403916453588,0.204814209052235,3.05428183984644,0.0894411557849571,0.299508098113826,0.149821557863063,2.91583290893535,167.841264909543,0,878.223477605168,30.7788229805765,458.987687018569,13.4409302646638,45.0091171689339,22.5147035915137,438.182025360223,8.27017687929746,0,1.19241162902935,3.93570121971868,1.03740940737022,0.161997474162877,5.11376074742142,0.414816163773049,12.8226383501964,10,1e-05,98.6101131946109,6.74931700064188,9.38865874482924,12.2412630140964,1.07069473040574,43.3208513111837,21.6701901293134,32.9489118709694
"352",506,1,0.256,88304762598573136,0.654237056569067,4,1.11488054216889,4.4181655254088e-17,5.74402710551324,0.200072865618817,3.02919697611441,0.0884770657910605,0.295961201070157,0.149504661786743,2.8374798945667,164.843533139642,6.53259239583913e-15,849.297917318245,29.5822886906053,447.889718433148,13.0820043719245,43.7601054205734,22.1053967107811,419.542895710721,8.20827787286948,3.25435971671966e-17,1.15396272343593,3.7739339126538,1.01170176723329,0.158560818725611,4.97482129112897,0.407518157816811,12.3747462647398,10,1e-05,100.122904624935,6.74024025952813,9.40261627991364,12.1783185895399,1.06021504710773,42.8078281227875,21.6243542808346,32.0635228086037
"353",506,1,0.261,90029464993076512,0.643631101324783,4,1.11292890245289,6.02448127329228e-17,5.64644511237054,0.195465552993757,3.00430431311477,0.087531151238068,0.292453113292615,0.149173640705908,2.76146431710602,161.887338071117,8.76324834805759e-15,821.335457091368,28.4325422666411,437.007994790857,12.732336307378,42.5404137831316,21.6988915922947,401.684336249497,8.14440231375509,4.41077579415978e-17,1.11679708569982,3.61914054466857,0.986559626676208,0.155167395696611,4.83927551091117,0.400281680755902,11.9429226251347,10,1e-05,101.608352405178,6.72975883663144,9.4151406216783,12.1153201884446,1.04998751286129,42.3004183066439,21.5764753917026,31.2045467832981
"354",506,1,0.266,91754167387579904,0.63312327656983,4,1.11102386310923,4.97582851675265e-17,5.55119314661808,0.190986372715066,2.97960372070072,0.0866027836042986,0.288983013599529,0.148829516308847,2.68768183757732,158.971805494331,7.11970705043783e-15,794.297248212094,27.3274494846221,426.339162339711,12.3916338141305,41.3493831721536,21.2953994095618,384.569268492823,8.07864925429119,3.61982790989285e-17,1.08085946058637,3.47095314774527,0.96196802130042,0.15181804170327,4.70702244888635,0.393108605016646,11.5264257850942,10,1e-05,103.067406963316,6.71795451605637,9.42632291302451,12.0523052948193,1.04000126218581,41.7985030870359,21.5267012389116,30.3708047646237
"355",506,1,0.271,93478869782083280,0.622715104414426,4,1.10916389866839,0,5.45819493322172,0.186630660858471,2.95509898555391,0.0856915369342215,0.285550712397742,0.148473260464629,2.61604885915082,156.096643531671,0,768.151496672733,26.265207310732,415.881758775782,12.0596796474904,40.1865836211205,20.8951784678138,368.166009296332,8.01112642143984,0,1.04610457635292,3.32905702281586,0.937917082797554,0.148514083097624,4.57799025930166,0.386001851952808,11.1246408106461,10,1e-05,104.500702115359,6.70490682392918,9.43624522565512,11.9893182661682,1.03024802656429,41.3020550412094,21.4751723936039,29.5613521084043
"356",506,1,0.276,95203572176586672,0.612403824377858,4,1.1073468350387,1.84361217291171e-18,5.36734174292942,0.182392318578823,2.93078337541196,0.0847966308284564,0.282154627419559,0.148105617815069,2.54645884131634,153.260416692034,2.5516194285152e-16,742.857617885514,25.2436922762684,405.629986140725,11.7361305090971,39.0511214748684,20.4983009681654,352.438216067704,7.94191022427301,1.32289435149249e-18,1.01247609735238,3.19310240050562,0.91438762000721,0.14525534389952,4.45205874207833,0.378961217638938,10.7368332611197,10,1e-05,105.909419510888,6.69068211056447,9.44498414993224,11.9263718453863,1.02071564632316,40.810845309965,21.4219965607716,28.7749849068747
"357",506,1,0.281,96928274571090048,0.602193788442097,4,1.10557185083367,0,5.27859254173616,0.178268515223637,2.90666635275454,0.0839179350460409,0.278795507102255,0.147727466972037,2.47885908761629,150.463681282155,0,718.394254719167,24.2615955145981,395.585071530748,11.4208781845366,37.9428965126945,20.1050872363831,337.362301166785,7.87112126089849,0,0.979943643079845,3.06285512419344,0.891377154483365,0.142043771268382,4.32919865437837,0.371991076247771,10.3625770055144,10,1e-05,107.293727276006,6.67535521246506,9.45260772608467,11.8635196768962,1.01139944814144,40.3249821472701,21.3673008228354,28.0111076900641
"358",506,1,0.286,98652976965593424,0.592081035863324,4,1.10383676840899,1.42954435521463e-17,5.19183840601272,0.174253303972161,2.88273770980438,0.0830546162809913,0.275471409792339,0.147339354107518,2.41314647386748,147.704744701578,1.91287779198458e-15,694.721527891542,23.3168893383682,385.740038431573,11.1135642924389,36.8609158712906,19.7155252531712,322.903887649849,7.79882041253458,1.01051548885025e-17,0.948452696492111,2.93799152061896,0.868864900286227,0.138878571995973,4.20928387834052,0.365090029266701,10.0011731451675,10,1e-05,108.654887379359,6.65898051206523,9.45918133812832,11.8007597361313,1.00228705439253,39.8441847123639,21.3111641781115,27.2685551547025
"359",506,1,0.291,100377679360096800,0.00118357694765435,-1,1.00161199124061,7.06144221244812e-12,0.0811682859552169,0.00506023812597158,0.0738812277715769,0.00200546186390733,0.00690426375621807,0.00482419537302423,0.00888056459170814,0.267919579111802,1.8888538096854e-12,0.0217115741430096,0.0013535549501924,0.0197623706803935,0.000536437765523664,0.00184681039745904,0.00129041625419525,0.00237544792643567,0.0292016971527829,2.06169241591521e-14,4.06697149674353e-05,0.000152329477191785,0.00056604540977497,-2.95620393701055e-05,0.0272258631942029,0.0030848830062346,0.0401084539704968,10,1e-05,222.768593480003,1.02319336060601,0.0685937760596963,0.061293654177624,0.279000390270325,0.998632709699382,0.697771618754225,0.100350379886302
"360",506,1,0.296,102102381754600176,0.572156556116449,4,1.10048233350929,1.12393262891704e-17,5.02411667545967,0.166536288473966,2.835461890555,0.0813730538543493,0.268928734186608,0.146535943683287,2.28715824913766,142.300489133733,1.45332785432587e-15,649.655372570159,21.5343714176597,366.646152927661,10.5221365334001,34.7744704768103,18.9481792000334,295.746444689104,7.65008691172296,7.81720840896893e-18,0.888467475079984,2.70352372779128,0.825310131320088,0.13269162906602,3.97810201197693,0.351505722594809,9.31520060570348,10,1e-05,111.309256818759,6.62333533680976,9.46940621075236,11.6756510591901,0.984651352153911,38.897852112751,21.1949588943506,25.8448882152556
"361",506,1,0.301,103827084149103568,0.562342662238596,4,1.09886003116994,5.61167896173234e-17,4.94300155849971,0.162826196843203,2.81210654787165,0.080553750272184,0.265708216953664,0.146121621143738,2.22673709151944,139.653507830386,7.13185146054968e-15,628.203308223514,20.6934904453883,357.389051074094,10.237531146188,33.7687089386889,18.5705152464772,282.994773698006,7.57380086941124,3.86986494168448e-17,0.859893688487881,2.59342860764204,0.804241242087106,0.1296696404666,3.8666686864773,0.34482280826988,8.98960359132761,10,1e-05,112.604041527469,6.60416552556032,9.47316419408244,11.6133208278931,0.97611100840621,38.4320365001779,21.1350312822303,25.1621291341697
"362",506,1,0.306,105551786543606944,0.552627795895531,4,1.09727275638774,0,4.86363781930667,0.159210505643188,2.78893757176886,0.0797482252163004,0.262520833725178,0.145699514888473,2.16795071676915,137.042654018082,0,607.438607274576,19.8844180846438,348.321239637971,9.96006541969739,32.7872459963138,18.1969780013455,270.763780725329,7.49633998839219,0,0.832220764502276,2.48780794323427,0.783631252767178,0.126695569790812,3.75791978052402,0.338213829876499,8.67501397040409,10,1e-05,113.87801634015,6.58416255597092,9.47608164618586,11.5511583786322,0.967746756454762,37.9710133900098,21.0739778334687,24.4978430994913
"363",506,1,0.311,107276488938110320,0.543165990395957,-1,1.09614799867391,4.14623389630336e-17,4.78848511139387,0.155797032370895,2.76680412284763,0.0789815126693093,0.259470659860217,0.145293371829288,2.11248531982519,134.558210810379,5.08973072397952e-15,587.812950314,19.1249447617983,339.640461765702,9.69541617075115,31.8514541748168,17.8355625149229,259.319220892388,7.42486110082344,2.81003136900196e-17,0.806049512167148,2.38878671854541,0.763897847284751,0.123867395994071,3.65404367784124,0.331803380869716,8.37777448049884,10,1e-05,115.173358759547,6.56482837899264,9.48007600998509,11.49147863483,0.959599555853556,37.5298362421817,21.0152333013883,23.8710841140246
"364",506,1,0.316,109001191332613712,0.533494230598191,4,1.09419869938097,0,4.70993496941118,0.152249328256315,2.74314891653528,0.0781768879297058,0.256242891272519,0.144833530568722,2.055052877074,131.927204674001,0,567.875427984219,18.3566552416059,330.740631265375,9.42576362091599,30.8951275324056,17.4625347679611,247.777100889462,7.33818281334172,0,0.77944912713382,2.2891951037658,0.743747069222055,0.120890992263152,3.54821380307958,0.325219515787662,8.07719908634244,10,1e-05,116.365916827289,6.54183117280365,9.47956646779101,11.4273748880932,0.951519476330188,37.0629717936572,20.94872186146,23.2220975109362
"365",506,1,0.321,110725893727117088,0.524074973615591,4,1.09270974812396,1.84950744409467e-17,4.6354874063264,0.148897736027455,2.72052387659386,0.0774102945446108,0.253151056522244,0.144390348605474,2.00083375471949,129.421574126369,2.19057407682261e-15,549.031504477496,17.6355884200822,322.221416219311,9.16854836405549,29.9834501184897,17.1017291986817,236.980638770319,7.25762427844717,1.22910894026466e-17,0.754289843283787,2.19583242835743,0.724453099229065,0.118060252259696,3.44713113256091,0.318834825185406,7.79319556900678,10,1e-05,117.58098448391,6.51958262820851,9.480211134994,11.3657676347599,0.943643851544198,36.6157688153773,20.8846200222957,22.6094214283302
"366",506,1,0.326,112450596121620480,0.514753639738529,4,1.09125148064637,1.69497170060482e-17,4.56257403225358,0.145628311779652,2.6980745493757,0.0766559190478166,0.250089805714656,0.143940781004297,1.94803373305907,126.950001766408,1.9718338458367e-15,530.783959267461,16.941570999487,313.878674974409,8.91771441424464,29.0940281322054,16.7452532499016,226.623184700183,7.17616666585989,1.11526470925466e-17,0.729910046828593,2.10620173528013,0.705578478060135,0.115277014645224,3.34848150400451,0.312525383164316,7.51864035572468,10,1e-05,118.777527142835,6.49666104192027,9.48017084690254,11.3043561799036,0.93591954213613,36.1729894985679,20.8195945644615,22.0127811835675
"367",506,1,0.331,114175298516123856,0.505528956812857,4,1.08982278498793,2.66229446071827e-17,4.4911392544826,0.142438037116693,2.67579575872735,0.0759133296442627,0.247058217984629,0.143485056048952,1.89660014951042,124.511756486917,3.04165928768956e-15,513.110612941689,16.2734808229804,305.708445913138,8.67306331357556,28.2262888054178,16.3931022588014,216.685702686523,7.09386425610557,1.73394011605496e-17,0.706280475569664,2.02013312654656,0.687112150715472,0.112540724330819,3.25219732065274,0.306290679379832,7.25316295616704,10,1e-05,119.956185009399,6.47309836101131,9.47947744855994,11.2431385073273,0.928339805027693,35.7345006492968,20.7536785069204,21.4315816894677
"368",506,1,0.336,115900000910627248,0.496402392608565,4,1.08842301662761,5.76705792745098e-17,4.42115085416837,0.139324968538981,2.6536888704426,0.0751823208353656,0.244056285898503,0.143023512864889,1.84649795797542,122.106848455064,6.46988585890742e-15,495.995388832923,15.630441987627,297.709236022972,8.43447457146609,27.3799280807659,16.0453703607033,207.152956968597,7.01079388657639,3.71687503348668e-17,0.683380036459403,1.93749065526543,0.669048837173968,0.109851620711144,3.15824146636357,0.300131998847801,6.99648842372453,10,1e-05,121.117230836004,6.44893057966297,9.47816106748603,11.1821276576877,0.920900737899204,35.3003011923594,20.6869209007775,20.8654269251222
"369",506,1,0.341,117624703305130624,0.487372627368824,4,1.08705114359461,6.20296303472595e-17,4.35255718194316,0.136286312352737,2.63174862740167,0.0744624943606258,0.241083120138555,0.142556316278083,1.79767869103305,119.734567657985,6.83232892525574e-15,479.41769387529,15.0114212964221,289.877146943097,8.20176182283622,26.5543928908215,15.7020384892183,198.007501419902,6.92700545466993,3.95505046255594e-17,0.661181617639112,1.85812014299923,0.651377967183722,0.107209132179029,3.06654990543423,0.294048673169315,6.74827631539888,10,1e-05,122.261271437623,6.42418354131039,9.47624970496604,11.1213213326447,0.913596681478055,34.8702624968406,20.6193455864619,20.3137692086734
"370",506,1,0.346,119349405699634000,0.00630302783511293,-1,0.95987013647649,0.0437610421597939,0.181508688636948,0.0213957988878747,0.148777557815719,0.00361870699695352,0.0146356836874547,0.00934266406647688,0.0367928938826011,1.36731993055692,0.0623369171028413,0.258556275595337,0.030477979403514,0.211931293922487,0.005154791269935,0.0208483014969534,0.0133084781963156,0.0524108993464644,0.143854187146014,0.000656738644272543,0.000402752768270987,0.0035262671982418,0.0037289116703786,-0.000206618236489344,0.0830769361847268,0.0085997874305495,0.172120738067428,10,1e-05,217.05430991068,4.3365389076116,0.15157395890693,0.105483039193053,0.468333362767435,2.11690528855345,1.35132293057522,0.415759700873393
"371",506,1,0.351,121074108094137392,0.469601833847658,4,1.08438767374792,1.19307827230997e-17,4.21938368887704,0.130422978018837,2.58835380186113,0.0730550492124848,0.235220615748428,0.141605630195661,1.70372597346486,115.086079483803,1.26621414279726e-15,447.803251868804,13.8417925416952,274.702026392124,7.75333342853512,24.9639673482176,15.028607578806,180.816462181935,6.75749795582133,7.43932834528652e-18,0.618797107112683,1.70865097237018,0.61717952341401,0.102062478816933,2.88974876661635,0.282107577730915,6.27605911827054,10,1e-05,124.500253455655,6.37306883207357,9.47073954653145,11.0003127578206,0.899373687718731,34.0223098618527,20.4818383515004,19.2521035001529
"372",506,1,0.356,122798810488640752,0.00824963631524493,-1,0.893679091084928,0.111576226474509,0.261870906111383,0.019081118712195,0.224047745341708,0.00499162114126148,0.0165849519118471,0.0207276169349582,0.0431703973076712,1.66619121138158,0.208024703504315,0.488236780553539,0.0355751775091788,0.417718606088253,0.00930646734279027,0.0309212796767556,0.0386449381152965,0.080487657486279,0.173656741733728,0.00217104879151505,0.000716427297792297,0.00409703773174715,0.00398642373245434,-0.000312727821653279,0.144010315013865,0.0291862490458069,0.130313974051429,10,1e-05,215.53234310594,3.72694224146404,0.059863247669862,0.218650252170441,0.581530977986318,2.39884744452956,2.99804251347236,0.487825489576684
"373",506,1,0.361,124523512883144144,0.452213165423947,4,1.0818259630131,2.66357853728465e-17,4.09129815349291,0.124830382111631,2.54558645554568,0.0716885313701353,0.229466170775942,0.140634441303362,1.61443310651197,110.562803156864,2.72218193664376e-15,418.131388842624,12.7576869452866,260.159382216516,7.32658047917911,23.4514828984119,14.3728645664893,164.995346634184,6.58576609372642,1.62249698543678e-17,0.578949460834975,1.57070179648579,0.584452026351142,0.0970975635686072,2.7213890301036,0.270466312492406,5.8342718200223,10,1e-05,126.676720650301,6.31995343292639,9.46313598155827,10.8801084930168,0.885634794634844,33.1899869410322,20.3413655901182,18.2430941035852
"374",506,1,0.366,126248215277647520,0.443661877268229,4,1.08058151777302,2.32427417832192e-18,4.02907588868298,0.122130784014182,2.52443187969428,0.0710199505340602,0.226628354856589,0.140141532152945,1.57144925365502,108.347298385936,2.33049357024325e-16,403.985706169011,12.2457586772018,253.11868621249,7.12099887450097,22.7234776668819,14.0516528838381,157.565420455286,6.4991998231308,1.39882114460123e-18,0.559927281543373,1.5057607486974,0.568622069491922,0.094682396737618,2.64026265109061,0.264758110930603,5.62416348467946,10,1e-05,127.742475159813,6.29270530764291,9.45860162921991,10.8203077605637,0.878937119255236,32.779525246457,20.270071210602,17.7573765663018
"375",506,1,0.371,127972917672150896,0.435203928879701,4,1.07936019786613,8.38246410708331e-21,3.96800989330774,0.119492650843175,2.50342208029896,0.0703606664333671,0.223815624523834,0.139643813882739,1.52952213949073,106.161646526022,8.24466376759635e-19,390.277929960638,11.7528296729392,246.226802247808,6.92039989430937,22.0136292450607,13.7348192366861,150.437814037756,6.41221566536808,4.98297676744566e-21,0.541477241780049,1.44335274865603,0.553135422025178,0.092311060276344,2.56109726815895,0.259123558710743,5.42088721126987,10,1e-05,128.793966772957,6.26501887906322,9.4536004342107,10.7606933147261,0.872347251664721,32.3726919311274,20.1980812399994,17.2836001762453
"376",506,1,0.376,129697620066654288,0.426839729153076,4,1.07816145847537,7.27092208551965e-20,3.90807292374429,0.116914443178278,2.48255594922908,0.0697104810645585,0.221027739185521,0.139141431739007,1.48862447703725,104.005684751674,7.0139516149085e-18,376.995298151615,11.2782428128276,239.481693028643,6.72467584562025,21.3216129944138,13.4223865744635,143.601319501164,6.32486767804355,4.26810905881434e-20,0.523582904277937,1.38338202694697,0.53798652739579,0.0899832888469193,2.48385676067174,0.253562929094902,5.22423447524314,10,1e-05,129.83147671562,6.23691624966572,9.44815111036321,10.7012685043498,0.865861947066525,31.9694521957937,20.12541668673,16.821456590521
"377",506,1,0.381,131422322461157664,0.418568825881089,4,1.07698465409699,4.66083102884061e-17,3.84923270473432,0.114394421026314,2.46183023053693,0.0690691341600611,0.218264189667757,0.138634469637489,1.44872596453681,101.879037687557,4.40898557130064e-15,364.124151910604,10.8213181001709,232.880657939858,6.53370212414004,20.6470403458532,13.1143431833153,137.044484875914,6.23719989514345,2.70100132027373e-17,0.50622653722787,1.32575091759559,0.523168426799666,0.0876986327639135,2.40849815268159,0.248075903517201,5.03398493353664,10,1e-05,130.855383834376,6.20841507282787,9.44226877609652,10.6420287210646,0.859478114980345,31.5697323935444,20.0520896883664,16.3706033992659
"378",506,1,0.386,133147024855661056,0.410389953820814,4,1.07582904997412,2.04972910815208e-17,3.79145249819266,0.111930668387467,2.44123969986932,0.0684363106187488,0.215524205460816,0.138122956135585,1.40979368271464,99.7811321151808,1.90108540892974e-15,351.650127536243,10.3813601337304,226.420415979049,6.34733980411591,19.989466932151,12.8106458313574,130.755727142227,6.14924605072984,1.17235530754407e-17,0.489389554678953,1.27036078540247,0.508672922904028,0.085456333258702,2.33497234778811,0.242661612941619,4.84990900697176,10,1e-05,131.866153811626,6.1795287179569,9.43596799176479,10.5829640601622,0.853191352830772,31.1734210778524,19.9781043754511,15.9306686146755
"379",506,1,0.391,134871727250164432,0.402305101631434,4,1.07469438803523,4.51690346127996e-18,3.73471940176062,0.109522316383591,2.42078708983829,0.0678119515204964,0.212808111516743,0.137607078543515,1.3718113283667,97.7122379102815,4.10681167167211e-16,339.564247078784,9.95787337693596,220.100269142433,6.16552725491109,19.3487162985725,12.5113667164157,124.726393268364,6.06107399212045,2.5491328134894e-18,0.473060642535967,1.21713902904336,0.494497678631168,0.0832565178999798,2.26326062447024,0.237321284898804,4.67185824094378,10,1e-05,132.863846118204,6.15028189003897,9.42926364040555,10.5240874924059,0.846999758090224,30.7805652497817,19.903487840534,15.5014680105437
"380",506,1,0.396,136596429644667824,0.394310586158174,4,1.07357964014582,6.32634251538247e-18,3.67898201482521,0.10716685755332,2.40046118017117,0.0671955701087605,0.210114355061438,0.137086704923515,1.33473691366633,95.671182685704,5.63766904557992e-16,327.849511369231,9.55008797059891,213.915159630731,5.98807896792088,18.7241710780221,12.2163710078717,118.944002223607,5.97268828139651,3.52190941171905e-18,0.457217447113557,1.16597937585776,0.480630658991158,0.0810978834700185,2.19329477478016,0.232052442196387,4.49956626062397,10,1e-05,133.849201675919,6.12067725773491,9.42216467537057,10.4653690542765,0.840898861991672,30.3909403160864,19.8282210001372,15.0825271244295
"381",506,1,0.401,138321132039171200,0.386409158821437,4,1.07248469809884,0,3.6242349049411,0.104863751866826,2.38026699990048,0.0665871890101596,0.207443538909371,0.136562088643686,1.29855954092494,93.6584476693192,0,316.498888783645,9.15759099783673,207.865075039645,5.81495733077616,18.1157268422781,11.9257582467334,113.401217774768,5.88416284780301,0,0.441851330370892,1.11682113813826,0.467071170169296,0.078980680650742,2.12506419891151,0.226856808934819,4.33291463747324,10,1e-05,134.822157592179,6.09074054696051,9.41468843243952,10.4068295738545,0.834887072845175,30.0046334678514,19.7523405014227,14.6737228124518
"382",506,1,0.406,140045834433674592,0.378597992851648,4,1.07140869269872,3.77287717600267e-18,3.57043463491665,0.102610877658248,2.36019522649245,0.0659863922358999,0.2047944162712,0.136033093995029,1.26324356444119,91.6730988109767,3.22819242100951e-16,305.497621323563,8.77970954571187,201.945729660307,5.64600333826352,17.5228546181352,11.6394195346294,108.087094023524,5.79550882494459,2.04222975868645e-18,0.426943048203862,1.06957170847477,0.453809012924191,0.0769037697143516,2.0585110294585,0.22173241601917,4.17167246844599,10,1e-05,135.783336407501,6.06047561694159,9.40684106010483,10.348443771651,0.828959780795882,29.6214643694663,19.675826715441,14.2746522781854
"383",506,1,0.411,141770536828177968,0.00127399268819287,-1,0.953720165128789,0.0489524963170443,0.132082207227088,0.0268529063786508,0.128582583917735,0.00238504930430274,0.00936380501766612,0.0123175724392766,0.00619498605968378,0.274597348832096,0.0140945176571349,0.0380294191719772,0.00773155184258712,0.0370217994132719,0.000686708994673428,0.00269604872251451,0.00354650437260694,0.00178367492922963,0.0287657034216522,0.000147849729780862,6.61172801915926e-05,0.000906678283858961,0.00158070604545194,-3.32624555457299e-05,0.0143959533581441,0.00307087911239668,0.0211027176984961,10,1e-05,216.356359999278,5.98475283060576,0.0823237053860671,0.0402270113445118,0.337348585631294,1.35438075775523,1.78161367761697,0.0700033424744267
"384",506,1,0.416,143495239222681344,0.00350782974265528,-1,0.881652824468956,0.121311841653909,0.147025077897332,0.0261946647441884,0.134122379942434,0.00354166900557214,0.0087765590011193,0.0128574606127461,0.0155767628097868,0.698947488083222,0.0961723307015102,0.11655700070317,0.0207663318440118,0.106328135015019,0.00280772724406331,0.00695778848271872,0.0101930029020446,0.0123487828045312,0.0732007753711855,0.00100858556354732,0.00018368965564473,0.00242988559058441,0.00134112875541684,-0.000110551290969733,0.0417952559427883,0.00992904413656772,0.0462396060258253,10,1e-05,216.316304318455,5.70877332848586,0.06950936673525,0.15479520907942,0.450916952215431,1.2694414939219,1.85970310302759,0.17601741975059
"385",506,1,0.421,145219941617184704,0.00565225557653935,-1,0.918052772945938,0.087462922581447,0.27675605579944,0.00489865581103584,0.256374006323557,0.00459861141832371,0.0238227868958218,0.0195733010826089,0.0260544964901751,1.17272957262969,0.111725990969719,0.353530886899753,0.00625759074535718,0.327494657964386,0.00587431110958405,0.0304314604982196,0.0250031258441739,0.0332822681161968,0.12394922100482,0.00118249273493595,0.0005203733135584,0.000703051937923502,0.00457053017852382,-0.000207430382090154,0.0613411670723139,0.00817284140905871,0.0941835630699339,10,1e-05,217.796805809396,0.753797240887327,0.16189776786705,0.138009592128219,0.573873431158087,3.44572789661167,2.83108226858855,0.294415810338978
"386",506,1,0.426,146944644011688096,0.00172095585901739,-1,0.882373168708961,0.120796600525976,0.158527684178189,0.0228101009378397,0.154197727377412,0.0028165097155476,0.00817848486605062,0.0180101471500727,0.00747895986165031,0.343186712043651,0.0469821495379509,0.0616571272000586,0.00887166996894827,0.0599730510172752,0.00109544209071094,0.00318090738727397,0.00700479502668838,0.00290883691327744,0.0359962612796275,0.000493460525262604,0.000102732457198313,0.00103253816205833,0.00158326820250892,-4.82456581424372e-05,0.0151188271996779,0.00539898395037241,0.024834420318085,10,1e-05,216.560599298398,5.05366811622779,0.0660883822284257,0.0671423269731384,0.379888609534254,1.18293605102556,2.60498768378652,0.0845122464366485
"387",506,1,0.431,148669346406191488,0.340892829106911,4,1.06629691416631,3.74035055296305e-23,3.31484570832097,0.0920572153346538,2.26159585191579,0.0630897440171138,0.191863093524432,0.133323901883704,1.09883959057252,82.1494116128157,2.88163262098365e-21,255.381611733111,7.09225167398034,174.237368665863,4.86054613959119,14.7814741221209,10.27151063476,84.6565573088782,5.35167845796558,1.87859613021399e-23,0.358820398313662,0.859543775975717,0.391777357457844,0.0671083333918294,1.7497692423694,0.197172742548891,3.44101706544661,10,1e-05,140.421803541675,5.90466581746832,9.3623827711578,10.0587088260503,0.800504654321639,27.7510778473738,19.2839691684589,12.4168873734695
"388",506,1,0.436,150394048800694848,0.000688444874609558,-1,1.0012536953391,1.05047001036798e-05,0.0627445254612015,0.00565632885843249,0.0603876961720977,0.00221557735951323,0.00375595051932073,0.00500048037308858,0.00345040850386172,0.155783602291259,1.63441096972569e-06,0.00976232921376752,0.00088005995824284,0.00939563358173013,0.000344718450305477,0.000584382863854842,0.000778017448857106,0.000536844027253181,0.0169989255793419,1.78600953865878e-08,1.69792292653708e-05,9.92059386507369e-05,0.000267066298249667,-1.70362717731211e-05,0.00529931097536312,0.00114409159920752,0.0151810548852369,10,1e-05,222.953113096968,1.23154278269338,0.113373808695382,0.0619381550882142,0.336616329958987,0.54326068311455,0.723269481163532,0.0389896160936375
"389",506,1,0.441,152118751195198240,0.0019388312307713,-1,0.96747150044328,0.0358888158208553,0.167275443255008,0.0213063203156334,0.161469398759134,0.00339189049755214,0.0134620231635845,0.013534764978458,0.00892898959212188,0.423922654946575,0.0157256126704454,0.0732960608964062,0.00933591518841333,0.0707519923669445,0.00148624452953037,0.00589873355219689,0.00593060725935279,0.00391246767697894,0.0444964593400111,0.000165287321771636,0.000116203627934046,0.00108338346447541,0.00111840723674993,-5.91351561776628e-05,0.0357489620130909,0.00582845366363484,0.012399560879487,10,1e-05,216.676781879427,4.69415129246397,0.0656546101688086,0.118889868387063,0.442155802478838,1.94714703038087,1.95766840648417,0.100897582390977
"390",506,1,0.446,153843453589701632,0.319335135061506,4,1.06342796576541,9.24986251114488e-24,3.17139828826774,0.0862502198975827,2.20373635683371,0.0614305295730022,0.184341186947165,0.131647023446528,1.00918970099972,76.747320355149,6.67560177311079e-22,228.878991562224,6.22465599013788,159.043081055774,4.43342537952935,13.3038556298447,9.50093152287977,72.8329588605423,5.08611425509597,4.42721475151934e-24,0.322638540762587,0.752203833993595,0.35778754390859,0.0616834204885403,1.58254942223656,0.183271727127912,3.05759487768309,10,1e-05,143.081201009742,5.80793735129748,9.3318039299663,9.88639282651651,0.784286509850353,26.6631092800379,19.0414254713059,11.4038436212968
"391",506,1,0.451,155568155984205024,0.312324372503265,4,1.06250214729151,2.36727509405405e-20,3.12510736461117,0.0843954903692376,2.1846491780764,0.0608894847504389,0.181871094424527,0.131079417181114,0.980691607035287,74.9970415145796,1.67094842074227e-18,220.586666444599,5.95708169719911,154.204135512242,4.29790304638052,12.8374272500327,9.25228105853587,69.2224193177524,4.99789863692837,1.11436194498509e-20,0.311292391069864,0.719192293119218,0.346965472965918,0.0599473809780379,1.52962710248463,0.178774642318118,2.9381172396346,10,1e-05,143.948646142861,5.7752026320492,9.3209965301264,9.82916844005125,0.779009096612857,26.3058350975636,18.9593269010764,11.0818151594987
"392",506,1,0.456,157292858378708384,0.305400528807155,4,1.0615909318542,5.59484134843214e-17,3.07954659265366,0.0825795538785701,2.16565689131625,0.0603541612466515,0.179419012293172,0.130507431091142,0.9528573815234,73.2715576241248,3.86158856447148e-15,212.55190568149,5.69968370963737,149.474763719962,4.16567556385936,12.3835934385206,9.00769069388057,65.7667114920806,4.90988351552441,2.58955002195828e-17,0.300286300338347,0.687478929115386,0.336389423721125,0.0582466274536322,1.47806494234765,0.174345130576817,2.82259354213705,10,1e-05,144.806996642301,5.74223308309953,9.30989026652173,9.77203807012848,0.773792755883361,25.9511659380843,18.8765948330228,10.7672884112144
"393",506,1,0.461,159017560773211776,0.298562545276506,4,1.0606938694092,8.77948128386688e-18,3.03469346557411,0.0808012736341099,2.1467552557783,0.0598243504214848,0.176984379415778,0.129931014724445,0.925667939123363,71.5704622786589,5.92396686900035e-16,204.766351978768,5.45207686541902,144.8526011947,4.03665613488558,11.942044935118,8.76711278942662,62.4595693727296,4.82208722540699,3.99428462936455e-18,0.289609533245164,0.657012167598608,0.32605385752574,0.0565804645626557,1.42782984382886,0.169982367698754,2.71089225222724,10,1e-05,145.656564746909,5.70903058679603,9.29848841217421,9.71499147432657,0.768634481341882,25.5990206386981,18.7932219697437,10.460047712094
"394",506,1,0.466,160742263167715168,0.291811416679579,4,1.05981077333134,1.87373718617921e-17,2.99053866680106,0.0790600964221184,2.12794481064786,0.0592999899515332,0.174567319566018,0.129350186912426,0.899113006268259,69.8938635982502,1.23571806029221e-15,197.224171448707,5.21396435518632,140.336641297311,3.91079758136622,11.5126065232447,8.53056465169446,59.2959454658037,4.73455434834694,8.37697450697633e-18,0.279254682545343,0.627751612743292,0.315956309823696,0.0549487671896583,1.37890436541547,0.165686754103772,2.60292013066316,10,1e-05,146.497424653253,5.67560942640117,9.286795976044,9.6580307533113,0.76353408205895,25.2494171020289,18.7092110350134,10.1599769708313
"395",506,1,0.471,162466965562218560,0.285146751529054,4,1.05894128610878,2.32252412233335e-18,2.94706430542098,0.077355122851953,2.10922235962848,0.0587809069804811,0.172167484311796,0.128764860425207,0.87317723687463,68.2415289214251,1.49670807195856e-16,189.918153791793,4.98500901095256,135.924966326715,3.78802773709595,11.095017744719,8.29801525546282,56.2703054884851,4.64731120781744,1.02004757639063e-18,0.269212586943246,0.599652152921673,0.306092285853608,0.0533509812481751,1.3312613359831,0.16145781577799,2.49856441013809,10,1e-05,147.329819651002,5.64197443252138,9.27481323429569,9.6011470179966,0.758488544821344,24.9023049308581,18.624549411902,9.86690277668332
"396",506,1,0.476,164191667956721920,0.278566204004827,4,1.0580848312026,4.47372191315825e-18,2.90424156049534,0.0756849694177857,2.09058065883917,0.0582668128147568,0.16978389701818,0.128174911700117,0.847838085770634,66.6127485371621,2.81647467233505e-16,182.839321626575,4.76482006659108,131.614516735515,3.66824325955025,10.6889085867312,8.06937488381593,53.3764623990288,4.56035628633366,1.92965715795148e-18,0.259471423716224,0.572662389443905,0.29645476523806,0.0517862039758514,1.28486043139077,0.157293946996619,2.39768492211308,10,1e-05,148.154191672515,5.60811864536978,9.26254302408372,9.54431813564846,0.753496058508844,24.5575428647096,18.5392192283049,9.58057036920817
"397",506,1,0.481,165916370351225280,0.272071408835122,4,1.05724133610955,1.92336414219635e-17,2.86206681239514,0.0740493151439185,2.07202231036806,0.0577577049775032,0.167416946883509,0.127580425907041,0.823089076545521,65.007801593456,1.18264080562692e-15,175.983160261262,4.5531545377529,127.404794581039,3.55141375713466,10.2941563999325,7.84468288488685,50.610215051474,4.4737407074477,8.14504755176698e-18,0.25002569662539,0.54674929512843,0.287042458829482,0.0502543644261004,1.23969013222359,0.153195955825568,2.30020795445813,10,1e-05,148.970516750649,5.57405734456833,9.2499904316244,9.48755373049032,0.748555146011252,24.2151871972308,18.4532328031944,9.30090656496439
"398",506,1,0.486,167641072745728672,0.00850562708434422,-1,0.90493178573898,0.100096214380547,0.249114296119273,0.0246942382802552,0.221120183338402,0.00608472594998881,0.0155374845003437,0.0197890014804162,0.0327462166375119,1.73952478121599,0.192412122289064,0.478865366742293,0.0474690359192963,0.425053075387409,0.0116964966240744,0.0298672670714467,0.038039837933854,0.0629471262140524,0.179838336060837,0.00199189277684786,0.000654875113431179,0.00553187648419873,0.00375596536743923,-0.000341893750630107,0.0691485432456922,0.0142815628070542,0.0951710898990138,10,1e-05,214.222567802811,5.13685915373302,0.13596677620177,0.242993064923986,0.792289430622708,2.24734175812972,2.86228117412739,0.370032248003884
"399",506,1,0.491,169365775140232064,0.259336341403775,4,1.05559179481729,1.71503866395633e-17,2.7795897408522,0.0708779540244893,2.03514141180979,0.0567537598456743,0.162731284199873,0.126377478656482,0.775301634718221,61.8682489829298,1.00518438659678e-15,162.911791283113,4.1541578179345,119.279664923043,3.32633861127855,9.53768270805127,7.40698568683689,45.4404390116748,4.30160605990949,6.99437704046901e-18,0.23198560907226,0.497989741577941,0.268875306657306,0.0472873233603209,1.15293191639972,0.145195054142528,2.11503746119633,10,1e-05,150.580033334541,5.50532744275551,9.22404209245371,9.37417581815342,0.738821380293051,23.5374529466697,18.2792385128736,8.7609084723159
"400",506,1,0.496,171090477534735456,0.253094761654811,4,1.05478506051005,2.46322700375773e-22,2.73925302535589,0.0693405557574084,2.01681177404556,0.0562585772134933,0.160411761904347,0.12576881612955,0.752234695405262,60.3330896080276,1.40895146420413e-20,156.683673693616,3.96623930372996,115.360455927558,3.21795776914066,9.17545912195287,7.19390285047306,43.0273853729088,4.21612502080327,9.85364595159145e-23,0.223374612486381,0.475065888979047,0.260111703856701,0.0458510222073902,1.11129126796633,0.141290900187272,2.02714164159307,10,1e-05,151.373713815777,5.47066313147894,9.21064849160626,9.31753886700388,0.734024829895074,23.2019572418448,18.1912015649781,8.50025205807946
"401",50.6,1,0.001,0.0124571809770732,1.01644946296797,4,0.0154715913062693,1.22522601979088,12.034880583292,0.551465762649727,3.58274544030996,0.134216598937404,0.406033531126068,0.114043231435698,8.83154479695058,3.55409649244091,281.455954541766,2764.62362670419,126.681379693661,823.019607398404,30.8319121199564,93.2730396131782,26.1977349846361,2028.76108632458,0.0998958377782179,7.91177588858918,4.06628562597002,20.7811669802018,2.15177815195536,0.255739603855209,12.2428680009191,0.557622524156596,51.7293235921161,10,1e-05,26.6036558951778,4.87551491218844,5.97278950809719,11.9995241936722,1.52815621986594,58.7286899420745,16.4952129948594,99.7964562055416
"402",50.6,1,0.006,0.0747430858624393,1.01644999405551,4,0.0927524860323125,1.14794500789648,12.0348746957864,0.551465520204918,3.58274388234839,0.134216530218412,0.406033345772528,0.114043189999338,8.8315402744824,21.3068876360161,263.703285398248,2764.62371873594,126.681390189908,823.019679528886,30.8319124434403,93.273045768682,26.1977391540989,2028.76110744668,0.59887822674522,7.41275089232103,4.06628421371307,20.781152746139,2.15177701852487,0.255739925443437,12.2428706160837,0.557622695216394,51.7293287674645,10,1e-05,26.6037404865515,4.87552144433012,5.97278939423706,11.9995189974305,1.52815444471056,58.7286631325384,16.4952070015042,99.7964051016511
"403",50.6,1,0.011,0.137028990747805,1.01645052479997,4,0.170033013444223,1.07066436604631,12.0348689806257,0.551465297175445,3.5827421749574,0.134216463843607,0.406033143813639,0.114043136027684,8.83153608389115,39.0596129392066,245.950682626043,2764.62384942383,126.681405103388,823.019717054611,30.8319132950026,93.2730480781157,26.1977404351293,2028.761204121,1.0978595284409,6.91372704524137,4.06628282832146,20.7811389347629,2.15177577665229,0.255740270159242,12.242873352079,0.557622833292253,51.7293371790206,10,1e-05,26.6038257350759,4.87552786408657,5.97278891987698,11.9995138883776,1.52815270079735,58.7286339212047,16.4951991950442,99.79635774797
"404",50.6,1,0.016,0.199314895633171,1.0164510556443,4,0.247313302574686,0.993383956676233,12.0348629652188,0.551465038137208,3.58274073887759,0.134216395403925,0.406032978357344,0.114043096400935,8.83153130276783,56.8123020497835,228.198114741749,2764.62391141004,126.681411757401,823.019816985824,30.8319136752389,93.273058781965,26.1977450140025,2028.76116533781,1.5968405560116,6.4147033370213,4.06628131246944,20.7811239995372,2.15177474444153,0.255740596742419,12.2428764224394,0.557623006607324,51.7293397460062,10,1e-05,26.6039096159239,4.87553415347723,5.97278907074576,11.9995088697857,1.52815110367314,58.7286099896062,16.4951934634312,99.7963037212765
"405",50.6,1,0.021,0.261600800518538,1.01645158626225,4,0.324593253224875,0.916103886448741,12.0348570066401,0.551464793150359,3.58273915045255,0.134216330493062,0.406032782101746,0.114043055481588,8.83152673303514,74.5649319314817,210.445606174976,2764.62398583355,126.681421610996,823.01988173695,30.8319148592256,93.2730623898459,26.1977492900988,2028.7611746619,2.09582069382239,5.91568061453895,4.06627984849747,20.7811095707465,2.15177357011306,0.255740929390757,12.2428786378415,0.557623176959694,51.7293450413868,10,1e-05,26.6039948012711,4.87554075202448,5.97278913516671,11.9995045824704,1.52814939394155,58.7285816031965,16.495187544857,99.7962520832971
"406",50.6,1,0.026,0.323886705403904,1.01645211727992,4,0.401873016981721,0.838824000709148,12.0348508864305,0.551464539427518,3.58273754730856,0.134216260738447,0.406032588932186,0.114043014377899,8.83152201328993,92.3175374514554,192.693121529402,2764.62402421326,126.681429507533,823.019943430133,30.8319149426235,93.2730667432777,26.1977535341404,2028.76115032209,2.59480096588429,5.41665792059128,4.06627830159571,20.7810942196303,2.15177235434936,0.255741262524793,12.2428810057818,0.557623349120213,51.7293493706985,10,1e-05,26.6040824295551,4.87554741040759,5.9727890064611,11.9994995592566,1.52814757284388,58.7285536631514,16.4951815996193,99.7961987501762
"407",50.6,1,0.031,0.38617261028927,1.01645264812253,4,0.479152502763651,0.761544406878712,12.0348454813019,0.551464332040463,3.58273587520566,0.13421619616518,0.406032393702809,0.114042959382243,8.83151811271726,110.070097645235,174.940685361858,2764.62422638256,126.681448026369,823.019989140066,30.8319162109449,93.2730706074217,26.1977545824213,2028.76131381067,3.09378058994551,4.91763555362687,4.06627689381635,20.7810814715626,2.15177123410782,0.255741640281923,12.2428840337353,0.557623486245075,51.7293597703836,10,1e-05,26.6041643607389,4.87555343269842,5.97278835077887,11.9994938484784,1.5281462670686,58.7285254251743,16.4951736450476,99.7961546737051
"408",50.6,1,0.036,0.448458515174636,1.01645317872887,4,0.556431651348016,0.684265139589919,12.0348395681498,0.55146408056304,3.58273442376219,0.134216126201192,0.406032222134091,0.114042926049173,8.83151345339219,127.822598891319,157.188305627874,2764.62431120557,126.68145638734,823.020085347823,30.8319162337362,93.2730798851271,26.1977606008946,2028.76130252733,3.59275932794783,4.41861408603729,4.06627568765774,20.7810670913023,2.15177014436882,0.255741917777739,12.2428867328417,0.557623681818963,51.7293633535793,10,1e-05,26.6042474642429,4.87555977924888,5.97278814546156,11.9994889357402,1.52814412268431,58.7285006094749,16.4951688237524,99.7961020233317
"409",50.6,1,0.041,0.510744420060002,1.01645370980054,4,0.633710491206925,0.606986185148602,12.0348338127973,0.551463852208155,3.58273276693905,0.134216058684779,0.406032025954006,0.114042876772483,8.83150916989528,145.575047818257,139.435979290386,2764.62443354228,126.68147011792,823.020134752488,30.8319168328788,93.273083551804,26.197762968808,2028.76137850633,4.09173740723868,3.91959344096347,4.06627430184479,20.781053225108,2.15176894138737,0.255742255171744,12.2428894302678,0.557623833158526,51.7293707846763,10,1e-05,26.6043324299049,4.87556625526308,5.97278773341601,11.9994836906935,1.52814236305286,58.7284722339875,16.495161696372,99.7960536198167
"410",50.6,1,0.046,0.573030324945368,1.01645424058535,4,0.710989171192212,0.529707382858827,12.0348277015101,0.551463590729959,3.58273128322149,0.134215991100111,0.406031847823526,0.114042839057841,8.83150433694972,163.327478523501,121.683669320226,2764.62447333257,126.681476203651,823.020223690071,30.8319174076246,93.2730913384418,26.1977679853341,2028.76132769314,4.59071575060536,3.42057250733108,4.06627263316649,20.781037959942,2.15176787588347,0.255742603095645,12.2428919887722,0.557624009916071,51.7293736788196,10,1e-05,26.6044177855145,4.87557269593261,5.97278807771678,11.9994787811272,1.52814094636616,58.7284464691948,16.4951562413261,99.7959990075319
"411",50.6,1,0.051,0.635316229830734,1.01645477140373,4,0.788267544168392,0.452428896460689,12.0348220309744,0.551463376656791,3.5827295107339,0.134215923649128,0.406031636194993,0.114042782353835,8.83150025975022,181.079857249262,103.931413379416,2764.62461446159,126.681493183329,823.020246318581,30.8319180140823,93.2730914329858,26.1977686405032,2028.76145055486,5.08969339810386,2.92155232921999,4.06627137513906,20.7810249814625,2.15176657844281,0.255742913510568,12.2428944906839,0.557624137250199,51.7293827313645,10,1e-05,26.6045031731767,4.87557960222182,5.97278785417568,11.9994735900575,1.52813894845674,58.7284158592439,16.4951480396588,99.7959529351775
"412",50.6,1,0.056,0.6976021347161,1.01645530177131,4,0.865545664587244,0.37515065359693,12.0348159564786,0.551463112673529,3.58272807477335,0.134215857218169,0.406031463891183,0.11404274922042,8.83149541357437,198.832196411042,86.1791948034149,2764.62466156585,126.68149864148,823.020345888271,30.8319188411687,93.2731005197438,26.1977746986497,2028.76139586744,5.58867065039464,2.42253241662078,4.06626989074488,20.7810094393415,2.15176550027642,0.255743248143207,12.2428971592129,0.557624333417465,51.7293855352386,10,1e-05,26.6045876202249,4.87558565614915,5.972787636239,11.999469278322,1.5281372375531,58.7283909372207,16.4951432472415,99.7958981733904
"413",50.6,1,0.061,0.759888039601466,1.01645583304911,4,0.942823368267976,0.297872834169863,12.0348101221954,0.551462875891563,3.58272646866554,0.134215788132198,0.406031274789283,0.114042704773739,8.83149099703196,216.584458559684,68.4270550345348,2764.62476632575,126.681510461663,823.020407108562,30.8319190859419,93.2731058311446,26.1977781813759,2028.76144169056,6.08764653975723,1.92351397795074,4.06626845293872,20.7809950612268,2.15176432736068,0.255743592385214,12.2428999035385,0.557624500789368,51.7293919105139,10,1e-05,26.6046729132198,4.87559203173985,5.97278706537855,11.999463812703,1.52813550513097,58.7283635855219,16.4951368184736,99.7958482664611
"414",50.6,1,0.066,0.822173944486832,1.01645636410442,4,1.02010083577777,0.220595249239221,12.034804227571,0.551462632641073,3.58272491063402,0.134215722307174,0.406031088035003,0.114042661203416,8.83148646518666,234.336684961329,50.6749505655721,2764.62485661757,126.681520768118,823.020479192365,30.8319200730518,93.2731116613774,26.1977818596734,2028.76146058128,6.586622137629,1.42449575725437,4.066266951164,20.780980776185,2.15176320804701,0.255743935175169,12.2429025333464,0.557624664006357,51.7293970938019,10,1e-05,26.6047573621188,4.87559850895155,5.97278709332078,11.999459047018,1.52813394735574,58.7283365733829,16.4951305164621,99.7957970566092
"415",50.6,1,0.071,0.884459849372198,1.01645689477998,4,1.09737805820092,0.143317904812425,12.0347981435899,0.551462382989108,3.5827232832422,0.134215652678293,0.406030893954482,0.114042615671372,8.83148180758,252.088873517121,32.9228827831941,2764.62490237621,126.681529556643,823.020535034905,30.8319201748075,93.2731157737386,26.1977850775275,2028.76144982313,7.0855976114138,0.925477835912672,4.0662654780434,20.78096573361,2.1517619722561,0.255744251026231,12.2429050266654,0.557624821476243,51.7294016952502,10,1e-05,26.604844709184,4.87560524475366,5.9727871016828,11.999454107772,1.52813201066043,58.7283085015763,16.4951239307073,99.795744425654
"416",50.6,1,0.076,0.946745754257564,1.01645742588398,4,1.17465501661869,0.0660408336897072,12.0347924800587,0.551462151997434,3.58272174048247,0.134215587057259,0.406030710861475,0.114042572662044,8.83147750253441,269.84102007563,15.1708592542966,2764.6250458842,126.681542685136,823.020610665598,30.8319212102226,93.2731224494137,26.19778888593,2028.76152090911,7.58457234156662,0.426460357245427,4.06626411462883,20.7809521712655,2.15176089317832,0.255744591123487,12.2429078267797,0.557624990165076,51.7294084926859,10,1e-05,26.6049269873206,4.87561141705354,5.97278678506142,11.9994490299207,1.52813043299704,58.7282820190037,16.495117709838,99.7956957786388
"417",50.6,1,0.081,1.00903165914293,1.01642972313956,4,1.23971394340181,1.01187304057984e-18,11.9856971532611,0.548053961015906,3.58983249045312,0.134023082319454,0.406547450287761,0.114866743180172,8.77282264282732,284.7785546597,2.32440510594504e-16,2753.27185764198,125.895183904572,824.631612431838,30.7868600471176,93.3892821886328,26.3863976648957,2015.23243794033,8.02976432307782,6.55470771762704e-18,4.04088420709776,20.5844467181576,2.15071079231384,0.255979352435089,12.211981752494,0.559524024852662,51.29960469352,10,1e-05,26.9577093809598,4.90072015285617,6.01858281210763,12.0437061333268,1.52903678966972,58.8030232096217,16.61432573358,99.1328958639488
"418",50.6,1,0.086,1.0713175640283,1.01482033819833,4,1.23316161344969,4.63604453225193e-18,11.6580806641076,0.525667906779245,3.63155302223338,0.132669364319451,0.409185499096976,0.120172366429549,8.38734805689164,282.824871748811,1.06327401530766e-15,2673.77376387823,120.561617143925,832.894493763016,30.4276386317922,93.8464472469546,27.5614597085211,1923.6332145201,8.15082484788229,3.06464088690864e-17,3.87185153727498,19.3001184085977,2.13861584012857,0.257207045584472,11.988323565224,0.570942485261696,48.4991493129218,10,1e-05,29.4137668716633,5.06850728065869,6.32073282951054,12.3217405767313,1.53189776666839,59.1845905893866,17.38173108037,94.7770330428755
"419",50.6,1,0.091,1.13360346891366,1.01108594035825,4,1.22695318763055,5.46093988026644e-18,11.3476593801083,0.505031235993405,3.66181449106911,0.131269239169188,0.410417651009509,0.124855155753262,8.03171074527356,280.365456552962,1.24785437470186e-15,2593.00170127561,115.402375966957,836.744467475133,29.9957329603607,93.7826587539891,28.5300801193198,1835.2894574149,8.25900816026008,3.67639592129366e-17,3.71247611512262,18.127908230967,2.11926463653229,0.257808853152257,11.7499409929561,0.579649762570111,45.9522746700306,10,1e-05,31.9076310410719,5.22706162860018,6.59981186588486,12.5556967981113,1.52960848098909,59.3628090420153,18.0590497281518,90.7583314215912
"420",50.6,1,0.096,1.19588937379903,1.00563942684312,4,1.22105947347611,2.00987244623224e-19,11.0529736832787,0.485950763321234,3.68223807661492,0.129828620953199,0.410499869342097,0.128958883960156,7.70271400231543,277.515694084819,4.56792776317629e-17,2512.05918306677,110.444221844677,836.878856283926,29.5067362716849,93.2961568513054,29.3090672223563,1750.63055414004,8.35590424268415,1.37557651768447e-18,3.56215624992104,17.0564430210482,2.09420263701376,0.257847983006355,11.5014688874821,0.585923717440748,43.626721487568,10,1e-05,34.4267547468369,5.37607063920166,6.85635642811264,12.7496756183076,1.52316022092105,59.3747011016409,18.652612975997,87.0406682261644
"421",50.6,1,0.101,1.25817527868439,0.998815142874,4,1.21545362697843,2.11146710434995e-17,10.7726814192041,0.468250142830799,3.6943017549488,0.128354830425348,0.409650610591905,0.132534353347574,7.3974291197994,274.367048307702,4.76626161756141e-15,2431.741316774,105.699145328583,833.922944952681,28.9738211135087,92.4713426911711,29.9172741108528,1669.83811444156,8.44268609028964,1.46686755307691e-16,3.42026052250592,16.0749864036785,2.06472735081921,0.257380861369173,11.2466278704288,0.590047138632004,41.4942328160101,10,1e-05,36.959349982765,5.51539341528074,7.09132383105074,12.9079297614423,1.51342045384462,59.2518643160131,19.1697688681931,83.5909490537332
"422",50.6,1,0.106,1.32046118356976,0.990883329373651,4,1.21011142222333,3.09218303088452e-18,10.5055711125074,0.451771901176844,3.69932076695553,0.126855828478575,0.408053012968893,0.135634876858975,7.11323013409952,270.991907102257,6.92462331368677e-16,2352.61373349085,101.16963349556,828.424532823928,28.4080476021666,91.3792417396541,30.3740244696326,1592.93414168032,8.52022705361173,2.17750972463409e-17,3.28616380251083,15.173710855648,2.03190895888449,0.256458949918481,10.9883512461896,0.592293338467967,39.5303863100934,10,1e-05,39.4947024868295,5.64504904757733,7.30595339581412,13.0346467113567,1.50113145233475,59.0207877958208,19.6182285888821,80.3795005153246
"423",50.6,1,0.111,1.38274708845513,0.982062319762525,4,1.20501120406172,4.05224801904721e-17,10.250560208034,0.436377526246999,3.69844349306646,0.125339588343439,0.40585852695119,0.138313001548344,6.84779693131555,267.447518238556,8.99380580303525e-15,2275.07169970942,96.8522832123494,820.855051166391,27.8186308363802,90.0787108229177,30.6980290967778,1519.84171475648,8.589191699967,2.88889087399364e-16,3.1592688661449,14.3438008372033,1.99661771679773,0.255129705330644,10.7289173915939,0.592916804117185,37.714262302711,10,1e-05,42.0233685167619,5.765194543183,7.50165118576188,13.1337945310055,1.48691599488618,58.7033773382201,20.0055925439524,77.3801053238657
"424",50.6,1,0.116,1.44503299334049,0.972528715973814,4,1.20013377157264,2.47900665166852e-18,10.0066885769894,0.421946475715502,3.69265895802502,0.12381367390364,0.403191241965193,0.140618488949848,6.5991012543378,263.779189625343,5.44864565219328e-16,2199.38499040202,92.7402445176237,811.615013744865,27.2131918461408,88.6180037499071,30.9067471811297,1450.42629609849,8.65010191452999,1.78709645511118e-17,3.03901937174134,13.5774560956871,1.95955412326865,0.253437382190937,10.4700754581112,0.592148556466956,36.0280512720209,10,1e-05,44.5372235586273,5.87609050288282,7.67988616857237,13.2090280269735,1.47128809680076,58.3175812378456,20.3390582417061,74.5698441740171
"425",50.6,1,0.121,1.50731889822586,0.962425616473664,4,1.19546209916028,1.2577380965074e-16,9.77310499487523,0.408374539523694,3.68280876687485,0.122284938277194,0.400151990740439,0.142597032543881,6.3653806598467,260.022796592683,2.73568336013941e-14,2125.73037149935,88.8248066574322,801.041066505996,26.5979755061532,87.0363349599659,31.0160223514593,1384.5224216752,8.70338510763409,9.15853844527106e-16,2.92490434408281,12.8678378997135,1.92127684398934,0.251422889927919,10.213149794134,0.590193923850867,34.4566306529352,10,1e-05,47.0294600032665,5.97808418483368,7.84213313670393,13.2636368259673,1.45466549850528,57.8779839406971,20.625234787147,71.9288014562677
"426",50.6,1,0.126,1.56960480311123,0.95186930551849,4,1.19098110676855,3.05148042366847e-17,9.54905534022209,0.395571926717123,3.6696037938808,0.12075940642891,0.396822403448972,0.144289753605909,6.14510921586903,256.206789130705,6.5644198467981e-15,2054.21630456239,85.0964071877056,789.414206546909,25.9780609471024,85.3654128222441,31.0399671881738,1321.95103021166,8.74940653721515,2.24219154997137e-16,2.81645940316267,12.2089774608253,1.8822286539642,0.249124271699592,9.95913415956039,0.587232952161773,32.987170700731,10,1e-05,49.4944959282972,6.07157447088574,7.98981356190456,13.3005358127945,1.43738368226815,57.3963924348593,20.8700699615587,69.4397341393201
"427",50.6,1,0.131,1.63189070799659,0.940954541615289,4,1.18667737472881,5.4814128934307e-17,9.33386873647744,0.383461317703564,3.65364066231151,0.119242216858065,0.393268287404896,0.145733119625654,5.93696617851446,252.353739131398,1.16565384057854e-14,1984.90063632504,81.5452450644911,776.967609066901,25.3575402441009,83.6307533301601,30.9909824152682,1262.52985533424,8.78849103450213,4.06038659845428e-16,2.71326457894299,11.5956779120259,1.84275828970026,0.246576501857731,9.70876130792084,0.583421843307184,31.6087663489564,10,1e-05,51.9278682673241,6.15699642034938,8.12427104082955,13.3222746963055,1.41970824491234,56.8823250902441,21.0788384226545,67.0877178172134
"428",50.6,1,0.136,1.69417661288196,0.929758836353882,4,1.18253893866756,6.59706580897946e-18,9.12694693413604,0.371976106336862,3.63541805327065,0.117737641950633,0.389542621112294,0.146959123471321,5.73980816262118,248.481582228268,1.38621173195892e-15,1917.80426077379,78.1616642221011,763.894025304353,24.739680532366,81.8528368701272,30.8798588604438,1206.08004294714,8.82093715293944,4.92207364269475e-17,2.61494127530863,11.0234167903665,1.80313913241658,0.243811713348151,9.46256347002891,0.578895138837634,30.3121275643735,10,1e-05,54.3260967158795,6.23480134698748,8.24674985070183,13.3310600676041,1.40184744120849,56.3434447176821,21.2561676188919,64.8598322376194
"429",50.6,1,0.141,1.75646251776732,0.918345809953096,4,1.17855507139892,1.62305669453559e-21,8.92775357929701,0.361058748404374,3.61535165579325,0.11624919894528,0.385687998765255,0.147995568855421,5.55264247692688,244.604571225706,3.36859173131937e-19,1852.9209107561,74.9363542561588,750.352328080666,24.1270740361672,80.0480604210503,30.7159109843002,1152.42958534486,8.84702533815137,1.21866366202588e-20,2.52114823191939,10.4882534450544,1.76358434478525,0.240859212870361,9.22091807350327,0.573767938470713,29.089303404519,10,1e-05,56.686546004111,6.3054451522599,8.35839485585591,13.3287997034527,1.38396303212525,55.7859121414065,21.4060790792481,62.7448599892738
"430",50.6,1,0.146,1.81874842265269,0.906767895727323,4,1.17471612850653,1.66533453693774e-24,8.73580643097844,0.350659361385808,3.59378805374219,0.114779660792791,0.381738725796738,0.148866645608959,5.37460474205638,240.734041054556,3.41276247985481e-22,1790.22483216729,71.8604631804425,736.473348647087,23.5217435965988,78.2295431704844,30.5071738661176,1101.41530130444,8.8670229186682,1.257343392714e-23,2.43157807920663,9.98674635383831,1.72425970242221,0.237745559353235,8.984083042733,0.568138822650239,27.9334591063652,10,1e-05,59.0072892096804,6.36937537090814,8.46024175083119,13.3171207907421,1.36617834693469,55.2146892992402,21.5320716208799,60.733033585237
"431",50.6,1,0.151,1.88103432753806,0.895068434620915,4,1.17101337643321,0,8.5506688183566,0.340734551022757,3.57101469845462,0.113331198149763,0.377722305152629,0.149593155706769,5.20493958027073,236.878986806715,0,1729.67602845108,68.925647512375,722.364373170815,22.9252542554864,76.407732601127,30.2605212461121,1052.88362966452,8.88118839498439,0,2.34595288276071,9.51588137277434,1.68529253953705,0.234494837668545,8.75222440326366,0.562091558345464,26.8386912677251,10,1e-05,61.2870173872229,6.42702782267194,8.55322621557071,13.2974164801931,1.34858659351336,54.6337542172763,21.6371540414271,58.8158172570593
"432",50.6,1,0.156,1.94332023242342,0.883283399380722,4,1.16743888821256,1.10170999898045e-17,8.37194440791348,0.331246335762378,3.54727145547345,0.111905462155189,0.373660919225155,0.150193111026518,5.04298322281952,233.046542083419,2.19925606585047e-15,1671.2246906269,66.1240720235199,708.113593675994,22.3387975669055,74.590958050456,29.9818564576616,1006.69064028027,8.8897708252789,8.39151870720856e-17,2.2640211301329,9.07300884252248,1.64678070283976,0.231128685425574,8.52543803385904,0.555697654537643,25.7998645432643,10,1e-05,63.5248984607745,6.47881938086485,8.63819101407909,13.2708766293798,1.3312571737092,54.0463153567265,21.7239315788756,56.9857104178606
"433",50.6,1,0.161,2.00560613730879,0.871442744821722,4,1.16398543049768,1.19510493481171e-20,8.19927152700137,0.322161380327532,3.52275714091992,0.110503652922123,0.36957235523052,0.150681964344621,4.88815079140516,229.242344817699,2.35371208591761e-18,1614.81422481648,63.4484146458885,693.793140402529,21.7632590950537,72.7858193694226,29.6762192404148,962.702040664797,8.89301273376443,9.13332447069166e-20,2.18555461190691,8.65579221603753,1.60879787922153,0.227666510845984,8.30376651141965,0.549017832488101,24.8124956471942,10,1e-05,65.7205200978415,6.52514722256831,8.71588984671994,13.2385143801642,1.31423971691022,53.4549454605424,21.7946393228059,55.2361039428783
"434",50.6,1,0.166,2.06789204219415,0.859571485292613,4,1.1606463846754,1.62825969972751e-19,8.03231925468265,0.313450191791038,3.49763809343533,0.109126604138653,0.365470978771026,0.151073136814678,4.73992334217942,225.470829311135,3.16310867529335e-17,1560.3836858128,60.8918234046154,679.462213443793,21.1992784881946,70.9975456441036,29.3479442955111,920.792466114726,8.89114828185041,1.24769273239315e-18,2.11034537152323,8.26216045960497,1.57139948850127,0.224125773982552,8.08721109848752,0.542104055595455,23.8726392370821,10,1e-05,67.8737823891573,6.56638282482163,8.78699707440871,13.201192962788,1.29757000935625,52.8617223694412,21.851218508875,53.5611337666275
"435",50.6,1,0.171,2.13017794707952,0.847690602502682,4,1.1574156755067,9.85690110388409e-21,7.87078357399672,0.305086657682606,3.47205210249929,0.10777484487837,0.361368277815474,0.151378125550666,4.59783973453801,221.735468437489,1.88836615043675e-18,1507.86957502215,58.4479149426286,665.169062143563,20.6472974408448,69.2302394511669,29.0007300665522,880.845290860573,8.88440547730747,7.56850265394749e-20,2.03820381164737,7.89027456180168,1.53462571210192,0.220522014534883,7.875742709536,0.535000445212952,22.9768142681372,10,1e-05,69.9848592299876,6.60287783593367,8.85211517806023,13.1596486052927,1.28127127761712,52.2683077032302,21.8953320796484,51.9555890002795
"436",50.6,1,0.176,2.19246385196489,0.835817645471565,4,1.15428766724431,4.80547762699334e-17,7.71438336278415,0.297047399354703,3.44611441291957,0.106448651374175,0.357273504073793,0.151606908179276,4.46148622630588,218.03892405266,9.07729676996528e-15,1457.20680891168,56.1107054903945,650.953051026846,20.1075954210721,67.4871027659393,28.6377547611475,842.751494332305,8.87300380735611,3.69511701513397e-16,1.96895585485267,7.53848977202435,1.49850508223621,0.216869030561013,7.66930807423174,0.527744713292338,22.121918022702,10,1e-05,72.0541311135958,6.63495902545511,8.91178451100949,13.1145102459807,1.26535791584958,51.6760396292334,21.9284231990505,50.4147943572565
"437",50.6,1,0.181,2.25474975685025,0.823967473974707,4,1.15125719903023,2.15459098942683e-19,7.56285995083176,0.289311545564261,3.41992108571103,0.105148106546531,0.353194058252272,0.151768125067802,4.33049250827539,214.38325787671,4.01220714271511e-17,1408.33043779476,53.8746265662085,636.846244830072,19.5803280622273,65.7706140162261,28.2617516930907,806.409803922875,8.85715632645234,1.65815922501696e-18,1.90244213721145,7.20533553000481,1.46305700016758,0.213179196389166,7.46783739649001,0.520369171455242,21.3051885853413,10,1e-05,74.0821354620202,6.66293088530881,8.96648591057894,13.0663146963294,1.24983750990686,51.0859885856087,21.9517416098069,48.9345653435119
"438",50.6,1,0.186,2.31703566173562,0.812152569218199,4,1.14831945542376,0,7.41597277143381,0.281860260394133,3.39355223437931,0.103873124002453,0.349135852157143,0.151869265804594,4.2045237987575,210.769994697276,0,1361.17570274331,51.7344588285509,622.874569499574,19.0655463440766,64.0826569298476,27.8750692563171,771.725546042992,8.83706811949873,0,1.83851556809956,6.88948755983527,1.42829340426593,0.209463467111815,7.27124773975261,0.512901434210981,20.5241416331848,10,1e-05,76.0695413430492,6.68707613792246,9.01665026034089,13.0155208381819,1.23471223144901,50.4990096560092,21.9663706059765,47.5111189259597
"439",50.6,1,0.191,2.37932156662098,0.800383485763961,4,1.1454699699772,5.40318730414007e-17,7.27349849844039,0.274676514619264,3.36707490512491,0.102623494646538,0.345103594085155,0.151916857667273,4.08327693906197,207.200245914275,9.77364546851446e-15,1315.67890650503,49.6853194476324,609.058959762646,18.5632219828234,62.4246391738818,27.4797341634449,738.61035914068,8.81293661709874,4.15848449142958e-16,1.77704048377708,6.58975102434516,1.39422054283516,0.205731515910644,7.07944701726502,0.505365218484324,19.7765369916841,10,1e-05,78.0171078022592,6.70765701027325,9.0626645398975,12.9625230843519,1.21998001224466,49.9157838484769,21.9732542929943,46.1410294114003
"440",50.6,1,0.196,2.44160747150635,0.78866914942265,4,1.14270458040876,9.65197076022288e-20,7.13522902052404,0.267744860055673,3.34054475256886,0.101398903924164,0.341100979169199,0.151916563589253,3.96647653474824,203.674781980749,1.7203598147561e-17,1271.77771057687,47.7226370955811,595.416117027393,18.0732623321186,60.7975751185448,27.0774909795475,706.981714519444,8.78495222924351,7.42290367257341e-19,1.71789126524007,6.30504419826849,1.36083996372412,0.201991940112987,6.89233675900843,0.497780840915245,19.0603476461423,10,1e-05,79.9256718406563,6.72491656139602,9.10487472503574,12.9076589064089,1.20563573887588,49.3368456270329,21.9732117575496,44.8211848426551
"441",50.6,1,0.201,2.50389337639172,0.00360632496363298,-1,0.989301127779407,0.0133764363013606,0.134127691992573,0.00905110091642799,0.0989127655493965,0.00330716436816363,0.00841977344808667,0.00684948667433238,0.0383283012423089,0.806309545927415,0.0109021894117177,0.109318017932087,0.00737691372742028,0.0806168160907447,0.00269543632886259,0.00686236325331701,0.00558253330066787,0.0312386939659351,0.0870543411384387,0.00117873698400153,0.000173429551618737,0.000833712947449311,0.00143201361157199,-0.000106366222683542,0.0998547772796794,0.0131727361413972,0.229516422606618,10,1e-05,221.237646213838,1.52581704226702,0.0490422178193997,0.104023293001837,0.440687959375902,1.21783603153126,0.990709752575435,0.433109804038091
"442",50.6,1,0.206,2.56617928127708,0.765433776180022,4,1.13741080906625,1.94605531486471e-21,6.87054045368114,0.254582686071021,3.28750451749828,0.099023205875209,0.333195633186429,0.151791553512165,3.74523098259492,196.758459047252,3.36644281838534e-19,1188.52128159208,44.0397582053631,568.698941330494,17.1298296469679,57.6388573279474,26.2581223313329,647.880142370333,8.71814868118451,1.49218570433638e-20,1.60611225811176,5.77687603028615,1.29614509718221,0.194519506589749,6.53177439613837,0.482535208211358,17.7149989256184,10,1e-05,83.629362357352,6.75035492806361,9.17909525969658,12.7934496224096,1.17808104340572,48.193416384085,21.9551302999995,42.3211101033226
"443",50.6,1,0.211,2.62846518616245,0.012757491657873,-1,0.971043094572417,0.0349634152367219,0.300270195179412,0.0221584542432915,0.18553880963762,0.00501537274752548,0.0210243387683485,0.00882350437247677,0.12285531803708,2.79970476432808,0.10080627807619,0.865736959284691,0.0638871027061945,0.534944218452981,0.0144602881732157,0.0606172287775875,0.0254398670540678,0.354215607066245,0.292919511769466,0.0105612268497674,0.00128219549295736,0.00733354052919662,0.00694773205207816,-0.000502047856557602,0.408811559670925,0.0278221990444346,0.633089176266737,10,1e-05,216.154229289445,3.34189254640107,0.0879496950721489,0.149958925560728,0.560762352467456,3.04096035945392,1.27623167243504,1.388265093819
"444",50.6,1,0.216,2.69075109104781,0.74249286855551,4,1.13240973087761,1.87916745766371e-26,6.62048652827136,0.242274065232047,3.23471525956572,0.0967421472823666,0.325435394320599,0.151526988346868,3.53900760724289,190.022189777844,3.15330666566937e-24,1110.9400715957,40.6544090415888,542.796180719962,16.2336601047743,54.6091618376425,25.426742062521,593.85746769199,8.63802974468541,1.43398809908972e-25,1.50233487840267,5.29808689134552,1.23416007210408,0.187096413327746,6.18869921898819,0.467276681159396,16.4751020618317,10,1e-05,87.188200892121,6.76499558822892,9.24144947708933,12.6747574834821,1.15197163876427,47.0709754345315,21.916863594491,39.9907859618447
"445",50.6,1,0.221,2.75303699593318,0.731146019013088,4,1.13001154743919,1.20606284303804e-20,6.50057737209516,0.236414225135583,3.20848418684438,0.0956359839691482,0.321613360325913,0.151350577770822,3.44107020958982,186.72197842287,1.99288618478912e-18,1074.14890631803,39.0648502173837,530.166719502762,15.8027943834779,53.1430701423991,25.0090181652177,568.599001384264,8.59338463453295,9.17538485858785e-20,1.4532241676527,5.0754133430106,1.20416732229958,0.183416679554103,6.02348437661571,0.459671222716147,15.8913316219831,10,1e-05,88.9153451469774,6.7687028386039,9.26872859620784,12.6141918686204,1.13943417430077,46.51815643754,21.8913475687718,38.8840933683649
"446",50.6,1,0.226,2.81532290081855,0.002134278674551,-1,0.983771827235777,0.0193711415988472,0.157069947248486,0.00411867496373253,0.140383102529397,0.00269383866270989,0.0116522153138314,0.0121323567979453,0.0200585814233361,0.474519370317507,0.0093436116580448,0.0757622147745167,0.00198663043220533,0.0677133656110507,0.00129936494477361,0.00562041087216264,0.00585200566721306,0.00967519618162707,0.0512250899521869,0.00101008521359833,0.000130418714485626,0.000222954351685797,0.00173819860270762,-6.00535617892998e-05,0.0544998800626602,0.00920198976051589,0.108693406987647,10,1e-05,221.215375865861,0.658826177703115,0.0439295875783632,0.0690889542431675,0.346271729344875,1.68537642299257,1.7548240872548,0.226661970083698
"447",50.6,1,0.231,2.87760880570391,0.0113441420420577,-1,0.891575057934583,0.114236388072285,0.290314046464574,0.0343818378881722,0.207566132625275,0.00537772103932816,0.0173732921910407,0.0165003679553676,0.0896703325868768,2.28579882623065,0.292876521661978,0.744300214257096,0.0881473343035163,0.532153090306505,0.0137872726811904,0.0445412313238542,0.0423032490300109,0.229894655700243,0.234057047142824,0.0300291544522048,0.00108063566380952,0.0103966744105616,0.00513733690691962,-0.000449445903755243,0.347207967134576,0.0534749901863124,0.332340398238255,10,1e-05,212.669265590712,6.55436565284888,0.0420775869528694,0.215641421838003,0.607056093371809,2.51287298251213,2.38661322106437,1.01327475823171
"448",50.6,1,0.236,2.93989471058928,0.697627433164001,4,1.1231908474601,1.06637625095716e-22,6.15954237292101,0.219897480884792,3.13063075551766,0.0924471346963622,0.310382568657342,0.150675157586957,3.16590387708251,177.086537017917,1.68128931843758e-20,971.136856129388,34.6698724236486,493.587140983271,14.5755665456393,48.9360951957072,23.7560178949473,499.148435363345,8.44283245941213,8.01917787440083e-22,1.31598218068794,4.46659578647378,1.11802890793332,0.172548195255671,5.55172541616392,0.437040652458791,14.2699602126469,10,1e-05,93.900618468434,6.76717410672417,9.337186069339,12.4291763900244,1.10374163085096,44.893734730598,21.7936547933775,35.7747138110324
"449",50.6,1,0.241,3.00218061547465,0.686637394435173,4,1.12103378137922,6.19424728811618e-17,6.05168906856529,0.214719944066608,3.10500291657304,0.0914255855551537,0.306718308866353,0.150408180586827,3.07992802652823,173.962079526728,9.61223610958227e-15,939.101419157558,33.3202519015386,481.834511390947,14.187427042168,47.5965628561755,23.3403491556916,477.943388671406,8.38756799471763,4.63654520127317e-16,1.27336035550808,4.28160630470501,1.09055915044091,0.168992806432958,5.40211252095268,0.429580846103138,13.7694067209086,10,1e-05,95.4998991773325,6.76288331933061,9.35605628576274,12.366752170498,1.0924469145871,44.3637361944293,21.7550392400787,34.803186699769
"450",50.6,1,0.246,3.06446652036001,0.67574059263202,4,1.11893092645024,3.73372060970759e-17,5.94654632919284,0.209693860854877,3.0795489746136,0.0904236824100512,0.303093229950667,0.150123159613319,2.99660162673057,170.880192701954,5.7020400652092e-15,908.140939376173,32.0238957600139,470.300632306707,13.8092673191807,46.2876021354935,22.9264147029464,457.633131163152,8.32997013333127,2.78082963268423e-16,1.23218644557707,4.1047681319984,1.06368761114307,0.165474882751924,5.25614143484077,0.422170642793083,13.2871990996199,10,1e-05,97.0695921931658,6.75689449473573,9.37317670377543,12.3040858748223,1.08143373471236,43.8394047800645,21.7138138064704,33.8615983820555
"451",50.6,1,0.251,3.12675242524538,0.66494157237922,4,1.11688078620452,5.25271387721946e-17,5.84403931019228,0.204814200483152,3.05428209940077,0.0894411601633677,0.299508115133013,0.149821581388509,2.9158327910373,167.841265347408,7.8936100839948e-15,878.223499480141,30.7788216923583,458.987726016347,13.440930922426,45.0091197258153,22.5147071264885,438.182007635995,8.27017654523917,3.8912385442091e-16,1.19241166537104,3.93570106824844,1.03740949482664,0.161997455586169,5.11376072510982,0.414816203527474,12.8226373808128,10,1e-05,98.6101070153594,6.74931666272653,9.38865973748393,12.2412640074305,1.07069473355878,43.320853772839,21.6701935320339,32.9489105387215
"452",50.6,1,0.256,3.18903833013074,0.654238122154874,4,1.11488073840702,1.07522377741883e-16,5.74403692039369,0.200073336679553,3.0291993762632,0.088477161176812,0.295961544623564,0.149504684524358,2.8374876460379,164.843830643183,1.58980239017857e-14,849.300751815379,29.5824065226429,447.890802812368,13.082039782712,43.7602274917143,22.1054360767854,419.544725155017,8.20828426244486,7.9199546340607e-16,1.15396649673713,3.77394981794364,1.01170427461135,0.158561158075449,4.97483496651242,0.40751886697938,12.374790556924,10,1e-05,100.122756627044,6.74024160930513,9.40261500335178,12.1783249304408,1.06021604548323,42.8078778143523,21.6243575696031,32.0636104002283
"453",50.6,1,0.261,3.25132423501611,0.64363215696408,4,1.11292909414663,4.35546461628695e-18,5.6464547072067,0.195466009710617,3.00430672712845,0.0875312448957905,0.292453457824314,0.149173665702654,2.76147182493744,161.88763147149,6.33549661336899e-16,821.33819986227,28.4326553341646,437.009062685724,12.7323708136105,42.540533670861,21.698930817367,401.686087160084,8.1444088533198,3.18882060228847e-17,1.11680073759485,3.61915574526474,0.986562090207225,0.155167727658525,4.83928891632978,0.400282385099858,11.9429651663183,10,1e-05,101.608206353346,6.72976024844787,9.41513959935231,12.1153265446414,1.04998848604258,42.3004681397087,21.5764790072319,31.204631621793
"454",50.6,1,0.266,3.31361013990148,0.633123276511506,4,1.11102386309276,5.13283671870178e-17,5.55119314557122,0.190986372927544,2.97960371316419,0.0866027821353201,0.288983017008591,0.148829514853914,2.68768184547456,158.97180547733,7.34436358658327e-15,794.297247989132,27.3274495125073,426.339161222066,12.3916336027989,41.3493836561331,21.2953991994197,384.56926958738,8.07864927891635,3.73404863244056e-16,1.08085947121115,3.47095314588405,0.961968018384279,0.151818040158807,4.70702253646678,0.393108603850584,11.5264257589905,10,1e-05,103.067407421318,6.7179544569899,9.42632247976166,12.0523050203951,1.0400012000624,41.7985035801227,21.5267010284701,30.3708048538625
"455",50.6,1,0.271,3.37589604478684,0.62271510441257,4,1.10916389862441,3.25079338929883e-17,5.45819493074277,0.186630660951934,2.9550989802418,0.0856915366422457,0.285550712409339,0.148473260024044,2.61604886228459,156.096643525017,4.57495900734046e-15,768.15149632157,26.2652073238072,415.88175802695,12.0596796063636,40.1865836226327,20.8951784057465,368.166009736261,8.01112643111297,2.34908087452381e-16,1.04610457662588,3.32905702256174,0.937917081204833,0.148514083316308,4.57799026654618,0.386001851402533,11.1246408310454,10,1e-05,104.500702297397,6.7049068025581,9.43624516049087,11.9893182039079,1.03024802122572,41.3020550428868,21.4751723298778,29.5613521438159
"456",50.6,1,0.276,3.43818194967221,0.612404850510492,4,1.10734701376845,1.02698328403075e-16,5.36735068837069,0.182392739027632,2.93078576058294,0.0847967203309547,0.28215496067548,0.148105649603268,2.54646570114761,153.260698229204,1.42138077064599e-14,742.860100684484,25.2437927657221,405.630995922905,11.7361625614012,39.051233031997,20.498339714341,352.439756031356,7.94191722874816,7.36918199676609e-16,1.01247938889035,3.19311577405623,0.914389936351266,0.145255666683763,4.45207114740092,0.378961907326861,10.7368713735105,10,1e-05,105.909280017652,6.69068411268332,9.44498384163877,11.9263782924679,1.02071664210546,40.8108935121014,21.4220011586166,28.775062422968
"457",50.6,1,0.281,3.50046785455757,0.602193788441048,4,1.10557185082793,1.61903377632893e-24,5.27859254159441,0.17826851523011,2.90666635256689,0.0839179350403102,0.278795507092281,0.147727466954052,2.47885908766508,150.463681281111,2.20343690844227e-22,718.394254698623,24.2615955154368,395.585071504521,11.4208781837368,37.9428965112711,20.1050872339004,337.362301172837,7.87112126104289,1.15324967537884e-23,0.979943643079571,3.06285512432326,0.89137715442581,0.142043771251652,4.32919865441094,0.371991076218589,10.3625770058627,10,1e-05,107.29372727971,6.67535521326633,9.45260772564093,11.8635196758477,1.0113994479651,40.3249821458276,21.367300820234,28.0111076906154
"458",50.6,1,0.286,3.56275375944294,0.592082042180928,4,1.10383693714968,7.56326851237445e-17,5.19184685625484,0.174253706342307,2.88273989376036,0.0830546973061815,0.275471728681241,0.147339376852226,2.41315302877151,147.705018324005,1.01204505539948e-14,694.723839391292,23.3169828097772,385.740986282539,11.1135940233904,36.8610211918382,19.7155618057148,322.905313581649,7.79882795866515,5.3463232331189e-16,0.948455759384093,2.93800384822231,0.868867069625356,0.138878906042302,4.20929574451056,0.365090692198446,10.0012092464698,10,1e-05,108.654757378998,6.65898256321966,9.45917959630944,11.8007649408555,1.00228799669508,39.8442308364547,21.3111674679059,27.268629225118
"459",50.6,1,0.291,3.62503966432831,0.5809179580262,-1,1.10185202525278,0,5.09704360801475,0.169885070791803,2.85615646777347,0.0821062690151056,0.271791955113731,0.146891491620069,2.34179499681803,144.659352053854,0,669.177901230884,22.3037791837134,374.977523772077,10.7795233870535,35.6828750314116,19.2850106121178,307.448313492856,7.71509672152152,0,0.9144602457,2.8045940108584,0.844305820475248,0.135390626239815,4.07879695386488,0.357471691895724,9.61216739348817,10,1e-05,110.132136314447,6.63928584209495,9.46488296694004,11.7305819309535,0.992376344845104,39.3119883876501,21.2463853479267,26.4622834640438
"460",50.6,1,0.296,3.68732556921367,0.572156556122624,4,1.10048233351279,7.47913336724058e-17,5.02411667576249,0.166536287966556,2.83546189087878,0.0813730533244843,0.268928733327679,0.14653594375108,2.28715825001714,142.300489135722,9.67107152981173e-15,649.655372616328,21.5343713522802,366.646152973486,10.5221364649982,34.7744703661196,18.948179209004,295.74644480602,7.65008691456311,5.20190826100189e-16,0.888467465269894,2.70352371430759,0.825310133907348,0.13269162927136,3.97810198846007,0.351505721802148,9.31520065761221,10,1e-05,111.309256871532,6.62333521020924,9.46940652320198,11.6756508691728,0.984651407463948,38.8978519885154,21.1949589041562,25.8448882251937
"461",50.6,1,0.301,3.74961147409904,0.562342662241579,4,1.09886003116372,3.42241981694616e-17,4.94300155824839,0.162826196801512,2.81210654747351,0.0805537502345537,0.265708216803966,0.146121621176764,2.22673709190028,139.653507830336,4.34953423684384e-15,628.203308194905,20.6934904401996,357.389051025389,10.2375311414599,33.7687089198431,18.570515250773,282.994773747909,7.57380087065869,2.36013188885203e-16,0.859893682479954,2.59342860636192,0.804241242762877,0.129669643618013,3.86666868345521,0.344822808272581,8.98960360086398,10,1e-05,112.604041551913,6.60416551097384,9.47316421185814,11.6133207777036,0.976111043263336,38.4320364785257,21.1350312870072,25.1621291384732
"462",50.6,1,0.306,3.8118973789844,0.552627795889909,4,1.09727275633491,0,4.86363781714198,0.15921050572521,2.78893756894745,0.0797482252684553,0.262520833644127,0.145699514321058,2.16795071733744,137.04265401009,0,607.438606998039,19.8844180946856,348.32123928205,9.96006542610987,32.7872459858573,18.1969779302937,270.76378079355,7.49633999035446,0,0.832220763914257,2.48780794475642,0.783631251918611,0.126695569859984,3.75791978392436,0.338213828969806,8.67501397221516,10,1e-05,113.878016387669,6.58416256680187,9.47608165980094,11.5511583906009,0.96774675773837,37.9710133782865,21.0739777513978,24.4978431059131
"463",50.6,1,0.311,3.87418328386977,0.543165990567304,-1,1.09614799828896,0,4.78848511097791,0.155797032292342,2.76680412251324,0.0789815122622623,0.259470660238423,0.145293371213381,2.11248532021668,134.558210805572,0,587.81295044837,19.1249447581886,339.640461831797,9.69541612384239,31.8514542312915,17.8355624449433,259.31922102225,7.42486109719658,0,0.806049511115833,2.38878671746743,0.76389784835397,0.123867394180012,3.65404368570212,0.331803379693345,8.37777448473916,10,1e-05,115.173358692164,6.5648283559311,9.48007614133965,11.4914785320834,0.959599562529529,37.5298362968855,21.0152332123035,23.8710841184485
"464",50.6,1,0.316,3.93646918875514,0.533494230593871,4,1.09419869933598,5.62838970349058e-17,4.70993496688915,0.152249328567836,2.74314890879619,0.0781768882294966,0.256242888795049,0.144833533887966,2.05505288131119,131.927204667509,6.78613236162235e-15,567.87542767554,18.3566552790172,330.740630329597,9.42576365698534,30.8951272334476,17.4625351680199,247.777101398332,7.3381828285655,3.77674693450615e-16,0.779449147336825,2.28919510810346,0.743747063269134,0.120890988795957,3.54821375794323,0.325219522248222,8.07719914255411,10,1e-05,116.365917144088,6.54183118575118,9.47956587748072,11.4273751084394,0.951519348146536,37.0629714353159,20.9487223415555,23.2220975588164
"465",50.6,1,0.321,3.9987550936405,0.524074036430508,4,1.09270960185792,3.07945202561691e-17,4.63548008219746,0.148897402577035,2.7205216725346,0.0774102185296321,0.253150754833586,0.144390311125184,2.00082839912104,129.421325362405,3.6473255279137e-15,549.029655188321,17.6355173888596,322.220578951546,9.16852296498898,29.9833607679012,17.1016941770601,236.979580665067,7.25761616029541,2.04647907937108e-16,0.754287368896462,2.19582323074478,0.724451203468102,0.118059984867512,3.44712119175881,0.318834202936548,7.79316756710012,10,1e-05,117.581104618765,6.51957989032852,9.48021032425677,11.3657614227136,0.943643101950722,36.6157251791299,20.8846146011466,22.6093609100677
"466",50.6,1,0.326,4.06104099852587,0.51475363973909,4,1.09125148060695,4.00317778895065e-17,4.56257403034694,0.145628312456941,2.69807454708999,0.0766559209219139,0.250089805219681,0.143940781016694,1.94803373165603,126.95000176196,4.65706976249017e-15,530.783959046232,16.9415710782974,313.878674708845,8.9177146322762,29.0940280746544,16.7452532513621,226.623184537209,7.17616666067551,2.63402799482061e-16,0.729910038392709,2.10620175040084,0.705578475494726,0.115277027838013,3.34848150862302,0.312525384240843,7.51864032204753,10,1e-05,118.777527039839,6.49666121401279,9.48017043427089,11.3043565515889,0.935919599349072,36.1729894269746,20.8195945662547,22.0127811677132
"467",50.6,1,0.331,4.12332690341124,0.505529874477896,4,1.08982292587795,1.11022302462516e-25,4.49114629393428,0.142438353358513,2.67579793097054,0.0759134024992678,0.247058517484096,0.143485097729828,1.89660524129158,124.51199860442,1.26842704819557e-23,513.112348624988,16.2735464940818,305.709249030816,8.67308738108173,28.2263742611292,16.3931367785267,216.686677761521,7.0938725839986,7.23083895584396e-25,0.706282818874716,2.02014157449134,0.687113962567423,0.112540987107251,3.25220684738093,0.306291294272304,7.2531891579023,10,1e-05,119.956069304802,6.47310078711019,9.47947715269384,11.2431446172117,0.928340406880556,35.7345439688996,20.7536845356423,21.4316392265949
"468",50.6,1,0.336,4.1856128082966,0.496403301301713,4,1.08842315394388,1.30840039609859e-16,4.42115769721087,0.139325277803782,2.65369093950294,0.0751823955955935,0.244056579731528,0.143023538327711,1.84650294784413,122.107087383798,1.46785706386804e-14,495.997064482436,15.6305052955861,297.710013118838,8.43449839839382,27.3800111655885,16.0454025892785,207.153895973137,7.01080239236375,8.43266377845226e-16,0.683382279192872,1.93749876891121,0.669050586953645,0.109851898098155,3.15825086038483,0.300132583661434,6.99651394107278,10,1e-05,121.117118969657,6.44893281088823,9.47816085626429,11.1821343036973,0.920901472691124,35.3003436923682,20.6869245837202,20.8654833106387
"469",50.6,1,0.341,4.24789871318197,0.487372627261726,4,1.0870511401333,8.52690721371966e-17,4.3525570048027,0.136286317320014,2.63174837871232,0.0744624928777836,0.241083106237963,0.142556290018887,1.79767875992512,119.734567250424,9.39206544683858e-15,479.417674258589,15.0114218402502,289.877119487208,8.20176165770447,26.5543913538888,15.7020355934169,198.007508964591,6.92700572188852,5.43681294579442e-16,0.661181630529034,1.85812020415358,0.651377898696332,0.107209125451139,3.06654995638749,0.294048640845272,6.74827680920244,10,1e-05,122.261277766822,6.42418372973868,9.47624843747979,11.1213214197846,0.913596392847688,34.870260486259,20.6193417883319,20.3137699871538
"470",50.6,1,0.346,4.31018461806733,0.00945741141737231,-1,1.00004486078926,0.00550856628407245,0.277565689767445,0.0252724799550869,0.227547948969265,0.00433926544767734,0.0212622445209664,0.0170388984701297,0.0564787264205191,2.13747086465471,0.0117738717530446,0.593261960705905,0.0540167663467966,0.486355292951437,0.00927463740085926,0.0454453894646902,0.0364185152823725,0.120716216771902,0.220823500572443,0.00121799565355792,0.000893966522917698,0.00628529589870806,0.00838538658317994,-0.000342157192652768,0.120043869028117,0.015599903699989,0.265301847785606,10,1e-05,214.108326149151,4.94572893958739,0.13417662157745,0.108105320546887,0.526053639178139,3.07537104751258,2.46450627471955,0.638209608551865
"471",50.6,1,0.351,4.3724705229527,0.469602712934952,4,1.0843878044344,0,4.21939022171457,0.130423264991098,2.58835596755237,0.0730551229371035,0.235220903083157,0.14160567619033,1.70373054080911,115.086308792929,0,447.804783480932,13.8418489097417,274.702770475296,7.75335576706362,24.9640445752704,15.0286405935486,180.817285400744,6.757506444001,0,0.618799125786985,1.70865816851192,0.617181199280839,0.102062752165099,2.88975735443205,0.282108163124819,6.27608190384018,10,1e-05,124.500142006479,6.37307175461665,9.47074054710531,11.0003194956954,0.899374658868151,34.0223514219479,20.4818450041693,19.2521551111429
"472",50.6,1,0.356,4.43475642783806,0.00231174617196936,-1,0.71267254235892,0.290520265302918,0.158814622318815,0.0227457848076035,0.152264150581144,0.00287862899213365,0.0100583040090824,0.0154266570881764,0.00971395505493104,0.372339072896494,0.15178365912974,0.0829734355148113,0.0118836406963761,0.0795511111949123,0.00150395305899721,0.00525500754842705,0.0080597284961919,0.00507510084131974,0.039066458015644,0.0159471575049128,0.000137820466488794,0.00138256980926369,0.00188988402454392,-6.84380714172916e-05,0.0156834500362375,0.00390066091820598,0.0318281294168413,10,1e-05,216.612188623763,5.00882613597353,0.128051265751638,0.0753998292166609,0.383354118761557,1.45483309187368,2.23131168123383,0.109767692120721
"473",50.6,1,0.361,4.49704233272343,0.452214025469803,4,1.08182608877761,1.34054879444068e-21,4.09130443880719,0.124830656296128,2.54558859242597,0.0716886006786342,0.229466453146951,0.140634489256638,1.61443744843952,110.563026284949,1.37004582468032e-19,418.132826431177,12.7577392303704,260.160095393036,7.32660149665922,23.4515563582565,14.3728968024993,164.996104178735,6.58577468343077,8.16585255459127e-21,0.578951348682094,1.57070844489668,0.584453634490201,0.0970978256663053,2.72139719665588,0.270466883527097,5.83429315001754,10,1e-05,126.67661222378,6.31995652208513,9.46313742218854,10.8801145477883,0.885635807868763,33.1900277831749,20.3413725260802,18.2431431673666
"474",50.6,1,0.366,4.5593282376088,0.443661877256238,4,1.08058151777751,6.55500730170038e-18,4.02907588894864,0.122130783968563,2.52443188001274,0.0710199504918661,0.226628354953109,0.140141532218994,1.57144925371983,108.347298383458,6.57254746947567e-16,403.985706184729,12.2457586722968,253.11868623758,7.12099887007781,22.7234776759456,14.0516528900809,157.565420457525,6.49919982351909,3.94500911409875e-17,0.559927280009357,1.50576074785593,0.568622069745943,0.0946823977683744,2.64026265200052,0.264758111033868,5.62416348510098,10,1e-05,127.742475172383,6.29270529645448,9.45860161568982,10.8203077365402,0.878937130995435,32.7795252604177,20.2700712201554,17.7573765670341
"475",50.6,1,0.371,4.62161414249416,0.435203928877966,4,1.07936019787535,6.36492474206091e-18,3.96800989377369,0.119492649938241,2.50342208093675,0.0703606644414793,0.223815624275884,0.139643813712657,1.52952214091909,106.161646526507,6.26029097575191e-16,390.277930004911,11.7528295838866,246.226802309557,6.92039969836749,22.0136292205855,13.7348192199028,150.437814177645,6.41221567137349,3.78364544607965e-17,0.541477255069138,1.44335273331603,0.553135423386178,0.0923110434451573,2.56109725432037,0.259123557282061,5.42088725419332,10,1e-05,128.793966915007,6.26501865517959,9.45360100623918,10.7606929761081,0.872347144390839,32.3726918952639,20.1980812153988,17.2836001923857
"476",50.6,1,0.376,4.68390004737953,0.426839729152962,4,1.07816145871849,6.56451284033182e-17,3.90807293590203,0.116914442713016,2.48255596308535,0.0697104801847186,0.221027741071611,0.139141435013658,1.48862447697884,104.005684775099,6.33250843510173e-15,376.995299324321,11.2782427679427,239.481694365235,6.72467576074402,21.3216131763512,13.4223868903516,143.601319495491,6.32486767779631,3.8534392727027e-16,0.523582896553133,1.38338201960904,0.537986531963573,0.0899832970247311,2.48385676885179,0.25356293373376,5.22423446432859,10,1e-05,129.831476675269,6.23691614530844,9.44815073786761,10.7012682031997,0.865862019622688,31.9694524685978,20.1254171603755,16.8214565898609
"477",50.6,1,0.381,4.7461859522649,0.418568825881647,4,1.07698465420062,1.66498015378165e-23,3.84923270992764,0.114394420268214,2.46183023593656,0.0690691345191858,0.218264189694353,0.138634469752251,1.44872596429968,101.879037697495,1.57501386107126e-21,364.12415240236,10.8213180284716,232.880658450955,6.53370215812072,20.6470403483966,13.1143431941889,137.044484853665,6.23719989411562,9.64873767058121e-23,0.506226532764449,1.32575090597535,0.523168428291575,0.0876986352359997,2.40849814990607,0.248075903406451,5.03398494689084,10,1e-05,130.855383794262,6.20841490471273,9.44226889484761,10.642028750154,0.859478157546994,31.5697323973912,20.0520897049656,16.3706033965864
"478",50.6,1,0.386,4.80847185715026,1.39114402691975e-06,-1,0.766158700187911,0.240799710135682,0.347280044200123,0.0446798768126886,0.354450807367353,0.0047270024402499,0.0351646004451059,0.0262709122404766,5.42876406865876e-06,0.000240879184473216,7.57070797272728e-05,0.000109184342369578,1.40472884878349e-05,0.00011143881991235,1.48616271345745e-06,1.10556993942197e-05,8.25953671778623e-06,1.70679555193368e-09,2.36793040975999e-05,7.45163890421194e-06,1.54679511058168e-07,1.71020927721577e-06,1.49997208679443e-05,-5.00589130933731e-08,1.1937011632345e-05,1.44615422222433e-06,1.63743763379695e-08,10,1e-05,206.065682924597,10.0975785456268,0.267389249915998,0.0127837363836382,0.673366576947279,5.08620780838012,3.79982474646253,6.13450339758439e-05
"479",50.6,1,0.391,4.87075776203563,0.402305101631789,4,1.07469438785131,2.8607672443925e-17,3.73471939263816,0.109522316631738,2.42078707947523,0.0678119519878772,0.212808110971433,0.137607077513509,1.37181133109337,97.7122378936458,2.60103684082049e-15,339.564246249661,9.95787339950652,220.100268200408,6.16552729741124,19.3487162490095,12.5113666227776,124.726393516386,6.06107400415643,1.61448561668293e-16,0.473060595172329,1.21713903178831,0.494497680729042,0.0832565490479047,2.26326062835566,0.237321284137966,4.67185826796743,10,1e-05,132.863846448885,6.15028190914661,9.42926344580906,10.5240871410795,0.847000150935324,30.7805651709081,19.903487691554,15.5014680413551
"480",50.6,1,0.396,4.93304366692099,0.394310586183227,4,1.07357964020289,1.6186288185259e-16,3.6789820165105,0.107166857986167,2.40046118299683,0.067195569253357,0.210114352827785,0.137086709288677,1.33473691359011,95.6711826968679,1.44242800083598e-14,327.849511540244,9.55008800977843,213.915159896129,5.98807889207275,18.7241708801615,12.2163713976458,118.944002224373,5.97268828093909,9.01099498714174e-16,0.457217444937933,1.16597938212622,0.480630660503708,0.0810978853334282,2.19329472972701,0.232052447285689,4.49956629271521,10,1e-05,133.849201646232,6.12067735659169,9.42216450830474,10.4653688306691,0.840898881334505,30.3909399930108,19.8282216315142,15.0825271235683
"481",50.6,1,0.401,4.99532957180636,0.386409158827551,4,1.07248469856237,9.18282300108995e-17,3.62423492800284,0.104863752607329,2.38026703104954,0.0665871896815348,0.207443541319163,0.136562091602464,1.29855953237498,93.6584477112803,8.01921882002041e-15,316.4988908026,9.15759106264861,207.865077763134,5.81495738949834,18.1157270530082,11.9257585053076,113.401217029909,5.88416280901514,5.04153181165346e-16,0.441851335544898,1.11682115092034,0.467071175631638,0.0789806797750763,2.12506420764804,0.22685681214728,4.33291454515489,10,1e-05,134.822156509308,6.09074083025148,9.4146884049526,10.4068297398198,0.834887054568761,30.0046338164038,19.7523409293804,14.6737227158373
"482",50.6,1,0.406,5.05761547669173,0.378597992851943,4,1.07140869309947,4.73506082216612e-19,3.57043465498928,0.102610877000173,2.36019525061197,0.0659863932158444,0.204794416631595,0.136033096348848,1.26324355928322,91.673098845338,4.05146702266696e-17,305.497623041279,8.77970948941176,201.945731724206,5.64600342211506,17.5228546489855,11.6394197360386,108.087093582276,5.79550880127469,2.56305244670255e-18,0.426943059496431,1.06957170110048,0.453809016075237,0.0769037633637073,2.05851101686582,0.221732418109245,4.17167244361474,10,1e-05,135.783335720673,6.06047553815872,9.40684126091688,10.3484440801257,0.828959702663537,29.6214644215939,19.6758270558974,14.2746522199003
"483",50.6,1,0.411,5.11990138157709,0.00109084426323923,-1,0.905244074043224,0.0987934462431843,0.203490158614816,0.00659181597483707,0.202342221329481,0.00311457378943007,0.0222896542143997,0.0125821596361385,0.00511318557118991,0.223170548930307,0.0243556276820824,0.0501665923060385,0.00162508568874841,0.0498835904047263,0.00076783837884352,0.00549508636303625,0.00310188992476264,0.00126055774726948,0.0237473923681817,0.0025952656702841,8.24460988198192e-05,0.000183558326579602,0.00109021084306393,-3.36247627127993e-05,0.0234357223858349,0.00214525899151058,0.00453276703288407,10,1e-05,218.889033342683,1.42041561396784,0.103651377255118,0.0825868476216998,0.395378733965569,3.22397558557077,1.81988356977107,0.057778996954446
"484",50.6,1,0.416,5.18218728646246,0.00634151566456349,-1,0.815581210335342,0.188117709767505,0.183199696597446,0.0217185520933857,0.160261501227151,0.00498011877658655,0.0138801872958606,0.0109198699786352,0.0260792877769687,1.16887675076074,0.269607017139572,0.262558606531812,0.0311266496584767,0.229683985423607,0.00713741927868294,0.0198928420870132,0.0156501669945397,0.0373763799025773,0.122591416713707,0.0283149028547357,0.000380935838921777,0.00360812164803187,0.00189580659861187,-0.000242408389372446,0.0691746194578967,0.00882507583243325,0.0601474813247806,10,1e-05,216.547342451295,4.55475763084948,0.151309075149235,0.264449600820484,0.608258320445739,2.00763029047328,1.5794499937098,0.294695951879747
"485",50.6,1,0.421,5.24447319134782,0.00235229871060431,-1,0.97996347054011,0.0217982866454714,0.0885869575649306,0.012399615677086,0.0781220910308936,0.00344124602239004,0.0035483685815538,0.00715042649056024,0.01179877898087,0.520967698651126,0.0115883944347128,0.0470945548487339,0.00659187759303882,0.0415312276443805,0.00182943351938291,0.00188638196164515,0.00380130621716756,0.0062724610838497,0.0561241724523351,0.00125018791503053,7.34073007347136e-05,0.000751753625609589,0.000498808245792139,-7.35823811007245e-05,0.0091978105671456,0.00300564170538034,0.0624980030529037,10,1e-05,220.884310991509,2.64232170004083,0.158913301508647,0.164337884722133,0.467060276252564,0.513236031635942,1.03423768759463,0.133326202483831
"486",50.6,1,0.426,5.30675909623319,0.348254452291436,4,1.06728498437702,5.59501334281744e-17,3.36424921835543,0.0940771414242488,2.28108939539299,0.0636553831081216,0.19440858626961,0.133874241615919,1.13016561297905,84.0012049741188,4.40358357442153e-15,264.784937773719,7.40438903932513,179.534295592608,5.01002915101681,15.301026195449,10.5366399559136,88.9502566795391,5.44039761313345,2.85402594742453e-16,0.371630329372804,0.898271367443551,0.403630406125006,0.0689904400305665,1.80842185190449,0.201943953355956,3.57758546529743,10,1e-05,139.515544001563,5.93638824988434,9.37194295361023,10.116378835628,0.806046309527915,28.1192579180363,19.3635703073265,12.7708714266632
"487",50.6,1,0.431,5.36904500111856,0.00892493200851062,-1,0.967286684089051,0.0371177843722533,0.219954775457005,0.0164268339087145,0.182257387272434,0.00482788698205545,0.015061908106579,0.0140394891004691,0.042190026847012,1.95105074274054,0.0748678566133357,0.443656399993623,0.0331334929195845,0.367619462416888,0.00973801525147376,0.0303803903039414,0.0283181357582362,0.0850987453565814,0.20547795573168,0.00789564708790537,0.000649424913347061,0.00379633320636987,0.00362454722250784,-0.000338776252400963,0.0820360692624876,0.0124001140558224,0.161205988143517,10,1e-05,217.219800521971,3.140367699324,0.158113982740904,0.210171622210967,0.586787065544038,2.17855438853558,2.03067170349185,0.476747303371236
"488",50.6,1,0.436,5.43133090600392,0.00176077834160956,-1,0.998946519810152,0.003742418335236,0.134543121107355,0.0205375084562972,0.128598601549793,0.0030071411290766,0.0101316088568671,0.0109938294344615,0.00852530524911516,0.397516687610798,0.00148924262788329,0.0535395386867945,0.00817261201818649,0.0511740009156544,0.00119664942727455,0.00403173094162784,0.00437483946765816,0.00339252506144501,0.0420025286704404,0.000157573671222375,8.64619922510138e-05,0.000946854041749925,0.00106977447727384,-4.95178826865738e-05,0.0282731612077555,0.00497501592825856,0.0188740972087363,10,1e-05,217.749935542343,4.52587377194516,0.0680610015365311,0.0867420234920124,0.417033430363403,1.46543590505726,1.5901474894005,0.0963359493150014
"489",50.6,1,0.441,5.49361681088929,0.32643320250105,4,1.06436876932232,5.84882131501669e-20,3.21843846613256,0.0881447290491811,2.22292132259948,0.0619774710000469,0.186829644260733,0.132210292516199,1.03836858170122,78.522639158709,4.3149038083411e-18,237.436769674802,6.5027807582872,163.993583731148,4.57231998117024,13.7831521961849,9.75366939686391,76.604503819272,5.17450215319488,2.84550545728697e-19,0.334334892062107,0.786564099784068,0.368860329461169,0.0634552471786496,1.63686072739011,0.187836823161061,3.18115070099178,10,1e-05,142.204413745086,5.84043079724633,9.34230743482464,9.94371983124767,0.789626762881571,27.0230397458725,19.122896709543,11.7335649732238
"490",50.6,1,0.446,5.55590271577466,0.31933442960458,4,1.06342787821356,4.48593114307023e-17,3.17139391100021,0.0862500262749707,2.20373478178387,0.0614304828930806,0.184340956963191,0.131647001825338,1.00918676569663,76.7471444907753,3.23747771396812e-15,228.878170030276,6.22462826532091,159.042616036204,4.43341221658906,13.3038096418803,9.50090897357273,72.8325861225389,5.08610516381522,2.14707479743054e-16,0.322637416219349,0.752200410361199,0.357786500707342,0.0616832454218355,1.58254404989326,0.183271303517572,3.05758236243616,10,1e-05,143.08127941219,5.80793339529705,9.33180370975566,9.88638864790624,0.784286021849591,26.6630760151559,19.0414223440169,11.4038104523719
"491",50.6,1,0.451,5.61818862066002,0.312324372507936,4,1.06250214729227,4.26484501424897e-19,3.12510736448582,0.0843954907980497,2.1846491797325,0.060889483539169,0.181871095575044,0.131079417615981,0.980691606951338,74.9970415157551,3.01035399699674e-17,220.58666643905,5.95708172755604,154.204135631444,4.29790296094694,12.8374273314342,9.25228108936945,69.2224193128621,4.9978986364762,2.00761668833576e-18,0.311292384348849,0.719192297627768,0.346965474818434,0.0599473840153981,1.52962711049498,0.178774642716497,2.938117228052,10,1e-05,143.948646126331,5.77520273009909,9.32099651668971,9.82916807081454,0.779009170144183,26.3058352639743,18.9593269639755,11.0818151585501
"492",50.6,1,0.456,5.68047452554539,0.000192281100951183,-1,0.97858576603656,0.0221096864435893,0.0345730170775525,0.00991667152339556,0.0342451086532424,0.00146650118710962,0.00194337196918235,0.00276609685482217,0.000899335653477238,0.0425249619539187,0.00096078811633929,0.00150238873983395,0.000430934205133483,0.00148813930585267,6.37275845936259e-05,8.44502566050037e-05,0.000120202201579716,3.90811064040077e-05,0.0046340676718293,0.000104849845455161,3.04839473201392e-06,4.89681779963273e-05,6.97416417797913e-05,-4.08182876196656e-06,0.00195634624803708,0.000451550883842877,0.0028980018493822,10,1e-05,222.736901563509,2.22897277282625,0.0747157430584332,0.0363581827041546,0.232613897636573,0.281089321622535,0.400088249081479,0.0101624928842928
"493",50.6,1,0.461,5.74276043043075,0.29856322465916,4,1.06069395323226,4.48402173353055e-17,3.0346976616382,0.0808014562223954,2.14675685064721,0.059824398876946,0.176984604267755,0.129931042125958,0.925670662872408,71.57063079409,3.02560661334248e-15,204.767101057695,5.45210159188264,144.853038422773,4.03666858989128,11.9420872813366,8.76713458802196,62.4598952859824,4.82209618409736,2.04003976527672e-16,0.289610544782248,0.657015211859149,0.326054837869731,0.0565806415793945,1.42783478933635,0.16998277635021,2.71090350458376,10,1e-05,145.656487233302,5.70903491771151,9.29848893562247,9.71499616259431,0.768635165810659,25.5990531612881,18.7932259330985,10.4600784904582
"494",50.6,1,0.466,5.80504633531612,0.291812087492573,4,1.05981085298047,3.49256337798683e-17,2.99054264901575,0.0790602763231526,2.12794622549196,0.0593000332894935,0.174567535726019,0.129350198636766,0.899115694298067,69.8940295223466,2.30332919466882e-15,197.224887450737,5.21398820538133,140.337057210002,3.91080942958448,11.5126472439536,8.53058503488086,59.2962590490024,4.73456342303494,1.56143393323461e-16,0.279255666930729,0.627754542123506,0.315957242284983,0.0549489336999678,1.37890920279067,0.165687145208304,2.60293118949506,10,1e-05,146.497353222541,5.67561363435071,9.28679543320965,9.65803472459097,0.763534541541286,25.2494483674115,18.7092127308219,10.1600073455682
"495",50.6,1,0.471,5.86733224020149,0.285146751529418,4,1.05894128612712,4.70618653235398e-17,2.94706430642515,0.0773551228403857,2.10922236288317,0.0587809072456076,0.172167484359863,0.128764860483114,0.873177236583392,68.2415289226945,3.03281559205045e-15,189.918153856747,4.98500901021349,135.924966536631,3.78802775418637,11.0950177478308,8.29801525920512,56.2703054697886,4.64731120625857,2.06694695590573e-16,0.269212554352079,0.599652152861776,0.306092289484918,0.0533510020310471,1.3312613354972,0.161457815746591,2.49856441716015,10,1e-05,147.32981959564,5.64197443385638,9.27481329018298,9.60114659613429,0.758488952393379,24.9023049378106,18.6245494202776,9.86690277339233
"496",50.6,1,0.476,5.92961814508685,0.278566857778411,4,1.05808491728241,0,2.90424586416434,0.0756851343808706,2.09058258185689,0.0582668662368067,0.169784136209178,0.128174976588926,0.847840579863346,66.6129102914407,0,182.840021678743,4.76484163469359,131.614946690438,3.66825523188118,10.6889487313172,8.06939790716885,53.3767446878801,4.56036491096693,0,0.259472384428019,0.572665032679381,0.296455726004363,0.0517863592346188,1.28486499512807,0.157294363728953,2.39769478028547,10,1e-05,148.154107609718,5.60812210712979,9.26254480304499,9.54432424927836,0.753496603057912,24.5575774612955,18.5392286138222,9.58059855245581
"497",50.6,1,0.481,5.99190404997222,0.272072054031257,4,1.05724142082043,9.19783288391452e-20,2.86207104098515,0.0740494758252636,2.07202421024475,0.0577577594174309,0.167417181974147,0.127580487838589,0.823091514387428,65.0079609631155,5.65558962492007e-18,175.983837600351,4.55317521522412,127.405213531734,3.55142552645325,10.2941952670417,7.84470529600533,50.6104849683692,4.4737493081517,3.89509830968208e-19,0.250026626650274,0.546751824696554,0.287043394175439,0.0502545163115667,1.23969456516584,0.153196362875491,2.30021751455107,10,1e-05,148.970433861542,5.57406060141605,9.24999258189184,9.48756018622629,0.74855569479511,24.2152212007406,18.4532417609735,9.30093411257793
"498",50.6,1,0.486,6.05418995485758,0.265661994825893,4,1.05641048196473,1.56481655004813e-23,2.82052409822642,0.0724473446262076,2.05354468102349,0.0572534365593383,0.165066327571797,0.126981343024779,0.798916291190951,63.4264742145836,9.3950976686253e-22,169.343169195989,4.34971037707162,123.294023472005,3.43747404974008,9.9105180686556,7.62391041796122,47.9666232093723,4.38748848796016,6.504062263466e-23,0.240867046672149,0.521872819554719,0.277851242942677,0.0487549802632981,1.19572502025553,0.149163398666501,2.20603109414271,10,1e-05,149.77900680351,5.53979497697364,9.23715838591201,9.43084637972602,0.743664288377329,23.8751936199848,18.366581455104,9.02775409045774
"499",50.6,1,0.491,6.11647585974295,0.2593363414036,4,1.0555917942796,8.37449692386182e-18,2.77958971380772,0.0708779557269067,2.0351413879407,0.0567537557362539,0.162731283426542,0.12637747436985,0.775301635534177,61.8682489513742,4.90829374892586e-16,162.911789697926,4.1541579177104,119.279663523994,3.32633837042312,9.53768266271985,7.40698543559232,45.4404390594673,4.30160606444786,3.41533927674578e-17,0.23198560337426,0.497989755589608,0.268875306836929,0.0472873161238637,1.15293191516442,0.145195049752045,2.11503747024721,10,1e-05,150.580033580194,5.50532781643747,9.22404313979564,9.37417483364066,0.73882142150531,23.537452834815,18.2792378928551,8.7609084815362
"500",50.6,1,0.496,6.17876176462832,0.253094761656205,4,1.05478505991724,4.01817172762828e-17,2.7392529963227,0.0693405552901751,2.01681173952034,0.0562585760645141,0.160411760288499,0.125768812463482,0.752234700327635,60.3330895744515,2.29837076747699e-15,156.683672033797,3.96623927702633,115.360453953371,3.21795770343745,9.17545902957784,7.19390264081576,43.0273856547027,4.21612504834583,1.60738907934872e-16,0.223374625490592,0.475065884560845,0.260111698422203,0.0458510117516061,1.11129126926579,0.141290897657203,2.02714167820822,10,1e-05,151.373714929459,5.47066295913685,9.21064846247563,9.31753888161495,0.734024608683028,23.2019570081285,18.1912010347181,8.50025211370228
"501",5.06,1,0.001,0.0124571814021889,0.65302520483706,4,0.0361455517330311,1.25034591827566,14.3245735004274,0.724506933500792,3.02807892402915,0.141009077377886,0.346094917607495,0.0712441673550147,11.7973867512377,5.33449412931692,184.530672264207,2114.07350501635,106.925411236081,446.895080275684,20.8106408503188,51.0779672087961,10.5144775575827,1741.1019433478,0.133377124362603,46.1402471792111,3.60549900217832,21.2331809473779,1.35648499589034,0.159204343366119,8.86167346046168,0.295814434965932,51.5249888011722,10,1e-05,13.9756174618094,3.76600262439565,3.83902430888254,9.39769408435665,1.34726598262647,50.059168882748,10.3047563662293,133.310470288986
"502",5.06,1,0.006,0.0747430884131333,0.682150809093614,4,0.207526473336088,1.07896471353617,14.3245593401288,0.724506461888215,3.02807416666698,0.141008888289286,0.346094324348575,0.071244054764803,11.7973769213617,31.9935434829699,166.339763424808,2208.36120209391,111.694323232555,466.826332869941,21.7387879553195,53.3560062832219,10.9834168498079,1818.75538793216,0.79992879733743,41.5918571247891,3.76629202896786,22.1800783045127,1.41697691306354,0.166305566823872,9.25690585378942,0.309007858763915,53.8230067633392,10,1e-05,13.9758286710162,3.76602933307221,3.8390222836782,9.39767827759096,1.34725908404525,50.0590830737779,10.3047400811811,133.310359211387
"503",5.06,1,0.011,0.137028995424078,0.711276414057911,4,0.364870940754196,0.921619966450446,14.3245453546339,0.724505978399405,3.0280696955198,0.141008731967796,0.346093750063102,0.0712439372437446,11.7973669482505,58.6524453193893,148.148999138596,2302.64874314498,116.463227227155,486.757569327566,22.666937860829,55.6340406528388,11.452353878578,1896.40868197059,1.46647935748447,37.0434816097252,3.92708442390431,23.1269703057275,1.47746839987045,0.173406803659482,9.65213775080549,0.322201229561856,56.1210166344917,10,1e-05,13.9760309706877,3.766055299989,3.83902196955068,9.39766951800286,1.34725265978184,50.0590000091271,10.3047230829352,133.310246515231
"504",5.06,1,0.016,0.199314902435022,0.740404931806103,4,0.50984947869762,0.776641172709003,14.3245325703289,0.724505522116793,3.02806581435394,0.141008580664489,0.346093257619025,0.0712438462913957,11.7973576307007,85.3138854824664,129.956543720937,2396.94573076083,121.232606343303,506.690838988533,23.5951793725185,57.9123089861484,11.9213407050267,1974.06972048357,2.13309556980043,32.49465947914,4.08789301136214,24.0739582172233,1.53796624200587,0.180508744843526,10.0474091246454,0.335395964173034,58.4192548737246,10,1e-05,13.9762137059198,3.76607852609324,3.83902135442834,9.39765952814485,1.34724694890329,50.0589287820158,10.3047099275875,133.310141226918
"505",5.06,1,0.021,0.261600809445966,0.769530536567946,4,0.643838997933832,0.642651424899053,14.3245211410194,0.724505127939779,3.02806214886119,0.14100843881719,0.346092796953952,0.0712437575914891,11.7973495067414,111.972551916806,111.766016457291,2491.23335537843,126.001513286038,526.622101579378,24.5233277058937,60.1903485177543,12.3902798234679,2051.72307729651,2.79964434643656,27.9462993098889,4.24868584923644,25.0208531093035,1.59845804754421,0.18760997197064,10.4426414413707,0.348589377877096,60.7172679725494,10,1e-05,13.976380756205,3.76609960297706,3.83902017214503,9.39764928391909,1.34724151194904,50.0588621514196,10.304697098033,133.310049426177
"506",5.06,1,0.026,0.323886716456911,0.798656185479898,4,0.768055466595881,0.518434751649212,14.3245109657396,0.724504810097492,3.02805842642355,0.141008309179704,0.346092325236752,0.0712436581605719,11.7973427468538,138.63116831659,93.5755533849574,2585.52119880835,130.770436046712,546.553335850239,25.4514777826777,62.4683834432243,12.8592165481513,2129.37669108228,3.46619362303199,23.3979380074436,4.40947906511843,25.9677512786279,1.65894973546291,0.194711221346424,10.837874489057,0.361782775311605,63.0152928440485,10,1e-05,13.9765362219126,3.76611943469526,3.83901870821891,9.39763935353327,1.34723636185162,50.0587939222438,10.3046827163451,133.309973039448
"507",5.06,1,0.031,0.386172623467855,0.827781740808462,4,0.883529910841858,0.402960112183618,14.3245011483041,0.724504475338013,3.02805522584833,0.14100818826691,0.34609192110906,0.0712435794521308,11.7973358210573,165.289603649582,75.3852432295786,2679.80867226686,135.539336135054,566.484554702418,26.3796248027135,64.746417483401,13.3281543337903,2207.02993532565,4.13273992104326,18.8495993647116,4.57027158973506,26.9146446555692,1.71944139205978,0.201812443019436,11.233106076314,0.374976158971225,65.313303176524,10,1e-05,13.976680604225,3.76613769285378,3.8390177227767,9.39763070093297,1.3472317135172,50.0587354692145,10.3046713319562,133.309894777948
"508",5.06,1,0.036,0.4484585304788,0.856907350815756,4,0.991154383608823,0.295335456110128,14.3244919867327,0.724504164133788,3.02805222287277,0.141008075230132,0.346091541719257,0.0712435050384258,11.7973293747202,191.948009826331,57.1949778651882,2774.09632050997,140.308245331088,586.415807106008,27.3077734987323,67.0244552708919,13.7970927953593,2284.68332702949,4.79928689046758,14.3012579887884,4.73106441212295,27.8615398738081,1.77993314844716,0.208913673962235,11.6283383626709,0.388169563282058,67.6113180207894,10,1e-05,13.9768153015588,3.76615477302963,3.83901688091071,9.39762258150362,1.34722736207964,50.0586805942733,10.3046605687579,133.309821934339
"509",5.06,1,0.041,0.510744437489744,0.886032956296995,4,1.09170283515564,0.19478683339584,14.3244834273122,0.724503872315231,3.02804942395617,0.141007970072268,0.346091188113407,0.0712434354005742,11.797323345137,218.606340037352,39.0047871681669,2868.38395406749,145.077153570955,606.347057740213,28.2359221401127,69.3024928728563,14.2660311607478,2362.33670525362,5.46583322001047,9.75292269835959,4.89185715130989,28.8084345005729,1.84042490730475,0.216014909843591,12.0235706162907,0.401362964868617,69.9093328314875,10,1e-05,13.9769411694687,3.76617058318466,3.83901611418559,9.39761501866822,1.34722337056643,50.0586294487232,10.3046504963391,133.309753800048
"510",5.06,1,0.046,0.573030344500688,0.915158560945051,4,1.1858509054323,0.100638602143926,14.3244753799978,0.724503600931415,3.02804676823875,0.141007871218708,0.34609085160891,0.0712433698061318,11.7973177002831,245.264603433044,20.8146628988639,2962.67157816167,149.846062059106,626.278300574425,29.1640706744549,71.5805292915126,14.7349694322362,2439.99008145021,6.13237904923558,5.20459265737831,5.05264996417263,29.7553296943693,1.90091659059657,0.223116138727581,12.4188027572741,0.414556366906529,72.2073467945387,10,1e-05,13.9770595703041,3.76618579466055,3.83901529294435,9.39760807669757,1.34721946136146,50.0585807767128,10.3046410087589,133.309690013199
"511",5.06,1,0.051,0.635316251511633,0.944284165497662,4,1.27419085620419,0.0122984987033212,14.3244677513872,0.724503339179551,3.02804430423374,0.141007779047854,0.346090539146488,0.0712433090223319,11.7973122934719,271.92280434983,2.62460073419637,3056.9591853606,154.61496901446,646.209549294407,30.0922193305153,73.8585664034745,15.2039078652825,2517.64343387936,6.79892437589794,0.656267765815635,5.21344261649478,30.702223918483,1.96140829519187,0.230217375649194,12.8140348609596,0.42774976822945,74.5053599395115,10,1e-05,13.9771710033389,3.76619995509905,3.83901467282848,9.39760170549589,1.34721592069611,50.058535582148,10.3046322169901,133.309628916233
"512",5.06,1,0.056,0.697602158522577,0.970512865293744,4,1.2786678715168,0,13.9333935732409,0.69321917009123,3.14997704695593,0.140068853794688,0.361144320336962,0.0787401916843173,11.2627273911498,280.457778062331,0,3056.0935247271,152.047855807445,690.903074375864,30.7221291674407,79.2119172599419,17.2705514042435,2470.32053389801,7.12718115497828,0,5.04136019957262,29.0346227995098,2.0325885710013,0.237299383734194,12.8781894228441,0.455323445548092,70.4622545428046,10,1e-05,15.6790822203007,3.94494901662645,4.19055372187886,9.89518151796308,1.39651819622995,52.2359144935382,11.3889813252197,127.268819519993
"513",5.06,1,0.061,0.759888065533522,0.989660038286686,4,1.26996724139371,4.46893459403882e-17,13.4983620738787,0.659162161342592,3.2739542448429,0.13894415234335,0.375657906699501,0.087132602807876,10.6800513714093,284.044897295362,9.99536071804797e-15,3019.08643306637,147.430297661906,732.262980425819,31.0766893788898,84.020837741885,19.4883540369746,2388.734131104,7.3618801130406,2.59077670993037e-15,4.82094854705886,27.0537862950004,2.08736837537158,0.243110112876261,12.8314044452914,0.482627288224879,65.8034553200615,10,1e-05,17.7638034792828,4.14915186711521,4.59156169528991,10.4300058193404,1.44287732794736,54.3351596250159,12.6028596701312,120.684580496925
"514",5.06,1,0.066,0.822173972544466,1.00284730872434,4,1.26174024850186,3.1391871645901e-17,13.0870124249037,0.62776031829911,3.37860462830725,0.137783253202862,0.387116429983882,0.0950092295975754,10.1420498433617,285.965215629356,7.11476340307605e-15,2966.08619283982,142.277790535025,765.738750275586,31.2276776135611,87.7374194137423,21.5332235465337,2298.62959022214,7.56405538653578,1.88206887616026e-15,4.61018004365867,25.219994414041,2.12433639913082,0.247736995433451,12.7329654520242,0.506761110942172,61.5991334282214,10,1e-05,19.9441989997298,4.34763605961397,4.97786845025722,10.9123829863753,1.47809487303081,55.9925204328687,13.7421349689933,114.605163229988
"515",5.06,1,0.071,0.88445987955541,1.0111298829282,4,1.25397237764909,1.61922491369484e-25,12.6986188824459,0.598893385023284,3.46509573019761,0.13657911051277,0.395850199233722,0.102283967779578,9.64677764146449,286.551941210098,3.70017753616621e-23,2901.82938341434,136.856333612424,791.827575842192,31.2104237252465,90.4578482274749,23.3734570588056,2204.43680327812,7.73971868359635,9.99497985469735e-24,4.40979615513091,23.5344381283329,2.14569852719643,0.251341007534701,12.5914550029514,0.527596788140589,57.8085430556653,10,1e-05,22.2108190792981,4.53960019700376,5.34600993379353,11.3414983077224,1.50335921686927,57.2557728171655,14.7943530996382,109.008587348549
"516",5.06,1,0.076,0.946745786566355,1.0154066537651,4,1.24663956577035,1.14783394582346e-16,12.3319782847521,0.572389563426678,3.53494101390103,0.135326427926134,0.402211470172642,0.108908561337057,9.19143175707814,286.081220844192,2.63407119077491e-14,2829.96585379983,131.353046702308,811.204993517193,31.0549663083,92.3002538856717,24.992543990401,2109.2672578109,7.89370541970353,7.26876726771329e-15,4.22005501773198,21.99210151667,2.15374998388774,0.254053213769664,12.4152287594619,0.545144735019846,54.3891402087384,10,1e-05,24.5528166158747,4.72422670844972,5.69346730441203,11.7179856572374,1.51992351850067,58.175867045771,15.7525343117919,103.863178854983
"517",5.06,1,0.081,1.0090316935773,1.01642972320451,4,1.23971394292937,1.64133190805319e-16,11.9856971178994,0.54805395779726,3.58983250644238,0.134023082311766,0.40654745256866,0.114866744786999,8.7728225893726,284.778554569371,3.77035469359567e-14,2753.27184969486,125.895183173251,824.631616157474,30.786860047319,93.3892827185527,26.386398035691,2015.23242578985,8.02976433618657,1.0632214235505e-14,4.04088418421051,20.5844465381322,2.15071079428574,0.255979361395403,12.2119817990453,0.559524031673341,51.2996042149814,10,1e-05,26.9577095988141,4.90072015028818,6.01858262179769,12.0437061882979,1.52903680450294,58.803023539531,16.6143259659915,99.1328952599104
"518",5.06,1,0.086,1.07131760058824,1.01482033747161,4,1.23316161201109,0,11.6580806388082,0.525667903128694,3.63155302912338,0.132669364320754,0.409185501284252,0.120172366645153,8.38734802317406,282.824871216337,0,2673.77375616112,120.561616220339,832.894494746793,30.4276386103016,93.8464476814011,27.5614597382328,1923.63320540947,8.1508248603508,0,3.87185152462793,19.3001178344823,2.13861582997776,0.25720705414657,11.9883236651224,0.570942487991748,48.4991494051674,10,1e-05,29.4137672575902,5.06850691284466,6.32073258202177,12.3217406415306,1.53189775393077,59.1845909057542,17.381731111555,94.7770326618669
"519",5.06,1,0.091,1.13360350759919,1.01108593988452,4,1.22695318693769,2.2204460436992e-24,11.3476593518006,0.505031237314408,3.66181445275469,0.1312692384663,0.410417647008147,0.124855153493271,8.03171075541737,280.365456263281,5.07383961162764e-22,2593.00169359227,115.402376214745,836.744458328043,29.9957327856933,93.7826577957166,28.5300795895325,1835.28945887293,8.25900821057561,1.49484136647921e-22,3.71247610039066,18.127908254849,2.11926460311807,0.257808854956335,11.7499409671286,0.579649756455087,45.952274788743,10,1e-05,31.9076318566084,5.2270617895966,6.59981179458192,12.555696686274,1.52960844997857,59.3628084632584,18.0590494012667,90.7583315362163
"520",5.06,1,0.096,1.19588941461013,1.00563942829107,4,1.22105947337313,6.28727477177676e-18,11.0529736704702,0.485950767078897,3.68223806795225,0.129828621704049,0.410499865780008,0.12895887368843,7.70271399828434,277.515694460992,1.42893729798165e-15,2512.05918377266,110.44422285772,836.87885552009,29.5067364848188,93.2961561760647,29.3090649300551,1750.63055574449,8.35590414207901,4.30307278904275e-16,3.56215617752286,17.0564440603957,2.09420271438233,0.257847924053535,11.5014686910252,0.585923665847378,43.626720805307,10,1e-05,34.4267531955233,5.37607154309517,6.8563590128875,12.7496755172863,1.52316046568254,59.3747005864204,18.6526114902945,87.040668180613
"521",5.06,1,0.101,1.25817532162108,0.998815143716647,4,1.21545362831259,3.28452516452875e-23,10.7726814405059,0.468250144265057,3.69430176217032,0.128354830290381,0.409650609200499,0.132534355973457,7.39742913473243,274.367048840335,7.41423165180438e-21,2431.74132363403,105.699145741514,833.922947286347,28.9738211074861,92.4713424550991,29.917274728839,1669.83811922118,8.44268608723083,2.28180840428268e-21,3.42026054792502,16.0749865781627,2.0647273578516,0.257380854557621,11.2466277505687,0.590047146038276,41.4942329001417,10,1e-05,36.9593497128961,5.51539353693121,7.09132389265326,12.9079297402108,1.51342041963067,59.2518641147602,19.1697692480009,83.5909492224765
"522",5.06,1,0.106,1.32046122863202,0.990883329400706,4,1.21011142196099,3.80181510098003e-21,10.5055710997223,0.451771912739438,3.69932059557498,0.126855825873757,0.408053000629179,0.135634858450074,7.11323029879107,270.991907050908,8.51377076335645e-19,2352.613730692,101.169636087645,828.424494467651,28.4080470196203,91.3792389787981,30.3740203479794,1592.93417860478,8.5202272494133,2.67723141324417e-19,3.28616379051521,15.1737111657957,2.03190885404084,0.256458942947255,10.9883514234557,0.592293285545787,39.5303876646253,10,1e-05,39.4947052318862,5.64504942750619,7.30595357460935,13.0346460753725,1.5011313695032,59.0207860110045,19.6182259262187,80.3795023763391
"523",5.06,1,0.111,1.38274713564297,0.982062320120972,4,1.20501120514697,4.72513245921159e-16,10.2505602563898,0.436377524422901,3.69844351706103,0.125339589423282,0.405858532449761,0.138313003372575,6.84779695629711,267.447518577038,1.04872464734453e-13,2275.07171127219,96.8522828428485,820.855056791498,27.8186310862008,90.0787120761822,30.6980295128634,1519.84172085577,8.58919171898485,3.36859737943048e-14,3.15926888543066,14.3438003896575,1.99661771454684,0.255129732373062,10.7289176103864,0.592916815995644,37.7142627387823,10,1e-05,42.0233686303739,5.76519379218685,7.50165031709072,13.1337947279041,1.48691598927743,58.7033781335335,20.0055928078092,77.3801056061574
"524",5.06,1,0.116,1.44503304265391,0.972528712764739,4,1.20013376990143,0,10.0066884970062,0.421946473368202,3.69265892479752,0.123813673445755,0.403191240458687,0.14061848574151,6.59910120490042,263.779188387626,0,2199.38496556504,92.74024369569,811.615003763638,27.2131916557055,88.6180031263749,30.9067463739805,1450.42628044656,8.65010196980119,0,3.03901932532274,13.5774559332354,1.95955408892174,0.253437393704908,10.4700755014412,0.592148547619669,36.0280508553279,10,1e-05,44.5372249000452,5.8760906427639,7.67988591082057,13.2090280238122,1.47128810084183,58.3175810199445,20.339057777652,74.5698436153747
"525",5.06,1,0.121,1.50731894966485,0.96242562068316,4,1.19546210174753,1.07127171244082e-16,9.77310508740016,0.408374541554594,3.6828088165632,0.122284941616196,0.400152000932391,0.142597027327344,6.36538070263061,260.022798292729,2.33010371465154e-14,2125.73040092188,88.8248074876752,801.041080817246,26.5979763487487,87.036337557482,31.0160213524788,1384.52243703674,8.70338503441613,7.80073616845423e-15,2.92490439219857,12.8678380954073,1.9212768822763,0.251422887571335,10.2131501982008,0.590193910577887,34.4566305390776,10,1e-05,47.0294581749773,5.97808406366717,7.84213339126371,13.2636374489867,1.45466553378509,57.877985414861,20.625234032627,71.9288019397259
"526",5.06,1,0.126,1.5696048566758,0.951869324355166,4,1.19098111526237,0,9.54905572556889,0.395571947867936,3.66960382942042,0.120759409472059,0.396822410988967,0.144289750040394,6.14510958123163,256.20679602803,0,2054.21642811032,85.0964134217055,789.414229814111,25.9780621158357,85.3654161335747,31.0399670354057,1321.95113496964,8.74940646369026,0,2.81645958279843,12.2089785513246,1.88222873022271,0.249124273919042,9.959134637614,0.587232954680881,32.9871730736675,10,1e-05,49.4944915657993,6.07157429665255,7.98981350199198,13.3005358310943,1.43738373498322,57.3963935254442,20.8700694458426,69.4397382679174
"527",5.06,1,0.131,1.63189076368674,0.940954539478492,4,1.18667737375811,8.72374088589987e-16,9.33386867867239,0.383461325704951,3.65364049365055,0.119242212196917,0.393268268923235,0.145733113470936,5.93696629552242,252.353738351909,1.85515345084768e-13,1984.90061952499,81.5452465808522,776.967571435781,25.3575391952971,83.6307492100137,30.9909810360554,1262.52987734959,8.78849127575357,6.46215898566902e-14,2.71326454381793,11.5956780031411,1.8427581921261,0.24657651549073,9.70876103674256,0.583421829789854,31.6087677425415,10,1e-05,51.9278720748462,6.15699664203488,8.12427041976858,13.322273629154,1.41970818703454,56.8823224170567,21.0788375324362,67.0877191394034
"528",5.06,1,0.136,1.69417667069769,0.929758834388426,4,1.18253893744826,1.43955958404722e-23,9.12694685657106,0.371976107215814,3.63541798010243,0.11773764770523,0.389542613228558,0.146959108219515,5.73980815034418,248.481581446787,3.02488172442592e-21,1917.80424042128,78.1616642415623,763.894008315017,24.7396816892552,81.8528350405213,30.8798555903721,1206.08003781784,8.82093719601606,1.07405603230822e-21,2.61494122479666,11.0234168603182,1.80313908223932,0.243811718801432,9.46256351363862,0.578895093142228,30.3121274099367,10,1e-05,54.3260977259879,6.23480171210705,8.24675063695206,13.331061371218,1.40184753620397,56.3434435773787,21.2561654128706,64.8598320988892
"529",5.06,1,0.141,1.75646257770863,0.918345809658672,4,1.17855507112311,1.54528425229604e-16,8.92775356812713,0.361058749466776,3.61535163049692,0.116249198737046,0.385687997323178,0.147995565784745,5.55264249130675,244.604571090041,3.20717801829039e-14,1852.92090784379,74.9363544526316,750.352322589947,24.1270739852139,80.0480600960891,30.7159103371457,1152.42958795988,8.8470253682426,1.16026863323047e-14,2.52114822815938,10.4882534648192,1.76358433027279,0.240859213484781,9.22091810287028,0.573767930538583,29.0893035133787,10,1e-05,56.6865465062013,6.30544519737184,8.35839483657477,13.3287996629769,1.38396302306679,55.7859119328244,21.4060786351056,62.7448601517663
"530",5.06,1,0.146,1.81874848471958,0.9067678959634,4,1.17471612889478,4.83633031355731e-17,8.73580644084229,0.350659361469024,3.59378806226013,0.114779659530943,0.381738727310739,0.148866647408699,5.37460474473796,240.734041196794,9.91106968149491e-15,1790.22483465477,71.8604632162047,736.473350584404,23.5217433441327,78.2295435011149,30.5071742428799,1101.41530214073,8.86702291992137,3.65147532144713e-15,2.43157809854288,9.98674635629502,1.72425970682614,0.237745551905844,8.98408305296554,0.568138827912628,27.9334591011695,10,1e-05,59.007289152145,6.36937535335264,8.460241652864,13.3171205576608,1.36617828663229,55.2146895182253,21.5320718811942,60.7330336155389
"531",5.06,1,0.151,1.88103439173052,0.895068434174858,4,1.17101337654103,1.23542175114841e-19,8.55066882673421,0.340734547889506,3.5710147446197,0.113331199644825,0.377722308455464,0.149593160063737,5.20493953991347,236.878986710478,2.49907864790189e-17,1729.67602928376,68.9256468442149,722.364382149351,22.9252545464909,76.4077332311646,30.260522112383,1052.88362097612,8.88118833638586,9.37209493544946e-18,2.34595289853456,9.51588126765945,1.68529255557056,0.234494836482518,8.75222439710224,0.562091569405954,26.838690939881,10,1e-05,61.2870165883129,6.42702766180179,8.55322612890025,13.2974168931854,1.34858656159575,54.6337546949982,21.6371546716189,58.8158168010222
"532",5.06,1,0.156,1.94332029874147,0.883283400453099,4,1.16743888878348,9.79759870661544e-17,8.37194443936565,0.331246335637679,3.54727147384419,0.111905461340094,0.373660919751351,0.150193116401871,5.04298323717428,233.046542480324,1.95581672421904e-14,1671.22469893445,66.1240720789072,708.113598202907,22.3387974313158,74.5909582460557,29.981857567101,1006.69064436799,8.88977082387535,7.46264741675103e-15,2.26402117902658,9.07300880732286,1.64678070721114,0.231128675975858,8.52543798382438,0.555697670381987,25.7998647324512,10,1e-05,63.5248982187913,6.47881915803232,8.63819065338014,13.2708765601653,1.33125703949391,54.0463154328354,21.7239323563666,56.9857105800693
"533",5.06,1,0.161,2.00560620575241,0.871442744825076,4,1.16398542905548,7.7957205171562e-17,8.19927145183444,0.322161393327979,3.52275687539981,0.110503651456584,0.369572332203225,0.150681942786323,4.88815098580241,229.242344534546,1.53533644329131e-14,1614.81421001886,63.4484172065194,693.793088112058,21.7632588065054,72.7858148345677,29.6762149947071,962.702078954273,8.89301308822408,5.9577067937765e-15,2.1855545981626,8.65579248584463,1.60879774062048,0.22766653696965,8.30376647215607,0.549017785551477,24.8124974320382,10,1e-05,65.7205254808813,6.52514752464253,8.71588885284188,13.2385140416877,1.31423963013898,53.4549421298744,21.7946362046137,55.2361061395672
"534",5.06,1,0.166,2.06789211276335,0.859571488950335,4,1.16064638601641,2.26371961421031e-16,8.03231930050835,0.313450196102168,3.49763807464856,0.109126604868138,0.365470977915265,0.151073135558171,4.73992340972713,225.470830531086,4.39757317693741e-14,1560.38370135492,60.8918245012213,679.462212685521,21.1992787201156,70.9975457799756,29.3479441763021,920.792483154993,8.89114833198376,1.73462901769386e-14,2.11034534659506,8.26216061890427,1.57139949091461,0.224125808719003,8.0872111744416,0.54210405744739,23.8726397009109,10,1e-05,67.8737824192222,6.56638288319009,8.78699658021353,13.2011928384047,1.29757017766605,52.8617222456639,21.8512183271339,53.5611345299166
"535",5.06,1,0.171,2.1301780197743,0.847690588770065,4,1.15741566647296,4.51315918577886e-17,7.87078332739561,0.305086649761148,3.4720520209072,0.107774847567071,0.361368268007239,0.151378112104277,4.59783955596247,221.735463114701,8.64622340233736e-15,1507.86950335124,58.4479124781927,665.169035736544,20.6472976214539,69.2302364505917,29.0007270207061,880.845242379692,8.88440537709483,3.46537484721223e-15,2.0382037250847,7.89027430541334,1.53462564241631,0.220521990202221,7.87574251773441,0.535000399182572,22.9768130252476,10,1e-05,69.9848609203259,6.60287846716837,8.85211632239442,13.1596496268863,1.28127124458085,52.268306284567,21.8953301347627,51.9555869823759
"536",5.06,1,0.176,2.19246392678524,0.83581764549546,4,1.15428766782736,4.88498130835069e-19,7.71438339126412,0.29704739543183,3.44611449835842,0.106448652970333,0.357273510379426,0.151606915266443,4.46148616741919,218.038924169028,9.22747508048311e-17,1457.20681433306,56.1107047509884,650.953067184409,20.1075957231528,67.4871039589699,28.6377561006951,842.751483233009,8.87300368991199,3.75625040922075e-17,1.96895584215461,7.53848969410504,1.49850512424324,0.216869034541066,7.66930807010662,0.527744728364622,22.1219175084097,10,1e-05,72.054129272557,6.6349589373894,8.91178479224903,13.1145105268025,1.2653580142175,51.6760405412802,21.9284242241383,50.4147936918368
"537",5.06,1,0.181,2.25474983379619,0.823967473933255,4,1.15125719904716,2.44234410595734e-20,7.56285995050819,0.289311545582537,3.41992108485988,0.105148106710974,0.35319405819736,0.151768125041489,4.33049250912846,214.383257869078,4.54805135382286e-18,1408.33043766365,53.8746265669014,636.846244639533,19.5803280918642,65.7706140026918,28.261751686769,806.409804041161,8.85715632935583,1.87961215427959e-18,1.90244211378856,7.20533552807236,1.46305700280343,0.213179208966021,7.46783739916198,0.520369171632112,21.3051885993713,10,1e-05,74.0821355109137,6.66293087787156,8.96648585522294,13.0663146281049,1.24983759943009,51.0859885776662,21.951741606001,48.9345653531516
"538",5.06,1,0.186,2.31703574080713,0.812152569186054,4,1.14831945612283,1.58591805953516e-17,7.41597280616704,0.281860256464871,3.39355232696288,0.103873125043071,0.349135859141378,0.151869274380653,4.20452373892057,210.769994817246,2.9108967840483e-15,1361.1757090646,51.7344581053011,622.874586468309,19.0655465343238,64.0826582092431,27.8750708293191,771.725535029591,8.83706799443644,1.2208716979677e-15,1.83851559322662,6.88948748482781,1.42829344265588,0.209463453895945,7.27124773320921,0.512901452452709,20.5241410950979,10,1e-05,76.0695393505014,6.68707606129789,9.01665048407301,13.0155211557241,1.23471218585859,50.499010666209,21.9663718464176,47.5111182498025
"539",5.06,1,0.191,2.37932164781808,0.800383485764164,4,1.14546996824401,4.56861871436158e-22,7.27349841201302,0.274676524096657,3.36707468440437,0.102623491136475,0.345103578014101,0.151916838515973,4.0832770778967,207.200245600815,8.26402215610554e-20,1315.6788908718,49.6853211619791,609.058919837397,18.5632213479046,62.4246362668581,27.4797306992371,738.610384254219,8.81293691668445,3.51617104434281e-20,1.77704047464884,6.58975121497306,1.39422044614701,0.205731524348772,7.07944703120425,0.50536517930508,19.7765381929213,10,1e-05,78.0171126359674,6.70765726956518,9.0626638156836,12.9625223358954,1.2199799165936,49.9157815239595,21.9732515229504,46.1410309802327
"540",5.06,1,0.196,2.44160755482902,0.788669149359281,4,1.14270458010565,1.33160149537879e-19,7.13522900466717,0.26774486108972,3.34054474255828,0.101398905524554,0.341100975561486,0.15191656272808,3.96647652742744,203.674781910359,2.37343622213981e-17,1271.77770764836,47.7226372760543,595.416115195272,18.0732626159187,60.7975744706239,27.077490823877,706.981713157785,8.78495221441414,1.02407579363102e-17,1.71789122626719,6.30504426683598,1.3608399627341,0.201991956227717,6.89233668523605,0.49778083803031,19.0603476101846,10,1e-05,79.925671656888,6.72491689436058,9.10487494346121,12.9076591215566,1.20563588838295,49.3368451052134,21.9732116329895,44.8211847599301
"541",5.06,1,0.201,2.50389346183996,0.777017114463216,4,1.14001939538564,4.4427462972859e-16,7.00096976884415,0.261051253112633,3.31400735426942,0.100198938097222,0.337130845091429,0.151873261629817,3.85387184809633,200.194095313831,7.80172319255286e-14,1229.41137218032,45.8421318610521,581.959137569693,17.5955214840836,59.2021546375842,26.6698359145521,676.762510539656,8.7532991291927,3.41246064131721e-14,1.66095125043411,6.03438515585165,1.32814931864806,0.198252416306461,6.70981447419607,0.490165645306093,18.3737344935533,10,1e-05,81.7961401034127,6.73908094326881,9.14358766335534,12.8512134117237,1.19167200057011,48.7626054340243,21.9669485621367,43.5487518834885
"542",5.06,1,0.206,2.56617936885091,0.765433776190015,4,1.13741080915739,0,6.8705404580475,0.254582685922538,3.28750452079514,0.099023205131798,0.333195634213341,0.15179155434934,3.74523098454825,196.758459065587,0,1188.52128236292,44.0397581802524,568.698941908238,17.1298295185904,57.6388575063435,26.2581224764971,647.880142716695,8.71814868559247,0,1.60611226146657,5.77687601963815,1.29614509914197,0.194519506014347,6.53177441070249,0.482535210461429,17.7149989323778,10,1e-05,83.6293624144006,6.75035486801942,9.17909514799109,12.7934494592167,1.17808103046707,48.1934165326176,21.9551304210886,42.3211101253952
"543",5.06,1,0.211,2.62846527586185,0.753924547507126,4,1.134875384941,9.85910497366004e-16,6.74376924672241,0.248327509657185,3.26106424220972,0.0978711271086212,0.32929675439459,0.151674885440631,3.64034527269807,193.367952901508,1.67986280387677e-13,1149.05025818905,42.3117664095214,555.642782603117,16.6759626195798,56.1078688808665,25.8434207785291,620.267319722422,8.67967523277498,7.54323576439261e-14,1.55327315856103,5.53170189923926,1.2648186069335,0.190799275375273,6.35811061132073,0.474901816405811,17.0826209808775,10,1e-05,85.4263759976982,6.75893528473809,9.21163323117701,12.7345650422818,1.16485087833141,47.6294825556336,21.9382554301328,41.1359015814881
"544",5.06,1,0.216,2.6907511828728,0.742494006397654,4,1.13240995919552,2.48907123549085e-17,6.62049796355974,0.242274718398144,3.2347163888163,0.0967422322321637,0.325435674488643,0.151526873058053,3.53901837357267,190.022519292217,4.17675227089819e-15,1110.94369295228,40.65458094658,542.797202026874,16.233699237128,54.6092925373298,25.4267616821549,593.860184385407,8.63803604350236,1.89940518356701e-15,1.50233980266559,5.2981108230547,1.23416251115662,0.187096821293043,6.18871602961794,0.46727719263627,16.4751683974447,10,1e-05,87.1880605451106,6.76499721233506,9.24144150574943,12.6747579698487,1.1519722513287,47.0710159580374,21.9168469191168,39.9909076213712
"545",5.06,1,0.221,2.75303708988374,0.00996514414361765,-1,0.957992040928341,0.0481880993122097,0.309431114820455,0.0196378739418237,0.227194120054847,0.00471219959258277,0.0230294249042612,0.0150468393377021,0.0900219467366827,2.1575155034414,0.108525506377608,0.696876799545588,0.0442268992580094,0.511669007013937,0.0106124510872299,0.0518650877497213,0.033887326576769,0.202740458622346,0.224830444468459,0.113245451015647,0.00103938339354456,0.00507224118999846,0.008254888725528,-0.000374005763570386,0.225784028168623,0.0239224102700996,0.415473156656185,10,1e-05,215.507896783569,3.21746191310274,0.0855226885477365,0.116504658593938,0.546098153480263,3.33097601815234,2.17637484180523,1.01724799812451
"546",5.06,1,0.226,2.81532299689469,0.719883843934438,4,1.12767729576037,6.27480531022406e-21,6.38386478796575,0.230736869584168,3.18238227491838,0.0945517606333984,0.317830154937425,0.151148284859743,3.34633647595533,183.466046604043,1.02087159846614e-18,1038.61489373438,37.5394462826849,517.753702195778,15.382980386392,51.7089793659467,24.590881077818,544.428025782377,8.54587409170808,4.75717212541503e-19,1.40584346143053,4.86297827870639,1.17482079328722,0.179762977500658,5.86231089130936,0.452091661062819,15.3299200232902,10,1e-05,90.6092589567679,6.77020991206765,9.29366958768751,12.5529939204106,1.12722391274835,45.9709536101491,21.8620879221132,37.8136021782953
"547",5.06,1,0.231,2.87760890390563,0.000376749770176239,-1,0.840264973527255,0.160920657785575,0.059263458085101,0.00847569027809093,0.0573032588617614,0.00208276857557961,0.00477030407706202,0.00352985567568357,0.00298061053139513,0.0715447376599593,0.0137016615092354,0.00504601369223087,0.000721666446344397,0.0048791116510731,0.00017733826357266,0.000406169678023079,0.000300551143092611,0.000253785419187486,0.00778028059238342,0.0149214463655532,9.00151977347012e-06,8.17770308963297e-05,0.000142886585000267,-9.22737272051611e-06,0.00509608809716839,0.000611501235491942,0.00504714495121848,10,1e-05,222.40179476916,1.87508892404283,0.114060133322541,0.0599547527508137,0.314967261236565,0.68997678170625,0.510558324930871,0.033680899004765
"548",5.06,1,0.236,2.93989481091658,0.697626329835401,4,1.12319062876605,1.58784345006366e-16,6.15953143435464,0.21989695670498,3.13062813956321,0.0924470304285693,0.310382196972639,0.150675130547415,3.16589517502812,177.086222467656,2.50345036043167e-14,971.133595620342,34.6697349476637,493.585947912738,14.5755270545066,48.9359591999811,23.7559760606054,499.146273941254,8.44282713534826,1.19406199382447e-14,1.31597784864368,4.46657687533805,1.11802611310634,0.172547845012941,5.55171025863102,0.437039904161906,14.2699094975755,10,1e-05,93.9007812462846,6.76717364194425,9.33718741645551,12.4291699382585,1.10374044458351,44.8936809701225,21.7936508823781,35.7746154778177
"549",5.06,1,0.241,3.00218071792752,0.686637394434978,4,1.12103378139096,5.3290699852937e-23,6.05168906956914,0.214719943993524,3.10500291877742,0.0914255856290741,0.306718309089362,0.15040818062636,3.07992802525134,173.962079528502,8.269653528588e-21,939.101419313068,33.320251890188,481.834511732887,14.1874270536349,47.5965628907685,23.3403491618196,477.943388473122,8.38756799115952,3.9889388827303e-21,1.27336035544238,4.28160630371609,1.09055915122995,0.168992806333525,5.40211252355541,0.429580846110679,13.7694067077926,10,1e-05,95.4998991153691,6.76288332012832,9.35605630437861,12.3667521858284,1.092446916379,44.3637362266853,21.7550392457967,34.8031866853402
"550",5.06,1,0.246,3.06446662493846,0.675741677563146,4,1.11893113126363,0,5.94655656321439,0.209694366101568,3.07955127988259,0.0904237807180763,0.303093574250656,0.15012316224991,2.99660991352433,170.880498336204,0,908.143960351641,32.0240243358531,470.301739450168,13.8093045039319,46.2877290329411,22.9264519149635,457.635131452607,8.32997623758282,0,1.23219044321798,4.10478567017649,1.06369018907756,0.165475245987823,5.25615588569984,0.422171331326132,13.2872470197563,10,1e-05,97.0694410300145,6.75689631156437,9.37317506674525,12.304091908286,1.08143489297531,43.8394545796149,21.713814187827,33.861692022825
"551",5.06,1,0.251,3.12675253194941,0.664941572383314,4,1.11688078336586,1.22351828658461e-18,5.84403916820988,0.204814208450974,3.05428182389123,0.0894411527342882,0.299508102972971,0.149821555804491,2.91583293208437,167.841264921857,1.83866407170617e-16,878.22347814889,30.7788228899266,458.987684616483,13.4409298060905,45.0091178987203,22.5147032819429,438.182028834794,8.27017694523772,9.06388939157654e-17,1.19241164263958,3.93570117213473,1.0374094028827,0.161997472787809,5.11376088087785,0.414816162169204,12.8226384538237,10,1e-05,98.6101143298023,6.74931655085606,9.38865811623402,12.241262371681,1.07069465367744,43.3208520140105,21.6701898315616,32.9489121325533
"552",5.06,1,0.256,3.18903843896035,0.654238122151044,4,1.1148807356584,2.58607028426617e-17,5.74403678263716,0.200073344133651,3.02919911412582,0.0884771537757221,0.295961533685484,0.149504660315357,2.83748777707888,164.843830235813,3.82370703235535e-15,849.300731442027,29.5824076246163,447.890764050686,13.0820386883264,43.7602258741775,22.1054324971661,419.544744527993,8.20828464163958,1.90486489970822e-15,1.15396650102702,3.77394991537723,1.0117041856544,0.158561160645167,4.97483512228833,0.407518828812184,12.3747915255474,10,1e-05,100.122763644989,6.74024151701547,9.40261336305958,12.1783234551021,1.06021583984098,42.8078762322684,21.6243540680133,32.0636118809913
"553",5.06,1,0.261,3.2513243459713,0.643632156688896,4,1.11292909083051,6.39265805733506e-18,5.64645455755387,0.195466016754813,3.00430646233399,0.0875312392053171,0.292453447390183,0.149173637016332,2.76147194443664,161.88763091991,9.29881586086289e-16,821.338177742479,28.4326563466631,437.009023981649,12.7323699804256,42.5405321349152,21.6989266353523,401.6861043708,8.14440920681897,4.68033664805928e-16,1.11680073632329,3.61915583883059,0.986562000402554,0.155167727954591,4.83928910587371,0.400282338084337,11.9429660178459,10,1e-05,101.608213126384,6.72976022002693,9.41513835634729,12.1153254629308,1.04998830117099,42.300466630516,21.5764748580423,31.204632972134
"554",5.06,1,0.266,3.31361025298224,0.633124322420977,4,1.11102404606331,2.26485497023532e-21,5.55120230316569,0.1909868281922,2.97960576908244,0.0866028696206192,0.288983332016664,0.148829510315452,2.68768926762407,158.972094276738,3.24069257661117e-19,794.299870479862,27.3275597990571,426.340159700821,12.3916665915083,41.3494970379255,21.2954337296859,384.570966896032,8.07865640062342,1.64764342286963e-19,1.08086295970662,3.47096790715414,0.961970318864312,0.151818380845262,4.70703555658413,0.393109250730881,11.5264679496432,10,1e-05,103.067271677621,6.71795670245475,9.4263208230816,12.052310430956,1.04000212681704,41.7985491428903,21.526700372027,30.370888724152
"555",5.06,1,0.271,3.37589615999319,0.622715104419023,4,1.1091638941057,0,5.45819470524101,0.186630672108723,2.95509860144212,0.085691528950874,0.285550690171678,0.148473225351671,2.61604902126045,156.0966428907,0,768.151464593855,26.2652088942146,415.881704721411,12.0596785240541,40.1865804934628,20.8951735263946,368.166032113324,8.01112691777498,0,1.04610455667316,3.32905720008162,0.937916960008411,0.148514091222056,4.57799033535397,0.386001797123133,11.1246420820058,10,1e-05,104.500711735254,6.70490716827971,9.43624349475009,11.9893166713276,1.03024784904689,41.3020518264315,21.4751673148657,29.5613539402431
"556",5.06,1,0.276,3.43818206700413,0.612404850513749,4,1.10734701077302,5.65131021586318e-22,5.36735053943529,0.182392746467965,2.93078552745917,0.0847967177290193,0.28215494402206,0.148105626907749,2.54646578616937,153.260697815441,7.82161092077267e-20,742.860080075253,25.2437937956244,405.630963659917,11.7361622013466,39.0512307273131,20.4983365733109,352.439767800539,7.94191749372168,4.05513270292148e-20,1.01247936978368,3.19311590945109,0.914389861933215,0.145255670106728,4.45207113560477,0.378961870618318,10.7368720724944,10,1e-05,105.909285285219,6.69068464130345,9.44498331220155,11.9263778227646,1.02071657196406,40.8108911033507,21.4219978759369,28.7750633837139
"557",5.06,1,0.281,3.50046797401508,0.602192772340108,4,1.10557167551424,6.2274384877557e-18,5.27858377579574,0.178268108186201,2.90666396494112,0.0839178480546388,0.278795173473677,0.147727430146746,2.47885241624863,150.463403539488,8.47526769139316e-16,718.391849542566,24.2614991811953,395.58407907583,11.4208470745576,37.942787084989,20.1050483006292,337.360823980379,7.87111408227518,4.43584693165022e-16,0.979940460397338,3.06284237504377,0.891374881408234,0.142043440805038,4.32918650530781,0.371990384749485,10.3625401736226,10,1e-05,107.293864084951,6.67535368575006,9.45260857600754,11.8635135217583,1.01139843988849,40.3249338912326,21.3672954964254,28.0110323036095
"558",5.06,1,0.286,3.56275388102602,0.592082042185056,4,1.10383693807013,1.68030617952526e-15,5.19184690403668,0.174253704169059,2.88273997088156,0.0830546989881818,0.275471735124156,0.147339381473417,2.4131529982679,147.705018448201,2.24842679824904e-13,694.723845789849,23.3169825191363,385.740996604858,11.1135942485372,36.8610220542251,19.7155624242164,322.905309502196,7.79882785973118,1.18777481324284e-13,0.94845576276192,2.93800381512389,0.868867093083007,0.13887890395094,4.20929578308978,0.365090698456409,10.00120896423,10,1e-05,108.654755391803,6.65898248569457,9.45918002727367,11.8007652715484,1.00228803618501,39.8442317683579,21.311168136315,27.2686288804273
"559",5.06,1,0.291,3.62503978803696,2.58586306967987e-05,-1,0.850171240015629,0.15072077836997,0.0445535836458117,0.0101659904069508,0.0452252764099534,0.00147633911374032,0.00257328029711107,0.00411450329867648,0.000164285706429584,0.0049684436921604,0.0008808198458419,0.00026037339445181,5.94105617017216e-05,0.000264298800911111,8.62780039115169e-06,1.50383801034096e-05,2.40453652140791e-05,9.60093970959516e-07,0.000540220545919843,0.000959086593995473,5.19611301233978e-07,6.75491785531221e-06,2.1330299011106e-05,-5.483392044616e-07,0.00018836565324484,4.8840664316618e-05,9.1858536214335e-05,10,1e-05,222.376930628416,2.29528611779169,0.0968816366901008,0.0207508804969928,0.241187245894264,0.372199262174146,0.595121757120565,0.0018564284826543
"560",5.06,1,0.296,3.68732569504791,0.572156556113754,4,1.10048233351091,3.33104356399104e-15,5.02411667530539,0.166536287967702,2.83546189269575,0.0813730543807027,0.268928732906874,0.146535942676479,2.28715824663587,142.300489133272,4.30728521527387e-13,649.655372547149,21.5343713520945,366.646153202748,10.5221366014119,34.7744703111674,18.9481790697564,295.746444364211,7.65008690342823,2.31681695689054e-13,0.888467461871473,2.7035237168016,0.825310133775729,0.132691630412627,3.97810198633951,0.351505719587072,9.31520063476882,10,1e-05,111.309256659083,6.62333525631833,9.46940670047887,11.6756510920444,0.984651429800645,38.8978519276503,21.1949587487259,25.8448881869853
"561",5.06,1,0.301,3.74961160205885,0.562342662246322,4,1.09886003079158,7.51400470922126e-21,4.94300153935852,0.162826197811871,2.81210652808205,0.0805537529077325,0.265708212740151,0.146121616807714,2.22673708967447,139.653507784219,9.54950663183164e-19,628.203305799502,20.69349056878,357.389048563954,10.2375314812791,33.7687084036599,18.5705146956694,282.994773467418,7.57380086307172,5.18172610725237e-19,0.859893659682612,2.59342863267544,0.804241236727349,0.129669653167925,3.86666864901715,0.344822800165035,8.9896036188143,10,1e-05,112.60404145247,6.60416576949695,9.4731646808785,11.6133212739991,0.976111165027445,38.4320358907354,21.1350306550677,25.1621291133215
"562",5.06,1,0.306,3.8118975090698,0.552627795903174,4,1.09727275544189,8.91245454611673e-18,4.86363777345153,0.159210508278791,2.78893749629266,0.0797482237596548,0.262520828491892,0.145699513487349,2.16795074562248,137.042653901846,1.11311104529114e-15,607.438601555951,19.8844184140895,348.321230216272,9.960065237909,32.7872453431618,18.1969778266054,270.763784332679,7.4963400878412,6.0920973299461e-16,0.832220813804738,2.48780798622549,0.783631223346587,0.126695555323653,3.75791976166098,0.338213831668584,8.67501416566278,10,1e-05,113.878018435565,6.58416276036602,9.47608023381614,11.5511584683515,0.967746406356014,37.9710126330673,21.0739776308102,24.497843425534
"563",5.06,1,0.311,3.87418341608074,2.57516742204943e-05,-1,0.862609808175924,0.138034569060819,0.0322888294309036,0.0106327569999251,0.0326789351692222,0.00132865962817732,0.00111341964124328,0.00340818280680979,0.000155558030399279,0.00502028416765818,0.000803344403318243,0.000187917060121257,6.18813525180719e-05,0.000190187428071205,7.73263743621248e-06,6.47996689107121e-06,1.98352094114174e-05,9.05328816996619e-07,0.000546676414029762,0.000876042098431886,3.9618659296519e-07,7.04151970480282e-06,1.13549687680129e-05,-5.3369615892773e-07,0.000114014598697415,5.65944693721851e-05,0.000146219184073749,10,1e-05,222.619210346285,2.40089371509086,0.0810742469383324,0.0282614200640539,0.214481634268635,0.161045016909427,0.492959561176968,0.00175780574351185
"564",5.06,1,0.316,3.93646932309169,0.533494230598746,4,1.09419869940418,1.6232887119148e-14,4.70993497027142,0.152249328264478,2.74314891784812,0.0781768879355038,0.256242891397648,0.144833530719935,2.0550528766265,131.927204676937,1.95719426702991e-12,567.875428088528,18.3566552426092,330.740631424008,9.42576362162485,30.8951275475245,17.4625347862109,247.777100835765,7.33818281178115,1.08925482688638e-12,0.779449127257584,2.28919510423422,0.743747069576642,0.120890992354262,3.54821380375575,0.32521951603037,8.07719908088843,10,1e-05,116.365916792247,6.54183118071655,9.47956646040079,11.4273748888516,0.951519476538695,37.0629718117559,20.9487218833314,23.2220975058795
"565",5.06,1,0.321,3.99875523010263,0.524074973608073,4,1.09270974753482,2.63714433541539e-15,4.6354873767092,0.148897737409202,2.72052383484593,0.0774102961657493,0.253151049932393,0.144390347706849,2.00083376569282,129.421574054734,3.12345864644271e-13,549.031500961731,17.6355885834846,322.221411270026,9.16854855593314,29.9834493375515,17.1017290920024,236.98064006661,7.25762431836466,1.75254103970759e-13,0.754289808625878,2.19583245178882,0.724453088391139,0.118060279438712,3.44713106338355,0.318834825102389,7.79319571723349,10,1e-05,117.580985388946,6.51958279168504,9.48021066835642,11.3657678015986,0.94364404268955,36.6157678622213,20.8846198923186,22.6094215523288
"566",5.06,1,0.326,4.06104113711358,0.514752712613194,4,1.09125133552482,4.26220784338185e-17,4.56256676601962,0.145627991370153,2.69807224132094,0.0766558431343013,0.250089498386551,0.14394072811273,1.94802854388325,126.949756233543,4.95840169097061e-15,530.782157958955,16.9415032113845,313.877841140468,8.91768952117348,29.0939399780643,16.7452169368494,226.622172849875,7.17615855632474,2.80446290252325e-15,0.729907661216613,2.10619299487666,0.705576589962423,0.115276731551002,3.34847179843582,0.312524746524285,7.5186134669892,10,1e-05,118.777647613025,6.49665899459769,9.4801703051319,11.3043499984767,0.935918628232873,36.1729450466307,20.8195869142252,22.0127225458807
"567",5.06,1,0.331,4.12332704412452,0.505529874492065,4,1.08982292635942,5.77315972805082e-21,4.49114631896036,0.142438349484287,2.67579796059202,0.0759134046772884,0.247058519075532,0.143485094472944,1.89660523572212,124.511998662918,6.59582065080183e-19,513.112351498594,16.2735460519085,305.709252423631,8.67308763016314,28.2263744437416,16.393136406888,216.686677131285,7.09387256286853,3.76003624416583e-19,0.706282799162963,2.02014149804651,0.687113972190023,0.112540990073308,3.25220686312564,0.306291286829821,7.25318919136315,10,1e-05,119.956068787006,6.47309998705683,9.47947830879862,11.2431449164888,0.928340568866807,35.734544199085,20.7536840645666,21.4316391636599
"568",5.06,1,0.336,4.18561295113546,0.496402393380969,4,1.0884230046611,4.60377683042297e-16,4.42115023202689,0.13932498864129,2.65368798458876,0.0751823051665578,0.244056242145317,0.143023424891875,1.84649822682984,122.106847302577,5.16483639210322e-14,495.995319808545,15.6304442671646,297.709137104977,8.43447282675456,27.3799232148332,16.0453605162466,207.152987452883,7.01079490174393,2.96713957869072e-14,0.6833800104284,1.9374909190894,0.669048610353323,0.109851628231769,3.15824170206226,0.300131890443073,6.99649030082506,10,1e-05,121.117254043428,6.44893147711879,9.47815634019376,11.1821249452074,0.920900195262401,35.3002948638987,20.6869081763608,20.8654299631772
"569",5.06,1,0.341,4.24789885814641,0.48737352533356,4,1.08705127281022,1.06436172058439e-17,4.35256364048088,0.13628662276087,2.63175035828102,0.0744625644580514,0.241083390142086,0.14255631031415,1.79768362787545,119.734802496814,1.17235629622035e-15,479.419288568164,15.011483144714,289.877871680402,8.20178465523733,26.5544715561586,15.7020667626956,198.008410016371,6.92701432332452,6.78644895707142e-16,0.661183771835482,1.85812805838658,0.651379595462197,0.107209404877592,3.06655906448686,0.294049209797319,6.74830156682208,10,1e-05,122.261168761891,6.42418674996538,9.47624851395823,11.121327455194,0.913597250145709,34.8703015501513,20.6193447238386,20.3138249949926
"570",5.06,1,0.346,4.31018476515735,1.15200115108242e-05,-1,0.927124305785455,0.0779074690290053,0.251308337866508,0.0190852795389686,0.256142739523336,0.00374189633645934,0.0190734000847362,0.0255863712293596,6.39746103629297e-05,0.00241378908446261,0.00020283385643849,0.000654286937567349,4.96889566346248e-05,0.00066687341154537,9.74211168424088e-06,4.96580282070378e-05,6.66146957846322e-05,1.66559343998606e-07,0.000250127157805079,0.000210467753213111,1.00214991004853e-06,5.75114187830051e-06,1.62530128822509e-05,-3.59696882716497e-07,0.000196367655163313,4.2716932511298e-05,5.86990620422111e-07,10,1e-05,214.59888045653,4.31240568009038,0.059992346106616,0.0734511374656967,0.496225564751172,2.75877658825624,3.70081273461457,0.000722913097101106
"571",5.06,1,0.351,4.3724706721683,0.469601833930372,4,1.08438768669675,1.92506084068503e-15,4.2193843365818,0.130422954811446,2.58835465620584,0.0730550672661104,0.235220663230494,0.141605715020445,1.70372575917904,115.086080878333,2.04306734874191e-13,447.803320688593,13.8417900811326,274.702117112125,7.7533353459323,24.963972391887,15.0286165839088,180.816439471625,6.75749710495838,1.20035357568223e-13,0.618797185721761,1.70865064661748,0.617179719617696,0.102062472375361,2.88974868135661,0.282107681449216,6.27605758662649,10,1e-05,124.500232565193,6.37306649291914,9.47074225062571,11.0003163757216,0.899373878716598,34.0223167296586,20.4818506205572,19.2521010787231
"572",5.06,1,0.356,4.43475657917924,0.000495480250949728,-1,0.943093710582248,0.0579553894587405,0.0518796042133711,0.00829247830106907,0.0497813081805539,0.00212087935389661,0.0039508701122685,0.00289912595763769,0.0028590461944662,0.105606253695779,0.00648975970631675,0.00580940216514789,0.000928579585891606,0.00557443804579889,0.00023749296659763,0.000442412653921427,0.000324639882487694,0.000320151809255881,0.0115015138866435,0.00707807678132396,1.04434786618435e-05,0.000105186873855231,0.000121845387425633,-1.25076952546603e-05,0.00691090213874409,0.00082235360730851,0.00576940753875996,10,1e-05,222.642769319449,1.83533142964465,0.11019152749355,0.0823663447720535,0.308851523311197,0.571453853038517,0.419329578512716,0.0323072219974681
"573",5.06,1,0.361,4.49704248619019,0.452214025465575,4,1.08182608904064,5.91300288936275e-18,4.09130445242633,0.124830655986732,2.54558861162931,0.0716886025822174,0.229466453842904,0.1406344890226,1.61443744087508,110.563026310797,6.04311081656558e-16,418.132827819149,12.7577391986306,260.160097353192,7.32660169113764,23.4515564291639,14.3728967784462,164.996103404104,6.58577465256075,3.60186139522462e-16,0.578951353396103,1.57070844268192,0.584453637084695,0.0970978232620076,2.7213971999732,0.270466882586387,5.8342930903433,10,1e-05,126.676611476281,6.31995655473531,9.46313771217737,10.8801150047886,0.885635792281355,33.1900278838376,20.3413724922289,18.2431430818884
"574",5.06,1,0.366,4.55932839320113,0.443661877254176,4,1.08058151797162,3.55270465963036e-21,4.02907589846933,0.122130783777284,2.52443189285695,0.0710199515276248,0.226628355664876,0.140141531908235,1.57144924867358,108.347298402417,3.56221113808406e-19,403.985707137467,12.2457586530607,253.118687524261,7.12099897389774,22.7234777472072,14.0516528588565,157.565419950818,6.49919980269244,2.13812915369759e-19,0.559927299039625,1.50576074664545,0.568622070000653,0.0946823858357662,2.64026265740251,0.264758110156952,5.62416343823804,10,1e-05,127.742474658169,6.29270532165236,9.45860184251077,10.8203081305285,0.878936999058615,32.7795253633677,20.2700711752072,17.7573765100114
"575",5.06,1,0.371,4.62161430021207,0.435203087762071,4,1.07936008477674,4.45205951161908e-17,3.9680042383776,0.119492378164601,2.50342049633073,0.0703606131785656,0.223815369675387,0.139643814285449,1.529517877714,106.161430224645,4.37886310476709e-15,390.276619475651,11.7527801387265,246.226170573217,6.92038128134463,22.0135616335224,13.7347927310415,150.437104116063,6.41220644073862,2.64653439050003e-15,0.54147547462319,1.44334648367702,0.55313399697616,0.092310816640055,2.56108936730333,0.259123055126306,5.42086638308348,10,1e-05,128.794058049425,6.2650150433981,9.45360195893663,10.7606898903941,0.872346673660039,32.372655069848,20.1980812982474,17.2835520181682
"576",5.06,1,0.376,4.68390020722302,0.000594965741302536,-1,0.921615211154621,0.0812895558519192,0.145175428063263,0.00713961133940829,0.144804666042227,0.00265000890790736,0.0139960682772135,0.0101157444773492,0.00313135316129379,0.123922461869868,0.0109303771938156,0.0195206157959053,0.000960008258614849,0.0194707622975488,0.000356326180243423,0.00188194293715935,0.00136018583906524,0.00042104881520496,0.0133028166767449,0.0117500270689073,3.3267515572494e-05,0.000108549235144463,0.000486052747538779,-1.75787780705115e-05,0.00635996789724161,0.000745411773429868,0.00261577658611087,10,1e-05,220.309075131297,1.57109101383913,0.169740664134984,0.071408797344615,0.356051914473385,2.02439131561616,1.46314128120379,0.0353842907226198
"577",5.06,1,0.381,4.74618611423396,0.418568003494039,4,1.07698453706931,1.25469574517132e-16,3.84922685316637,0.114394171001771,2.46182812886899,0.0690690754226544,0.218263910517589,0.138634412817589,1.44872203174749,101.878826449362,1.18689661429035e-14,364.122882957161,10.8212731874702,232.880001575233,6.53368373064177,20.6469733727936,13.1143120418296,137.043843588881,6.23719114807743,7.27108633881303e-15,0.506224847166548,1.32574525215733,0.523166945741535,0.0876984047775226,2.40849071064554,0.248075352588368,5.03396629759233,10,1e-05,130.855486438092,6.20841189590437,9.4422677343646,10.6420241754345,0.859477311609092,31.569692017264,20.0520814699361,16.3705589587466
"578",5.06,1,0.386,4.80847202124491,0.000727582811320337,-1,0.952717605716876,0.0494736256187163,0.109059831180919,0.00421498861159381,0.10722714061879,0.00250817207970188,0.00861521030096281,0.00872361440643933,0.00389628191171516,0.156658895595381,0.00813513207273584,0.017933113237438,0.000693086237597698,0.0176317571192048,0.000412428053823575,0.00141663103838124,0.00143445632820485,0.000640680110827038,0.0169947740749775,0.00883777988353104,3.04264033433183e-05,7.79288369551436e-05,0.000494837665616251,-1.94584587691796e-05,0.00738772658530151,0.00121308412181817,0.00901088648960757,10,1e-05,222.008485218282,0.899753843497344,0.118912144285331,0.0628448519725609,0.360356195587464,1.24610401793126,1.26178358774738,0.0440279856023813
"579",5.06,1,0.391,4.87075792825585,0.402305101631151,4,1.07469438796521,8.96359536382031e-20,3.73471939825881,0.10952231550071,2.42078708119453,0.0678119528914381,0.212808112320443,0.137607076810585,1.37181133300539,97.7122379038467,8.14978632503828e-18,339.564246760158,9.95787329665665,220.10026835638,6.16552737955409,19.3487163716321,12.5113665588472,124.726393690031,6.06107401261837,5.05864146609946e-18,0.473060622026859,1.21713901466558,0.494497677151712,0.0832565368566206,2.26326065200261,0.237321283900856,4.67185826373829,10,1e-05,132.863846647001,6.15028162760743,9.42926316941591,10.5240876067311,0.846999930380061,30.7805653660288,19.903487589883,15.5014680629609
"580",5.06,1,0.396,4.9330438352668,0.394310586136098,4,1.07357964034521,7.51675209772495e-16,3.67898201654251,0.107166856122012,2.4004611760174,0.0671955705155368,0.210114353498577,0.137086705998555,1.33473691752938,95.671182698116,6.6984929316157e-14,327.849511503912,9.55008784251433,213.915159248596,5.98807900383517,18.7241709377007,12.2163711029891,118.944002561201,5.97268829974964,4.18461693635432e-14,0.457217483344738,1.16597935427439,0.480630653713171,0.0810978634180985,2.19329475512179,0.232052443662321,4.4995663147978,10,1e-05,133.849202127978,6.12067688187625,9.42216451532408,10.4653695151584,0.8408985491619,30.3909400900342,19.828221155631,15.082527168082
"581",5.06,1,0.401,4.99532974227774,0.38640915882271,4,1.07248469811525,1.0578168151663e-24,3.62423490578752,0.104863752220669,2.38026700226516,0.0665871888607183,0.207443539498204,0.136562088355147,1.29855953962624,93.6584476710612,9.23775238965453e-23,316.498888858604,9.15759102876744,207.865075246834,5.81495731774483,18.1157268937597,11.925758221575,113.401217661729,5.88416284190373,5.80760094798111e-23,0.441851329020125,1.11682114341123,0.467071171011439,0.0789806806749771,2.12506420536428,0.226856808500414,4.33291461789028,10,1e-05,134.822157435104,6.09074064453932,9.41468849988638,10.4068295241727,0.834887085700469,30.0046335530202,19.7523404596885,14.6737227977765
"582",5.06,1,0.406,5.05761564928869,0.378597216183617,4,1.07140860870424,5.36328700871962e-17,3.57043043861334,0.102610624812241,2.36019462553898,0.0659863628206545,0.204794231611106,0.136033169830202,1.26323980254472,91.6729035630327,4.58898770027471e-15,305.496635567795,8.77966990047937,201.945263963014,5.64598923901592,17.5228028711247,11.6394021458346,108.086550411164,5.79549870390951,2.90310168014773e-15,0.426941694934997,1.06956675063183,0.453807959563735,0.0769035436234575,2.05850444567453,0.221732030389771,4.17165464002747,10,1e-05,135.783395474147,6.06046948506009,9.40684649744034,10.3484439345459,0.828959480206298,29.6214376602304,19.6758376842405,14.2746097687553
"583",5.06,1,0.411,5.11990155629963,0.37219678814212,-1,1.07087296963828,9.3434009297647e-16,3.52742210029744,0.100816389622405,2.34402450073222,0.0655029470746284,0.202658357984682,0.135603947105051,1.23513820343011,90.0780584365134,7.85933942502449e-14,296.714309810406,8.48031922855685,197.171076252767,5.50987695239451,17.0469065246444,11.406525907248,103.895470723599,5.72594185650821,4.99933182601411e-14,0.415031679089284,1.03215194696454,0.443103660900817,0.0752392775797701,2.00496111673452,0.217552106258661,4.04308005472437,10,1e-05,136.627343666727,6.0360300161512,9.40146507229584,10.3011311583232,0.824051824470801,29.3125048989045,19.6137549092745,13.9570616987602
"584",5.06,1,0.416,5.18218746331057,0.000327774537920307,-1,0.934440703888473,0.0676514306811024,0.104118477239803,0.00990494951322143,0.104491615822597,0.00262033818759825,0.00488208726099567,0.0118941640396813,0.00158544508204004,0.0692206066043994,0.005011418113439,0.00771278918317082,0.000733729396459348,0.00774043018697235,0.000194106911331499,0.000361650600509441,0.000881084531584401,0.000117445087590996,0.00745276867907115,0.00540325294389282,1.26666275818344e-05,8.3391863750211e-05,0.000255595141548016,-8.48137642384362e-06,0.00162463762889022,0.000641851293005677,0.00244984662573641,10,1e-05,220.788698756088,2.21701995467558,0.103240759072117,0.0528474169724156,0.39596749123529,0.706145101430413,1.7203718866995,0.0179155294270525
"585",5.06,1,0.421,5.24447337032152,0.000752873647477344,-1,0.977056300092252,0.0268272921337862,0.194295773976723,0.0268252843257014,0.19456157853254,0.00305651310890692,0.0171737497650731,0.0163690810669764,0.0036203464523188,0.166245586539705,0.00456464884943908,0.0330593179777834,0.00456430722200912,0.033104544475256,0.000520064007067506,0.0029221039795876,0.0027851900477368,0.000615999937143696,0.0172209459668259,0.00473475572481518,5.33652934890238e-05,0.000535667814041806,0.00112215534042518,-2.17080010228936e-05,0.0121857109229292,0.00188347372716251,0.00319554812253662,10,1e-05,214.541254078707,6.01342235971507,0.0830224515311044,0.0514415416141287,0.417789546683359,2.48401116602018,2.36762388552747,0.0409099149112025
"586",5.06,1,0.426,5.30675927733246,0.259944074414712,-1,1.03964957056043,2.94958290644921e-15,1.93901138290802,0.0903347875610552,0.909540979615475,0.0250114955295263,0.0979448041392008,0.0377207554197685,1.07683373784212,61.0766684457065,1.73280211266966e-13,113.911801341374,5.30693035924184,53.4331321079774,1.469359352464,5.75399874898703,2.2159948289623,63.2611401377102,5.19045762527714,1.47411016446316e-13,-0.46394742797414,0.628653161081942,0.13492901099304,0.0234652754724422,1.55674638657101,0.0972224077072723,5.00069479848705,10,1e-05,182.536968795556,5.81379650365939,2.74267521468847,3.35567088191636,-0.0435276721312432,14.166736470694,5.45593006391532,12.1682212376159
"587",5.06,1,0.431,5.36904518434341,0.340892097298859,4,1.06629681985946,9.58880243237685e-16,3.31484099027048,0.0920570126890742,2.26159412693119,0.063089688747862,0.191862855704382,0.13332387103468,1.09883645968119,82.1492279938886,7.38736815617159e-14,255.38070000913,7.09222083662203,174.236861728048,4.86053144723313,14.7814240681082,10.2714862078453,84.6561343643929,5.35166941828171,4.81598130023763e-14,0.358819163712439,0.85953995486286,0.391776223024045,0.0671081402689221,1.74976347690777,0.197172291646345,3.44100332569326,10,1e-05,140.421888191831,5.90466247445389,9.36238191038066,10.0587032514445,0.80050403417013,27.7510434490818,19.2839647064561,12.4168519943974
"588",5.06,1,0.436,5.43133109135435,0.00148273894759928,-1,0.999683083883977,0.00208099519182939,0.0879151870339693,0.0185775907261253,0.082281072394656,0.00274050446995578,0.00567803900691767,0.00676697305859973,0.00726051994928817,0.334992803883191,0.000697339412276456,0.0294602914495676,0.00622533211481385,0.0275723052558931,0.000918340313290179,0.00190270520542912,0.00226760591956303,0.00243299299015064,0.0357666958882752,0.000745578829587993,4.79737357171197e-05,0.000718506298047762,0.000639895784789173,-3.93892400611099e-05,0.0143977120273235,0.00278252506340446,0.0269843770398723,10,1e-05,219.434206591079,4.10008285359197,0.101222511609591,0.077329299512183,0.406373549362382,0.821271561960572,0.978774983195865,0.0820438754269564
"589",5.06,1,0.441,5.4936169983653,0.32643320250178,4,1.06436876926583,9.76996261544928e-21,3.21843846319542,0.0881447294941972,2.2229213194419,0.0619774713940038,0.186829644191687,0.132210291783061,1.03836858140478,78.522639154717,7.20768281783732e-19,237.436769458647,6.50278079113231,163.993583498568,4.5723200102442,13.7831521911218,9.7536693427993,76.6045037975735,5.17450215172094,4.75317682588852e-19,0.334334892064318,0.786564104761729,0.368860328565388,0.0634552477315739,1.6368607307022,0.187836822568956,3.18115069175892,10,1e-05,142.204413708725,5.84043090183975,9.34230739149734,9.94371992877411,0.789626760337089,27.0230397358856,19.122896603502,11.733564969874
"590",5.06,1,0.446,5.55590290537624,0.319335135061155,4,1.06342796577393,8.88178419256036e-23,3.17139828869221,0.0862502199050952,2.20373635792732,0.0614305292492463,0.184341186918272,0.131647023505,1.00918970072774,76.7473203556791,6.40996060565657e-21,228.878991592607,6.22465599067322,159.043081134525,4.4334253561591,13.3038556277449,9.50093152708923,72.8329588408337,5.08611425372818,4.25104329267986e-21,0.322638539998143,0.75220383412728,0.357787544494749,0.0616834198202092,1.58254942021035,0.183271727003387,3.05759487884119,10,1e-05,143.081200966834,5.80793735668334,9.33180404340983,9.88639274103897,0.784286518207451,26.6631092758589,19.0414254797632,11.4038436182235
"591",5.06,1,0.451,5.61818881238719,0.312324372502763,4,1.06250214676779,0,3.12510733838049,0.0843954905050258,2.18464914897332,0.0608894828035595,0.181871093078771,0.131079413942497,0.980691612045201,74.9970414774922,0,220.586664592743,5.95708170677418,154.204133457744,4.29790290895252,12.8374271550214,9.25228082992218,69.2224196712673,4.99789866246788,0,0.311292378816424,0.719192293561322,0.346965470771478,0.0599473837514006,1.52962710210346,0.178774639179376,2.93811728545943,10,1e-05,143.948647015661,5.7752025948029,9.32099675650343,9.82916788037693,0.779009201029798,26.3058349029134,18.9593264326428,11.0818152161108
"592",5.06,1,0.456,5.68047471939813,0.305399840764002,4,1.06159084549112,2.32366363790662e-18,3.079542274128,0.0825793708234214,2.16565523470892,0.0603541080871088,0.179418781146336,0.130507403005575,0.952854598067009,73.2713865883097,1.60380110131307e-16,212.551128752703,5.69965823416936,149.474312625542,4.16566250983195,12.3835495854287,9.00766846179227,65.7663712097261,4.9098745565282,1.0754965803561e-16,0.300285243588618,0.687475792987424,0.336388415838749,0.058246448297472,1.47805983200939,0.174344714877082,2.82258195403027,10,1e-05,144.807076085436,5.74222945630459,9.30988973238281,9.77203233806579,0.773792155856699,25.951132505006,18.8765907707263,10.7672569581572
"593",5.06,1,0.461,5.74276062640907,0.29856254522901,4,1.06069387749933,5.34207297131266e-17,3.03469387314297,0.0808012683142642,2.14675573543344,0.0598243650743786,0.176984399052399,0.129931057430385,0.925667861343064,71.5704628131563,3.60457096103811e-15,204.766379446957,5.45207650559439,144.852633536452,4.03665712294941,11.9420462582019,8.76711566962099,62.4595641145571,4.82208682036406,2.43041215205339e-15,0.289609545781154,0.657012128839848,0.326053926672558,0.056580470490722,1.42782978987866,0.169982398286351,2.71089175286327,10,1e-05,145.656550472843,5.70903043921178,9.29849160759306,9.7149942003473,0.768634829400628,25.599023478939,18.7932281467309,10.4600468331766
"594",5.06,1,0.466,5.80504653342002,0.291811416673401,4,1.05981078638461,1.20384385152479e-15,2.99053931969549,0.0790600868342188,2.127945568362,0.0593000094659048,0.174567347188492,0.129350271159659,0.899112895631411,69.8938644576256,7.93927558273445e-14,197.224214502514,5.2139637227599,140.336691265118,3.91079886824414,11.512608344686,8.53057020756661,59.2959381681169,4.73455376578468,5.38206102884063e-14,0.279254721145424,0.627751539716407,0.315956415945038,0.0549487758414813,1.37890421756598,0.165686818034792,2.6029194666011,10,1e-05,146.497403510641,5.67560875977151,9.28679881948795,9.6580344663988,0.763534403087771,25.2494210973435,18.709223220533,10.159975720635
"595",5.06,1,0.471,5.86733244043096,0.285146089347021,4,1.05894119908987,1.75729131407727e-16,2.947059954,0.0773549535433475,2.10922044588669,0.0587808545201864,0.172167248826044,0.128764794973242,0.873174683668377,68.2413648397761,1.13245152607892e-14,189.917432335674,4.98498652375836,135.924527347673,3.78801555964906,11.0949768039023,8.29799176747512,56.2700102784583,4.64730255181354,7.71797174620188e-15,0.269211574505172,0.59964939238365,0.306091306055904,0.0533508426221648,1.33125670117426,0.161457392426962,2.498554164471,10,1e-05,147.329904380779,5.64197079025335,9.27481092617377,9.60114087383451,0.758488290608031,24.9022708701989,18.6245399449297,9.86687392545266
"596",5.06,1,0.476,5.92961834744191,0.278566204054169,4,1.05808483167378,2.44606850650116e-18,2.90424158398619,0.0756849693348084,2.09058068510341,0.0582668143891854,0.16978389677028,0.128174913435973,0.847838080801417,66.6127485786252,1.5399459622902e-16,182.839323137849,4.76482006221115,131.614518412318,3.66824335931967,10.6889085730177,8.06937499452776,53.3764620956415,4.56035625924833,1.05506637736158e-16,0.259471439901978,0.572662389583282,0.296454766909194,0.0517861935648751,1.28486041845766,0.157293947773212,2.39768489761748,10,1e-05,148.154190645439,5.60811869399949,9.26254345977135,9.54431869577158,0.753495882388258,24.5575428288533,18.5392194793792,9.58057031305601
"597",5.06,1,0.481,5.99190425445285,0.272072054031649,4,1.05724142068939,2.24103258214214e-24,2.86207103450387,0.0740494770624794,2.07202420489064,0.0577577582992312,0.167417182077726,0.127580488402554,0.823091514327208,65.0079609551517,1.37797248337209e-22,175.983837202081,4.55317529130496,127.405213202703,3.55142545770219,10.2941952734255,7.84470533069391,50.6104849647393,4.47374930781687,9.49032487678597e-23,0.250026625569475,0.546751835593043,0.287043394137924,0.050254516338424,1.23969456525413,0.15319636346882,2.30021750371877,10,1e-05,148.97043386901,5.57406088184342,9.24999245383459,9.48755992517155,0.748555699819516,24.2152212157222,18.4532418425454,9.30093411189745
"598",5.06,1,0.486,6.0541901614638,0.265661994824191,4,1.05641047320439,2.51212886038799e-22,2.8205236600575,0.0724473508787767,2.05354417917429,0.0572534255462982,0.16506630649733,0.126981294153914,0.798916357773947,63.4264736882099,1.50827239133177e-20,169.343142887413,4.34971075244556,123.293993340384,3.43747338849942,9.91051680328929,7.62390748372468,47.9666272066822,4.38748885364225,1.04415076772457e-20,0.240867003783562,0.521872863380385,0.277851179021496,0.0487549964477766,1.19572507352473,0.149163366947782,2.20603150609763,10,1e-05,149.779021175086,5.53979548718883,9.23715513309923,9.43084407038373,0.74366433393355,23.8751905717738,18.3665743864221,9.0277548428456
"599",5.06,1,0.491,6.11647606847474,0.259336341404397,4,1.05559175452567,0,2.77958772642685,0.070877984841955,2.03513912167485,0.0567537042701881,0.162731179697961,0.126377256000712,0.775301922087278,61.8682466215861,0,162.911673218008,4.15415962415654,119.27953069849,3.32633535400656,9.53767658321573,7.40697263699705,45.440455854488,4.30160765430287,0,0.231985502595107,0.497989957626002,0.268875018222255,0.0472873176834695,1.15293205726934,0.145194909314318,2.11503930257288,10,1e-05,150.580097501838,5.50533051077834,9.22403025175533,9.37416548222264,0.738820393716004,23.5374378315131,18.279206307943,8.76091171958624
"600",5.06,1,0.496,6.17876197548568,0.253094141911271,4,1.05478498061188,1.82786453323098e-16,2.7392490227546,0.0693404010644163,2.01680994122759,0.0562585252871728,0.160411533659113,0.125768755839105,0.752232421552438,60.3329373025626,1.045525280584e-14,156.683061082352,3.96622074342309,115.360068612925,3.21794691930162,9.17542359889205,7.19388178646627,43.0271499506473,4.21611652537566,7.31199155138093e-15,0.22337379373181,0.47506362268921,0.260110836261113,0.0458508617710516,1.11128718325229,0.141290514158915,2.02713302630251,10,1e-05,151.373793844647,5.47065900430702,9.21064673481458,9.31753307634962,0.734023938752125,23.2019242284541,18.1911928445681,8.50022636354255
"601",506,10,0.001,268785951212592864,1.05208949757188,4,0.0154802730333988,1.22806084879789,12.1770560915263,0.54802055169861,3.75401364931062,0.138399925950702,0.424195398160049,0.122957474489487,8.80153172530487,3.68077898522439,291.998762236279,2895.36573850391,130.304066718418,892.600183524948,32.9076585339858,100.861884270887,29.2358724681875,2092.759794507,0.0994573083945137,4.07812990059307,4.35085375157848,22.3418782855471,2.42479282130238,0.250838991855886,12.7847538540768,0.600939676341218,52.5256639062556,10,1e-05,22.2548051539969,4.5038744887518,6.26241361774402,12.7061820730579,1.67522467064819,61.3556223898695,17.7845691101595,99.457308495945
"602",506,10,0.006,1612715707275557120,1.04956066870238,4,0.0928226505012807,1.15043536197739,12.1629006209569,0.54754494244327,3.74887373438646,0.138205584774252,0.423596904723943,0.122778123553922,8.79211183928592,22.0175987075724,272.884085966381,2885.0486766548,129.878049721392,889.235515720816,32.7824629901392,100.477487031604,29.1230582177967,2085.49518058443,0.596154748774077,3.85897410361356,4.32876213196344,22.2111824621024,2.41015824237232,0.250792612092881,12.7433683905531,0.598965734449239,52.3525053580099,10,1e-05,22.4790099019168,4.52412045146208,6.26141960477606,12.687344979139,1.66955720211917,61.2690562992711,17.7586277908393,99.3508637839309
"603",506,10,0.011,2956645463338521088,1.04706170982454,4,0.170012975691716,1.07295056197081,12.148176882967,0.547052055221754,3.74349058714635,0.138003042929425,0.422971427808663,0.122588914115683,8.78235206516135,40.2311814065483,253.898671694203,2874.69533398266,129.452180828595,885.844438005029,32.656480672492,100.090244128268,29.008943712407,2078.22019273613,1.09164636181916,3.63762620229132,4.30654335706427,22.079376723249,2.39537130875958,0.25077581192518,12.702038626185,0.5969845919291,52.1802153531007,10,1e-05,22.7130537766828,4.54507047652852,6.26016083511172,12.6676255293898,1.66366319074567,61.1785873182451,17.7312605376924,99.2405783363233
"604",506,10,0.016,4300575219401485824,1.04459369107022,4,0.247036776014315,0.995619946638867,12.1328361233145,0.546540539574442,3.73784099879623,0.137791567312169,0.422316428040671,0.122388848843437,8.77222567190597,58.3199910372351,235.044139181555,2864.29779963994,129.026292699108,882.422678377953,32.5295816287152,99.6996912588509,28.8933359751794,2070.93102013489,1.58601831707959,3.41385686146603,4.28417902598263,21.9463275031812,2.38041313434088,0.250791036602643,12.660750147857,0.594994346062731,52.0088197199649,10,1e-05,22.9578287599753,4.56678183277885,6.25860569995162,12.6469397531689,1.6575226553086,61.0838481518027,17.7023230967147,99.1261500925375
"605",506,10,0.021,5644504975464450048,1.04215887493662,4,0.323844765828481,0.918491825068635,12.1168295448902,0.54600909350969,3.73190086190229,0.137570399754257,0.421629289309725,0.122176879098868,8.76170682819993,76.2744794790425,216.330455993754,2853.85148686415,128.600378306972,878.966794417009,32.4016681453399,99.3054635079408,28.7760644634773,2063.6264599159,2.07915303036153,3.18750491853131,4.26165805384509,21.8119410697573,2.36526859655704,0.250840984809333,12.6195039071641,0.592993678459516,51.838422919174,10,1e-05,23.2142466174922,4.58931054279891,6.25671860528009,12.6251980211719,1.65111485582379,60.9844604057586,17.6716637928603,99.0072871586592
"606",506,10,0.026,6988434731527414784,1.03975925495463,4,0.400398456879399,0.841603519372711,12.1000987743205,0.545456164031436,3.72564128038251,0.137338651784192,0.420906865782811,0.121951739128361,8.75076467505758,94.0878682734387,197.764700909057,2843.34886914107,128.174339407564,875.47202043363,32.2726043417666,98.9070488727866,28.6569015681348,2056.30361429358,2.57102505064364,2.95834004645007,4.23896290953192,21.6760828081571,2.34991702720525,0.250928855786718,12.5782922913218,0.590980562373705,51.6691112766805,10,1e-05,23.4833978128941,4.61272407732384,6.25445656647262,12.6022967754906,1.64441549836492,60.8799690668257,17.6390995475262,98.8836408281507
"607",506,10,0.031,8332364487590378496,1.03739781528905,4,0.476630467249768,0.765021179573785,12.0825823475654,0.544880167672878,3.71903090081966,0.137095365113675,0.420145764966287,0.121712037838839,8.73936769269631,111.746921626074,179.360673876771,2832.78446387364,127.748193991627,871.933884119626,32.1422696896709,98.5039755014477,28.535619285536,2048.96141501885,3.06144987720537,2.72617511451248,4.21608059637536,21.5386408772426,2.33433939199473,0.251058222487531,12.5371188785617,0.588953238115566,51.5010387309729,10,1e-05,23.7664495823437,4.63709198110849,6.25177093154691,12.5781214605491,1.63739849037836,60.7698834447238,17.6044291530097,98.7548549274683
"608",506,10,0.036,9676294243653343232,1.03507709724878,4,0.552490954852797,0.688793134237846,12.0642044445154,0.544279148498475,3.71203117642095,0.136839353675109,0.419341793465289,0.121456091665432,8.72747686936332,129.242785839984,161.127603546147,2822.14826805215,127.32181913331,868.345890827012,32.0104775040634,98.0955455117438,28.4119106497577,2041.5961818797,3.55038679156363,2.49071783135535,4.19298846837881,21.3994408318088,2.31850827703007,0.251233250963024,12.4959722794101,0.586908950968617,51.3343319423272,10,1e-05,24.0648397220888,4.66250121208885,6.24860274539805,12.5525302074477,1.63003142914001,60.6535970068194,17.5674090984881,98.6204886238055
"609",506,10,0.041,11020223999716306944,1.03280048229619,4,0.627906827232634,0.612990786649375,12.0448806940989,0.543650982589417,3.70459831156414,0.136569294512511,0.418490229694482,0.121181931928569,8.71504972069996,146.561559124663,143.079962701378,2811.43064135479,126.895157326327,864.701068574745,31.8770363120979,97.6810219006233,28.2854272495587,2034.20510737897,4.03768253489369,2.25168458734749,4.16966482692837,21.2583091601019,2.30239469072072,0.251458802066303,12.4548497021571,0.58484471018435,51.1691728295097,10,1e-05,24.3801845112436,4.68904785251689,6.24488241192741,12.5253637865796,1.62227813667228,60.5304268230099,17.5277546341482,98.4800618439095
"610",506,10,0.046,12364153755779270656,1.03057088007923,4,0.702826295949432,0.537663818518708,12.0245056808057,0.542993077154942,3.69667677479146,0.136283511688484,0.417585044429041,0.120887088057808,8.70203401836424,163.694583045231,125.226752468094,2800.61582084875,126.467984868512,860.989360799351,31.7416589993261,97.2593230044061,28.1556930769686,2026.78220563341,4.52336644930087,2.00864419678492,4.14607488282744,21.1149872065531,2.28595723021967,0.251740631692152,12.4137276792389,0.582755955401027,51.0057301754979,10,1e-05,24.7145165087001,4.7168541479977,6.24052512592,12.4964182648028,1.61409249472445,60.3995008262165,17.4851084166813,98.332984407516
"611",506,10,0.051,13708083511842236416,1.02839306847843,4,0.777141352478738,0.462917958571812,12.0029655645073,0.542302649960838,3.68820595489387,0.135980201393558,0.416619685197852,0.120568850012121,8.68837401358067,180.620732306461,107.589926090492,2789.69124882575,126.040264689609,857.201149244219,31.6040878233365,96.8294279975047,28.0222303356749,2019.32437629267,5.00715900892428,1.76124944312478,4.12219143775496,20.9692516489561,2.26915701543928,0.252085539237901,12.3726038075265,0.580638681659974,50.8442897708377,10,1e-05,25.0700484583676,4.74604726699557,6.23542923074457,12.4654738082236,1.60542509528866,60.2598712670173,17.4390784657532,98.1786263534615
"612",506,10,0.056,15052013267905200128,1.02627156445183,4,0.850761092215905,0.388841285005338,11.9801188414192,0.541576458913538,3.67910743383375,0.135657049254988,0.415585703250562,0.120223644104616,8.67400363190769,197.323293260795,90.1868263782109,2778.63729908867,125.611821465642,853.322515270965,31.4639397099309,96.3898565035617,27.8843562541718,2011.8256206876,5.48895855550005,1.50897559591006,4.09797237536805,20.8207824340497,2.25193864915687,0.252501688148727,12.3314572092624,0.578486482879132,50.6851680502819,10,1e-05,25.4495843860705,4.77679046579142,6.22946757492371,12.4322405904779,1.59621202951397,60.1103161181614,17.3891478832916,98.0162410405568
"613",506,10,0.061,16395943023968163840,1.02421190230297,4,0.923569813927266,0.315546057883757,11.9557936012949,0.54081050595476,3.66928661668288,0.135311274873363,0.414472883106479,0.119847188426261,8.65884188256378,213.780450303243,73.0400423753078,2767.43014039082,125.182429902195,849.336707823479,31.3207565224859,95.9388215734435,27.7412552066814,2004.27849507957,5.96858845254126,1.25122320481172,4.07336737483637,20.6691943116359,2.23423593330351,0.252999138036873,12.2902630943206,0.576291792080145,50.5287499714044,10,1e-05,25.8565202561414,4.80927841821078,6.22248303258345,12.3963729274294,1.58637689760769,59.9493578125212,17.3346973339743,97.8449132729708
"614",506,10,0.066,17739872780031129600,1.02222061681893,4,0.995430570417644,0.243165019447934,11.929779488919,0.540000096699401,3.65862465388857,0.134939420601289,0.413268414263322,0.119434058100159,8.64279289029851,229.96622128256,56.176434934161,2756.03983977492,124.751826416258,845.222270391964,31.173955853814,95.4740374948477,27.5918781781152,1996.67408393518,6.44584385241173,0.987258251236598,4.04831433209347,20.5140140319412,2.21596535980897,0.25359034350686,12.2489889219084,0.574044741897362,50.3755398255686,10,1e-05,26.2950708620873,4.84375026161677,6.2142748279371,12.3574346831062,1.57582412193302,59.7751434390468,17.274942163607,97.6635596603732
"615",506,10,0.071,19083802536094093312,1.02030554124292,4,1.06617853476371,0.171857780629688,11.9018157884381,0.539139802274098,3.64696822036172,0.134537103098426,0.411955809085938,0.118977167179104,8.62574408924907,245.849097936048,39.6285227693727,2744.42842355385,124.319736074861,840.950945777643,31.0227831054651,94.9924996152157,27.4348322276548,1989.00215510254,6.92048338265576,0.716165500467098,4.02273559937384,20.3546550886349,2.19701887327565,0.254291148912494,12.2075922329173,0.571732043432164,50.2262343388454,10,1e-05,26.7705699663027,4.88050546372876,6.20457744618824,12.314861413516,1.56443172994246,59.5852882261901,17.2088574607856,97.4709082085145
"616",506,10,0.076,20427732292157054976,1.01847621854348,4,1.13561065436049,0.101820667192674,11.8715660730703,0.538222735122265,3.6341173943966,0.134098638854251,0.410513570625597,0.118467259715254,8.60755237475729,261.389892567912,23.4366357487851,2732.54514523749,123.885754656329,836.485243998922,30.8662380623359,94.4902178501684,27.2682755932962,1981.24875094406,7.39221439862623,0.436780651592584,3.99652908417243,20.1903493484496,2.17725468473231,0.255122120916289,12.1660123842659,0.569335946399654,50.0817432156024,10,1e-05,27.2899429979691,4.91992793592307,6.19304087729719,12.267917481888,1.55204159240231,59.3766828552863,17.1351044452143,97.2653418347574
"617",506,10,0.081,2.177166204822e+19,1.01674451069791,4,1.20347098405441,0.0333007567065635,11.8385870366238,0.537240278919377,3.61980154345298,0.133616431865574,0.408912621998453,0.117891715875475,8.58803665468074,276.538688801666,7.65198971786761,2720.32095476291,123.449359620862,831.773416901489,30.7029528422702,93.9616840124756,27.0896606239312,1973.39564254811,7.86067846904666,0.147577478864387,3.96955815340308,20.0200768833095,2.15647983347482,0.256110781611689,12.1241623831923,0.566831586602848,49.943338628387,10,1e-05,27.8624476071874,4.96252599830851,6.17918431474337,12.2156070835114,1.53844137471332,59.1451216458562,17.0518577842287,97.0448141978923
"618",506,10,0.086,2.3115591804283e+19,1.01482033814749,4,1.23316161343264,3.43241463125603e-18,11.6580806717952,0.525667906358743,3.63155301660401,0.132669363876631,0.409185497642371,0.120172365756765,8.38734806856684,282.824871730733,7.87222223946322e-16,2673.77376550744,120.561617041443,832.8944924302,30.4276385287075,93.8464469086405,27.5614595528378,1923.63321710144,8.15082485332815,1.66927123394731e-17,3.87185175072861,19.3001181383008,2.13861579344892,0.257206986792576,11.9883234757523,0.570942479833831,48.4991496966202,10,1e-05,29.4137669544551,5.06850702730961,6.32073316865276,12.3217410204555,1.53189729153381,59.1845903789926,17.3817309830585,94.7770331748053
"619",506,10,0.091,24459521560345948160,1.01108593880928,4,1.22695318510107,3.8988567271954e-17,11.3476592933463,0.505031233734883,3.66181445256639,0.131269238065789,0.410417646573106,0.124855153797296,8.03171069452389,280.365455545445,8.90909902431624e-15,2593.00167747759,115.402375274078,836.744457395174,29.9957326622751,93.7826575965732,28.5300796286632,1835.28944300668,8.25900821952576,2.2165874951278e-16,3.71247607873318,18.1279080458646,2.11926459611923,0.257808850509706,11.7499409097827,0.57964975565198,45.9522743919328,10,1e-05,31.9076322736854,5.22706180633952,6.59981190662186,12.5556967168762,1.52960842969858,59.362808400334,18.0590494452409,90.75833084812
"620",506,10,0.096,25803451316408913920,1.00563942710892,4,1.22105947376208,1.03077442132232e-24,11.0529736920691,0.485950764541453,3.68223806646275,0.129828621191326,0.410499870867665,0.128958879771465,7.70271402153976,277.515694223163,2.34268752069386e-22,2512.05918572855,110.444222151193,836.878854197792,29.506736333604,93.2961572226874,29.3090662781203,1750.63055897195,8.35590424889783,6.93313701630699e-24,3.56215626522916,17.0564430749826,2.09420263009884,0.257847977334322,11.5014690521975,0.585923704623114,43.6267214900358,10,1e-05,34.4267547752237,5.3760706542892,6.85635654022745,12.749675683792,1.52316019270347,59.374701322299,18.6526123701447,87.0406684433992
"621",506,10,0.101,27147381072471879680,0.998815148112034,4,1.21545363217699,5.57985095788501e-17,10.7726816051142,0.468250150060966,3.6943018144541,0.128354832089244,0.409650615667204,0.132534358142799,7.39742925248245,274.367050920034,1.25955216337312e-14,2431.74137149255,105.699147514977,833.922962758242,28.9738216410496,92.4713443217722,29.9172753501833,1669.83815314944,8.44268599122985,4.51266547524718e-16,3.4202606182955,16.0749869454298,2.06472741541394,0.257380859621205,11.2466279286846,0.590047155726562,41.4942336386503,10,1e-05,36.9593474927982,5.51539325011635,7.09132377942917,12.907929839358,1.51342049025192,59.2518650501043,19.1697695617745,83.5909505530517
"622",506,10,0.106,28491310828534841344,0.990883327623041,4,1.21011142034104,1.28673689124985e-23,10.5055710350874,0.451771908005469,3.69932061310891,0.126855827086138,0.408053000873863,0.135634859049485,7.1132302116917,270.99190620197,2.88151385962398e-21,2352.61371199704,101.169634846022,828.424496907983,28.4080472401556,91.3792388696562,30.3740204277197,1592.93415624202,8.52022722152218,1.27963744097599e-22,3.28616376183873,15.1737110445714,2.03190885874151,0.256458938799252,10.9883513501142,0.592293283854897,39.5303869326741,10,1e-05,39.4947052152034,5.64504953869664,7.30595386275312,13.0346464592524,1.50113139114513,59.0207860463955,19.6182260129175,80.3795013921162
"623",506,10,0.111,29835240584597807104,0.982062318138175,4,1.2050112038009,0,10.25056020113,0.436377522976516,3.69844349002527,0.125339588698079,0.405858529489372,0.138313001966982,6.84779692662542,267.447517738303,0,2275.07169441409,96.8522823262828,820.8550491337,27.8186308690784,90.0787112372653,30.6980291389179,1519.84171120168,8.58919175950862,0,3.1592688606897,14.3438002651696,1.99661768967291,0.25512973215568,10.7289175505687,0.592916810989267,37.7142626021128,10,1e-05,42.0233695710798,5.76519386765179,7.50165030678312,13.133794658092,1.48691596557463,58.7033777053428,20.0055926045043,77.3801052708673
"624",506,10,0.116,31179170340660772864,0.972528715869418,4,1.20013377149901,1.28447314791488e-16,10.0066885738517,0.421946476463767,3.69265894385143,0.123813673697682,0.403191240708634,0.140618487898186,6.59910126575646,263.779189580845,2.82316266770953e-14,2199.38498947629,92.7402446721308,811.615010542507,27.2131917979516,88.6180034642134,30.9067469466655,1450.42629845251,8.65010193322167,2.16697497222878e-15,3.03901937033214,13.5774561025198,1.95955411378949,0.253437383173039,10.4700754570389,0.592148553823179,36.0280513891497,10,1e-05,44.5372238406103,5.87609051715379,7.6798861281631,13.2090279813578,1.47128808894486,58.3175810560969,20.3390580895936,74.569844303048
"625",506,10,0.121,32523100096723734528,0.962425620642305,4,1.19546210213483,2.00982156382635e-19,9.77310510726003,0.40837454170295,3.68280881350493,0.122284939755603,0.400151999961824,0.142597031789167,6.36538072828206,260.022798365932,4.37152651103765e-17,2125.73040515133,88.8248075161731,801.041080118041,26.5979759429254,87.0363373426811,31.0160223216454,1384.52244255736,8.70338507071334,4.93640540387498e-18,2.92490441386327,12.8678379367345,1.92127687487881,0.25142289136194,10.2131501221035,0.590193926078928,34.4566309938531,10,1e-05,47.0294586505498,5.97808374936192,7.8421328914111,13.2636370616822,1.45466546260141,57.8779852744783,20.6252346779852,71.9288022295873
"626",506,10,0.126,33867029852786700288,0.951869306572211,4,1.1909811073654,1.14576997907016e-16,9.54905536757674,0.395571928605225,3.66960378837382,0.120759403829045,0.39682240628668,0.14428975209668,6.14510925293601,256.206789542723,2.46480860255943e-14,2054.21631272101,85.0964076880806,789.414206236117,25.9780604165709,85.3654135271986,31.0399668978659,1321.95103964901,8.74940655688511,4.91176777116427e-15,2.81645941828365,12.20897749936,1.8822286610264,0.249124261787637,9.95913427198768,0.587232948449327,32.9871709403971,10,1e-05,49.4944960073361,6.07157439496853,7.98981361276825,13.3005351915865,1.43738364972928,57.3963928453055,20.8700697432638,69.439734558177
"627",506,10,0.131,35210959608849666048,0.940954541550527,4,1.1866773753013,3.01868937070554e-17,9.33386875571056,0.383461319103606,3.65364064631861,0.119242214877513,0.393268287806486,0.145733122633575,5.93696621713966,252.353739235773,6.41941580874423e-15,1984.90064027847,81.5452453566056,776.967605612444,25.3575398211799,83.6307534098046,30.9909830527868,1262.52986346121,8.7884910969629,4.32663342608417e-15,2.71326458448461,11.595677838739,1.84275827396964,0.2465765244553,9.70876135661612,0.583421857679413,31.6087667207712,10,1e-05,51.927869101833,6.15699621300116,8.1242700311497,13.3222742203399,1.41970821622987,56.8823251483301,21.0788388577202,67.0877182536782
"628",506,10,0.136,36554889364912631808,0.929758835268148,4,1.18253893760087,2.23031023888994e-18,9.12694688004316,0.371976104871456,3.6354180325888,0.117737648311564,0.389542617074817,0.14695911240217,5.73980812012335,248.481581713962,4.68645046899308e-16,1917.80424716796,78.1616638229081,763.894020066524,24.7396818400698,81.852835926166,30.8798564984726,1206.08003260885,8.82093711900598,-2.63745726624095e-16,2.61494126328028,11.0234168210257,1.80313911054951,0.243811699634186,9.46256349351751,0.578895102671526,30.3121271477091,10,1e-05,54.3260964922886,6.23480159207658,8.24675093915055,13.3310616024887,1.40184746505241,56.3434441337015,21.2561660178499,64.8598317573938
"629",506,10,0.141,37898819120975593472,0.918345810006629,4,1.17855507135495,1.59074005008979e-17,8.9277535781869,0.361058748638126,3.61535165185067,0.11624919909445,0.385687999125934,0.147995567452135,5.55264247965167,244.604571230839,3.3015197791699e-15,1852.92091063372,74.9363543090415,750.352327306139,24.1270740685333,80.0480605005741,30.7159106948441,1152.42958597756,8.84702534067992,-6.89249046841119e-16,2.52114823116124,10.4882534556206,1.76358434282593,0.240859212738307,9.22091810919834,0.573767934714823,29.0893033931247,10,1e-05,56.6865460377224,6.30544516813992,8.3583948884784,13.3287997341144,1.38396303444387,55.7859121935751,21.4060788762768,62.7448600200639
"630",506,10,0.146,39242748877038551040,0.906767895808752,4,1.17471612830327,3.67283854777893e-22,8.73580642820729,0.350659361659542,3.59378805296273,0.114779660691791,0.381738725538348,0.148866645501872,5.37460473992086,240.73404103452,7.52673130444938e-20,1790.22483176017,71.8604632429918,736.473348553487,23.5217435780131,78.2295431245577,30.5071738469119,1101.41530096572,8.8670229107108,-9.93027338138431e-21,2.43157808606024,9.98674639024501,1.72425970194756,0.237745554128447,8.98408303304284,0.568138822013319,27.9334590629575,10,1e-05,59.0072891054708,6.36937546172955,8.46024182278498,13.3171207997706,1.36617832292337,55.2146892618667,21.5320716053908,60.7330335611057
"631",506,10,0.151,40586678633101516800,0.895068434139007,4,1.17101337661733,3.07408463121333e-17,8.55066882976153,0.340734548587931,3.57101472729429,0.113331198296422,0.377722306724051,0.149593160503571,5.20493956262541,236.878986716423,6.21842642503223e-15,1729.67602982687,68.9256469827354,722.364378615739,22.9252542728103,76.4077328778646,30.260522200143,1052.88362552825,8.88118837627478,-6.11627985384624e-16,2.34595288027782,9.51588123153171,1.68529255163036,0.234494845227856,8.75222436085339,0.562091571307147,26.8386912405641,10,1e-05,61.2870171645883,6.42702751167191,8.55322598158298,13.2974164976733,1.34858661200787,54.6337544445667,21.6371547352365,58.8158170576671
"632",506,10,0.156,41930608389164482560,0.883283414137297,4,1.16743889559663,6.19298822329444e-21,8.37194464805012,0.331246345453941,3.54727153721701,0.111905464149614,0.373660929696822,0.150193113583277,5.04298338883415,233.046547450835,1.23625701463789e-18,1671.22476648379,66.1240750628714,708.113621823912,22.3387983382398,74.5909613869856,29.981857468939,1006.69069023873,8.88977079997766,-9.83380337253784e-20,2.26402125811678,9.07300934465327,1.64678077307424,0.231128674607103,8.5254383568135,0.555697669474741,25.7998654171086,10,1e-05,63.5248950959483,6.47881931999949,8.63819112898324,13.2708768116122,1.33125712525027,54.0463168713484,21.7239319486852,56.9857122938259
"633",506,10,0.161,43274538145227448320,0.871442750401803,4,1.16398543359329,0,8.19927165433543,0.322161381505826,3.52275721357895,0.110503650704591,0.369572361948323,0.150681977511265,4.88815085303731,229.242346895267,0,1614.81426023451,63.448415284226,693.793159154981,21.7632587976754,72.7858211585346,29.6762220235583,962.702058967445,8.89301272376753,0,2.18555466416687,8.65579222032193,1.60879792695811,0.227666522995082,8.30376654205608,0.549017872507432,24.8124961665486,10,1e-05,65.7205187634078,6.52514665313062,8.71588897397546,13.238513724877,1.31423970034009,53.4549464322054,21.7946412272294,55.2361046393216
"634",506,10,0.166,44618467901290414080,0.859570301013512,4,1.16064605774288,2.06900002172788e-18,8.03230288646017,0.313449341150081,3.49763556521238,0.109126468861723,0.365470570194114,0.15107317054161,4.73990887785547,225.470455156667,4.01929919553033e-16,1560.37835624786,60.8915742626188,679.460786171289,21.199223001491,70.9973684555336,29.3479104131188,920.788387606756,8.89114785390747,-2.37844506137926e-17,2.11033799786207,8.26212233565873,1.57139579473455,0.224125435042873,8.08718979406975,0.542103354578438,23.872547753913,10,1e-05,67.873994967322,6.56638671619798,8.78700380119654,13.2011890531045,1.29756848548765,52.8616632728767,21.8512233871384,53.5609703197669
"635",506,10,0.171,45962397657353379840,0.847690588637809,4,1.15741566731231,5.79018138895759e-20,7.8707833644133,0.305086648004866,3.47205207976639,0.107774842570532,0.361368278663135,0.151378121292354,4.59783954050652,221.735463240907,1.10927179300308e-17,1507.86951020776,58.4479121326086,665.169046908896,20.6472966610053,69.2302384812265,29.0007287764154,880.845239281242,8.88440535145978,-5.88461713156043e-19,2.03820370488378,7.89027423519244,1.53462568125532,0.220522008923372,7.8757426499589,0.535000424861196,22.9768127511889,10,1e-05,69.9848604614527,6.60287827983135,8.85211549428813,13.1596483389367,1.2812713336411,52.2683078258358,21.895331463726,51.9555868077237
"636",506,10,0.176,47306327413416345600,0.835817645502939,4,1.15428766740513,0,7.71438337045689,0.297047398315431,3.44611443591237,0.106448651855368,0.357273505734898,0.151606910006562,4.46148621035705,218.038924091221,0,1457.20681041572,56.1107052961877,650.9530553945,20.1075955127218,67.4871030822466,28.6377551073874,842.751491351288,8.87300377506756,0,1.96895585412703,7.5384897528323,1.49850509313742,0.216869030209909,7.66930807290495,0.527744717108142,22.1219178816474,10,1e-05,72.0541306034169,6.63495900684589,8.91178460119384,13.1145103449922,1.26535793276596,51.6760398694956,21.9284234633492,50.4147941770347
"637",506,10,0.181,48650257169479303168,0.823967473939539,4,1.15125719902278,0,7.56285995092767,0.289311545529844,3.4199210856944,0.105148106713153,0.35319405828564,0.151768125114369,4.33049250864127,214.383257866174,0,1408.33043775251,53.8746265574999,636.846244799793,19.5803280924193,65.7706140196325,28.2617517005561,806.40980395659,8.85715632780714,0,1.90244211720598,7.20533552637956,1.46305700266171,0.213179207426464,7.46783739996206,0.520369171807684,21.3051885943958,10,1e-05,74.0821354892118,6.66293087256903,8.96648585414279,13.0663146434516,1.24983758695763,51.0859885904349,21.9517416165424,48.9345653476464
"638",506,10,0.186,49994186925542268928,0.812152569193678,4,1.14831945582668,1.29095120954774e-17,7.41597279112382,0.281860259370811,3.39355224962913,0.103873123849148,0.349135855507983,0.151869268863351,4.20452380403885,210.769994764868,2.36949551187562e-15,1361.17570631624,51.7344586391618,622.874572279818,19.0655463153625,64.0826575429477,27.8750698168995,771.725546989065,8.83706813120793,-9.87218496807988e-17,1.83851556959717,6.88948748853913,1.42829340777362,0.209463485325969,7.27124781034011,0.512901444597724,20.5241416482574,10,1e-05,76.0695414789865,6.68707583503653,9.01664950124582,13.0155207685532,1.23471224241942,50.4990101406747,21.9663710483951,47.511118985639
"639",506,10,0.191,51338116681605234688,0.80038348573436,4,1.14546996984603,2.0489102854256e-18,7.27349849230883,0.274676515238213,3.36707488937493,0.102623494408112,0.34510359296023,0.15191685631559,4.08327694900967,207.200245882885,3.70620554102539e-16,1315.67890534725,49.6853195577545,609.058956891159,18.5632219390088,62.4246389680891,27.4797339179271,738.61036091277,8.81293663904515,-1.45244082322351e-17,1.77704048230677,6.58975103428013,1.3942205359049,0.205731517164625,7.07944701891332,0.505365215752818,19.7765370804416,10,1e-05,78.0171081618937,6.70765701526491,9.06266447719116,12.9625230301587,1.2199800083956,49.9157836857677,21.9732540974869,46.1410295238093
"640",506,10,0.196,52682046437668200448,0.788669149444592,4,1.14270458022769,1.1429680748096e-18,7.13522901117752,0.26774486260777,3.34054469970362,0.101398899370341,0.34110098033045,0.151916560523908,3.96647658440537,203.674781954143,2.03721747024945e-16,1271.77770894633,47.7226375517927,595.416107621299,18.0732615209515,60.7975753272167,27.0774904339361,706.981723389962,8.78495233887409,-7.56052110989535e-18,1.71789124419123,6.30504422279025,1.36083994865842,0.201991957873148,6.89233687861728,0.497780837814891,19.0603479749614,10,1e-05,79.9256735668509,6.72491646481925,9.10487391449177,12.9076577568204,1.20563578499914,49.3368457949962,21.9732113141781,44.8211854037807
"641",506,10,0.201,54025976193731166208,0.777017114497611,4,1.14001940339964,1.62662053028526e-17,7.00097016990232,0.261051214005555,3.31400830832257,0.10019895490899,0.337130911368648,0.15187334484876,3.85387127506813,200.194096729998,2.85644109926411e-15,1229.41144266291,45.842124995649,581.959305132785,17.5955244371076,59.2021662788734,26.6698505294673,676.762409942499,8.75329782694523,-1.00955890790825e-16,1.66095129250661,6.03438439319474,1.32814971820584,0.198252381798977,6.70981436717491,0.490165809711539,18.3737296187321,10,1e-05,81.7961186557176,6.73907987533155,9.14359104480526,12.8512169808268,1.1916724161231,48.7626150203613,21.9669605989246,43.5487454082699
"642",506,10,0.206,55369905949794131968,0.765433776180864,4,1.13741080819934,1.16074254885577e-17,6.87054040997121,0.254582690305653,3.28750441153845,0.0990232032770058,0.333195626549503,0.151791544772044,3.74523104782763,196.758458897502,2.0079457082985e-15,1188.52127403209,44.0397589379523,568.698923001339,17.1298291975287,57.6388561799022,26.2581208194255,647.880153655524,8.71814883310206,-6.79072927132101e-17,1.60611225689182,5.77687610556968,1.29614505411094,0.194519509408406,6.53177441938653,0.482535191756177,17.7149994702266,10,1e-05,83.6293648730174,6.75035500053499,9.17909477218814,12.7934490725399,1.17808098129927,48.1934154241201,21.9551290358285,42.3211108404522
"643",506,10,0.211,56713835705857089536,0.753923400809268,4,1.13487514569306,5.08035400767386e-17,6.74375728539069,0.248326848084225,3.26106279087698,0.0978710347650487,0.329296448939029,0.151674974290735,3.6403342912915,193.36761802967,8.65624696196386e-15,1149.04647246449,42.3115893312986,555.641690198421,16.675921521798,56.1077314968274,25.843396610294,620.264505227917,8.67966961099617,-2.81263875008423e-16,1.55326801964661,5.53167709098443,1.26481598778774,0.190798868260834,6.35809338542913,0.474901248476294,17.0825532800127,10,1e-05,85.4265266938296,6.75893467712207,9.21164073342965,12.7345636176962,1.16485012704123,47.6294383745412,21.9382682814119,41.1357774915939
"644",506,10,0.216,58057765461920055296,0.742494006296941,4,1.13240997354243,4.40466220139789e-17,6.62049867707536,0.242274659557584,3.23471790045524,0.0967422591015905,0.325435778964733,0.1515270059312,3.53901754740471,190.022521673905,7.39118374251941e-15,1110.94381253211,40.6545710674052,542.797455611774,16.2337037437138,54.6093100613912,25.4267839753044,593.86004567086,8.63803402961274,-2.31547856825485e-16,1.50233987534936,5.29810966377098,1.23416310698596,0.187096780423347,6.18871592481156,0.467277444463694,16.4751614602556,10,1e-05,87.1880262329154,6.76499511720613,9.24144670210799,12.6747635452245,1.15197290973296,47.0710310694589,21.9168661378888,39.9908982856733
"645",506,10,0.221,5.9401695217983e+19,0.731146019022057,4,1.13001154741724,0,6.5005773708533,0.236414224979251,3.20848418507589,0.0956359855248403,0.321613359597829,0.15135057672471,3.44107020881548,186.721978421534,0,1074.148906126,39.0648501920308,530.166719217043,15.8027946407328,53.1430700227432,25.0090179926659,568.599001263289,8.59338463247642,0,1.45322415123435,5.07541333770634,1.20416732101747,0.183416692022958,6.02348437834826,0.459671220711812,15.8913316260973,10,1e-05,88.9153451144052,6.76870281377291,9.26872856965087,12.6141921417648,1.13943425113927,46.5181563322299,21.8913474174621,38.8840933596149
"646",506,10,0.226,6.0745624974046e+19,0.7198838439053,4,1.12767729555465,9.63114738586257e-19,6.38386477839774,0.230736870903525,3.18238223129019,0.0945517564025191,0.317830150841296,0.151148288655141,3.34633651487598,183.466046563146,1.56692747270583e-16,1038.61489213568,37.5394464958166,517.753695076786,15.3829796974317,51.7089786974392,24.5908816943102,544.428032092487,8.5458741914413,-4.60311009754931e-18,1.40584347090012,4.86297827228984,1.17482077886472,0.179762980093478,5.86231080870345,0.452091671871066,15.3299204439346,10,1e-05,90.6092606327006,6.77020968247829,9.2936687384365,12.552992998559,1.12722383795487,45.9709530176851,21.8620884710796,37.8136026180986
"647",506,10,0.231,6.2089554730109e+19,0.708710218457947,4,1.12540456385226,0,6.27022819305546,0.225233963866028,3.15642707704648,0.0934889991868584,0.314086507418599,0.150922466478528,3.25466218693033,180.254371432095,0,1004.29310310082,36.0753882522552,505.560219870363,14.9739936423921,50.3067677069363,24.1730264865354,521.294390988405,8.49564470581466,0,1.36012040101861,4.66021938938864,1.14611199228789,0.176139133331972,5.70509169360633,0.444546063660871,14.7898093332038,10,1e-05,92.2707092349785,6.76965657894711,9.31643677139515,12.4912865704402,1.11533014544649,45.4294724330261,21.8294255514543,36.7776827123127
"648",506,10,0.236,63433484486171918336,0.697627433176186,4,1.12319084756716,2.53642928233793e-17,6.15954237742251,0.219897480775133,3.13063073530097,0.0924471314985042,0.310382573129914,0.150675156346556,3.16590390509103,177.08653703789,3.99903078825493e-15,971.136856856073,34.6698724069649,493.587137804451,14.5755660417074,48.9360959017247,23.7560176997959,499.148439787993,8.44283253408265,-1.11204409634196e-16,1.31598221560136,4.46659574400093,1.11802889810178,0.172548187702749,5.5517255526887,0.437040653310695,14.2699603420398,10,1e-05,93.9006197090284,6.76717370214582,9.33718519347934,12.4291758231015,1.10374145746916,44.8937353775108,21.7936546139659,35.7747141275286
"649",506,10,0.241,64777414242234875904,0.686636300128318,4,1.12103356878742,1.41163985946589e-19,6.05167843854296,0.214719432873902,3.10500038188768,0.0914254835809681,0.306717946201934,0.15040815703785,3.07991956324372,173.961769290155,2.19057996469114e-17,939.098272929284,33.3201194716462,481.8333501503,14.1873886070661,47.5964307224498,23.340308303415,477.941313633259,8.38756234822092,-5.94374475374625e-19,1.27335616793587,4.28158818081613,1.09055644157207,0.168992457837854,5.40209774027082,0.429580111408459,13.7693576165919,10,1e-05,95.5000575294604,6.76288255191697,9.35605777676717,12.3667456986471,1.09244580969491,44.3636837386477,21.7550358339547,34.803091064654
"650",506,10,0.246,66121343998297841664,0.6757405928276,4,1.11893092557768,1.30800844876437e-17,5.94654627851441,0.209693864739465,3.07954888543367,0.0904236806464449,0.303093226342337,0.150123149515585,2.99660166713819,170.880192618158,1.9975561543769e-15,908.140931899539,32.0238963625266,470.300618823502,13.8092670538442,46.2876015978357,22.9264131674826,457.633137466551,8.32997024399634,-5.29727525011408e-17,1.23218642261591,4.10476821995762,1.06368758277742,0.165474894120201,5.25614150736156,0.422170625247402,13.2871993425851,10,1e-05,97.0695941655034,6.75689482472521,9.37317637053496,12.3040854148439,1.0814337833126,43.8394042581556,21.7138123459342,33.8615988386616
"651",506,10,0.251,67465273754360807424,0.664940497226845,4,1.11688058214214,7.84250000472352e-17,5.844029108287,0.204813724131152,3.05427944243227,0.0894410604222063,0.299507749479592,0.149821537994226,2.91582490097586,167.840963296968,1.17854386269718e-14,878.220546362387,30.7787003411589,458.986584593265,13.4408942008582,45.0089920008692,22.5146642010326,438.180113442775,8.27017064021423,-3.05912119500723e-16,1.19240772579076,3.93568461344015,1.03740685016819,0.161997125887758,5.11374667387664,0.414815450003641,12.8225923016459,10,1e-05,98.6102630138702,6.74931599640761,9.38866063354021,12.2412571099875,1.0706937196207,43.3208008847282,21.6701872554848,32.9488213810272
"652",506,10,0.256,68809203510423773184,0.654237056691578,4,1.11488054229636,3.17178011703198e-17,5.74402712317954,0.200072865511322,3.02919701353062,0.088477064757226,0.295961200780546,0.149504669480336,2.83747987558118,164.843533189358,4.6897171594221e-15,849.29792008938,29.5822886802508,447.889724049289,13.082004221514,43.7601053859468,22.1053978524765,419.54289298213,8.20827781396078,-1.19310012588539e-16,1.15396273886508,3.77393393154151,1.01170178122505,0.158560806105144,4.97482119394601,0.407518171225842,12.3747461571979,10,1e-05,100.122903546552,6.74024049267795,9.40261644691232,12.178318417736,1.06021498972652,42.8078280808982,21.6243553936358,32.0635225940673
"653",506,10,0.261,70153133266486738944,0.643632156961578,4,1.11292909414408,7.99357139353356e-17,5.64645470675983,0.195466009734973,3.00430672642268,0.0875312448949213,0.292453457769641,0.149173665625685,2.76147182519154,161.88763147049,1.16275182911328e-14,821.338199794077,28.4326553375969,437.009062581364,12.7323708134346,42.540533662743,21.6989308060866,401.686087195485,8.14440885416565,-2.90284810423877e-16,1.11680073752677,3.61915574574336,0.986562089957391,0.15516772766603,4.83928891626384,0.400282384962701,11.9429651683787,10,1e-05,101.608206369267,6.72976025050659,9.41513959899408,12.1153265448114,1.04998848586444,42.3004681318009,21.5764789960991,31.2046316246644
"654",506,10,0.266,71497063022549704704,0.633124322423291,4,1.11102405050153,1.61155553922994e-17,5.55120252512129,0.190986816628157,2.97960614221573,0.0866028761563543,0.288983355916125,0.148829544569765,2.68768911190295,158.972094912366,2.30591191993875e-15,794.299902241524,27.3275581445032,426.340213092566,12.3916675267264,41.3495004577572,21.2954386310797,384.570944615911,8.07865593251529,-5.65542289652324e-17,1.08086298216742,3.47096771075568,0.9619704411555,0.151818373289958,4.70703552471884,0.393109306036037,11.5264666938647,10,1e-05,103.067262686009,6.71795620055945,9.42632222559629,12.0523117160733,1.04000228077737,41.7985525997084,21.5267053265708,30.3708869645034
"655",506,10,0.271,72840992778612670464,0.622714068523948,4,1.10916371523925,1.31706663795326e-17,5.45818576166001,0.186630230149885,2.95509656745082,0.0856914456451582,0.28555037473778,0.148473226994031,2.61604179751253,156.096358049323,1.85355238967969e-15,768.148928103029,26.2651030033203,415.88072664605,12.0596467387193,40.1864692504593,20.8951389981232,368.164403041647,8.01111957599338,-4.47041869328385e-17,1.04610116642956,3.32904310566444,0.937914711928673,0.148513754319155,4.57797755441267,0.386001150140642,11.1246012930031,10,1e-05,104.500844005471,6.70490523960419,9.43624589914278,11.9893117547673,1.03024703600083,41.3020062020726,21.4751675524167,29.5612723118916
"656",506,10,0.276,74184922534675628032,0.612404850510839,4,1.10734701377078,0,5.36735068853323,0.18239273902166,2.93078576093719,0.084796720352365,0.282154960695701,0.148105649604994,2.54646570093404,153.260698229614,0,742.860100707399,25.2437927649097,405.630995972164,11.7361625643711,39.0512330348177,20.4983397145914,352.439756001997,7.9419172280692,0,1.01247938885753,3.19311577408254,0.91438993645721,0.145255666664789,4.45207114750566,0.378961907313034,10.7368713716047,10,1e-05,105.909280004775,6.69068411422943,9.4449838470517,11.9263782969777,1.02071664254606,40.8108935150262,21.4220011588663,28.7750624205547
"657",506,10,0.281,75528852290738601984,0.602193788442021,4,1.10557185083093,6.99790730617504e-17,5.27859254165707,0.178268515228106,2.90666635264721,0.0839179350423728,0.278795507099313,0.147727466958322,2.47885908764682,150.463681281762,9.52385766482992e-15,718.394254708313,24.2615955152034,395.585071516092,11.4208781840359,37.9428965122894,20.1050872345141,337.362301170898,7.87112126098648,-2.22722787639588e-16,0.979943643077283,3.06285512429043,0.891377154452816,0.14204377125644,4.32919865446928,0.371991076224973,10.3625770056514,10,1e-05,107.293727278026,6.67535521306114,9.45260772606944,11.8635196761792,1.01139944805949,40.3249821468446,21.3673008208517,28.0111076904091
"658",506,10,0.286,76872782046801559552,0.59208204218518,4,1.10383693929928,4.51979597594472e-25,5.19184696483267,0.174253701820634,2.8827400771657,0.0830547029303675,0.275471738309574,0.147339390568684,2.41315294925577,147.705018612705,6.04796347163682e-23,694.723853925138,23.3169822048972,385.741010826876,11.1135947760456,36.8610224804753,19.7155636412631,322.905302943923,7.79882770144361,-1.39438994097853e-24,0.948455763468367,2.93800379261304,0.868867124204732,0.138878900991283,4.20929571216248,0.365090710619912,10.0012086210868,10,1e-05,108.654752246443,6.65898261955519,9.45918092474577,11.8007660893745,1.00228811293444,39.8442322290968,21.3111694518544,27.2686283265902
"659",506,10,0.291,78216711802864517120,0.582069645909032,4,1.1021408784647,9.39184692769066e-24,5.10704392320355,0.17034424114334,2.85900577492052,0.0822065599874667,0.272183025444322,0.14694203145321,2.34927536010858,144.984141696579,1.235476237533e-21,671.820086052738,22.4083999402379,376.09574826753,10.8140871775068,35.8050618568786,19.32989214507,309.041864202275,7.72512216666197,-2.8102363967023e-23,0.917976231619729,2.81830670200818,0.846848483561784,0.135761432332659,4.09228760879018,0.358261943388096,9.6522470008644,10,1e-05,109.993040683007,6.6416246153224,9.46476255907751,11.7381376828977,0.993374660951788,39.3685528002667,21.2536954293923,26.546811569227
"660",506,10,0.296,79560641558927474688,0.572156556117688,4,1.10048233353829,3.01825899263727e-24,5.0241166765388,0.166536287931375,2.83546189204327,0.0813730533377876,0.26892873340794,0.146535943865002,2.28715824962626,142.300489137791,3.9028316757788e-22,649.655372711106,21.5343713475452,366.646153120899,10.5221364666277,34.774470376198,18.9481792235715,295.746444752924,7.65008691340097,-8.76411405089243e-24,0.888467465350318,2.7035237136819,0.825310134245642,0.132691629256032,3.97810198845452,0.351505721970023,9.31520065441735,10,1e-05,111.309256846946,6.62333520755857,9.46940652631294,11.675650871504,0.984651407840414,38.8978520001245,21.1949589206339,25.8448882207767
"661",506,10,0.301,80904571314990448640,0.562341686180192,4,1.09885987109761,4.26972361406078e-17,4.94299356666785,0.162825829049079,2.81210425850451,0.0805536685625024,0.265707900711261,0.146121583660783,2.2267311278944,139.653245090264,5.42635848323876e-15,628.201202175071,20.6934077850191,357.388139799875,10.237502992481,33.7686101353255,18.5704782499462,282.993524591393,7.57379315965342,-1.20370752339748e-16,0.859890874159218,2.59341779249853,0.804239171004673,0.129669347540887,3.8666577093013,0.344822151293809,8.9895715397549,10,1e-05,112.604169390246,6.60416327084368,9.47316429697618,11.6133144105693,0.976110213307122,38.4319907588768,21.1350258606957,25.1620617452067
"662",506,10,0.306,82248501071053406208,0.552627795891996,4,1.09727275466551,4.84472730839208e-18,4.86363773300661,0.159210508488468,2.78893743245175,0.0797482226480208,0.262520829327243,0.145699501165809,2.16795077115401,137.04265380211,6.05076800154392e-16,607.43859649234,19.8844184398747,348.321222235887,9.96006509887125,32.7872454468287,18.1969762873523,270.763787515934,7.49634017651831,-1.32664325996075e-17,0.832220765586095,2.48780797352874,0.783631211101571,0.126695577411385,3.75791987926897,0.338213812575005,8.67501431805029,10,1e-05,113.878020299778,6.58416246154542,9.4760803395956,11.5511579376134,0.967746646129307,37.9710127538924,21.0739758486226,24.4978437140404
"663",506,10,0.311,83592430827116380160,0.543010782603148,4,1.09571919523433,3.75280379406052e-17,4.78595974852928,0.15568557702371,2.76595024691548,0.0789559908855286,0.259365625058403,0.145269986346296,2.11073541670693,134.467138324152,4.60545721088164e-15,587.335071173667,19.1058020264449,339.438622657481,9.68951369484248,31.8294628157898,17.8275961882711,259.030372451692,7.41776939837079,-9.98562069659649e-17,0.805413620662657,2.38645029352423,0.763467865029113,0.123769095708209,3.65177896773014,0.33167862819913,8.37098233956406,10,1e-05,115.131906969216,6.56336815681254,9.4782014849593,11.4891676082614,0.95955079799424,37.5146440084473,21.0118508251282,23.8513102087883
"664",506,10,0.316,84936360583179337728,0.533494230593186,4,1.09419869944599,6.12590888234751e-19,4.70993497227076,0.152249327569242,2.7431489157769,0.0781768899115727,0.256242890776895,0.144833529971692,2.05505287820855,131.927204680603,7.38598972367061e-17,567.875428323669,18.3566551585935,330.740631170834,9.42576385978065,30.8951274723586,17.4625346958135,247.777101023929,7.33818281751266,-1.58446740774625e-18,0.779449141694143,2.28919508762232,0.743747064449819,0.120890990678428,3.54821380802182,0.325219515529078,8.07719909824831,10,1e-05,116.365916904608,6.54183100214072,9.479566234264,11.427375444947,0.951519393338511,37.0629717219701,20.9487217751055,23.2220975237566
"665",506,10,0.321,86280290339242311680,0.524074973629467,4,1.09270974812677,0,4.63548740610468,0.148897736107886,2.72052387675794,0.0774102949554694,0.253151056553489,0.144390348634921,2.00083375506197,129.421574130129,0,549.031504465772,17.6355884300754,322.221416247276,9.16854841296073,29.9834501229844,17.1017292026222,236.980638817156,7.25762427957485,0,0.754289809721309,2.19583242998215,0.724453102497144,0.1180602740355,3.44713113565129,0.318834825496915,7.79319557524106,10,1e-05,117.580984502796,6.5195826417419,9.48021103546904,11.3657674772986,0.943644065099964,36.6157688198967,20.8846200265549,22.6094214322002
"666",506,10,0.326,87624220095305269248,0.514752712486598,4,1.09125133728028,4.93019378036391e-17,4.56256687231482,0.145627987206509,2.6980723945103,0.0766558468500393,0.250089505559867,0.143940743419407,1.94802849567322,126.949756406541,5.73549720465074e-15,530.782170194174,16.9415027228442,313.877858884422,8.91768995124739,29.0939408054104,16.7452187134199,226.622167185669,7.17615837758703,-1.20606558910895e-16,0.729907645436992,2.10619293385317,0.705576631599996,0.115276745756797,3.34847175248273,0.312524766505099,7.51861314788562,10,1e-05,118.777643676916,6.49665870734217,9.48017096284764,11.3043505465113,0.935918855394456,36.1729460841791,20.8195891281831,22.0127220011074
"667",506,10,0.331,88968149851368243200,0.505528956752193,4,1.08982278583204,3.21560649617892e-17,4.49113929379445,0.142438035017469,2.67579580614598,0.0759133295491063,0.247058222480178,0.143485062257541,1.89660014181418,124.511756568415,3.67381576598592e-15,513.110617371476,16.2734805811922,305.708451294009,8.6730633016632,28.226289315645,16.3931029661626,216.685701781229,7.09386422843217,-7.65325308060265e-17,0.706280494912954,2.02013308743497,0.687112161247645,0.112540720251912,3.25219734034328,0.306290688914095,7.25316288096321,10,1e-05,119.956184325365,6.47309799094774,9.47947708708585,11.2431385611591,0.928339718568936,35.734501299533,20.7536794049307,21.4315816025002
"668",506,10,0.336,90312079607431200768,0.496402393712201,4,1.08842301573207,2.8573045553513e-17,4.42115079070928,0.139324968141727,2.65368875144411,0.0751823224790499,0.244056286278065,0.143023494147747,1.84649801060896,122.106848626072,3.20552257510103e-15,495.995382816374,15.6304419778111,297.709223334784,8.43447477461812,27.3799281842208,16.0453682965575,207.15296333395,7.01079407628706,-6.61787888690781e-17,0.683380051380406,1.937490625372,0.669048800984466,0.109851628917679,3.15824165645176,0.300131977167815,6.99648870332011,10,1e-05,121.11723469681,6.44892977617282,9.4781597305116,11.1821282392093,0.920900578067069,35.3003012472593,20.6869181935301,20.8654275198813
"669",506,10,0.341,91656009363494174720,0.487373525335939,4,1.08705127361997,4.98359449489301e-17,4.35256368099841,0.136286623132962,2.63175042316199,0.074462562360004,0.241083390858086,0.142556321742006,1.79768360682613,119.73480258659,5.48925076027498e-15,479.419293033366,15.011483185772,289.877878828223,8.20178442418498,26.5544716351531,15.7020680215097,198.00840769883,6.92701424218421,-1.12351044185119e-16,0.661183762337228,1.85812807615156,0.651379617050224,0.107209403342358,3.06655897509881,0.29404922392479,6.74830145704609,10,1e-05,122.261166882833,6.42418711948718,9.47624902959419,11.1213268241598,0.913597356313278,34.8703016537135,20.6193463767638,20.3138247571353
"670",506,10,0.346,92999939119557132288,0.478440136615848,4,1.08570643035315,5.28647273596003e-17,4.28532151759117,0.133320035595067,2.6099731777244,0.0737535764866221,0.238138358964582,0.142083642671743,1.75010594525259,117.394690427008,5.71612926789961e-15,463.360977584128,14.4155582658838,282.2097987594,7.97478769349772,25.7492984732064,15.3631449348287,189.234529623781,6.84256422475289,-1.16025373584894e-16,0.639663594113711,1.78189155989877,0.634092570664564,0.104613152098121,2.97707825640444,0.288041128260161,6.50825269516157,10,1e-05,123.388688093488,6.39889142686009,9.47376759569944,11.0607220675473,0.906423318673357,34.4443322406372,20.550978076041,19.7761971813542
"671",506,10,0.351,94343868875620106240,0.46960271293379,4,1.08438780441245,7.81641676227428e-18,4.21939022057912,0.13042326535001,2.58835596699391,0.0730551222997131,0.235220903402874,0.141605676403895,1.70373054049445,115.086308790315,8.29557976838645e-16,447.804783359319,13.8418489477989,274.702770415347,7.75335569939806,24.9640446091402,15.0286406161771,180.817285366902,6.75750644277054,-1.67039546415462e-17,0.618799135322577,1.70865817521713,0.617181198779556,0.102062745304918,2.88975735684064,0.282108163401975,6.27608188994995,10,1e-05,124.500141982359,6.3730718399975,9.47074054665351,11.0003194322254,0.899374588121353,34.0223514681916,20.4818450350594,19.2521551075873
"672",506,10,0.356,9.5687798631683e+19,0.460860822364244,4,1.08309460906812,1.22032333580992e-16,4.15473045342254,0.127594158758315,2.56689552993058,0.0723668961104561,0.232330453938457,0.141122578419011,1.65851971852748,112.809227124751,1.2710222283671e-14,432.734063523334,13.2895116591362,267.353838175401,7.53734119927125,24.1982729180878,14.6985580650226,172.742368073663,6.67189312368869,-2.5396521934034e-16,0.598568647881374,1.63830330760996,0.600637485175285,0.0995577888430382,2.8045464541345,0.27625015228794,6.05151585973971,10,1e-05,125.595973301231,6.3467524961466,9.46719022146824,10.9401176463081,0.892446915225823,33.6042768576584,20.4119697425257,18.7412728193605
"673",506,10,0.361,9.7031728387746e+19,0.452214025469927,4,1.08182608878015,6.14935349406862e-17,4.09130443900217,0.124830656145996,2.54558858977728,0.0716886019761864,0.229466451330646,0.140634490077437,1.6144374485898,110.563026285239,6.28466200855415e-15,418.132826451219,12.7577392150303,260.16009512241,7.32660162927155,23.4515561726359,14.3728968863892,164.996104194139,6.58577468403417,-1.24643965682205e-16,0.578951381185996,1.57070844223849,0.584453628701137,0.097097809944032,2.721397173621,0.270466884957158,5.83429316438273,10,1e-05,126.676612237299,6.31995648611743,9.46313724019149,10.8801151337067,0.885635568380955,33.1900275204646,20.3413726448005,18.2431431690647
"674",506,10,0.366,9.8375658143809e+19,0.443661877255562,4,1.08058151781662,5.3442351130728e-17,4.02907589084186,0.122130783978458,2.52443188262897,0.0710199508228089,0.226628354729198,0.140141532291244,1.57144925227806,108.347298387214,5.35853544503978e-15,403.985706373942,12.2457586732702,253.118686499517,7.12099890324979,22.7234776534599,14.0516528973038,157.565420312722,6.49919981757074,-1.05515603356213e-16,0.559927289391359,1.50576074859244,0.568622069104686,0.0946823918709354,2.64026264734559,0.264758110965164,5.62416347590118,10,1e-05,127.742475027847,6.29270531824108,9.45860168751334,10.8203078945224,0.878937062449121,32.7795252280312,20.2700712306056,17.7573765507421
"675",506,10,0.371,9.9719587899872e+19,0.435203087770053,4,1.07936008061535,3.69025249030291e-18,3.96800402972588,0.119492385630726,2.50342022795348,0.070360606342536,0.223815358315894,0.139643787748996,1.52951793986933,106.161429817295,3.62958096925396e-16,390.276598960682,11.7527808732794,246.226144181249,6.92038060910774,22.013560516653,13.7347901212768,150.437110232166,6.41220670129886,-7.097654459308e-18,0.541475473584689,1.4433465817469,0.553133938176286,0.092310808590884,2.56108943886476,0.25912302627712,5.4208667519839,10,1e-05,128.794064827615,6.26501588791595,9.4536005442441,10.7606887010614,0.872346436522458,32.372653426811,20.1980774600149,17.2835527205234
"676",506,10,0.376,1.01063517655935e+20,0.426838897502713,4,1.07816134060993,9.97194899892364e-17,3.90806702525468,0.116914186965725,2.48255391979816,0.0697104172471753,0.22102746419325,0.139141386837037,1.48862042833505,104.005470738053,9.61949951963769e-15,376.99399461637,11.278196122714,239.481030654597,6.72465658714587,21.3215449242992,13.4223560909213,143.600649149304,6.32485888624041,-1.86852954807012e-16,0.523581126318985,1.38337613119739,0.537985042170539,0.0899830701900232,2.48384912285615,0.253562383037335,5.22421507817523,10,1e-05,129.831578645471,6.23691324603055,9.44815068542658,10.7012625185005,0.865861475057286,31.9694124209117,20.125410192109,16.8214108401861
"677",506,10,0.381,1.02407447411998e+20,0.418568825882041,4,1.07698465405011,5.04190423072941e-21,3.84923270250243,0.114394420260011,2.46183022523548,0.0690691338177157,0.218264189073126,0.138634468614468,1.44872596668167,101.879037683353,4.7694676909894e-19,364.124151700303,10.8213180277059,232.880657438888,6.53370209177021,20.6470402896501,13.1143430865709,137.044485079123,6.23719990435575,-9.20454975671703e-21,0.506226565876678,1.32575090500839,0.523168423069738,0.0876986125330995,2.40849814813157,0.248075901893778,5.03398496263388,10,1e-05,130.855384066527,6.20841487055903,9.44226899141176,10.6420289212943,0.859477878786138,31.5697323075369,20.0520895403966,16.3706034235029
"678",506,10,0.386,1.03751377168061e+20,0.41038995425437,4,1.07582905794668,1.80260919258694e-17,3.79145288407888,0.111930656992549,2.44124018032495,0.0684363197356482,0.215524237526901,0.138122999192344,1.40979358550963,99.7811329600345,1.67188631123043e-15,351.650163697969,10.3813590878405,226.420460779612,6.34734065639692,19.9894699273383,12.8106498383251,130.755718264781,6.14924562388234,-3.20637836458899e-17,0.489389608393495,1.27036064881822,0.508673019202406,0.0854563219994717,2.33497240839483,0.242661658780878,4.8499082267872,10,1e-05,131.866141884525,6.17952746080554,9.43596958434745,10.5829659368218,0.85319135808303,31.173425715891,19.9781106031806,15.9306675162588
"679",506,10,0.391,1.05095306924124e+20,0.402305101642262,4,1.07469438829255,2.42206613616518e-18,3.73471941452988,0.109522316543543,2.42078710706371,0.0678119506138297,0.212808115743214,0.137607080512466,1.37181132699642,97.7122379363067,2.20216561259292e-16,339.564248248916,9.957873391747,220.100270714509,6.16552717264204,19.348716683368,12.5113668957713,124.726393147134,6.06107398597198,-4.19778294767547e-18,0.473060604514867,1.2171390318866,0.494497686904347,0.0832565452863964,2.263260666506,0.237321287988992,4.67185818600032,10,1e-05,132.863845921768,6.15028194476927,9.42926318480677,10.5240868744154,0.847000093200489,30.7805658610984,19.903488125323,15.5014679950595
"680",506,10,0.396,1.06439236680187e+20,0.394310586099041,4,1.07357965413021,2.12982292722381e-17,3.67898270467746,0.107166841759487,2.40046205001562,0.0671955877811809,0.210114398734904,0.137086790981277,1.33473672834561,95.6711839175643,1.897974502389e-15,327.849572795691,9.55008656171205,213.915237114138,5.98808054188634,18.7241749671397,12.2163786750077,118.943985691064,5.97268745365641,-3.59669589790654e-17,0.457217514806796,1.16597920879089,0.480630827986785,0.0810978691020038,2.19329466549137,0.232052528073695,4.49956496239745,10,1e-05,133.849178411231,6.12067620127763,9.42216871326704,10.4653724908316,0.840899080824234,30.3909466330165,19.828233447532,15.0825250303054
"681",506,10,0.401,1.0778316643625e+20,0.386409158821985,4,1.07248469827634,8.72164731545624e-18,3.62423491384302,0.104863752034315,2.38026701216915,0.0665871881934508,0.207443541173207,0.13656208949045,1.29855953854693,93.6584476849531,7.61648115011889e-16,316.498889561486,9.15759101247626,207.865076111345,5.81495725946248,18.1157270400012,11.9257583206969,113.401217567262,5.88416283701972,-1.43512328801984e-17,0.441851332344912,1.11682114116355,0.467071173316141,0.0789806787912089,2.12506421724371,0.226856809822786,4.33291459587828,10,1e-05,134.822157284616,6.09074061705871,9.41468844083705,10.4068293888237,0.834887063776069,30.0046337952926,19.7523406238987,14.6737227855803
"682",506,10,0.406,1.09127096192313e+20,0.378597992851779,4,1.07140869341415,1.87429113060294e-21,3.57043467068771,0.102610876196581,2.36019526838025,0.0659863912706334,0.204794421813969,0.13603309825508,1.26324355990797,91.6730988722229,1.60370246374953e-19,305.497624384354,8.77970942065008,201.945733244429,5.64600325567423,17.5228550923981,11.6394198991367,108.087093635685,5.79550880414595,-3.00506530800401e-21,0.426943056878801,1.06957169015924,0.453809021423679,0.0769037671323333,2.05851106546329,0.221732420840061,4.17167240091673,10,1e-05,135.783335751812,6.06047534807522,9.40684086147997,10.3484435692857,0.82895973968908,29.6214651711724,19.6758273316147,14.2746522269601
"683",506,10,0.411,1.10471025948376e+20,0.370877444563117,4,1.07035121838924,4.90890329003969e-23,3.51756091948863,0.100407095692942,2.34024481310728,0.0653930262554177,0.202166810145526,0.135499803144216,1.22876890163513,89.715022173436,4.11455940766732e-21,294.835985110797,8.41595231705219,196.155347601834,5.48113245418793,16.9452788424284,11.3573634847387,102.993323464537,5.7067714098891,-7.66865446203896e-23,0.412480175309381,1.02416189412604,0.440839653225376,0.0748668343337735,1.99360573988703,0.216679391482563,4.0156834902237,10,1e-05,136.732954343885,6.02989732043251,9.39863373762053,10.2902123332205,0.823114730016975,29.2414074194489,19.5986915267794,13.885088588477
"684",506,10,0.416,1.11814955704439e+20,0.363246321592351,4,1.06931167377655,1.81391637524995e-17,3.46558368928505,0.0982508710465326,2.32041072165654,0.064806819935203,0.199560034566424,0.134962182460714,1.19510940575854,87.7837182625307,1.48911049922763e-15,284.502479170533,8.06577445520281,190.491028984893,5.32022960395664,16.3826153594397,11.0795406912422,98.1109155925399,5.61797704687006,-2.76092982535954e-17,0.398447865293666,0.980516405739203,0.428156085332982,0.072869147038506,1.93030672497588,0.211696838419756,3.86476617140151,10,1e-05,137.67141121013,5.9990133144305,9.39007403444308,10.2321231729034,0.817348510147896,28.8643633996875,19.5209300711176,13.5047362850715
"685",506,10,0.421,1.13158885460502e+20,0.355705721173007,4,1.06828978551377,1.12883279514262e-18,3.41448927741486,0.0961413679405962,2.30069391053869,0.0642276941824668,0.196974180239333,0.13442034170789,1.16224981795336,85.8792742186127,9.07462960664679e-17,274.489061814439,7.72875582363843,184.951616982112,5.16323177093054,15.8346544805956,10.8059831167811,93.4326735872948,5.5291776252252,-1.67399517727943e-18,0.384835869433974,0.938576080153182,0.415755250668073,0.0709106036272595,1.86859205856124,0.20678532674024,3.71879012846378,10,1e-05,138.598812759889,5.96784162312719,9.38117567322177,10.174183005356,0.811660333283861,28.4903454298171,19.4425582246292,13.133422942873
"686",506,10,0.426,1.14502815216565e+20,0.348255192954046,4,1.06728508146542,2.77555756156289e-23,3.36425407321626,0.0940773484538694,2.2810911965593,0.0636554372209856,0.194408833960073,0.133874280970927,1.13016881011233,84.0013912680935,2.18452127519515e-21,264.785883019646,7.40442108128005,179.534819185599,5.01004406526488,15.3010782320984,10.5366654625518,88.9506974902071,5.44040661812292,-4.00995692805502e-23,0.371631620569424,0.898275345781778,0.403631578220264,0.0689906312072049,1.80842780585293,0.201944420299098,3.57759953421574,10,1e-05,139.515456900746,5.93639168545126,9.37194319390751,10.1163841101678,0.80604681208542,28.119293743985,19.3635759996349,12.7709075542694
"687",506,10,0.431,1.15846744972628e+20,0.340892829107061,4,1.06629691428079,1.38777878078145e-27,3.31484571404146,0.0920572151962972,2.26159585880526,0.0630897441553097,0.191863093871977,0.133323902544535,1.09883958940894,82.1494116216713,1.06916946654706e-25,255.38161217394,7.09225166332422,174.237369196716,4.86054615024018,14.7814741489029,10.2715106856762,84.6565572192708,5.35167845229761,-1.95319778188505e-27,0.35882039823417,0.859543774627444,0.391777358674967,0.0671083336342218,1.74976924184943,0.197172743110439,3.44101705789276,10,1e-05,140.42180336078,5.90466580197793,9.36238280786615,10.0587088454789,0.800504661882523,27.7510778976427,19.2839692640416,12.416887360321
"688",506,10,0.436,1.1719067472869e+20,0.333618244413508,4,1.0653248596856,1.216860276053e-19,3.26624298647372,0.0900798367185372,2.24220528268814,0.0625304344135565,0.189336592678132,0.132769224614441,1.06824273351702,80.3230689285531,9.17484943124942e-18,246.267284720416,6.7918145981792,169.057173345674,4.71465238783103,14.2755480134681,10.0104972519308,80.5430699721362,5.26302433552467,-1.66828567005183e-19,0.346390729851355,0.822322040138461,0.38018753372122,0.0652631803538837,1.69258493649528,0.192469917199262,3.30890021545818,10,1e-05,141.318114596705,5.87267163189863,9.3525019530432,10.0011522038258,0.795031302672133,27.385644764965,19.2037406482327,12.0711428887423
"689",506,10,0.441,1.18534604484753e+20,0.326433202501275,4,1.06436876925118,2.85270179533441e-18,3.21843846253741,0.0881447293866245,2.22292131804314,0.0619774721215705,0.186829643685335,0.132210291315554,1.03836858139376,78.5226391535146,2.10454947720066e-16,237.436769409736,6.50278078318619,163.993583395122,4.57232006391257,13.783152153745,9.75366930829435,76.604503796642,5.17450215166399,-3.80939552850964e-18,0.334334891323397,0.78656410357243,0.368860327829165,0.0634552490074466,1.63686072843786,0.187836822153986,3.18115069576122,10,1e-05,142.204413709394,5.84043087767773,9.34230738709677,9.94372008885379,0.789626768796583,27.0230396626469,19.1228965358817,11.7335649697495
"690",506,10,0.446,1.19878534240816e+20,0.31933513506189,4,1.06342796591431,4.68781378135936e-17,3.17139829568586,0.086250219421581,2.20373636569897,0.061430527791465,0.184341189567919,0.13164702485633,1.00918970162406,76.7473203659871,3.38318304225476e-15,228.878992097864,6.22465595579245,159.043081695769,4.43342525096161,13.3038558189998,9.50093162463618,72.8329589056886,5.08611425824158,-6.09675417066939e-17,0.322638541906088,0.752203828766841,0.357787546600163,0.061683419210572,1.58254944024054,0.183271728570013,3.05759486481612,10,1e-05,143.081201083983,5.807937235255,9.33180380236234,9.88639241344164,0.784286502416505,26.6631096591038,19.0414256752195,11.4038436283519
"691",506,10,0.451,1.21222463996879e+20,0.312324372502935,4,1.06250214715025,9.58204235616344e-19,3.1251073575207,0.0843954891491699,2.18464916584099,0.060889483085249,0.181871096832834,0.131079416727796,0.98069161287329,74.9970415045294,6.76351412757876e-17,220.586665943882,5.95708161107396,154.204134648439,4.29790292883803,12.8374274200102,9.25228102652851,69.2224197297564,4.99789866668537,-1.21358630300474e-18,0.311292407339942,0.719192279264694,0.346965470054704,0.0599473728509713,1.52962713234501,0.17877464282247,2.93811725410502,10,1e-05,143.948647090932,5.77520227715059,9.32099593924349,9.82916828402031,0.779008901738826,26.3058354459011,18.9593268355085,11.0818152254682
"692",506,10,0.456,1.22566393752942e+20,0.305400528805061,4,1.06159093177021,2.68330864286185e-19,3.07954658858236,0.0825795541914642,2.1656568854894,0.0603541611609169,0.179419013030587,0.130507431218879,0.952857382885942,73.2715576178255,1.85203356535848e-17,212.55190539903,5.69968373119443,149.474763316766,4.16567555791336,12.3835934893325,9.00769070263531,65.7667115856733,4.90988352255192,-3.30916904125303e-19,0.300286306541422,0.687478932037994,0.336389421913936,0.0582466261240676,1.47806495323602,0.174345131315237,2.82259353289055,10,1e-05,144.806996878839,5.74223313533754,9.3098898401683,9.77203814314989,0.773792679327411,25.9511660447442,18.8765948514987,10.7672884266111
"693",506,10,0.461,1.23910323509005e+20,0.298563224658638,4,1.0606939532741,8.53806624331268e-19,3.03469766367571,0.0808014558929598,2.14675685185476,0.0598243979913136,0.176984606878088,0.129931042349766,0.925670664419625,71.5706307967881,5.76108485329265e-17,204.767101194818,5.45210156964435,144.853038503999,4.03666853012593,11.9420874574487,8.76713460310814,62.4598953902722,4.82209619216535,-1.02515851617413e-18,0.289610549817824,0.657015208341046,0.32605483795143,0.0565806402143523,1.42783481421092,0.169982777097244,2.7109034881436,10,1e-05,145.656487488526,5.70903482227881,9.29848854711147,9.71499602318252,0.768635106774602,25.5990535388467,18.7932259654701,10.4600785079418
"694",506,10,0.466,1.25254253265068e+20,0.291812087494205,4,1.05981085318216,5.95209460133404e-23,2.99054265906225,0.0790602769721195,2.12794623769251,0.0593000329985179,0.174567537863507,0.129350200469608,0.899115692466725,69.8940295360385,3.92537852030691e-21,197.224888114402,5.21398824820956,140.337058015407,3.91080941041665,11.5126473849842,8.53058515580361,59.296258928558,4.73456341338183,-6.95709480023573e-23,0.279255670761226,0.627754548668616,0.315957243890684,0.0549489334051177,1.378909216071,0.165687147123012,2.60293115157252,10,1e-05,146.497352873432,5.67561380585021,9.28679512556735,9.65803469170879,0.76353450627209,25.2494486765776,18.709212995924,10.160007324874
"695",506,10,0.471,1.26598183021131e+20,0.28514675152917,4,1.05894128638394,6.97379146725201e-19,2.94706431923948,0.0773551219764921,2.10922237317603,0.0587809090444821,0.172167485713663,0.128764862933354,0.873177237058573,68.2415289391848,4.49413200096698e-17,189.918154682377,4.9850089545371,135.924967199816,3.78802787010824,11.0950178350642,8.29801541709909,56.2703055003617,4.64731120879133,-7.93401584988712e-19,0.269212562245851,0.599652144743084,0.306092288646008,0.0533510046426894,1.33126134595268,0.161457818817411,2.49856440492282,10,1e-05,147.329819643076,5.64197423217296,9.27481246589984,9.60114710016609,0.758488871425595,24.9023051336242,18.6245497746803,9.86690277876188
"696",506,10,0.476,1.27942112777194e+20,0.278566204051481,4,1.05808483179974,2.65268157305769e-17,2.90424159253579,0.0756849664724027,2.09058068968321,0.0582668133815854,0.169783901117212,0.128174915895177,0.847838086536105,66.612748585912,1.67002120618262e-15,182.839323674334,4.76481988195966,131.614518699374,3.66824329584985,10.6889088465799,8.06937514927145,53.3764624561592,4.56035628996032,-2.93703755255702e-17,0.259471435729579,0.572662362777227,0.296454768085642,0.0517862027899728,1.28486045444468,0.157293951169515,2.39768491290105,10,1e-05,148.154191682441,5.60811796933342,9.26254234595886,9.54431837742682,0.753495942788941,24.5575434575936,18.5392198350785,9.58057037785799
"697",506,10,0.481,1.29286042533257e+20,0.272072054031104,4,1.05724142134461,1.08325374001682e-19,2.86207106719329,0.0740494758759968,2.07202424109153,0.0577577580806541,0.167417184916164,0.127580492194324,0.823091510841383,65.0079609953101,6.66074138388151e-18,175.983839211746,4.55317521834107,127.405215428379,3.55142544425515,10.2941954479356,7.84470556382764,50.6104847503007,4.47374928887906,-1.16704797291025e-19,0.250026641414377,0.546751825682287,0.28704339817626,0.0502545069436946,1.2396945713845,0.153196366182142,2.30021747384531,10,1e-05,148.970433109016,5.57406066096613,9.24999255927229,9.48756005160784,0.748555529537213,24.2152216262739,18.453242390987,9.30093407250762
"698",506,10,0.486,1.3062997228932e+20,0.265661994825381,4,1.05641048242669,6.20511785907552e-18,2.82052412132537,0.0724473437141874,2.05354470769999,0.0572534362155933,0.165066330328317,0.126981346410879,0.79891628956544,63.4264742421972,3.72552861416503e-16,169.343170582515,4.34971032230589,123.294025073414,3.43747402909514,9.91051823413685,7.62391062124663,47.9666231116848,4.38748847903675,-6.50382760120642e-18,0.240867034323562,0.5218728119995,0.277851248209675,0.048754989967716,1.19572502998069,0.149163401366348,2.20603107720523,10,1e-05,149.779006416298,5.539794792899,9.23715822085519,9.43084605327179,0.743664481070372,23.8751940186878,18.3665819448695,9.02775407208947
"699",506,10,0.491,1.31973902045383e+20,0.259336341403944,4,1.05559179399396,4.18372571978356e-19,2.7795896996908,0.0708779561930098,2.0351413701169,0.0567537556767861,0.162731280683665,0.126377473002918,0.775301636470401,61.8682489347147,2.45208219483013e-17,162.911788870749,4.15415794503423,119.2796624795,3.32633836694213,9.53768250197249,7.40698535548628,45.4404391143998,4.3016060696296,-4.2654635092566e-19,0.231985635359738,0.497989759326072,0.268875301233734,0.0472872938160963,1.15293189865337,0.145195048549549,2.11503748554738,10,1e-05,150.580033811531,5.50532790908157,9.22404331669829,9.37417537518244,0.738820962195801,23.5374524380853,18.2792376951421,8.76090849211553
"700",506,10,0.496,1.33317831801446e+20,0.253094141659429,4,1.05478497987852,2.47320204189231e-17,2.73924899597277,0.0693404014865502,2.01680991244207,0.0562585272096609,0.160411529623395,0.125768752411983,0.752232422535722,60.3329372005804,1.41465366235136e-15,156.683059394543,3.96622076362225,115.360066851624,3.21794702606453,9.17542335892187,7.19388158327908,43.0271499640762,4.21611653201413,-2.45225168103192e-17,0.223373769869646,0.475063625416199,0.260110833170027,0.0458508773167072,1.11128716544422,0.141290511599355,2.02713305982338,10,1e-05,151.373794357545,5.47065908637594,9.21064675088367,9.3175331811304,0.734024246563212,23.2019236447278,18.1911923488692,8.50022637465366
"701",50.6,10,0.001,0.0124571799540954,0.855347361938335,4,0.025061525175932,1.2471735402152,13.6117532694164,0.644222153705076,3.57281265486093,0.144940002980639,0.411161811063126,0.10076519288265,10.4878041616197,4.84460593465692,241.089251035536,2631.26765857929,124.533620646295,690.655068661955,28.0181351166741,79.4810745155152,19.4787686710683,2027.38173060982,0.118630698866709,19.0991200766068,4.56847426493902,25.9261079368891,2.23969932447062,0.190677764999932,11.2459714818179,0.446934905612982,54.6765705721,10,1e-05,11.8168478428977,3.37958230578364,4.96463183435872,11.5445644172209,1.73706472335457,59.4704443521706,14.5746774985465,118.512187026303
"702",50.6,10,0.006,0.0747430797245726,0.86499052809945,4,0.148038370903231,1.12389323627701,13.5965803608686,0.644295588716158,3.56000402882452,0.144588000412431,0.409589147945452,0.100268160995349,10.4852947626362,28.9397042296043,219.707482898271,2657.96638923292,125.951965427076,695.937566873975,28.2651986883919,80.0697057450418,19.6012081539896,2049.74782780651,0.711021470397423,17.7348151140444,4.58058657242835,25.9703075639865,2.23377556757998,0.193713552749626,11.3542702031253,0.450737155495494,55.2546036179824,10,1e-05,12.1609310122036,3.43020606850422,4.96193308389452,11.4961248569705,1.72121298704912,59.2429743588302,14.5027868063672,118.48383081779
"703",50.6,10,0.011,0.13702897949505,0.874853431639462,4,0.267312084860917,1.00430054321419,13.5806314037798,0.644383996936912,3.54633074442893,0.144217083390362,0.407917432938901,0.0997319857003634,10.4828730071726,52.8521102155955,198.567165517998,2685.1200091586,127.405590529121,701.169434457232,28.514151128951,80.6521603232677,19.7186966051248,2072.64089777103,1.30313957163326,16.3509196338396,4.59284978491214,26.0130369813344,2.22726014694639,0.196897586558928,11.4647727557655,0.454545306214105,55.8530432138457,10,1e-05,12.527124724233,3.48302533048208,4.95761270708255,11.4447833541137,1.70457699094542,59.0011775002827,14.4252344117006,118.45646498105
"704",50.6,10,0.016,0.199314879265527,0.884951021708766,4,0.382837428954034,0.888439211353295,13.5638320151149,0.644489545202713,3.53169610121187,0.143825317784941,0.406135505093919,0.0991522780097132,10.480561599263,76.5670765016779,177.68689244579,2712.75190201402,128.897220020754,706.335444527902,28.7649097942299,81.2266668218258,19.8303495988551,2096.10111514897,1.89500397270752,14.9453176303448,4.60529539417847,26.0542508010616,2.22009984345752,0.200245795660019,11.577641434985,0.458354352790199,56.4741368464866,10,1e-05,12.9178340171543,3.5382219298072,4.95146978522017,11.3902224413018,1.68708080787324,58.7434394567845,14.3413854913249,118.430346071672
"705",50.6,10,0.021,0.261600779036004,0.895300035517449,4,0.494558716981566,0.77636321919302,13.5460968087197,0.644614788278218,3.51598771351181,0.143410473997119,0.404230364672077,0.0985239484833909,10.4783880287432,100.067926734668,157.087632004257,2740.88753559713,130.429943281967,711.417247001644,29.0173609566821,81.79108592568,19.9351197742888,2120.17406539167,2.48663988495424,13.5155415327044,4.61796000206014,26.0938975816081,2.21223267520308,0.20377671584077,11.693060726791,0.462158139841373,57.1205174657956,10,1e-05,13.3358488671396,3.59600048111891,4.94327052171251,11.3320740455121,1.66863750495524,58.4678799461691,14.2505039086377,118.405784724799
"706",50.6,10,0.026,0.323886678806481,0.905918241051555,4,0.602397614439628,0.668148983521479,13.5273298969539,0.644762840341412,3.49907513386663,0.142970006448189,0.402186893656019,0.0978410882831992,10.4763875540035,123.333395126817,136.795167532149,2769.5520088402,132.007146517154,716.391973871011,29.2713249088161,82.342748180116,20.0317420116194,2144.90963232237,3.07802186574499,12.0588377032141,4.63088536218146,26.1319175278667,2.20358622738491,0.207511721461758,11.8112302607911,0.465948613083391,57.7952400785106,10,1e-05,13.7843847237155,3.65658668487224,4.93274087267917,11.2699125611518,1.64914849463343,58.1723122984066,14.1517350092819,118.383179360239
"707",50.6,10,0.031,0.386172578576958,0.916829106660408,4,0.706293678825689,0.563854586070342,13.5074132423828,0.644937457261101,3.48079893635453,0.142500792358358,0.399986539120939,0.0970965289952885,10.4746023852889,146.346436187069,116.832574993914,2798.78165328533,133.633219811112,721.233298117828,29.5266455593268,82.8785621024872,20.1187288101184,2170.37299854118,3.66931241671834,10.571475467571,4.64412444023844,26.1682494943915,2.19407169314399,0.211477312377683,11.9324178870468,0.469717033775411,58.5021612085009,10,1e-05,14.2673773219725,3.72025699649191,4.9195538598073,11.2032169606964,1.62849294587074,57.8540530184526,14.0440419538785,118.363006953764
"708",50.6,10,0.036,0.448458478347436,0.928057075674282,4,0.806147095691432,0.4635772123289,13.4862154009997,0.645143498745466,3.46097048903151,0.141999220761093,0.397607315094635,0.0962817685966606,10.4730910287758,169.082016659099,97.2311013172421,2828.61094369414,135.312977476934,725.907062136299,29.78304423427,83.3945157576351,20.1942247126316,2196.63552875658,4.26057177665895,9.0493185358426,4.65773828193874,26.2028209896915,2.18358265994862,0.215704420500915,12.0569113421437,0.473451271371251,59.2458293470698,10,1e-05,14.7894185244828,3.78731636627599,4.9033159927731,11.131371560015,1.60653186625537,57.509922055288,13.926195009821,118.345928625166
"709",50.6,10,0.041,0.510744378117913,0.939626737873681,4,0.901809648568012,0.367462102343404,13.4635875443124,0.645386925256979,3.4393679532142,0.141461142464447,0.395023281862817,0.0953868169997316,10.4719282587898,191.504367568335,78.032650932873,2859.06878682062,137.051555341492,730.369192391061,30.040071833524,83.8854229249267,20.2559288347562,2223.77305632617,4.85170353858354,7.48782566699337,4.67179496543006,26.2355280375398,2.17199213401092,0.220229128249152,12.1850107063917,0.477134813589663,60.0315703335362,10,1e-05,15.3558706952625,3.85809791888801,4.88355937111648,11.0536588876715,1.58310710894676,57.1361674886379,13.7967492108412,118.332789324324
"710",50.6,10,0.046,0.57303027788839,0.951575237555864,4,0.993175787771509,0.275610908474709,13.4393348092805,0.645675456558345,3.41570274155961,0.140881102952831,0.392200552392076,0.0943987931649108,10.4712100764378,213.58841587745,59.2717805492867,2890.20963630385,138.856383366621,734.567381384675,30.2973269961408,84.3450834415189,20.3010272109804,2251.89659281231,5.44305332570688,5.88021449227028,4.68638740973551,26.2662592307003,2.15913344915299,0.22509920470392,12.3171731321961,0.480749469210011,60.8666041500716,10,1e-05,15.9737099364668,3.93304454568888,4.85969435935077,10.9691381122156,1.55800985486595,56.7278878979898,13.6538414433727,118.324673863748
"711",50.6,10,0.051,0.635316177658867,0.963937211506734,4,1.08004281569233,0.188222017622681,13.4132416665102,0.646019179655939,3.3896295402272,0.140252794092763,0.389098455516468,0.0933022626807621,10.4710697031066,235.287121974994,41.0041307393716,2922.07214585768,140.735155415535,738.430150632726,30.5540445171002,84.7650245279393,20.3258801789624,2281.12054322978,6.03459579827979,4.21925276649229,4.70161847265387,26.2948423198557,2.14480264757702,0.23037077469738,12.4538549621029,0.484268252885318,61.7594816505604,10,1e-05,16.6511518432814,4.0126294281166,4.83099867981762,10.8766915230183,1.53100099718106,56.2792006059019,13.4952392741454,118.323087645105
"712",50.6,10,0.056,0.697602077429344,0.976759226463211,4,1.16220524011928,0.105495378474509,13.3850309297948,0.646431590221491,3.36069589321518,0.139567996375122,0.385663449150217,0.09207713069165,10.4716871316577,256.554000240671,23.2878500459703,2954.71325532098,142.698212525905,741.8655029539,30.809298168315,85.1342750923647,20.3258042505481,2311.5996470811,6.6266019474195,2.49494289928739,4.71762138874768,26.3210408577693,2.12872767024416,0.23611779783874,12.5956840236914,0.48765713181762,62.721670870916,10,1e-05,17.3989092049372,4.09746188477881,4.79654342962035,10.7748550896203,1.50176833450949,55.7823612850874,13.3180361832403,118.330064587732
"713",50.6,10,0.061,0.759887977199821,0.990096159621521,4,1.23939502773282,0.0276921417738428,13.3543584752671,0.646931353766189,3.32830884342542,0.138816124270535,0.381825077893788,0.0906971508141932,10.4733181920647,277.329178129973,6.19644160816667,2988.19438316906,144.758480252,744.748151683626,31.0617364066389,85.4378407789811,20.2945515604027,2343.52781922338,7.21937658091954,0.694391176442483,4.73456221429472,26.3444961574211,2.11054363489547,0.242436713156176,12.7434464303492,0.490869015060804,63.7683736477913,10,1e-05,18.2308618768269,4.1882912667618,4.75511396354262,10.6617117103595,1.46991045215492,55.2271792665575,13.1184358937649,118.348495570331
"714",50.6,10,0.066,0.822173876970299,1.0028473086909,4,1.26174024841339,2.00130679115724e-17,13.0870124235879,0.62776031769819,3.37860463488963,0.137783253183002,0.387116429521159,0.0950092313483549,10.1420498353165,285.96521559977,4.53583159239172e-15,2966.0861924427,142.277790394086,765.738751741909,31.2276776080187,87.7374193059439,21.5332239426186,2298.6295883221,7.5640553801489,5.57875557284786e-16,4.61018003994279,25.2199943851328,2.12433640658964,0.247736996061453,12.7329653334682,0.506761116167803,61.5991334815651,10,1e-05,19.9441989198915,4.34763603289896,4.9778684462922,10.9123829759559,1.47809488452893,55.9925203659405,13.7421352222261,114.605163139077
"715",50.6,10,0.071,0.884459776740776,1.01112988302266,4,1.2539723778465,1.83773280778568e-17,12.6986188907295,0.598893384912973,3.46509573087891,0.136579110092093,0.395850199870138,0.102283968642181,9.64677765024914,286.55194128198,4.19950162325691e-15,2901.82938557838,136.856333600002,791.827576071854,31.2104236320311,90.4578483813567,23.3734572581071,2204.43680549149,7.73971869777149,5.85082474842104e-16,4.40979611631997,23.5344378488286,2.14569852883623,0.251341020718599,12.5914550448331,0.52759679349669,57.8085433970107,10,1e-05,22.2108192516807,4.53960005295354,5.34600971934323,11.3414981283548,1.50335927344274,57.2557729092168,14.794353224405,109.008587447815
"716",50.6,10,0.076,0.946745676511253,1.01540665385442,4,1.24663956493386,3.19576028688995e-17,12.3319782395558,0.572389550367884,3.53494116103101,0.13532643013771,0.402211486439533,0.108908567631122,9.19143155671104,286.081220677396,7.33369154631579e-15,2829.96584367702,131.353043717105,811.205027352214,31.0549668185483,92.3002576267476,24.9925454369733,2109.2672120158,7.89370525949173,1.16552243044411e-15,4.22005505174888,21.9921014383223,2.15375012063445,0.254053187415881,12.415228774444,0.545144745135181,54.3891380136423,10,1e-05,24.5528144397626,4.72422647414017,5.69346802358094,11.7179862918295,1.51992359133274,58.1758693986141,15.7525352221654,103.863176590835
"717",50.6,10,0.081,1.00903157628173,1.01642972301917,4,1.23971394280804,2.16204649072024e-17,11.9856971337399,0.54805395906408,3.58983250405512,0.134023082247895,0.406547452367293,0.114866744732222,8.77282261024769,284.778554489571,4.96650439352117e-15,2753.27185283157,125.8951834413,824.631615458718,30.7868600270331,93.3892826552668,26.3863980182965,2015.23243021765,8.02976432181985,9.07521563827231e-16,4.04088404412961,20.5844466300794,2.15071083125508,0.255979391215941,12.2119818002756,0.559524031740025,51.2996044452834,10,1e-05,26.9577094302072,4.90072015352344,6.01858259161188,12.0437057798912,1.52903711060761,58.8030235104053,16.6143259580686,99.1328954957989
"718",50.6,10,0.086,1.07131747605221,1.01482033814837,4,1.23316161402909,6.85123389458541e-19,11.6580806997711,0.525667907112616,3.631553015518,0.132669363290023,0.409185501525029,0.120172366527664,8.3873481005972,282.824871867773,1.5713263584659e-16,2673.77377192601,120.561617214448,832.894492181844,30.4276383941956,93.8464477992071,27.5614597296668,1923.63322444924,8.15082488747528,3.33193077869619e-17,3.8718516764683,19.3001178292714,2.13861578858853,0.257207034495892,11.9883237655022,0.570942491878169,48.4991500630686,10,1e-05,29.413767373456,5.06850676335312,6.32073220288889,12.3217406476592,1.53189744836225,59.1845909405803,17.3817310945613,94.7770335367483
"719",50.6,10,0.091,1.13360337582268,1.01108593971747,4,1.22695318652587,1.81355879057701e-23,11.3476593392353,0.505031237584084,3.66181444683524,0.131269238688932,0.410417645762757,0.124855153997873,8.03171074827877,280.365456122855,4.14408017444778e-21,2593.00169029261,115.4023762573,836.74445683717,29.9957328316098,93.7826574956434,28.5300797001231,1835.2894569385,8.25900821151828,1.03104882519215e-21,3.71247607739187,18.1279083776261,2.11926459886135,0.257808864344641,11.7499409379408,0.579649759116762,45.9522746287503,10,1e-05,31.9076319269989,5.22706194734277,6.5998116575043,12.5556967041137,1.52960849261587,59.3628082831252,18.0590494742523,90.7583314555501
"720",50.6,10,0.096,1.19588927559316,1.00563942704188,4,1.22105947361865,6.1789325811106e-17,11.0529736917739,0.485950764442766,3.68223806878715,0.129828620788081,0.410499868716695,0.12895888308435,7.70271401933971,277.515694172066,1.40431387785526e-14,2512.05918549403,110.444222121402,836.878854670284,29.5067362399898,93.2961567276079,29.3090670291009,1750.63055835524,8.35590424615769,4.15603892171806e-15,3.56215626013934,17.056443078296,2.09420263290597,0.257847979529352,11.5014688941163,0.585923714692156,43.6267216127019,10,1e-05,34.4267547585698,5.37607066181876,6.85635646857763,12.7496755815011,1.52316020148774,59.3747010111828,18.6526128493203,87.0406684185387
"721",50.6,10,0.101,1.25817517536364,0.998815142628538,4,1.21545362675586,5.31540619480609e-16,10.772681408462,0.468250143519116,3.69430173591948,0.128354830345394,0.409650611612687,0.13253434856749,7.39742912807729,274.367048190036,1.19985845243021e-13,2431.74131375156,105.699145457983,833.92294045221,28.9738210883403,92.4713428988694,29.9172730244816,1669.83811589978,8.4426861133338,4.29879857505304e-14,3.4202605158195,16.0749864042363,2.06472733719951,0.25738086073113,11.2466280354556,0.590047124538646,41.494232755959,10,1e-05,36.9593503527652,5.515393458592,7.09132388160316,12.9079297523308,1.51342044755198,59.2518644636591,19.1697681768018,83.5909491472734
"722",50.6,10,0.106,1.32046107513412,0.990883328542005,4,1.21011142090519,7.75568430472763e-17,10.5055710539676,0.451771911580704,3.6993205882448,0.126855827003111,0.408052991689262,0.135634863269829,7.11323025676773,270.99190657963,1.73680509105163e-14,2352.61371840694,101.169635740485,828.42449210822,28.4080472479089,91.3792368976068,30.3740214009915,1592.93416781365,8.52022723645294,7.71289307984977e-15,3.28616379232962,15.1737112860215,2.03190884376764,0.256458930251574,10.9883509793014,0.592293295628412,39.5303875377223,10,1e-05,39.494705257708,5.64504973546868,7.30595393577421,13.0346464594242,1.50113132950648,59.0207847179348,19.6182266233481,80.3795019014754
"723",50.6,10,0.111,1.38274697490459,0.982062318030014,4,1.20501120382204,8.88178419256036e-25,10.2505601989599,0.43637752248019,3.69844349415809,0.125339588806056,0.405858529863918,0.13831300223374,6.84779692004502,267.447517713539,1.97127721935972e-22,2275.07169368188,96.8522822054582,820.855049960558,27.8186308899798,90.0787113104732,30.6980291947428,1519.84170957379,8.58919175730504,1.1219558977842e-22,3.15926885665965,14.3438002373993,1.9966176921623,0.255129733129902,10.7289175508271,0.592916811599908,37.7142625574256,10,1e-05,42.023369551442,5.76519384471244,7.50165031490901,13.1337946787459,1.48691597555825,58.7033777595171,20.0055926430882,77.3801051965087
"724",50.6,10,0.116,1.44503287467507,0.972528714716854,4,1.20013377058283,1.33225415054383e-19,10.0066885235725,0.421946499108709,3.69265856040306,0.123813668176364,0.403191206320718,0.14061845848074,6.59910161114096,263.779189066865,2.92818124175235e-17,2199.38497581882,92.7402495393879,811.614925301956,27.2131905521621,88.617995801019,30.9067404443331,1450.42637264616,8.65010243152963,2.24758624030328e-17,3.03901934064757,13.5774564433303,1.95955386963423,0.253437403483905,10.470075423019,0.592148478525373,36.0280548157229,10,1e-05,44.5372310495768,5.87609095149681,7.67988533071935,13.2090266650031,1.47128790559941,58.3175760822287,20.3390538346543,74.5698482058929
"725",50.6,10,0.121,1.50731877444555,0.962425619800832,4,1.19546210110077,8.32394842706022e-21,9.77310505889219,0.408374577249888,3.68280824594022,0.12228492550922,0.400151963419388,0.142596983066404,6.365381273405,260.022797913671,1.81052695664741e-18,2125.73039277235,88.8248151702615,801.040955967698,26.5979728209653,87.0363293183039,31.0160116969273,1384.52255991554,8.70338584398579,2.04448333179406e-18,2.92490438272397,12.867838550338,1.92127653845304,0.251422923919378,10.2131506211179,0.590193807154781,34.4566357217836,10,1e-05,47.0294697282322,5.97808439110299,7.84213100980006,13.2636336820945,1.45466516217133,57.8779799889803,20.6252276307247,71.9288083894765
"726",50.6,10,0.126,1.56960467421602,0.951869305492783,4,1.19098109702599,4.79273047952341e-16,9.54905485767883,0.395572021306044,3.66960209099085,0.120759426439628,0.396822196240514,0.144289598318351,6.14511043303621,256.206787027944,1.03102398544852e-13,2054.21620070102,85.096427533609,789.413840195709,25.9780652511558,85.3653682447447,31.0399337814933,1321.95129201596,8.74940826933364,2.05459720729648e-13,2.81645913250091,12.2089806835551,1.88222765577104,0.249124297718742,9.95913217284139,0.587232509659238,32.9871831719289,10,1e-05,49.4945213908259,6.0715793431949,7.98981784148775,13.300539823121,1.43738371423433,57.3963624642279,20.8700475007662,69.4397478933092
"727",50.6,10,0.131,1.6318905739865,0.940954541852033,4,1.18667737490067,2.65475236740579e-16,9.3338687429504,0.38346133544535,3.65364036068576,0.119242208116453,0.393268263529159,0.145733102776943,5.93696650320293,252.353739231439,5.64548293258258e-14,1984.90063820096,81.5452488579002,776.967545119944,25.357538391527,83.6307482738895,30.9909788400906,1262.52992469875,8.78849150871219,3.80503007865561e-13,2.71326458195378,11.5956779656367,1.84275811643374,0.246576534917266,9.70876129571245,0.583421810542292,31.6087696722842,10,1e-05,51.927874945093,6.1569960272174,8.12426926834926,13.3222725938413,1.41970806620813,56.8823216368576,21.078835985657,67.0877214861931
"728",50.6,10,0.136,1.69417647375698,0.929758835268333,4,1.18253893763501,6.59541535990002e-18,9.12694688333856,0.371976101997024,3.63541808410491,0.117737648409037,0.389542623580016,0.146959113445706,5.73980807142751,248.481581721185,1.38586492890772e-15,1917.80424786079,78.161663218932,763.894030891524,24.7396818605562,81.8528372930906,30.8798567177523,1206.08002237685,8.82093704362842,-7.79942618033567e-15,2.61494122716197,11.0234167892538,1.80313915192982,0.24381169946143,9.46256357951052,0.578895102375702,30.3121266138092,10,1e-05,54.3260954134984,6.2348016027703,8.24675142320923,13.3310615003627,1.40184760245054,56.3434450746135,21.2561661687869,64.8598312071309
"729",50.6,10,0.141,1.75646237352746,0.918345809995147,4,1.17855507194601,1.37338085741374e-20,8.92775360672958,0.361058741028325,3.61535178955569,0.116249200808299,0.38568800904309,0.147995580693121,5.55264236694003,244.604571350454,2.85039913640961e-18,1852.92091653447,74.9363527287197,750.352355876906,24.1270744239343,80.0480625578407,30.7159134425758,1152.42956257029,8.84702516173729,-5.95070256773333e-18,2.52114823352627,10.4882532877585,1.76358441851955,0.24085920786596,9.22091803800758,0.5737679668661,29.0893024321412,10,1e-05,56.6865434085011,6.30544497669471,8.3583951804624,13.3288001237232,1.38396310213267,55.7859136279925,21.406080791453,62.7448587464224
"730",50.6,10,0.146,1.81874827329793,0.906767895811127,4,1.17471612784545,5.63898237145533e-18,8.73580640382619,0.350659364812001,3.59378800844069,0.11477965975609,0.381738721169593,0.148866641326415,5.3746047605552,240.73404094133,1.15559408856261e-15,1790.22482676845,71.860463889212,736.473339431536,23.5217433863221,78.2295422294757,30.5071729913173,1101.41530519719,8.8670229451572,-1.52461457529696e-15,2.43157809844547,9.98674657388628,1.72425967921341,0.237745538937404,8.98408299429063,0.568138810129347,27.933459154214,10,1e-05,59.0072896522386,6.36937589438367,8.46024205346887,13.3171206757862,1.366178246204,55.21468862997,21.5320710014527,60.7330337942738
"731",50.6,10,0.151,1.88103417306841,0.895068439962505,4,1.17101337865084,2.16956437023857e-17,8.55066889596151,0.340734558751053,3.57101463918322,0.113331197580043,0.377722305051697,0.149593147028167,5.2049397219871,236.878988668955,4.38871342756494e-15,1729.67605447179,68.9256494870315,722.364365492,22.9252542770535,76.4077330366959,30.2605196711458,1052.88366461508,8.88118851314106,-4.31662208279076e-15,2.34595297680399,9.51588157997372,1.68529250873685,0.234494824794502,8.75222466211616,0.562091542510296,26.8386922503777,10,1e-05,61.2870180894665,6.4270276475928,8.55322578338858,13.2974164214245,1.34858637618541,54.6337542026774,21.6371527861541,58.8158188584543
"732",50.6,10,0.156,1.94332007283889,0.883283406633447,4,1.1674388915656,0,8.37194451731328,0.331246340417818,3.54727149632049,0.111905464806926,0.37366092435495,0.150193109779115,5.04298329258343,233.046544666328,0,1671.2247261881,66.1240734957995,708.113607644353,22.3387982796767,74.5909596869498,29.9818564548363,1006.69066247272,8.88977079046859,0,2.26402120652171,9.07300912552523,1.64678073280392,0.23112867205508,8.52543822151057,0.555697654524846,25.7998648027828,10,1e-05,63.5248965104781,6.47881948699553,8.63819129133791,13.2708771764279,1.3312571069877,54.0463160987,21.7239313984511,56.9857112061928
"733",50.6,10,0.161,2.00560597260936,0.871442750253331,4,1.16398543378971,1.54465708784461e-17,8.19927165779045,0.322161380064871,3.5227572394832,0.110503651534989,0.369572364036457,0.150681978769687,4.88815082932923,229.242346894894,3.0421412990749e-15,1614.81426063984,63.4484149896256,693.793164138517,21.7632589575112,72.7858215573835,29.6762222663435,962.702054134211,8.89301268590679,-2.05407535749396e-15,2.18555466075825,8.65579219398645,1.60879793959643,0.2276665219291,8.30376655081473,0.549017874569627,24.8124959438589,10,1e-05,65.7205182059271,6.52514664895654,8.71588914231262,13.238513906451,1.31423972471373,53.4549467342331,21.7946414092475,55.2361043714203
"734",50.6,10,0.166,2.06789187237984,0.859571484181669,4,1.16064638429123,2.77962682097665e-18,8.03231923964864,0.313450190706817,3.49763809636288,0.109126604700668,0.365470979205127,0.15107313641788,4.73992332293008,225.470828945099,5.39979077147044e-16,1560.38368087554,60.8918231152923,679.462213134344,21.1992785699747,70.9975456366735,29.3479441804974,920.79246118522,8.8911482696298,-3.19539749318485e-16,2.11034535750744,8.26216042263871,1.57139948729693,0.224125778779434,8.08721110550149,0.542104053997862,23.8726390737583,10,1e-05,67.8737824220026,6.5663828408088,8.78699706467147,13.2011930872221,1.29757003908091,52.8617224322296,21.8512184514821,53.56113354911
"735",50.6,10,0.171,2.13017777215032,0.847690588958494,4,1.15741566808648,2.13235424672195e-17,7.87078340432576,0.30508664290994,3.47205217579858,0.107774846346425,0.361368285190041,0.151378128999065,4.5978394796224,221.735463473104,4.08512317763445e-15,1507.86951842455,58.4479111786435,665.169065558195,20.6472973921945,69.2302397578288,29.0007302638234,880.845227950406,8.88440522647517,-2.16713237455479e-15,2.03820373512921,7.89027409151733,1.53462571691102,0.220522005835444,7.87574265716653,0.535000442924875,22.9768122437735,10,1e-05,69.9848584537122,6.60287795396672,8.85211554776122,13.1596492778281,1.28127129867864,52.2683087698876,21.8953325784247,51.9555861197331
"736",50.6,10,0.176,2.1924636719208,0.835817645500796,4,1.1542876680995,7.60805268908788e-21,7.71438340596541,0.297047394697655,3.44611451073761,0.106448651366151,0.35727351260992,0.151606918361126,4.46148617141519,218.038924221826,1.43712149890931e-18,1457.20681711936,56.1107046126648,650.95306952693,20.1075954202597,67.4871043807294,28.6377566854475,842.751483993213,8.8730036974571,-6.95011413080023e-19,1.9689558685162,7.53848963731864,1.49850512779192,0.216869027233546,7.66930808767103,0.527744737051125,22.1219175539521,10,1e-05,72.0541293538735,6.63495871728006,8.91178448286661,13.1145102481438,1.26535792071654,51.6760408638988,21.9284246717533,50.4147937369917
"737",50.6,10,0.181,2.25474957169127,0.823967473929695,4,1.15125719904755,2.84837734041706e-18,7.56285995235797,0.289311545956417,3.41992107730952,0.105148106319271,0.353194058684143,0.151768125117866,4.33049251843764,214.383257868225,5.30415283727938e-16,1408.33043800203,53.8746266362912,636.846243230779,19.580328018838,65.7706140930547,28.2617517008695,806.409805771202,8.85715634799772,-2.36882181671034e-16,1.90244215074416,7.20533552582196,1.46305699214071,0.213179199574932,7.46783743292951,0.520369173529765,21.3051886356066,10,1e-05,74.0821357946219,6.66293083613581,8.96648549226135,13.0663146982783,1.24983745532371,51.0859886480745,21.9517416170481,48.9345654583454
"738",50.6,10,0.186,2.31703547146175,0.812152569185119,4,1.14831945564974,4.02057865062814e-18,7.41597278248757,0.281860259390934,3.39355226921848,0.103873123864731,0.349135855006841,0.151869269723565,4.20452377486945,210.769994730169,7.37963061442378e-16,1361.17570471675,51.73445864231,622.874575868811,19.0655463180218,64.0826574502895,27.8750699744951,771.725541626993,8.83706807001894,-3.07462412402085e-16,1.83851556898485,6.88948756177847,1.42829342070737,0.209463466479916,7.27124773636791,0.512901443021224,20.5241413886662,10,1e-05,76.069540564073,6.68707623512122,9.01665025774067,13.0155208024385,1.23471224359298,50.4990100681894,21.9663711728165,47.5111186560248
"739",50.6,10,0.191,2.37932137123223,0.80038348576098,4,1.14546997012528,8.90627946545271e-18,7.27349850607913,0.274676515288804,3.36707488455178,0.102623490857751,0.345103597291224,0.151916857246131,4.0832769720378,207.200245940287,1.61102721484083e-15,1315.67890788187,49.6853195685582,609.058956038971,18.5632212974131,62.4246397535843,27.4797340871636,738.610365102816,8.81293668827107,-6.31352367726545e-16,1.77704049386742,6.58975098422927,1.3942205365061,0.205731518334665,7.07944713115557,0.505365220518493,19.7765372111445,10,1e-05,78.0171088845813,6.70765671443714,9.06266388335936,12.962522234344,1.21997995580347,49.9157843122026,21.9732542320804,46.1410297840271
"740",50.6,10,0.196,2.4416072710027,0.788669149436661,4,1.14270457975827,5.62525586185327e-18,7.13522898781741,0.267744864708217,3.34054465172916,0.101398899371083,0.341100975557124,0.15191655630783,3.96647660899635,203.674781868426,1.0026412608405e-15,1271.77770476985,47.7226379256947,595.41609906438,18.0732615209021,60.7975744758114,27.0774896821933,706.98172776593,8.78495239346356,-3.72100197515437e-16,1.71789123952016,6.30504427773256,1.36083992746632,0.2019919593546,6.89233684765709,0.497780828730049,19.0603482077344,10,1e-05,79.9256744750995,6.72491660606648,9.1048738859059,12.9076577674545,1.20563577530346,49.3368451045824,21.9732107043645,44.8211856816588
"741",50.6,10,0.201,2.50389317077318,0.777017114503311,4,1.14001940339633,1.56879429809147e-18,7.00097016957157,0.261051214446914,3.31400829561097,0.100198953486916,0.337130912283224,0.151873344014796,3.85387128932847,200.194096730886,2.75489484238015e-16,1229.41144261384,45.8421250734905,581.959302904822,17.595524187512,59.2021664399126,26.6698503832141,676.762412451663,8.75329785926702,-9.73669155606209e-17,1.66095128992528,6.03438438596947,1.32814971474285,0.198252385377988,6.70981441204735,0.490165808968243,18.3737297131136,10,1e-05,81.796119163276,6.73907978170841,9.14359080213962,12.8512166360132,1.19167241761351,48.7626151526456,21.9669604783001,43.5487455694118
"742",50.6,10,0.206,2.56617907054366,0.76543262165063,4,1.13741055142571,7.86084906597432e-19,6.87052758195513,0.254582051801166,3.28750182789546,0.0990230879900334,0.333195239512199,0.151791540207006,3.74522033894997,196.758117701218,1.35983076982691e-16,1188.51726225443,44.039582057792,568.697618274441,17.1297834167784,57.6387022885011,26.258080423698,647.877323930594,8.71814505969433,-4.59883161378856e-17,1.60610687826113,5.77685093733291,1.29614191439453,0.194519134545779,6.53175683936662,0.482534439027376,17.714934627512,10,1e-05,83.6295448717899,6.75035591090177,9.17909838754331,12.7934434646898,1.17807966812946,48.1933594430445,21.9551283755413,42.3209898301347
"743",50.6,10,0.211,2.62846497031414,0.753924547445811,4,1.13487539532739,1.55912682843706e-17,6.74376976600179,0.24832746416315,3.26106540422363,0.0978711489795591,0.329296834542352,0.151674984622233,3.64034460583405,193.367954655487,2.65654861410048e-15,1149.05034657403,42.3117586544905,555.642980549931,16.6759663447459,56.1078825324358,25.8434376756779,620.267206047054,8.67967364388077,-8.63184709632212e-16,1.55327320194395,5.53170103800063,1.26481907481908,0.190799239553107,6.35811052574588,0.474902004969968,17.0826153170114,10,1e-05,85.4263492903572,6.75893404576209,9.21163765678602,12.7345696103332,1.16485142853336,47.6294941482057,21.9382697757598,41.1358940459248
"744",50.6,10,0.216,2.69075087008461,0.742494006289147,4,1.13240997442506,7.83661938027706e-18,6.62049872127395,0.242274656358619,3.23471797628424,0.0967422587236245,0.325435785555855,0.151527014863187,3.53901751596414,190.02252182002,1.31501329979007e-15,1110.94381993714,40.6545705301804,542.797468330458,16.2337036801193,54.6093111668323,25.4267854738574,593.860040388783,8.63803395299458,-4.11961777813196e-16,1.5023399090526,5.29810957765246,1.23416313419376,0.187096768884198,6.188715937074,0.467277463470064,16.4751611870731,10,1e-05,87.1880248867178,6.76499482057419,9.24144653540256,12.6747635617058,1.15197281250066,47.0710320227989,21.9168674298114,39.9908979303947
"745",50.6,10,0.221,2.75303676985509,0.73114601902947,4,1.1300115468875,4.61902816515299e-18,6.50057734442005,0.236414227199772,3.20848412364397,0.0956359836092786,0.321613355091736,0.15135057312122,3.44107024593374,186.721978335893,7.63243596370473e-16,1074.14890176909,39.0648505593435,530.166709071469,15.8027943243675,53.1430692786997,25.0090173974823,568.599007402438,8.59338472503264,-2.31233335682915e-16,1.45322415042924,5.07541337109934,1.20416729789406,0.183416694273311,6.02348436119568,0.459671214898986,15.891331964228,10,1e-05,88.9153466898771,6.768702812287,9.26872819744699,12.614191730194,1.13943421421811,46.5181556804687,21.8913468962532,38.8840937790512
"746",50.6,10,0.226,2.81532266962557,0.719883843924461,4,1.12767729573395,1.38779357250554e-21,6.38386478683515,0.23073687029529,3.18238224870987,0.0945517568027726,0.317830152015334,0.151148290018271,3.34633650548966,183.466046597201,2.25785338770062e-19,1038.61489353604,37.5394463978597,517.753697924641,15.3829797629599,51.7089788898242,24.5908819167374,544.428030579881,8.5458741672603,-6.63281995284885e-20,1.40584347152721,4.86297826224933,1.1748207854765,0.179762979519516,5.86231080861059,0.452091674271102,15.3299203631186,10,1e-05,90.6092602078187,6.77020967229578,9.29366882258073,12.5529930819328,1.1272238469763,45.9709531874979,21.8620886682427,37.8136025120331
"747",50.6,10,0.231,2.87760856939604,0.708710218440652,4,1.12540456396314,0,6.27022819747115,0.225233963546623,3.15642708552351,0.0934889992981712,0.314086508083178,0.150922467209623,3.2546621827734,180.254371445456,0,1004.29310378357,36.0753882002162,505.560221215779,14.9739936598555,50.3067678121533,24.1730266030439,521.294390309873,8.49564469548595,0,1.36012040149318,4.66021938277055,1.14611199544964,0.17613913314599,5.70509169514418,0.444546064993541,14.7898092968564,10,1e-05,92.2707090524481,6.7696565631296,9.31643679482002,12.4912865923488,1.11533014866477,45.4294725291509,21.8294256571998,36.7776826653394
"748",50.6,10,0.236,2.93989446916652,0.697627433297191,4,1.1231908474808,2.75743093906747e-17,6.15954237517701,0.219897480875761,3.13063075792472,0.092447134756279,0.310382568819953,0.150675157771896,3.16590387692347,177.08653705499,4.34747039884594e-15,971.136856670485,34.6698724288439,493.587141457011,14.5755665578688,48.9360952306879,23.7560179286409,499.148435433566,8.44283245657864,-1.20893765201573e-15,1.3159821813467,4.46659578770563,1.1180289090278,0.172548195156188,5.55172541731784,0.437040652857086,14.2699602092453,10,1e-05,93.9006183910044,6.76717410683986,9.33718608061049,12.4291764012365,1.10374163169051,44.893734754118,21.793654820127,35.7747138092352
"749",50.6,10,0.241,3.002180368937,0.686637395546847,4,1.12103377985255,4.90073095719596e-17,6.05168899352783,0.214719950055889,3.1050027416334,0.0914255801366694,0.306718301542996,0.150408164836522,3.079928132027,173.962079571466,7.60495681803814e-15,939.101409033656,33.3202528849013,481.834485023901,14.1874262242969,47.5965617967959,23.3403467493466,477.943405816505,8.38756826408375,-2.06347300393489e-15,1.27336037203426,4.28160639526877,1.09055908921252,0.168992803340949,5.40211263947729,0.429580820800751,13.7694075076868,10,1e-05,95.4999037214883,6.76288324234474,9.35605521308,12.3667510939466,1.09244673603153,44.3637351351789,21.7550369619545,34.8031878919051
"750",50.6,10,0.246,3.06446626870748,0.675741677561249,4,1.11893113311875,5.55111504765483e-25,5.94655665594419,0.209694360436348,3.07955144766746,0.0904237834842966,0.30309358485833,0.150123178243896,2.99660983624951,170.880498619033,8.47753073588135e-23,908.143974510567,32.0240234705844,470.301765072553,13.8093049263437,46.2877306527898,22.9264543574626,457.635119650095,8.329976022809,-2.24814276506446e-23,1.23219045320831,4.10478556735416,1.06369024837643,0.165475242303653,5.25615585631793,0.422171359168785,13.2872464000812,10,1e-05,97.0694371014806,6.75689607907136,9.37317563428665,12.3040924597427,1.0814349606628,43.8394561139088,21.7138165011971,33.8616911496195
"751",50.6,10,0.251,3.12675216847795,0.664941572381984,4,1.11688078502137,3.81231810499668e-20,5.84403925120703,0.204814203957098,3.05428199417115,0.0894411584370863,0.299508108300727,0.149821571849707,2.9158328392023,167.841265170306,5.72902947705436e-18,878.223490619678,30.7788222145398,458.987710204685,13.4409306630618,45.0091186992685,22.5147056931215,438.182014875898,8.27017668177382,-1.48707507437773e-18,1.19241163790018,3.93570112921071,1.03740946088892,0.161997470640804,5.11376073642838,0.414816187497855,12.8226377786454,10,1e-05,98.6101095393204,6.74931679472104,9.38865930892962,12.2412635418228,1.07069479463569,43.3208527846172,21.6701921523416,32.948911082986
"752",50.6,10,0.256,3.18903806824843,0.654237055341087,4,1.11488054144729,0,5.74402707027694,0.200072866541434,3.02919694262618,0.0884770665909087,0.29596119598924,0.149504658558722,2.837479890926,164.843532723542,0,849.297910514189,29.5822887714963,447.889712640987,13.0820044656337,43.7601045871851,22.1053961920026,419.542894384948,8.2082778806542,0,1.15396271712459,3.77393393629407,1.01170175257372,0.158560814702354,4.97482122185497,0.40751815033932,12.3747462939206,10,1e-05,100.122905125689,6.74024051740763,9.40261653898361,12.1783188244406,1.06021503363344,42.8078273878836,21.6243538139335,32.0635227674638
"753",50.6,10,0.261,3.25132396801891,0.64363110121597,4,1.11292890283175,1.20612546161501e-17,5.64644513402831,0.195465551989644,3.0043043433219,0.0875311472084264,0.292453121100349,0.149173643136054,2.76146431261916,161.887338098858,1.75443768148438e-15,821.335460102863,28.4325421157754,437.007999110925,12.7323357190712,42.5404149116575,21.6988919421168,401.684335528925,8.14440230162479,-4.3800033169672e-16,1.11679711249203,3.61914051691195,0.986559639837803,0.155167376176021,4.83927561693449,0.400281685360044,11.9429224832594,10,1e-05,101.608352164884,6.72975867054382,9.41514051571097,12.1153193846551,1.04998738662345,42.3004194359545,21.5764757431989,31.2045467325965
"754",50.6,10,0.266,3.31360986778938,0.633124322420757,4,1.11102405050096,6.11660144044424e-24,5.55120252499913,0.190986817161628,2.97960614231179,0.086602875151198,0.288983356990249,0.148829545259119,2.68768911164815,158.972094911648,8.75200626204793e-22,794.299902220866,27.3275582207262,426.340213104605,12.3916673828529,41.3495006112839,21.2954387296315,384.570944577913,8.07865593180323,-2.14649554408742e-22,1.08086302089836,3.47096772738442,0.961970437401451,0.151818352390532,4.70703554135612,0.393109307785172,11.5264666426048,10,1e-05,103.067262673871,6.71795632457909,9.42632205834037,12.0523117223085,1.04000207814885,41.7985527550696,21.526705426279,30.3708869616241
"755",50.6,10,0.271,3.37589576755986,0.62271510441621,4,1.10916389873206,8.35828707738107e-17,5.45819493658885,0.186630660646977,2.95509898990534,0.0856915368598865,0.285550713098172,0.148473260765108,2.61604885825726,156.09664354108,1.17629194388983e-14,768.151497148801,26.2652072810429,415.881759389366,12.0596796370635,40.1865837198096,20.8951785101612,368.166009171632,8.01112641864522,-2.83699887826212e-15,1.04610457874128,3.32905701743213,0.937917084071681,0.148514082271062,4.57799026826116,0.386001852542606,11.1246407963419,10,1e-05,104.500702055784,6.70490678824825,9.43624520309981,11.9893182576625,1.03024801737836,41.3020551425196,21.4751724370652,29.561352098307
"756",50.6,10,0.276,3.43818166733034,0.612403824397946,4,1.10734683673273,4.21573100866354e-17,5.36734182943514,0.182392315347366,2.93078353063826,0.084796633910174,0.282154637123945,0.148105629876062,2.54645876994499,153.260416931521,5.83470933068515e-15,742.857629882555,25.2436918298522,405.630007637857,11.7361309360019,39.0511228192679,20.4983026381186,352.438206201236,7.9419100010815,-1.3851074730834e-15,1.01247610789351,3.19310237336184,0.914387669399753,0.145255332459568,4.45205873369501,0.378961234752145,10.736832647735,10,1e-05,105.909415177837,6.69068234805065,9.44498519990612,11.9263724889048,1.02071569859302,40.8108467136073,21.4219983052736,28.7749841003784
"757",50.6,10,0.281,3.50046756710082,0.60219277215817,4,1.10557167659305,1.35090882220114e-18,5.2785838302987,0.178268106408157,2.90666405575199,0.0839178466340478,0.278795182412599,0.147727439398711,2.47885238236495,150.463403640849,1.83852701457777e-16,718.391856743132,24.2614989318813,395.584091315271,11.4208468777709,37.9427882900731,20.1050495537063,337.360819267035,7.87111397709503,-4.29953165392641e-17,0.979940457442693,3.06284235404333,0.891374914063324,0.142043441463747,4.32918654675442,0.371990399681065,10.3625398301803,10,1e-05,107.293862028704,6.67535374337469,9.45260868533971,11.863513088995,1.01139851115337,40.3249351841583,21.3672968346295,28.0110319207239
"758",50.6,10,0.286,3.56275346687129,0.592082042194812,4,1.10383693923424,3.43310594278209e-17,5.19184696251622,0.174253701887149,2.88274007206581,0.0830547025491415,0.275471738066886,0.147339390629294,2.41315295243216,147.705018606405,4.59385765354226e-15,694.723853626475,23.316982214177,385.741010150734,11.1135947252143,36.8610224486008,19.7155636496941,322.905303374211,7.7988277114209,-1.05913815777069e-15,0.948455764024516,2.93800379184052,0.868867122830753,0.138878901270463,4.20929571111454,0.365090711000845,10.0012086489808,10,1e-05,108.654752440656,6.6589825915157,9.4591808330633,11.8007660080062,1.00228810602492,39.8442321939945,21.311169460621,27.2686283624834
"759",50.6,10,0.291,3.62503936664177,0.582069645910884,4,1.10214087854979,3.80927588045576e-23,5.1070439277946,0.170344240798889,2.85900577753266,0.082206559085277,0.272183026304855,0.146942033013652,2.34927536315646,144.984141708233,5.01101633018509e-21,671.820086658819,22.4083998949975,376.095748612347,10.8140870588602,35.8050619701937,19.3298923504041,309.041864604199,7.72512217660404,-1.13981475506443e-21,0.917976234803529,2.81830669066125,0.846848484823052,0.135761432826614,4.09228761470708,0.358261946577955,9.65224702266446,10,1e-05,109.993040860756,6.64162449614733,9.46476232799712,11.7381374855054,0.993374644718036,39.3685529247343,21.2536956550946,26.546811603668
"760",50.6,10,0.296,3.68732526641225,0.572156556118205,4,1.10048233355501,0,5.02411667772425,0.16653628790811,2.83546189449272,0.0813730535101738,0.268928733357931,0.146535944026992,2.28715824818807,142.300489140082,0,649.65537286498,21.5343713445563,366.646153437963,10.522136488928,34.7744703697628,18.9481792445351,295.746444567224,7.65008690852726,0,0.888467465133955,2.70352371417944,0.825310134892354,0.132691629148415,3.97810198487689,0.351505722107845,9.31520064565909,10,1e-05,111.309256750467,6.62333522180248,9.46940656722567,11.6756509081516,0.9846514109921,38.8978519928911,21.1949589440642,25.8448882045252
"761",50.6,10,0.301,3.74961116618272,0.562342662240368,4,1.09886003117872,1.53325325369745e-19,4.94300155893549,0.162826196702609,2.81210654689861,0.0805537497296596,0.265708217386518,0.146121621535666,2.22673709412494,139.653507831942,1.94860299945482e-17,628.203308280876,20.6934904275854,357.389050951557,10.2375310772712,33.7687089938065,18.5705152963456,282.99477403003,7.57380087825098,-4.32251367900412e-18,0.85989367143783,2.59342860234371,0.804241244339574,0.129669651004616,3.86666869259407,0.344822809178511,8.98960361446254,10,1e-05,112.60404169866,6.60416545845536,9.47316408850979,11.6133205820063,0.976111107054245,38.4320365627859,21.1350313389188,25.1621291636118
"762",50.6,10,0.306,3.8118970659532,0.55262682941707,4,1.09727259938012,1.88800203082562e-17,4.86362997106431,0.159210150235756,2.78893527291965,0.0797481429686985,0.262520517985569,0.145699476046645,2.16794491362133,137.042394737976,2.35799490227562e-15,607.436564742967,19.8843389210911,348.320343355002,9.96003772855618,32.787149221552,18.1969413259572,270.762582416185,7.49633217002351,-5.16994635618976e-16,0.832218056166065,2.48779763843875,0.783629218074127,0.126695265086456,3.75790903190359,0.338213179110435,8.67498296511809,10,1e-05,113.878142382571,6.58416092457561,9.47608165696352,11.5511517289613,0.967745836885396,37.9709677214328,21.0739722153867,24.497777523921
"763",50.6,10,0.311,3.87418296572368,0.54301173893749,4,1.09571934873477,1.11022302462516e-25,4.78596743673812,0.15568592555745,2.76595256105622,0.078956070061016,0.259365938485438,0.145270029400136,2.11074103917147,134.467393981326,1.36247294557493e-23,587.337049072629,19.1058784472998,339.43950445949,9.68954047619158,31.8295573368577,17.8276328692954,259.031518640753,7.41777723396025,-2.95413732153025e-24,0.805416249278737,2.38646024527888,0.763469868018693,0.12376937675412,3.65178941287372,0.331679274382639,8.3710120820906,10,1e-05,115.13178122865,6.56337068481846,9.47820239582494,11.4891738804141,0.959551672686574,37.5146893425337,21.0118570524356,23.8513737426376
"764",50.6,10,0.316,3.93646886549416,0.533494230593052,4,1.09419869929118,6.29839232837143e-18,4.70993496463935,0.152249328845792,2.74314891091661,0.0781768876860857,0.256242891171985,0.144833530399948,2.05505287805497,131.927204661905,7.59395249038679e-16,567.87542740341,18.3566553125022,330.740630584747,9.42576359145198,30.8951275199866,17.4625347474438,247.77710100535,7.33818281694968,-1.62908028120277e-16,0.779449127215451,2.28919511634035,0.743747067648186,0.120890993052084,3.54821380672813,0.325219515870697,8.07719907821657,10,1e-05,116.365916914306,6.5418312927237,9.47956634244685,11.4273748418584,0.951519470117496,37.062971779116,20.9487218370485,23.2220975220211
"765",50.6,10,0.321,3.99875476526463,0.524074973615794,4,1.09270974812035,5.55105292450288e-27,4.63548740606853,0.148897736082833,2.72052387674056,0.077410294964311,0.25315105656388,0.144390348627907,2.00083375503522,129.421574125991,6.57471948778412e-25,549.031504447167,17.635588426648,322.221416236812,9.16854841376873,29.9834501234329,17.1017292013453,236.980638807807,7.25762427960122,-1.39611765281327e-25,0.754289809608487,2.19583242937807,0.724453102465012,0.118060274149041,3.44713113585987,0.318834825487632,7.7931955753487,10,1e-05,117.580984508119,6.51958263644259,9.48021103196155,11.3657674787439,0.943644065663308,36.6157688213997,20.8846200255404,22.609421431898
"766",50.6,10,0.326,4.06104066503511,0.514753639739793,4,1.09125148059788,5.55111512312579e-25,4.56257402963788,0.145628312519887,2.69807454747125,0.0766559196357901,0.250089805444204,0.143940781339277,1.94803373196564,126.950001761079,6.45785217419056e-23,530.783958964468,16.9415710856434,313.878674753627,8.91771448266803,29.0940281008139,16.7452532889124,226.623184573537,7.17616666184418,-1.35796432780267e-23,0.729910037000565,2.10620175155845,0.705578477588014,0.115277024074266,3.34848150399882,0.312525384229068,7.51864033091838,10,1e-05,118.77752706528,6.49666122404042,9.48017061766015,11.3043562460543,0.935919604548487,36.1729894594497,20.819594612913,22.0127811712117
"767",50.6,10,0.331,4.12332656480559,0.0117313745263907,-1,1.00484921496574,7.92329202195256e-05,0.246235182220381,0.0151633707225134,0.176737539002969,0.00533899898413058,0.0162537408187327,0.0113786120499,0.0752642066142287,2.66414732122869,0.000210069499992765,0.652841034589507,0.0402025029123987,0.468582583419111,0.0141552380494213,0.043093390945873,0.0301680076578207,0.199547286746436,0.28150949747839,-3.01064576643729e-05,0.000931189003959513,0.00457838664817773,0.00477186882287455,-0.00045898133956439,0.156696042709176,0.017788671506389,0.384698966369046,10,1e-05,217.755426116161,2.4063391415991,0.137584406063008,0.202063642959053,0.652203838148615,2.3509410720215,1.64580244689753,0.850485534740784
"768",50.6,10,0.336,4.18561246457607,0.00204767862432317,-1,1.00194598209599,1.32036695947632e-05,0.0977578723096479,0.00542104522838145,0.0864035784130494,0.00278130448269901,0.00884127154939202,0.00416874092175044,0.0132724300872222,0.463675921679763,6.11033307015186e-06,0.0452399354402383,0.00250872620645596,0.0399854478914037,0.00128711920855228,0.00409152270455702,0.00192919061873298,0.00614215373242885,0.0503918912579155,-8.68411852630424e-07,7.42839324900665e-05,0.000282396777795435,0.000845294650979729,-5.74794972767587e-05,0.036416688502428,0.00278445467902976,0.0592417980941013,10,1e-05,222.300814370724,1.04518206963148,0.141332025488166,0.085698138916167,0.396137131609978,1.27880151690406,0.602966686921984,0.14997845998561
"769",50.6,10,0.341,4.24789836434654,0.487372627072685,4,1.08705113867706,8.08201719213618e-18,4.35255692052727,0.136286321129596,2.63174827062544,0.0744624878139828,0.24108310123599,0.142556280478424,1.79767878827695,119.734567043583,8.90203592921032e-16,479.417664790014,15.0114222540386,289.87710746941,8.2017610967647,26.5543907926406,15.7020345364805,198.007512010636,6.9270058348083,-1.82201948360058e-16,0.661181602274463,1.85812026281821,0.651377877967968,0.107209130671704,3.06654996826585,0.294048628406209,6.74827700231683,10,1e-05,122.261280484969,6.42418420625327,9.47624822723848,11.121320181929,0.913596481139998,34.8702597627737,20.6193404083993,20.3137703075295
"770",50.6,10,0.346,4.31018426411702,0.00536371101400642,-1,1.00381126845151,1.62434116584007e-05,0.191568063536875,0.00920644959907956,0.162352109972041,0.00384634342302027,0.0119531396304074,0.0147195014301487,0.0332295995269392,1.21681870378643,1.96902423198881e-05,0.232218555505364,0.011160046135872,0.196803014891353,0.00466253245546533,0.0144895801913914,0.0178429603387953,0.0402808769880487,0.129923689284057,-2.81306387315969e-06,0.000360190327881685,0.00126262488007913,0.00261924097939038,-0.000177820785215183,0.0731877590022678,0.0146150088611314,0.153706595168694,10,1e-05,219.4413259618,1.63006423980668,0.0741091089111751,0.145284809110082,0.474920636608797,1.72890211614212,2.12902868685671,0.375494474654413
"771",50.6,10,0.351,4.3724701638875,0.469602712936741,4,1.08438780443851,1.03870367718293e-16,4.21939022187173,0.130423264966445,2.5883559667381,0.0730551225453641,0.23522090275345,0.141605676469348,1.70373054068836,115.086308793804,1.10237842631798e-14,447.804783499318,13.8418489071781,274.702770389924,7.75335572551777,24.9640445403736,15.0286406232182,180.817285388619,6.7575064435087,-2.2197459060839e-15,0.618799164437028,1.7086581681233,0.617181195316704,0.102062727544698,2.88975734685761,0.282108163336668,6.27608190065379,10,1e-05,124.500141994303,6.37307175068249,9.47074061212905,11.0003197328181,0.899374381746342,34.022351374259,20.4818450445266,19.2521551097785
"772",50.6,10,0.356,4.43475606365797,0.460859952966665,4,1.08309448075898,6.38309897014994e-18,4.15472404279503,0.127593877712428,2.56689337077069,0.072366825214353,0.23233016838186,0.141122530117098,1.65851526981908,112.809000950194,6.6482752020326e-16,432.732579491149,13.2894573167927,267.353108935984,7.53731959620719,24.1981975269435,14.6985253058604,172.74157884899,6.67188459711935,-1.32840271118621e-16,0.598566691482439,1.63829637977236,0.600635841493986,0.0995575249280635,2.80453808116697,0.276249572529497,6.05149386046298,10,1e-05,125.5960835239,6.34674930426187,9.46718898168512,10.9401113554672,0.892445952937104,33.6042355547522,20.4119627561371,18.7412225489556
"773",50.6,10,0.361,4.49704196342845,0.452213165572033,4,1.08182596354167,7.07510439375888e-22,4.09129818366508,0.124830380651669,2.5455864930646,0.0716885299122333,0.229466173682159,0.140634446185467,1.6144331015504,110.56280324709,7.23076910151873e-20,418.131392063151,12.757686800256,260.159386136151,7.32658033258051,23.4514832031076,14.372865070148,164.995346181142,6.5857660714577,-1.43408042149077e-20,0.578949460167233,1.57070177400574,0.584452037752847,0.0970975621101785,2.72138902826043,0.270466318272934,5.83427179549244,10,1e-05,126.676720012738,6.31995317025386,9.46313616194581,10.8801080894795,0.885634830661814,33.1899873613875,20.341366296266,18.2430940475195
"774",50.6,10,0.366,4.55932786319893,0.443661026763051,4,1.08058139419959,2.4241474786099e-21,4.02906971223511,0.122130516973197,2.52442975407311,0.0710198829765143,0.226628072223722,0.140141481263851,1.57144501519812,108.34707829247,2.43062945621039e-19,403.984312427212,12.2457084264314,253.117987850419,7.12097844964116,22.7234057668403,14.051620844133,157.564693421451,6.49919117220591,-4.78617999008092e-20,0.559925391664833,1.50575437704752,0.568620502273491,0.0946821666864378,2.64025464793635,0.26475754244099,5.62414287148317,10,1e-05,127.742581715433,6.29270242985615,9.45860099901557,10.8203013934435,0.878936563874793,32.7794843664392,20.2700638500034,17.7573286717387
"775",50.6,10,0.371,4.6216137629694,0.435203928878964,4,1.07936019771189,2.22044604925031e-22,3.96800988559873,0.119492651054983,2.50342207020189,0.0703606661176886,0.22381562407047,0.139643812984315,1.52952214206232,106.161646510672,2.18394386856437e-20,390.277929201748,11.752829693752,246.226801254283,6.92039986324876,22.0136292004323,13.7348191482974,150.437814290433,6.41221567615619,-4.27071029987042e-21,0.541477241266364,1.44335275112466,0.553135419918087,0.0923110602373959,2.56109726997538,0.259123557752289,5.42088722887384,10,1e-05,128.793967051421,6.2650188920612,9.45360037749011,10.7606932516846,0.872347246415626,32.3726918655528,20.1980811100514,17.2836002053042
"776",50.6,10,0.376,4.68389966273988,0.426839729154401,4,1.07816145839147,0,3.90807291961593,0.116914443119873,2.48255594349378,0.0697104811192818,0.22102773914456,0.13914143125845,1.48862447934132,104.005684743904,0,376.99529775454,11.2782428072285,239.481692476127,6.72467585092005,21.3216129905286,13.4223865281478,143.601319723873,6.32486768781206,0,0.523582885253426,1.38338202518228,0.53798652789032,0.089983301790548,2.48385676613997,0.253562928824374,5.22423449366395,10,1e-05,129.831476962809,6.23691620522298,9.44815096958523,10.701268344855,0.865862093688378,31.9694521898691,20.1254166172222,16.8214566165569
"777",50.6,10,0.381,4.74618556251036,0.418568825882155,4,1.07698465402874,1.16671158168955e-16,3.84923270142493,0.114394420490511,2.46183022498743,0.0690691341874782,0.218264189197376,0.138634468764057,1.44872596692482,101.879037681359,1.10366895897345e-14,364.124151598474,10.8213180495133,232.880657415487,6.53370212675025,20.6470403014094,13.114343100725,137.044485102161,6.23719990540242,-2.12996009285964e-15,0.506226532245277,1.32575090848528,0.523168426087936,0.0876986351568049,2.40849815169285,0.248075902387047,5.03398496479285,10,1e-05,130.855384095179,6.20841491935492,9.44226883530647,10.6420286848112,0.859478151610654,31.5697323255085,20.0520895620331,16.3706034262504
"778",50.6,10,0.386,4.80847146228084,0.410390767006789,4,1.07582916342134,1.1633806781622e-18,3.79145817105733,0.111930912680481,2.44124168232695,0.068436372831881,0.215524476190846,0.138122997781916,1.40979754339693,99.7813403531145,1.07901595676001e-16,351.651350478129,10.381403362117,226.421048499757,6.34735815150623,19.9895316509497,12.8106750782254,130.756344305923,6.14925492478895,-2.0693603618201e-17,0.489391243154878,1.27036622008166,0.508674337806507,0.0854565343362328,2.33497964852428,0.242662140016827,4.84992719167596,10,1e-05,131.866055212633,6.17953157732633,9.43596846126992,10.5829702088786,0.853191664129941,31.173460236244,19.9781103991763,15.9307122403853
"779",50.6,10,0.391,4.87075736205131,0.402304297669816,4,1.07469427753083,1.50287728423648e-16,3.73471387622554,0.109522072773859,2.42078516386502,0.0678118894402992,0.212807851826394,0.1376070396369,1.37180756419996,97.7120325961896,1.36642761812021e-14,339.563066111815,9.95783132805837,220.09965418576,6.16550928941707,19.3486540210866,12.5113381764333,124.725801775715,6.06106511165105,-2.60469200887368e-15,0.473059015484968,1.21713373573251,0.494496303161708,0.0832563228624522,2.26325358981768,0.237320769762179,4.67184062698696,10,1e-05,132.863943671831,6.15027787634077,9.42926245215197,10.5240812156401,0.846999408754996,30.7805276881696,19.9034822130812,15.5014254754595
"780",50.6,10,0.396,4.93304326182179,0.394310586122798,4,1.07357964155587,9.6673576238566e-17,3.67898207729114,0.107166856477714,2.40046126205973,0.0671955738822727,0.210114354387632,0.13708671277717,1.33473689180092,95.6711828027765,8.61498767908281e-15,327.849516906418,9.55008787389037,213.915166908973,5.98807930365715,18.7241710162965,12.2163717066478,118.944000264418,5.97268818472365,-1.63255549694691e-15,0.457217443253047,1.165979367199,0.480630674605758,0.0810978847632952,2.19329470375312,0.232052448720038,4.49956617033254,10,1e-05,133.849199001829,6.12067731114294,9.42216571620625,10.4653697677733,0.840898973252621,30.390940218627,19.8282221360898,15.0825268773504
"781",50.6,10,0.401,4.99532916159227,0.386409158822407,4,1.07248469816566,3.51007554916522e-19,3.62423490827648,0.104863751971103,2.38026700296418,0.066587189050155,0.207443540529081,0.136562087662266,1.2985595396975,93.6584476753895,3.06529526920463e-17,316.498889075713,9.15759100696608,207.865075307715,5.81495733428349,18.1157269837704,11.9257581610574,113.401217667863,5.88416284223267,-5.77573361622254e-18,0.441851361899925,1.11682113994558,0.467071167457332,0.0789806615229961,2.12506422135626,0.226856807929241,4.33291459623779,10,1e-05,134.822157436594,6.09074058717113,9.41468841070247,10.4068299086282,0.834886796754959,30.0046337021262,19.7523403594702,14.6737227985818
"782",50.6,10,0.406,5.05761506136275,0.378597216210042,4,1.07140858494001,5.2501628618983e-17,3.57042924733026,0.102610654786429,2.36019315167963,0.065986330860871,0.204794150986164,0.136033034239967,1.26324009412867,91.6729015360934,4.49219531981074e-15,305.496533659398,8.77967246577279,201.945137869325,5.64598650483597,17.5227959738381,11.6393905451437,108.086575367498,5.79550004170151,-8.41760426970449e-16,0.426941603493224,1.06956707036059,0.453807684169325,0.0769035526920206,2.05850449465509,0.221731901948752,4.17165671463348,10,1e-05,135.783434435481,6.06047230534823,9.40683929746079,10.3484379135977,0.828958911861164,29.6214259986387,19.6758180724689,14.274613063654
"783",50.6,10,0.411,5.11990096113322,0.370876677094352,4,1.07035110735728,3.07905037123757e-16,3.51755536582928,0.100406883418002,2.34024243193228,0.0653929579164235,0.202166530194701,0.135499713884431,1.22876557736427,89.7148272167301,2.58080241285703e-14,294.834909499763,8.41591710915995,196.154742105556,5.48111538385556,16.9452203120571,11.3573325009886,102.992831702937,5.70676291307604,-4.81005820058048e-15,0.412478766428793,1.0241574950439,0.440838295202985,0.0748666151050517,1.99359938185299,0.216678857756204,4.01566869975029,10,1e-05,136.733059869804,6.02989442340906,9.39863037617653,10.2902051365763,0.823113635410629,29.2413669273615,19.5986786162441,13.8850510242162
"784",50.6,10,0.416,5.1821868609037,0.000265584703923303,-1,1.00055277685499,4.41347189833651e-05,0.0290932718903766,0.00689550646499681,0.0280486178872506,0.00175234601015036,0.00125078356148672,0.0019043573215213,0.00139927018083868,0.0600553219381519,2.64906041790936e-06,0.00174624052826348,0.000413883075697073,0.00168353815621179,0.000105179562958594,7.50747098980061e-05,0.000114303607640492,8.39871950112052e-05,0.00657799849021691,-3.7563974519231e-07,3.30787379673384e-06,4.67671977107769e-05,4.8527227421659e-05,-6.05203154643212e-06,0.00200465741163704,0.000494943887829618,0.006641978626156,10,1e-05,223.563978340659,1.53941035743711,0.0953156142247481,0.0608887642453573,0.271636019845949,0.180913334333439,0.27544624298484,0.0158117530434771
"785",50.6,10,0.421,5.24447276067418,0.355706470728514,4,1.06828988578386,2.10213250004109e-17,3.41449428920475,0.0961415786336723,2.30069581315044,0.0642277517634385,0.196974432163296,0.13442038885623,1.16225307249359,85.8794632470943,1.68989721966091e-15,274.490043123466,7.72878904748764,184.952159668928,5.16324727998756,15.8347081000144,10.8060096777649,93.4331321032754,5.52918654177031,-3.11735168801126e-16,0.38483720353319,0.938580214339166,0.415756465228427,0.0709107968406907,1.86859813204471,0.206785806912522,3.71880455850859,10,1e-05,138.598721760142,5.96784510819681,9.38117676772998,10.1741888314095,0.811660901026183,28.4903818680991,19.4425650441651,13.1334597191776
"786",50.6,10,0.426,5.30675866044465,0.00273247085960996,-1,1.00212296146591,3.54355015581408e-05,0.107348553156334,0.00741008965573498,0.0951817477325112,0.00362176597062799,0.00994751076767418,0.00373652816602688,0.0139067717870112,0.618849424529071,2.1882783441142e-05,0.06629185529054,0.00457601501561483,0.0587783855623583,0.00223657961436536,0.00614297002542168,0.00230744967853034,0.00858796579699139,0.0669446093170001,-3.11423786805258e-06,0.000102331295122398,0.000516979512998472,0.000684819571722059,-8.87256930682118e-05,0.0505166651856153,0.00307707471794515,0.035395881523759,10,1e-05,221.550952800365,1.48610443676423,0.175992339255668,0.170570966586548,0.482555798846244,1.43880795743639,0.540451433934127,0.157146521193226
"787",50.6,10,0.431,5.36904456021513,0.00472422058869629,-1,1.00266771449063,3.59091252360224e-06,0.133431482573957,0.0145275020464275,0.112505339388223,0.003692573298793,0.0100538080691894,0.00686547302029675,0.0234797960165163,1.07052210205439,3.83392341002324e-06,0.142461305117292,0.0155106340850336,0.120119009192799,0.00394246396157473,0.01073418799901,0.0073300860325592,0.0250687642816731,0.114352452608465,-5.47666102160344e-07,0.000219708002032296,0.00177388645938225,0.00151448183962805,-0.000155958419890439,0.0507063863305911,0.00561502975460446,0.0912962560779239,10,1e-05,219.511083666975,2.96482942850864,0.172700181579177,0.155198461062624,0.484266469982573,1.45418279912756,0.993022017655722,0.265321694986634
"788",50.6,10,0.436,5.43133045998561,0.333618967465262,4,1.06532494938049,8.56466426555858e-21,3.26624746901009,0.0900800424261495,2.24220682083541,0.0625304836784318,0.189336820727136,0.132769239985822,1.06824581566098,80.3232497757699,6.45757585465476e-19,246.268156429961,6.79184482801722,169.057655716813,4.71466632037782,14.2755961473162,10.0105201066792,80.5434769204979,5.26303348459986,-1.17419754707145e-19,0.346391900275846,0.822325790134114,0.380188616653629,0.0652633792305027,1.69259057354244,0.192470348667973,3.30891362386467,10,1e-05,141.31803495634,5.87267632794694,9.35250185421865,10.0011565088847,0.795032014182854,27.3856777499729,19.2037428715493,12.071177716969
"789",50.6,10,0.441,5.49361635975608,0.326432488318571,4,1.0643686765615,2.06901242018439e-15,3.21843382987906,0.0881445347624795,2.22291952709816,0.0619774133632179,0.186829417331713,0.132210237727952,1.038365612282,78.5224605206991,1.52638789226317e-13,237.435908168196,6.50275219800896,163.993092479146,4.57230572559707,13.7831052994981,9.75364401549589,76.604117155973,5.17449322228874,-2.76287763644021e-14,0.334333712727172,0.786560567115839,0.368859234098309,0.0634550612728221,1.63685541132532,0.187836363431771,3.1811378465267,10,1e-05,142.204499058042,5.84042715377642,9.34230703002361,9.94371336920695,0.789626254181378,27.023006922859,19.122888784971,11.7335314187866
"790",50.6,10,0.446,5.55590225952656,0.319335135061081,4,1.06342796608726,1.77225190379748e-18,3.1713983043705,0.086250219511816,2.20373637547298,0.0614305303119972,0.184341187688309,0.131647025394487,1.00918969811832,76.7473203782744,1.27902960039882e-16,228.878992724052,6.22465596228892,159.043082400754,4.43342543285653,13.3038556833152,9.50093166345076,72.8329586524955,5.08611424057688,-2.30490900886698e-17,0.322638540515856,0.752203830433658,0.357787546672682,0.0616834221229295,1.58254941967975,0.183271728806808,3.05759485992846,10,1e-05,143.081200518801,5.80793730318601,9.33180395558653,9.88639296110601,0.784286532254118,26.6631093872371,19.0414257530585,11.403843588737
"791",50.6,10,0.451,5.61818815929704,0.312324372506061,4,1.06250214739084,0,3.12510736961363,0.0843954899423191,2.18464918588459,0.0608894835969362,0.181871094818218,0.131079417545812,0.980691606225563,74.9970415222623,0,220.586666799674,5.95708166711827,154.204136064766,4.29790296499866,12.8374272779364,9.25228108436103,69.2224192612175,4.99789863277672,0,0.311292380779538,0.719192288824464,0.346965476467249,0.0599473835847178,1.52962709873944,0.178774641990811,2.93811724718593,10,1e-05,143.948645997546,5.77520254654548,9.3209969547059,9.82916802594657,0.779009216250877,26.3058351545071,18.9593269538263,11.0818151503489
"792",50.6,10,0.456,5.68047405906752,0.305400528805686,4,1.06159093209463,1.15618271190675e-16,3.07954660469023,0.082579552937882,2.16565689692771,0.0603541626015734,0.179419014779843,0.130507436729861,0.952857385359245,73.2715576403668,7.98003314243828e-15,212.551906511238,5.69968364468319,149.474764106549,4.16567565735674,12.3835936100924,9.00769108302454,65.7667117565164,4.90988353530011,-1.42585313091474e-15,0.300286325851507,0.687478918881843,0.336389419949041,0.0582466264316901,1.478064963203,0.174345138153236,2.82259352678905,10,1e-05,144.806997235654,5.74223281848997,9.30988836492722,9.77203870363769,0.77379247655467,25.9511662977565,18.8765956486071,10.7672884545595
"793",50.6,10,0.461,5.74275995883799,0.298562545234931,4,1.0606938719604,5.5127699490678e-17,3.03469359852617,0.0808012709528946,2.14675540863861,0.059824353959803,0.176984387349266,0.129931031950039,0.925667917978523,71.5704624408358,3.71974897767162e-15,204.766360921213,5.45207668374446,144.8526114888,4.03665637307198,11.9420454687682,8.76711395050512,62.4595679372812,4.82208711517713,-6.61911965785288e-16,0.289609549710574,0.657012144821749,0.326053878508225,0.056580463884274,1.42782983679277,0.169982381776894,2.7108921024857,10,1e-05,145.656560825862,5.70903026756541,9.29848849038335,9.71499224798753,0.768634445305703,25.5990217861978,18.7932244612537,10.4600474731573
"794",50.6,10,0.466,5.80504585860847,0.291812087492956,4,1.05981085127954,8.90247147764548e-17,2.99054256402395,0.0790602773157295,2.1279461238877,0.0593000315341718,0.174567531316588,0.129350190743479,0.899115710813816,69.8940294102625,5.87113825576839e-15,197.224881845827,5.21398827084815,140.337050509432,3.91080931382696,11.5126469531687,8.53058451433345,59.2962601382861,4.73456350999669,-1.04056372013098e-15,0.279255662930044,0.627754548827729,0.315957226885401,0.0549489380393928,1.37890921308131,0.165687140519264,2.6029312919163,10,1e-05,146.497356342384,5.67561363471951,9.28679424743964,9.65803443606315,0.763534488216552,25.2494477296313,18.7092115891368,10.1600075321961
"795",50.6,10,0.471,5.86733175837895,0.285146089268742,4,1.05894120142535,2.25140592193501e-16,2.94706007021487,0.0773549488978093,2.10922057324945,0.0587808597884232,0.172167251203537,0.128764811837825,0.87317466941415,68.2413649715481,1.45087388243154e-14,189.917439772775,4.98498622301738,135.924535518,3.78801589811023,11.0949769540693,8.29799285200174,56.2700093444255,4.64730247657061,-2.56139605520888e-15,0.2692115853939,0.599649351251113,0.306091321286695,0.0533508470938323,1.3312566552532,0.161457405774365,2.49855412175618,10,1e-05,147.329901547039,5.64196993364902,9.2748108558002,9.60114200864677,0.758488296941235,24.9022712140795,18.624542384223,9.86687376437989
"796",50.6,10,0.476,5.92961765814943,0.278566857778664,4,1.05808491772318,1.52743200669598e-16,2.90424588619405,0.0756851324378202,2.09058260326374,0.0582668669408789,0.169784139058789,0.128174978862898,0.847840579875282,66.6129103192501,9.61611772141441e-15,182.840023065814,4.76484151237104,131.61494803825,3.66825527621017,10.6889489107274,8.06939805033661,53.3767446886802,4.56036491102988,-1.69117072851522e-15,0.259472392191719,0.572665015092338,0.296455727833971,0.0517863585818416,1.28486501259303,0.157294366017627,2.39769476925029,10,1e-05,148.154107546533,5.60812166783854,9.26254440520498,9.5443244814524,0.753496530028783,24.5575778734633,18.5392289427295,9.58059855259069
"797",50.6,10,0.481,5.9919035579199,0.272071408738125,4,1.05724133704802,2.35110621132596e-17,2.86206685419307,0.0740493133515016,2.07202235548955,0.0577577080216527,0.167416947274427,0.12758042953766,0.823089070493662,65.0078016279848,1.44565144055901e-15,175.983162768599,4.55315442591727,127.404797310055,3.55141394304762,10.2941564202993,7.84468310533013,50.6102146613132,4.47374067559252,-2.53296720897382e-16,0.250025705383133,0.546749280045997,0.287042462819543,0.0502543615872173,1.23969011786632,0.153195958053215,2.30020793523043,10,1e-05,148.970515551849,5.57405702154532,9.24999077229643,9.48755448399466,0.748555083536945,24.2151872537731,18.4532333283271,9.30090649657838
"798",50.6,10,0.486,6.05418945769038,0.26566135805887,4,1.05641039983115,1.86300197922654e-19,2.82051999350289,0.0724471847276939,2.0535428572723,0.0572533867968896,0.165066095809533,0.126981286193452,0.798913902019696,63.4263172559844,1.11853645706097e-17,169.342516850795,4.34969035100002,123.293618450682,3.43746282272451,9.91048039918537,7.62388873203649,47.9663647932819,4.38747988075796,-1.95268011587964e-18,0.240866128045507,0.521870370688626,0.277850338714871,0.0487548472013803,1.19572069482836,0.149163001755696,2.20602183083017,10,1e-05,149.779087234146,5.53979123707174,9.23715654250076,9.43084050215667,0.743664049597038,23.8751600978909,18.3665732350209,9.02772709282256
"799",50.6,10,0.491,6.11647535746086,0.00114827137143204,-1,1.00202459948628,6.15246675171571e-05,0.103603846385713,0.00439585139779662,0.100395003324435,0.00257900351844204,0.00763296106499457,0.00833514949438094,0.00508877388361787,0.260034732399731,1.59662252423828e-05,0.0268861647551403,0.00114076445077402,0.0260534400424139,0.000669275474993188,0.00198082461146265,0.00216304906026688,0.00132058430077238,0.0282337892367886,-2.26977043612913e-06,4.56376416560309e-05,0.000128288326472683,0.00056370767557663,-3.16098009083438e-05,0.01073035914275,0.00190013356946762,0.0159351088635148,10,1e-05,222.148917696779,0.924458642040177,0.119313661164476,0.0834208524023944,0.359933164516339,1.10403148844082,1.20559602286726,0.0575031448848819
"800",50.6,10,0.496,6.17876125723133,0.253094141705218,4,1.05478498815818,1.16131498902837e-16,2.73924941030116,0.0693403966250396,2.0168103842566,0.0562585380478108,0.160411549162674,0.12576880026836,0.75223236382574,60.3329376850861,6.6426376609844e-15,156.683083122173,3.96622048626491,115.360093859944,3.21794764658103,9.17542447821447,7.19388432193072,43.027146613692,4.21611620262135,-1.15147762083319e-15,0.22337378448886,0.475063594110634,0.260110892325558,0.0458508815975452,1.1112871167993,0.141290541966944,2.02713269732068,10,1e-05,151.373780822532,5.47065878378191,9.21064932975955,9.3175350540474,0.734024546131115,23.2019264708891,18.1911992708156,8.50022571123086
"801",5.06,10,0.001,0.0124571876241301,0.021880374435069,-1,1.24340840375158,0.0446479625492325,14.4028165740463,0.735597187389619,2.97370770762772,0.101255301450799,0.226145251651752,0.0287906492409932,11.9715840003626,6.14861056765392,0.220782595264873,71.2214184205036,3.63750206792388,14.7048794113561,0.500703883497116,1.11828026892484,0.142368741950497,59.1990593549925,0.135383696969374,0.0944995221559336,43.6564420623334,86.7807999415725,1.10027770709432,0.00144655999064462,0.287587877818842,0.00593723292998521,3.21652460323291,10,1e-05,1.22618708848977,3.91028530513627,47.1917972358933,1.51688553581579,0.00202479473569284,32.7096491989095,4.16427950621726,135.278899204098
"802",5.06,10,0.006,0.0747431257447805,0.49287624248765,4,0.358508877264534,0.955967428548851,15.7238152906638,0.822088207009785,2.76797705748292,0.147749347448144,0.311944833323565,0.0534300296717388,13.5271922714201,39.9343148813618,106.485241311965,1751.47626955529,91.5724307009526,308.32504969283,16.457804363255,34.7475445925019,5.95157265089792,1506.79436378089,0.917296493281917,58.6605885885151,4.16253094292443,26.9664181883103,1.38740857716195,0.112164343698578,7.46590358312376,0.207366941302769,52.9775950087285,10,1e-05,5.35926147854003,2.3632075837545,2.89086328809759,8.25358204423765,1.42799275470777,45.1197006919205,7.7281194917203,152.857272667047
"803",5.06,10,0.011,0.137029063865431,0.543186326035362,4,0.594260413198522,0.72004809862077,15.7154255909858,0.824022325025157,2.73755278286868,0.147162319170445,0.307648720312749,0.0525809950605969,13.5499482246866,72.9514735051048,88.3931835644354,1929.22736928003,101.157071002146,336.062279890676,18.0656624427144,37.7669906497327,6.4548487209323,1663.39313027494,1.68433511994999,50.1641690008061,4.42288533078217,28.5808191357968,1.4384818142693,0.124437294466126,8.19837477026179,0.227222315497152,58.2736901571294,10,1e-05,5.86859623733763,2.491747528935,2.87991668948458,8.16200726792428,1.37969130566419,44.498310906036,7.60531512556473,153.114414938959
"804",5.06,10,0.016,0.199315001986081,0.594567323874341,4,0.786686953685858,0.527421433398171,15.7054193547003,0.82589445623558,2.70649272725967,0.146569628586779,0.30329904786415,0.0516952762701403,13.5716692977262,105.708868632248,70.8707863473515,2110.37198926695,110.977267602141,363.677423172666,19.6948856736021,40.7549649282225,6.94640878756734,1823.6552674376,2.45391117100696,41.4953339761182,4.6827581637784,30.1581361863647,1.4866742581683,0.137343104713328,8.94786023269277,0.247313903205457,63.7505320682579,10,1e-05,6.40755821496156,2.62031143207403,2.86334439356844,8.07019096380999,1.33235288624267,43.8691742830707,7.47720475971309,153.359863064306
"805",5.06,10,0.021,0.261600940106732,0.64697199003532,4,0.944914544653635,0.368960684105175,15.6937614379207,0.82770564344486,2.67473629157398,0.145969058739172,0.298883286040269,0.0507734649948597,13.5923832015299,138.161313001141,53.9478335371119,2294.67383951064,121.023535010475,391.088358271724,21.3429636860306,43.7014198448557,7.42387618964915,1987.41941328291,3.22562612773535,32.6383837360181,4.94305828685049,31.7019614804036,1.53238629477822,0.150930924133137,9.71456550640968,0.267613538534113,69.4194042824248,10,1e-05,6.97761653750424,2.74875920579345,2.84174335119483,7.97761011778907,1.28598814080042,43.2304784928645,7.3438739768565,153.593930177287
"806",5.06,10,0.026,0.323886878227382,0.700376501350193,4,1.07575907895131,0.237849291527788,15.6804185244288,0.829454607488136,2.64225200774928,0.145359046109265,0.294393492990882,0.0498167786790839,13.6120891192132,170.276621882628,37.647996350641,2481.97644648124,131.290296620822,418.22909501329,23.0081695947155,46.598100328915,7.88525326211336,2154.59074186423,3.99938560032789,23.5722672767617,5.20481263746748,33.2167656859448,1.57601973799407,0.165258526474084,10.499109445283,0.288104090144746,75.2948840467109,10,1e-05,7.57985160585678,2.87681283578833,2.8156353946478,7.8838867035633,1.24063271655102,42.5810748262012,7.20549886814269,153.816607047109
"807",5.06,10,0.031,0.386172816348033,0.754753190647996,4,1.18435395571798,0.128953514141589,15.6653734928234,0.831137161391533,2.60905700531015,0.144738936703758,0.289828826761852,0.048827803901339,13.6307526549616,202.020253487247,21.9961452310617,2672.10888156662,141.770573920361,445.037866450916,24.6887313891241,49.4373263733018,8.32876461783267,2325.0550169421,4.77500668246821,14.2754713660146,5.46903077920861,34.7071255627589,1.61795983066184,0.180384163660501,11.3021184023984,0.308769924753313,81.3916382891421,10,1e-05,8.21451422602533,3.00399247320668,2.78550958308704,7.78881929838016,1.19636435981249,41.9208415028343,7.06245355628967,154.027505001066
"808",5.06,10,0.036,0.448458754468683,0.8100685019734,4,1.27464919157024,0.0383235790600003,15.6486385299438,0.832747118120128,2.57521685297965,0.144109090325508,0.28519526211298,0.0478104904796958,13.6483196223095,233.357014421461,7.01610768714295,2864.8820328437,152.455579572602,471.459065187072,26.3828410920858,52.2122599174487,8.75292856273916,2498.67268578305,5.55221356827837,4.72692632321334,5.73668412503293,36.1777219627274,1.65857527461405,0.196363847331154,12.1241779771976,0.329596599200303,87.7237520545028,10,1e-05,8.88085544332537,3.12963461663157,2.75185716743651,7.69239262604509,1.15329636654762,41.2506427120214,6.9153093429832,154.226011732098
"809",5.06,10,0.041,0.510744692589334,0.864621675686291,4,1.3074966706384,1.36491417716075e-17,15.3748335169547,0.811136601696217,2.65951714664499,0.143276798118364,0.297083626162952,0.0519094851276022,13.2752924605362,255.490731484687,2.66710370563584e-15,3004.31163605494,158.499741035809,519.681614837787,27.9969309123909,58.0514770438655,10.143346919399,2594.05186841469,6.15059291777872,1.91991999751491e-15,5.74420653116471,35.6875644839726,1.746052984026,0.210703573805813,12.6355337452959,0.358023161558313,87.4781274064569,10,1e-05,10.0723640901674,3.30390621847418,2.94666675052054,8.00615688273142,1.18173770462583,42.9701756882094,7.50818792885638,150.010804804059
"810",5.06,10,0.046,0.573030630709984,0.909373130136204,4,1.29746718351159,3.17962015922634e-17,14.8733591753914,0.769347222706095,2.84222128950171,0.142234128676472,0.321959309344655,0.0609494583205588,12.5627205379363,266.65328542568,6.53470216925803e-15,3056.74790070624,158.114954408687,584.128565549708,29.2317202263185,66.1685387508442,12.5262307306344,2581.86931268575,6.53024409340421,5.17973607707884e-15,5.50520182542398,33.3829833547168,1.86270728428397,0.221325724853272,12.7858072749724,0.392506219994169,81.2779663010312,10,1e-05,11.8272418559424,3.52198183716151,3.36268759798229,8.6789081162032,1.26651435978464,46.5681945036109,8.81572965148563,141.95874207868
"811",5.06,10,0.051,0.635316568830635,0.944197084798375,4,1.28784165127392,7.57086969526553e-25,14.3920825873946,0.729971218998525,3.00603716275593,0.141164192928677,0.343302741618092,0.069957937372416,11.8906909958143,274.810651216136,1.61553683961873e-22,3071.10550764217,155.767493514118,641.453884846558,30.122821193705,73.2568712116349,14.9282221987726,2537.33720503388,6.85273998471344,1.41749791149187e-22,5.27009242192377,31.1520845122852,1.95811937466682,0.230111684920043,12.8652259019992,0.42513481093556,75.6112995612579,10,1e-05,13.6980079747843,3.73572559042432,3.77921471500372,9.31023347382983,1.33798527695209,49.6553085476409,10.1187160615462,134.364808252702
"812",5.06,10,0.056,0.697602506951285,0.970512876706529,4,1.27866786663736,3.12245672830189e-22,13.9333933311117,0.693219151838881,3.14997711708557,0.140068853035166,0.361144328399127,0.078740195876921,11.2627270654682,280.457780290149,6.84866888361358e-20,3056.09350755774,152.047853592062,690.903097882516,30.7221293621283,79.2119199597599,17.2705525269258,2470.32049151417,7.12718127178594,6.68734097071176e-20,5.04136014334949,29.034622306886,2.03258860795865,0.237299371434653,12.8781893212027,0.455323456033999,70.4622513611389,10,1e-05,15.6790831092924,3.94494930783866,4.19055413532011,9.89518186368269,1.39651815620834,52.2359156596498,11.3889819316379,127.26881583979
"813",5.06,10,0.061,0.759888445071935,0.989660038206144,4,1.26996724118894,4.55221260353703e-16,13.4983620627583,0.659162160490842,3.27395425149235,0.138944153556536,0.375657904976657,0.0871326038511851,10.6800513517179,284.044897226445,1.0181622952054e-13,3019.08643033343,147.430297459403,732.262981853462,31.0766896477057,84.0208373497102,19.4883542687384,2388.73412650536,7.36188009616051,1.11252252611529e-13,4.82094855029249,27.0537865493051,2.08736838550365,0.243110109480097,12.83140424541,0.482627288699058,65.8034550495618,10,1e-05,17.7638032609522,4.149151941635,4.59156186021209,10.4300060969593,1.4428773540039,54.3351593758236,12.6028598210354,120.684580274413
"814",5.06,10,0.066,0.822174383192586,1.00284730861793,4,1.26174024738589,7.19550823948313e-17,13.0870123685697,0.627760301934869,3.37860483367273,0.137783253031644,0.387116455287943,0.0950092430471454,10.1420495738976,285.965215346085,1.63081511229547e-14,2966.08617975737,142.27778681108,765.738796739087,31.2276775714421,87.7374251394337,21.5332265925065,2298.62952890595,7.56405517955356,2.00578820878379e-14,4.61018016159658,25.2199951409046,2.12433659666983,0.247736974315709,12.7329654466294,0.506761149340205,61.599129536033,10,1e-05,19.9441961578295,4.34763601522897,4.97786854902566,10.9123831983818,1.47809489058049,55.9925240928481,13.7421369143391,114.605160185043
"815",5.06,10,0.071,0.884460321313236,1.01112988320707,4,1.25397237698954,3.54141316458681e-17,12.6986188499046,0.598893369553043,3.46509591502438,0.13657911129281,0.395850219672214,0.102283984036159,9.6467774179969,286.551941138413,8.09267281566238e-15,2901.8293767785,136.856330114982,791.827618296333,31.2104239121053,90.4578529229324,23.3734607801303,2204.43675282033,7.73971852939563,1.12748627207917e-14,4.40979613116324,23.5344377312452,2.14569868617422,0.251341032439014,12.5914549664998,0.527596843226402,57.8085409032215,10,1e-05,22.2108169337565,4.53959973094971,5.34600940087949,11.3414984739275,1.50335941081137,57.255775773389,14.7943554509901,109.008584823365
"816",5.06,10,0.076,0.946746259433887,1.01540665381692,4,1.24663956119457,2.73562321819401e-20,12.3319780443746,0.572389447838088,3.53494245806342,0.135326439445431,0.402211632543144,0.108908653166958,9.19143001589325,286.081219808731,6.27776024088397e-18,2829.96579878196,131.353020183522,811.205324967722,31.0549689533549,92.3002911514736,24.9925650649768,2109.26685834811,7.89370391291193,9.97705263748016e-18,4.2200552566075,21.9921007260289,2.15375126951606,0.254053126175128,12.4152289412615,0.545144982587643,54.3891209645051,10,1e-05,24.5527959437802,4.72422419589549,5.69346926409276,11.7179889902802,1.51992437064821,58.1758905310403,15.7525475940688,103.863159179594
"817",5.06,10,0.081,1.00903219755454,1.01642972279125,4,1.23971394234421,7.43816626114214e-17,11.9856971169856,0.548054019666939,3.58983162749468,0.134023071582459,0.40654733917737,0.114866707668012,8.77282349811414,284.778554319168,1.70864435922068e-14,2753.27184836554,125.895197334342,824.631413916383,30.7868575701391,93.3892566331162,26.3863894982448,2015.23263372035,8.02976534709949,3.12218170581297e-14,4.04088403093158,20.5844468764894,2.15071003621133,0.255979406905801,12.2119802699029,0.559523936860869,51.2996156242884,10,1e-05,26.9577237641647,4.90072181030057,6.01858131992966,12.0437036293603,1.52903621285661,58.8030071386148,16.6143205971013,99.1329055286898
"818",5.06,10,0.086,1.07131813567519,1.01482033772732,4,1.23316161286201,0,11.6580806474039,0.525667904213867,3.63155301938445,0.132669363463178,0.409185501266613,0.120172366180312,8.38734804302928,282.824871482759,0,2673.77375880626,120.5616164996,832.894492723044,30.4276384212841,93.8464477010023,27.5614596385665,1923.63321044796,8.15082489385662,0,3.87185152503885,19.3001177790861,2.13861582086629,0.257207056307508,11.9883237101756,0.570942487953542,48.4991496129463,10,1e-05,29.4137676159564,5.06850688885685,6.32073246668524,12.3217404402167,1.53189773507897,59.1845909032029,17.3817310443203,94.7770328862308
"819",5.06,10,0.091,1.13360407379584,1.01108594048191,4,1.22695319157362,1.82114021891041e-15,11.3476595777218,0.5050312690941,3.66181408952466,0.13126922375592,0.410417625156412,0.124855139621731,8.03171137811161,280.365457488267,4.16140415242941e-13,2593.00174674853,115.402383544761,836.744375822392,29.9957294420143,93.7826528578871,28.5300764366671,1835.2896022463,8.25900879848182,1.03535955756404e-12,3.71247622071435,18.1279070037923,2.11926425924142,0.257808936801491,11.7499416508489,0.579649756646875,45.9522819461331,10,1e-05,31.907639503813,5.22706052807314,6.59980759549023,12.5556932445233,1.52960786226571,59.3628053026235,18.0590473948872,90.7583385726612
"820",5.06,10,0.096,1.19589001191649,1.00563942830068,4,1.22105947810975,1.80677987550731e-16,11.0529738995549,0.48595078695804,3.68223786054666,0.129828598449981,0.410499866033422,0.128958881481331,7.70271447149558,277.515695540156,4.10635012321897e-14,2512.05923586177,110.444227376797,836.878808390077,29.5067312000437,93.2961562345501,29.3090667014627,1750.63066331006,8.35590466045365,1.21526658287003e-13,3.5621564733649,17.0564423643131,2.09420246104854,0.257847970885111,11.5014693990107,0.585923736959828,43.6267264618642,10,1e-05,34.4267599295874,5.37606961903701,6.85635354384359,12.749670724696,1.52315944121918,59.3747006230741,18.6526126174597,87.0406735279
"821",5.06,10,0.101,1.25817595003714,0.998815147806468,4,1.21545363348942,5.41876834514092e-18,10.7726816740693,0.468250156650193,3.69430169383586,0.128354830525131,0.409650608120467,0.132534352341959,7.39742944948048,274.367051132356,1.22319062666129e-15,2431.74138631402,105.699148970042,833.922935275699,28.973821279115,92.471342589941,29.9172740315941,1669.83819710739,8.44268623126946,4.38239216571231e-15,3.42026064851477,16.0749860033949,2.06472728986744,0.257380909673555,11.2466281884322,0.590047154398597,41.4942363535785,10,1e-05,36.9593507329108,5.51539206798831,7.09132197012402,12.9079294306173,1.51342033976128,59.2518639585444,19.1697687227409,83.5909527791294
"822",5.06,10,0.106,1.32046188815779,0.990883329364778,4,1.21011142342993,2.34050298822501e-14,10.5055711716349,0.451772592478073,3.69931061997023,0.126855669242693,0.408052074871617,0.135634147123232,7.11324073522463,270.991907370036,5.24131378899498e-12,2352.61374671078,101.169788304397,828.42226050435,28.4080119426872,91.3790316616765,30.3738610526065,1592.93651567811,8.5202397524328,2.3276260910761e-11,3.28616400761354,15.1737222329971,2.03190201813319,0.2564593171611,10.9883506071189,0.592291479049063,39.5304908935093,10,1e-05,39.4948789459541,5.64506153039862,7.30593060183701,13.0346091938443,1.50112426997326,59.0206521094307,19.6181230399043,80.3796203080383
"823",5.06,10,0.111,1.38274782627844,0.982062320055324,4,1.20501119938071,2.90436339334431e-14,10.2505599681982,0.436377175897376,3.69844864153078,0.12533970439744,0.405858916673835,0.138313364914748,6.84779129744196,267.447517279363,6.44612082631432e-12,2275.07164715711,96.8522054824985,820.856194092623,27.8186566024052,90.0787973471894,30.698109753681,1519.84046479344,8.58918462369801,3.6687820654835e-11,3.15926849593338,14.3437969325742,1.99662124415644,0.255129294958516,10.7289143002229,0.592917621602456,37.7142091479116,10,1e-05,42.0232702703722,5.76519175949387,7.50167583449053,13.1338212614541,1.48692040791502,58.7034337077035,20.0056451012692,77.3800416610942
"824",5.06,10,0.116,1.44503376439909,0.972528715698151,4,1.20013380620028,9.5763616001277e-15,10.0066903100053,0.421945902567142,3.69266837776511,0.123813638285048,0.403192313049623,0.140619272181366,6.59909346605412,263.779197161436,2.10480278245552e-12,2199.38537068076,92.7401185182047,811.617083893519,27.2131840097638,88.6182391400308,30.9069193199914,1450.42458388889,8.65009171520546,1.61555191431753e-11,3.03902041378581,13.5774382625889,1.95956003604324,0.253437083288755,10.4700836411791,0.59215074442562,36.0279742698786,10,1e-05,44.5370773754177,5.87606658048017,7.67987962660913,13.2090226915123,1.47128987180138,58.3177361594975,20.3391715283128,74.5697561664116
"825",5.06,10,0.121,1.50731970251974,0.962425620505891,4,1.19546198516231,4.30475900044541e-16,9.77309925810694,0.408378121606459,3.68275151174789,0.122284176393312,0.400146430829273,0.142593062796543,6.36543401824033,260.022772886595,9.3632033958183e-14,2125.72913261133,88.8255861619165,801.028616403031,26.597809901605,87.0351259984023,31.0151590288464,1384.5340333635,8.70345793371848,1.05750906710507e-12,2.92490271156274,12.8679153833949,1.92124179279126,0.251425911954675,10.2131228177049,0.590184134941054,34.4571537200466,10,1e-05,47.0304944043543,5.97817019572085,7.84200049013133,13.2634528617291,1.45463728394956,57.8771797551461,20.624660602892,71.9294044061157
"826",5.06,10,0.126,1.56960564064039,0.951869306607099,4,1.1909811187911,2.3740575356365e-17,9.5490559389597,0.395571609525297,3.66960917280724,0.120759468546762,0.396822866277645,0.14429018664998,6.1451042753837,256.206792010038,5.10713105065918e-15,2054.21643571361,85.0963390499395,789.415364577631,25.9780743397576,85.3655124847169,31.04006038118,1321.94996891414,8.74939946863875,1.01769692397911e-13,2.81645955756966,12.2089719871666,1.88223190640421,0.249123907198427,9.95913382924155,0.587234010182225,32.9871236454343,10,1e-05,49.4943947670332,6.07156977851411,7.98982802713128,13.3005509660223,1.43738617670376,57.3964593783986,20.8701325970531,69.4396783118358
"827",5.06,10,0.131,1.63189157876104,0.940954541714948,4,1.18667737857256,1.30677598375945e-15,9.33386892843362,0.383461289822454,3.6536410894585,0.119242216849284,0.393268333829878,0.145733161635431,5.93696594190102,252.353739975523,2.77893396104478e-13,1984.90067735585,81.5452391440501,776.967699984446,25.3575402449193,83.630763211556,30.9909913521702,1262.52980515075,8.78849068129333,1.87296752012846e-11,2.71326468395525,11.5956762979613,1.84275850621897,0.246576518838901,9.70876167133606,0.583421964453363,31.6087648194056,10,1e-05,51.9278628396305,6.15699332769672,8.12426939825018,13.3222748031098,1.41970818460874,56.8823318051535,21.0788444989487,67.0877151434815
"828",5.06,10,0.136,1.69417751688169,0.92975770378533,4,1.18253853159805,8.85653318712605e-23,9.1269265803842,0.371974985856732,3.63541610919035,0.117737499047062,0.389542237092423,0.146959225161745,5.73978891980213,248.481194009439,1.86098117086076e-20,1917.79764779894,78.1613335697563,763.892686280614,24.7396203685339,81.852656470338,30.8798426124388,1206.07453038102,8.82094004406695,-1.04714494450306e-18,2.61493162250701,11.0233615277901,1.80313515226487,0.243811433524485,9.46253910118165,0.578894619275532,30.3120012931535,10,1e-05,54.3263345231434,6.23480905110457,8.24676247455559,13.3310618507894,1.40184580402393,56.343389173048,21.2561823273948,64.8596147937641
"829",5.06,10,0.141,1.75646345500234,0.91834580790172,4,1.17855507075343,6.44202083219203e-24,8.92775356967725,0.36105873853883,3.61535179382404,0.116249200750817,0.385688009207931,0.147995580896452,5.55264232374828,244.604570545346,1.33701663859896e-21,1852.92090462056,74.9363520412123,750.35235505231,24.1270743570051,80.0480624095784,30.7159134147575,1152.42955097897,8.8470251426912,-2.79125401970977e-20,2.52114821440864,10.4882531921906,1.7635844168833,0.240859205815389,9.2209180057329,0.573767965400894,29.0893021152327,10,1e-05,56.6865435530194,6.30544499974876,8.35839529352919,13.3288001669683,1.3839631110151,55.7859136518352,21.4060808208628,62.7448582583556
"830",5.06,10,0.146,1.81874939312299,0.906767896359696,4,1.17471612794392,2.47298358688419e-14,8.73580639708732,0.350659365997956,3.59378798453904,0.114779663740655,0.381738717185957,0.148866635973065,5.37460477447777,240.734041107146,5.06787400207293e-12,1790.22482647049,71.8604641757228,736.473334978926,23.521744217107,78.2295414604375,30.5071719127136,1101.41530871666,8.86702295750396,-6.68621840371254e-11,2.43157805742073,9.98674663125719,1.72425966713492,0.237745561810026,8.98408299839574,0.568138795887086,27.933459282256,10,1e-05,59.0072897422995,6.36937597361946,8.46024223677937,13.3171214112523,1.36617840402604,55.2146880537768,21.5320702271441,60.7330339515988
"831",5.06,10,0.151,1.88103533124364,0.895068434164392,4,1.17101337625358,4.94244301004771e-13,8.55066881681913,0.340734552204597,3.57101466620753,0.113331195626592,0.377722304435574,0.149593154932369,5.20493961361004,236.878986649561,9.99784388064734e-11,1729.67602725786,68.9256477162892,722.364366279262,22.9252537333927,76.407732417106,30.260521074028,1052.88363587156,8.88118846157736,-9.83361359639665e-10,2.34595291947459,9.5158813216261,1.68529251620653,0.234494828533552,8.75222443923684,0.56209155881303,26.8386915893088,10,1e-05,61.2870184402998,6.42702763768687,8.55322573818626,13.2974160533999,1.34858643505421,54.6337541135614,21.6371539294178,58.8158176337934
"832",5.06,10,0.156,1.94332126936429,0.883283419451732,4,1.16743889765374,1.34127151657019e-25,8.37194471829588,0.331246350352579,3.54727153427743,0.111905466476683,0.373660929812466,0.15019311014261,5.04298346311993,233.046549263647,2.67747373494667e-23,1671.22479056162,66.1240764385951,708.113625497601,22.3387989371797,74.5909618588607,29.9818569624973,1006.69071112474,8.88977081235395,-2.12979596898039e-22,2.264021294432,9.07300958012745,1.64678077954244,0.231128676550512,8.52543846808914,0.555697663825749,25.7998658583339,10,1e-05,63.5248942655143,6.47881941977661,8.63819122829512,13.2708772261437,1.33125713096229,54.0463168880751,21.7239314510271,56.9857131332552
"833",5.06,10,0.161,2.00560720748494,0.871442744471394,4,1.1639854314687,6.79692491555461e-20,8.19927157661458,0.322161374595132,3.52275724230273,0.110503651335042,0.369572364538673,0.150681978144285,4.88815074155605,229.24234491678,1.33862758393718e-17,1614.81423393843,63.4484134914082,693.793160090561,21.7632587737354,72.7858211733662,29.6762219462741,962.702030460196,8.89301265092941,-9.03850791006198e-17,2.18555461425868,8.65579196382797,1.60879793066208,0.227666521057791,8.30376650301803,0.549017868384712,24.8124953274447,10,1e-05,65.7205188210533,6.52514660299989,8.7158893364109,13.2385139624309,1.31423975748745,53.4549468068737,21.7946413187894,55.2361033795834
"834",5.06,10,0.166,2.06789314560559,0.859571484167967,4,1.16064638374176,0,8.0323192178598,0.313450193847981,3.49763803499461,0.109126603699457,0.365470974329825,0.151073131166245,4.73992336391762,225.470828834762,0,1560.3836766179,60.8918237245339,679.462201201919,21.1992783751383,70.9975446884502,29.3479431598304,920.792469132911,8.8911483452463,0,2.11034535434173,8.2621605066503,1.57139945815447,0.224125779749731,8.08721110085597,0.542104042073279,23.8726394251973,10,1e-05,67.8737836085803,6.56638299492066,8.78699694447958,13.2011928684981,1.29757001321204,52.8617217270659,21.8512176918856,53.5611340122691
"835",5.06,10,0.171,2.13017908372625,0.847690589516954,4,1.1574156681635,3.08190562132381e-18,7.87078340131946,0.305086647352728,3.47205209178405,0.107774841119102,0.36136827769388,0.151378128762318,4.59783956809107,221.735463633939,5.90425540812484e-16,1507.86951884199,58.4479120682898,665.169049901066,20.6472964043566,69.2302383673375,29.0007302375737,880.845245479366,8.88440538706516,-3.13217033451325e-15,2.0382037362075,7.89027412694019,1.53462568445712,0.220522011481262,7.87574255313973,0.535000446119567,22.9768131740186,10,1e-05,69.9848607583423,6.60287775840163,8.85211486918921,13.1596480455,1.28127125030141,52.2683076856427,21.8953325441817,51.9555871194291
"836",5.06,10,0.176,2.1924650218469,0.835817645491242,4,1.15428766732515,7.86022497642976e-18,7.71438336654211,0.297047398723833,3.44611442696361,0.106448651866067,0.35727350496627,0.151606909077441,4.46148621543292,218.038924073063,1.4847555296198e-15,1457.20680965585,56.1107053725475,650.953053695017,20.1075955144613,67.4871029361124,28.6377549314804,842.751492298298,8.87300378538883,-7.18047832751839e-15,1.96895585154597,7.53848976372993,1.49850508911048,0.216869031279172,7.66930807221093,0.527744714961481,22.1219179261652,10,1e-05,72.0541307700752,6.63495903031601,8.91178459820777,13.1145103411525,1.26535793728937,51.6760397583213,21.9284233289611,50.4147942343919
"837",5.06,10,0.181,2.25475095996755,0.823967473943017,4,1.15125720050613,1.38777878064267e-26,7.56286002538854,0.289311536115075,3.41992129370209,0.105148110034547,0.353194073738907,0.151768142943265,4.33049237049846,214.383258143303,2.58427514238796e-24,1408.33045162431,53.8746248045407,636.846283536976,19.5803287110009,65.7706168975658,28.2617550207126,806.409778235503,8.85715604511601,-1.154131226016e-23,1.90244212302444,7.20533533212191,1.4630570978074,0.213179200185044,7.46783738888922,0.520369209398594,21.30518739009,10,1e-05,74.0821310211847,6.66293061804791,8.96648651358905,13.0663153527552,1.24983768651065,51.0859908255956,21.9517441953139,48.9345637866326
"838",5.06,10,0.186,2.3170368980882,0.81215256918506,4,1.14831945550492,3.53744192258563e-17,7.41597277524511,0.281860259873291,3.39355224432833,0.103873124055025,0.349135852947664,0.151869266648845,4.2045237919276,210.769994703573,6.49285015344213e-15,1361.17570338732,51.7344587308411,622.874571300266,19.0655463529481,64.0826570723302,27.8750694101389,771.725544757898,8.83706810587339,-2.70515888730616e-14,1.83851559574563,6.88948754664836,1.42829340455104,0.209463453211328,7.27124773941751,0.512901435877273,20.5241415674574,10,1e-05,76.0695411303139,6.68707611282546,9.01665030621198,13.0155209747129,1.23471212871957,50.4990097703501,21.9663707280889,47.5111188487818
"839",5.06,10,0.191,2.37932283620885,0.800383485768418,4,1.14546997014298,5.12912543661358e-18,7.27349850605979,0.274676515288023,3.36707488487103,0.102623490931395,0.345103597230371,0.151916857243208,4.08327697161542,207.200245945415,9.27790408873454e-16,1315.6789078906,49.6853195688788,609.05895610238,18.5632213109069,62.4246397431571,27.4797340868902,738.610365033278,8.81293668743632,-3.63595764419719e-15,1.77704049369879,6.58975098526533,1.39422053660078,0.205731518333855,7.07944712929116,0.505365220464788,19.7765372081632,10,1e-05,78.0171088683176,6.70765671998817,9.06266389483797,12.962522250523,1.21997995694431,49.9157843034009,21.9732542316575,46.1410297792543
"840",5.06,10,0.196,2.4416087743295,0.788669149427073,4,1.14270458022586,1.0015936332138e-18,7.13522901131515,0.26774486254352,3.3405446992057,0.101398899627751,0.341100979767644,0.151916560923556,3.96647658442154,203.674781949292,1.78523275723895e-16,1271.77770894261,47.7226375392807,595.416107519323,18.0732615664307,60.7975752255521,27.0774905045676,706.981723377138,8.78495233919059,-6.62535548672468e-16,1.71789126013784,6.30504421915658,1.36083994522622,0.201991951656854,6.89233686365284,0.497780838864962,19.0603479860775,10,1e-05,79.9256735750433,6.72491645007955,9.1048738718099,12.9076578918977,1.20563572153105,49.336845713592,21.9732113719832,44.8211854039634
"841",5.06,10,0.201,2.50389471245015,0.777017114488883,4,1.14001940316798,2.79116352922642e-17,7.00097015837797,0.261051214669036,3.31400829471345,0.100198956002271,0.337130908727453,0.151873343014446,3.85387127591571,200.194096687068,4.90144693929423e-15,1229.41144062535,45.8421251116452,581.959302736406,17.5955246288964,59.202165814399,26.6698502070516,676.762410083737,8.75329782902003,-1.73233028077747e-14,1.66095128181371,6.03438442414587,1.32814971233379,0.198252384717941,6.70981433094569,0.490165804984862,18.3737296498856,10,1e-05,81.7961187178492,6.73908001378507,9.14359122481312,12.8512172009907,1.191672452861,48.7626146383387,21.9669603336095,43.5487454178475
"842",5.06,10,0.206,2.5661806505708,0.765432621192957,4,1.13741055162885,5.48485595171998e-18,6.87052758258689,0.25458205181905,3.28750182441629,0.0990230848484376,0.333195241906512,0.151791541193344,3.74522034636533,196.75811761871,9.48813012965923e-16,1188.51726165307,44.0395820345533,568.697617332547,17.1297828630784,57.6387026682241,26.258080578622,647.877324825975,8.71814508754752,-3.20880459981538e-15,1.60610688561744,5.77685091777465,1.2961419158032,0.194519127631622,6.53175687983525,0.482534441685049,17.7149346580335,10,1e-05,83.6295453717253,6.75035581439144,9.17909818412122,12.793442784135,1.17807961896377,48.1933597893579,21.9551285182053,42.3209899139282
"843",5.06,10,0.211,2.62846658869145,0.753924547465292,4,1.1348753949679,3.72901807804117e-18,6.74376974827574,0.248327466352116,3.26106534379281,0.0978711455493383,0.329296831858383,0.15167498211992,3.64034465259758,193.367954599231,6.35376008336821e-16,1149.05034358343,42.3117590285551,555.642970267666,16.675965760712,56.1078820765725,25.8434372499841,620.267214030976,8.67967375497339,-2.06450893063142e-15,1.55327320724702,5.53170105304637,1.26481905217883,0.190799242243018,6.35811054483432,0.474902002431598,17.0826157173982,10,1e-05,85.4263511099687,6.75893390635505,9.21163700921633,12.7345688609918,1.16485136583256,47.6294937599966,21.9382694138252,41.1358945743527
"844",5.06,10,0.216,2.6907525268121,0.742492867898615,4,1.13240973086053,6.93889390390723e-27,6.62048654464202,0.242274062855422,3.23471531111517,0.0967421479568752,0.325435397770585,0.15152699315919,3.53900757095804,190.022189606863,1.16436990705492e-24,1110.94007335989,40.6544086068156,542.796188889915,16.233660203597,54.6091623682483,25.4267428475496,593.857461077874,8.63802966382475,-3.64767579042537e-24,1.50233487814099,5.29808684176757,1.23416009170047,0.187096410676804,6.18869920309907,0.467276689846193,16.47510177277,10,1e-05,87.1881997103893,6.76499554313431,9.24144967090243,12.6747576334397,1.15197165892382,47.0709759335375,21.9168642905453,39.9907855518259
"845",5.06,10,0.221,2.75303846493275,0.731146019020881,4,1.13001154670276,2.00835504005607e-18,6.50057733510937,0.236414227756044,3.20848410501597,0.0956359841678904,0.321613354918368,0.151350569474808,3.44107025396029,186.721978303173,3.31858579063759e-16,1074.14890021798,39.0648506508023,530.166705987169,15.8027944164863,53.1430692494283,25.0090167946591,568.599008722058,8.59338474524112,-1.00540333474671e-15,1.45322417580782,5.07541338135433,1.20416728532839,0.183416683071477,6.02348440965718,0.459671207770404,15.8913319815206,10,1e-05,88.9153470443968,6.76870282916428,9.26872813458453,12.6141920044347,1.13943409356884,46.5181556553928,21.8913463688363,38.8840938697513
"846",5.06,10,0.226,2.8153244030534,0.719882722366723,4,1.12767706611227,6.96268378493579e-18,6.38385329795903,0.230736310662665,3.1823796679747,0.0945516472108913,0.31782978509419,0.151148269111669,3.34632719446714,183.465723404573,1.13278336132568e-15,1038.61140623934,37.5392968639247,517.752471410867,15.3829379668462,51.708838633081,24.5908402035026,544.425667534314,8.54586929257426,-3.32772972247229e-15,1.40583883962895,4.86295747381075,1.17481789100213,0.179762617384746,5.86229509895821,0.452090922155721,15.3298651619639,10,1e-05,90.6094280627104,6.77020945278785,9.29367042264819,12.5529864755761,1.12722256306245,45.9709001160237,21.8620856443118,37.8134972974787
"847",5.06,10,0.231,2.87761034117405,0.708710218412617,4,1.1254045639645,2.60049206422388e-18,6.27022819807917,0.225233963650495,3.15642708489264,0.0934889998637091,0.314086509267056,0.150922466478848,3.25466218296402,180.254371438543,4.16516937532502e-16,1004.29310384123,36.0753882154261,505.560221094734,14.9739937498445,50.3067679997833,24.1730264850405,521.294390319784,8.4956446963336,-1.18923362408983e-15,1.36012042047666,4.66021938630603,1.14611199072227,0.17613912933211,5.70509173813857,0.444546064515571,14.7898092416686,10,1e-05,92.2707090719948,6.76965658401983,9.31643653751734,12.4912868233901,1.11533006435556,45.429472700387,21.8294255515005,36.7776826674935
"848",5.06,10,0.236,2.9398962792947,0.697627433230452,4,1.12319084763531,7.69698698964382e-17,6.15954237814355,0.219897480609893,3.13063076592035,0.0924471351926583,0.310382568920703,0.150675158399721,3.16590387143564,177.086537062409,1.21353621664571e-14,971.136857045295,34.6698723836093,493.587142670412,14.5755666252756,48.9360952418909,23.7560180253536,499.148434520584,8.44283244400261,-3.37458221638185e-14,1.31598217951472,4.46659578454749,1.11802891175674,0.172548195620068,5.55172540707312,0.437040653729779,14.2699601709783,10,1e-05,93.9006181734121,6.76717412116841,9.33718616066304,12.4291764893665,1.10374164491258,44.8937347686905,21.7936549109357,35.7747137472228
"849",5.06,10,0.241,3.00218221741535,0.686637394453801,4,1.12103378230106,3.22179891572484e-20,6.05168911601993,0.214719940565861,3.10500299186572,0.0914255869788009,0.306718314440265,0.150408187768897,3.07992799758673,173.9620796745,4.99958920526109e-18,939.101426547047,33.3202513591965,481.834523087942,14.1874272634745,47.5965637224267,23.3403502708387,477.943384193228,8.38756791533072,-1.35655185572704e-17,1.27336036891366,4.28160621550672,1.09055917544798,0.168992805465856,5.40211253134787,0.429580859635824,13.7694065010814,10,1e-05,95.4998977061149,6.76288292060862,9.35605631423441,12.3667524935822,1.0924469088274,44.3637370006399,21.7550402788933,34.80318637273
"850",5.06,10,0.246,3.064468155536,0.675741677561721,4,1.11893113311794,2.3951488889904e-18,5.94655665589038,0.209694360441718,3.0795514474895,0.0904237834675598,0.303093584832596,0.150123178266432,2.99660983638764,170.880498619028,3.65781435785961e-16,908.143974502983,32.0240234714269,470.301765045705,13.8093049237973,46.2877306488921,22.9264543609202,457.635119671509,8.32997602318821,-9.70009916803041e-16,1.23219045341346,4.10478556737623,1.06369024830157,0.165475242214008,5.25615585574832,0.422171359222254,13.2872464017162,10,1e-05,97.0694371080024,6.75689607841201,9.37317563115037,12.3040924570909,1.08143495955017,43.8394561101866,21.7138165044567,33.8616911511803
"851",5.06,10,0.251,3.12675409365665,0.66494157238562,4,1.11688078622242,2.42458799442865e-16,5.8440393113689,0.20481420042597,3.05428210124226,0.08944116027319,0.299508115370591,0.149821581556005,2.91583279085709,167.841265351714,3.64359313869006e-14,878.223499665413,30.7788216840614,458.987726297498,13.4409309390591,45.009119761951,22.514707151876,438.18200761313,8.27017654457547,-9.45761711688354e-14,1.19241164404185,3.93570106658767,1.03740949804786,0.161997468208199,5.11376072888542,0.414816203968452,12.8226373823703,10,1e-05,98.6101070001415,6.74931665224702,9.38865970019075,12.2412639067851,1.0706948393678,43.3208538072023,21.6701935562606,32.9489105366851
"852",5.06,10,0.256,3.1890400317773,0.654237056172685,4,1.11488054267011,4.95765451926204e-18,5.74402714031877,0.200072863263013,3.02919703919707,0.0884770659997587,0.295961206201845,0.149504668057466,2.83747986572698,164.843533113878,7.33026773393925e-16,849.297921949945,29.5822883243588,447.889727489035,13.0820043948561,43.7601061528196,22.1053976245619,419.542891192362,8.20827779355594,-1.86487651430312e-15,1.15396274868079,3.77393386447594,1.01170178608574,0.158560805694304,4.97482130050702,0.407518168611709,12.3747460151034,10,1e-05,100.122903254113,6.74024011818302,9.40261636457262,12.178318738566,1.06021495818789,42.8078288650349,21.6243551878318,32.0635224827149
"853",5.06,10,0.261,3.25132596989795,0.643631101259171,4,1.11292890208519,2.47896472376977e-20,5.64644510853365,0.195465554457409,3.00430433091489,0.0875311505068945,0.292453114050028,0.149173641490323,2.76146429523489,161.887338001129,3.60591767702222e-18,821.335456449523,28.4325424766464,437.007997335526,12.7323361997231,42.5404138889687,21.6988917041842,401.684333027161,8.14440224751213,-9.00227561476164e-18,1.11679709909504,3.61914061375146,0.98655963374366,0.155167375360103,4.83927549096608,0.400281680174307,11.9429223955515,10,1e-05,101.608351290896,6.72975946398924,9.41514120280803,12.1153201230359,1.04998744244268,42.3004184161961,21.5764755051603,31.2045465361543
"854",5.06,10,0.266,3.3136119080186,0.633124322420818,4,1.11102405050337,2.58410983011596e-16,5.55120252516866,0.190986816623142,2.97960614230628,0.0866028761579385,0.288983355925859,0.148829544576863,2.68768911185852,158.972094912008,3.6975018946721e-14,794.2999022452,27.3275581436788,426.340213103858,12.3916675269047,41.3495004589884,21.2954386320121,384.570944608051,8.07865593242576,-9.0684022640126e-14,1.08086298216097,3.47096771062741,0.96197044118016,0.151818373302127,4.70703552479377,0.393109306047801,11.5264666934633,10,1e-05,103.067262684728,6.71795620002849,9.42632222532271,12.0523117163597,1.04000228084502,41.7985526011162,21.5267053275974,30.3708869640013
"855",5.06,10,0.271,3.37589784613925,0.622714068536723,4,1.10916371503129,2.10710775339523e-16,5.45818575319246,0.18663022978422,2.95509653159784,0.0856914436949936,0.285550373989184,0.148473227124208,2.61604182636513,156.096358023259,2.96540395083416e-14,768.148926927123,26.2651029523978,415.880721608872,12.0596464645135,40.1864691459312,20.8951390168721,368.164407109723,8.01111966382124,-7.15199477634982e-14,1.04610120223012,3.32904306726478,0.937914695785084,0.148513746480359,4.57797757750798,0.386001153438339,11.1246015313981,10,1e-05,104.500845626245,6.70490476572266,9.43624494011645,11.9893115285913,1.03024682899834,41.3020060937955,21.4751675712454,29.5612726379259
"856",5.06,10,0.276,3.4381837842599,0.61240485051031,4,1.10734701386563,1.88912719848864e-24,5.36735069328053,0.182392738747072,2.93078576828283,0.0847967209990058,0.282154960924098,0.148105650179265,2.54646569769166,153.260698242609,2.614618090663e-22,742.8601013638,25.2437927268841,405.630996988475,11.7361626538583,39.051233066395,20.4983397940549,352.439755552935,7.94191721796342,-6.2068772587128e-22,1.01247938974018,3.1931157691699,0.914389937881392,0.145255667959267,4.45207114569506,0.378961908321559,10.736871347185,10,1e-05,105.909279806531,6.69068409613936,9.44498383492915,11.9263784435122,1.02071664498722,40.8108935480616,21.4220012419289,28.7750623839158
"857",5.06,10,0.281,3.50046972238056,0.602193788439989,4,1.10557185083241,6.41014666654834e-22,5.27859254174957,0.178268515221777,2.90666635283012,0.0839179350496647,0.27879550710908,0.14772746696996,2.47885908754885,150.463681281456,8.72394014262145e-20,718.394254718478,24.2615955142601,395.58507153965,11.4208781849898,37.9428965134907,20.1050872360301,337.362301156426,7.87112126070021,-2.04016096864273e-19,0.979943643083835,3.06285512418547,0.891377154501678,0.142043771248504,4.32919865444153,0.371991076238862,10.3625770049019,10,1e-05,107.293727272996,6.67535521295912,9.45260772743799,11.8635196777952,1.01139944813361,40.3249821482573,21.367300822535,28.011107689302
"858",5.06,10,0.286,3.56275566050121,0.592082042185387,4,1.10383693973288,1.68654650429228e-15,5.19184698668296,0.174253700368378,2.88274010747156,0.0830547076795427,0.275471738435769,0.147339392413956,2.4131529359473,147.705018670777,2.25677701061452e-13,694.723856849181,23.3169820105782,385.741014882256,11.1135954115392,36.8610224973745,19.715563888187,322.905301163223,7.79882765840213,-5.20311871169833e-13,0.94845576895347,2.93800376456117,0.868867126406743,0.138878911842505,4.2092957036937,0.365090714290509,10.0012085280548,10,1e-05,108.654751377889,6.65898247180808,9.45918070721421,11.8007671808679,1.00228811973692,39.8442322473497,21.3111697187547,27.2686281762045
"859",5.06,10,0.291,3.62504159862186,0.582068649563558,4,1.10214071703944,3.58495904084877e-16,5.10703584497906,0.170343840870879,2.85900387737764,0.082206480523948,0.272182729764019,0.146942035682864,2.34926890176982,144.983872287931,4.71592452488337e-14,671.817873408479,22.4083089282832,376.094854876492,10.8140582134921,35.804961672308,19.3298596139341,309.040485627949,7.72511420519762,-1.07269134824997e-13,0.917973270970184,2.81829473087083,0.846846448965284,0.135761104189249,4.09227603910897,0.358261330014957,9.65221146068193,10,1e-05,109.993162601053,6.64162172881996,9.46476490518802,11.7381322181292,0.993373914181004,39.3685100330677,21.2536960411695,26.5467385899989
"860",5.06,10,0.296,3.68732753674251,0.572156556112992,4,1.10048233353381,1.23768475612446e-24,5.02411667671324,0.166536287922866,2.83546189248148,0.0813730533647331,0.268928733402903,0.146535943899349,2.28715824933307,142.300489136044,1.60041775161604e-22,649.65537272833,21.5343713462682,366.646153174553,10.5221364700256,34.7744703752613,18.9481792278573,295.746444712585,7.6500869124174,-3.59386334634856e-22,0.88846746531571,2.70352371365745,0.825310134354927,0.132691629235588,3.97810198782905,0.35150572200373,9.31520065264984,10,1e-05,111.309256829769,6.62333520961127,9.46940653241582,11.6756508773499,0.984651408289895,38.8978519993959,21.1949589256018,25.8448882174637
"861",5.06,10,0.301,3.74961347486316,0.562341685866725,4,1.09885987175497,9.39396664446699e-17,4.94299359592568,0.162825829019983,2.81210431626891,0.0805536689369162,0.265707902957482,0.146121589951551,2.22673109923429,139.653245095961,1.19387190300053e-14,628.201205543248,20.6934077697862,357.388146941888,10.2375030343582,33.7686104019724,18.5704790390832,282.993520791253,7.5737930667828,-2.6483186107457e-14,0.859890872394556,2.59341781049857,0.804239188959694,0.129669343638216,3.86665766802589,0.344822159543049,8.98957131150474,10,1e-05,112.60416756833,6.60416365289913,9.47316476340226,11.6133144465858,0.976110256113189,38.4319910837703,21.1350267705923,25.1620614213475
"862",5.06,10,0.306,3.81189941298381,0.552627795889492,4,1.09727275394284,0,4.86363769720132,0.159210510544943,2.78893739222411,0.07974822256453,0.26252082226193,0.14569949739491,2.16795077514726,137.042653711232,0,607.438592017727,19.8844186966257,348.321217210123,9.96006508839865,32.7872445642659,18.1969758163077,270.76378801344,7.4963401903069,0,0.832220751156645,2.48780801959663,0.783631201869334,0.126695572158851,3.75791978860889,0.338213804764609,8.67501443070222,10,1e-05,113.878020671296,6.58416287216022,9.47608108007336,11.5511578869223,0.967746694951303,37.9710117319656,21.0739753031998,24.4978437591641
"863",5.06,10,0.311,3.87418535110446,0.543010782381238,4,1.09571919507221,8.20438701157604e-17,4.78595976138733,0.155685578329311,2.765950294627,0.0789559919904148,0.259365626503914,0.145269985627546,2.11073538060825,134.467138249304,1.00684595788585e-14,587.335072511589,19.1058021788609,339.438628373943,9.68951382647483,31.829462980176,17.8275960927802,259.030367915789,7.41776927108706,-2.18305840062854e-14,0.805413608427456,2.38645034595931,0.763467881692252,0.123769081639105,3.65177894377437,0.331678622533737,8.37098204575993,10,1e-05,115.131904498453,6.56336894137644,9.47820311973994,11.4891677733755,0.959550892335447,37.5146442175261,21.0118507211682,23.8513098008732
"864",5.06,10,0.316,3.93647128922511,0.533494230592408,4,1.09419869939271,2.6464521623073e-20,4.70993496967062,0.152249328457124,2.74314891759115,0.0781768878677716,0.256242891399616,0.144833530916677,2.05505287630914,131.927204673987,3.19081932989323e-18,567.875428009342,18.3566552656184,330.740631389095,9.42576361334642,30.8951275473948,17.4625348097245,247.777100794557,7.33818281073032,-6.84505317091234e-18,0.779449127825547,2.28919510871841,0.74374706944269,0.120890992361508,3.54821380326506,0.325219516424674,8.0771990735251,10,1e-05,116.365916774222,6.54183122855815,9.47956641976526,11.427374878959,0.951519472216612,37.0629718120405,20.9487219117881,23.2220975022933
"865",5.06,10,0.321,3.99875722734576,0.00296919858331951,-1,1.00242692915088,3.18244338576907e-06,0.122333946084547,0.00582637479086457,0.104639776121988,0.00315308360344342,0.0118470696322855,0.00435077291049039,0.0200825720895598,0.672667443649039,2.13554324470953e-06,0.0820908341457834,0.00390972401313272,0.0702173581545825,0.00211584168926567,0.00794984433531931,0.00291953778025109,0.0134761866790876,0.0728439891345779,-3.03824028479941e-06,0.000132915010116567,0.000440125883699503,0.00105830644499844,-9.05476907495381e-05,0.0782608803814715,0.00466068477166328,0.0696297489165328,10,1e-05,221.723110605164,1.04444102520096,0.119922677632606,0.125534936672862,0.413457529330859,1.71356015161377,0.629295793773331,0.226933064612026
"866",5.06,10,0.326,4.06104316546641,0.514752712624787,4,1.09125133717919,2.00870432741829e-17,4.5625668653284,0.145627987679828,2.6980723825877,0.0766558460378399,0.250089504318169,0.143940744106676,1.94802850137172,126.949756428862,2.33680836316335e-15,530.782169523907,16.9415027824554,313.87785758168,8.91768985915491,29.0939406687691,16.745218797868,226.622167909437,7.17615839721466,-4.91386194758944e-15,0.729907646314588,2.10619294134296,0.705576629023306,0.11527674620382,3.34847173681196,0.312524768086379,7.51861320050279,10,1e-05,118.777644060384,6.4966587370406,9.48017075974908,11.3043503752978,0.935918841070734,36.17294590458,20.8195892275896,22.0127220655005
"867",5.06,10,0.331,4.12332910358706,0.50552987460996,4,1.08982292581006,2.50116717118907e-24,4.4911462917534,0.142438353189283,2.67579792699241,0.0759134023282552,0.247058518079261,0.143485095992761,1.89660524386856,124.511998629192,2.85757728173125e-22,513.112348509868,16.2735464789985,305.709248656178,8.67308736380934,28.2263743365005,16.3931365843498,216.686678112547,7.09387259192532,-5.95287930923197e-22,0.706282802338775,2.02014157028307,0.68711396393926,0.112540995104864,3.25220686634277,0.306291291612223,7.25318917416848,10,1e-05,119.956069442711,6.47310071392016,9.47947727859148,11.2431444498317,0.928340514203166,35.7345440549843,20.7536842843929,21.4316392557148
"868",5.06,10,0.336,4.18561504170771,0.102504550391021,-1,1.02351914563574,9.77901773746956e-06,1.1761934087383,0.05838922774223,0.629257009703801,0.0160345212426292,0.0664856425717622,0.035756919562773,0.580608198183888,23.7108735838386,0.000226541002516601,27.247729897046,1.35264650745154,14.5773857503795,0.371456174300682,1.54020828323651,0.828345813671888,13.4503860016487,2.20428016788445,-0.00033917963393472,0.0341340290235839,0.158684255320509,0.0684062319952626,-0.00886905350955779,1.25809891370578,0.10972271383376,2.73675456085808,10,1e-05,197.028078906199,5.32291830237046,0.289675153442062,0.635309719836732,1.37592385572474,9.61648334157968,5.17188084555948,6.56087263947793
"869",5.06,10,0.341,4.24790097982836,0.487373525336059,4,1.08705127040047,2.22044604925031e-25,4.35256352003705,0.136286628337708,2.63175020139908,0.0744625579774444,0.241083378412099,0.142556300743867,1.7976836694754,119.734802232002,2.44574175858213e-23,479.419275304166,15.0114837590598,289.877854401904,8.20178394146376,26.5544702642788,15.7020657086438,198.008414599471,6.9270144835874,-5.00581300958256e-23,0.661183746522569,1.85812814557026,0.651379562884053,0.10720940667394,3.06655899845637,0.29404919803227,6.74830192334515,10,1e-05,122.261172583449,6.42418744623571,9.47624805592549,11.1213259789085,0.913597277228075,34.870299853526,20.619343339593,20.313825465072
"870",5.06,10,0.346,4.31018691794901,0.478440136616035,4,1.08570642721439,1.98553097608067e-16,4.28532136078321,0.133320040406334,2.60997296340254,0.0737535724051358,0.238138346955144,0.142083622120412,1.75010600427053,117.394690087667,2.14690442788017e-14,463.360960629061,14.4155587861195,282.20977558543,7.97478725218004,25.7492971746663,15.3631427126712,189.234536005316,6.84256445548207,-4.35776320964634e-14,0.639663580239562,1.78189162216493,0.634092519030123,0.104613154385041,2.9770782789564,0.288041103305204,6.50825313469367,10,1e-05,123.388693623842,6.39889171392311,9.47376667386891,11.0607212992181,0.906423233513614,34.444330503592,20.5509751034964,19.776197848257
"871",5.06,10,0.351,4.37247285606966,0.469602712935155,4,1.08438780442649,1.82454934590618e-20,4.21939022142903,0.130423265040081,2.58835596726817,0.0730551229119768,0.235220903090906,0.141605676202273,1.70373054082567,115.08630879214,1.93639810935083e-18,447.804783450821,13.8418489149463,274.702770445253,7.75335576440027,24.9640445761036,15.0286405948226,180.81728540258,6.7575064440504,-3.89912544796283e-18,0.618799125799695,1.70865816940141,0.61718119921995,0.102062752218866,2.88975735470418,0.282108163165885,6.2760819027697,10,1e-05,124.500142008624,6.37307176546227,9.47074053613012,11.0003194905927,0.899374658423136,34.0223514230686,20.4818450058968,19.2521551113301
"872",5.06,10,0.356,4.43475879419031,0.00324490560720039,-1,1.00224526180293,6.88036770676224e-06,0.113685594511223,0.0157792666498858,0.0963554246005736,0.00309370315741355,0.00794588658312848,0.00691491102843161,0.0195406323682119,0.734995226978044,5.04570848778776e-06,0.0833711792177475,0.0115717041675177,0.0706621222109502,0.00226876308728608,0.00582710533567647,0.00507104078669561,0.0143300967040066,0.0786086313533531,-7.20500621341252e-06,0.000135297159590678,0.00132694827227567,0.00108663760378622,-9.54000740638382e-05,0.0535376572737967,0.00755532454085653,0.0786612546374131,10,1e-05,219.710573047055,3.30114328796123,0.0797847585605877,0.122600610702311,0.41074862679698,1.1492930353837,1.00017273115235,0.220809145760795
"873",5.06,10,0.361,4.49704473231096,0.452213165386742,4,1.08182596190078,4.60468457406757e-17,4.09129807956998,0.124830387203013,2.54558636798557,0.0716885301220024,0.229466159349359,0.140634439038585,1.61443312117867,110.562803034088,4.70599571027331e-15,418.131381253287,12.7576874645771,260.159373246453,7.32658035101693,23.4514817286837,14.3728643338462,164.995348119549,6.58576615619158,-9.33341407213695e-15,0.578949421393844,1.57070187812293,0.584452009651987,0.0970975843974968,2.72138891834272,0.270466310497661,5.83427199072075,10,1e-05,126.676722259676,6.31995438469818,9.46313559805232,10.8801080018131,0.885635005529755,33.1899852882913,20.341365262541,18.243094269319
"874",5.06,10,0.366,4.55933067043161,0.443661026707367,4,1.08058139360119,1.3508068269428e-15,4.02906967883642,0.122130517878934,2.52442970461815,0.0710198859578412,0.226628070596577,0.140141474863872,1.57144502670533,108.347078218872,1.35441877681796e-13,403.984309027708,12.2457085157103,253.11798285993,7.12097874767727,22.7234056008386,14.0516202006601,157.564694555474,6.49919122079522,-2.66700133071116e-13,0.5599254069045,1.50575438741404,0.568620484251147,0.0946821701953566,2.64025469246707,0.264757536716373,5.62414290302682,10,1e-05,127.742582956356,6.29270247851485,9.45860001576973,10.8203022814574,0.878936416262346,32.7794841310889,20.2700629243104,17.7573288017703
"875",5.06,10,0.371,4.62161660855226,0.435203087675321,4,1.07936007623092,2.40472147783047e-16,3.96800381287767,0.119492388067582,2.503419933312,0.0703605993390435,0.223815343781288,0.139643760126422,1.52951802096655,106.161429362951,2.36518539946122e-14,390.276577547429,11.7527811104003,246.226115147924,6.92037991876655,22.013559082297,13.734787401444,150.437118175809,6.41220704197903,-4.62512556713126e-14,0.541475460752794,1.44334659001849,0.55313387422421,0.0923108091852661,2.56108948319507,0.25912299633336,5.42086738123383,10,1e-05,128.794073577676,6.2650153389671,9.45359900265078,10.760687370642,0.872346277911153,32.3726513245255,20.1980734646857,17.283553636922
"876",5.06,10,0.376,4.68390254667291,0.00329311069442562,-1,1.0028963196846,0,0.145094400367654,0.00565911514615701,0.128954856714539,0.00336816770219303,0.010321211220713,0.0104110162549048,0.0189524063432184,0.74639858264028,0,0.10798549427075,0.00421175692958782,0.0959737516103188,0.00250673529224065,0.00768148937738039,0.00774832614696373,0.0141051960751533,0.0805205417744884,0,0.000171942105900207,0.000474071697897612,0.0013924491399361,-0.000101886184845851,0.0435341740527558,0.00712102145527252,0.0810498776369631,10,1e-05,221.106379266741,1.02196539301744,0.0906322371370698,0.131212877088143,0.435680211322522,1.49285999096393,1.50584939110943,0.214162191678368
"877",5.06,10,0.381,4.74618848479356,0.418568825881864,4,1.0769846540411,2.22044593822801e-20,3.84923270202423,0.114394420474467,2.4618302257537,0.069069134215449,0.218264189225053,0.138634468839245,1.44872596674014,101.879037682458,2.10046535541405e-18,364.124151654912,10.821318047988,232.880657487811,6.53370212939164,20.6470403040132,13.1143431078285,137.044485084595,6.23719990461231,-4.05366785726842e-18,0.506226532287098,1.32575090830147,0.523168426235694,0.0876986351740654,2.40849815146742,0.248075902466914,5.03398496361858,10,1e-05,130.85538407416,6.20841491823323,9.44226883864095,10.642028690529,0.859478151992992,31.5697323295117,20.0520895729084,16.3706034241636
"878",5.06,10,0.386,4.80847442291421,0.000874391154360659,-1,1.00499847855353,9.33040862347768e-09,0.249678326460196,0.00471491449912122,0.249995625836802,0.00318251648660024,0.0239257227643164,0.020090775353531,0.00482032980615927,0.198600162233247,1.84380444932828e-09,0.0493395335408752,0.000931725574141241,0.0494022358324857,0.000628904723774789,0.00472801951837764,0.00397018635326267,0.000952556946055114,0.0210248801269434,-2.64096239543571e-09,7.97384112371644e-05,0.000104890282150418,0.00236942414030676,-2.60646493618852e-05,0.0201009124264953,0.00273713948252779,0.00807880923026325,10,1e-05,218.060473571838,1.00020700462988,0.0678348728270917,0.0356738988311765,0.415906863468435,3.46061654063072,2.90592974713472,0.0544697268095998
"879",5.06,10,0.391,4.87076036103486,0.402305101634759,4,1.07469438783938,6.48209079863399e-16,3.73471939192895,0.109522315581711,2.42078707184326,0.0678119555108627,0.212808108900325,0.137607076185627,1.37181133317762,97.7122378932822,5.89357872646342e-14,339.564246187686,9.9578733041106,220.100267508127,6.16552761776996,19.3487160608452,12.5113665021377,124.726393706809,6.06107401334871,-1.12343794780126e-13,0.473060619322951,1.21713901579143,0.49449767283987,0.0832565423874703,2.2632606207974,0.237321283364994,4.67185829705441,10,1e-05,132.863846682065,6.1502816435781,9.42926309006928,10.5240881970573,0.846999951672468,30.780564871343,19.9034874994892,15.5014680649071
"880",5.06,10,0.396,4.93304629915552,0.394311380910554,4,1.07357975174631,2.71351023405971e-15,3.67898758724643,0.107167089838569,2.40046327121267,0.0671956340347682,0.210114621948004,0.137086763340462,1.33474055715191,95.6713854608856,2.41812760656583e-13,327.850668748864,9.55012791922503,213.915777129107,5.98809673391459,18.7242326009385,12.2164008363579,118.944566648023,5.97269704514247,-4.58239749357918e-13,0.457219016256245,1.1659843872577,0.480632041876323,0.0810980878443449,2.19330161468351,0.232052969996161,4.49958313276023,10,1e-05,133.849101499003,6.12068034853681,9.4221664988209,10.4653755396893,0.840899450322171,30.3909789185593,19.8282294495645,15.0825682958165
"881",5.06,10,0.401,4.99533223727617,0.386408373159632,4,1.07248458834116,2.71789343433865e-16,3.62422941755532,0.104863525821136,2.38026491245252,0.0665871268421268,0.207443269734477,0.136562028116814,1.29855598100317,93.658247654449,2.37348992366794e-14,316.497766062032,9.15755263809016,207.864470107199,5.81494007855551,18.1156665021091,11.9257287131195,113.400676321209,5.88415405352219,-4.47220788450433e-14,0.441849811037958,1.11681633851249,0.467069815239095,0.078980471423122,2.12505747657208,0.226856285123105,4.33289833390583,10,1e-05,134.822256191357,6.09073773317372,9.41468735999881,10.4068233901402,0.83488645653641,30.0045945343947,19.7523317468159,14.6736825853358
"882",5.06,10,0.406,5.05761817539682,0.378597992852954,4,1.07140869268966,9.59193411841349e-24,3.57043463446476,0.102610877647087,2.36019522588012,0.0659863922727439,0.204794416194486,0.136033093919503,1.26324356457665,91.6730988105178,8.2071606308686e-22,305.497621285953,8.77970954478718,201.94572960861,5.64600334143548,17.5228546116318,11.6394195282072,108.087094035488,5.79550882555395,-1.53788212912356e-21,0.426943047705341,1.0695717082906,0.453809012817801,0.0769037700497362,2.05851102910802,0.221732415941368,4.17167247024934,10,1e-05,135.783336424468,6.06047561258227,9.40684105989058,10.3484437756421,0.828959784896034,29.6214643583705,19.6758267045169,14.2746522797162
"883",5.06,10,0.411,5.11990411351747,0.0353712318807144,-1,1.01088576200798,2.59881626205105e-06,0.543840312802296,0.0257328329563436,0.381849551861517,0.0087037298776611,0.0373321586836637,0.025453319208101,0.175264796442651,8.08091808059472,2.07746731722057e-05,4.34740420910752,0.205705652326913,3.05246652359158,0.0695767323869468,0.298429483758094,0.20347124782065,1.40104897674282,0.813925366192456,-3.02302339695799e-05,0.00581536378767521,0.0236617299043955,0.019894554732694,-0.00198096304803834,0.358062716947869,0.0395885823260797,0.721555079192793,10,1e-05,210.000401635899,3.43902960837131,0.240058801043296,0.370420351301074,0.890917213731222,5.39972343200512,3.68156809025973,1.98049219980195
"884",5.06,10,0.416,5.18219005163812,0.36324632163028,4,1.06931168565447,2.53087851412997e-17,3.46558427742037,0.0982508607542139,2.32041145228202,0.0648068394442226,0.199560065919124,0.13496224870181,1.19510925585822,87.783719246799,2.07769102229686e-15,284.502527482426,8.06577361111082,190.49108898451,5.32023120607916,16.3826179350085,11.0795461303737,98.1109032969166,5.61797634242221,-3.85220558304777e-15,0.398447886777218,0.980516314199423,0.428156216591164,0.0728691496368054,1.93030660778275,0.21169689621107,3.86476517757722,10,1e-05,137.671390112602,5.9990130210149,9.39007894226452,10.2321267614373,0.817349008682479,28.8643679345421,19.5209396522298,13.5047345911979
"885",5.06,10,0.421,5.24447598975877,0.355705721210133,4,1.06828979207359,4.40671333384525e-16,3.41448960470852,0.0961413616692244,2.30069431098417,0.0642277016226745,0.196974197442648,0.134420384294055,1.16224974324486,85.8792747549166,3.54253450675472e-14,274.48908815406,7.72875532029271,184.951649193024,5.16323236958397,15.8346558652141,10.8059865413892,93.4326675912681,5.52917726955284,-6.53490697446314e-14,0.384835905224055,0.938576021493556,0.415755320771086,0.0709105923033063,1.86859197672442,0.206785365136029,3.71878964746167,10,1e-05,138.598801846694,5.96784121884445,9.38117767444082,10.1741844847794,0.811660369525711,28.4903479181047,19.4425643842921,13.1334220986669
"886",5.06,10,0.426,5.30676192787942,0.348255192953573,4,1.06728506304845,8.26604256146926e-22,3.36425315244245,0.0940773654207202,2.28109006949499,0.063655417222818,0.194408775523677,0.133874174828342,1.1301690175534,84.0013898184594,6.50584447868765e-20,264.785810549164,7.40442241665742,179.534730478999,5.01004249128883,15.3010736328018,10.5366571085139,88.9507138168755,5.44040761669935,-1.19422740844406e-19,0.371631561877644,0.898275499875925,0.403631379537878,0.0689906466080573,1.80842788310369,0.201944329514843,3.57760098113605,10,1e-05,139.515487992171,5.93639270705863,9.37193651220141,10.1163806362765,0.806046314932751,28.1192852917447,19.3635606471715,12.7709098983534
"887",5.06,10,0.431,5.36904786600007,0.340892829107056,4,1.06629691417395,4.88498130835069e-24,3.31484570869841,0.0920572153110053,2.26159585237376,0.0630897440452191,0.191863093524504,0.133323901875367,1.09883959047515,82.1494116134393,3.76347652224559e-22,255.381611762299,7.09225167216144,174.23736870122,4.86054614175854,14.7814741221328,10.2715106341221,84.6565573014126,5.35167845749051,-6.87525618624332e-22,0.358820398245855,0.859543775721981,0.391777357539457,0.0671083333702596,1.7497692421872,0.197172742515956,3.44101706529802,10,1e-05,140.421803526737,5.90466581344412,9.3623827863389,10.0587088309711,0.800504655497857,27.7510778473843,19.2839691672531,12.4168873723692
"888",5.06,10,0.436,5.43133380412072,0.33361896746409,4,1.06532495008399,3.21035735125734e-21,3.26624750420444,0.090080041156628,2.24220686210003,0.062530483576396,0.189336822939667,0.132769244623724,1.06824580995003,80.3232498285305,2.42054159666093e-19,246.268159082675,6.79184473227412,169.057658827485,4.71466631266797,14.2755963140862,10.010520456332,80.5434764896217,5.26303345647136,-4.40133276486506e-19,0.346391912445588,0.82232577697267,0.380188623234441,0.0652633715600738,1.69259056826337,0.192470352541907,3.30891359094594,10,1e-05,141.31803402489,5.87267611847549,9.35250210098368,10.001156564192,0.795031926632561,27.3856780699934,19.2037435423754,12.0711776524354
"889",5.06,10,0.441,5.49361974224137,0.326433202503326,4,1.06436876932301,8.26702521232931e-23,3.21843846616719,0.0881447289202444,2.22292132029118,0.0619774724435565,0.186829643708327,0.132210292856526,1.03836858236857,78.522639159307,6.09890722443426e-21,237.436769679012,6.50278074882038,163.993583561999,4.57232008769546,13.7831521555278,9.75366942203919,76.6045038690387,5.17450215650172,-1.10394885677067e-20,0.334334894724433,0.78656409822864,0.368860327418003,0.0634552499172191,1.63686072623912,0.187836824067881,3.1811507036678,10,1e-05,142.204413843204,5.84043075905746,9.34230705740264,9.94372019795659,0.789626736798005,27.0230396659724,19.1228967587679,11.7335649807648
"890",5.06,10,0.446,5.55590568036202,0.319334429602523,4,1.06342787645236,1.48868491895379e-17,3.17139382335165,0.0862500286841661,2.20373468224336,0.061430480478621,0.184340949442406,0.131646991187497,1.00918677856576,76.7471443631758,1.07437766976149e-15,228.878163703242,6.22462843915144,159.042608851383,4.43341204230996,13.3038090990227,9.50090820578302,72.8325870508291,5.08610522865659,-1.93610981464966e-15,0.322637402906448,0.752200433603459,0.357786486616804,0.0616832437512928,1.58254402711758,0.183271293547725,3.05758248159316,10,1e-05,143.081281654009,5.80793376526989,9.3318040850034,9.88638809789588,0.784286064002789,26.6630749273496,19.0414208053596,11.403810597793
"891",5.06,10,0.451,5.61819161848267,0.312324372502377,4,1.06250211733162,1.52533534512247e-16,3.12510586628313,0.0843955273091465,2.18464740350537,0.0608894490559435,0.181870997363267,0.131079281109764,0.980691884926331,74.9970393996384,1.07666265421762e-14,220.586560684025,5.95708430459703,154.204010253161,4.29790052686134,12.8374203988972,9.25227145387139,69.2224389325805,4.997900053176,-1.93186961451834e-14,0.311292339196181,0.719192624933888,0.346965189529894,0.0599474057845621,1.5296270695069,0.178774548289587,2.93811906925055,10,1e-05,143.948694663559,5.77520721226605,9.32098108497253,9.82916256611102,0.779007896431869,26.3058210586229,18.9593072197163,11.0818182996675
"892",5.06,10,0.456,5.68047755660332,0.305400528808066,4,1.06159093255793,1.2789752207103e-21,3.07954662789985,0.0825795533236563,2.16565693324909,0.0603541622000206,0.17941901426023,0.130507434830683,0.952857374836058,73.2715576729148,8.82755341746388e-20,212.551908114835,5.69968367135395,149.474766614635,4.16567562967382,12.3835935743249,9.00769095201252,65.7667110307131,4.90988348105418,-1.57728602923493e-19,0.300286298959658,0.68747892472822,0.336389430409612,0.0582466290960622,1.47806493925186,0.174345133295882,2.82259349885199,10,1e-05,144.806995444006,5.74223304836939,9.30989056196492,9.77203819936463,0.77379281412205,25.9511662225996,18.87659537391,10.7672883356475
"893",5.06,10,0.461,5.74276349472397,0.298562545989814,4,1.06069386746368,1.475590216917e-15,3.03469334995342,0.0808012761479854,2.14675511419687,0.059824345337606,0.176984377577205,0.129931004152175,0.925667967631587,71.5704623183773,9.95656496720906e-14,204.766344666462,5.4520770480689,144.852591987547,4.03665580149431,11.9420448395913,8.76711209700713,62.4595714455506,4.82208736978507,-1.77172418364794e-13,0.289609533633998,0.657012189164474,0.326053837419487,0.056580468150024,1.4278299011607,0.16998236245873,2.71089237246463,10,1e-05,145.656569332878,5.70903076836039,9.29848628647471,9.71499052787635,0.768634341840113,25.5990203727669,18.7932204405706,10.4600480342369
"894",5.06,10,0.466,5.80504943284462,0.291811416684736,4,1.05981077133635,4.63931236861077e-20,2.99053856765247,0.0790600984678092,2.12794468772029,0.0592999965732012,0.174567311343973,0.129350170203203,0.899113019968041,69.8938634679174,3.05959775128376e-18,197.224164913404,5.21396449019051,140.336633192794,3.91079801813024,11.5126059812094,8.53056354988233,59.2959463703438,4.73455442040493,-5.42263733210352e-18,0.279254686930773,0.627751630013943,0.315956284437558,0.0549487733868129,1.37890437987681,0.16568674224208,2.60292020834597,10,1e-05,146.497427322135,5.67560970295825,9.28679483550403,9.65803255386355,0.763533925143497,25.2494159127922,18.7092086181913,10.1599771256389
"895",5.06,10,0.471,5.86733537096527,0.285146751528594,4,1.05894126487138,9.1383545906765e-15,2.94706324355928,0.0773551405883765,2.10922112968449,0.0587808807186309,0.172167428332549,0.128764739975441,0.873177410706937,68.2415275527099,5.88904500441606e-13,189.918085361757,4.98501015393579,135.924887065011,3.78802604469306,11.0950141372212,8.29800749328513,56.2703166906984,4.64731213300783,-1.0396616948711e-12,0.269212492087611,0.599652289710896,0.306092115946356,0.0533510086847186,1.33126144537148,0.161457730510286,2.49856552567025,10,1e-05,147.32985391828,5.64197608378703,9.2748062286357,9.6011417565817,0.75848844770597,24.9022968340199,18.6245319900477,9.86690474098839
"896",5.06,10,0.476,5.92962130908592,0.278566204125036,4,1.05808483980312,4.95588735282054e-17,2.90424199134472,0.0756849605029841,2.09058114834552,0.058266825723764,0.169783919303005,0.128174960060688,0.847838021637681,66.6127491073614,3.12002656515907e-15,182.839348830012,4.76481950740732,131.614547609653,3.66824407383217,10.6889099943064,8.06937793188436,53.3764583845105,4.56035594043811,-5.48713735538464e-15,0.25947147427607,0.572662319086052,0.296454828108569,0.0517861917168203,1.28486039650553,0.157293981427681,2.39768451294696,10,1e-05,148.154178460535,5.60811750026745,9.26254516019119,9.54432098127671,0.75349593668552,24.5575460879867,18.5392262231779,9.58056964450579
"897",5.06,10,0.481,5.99190724720657,0.272072054030237,4,1.05724142160886,2.12499373105717e-19,2.86207108049375,0.0740494756778491,2.0720242555725,0.0577577624399125,0.167417180971631,0.127580488004031,0.823091504144692,65.0079610113513,1.30662218481483e-17,175.983840029007,4.5531752061428,127.405216318383,3.55142571228715,10.2941952053602,7.84470530614874,50.6104843383714,4.47374925248096,-2.2893709474097e-17,0.250026657097087,0.5467518249206,0.287043396738644,0.0502544927024329,1.23969454164187,0.153196361084516,2.30021747016892,10,1e-05,148.970431795679,5.57406070699186,9.24999403436332,9.48756127824745,0.748555347013544,24.2152210557367,18.4532417849031,9.30093399683502
"898",5.06,10,0.486,6.05419318532722,0.265661994825632,4,1.05641046546707,5.2180709864061e-15,2.82052327335931,0.0724473553526995,2.05354372698808,0.057253422868666,0.165066291487889,0.126981240396109,0.798916416255251,63.4264732240085,3.1329095131023e-13,169.343119671123,4.34971102108174,123.29396619197,3.43747322775407,9.91051590218202,7.62390425616833,47.9666307181371,4.38748917478892,-5.46926435722679e-13,0.240866993897097,0.521872893172552,0.277851113845991,0.0487550015519634,1.19572518816071,0.149163331663049,2.2060318066046,10,1e-05,149.779033801166,5.53979570528889,9.23715186276634,9.43084410701946,0.7436640083493,23.8751884008082,18.3665666108932,9.02775550368434
"899",5.06,10,0.491,6.11647912344787,0.25933571298819,4,1.05559171795309,1.2269182862367e-15,2.77958590029291,0.070877795500269,2.03513983410558,0.0567537117465929,0.162731063416861,0.126377441947381,0.775299267137467,61.8680945607532,7.19095226499139e-14,162.91117142575,4.1541384606271,119.279283419307,3.32632773191952,9.53764665657755,7.40696558694875,45.4401901382434,4.30159730455378,-1.25088525973185e-13,0.231984759882163,0.497987379823763,0.268874454436067,0.0472871584811186,1.15292767111346,0.145194674325873,2.11502831603729,10,1e-05,150.58010563201,5.50532372067674,9.22404340944516,9.37417047864263,0.738820812762824,23.5374210126147,18.2792332032692,8.76088171865338
"900",5.06,10,0.496,6.17876506156852,0.253094145491378,4,1.05478501220081,1.06397807346335e-14,2.73925045817009,0.0693403827991293,2.01681155103496,0.0562585643723719,0.160411605059313,0.125768912754163,0.752232240905673,60.3329399628576,6.08587764193979e-13,156.683145403418,3.96621975476549,115.360162324552,3.21794920046576,9.17542781272151,7.19389086365417,43.0271402264174,4.21611549707124,-1.05496539964063e-12,0.223373859369907,0.475063507082171,0.260111039203269,0.0458508726126265,1.11128708733251,0.141290615354916,2.02713184420851,10,1e-05,151.373748602246,5.4706573259223,9.21065542743963,9.31754010496638,0.734024807108269,23.201934555779,18.1912155407621,8.5002243222341
