"","kcat","km","phi","rel_phi","mu","convergence","f.TS","f.TS2","f.ATPS","f.AAS","f.NTS","f.ADPS","f.RNAP","f.DNAP","f.R","v.TS","v.TS2","v.ATPS","v.AAS","v.NTS","v.ADPS","v.RNAP","v.DNAP","v.R","p.TS","p.TS2","p.ATPS","p.AAS","p.NTS","p.ADPS","p.RNAP","p.DNAP","p.R","c.x_S","c.x_W","c.S","c.AA","c.NT","c.ATP","c.ADP","c.RNA","c.DNA","c.P"
"1",506,0.1,0.001,146952581878529120,1.2056740022736,4,0.0162176264683545,1.22154116851445,11.8879397497648,0.555939118734507,3.75067816502455,0.138971706683032,0.415262263019475,0.129018246309941,8.50137865066616,4.41901655819432,332.848377086161,3239.2534566963,151.483583360951,1021.99350490917,37.8673336786472,113.151626710422,35.1551916592312,2316.47541630579,0.0960655773520504,0.66438114793878,4.56413807495991,19.6769749286595,2.55426559291702,0.120301298688224,13.9945363917245,0.705077263333117,53.6898384769545,10,1e-05,19.2259740238079,10.3635463309653,6.63911958734093,13.160880546651,1.82016788647736,60.0635337231369,18.6611991462699,96.0655787525276
"2",506,0.1,0.006,881715491271174784,1.20019416916625,4,0.097750023151849,1.1400087505015,11.887938705442,0.555939037081994,3.75067846786343,0.138971707275681,0.41526228474151,0.129018275117003,8.50137724444064,26.5140957679337,309.220399263991,3224.53064619508,150.795062702203,1017.34858862565,37.6952254018054,112.63735425764,34.995417821557,2305.94656809723,0.576393386259428,0.617218583511128,4.54339324831322,19.5875387958031,2.54265645948326,0.119754522516147,13.930929952099,0.701872743097803,53.4458051710962,10,1e-05,19.2259783213789,10.3635469459156,6.63912103772826,13.1608822846807,1.82016826724112,60.063536865012,18.6612033129233,96.0655628621792
"3",506,0.1,0.011,1616478400663820288,1.19471433887058,4,0.180030362224653,1.05772844051728,11.8879401478116,0.555939152447117,3.7506780257114,0.138971705683156,0.415262252092534,0.129018233484644,8.50137921061471,48.6091772710997,285.592433600889,3209.80851725503,150.106595794797,1012.70347282375,37.5231166217948,112.12306733446,34.8356249754875,2295.41863934006,1.05672124502391,0.570056043353554,4.52265003779431,19.4981112455636,2.53104707993674,0.119207751121818,13.8673252828295,0.698668020991043,53.2017983733316,10,1e-05,19.2259724106323,10.363546357113,6.63911919921223,13.1608799759882,1.82016749479438,60.0635321426641,18.6611972912189,96.0655850799462
"4",506,0.1,0.016,2351241310056465920,1.18923450415592,4,0.263068999907299,0.974689801232869,11.8879401657021,0.55593915224822,3.75067802444568,0.138971706184321,0.415262252543825,0.129018233640262,8.50137923170727,70.7042653559624,261.964451799351,3195.08599001705,149.418096986639,1008.05847286694,37.3510082696539,111.60878897369,34.6758433349163,2284.89017444895,1.53704924686875,0.522893470982894,4.50190579827393,19.4086786499784,2.5194378500021,0.118660978106294,13.8037196525523,0.695463421850853,52.9577762496767,10,1e-05,19.225972244483,10.3635460261471,6.63911889443712,13.1608797320818,1.82016777159773,60.0635322079389,18.6611973137274,96.0655853182922
"5",506,0.1,0.021,3086004219449112064,1.18375467105949,4,0.346876452006732,0.890882351546801,11.8879401954751,0.555939154265024,3.75067802129375,0.138971707358856,0.415262251704235,0.129018233160223,8.5013792636306,92.7993561976335,238.336468771805,3180.3634702613,148.729598975055,1003.41347378034,37.1789001472418,111.094510418323,34.516061571088,2274.36171551225,2.01737730864421,0.475730896165066,4.48116168573803,19.3192461232889,2.50782860964857,0.118114205428308,13.740113977735,0.692258819207147,52.7137540531706,10,1e-05,19.2259723002132,10.3635460490645,6.63911879188442,13.1608802282441,1.82016754032458,60.0635320865005,18.6611972442947,96.0655856790258
"6",506,0.1,0.026,3820767128841757696,1.1782748379298,4,0.431463334359721,0.806295449029992,11.8879392940032,0.555939078224209,3.75067834806072,0.138971705842594,0.415262278338223,0.129018264223699,8.50137798641413,114.89442022257,214.708506533634,3165.64070236117,148.041080168325,998.768562527505,37.0067913043433,110.580239177857,34.3562882072049,2263.8329078216,2.49770478744717,0.428568362843814,4.46041692820315,19.229810476717,2.49621953144849,0.11756742772309,13.6765076488536,0.68905430649955,52.4697217767437,10,1e-05,19.2259750745617,10.3635461828958,6.6391201263069,13.1608810067482,1.82016812403291,60.0635359388406,18.6612017373158,96.0655712464796
"7",506,0.1,0.031,4555530038234402816,1.1727950048738,4,0.516840731581615,0.720918039066752,11.887938451687,0.555939038464403,3.75067827685094,0.138971705755265,0.415262262453029,0.129018262428684,8.50137717435532,136.989499599018,191.080530981844,3150.91795257116,147.352571175539,994.123545043358,36.8346828462561,110.065956608556,34.1965060593319,2253.30422672685,2.97803259997865,0.381405802947949,4.43967215135856,19.1403752606786,2.48461007142958,0.117020651978064,13.6129013017341,0.685849687293108,52.2256945428165,10,1e-05,19.225983381184,10.3635482086968,6.63912108402234,13.1608824140081,1.82016808788916,60.0635336412062,18.6612014776849,96.0655620702152
"8",506,0.1,0.036,5290292947627048960,1.16731517298916,4,0.603019822299048,0.63473897943168,11.8879401647744,0.55593915261995,3.7506780217169,0.138971706447216,0.415262252188466,0.129018233048157,8.50137923319487,159.084606529336,167.452539796685,3136.1958821638,146.664103033312,989.478480206841,36.6625746307588,109.551675671329,34.0367166726364,2242.77630727498,3.45836101150731,0.334243211847138,4.41892908867006,19.0509483156346,2.47300092132465,0.116473882887657,13.5492969146462,0.682645011484947,51.9816869770994,10,1e-05,19.2259723386817,10.3635460899863,6.63911893197599,13.1608798026079,1.82016776338593,60.0635321565397,18.6611972280854,96.065585335102
"9",506,0.1,0.041,6025055857019694080,1.16183534188014,4,0.690011634199745,0.5477471463606,11.8879390790895,0.555939080542813,3.75067818632226,0.138971707868832,0.4152622596791,0.129018249153302,8.50137792492349,181.179658060312,143.824590430597,3121.47307471015,145.97558580578,984.833526872712,36.4904666295,109.037399494386,33.8769393247197,2232.2475000954,3.93868821870243,0.287080704219176,4.39818417520373,18.961512332013,2.46139165716021,0.115927107743105,13.4856905589199,0.679440448281003,51.7376553493929,10,1e-05,19.2259787220152,10.3635475407133,6.63912034619885,13.1608815615131,1.82016824955957,60.0635332399851,18.6611995575336,96.0655705516354
"10",506,0.1,0.046,6759818766412340224,1.15635550613663,4,0.777828115487255,0.459930669940658,11.8879394136975,0.555939100512521,3.75067816077228,0.138971706363227,0.415262259413329,0.129018248005408,8.50137830269503,203.274756262773,120.196599953699,3106.75062866839,145.287092229671,980.188519507926,36.3183577141724,108.523120836915,33.7171572929329,2221.71912787624,4.41901644049507,0.239918114532087,4.37744027217378,18.8720807782307,2.4497824595462,0.115380333180139,13.4220849733961,0.676235845398142,51.4936356035016,10,1e-05,19.2259761852303,10.3635469312851,6.63911990883779,13.1608809600433,1.82016795789971,60.0635332015439,18.6611993915022,96.0655748204538
"11",506,0.1,0.051,7494581675804986368,1.15087567490876,4,0.866480859902342,0.371277938417378,11.8879399145107,0.555939131479266,3.75067811846329,0.138971706783236,0.415262259672647,0.129018242314288,8.50137887212406,225.369854242453,96.5686130377926,3092.02823715954,144.598602031763,975.543511675146,36.1462494452478,108.008842740466,33.5573742139738,2211.19081324706,4.89934465744463,0.192755531952906,4.35669636953761,18.7826496966318,2.43817326788481,0.114833561121911,13.3584796837751,0.67303123292544,51.2496172537276,10,1e-05,19.2259734024872,10.3635462083119,6.63911922475499,13.1608800900031,1.82016801871939,60.0635332390516,18.6611985683387,96.0655812550019
"12",506,0.1,0.056,8229344585197631488,1.14539529755473,4,0.955990790148256,0.281768011079738,11.8879401247507,0.555939155261142,3.75067795333022,0.138971704979342,0.415262245318388,0.129018228651962,8.50137926437517,247.467142352365,72.9382806056101,3077.30430192937,143.910041280761,970.898009227377,35.9741234470892,107.494509606972,33.3975731616764,2200.66140206468,5.37972048592099,0.145588267611989,4.3359501868362,18.6932089475979,2.42656277538409,0.114286732111407,13.294867816685,0.669826271539032,51.0055742037529,10,1e-05,19.2259739518072,10.3635462640908,6.63911887336922,13.1608791514055,1.82016803047042,60.0635311628517,18.6611965922198,96.0655856874394
"13",506,0.1,0.061,8964107494590276608,1.13991546450553,4,1.04635232736037,0.191406471521989,11.8879399956722,0.55593914460816,3.75067799997857,0.138971704502193,0.415262248725746,0.129018232963967,8.50137907834909,269.562223037154,49.3103064981236,3062.58174113281,143.221539987397,966.25302312971,35.8020148905077,106.980232167407,33.2377926446895,2190.13288671366,5.86004832689464,0.0984257105990214,4.31520608247796,18.6037759594216,2.41495355979319,0.113739957182788,13.2312619946431,0.666621679531776,50.7615503148007,10,1e-05,19.2259742540881,10.3635463790305,6.63911923970899,13.1608799616588,1.82016747554453,60.063531655692,18.6611972159082,96.0655835853447
"14",506,0.1,0.066,9698870403982923776,1.13443563129726,4,1.13758688002872,0.100171921182538,11.8879401324175,0.555939153118524,3.75067796652117,0.138971704867376,0.415262247127895,0.129018230062924,8.50137925688036,291.657314430596,25.6823228417637,3047.85924838114,142.533043613578,961.608016243958,35.6299065460713,106.465953421226,33.0780102630853,2179.6044649839,6.34037640066513,0.05126313452605,4.29446192211543,18.5143436923024,2.40334431545252,0.113193184527526,13.1676564716429,0.663417073335784,50.5175294081804,10,1e-05,19.2259740061699,10.3635458814887,6.63911873726706,13.1608795797256,1.82016764693882,60.0635314245787,18.6611967963014,96.0655856027481
"15",506,0.1,0.071,10433633313375569920,1.12895579932202,4,1.22970706515685,0.00805173578086932,11.8879400804984,0.55593914493063,3.75067805274802,0.138971705399879,0.415262254785553,0.129018236162944,8.50137911220984,313.752392524798,2.05435215979916,3033.13671046694,141.844543113141,956.963041022976,35.4577982821477,105.95167715621,32.9182302211868,2169.07596271796,6.82070418532169,0.00410058435058726,4.27371781392376,18.4249110134438,2.39173515688147,0.112646410339324,13.1040507073297,0.660212486446554,50.2735056099343,10,1e-05,19.2259729137381,10.3635459927569,6.63911921026674,13.1608801067173,1.82016744583172,60.0635325321824,18.6611976786083,96.0655839679712
"16",506,0.1,0.076,11168396222768214016,1.12078891520004,4,1.22868373891861,3.75955141223625e-20,11.4341869466257,0.519430350959007,3.89378749279974,0.139542424405897,0.425018671413924,0.142719425856245,7.87811850691414,311.223495959833,9.52287962064749e-18,2896.26005640731,131.570822183571,986.289732376843,35.345858159185,107.656504742274,36.150587209247,1995.51398431106,6.76572817303986,1.90081194008972e-20,3.99906221481828,16.8733836287243,2.42518250517841,0.111117150669931,12.7066510403033,0.691919722654583,45.4496946927411,10,1e-05,20.9536574875618,10.5639723629797,7.35383704202983,14.0200948919896,1.96806069500931,61.47470063331,20.6429377558473,89.0227391281298
"17",506,0.1,0.081,11903159132160860160,1.10705454453385,4,1.21932940047815,1.80188319383244e-18,10.9664700239047,0.482148145880898,4.03130239325552,0.140437472315008,0.432003814447488,0.1574050160869,7.24564763317876,305.069298822776,4.50820953130012e-16,2743.7485879055,120.63073090414,1008.60898947468,35.136658880514,108.084903645052,39.3818420764624,1812.81993373074,6.63194127875599,8.9986000525951e-19,3.71582847426247,15.2811803415958,2.44145129126318,0.10939016315505,12.2239651467051,0.722258423908544,40.7498031352738,10,1e-05,22.9111853901684,10.7144990631789,8.15886032242852,14.9570304611974,2.13051325962716,62.4850317216847,22.7670615268092,81.8758182549199
"18",506,0.1,0.086,12637922041553506304,1.088993767307,4,1.21057270190516,5.42762487430603e-18,10.5286351094695,0.447677470785153,4.14878134249007,0.141574280432302,0.435472488559681,0.171488877347003,6.66484371203393,297.937184757756,1.33580682302433e-15,2591.2296708164,110.179062451427,1021.06732739942,34.8432130343956,107.175262647786,42.2055720020994,1640.30195732052,6.47689532082077,2.66633377718295e-18,3.45041490184174,13.8066101102693,2.43770492331436,0.107591206776286,11.7005188031258,0.747187984212353,36.5858106956228,10,1e-05,24.9417557076062,10.7998276622645,8.97961477391291,15.8831057941793,2.29207008707434,62.9867407452723,24.8041512194705,75.3127339459835
"19",506,0.1,0.091,13372684950946150400,1.06767336181439,4,1.20238178437038,9.96487342294934e-18,10.119089218195,0.415924979151839,4.24674988796629,0.142898712465952,0.435855203551358,0.184730024272067,6.13354516527204,290.127726430104,2.40446595910296e-15,2441.67733292434,100.360276690319,1024.71603090539,34.4806276146685,105.169323839434,44.5742796856304,1479.98874973689,6.30712448761095,4.79942810018575e-18,3.20329834489029,12.4555198895814,2.41665782893027,0.10573591399886,11.1511002119697,0.766412354762558,32.9032113358301,10,1e-05,27.0513827133258,10.8281728472268,9.80806968387318,16.79068944226,2.45117759482563,63.0420966416684,26.7193507107118,69.3090603675741
"20",506,0.1,0.096,14107447860338796544,1.0439704670403,4,1.19471470206812,5.65079738142614e-24,9.73573510327343,0.386749120810044,4.32603323570791,0.144347301735948,0.433608439312111,0.196929298879448,5.64876296672381,281.877791602541,1.33323402140489e-21,2297.02330254037,91.2485532231641,1020.67271187813,34.0569163220984,102.304415507689,46.4629721002718,1332.75402704096,6.12777807831611,2.66119834312043e-24,2.97420657818136,11.2272991777162,2.38101501724729,0.103823607380335,10.5888531513388,0.779849970734228,29.6481959430647,10,1e-05,29.246681226761,10.808075474295,10.635848117681,17.6712352030055,2.60616000285124,62.7171246621037,28.4838537899234,63.8310215239791
"21",506,0.1,0.101,14842210769731442688,1.01859353501014,4,1.18752467278303,5.55111512312578e-20,9.3762336094496,0.359981679815059,4.38763070823335,0.145850661774415,0.429181575853315,0.207935088233193,5.20708145739829,273.370719685771,1.27787857469192e-17,2158.42903183661,82.8685526626659,1010.04197379257,33.5751343022434,98.7985167431807,47.867102066197,1198.68128898361,5.94284173229937,2.55070624592656e-20,2.76238626569962,10.1171499182619,2.3333273846354,0.101843281609899,10.0248325480875,0.787613885901276,26.7700254521057,10,1e-05,31.5346092658104,10.7478350758826,11.4542469669712,18.5154765528988,2.75525751061653,62.0768231314235,30.0757311620491,58.8400204686007
"22",506,0.1,0.106,15576973679124086784,0.99210669818389,4,1.18076375322965,5.69078067919837e-17,9.03818766126998,0.335442772222847,4.43262933115137,0.147336782895028,0.422994560981575,0.217645635177918,4.80493695104208,264.746260052726,1.27596472831857e-14,2026.5073131107,75.2116747866029,993.866922500373,33.0352808789792,94.8421966174095,48.7996585028529,1077.34429016651,5.75535347940708,2.54688611779002e-17,2.56680545616724,9.11778223851461,2.27591447316972,0.0997786471672031,9.4678859568184,0.789982959316478,24.2222843362148,10,1e-05,33.9221637986101,10.6551214662327,12.254306213318,19.3137376520939,2.89668535142136,61.1819333003751,31.480264672134,54.2957875467755
"23",506,0.1,0.111,16311736588516732928,0.964951801513787,4,1.17438484166517,2.52911749861731e-16,8.71924208355888,0.312949367263541,4.46214814271314,0.148734270306195,0.415423904106589,0.226008421823548,4.43877659196382,256.108797711575,5.51547685955965e-14,1901.48452853848,68.2477185935231,973.101282898732,32.435836869809,90.5952740930569,49.2877148378781,968.004435978794,5.56758255894729,1.10091534153266e-16,2.38628504526267,8.22055772931476,2.21082754196081,0.0976120010468449,8.92471215444637,0.78736641125989,21.9632320469525,10,1e-05,36.4162256189926,10.5367464145309,13.0269904986912,20.056376426786,3.02871392791574,60.086913489977,32.689858132558,50.1581754891911
"24",506,0.1,0.116,17046499497909379072,0.937484027137759,4,1.16834634447064,6.27627861405633e-18,8.41731722364073,0.292332404371026,4.47729552430811,0.149974780741506,0.406800855926094,0.233012291132363,4.10534496245409,247.53916415996,1.32976387482297e-15,1783.38870136433,61.9368728950507,948.610826772017,31.7753652806149,86.1894628524101,49.3686380403202,869.805144171206,5.38128617739044,2.65427176595099e-18,2.21968257056076,7.41672578800956,2.13988290946428,0.0953285165867965,8.40035922177203,0.780269006687232,19.9568638852602,10,1e-05,39.0218017356926,10.3986456969744,13.7629981309987,20.7338979143131,3.14968485526413,58.8396758011502,33.702897789385,46.3903980757313
"25",506,0.1,0.121,1.7781262407302e+19,0.909963869849665,4,1.16260707668479,2.77555756156289e-25,8.13035383379629,0.273419373843954,4.47917864157328,0.150997195373813,0.397402869943941,0.238689089830331,3.80140292839291,239.092278222922,5.70798504534521e-23,1672.02218175372,56.2291958423712,921.151305078082,31.0528502459691,81.7266292737227,49.0868492192759,781.765486224688,5.19765822223744,1.13934088849776e-25,2.0657841303447,6.69711067063942,2.06461197657212,0.0929163293571493,7.89798797127825,0.769250103854709,18.1705336865561,10,1e-05,41.7439209657587,10.2457547797258,14.4537818056895,21.3381309256735,3.25821737256627,57.4803511086916,34.523989953059,42.9558530908399
"26",506,0.1,0.126,18516025316694671360,0.882600442694897,4,1.15713308007447,6.99244331438595e-17,7.85665400679258,0.256057948269759,4.46888105074973,0.151749125582358,0.387464498353162,0.243098772586313,3.52410686682719,230.810674133125,1.3947665856439e-14,1567.14870481604,51.0752900206467,891.397424985815,30.2690490643669,77.2866523371629,48.4903530525382,702.945491453071,5.0176233507201,2.78402025988209e-17,1.92351540199347,6.05327975511525,1.98635511069732,0.0903704214957389,7.41970453129011,0.754895762067301,16.5766632617679,10,1e-05,44.5843694858335,10.082207194789,15.0911507052589,21.8620338649921,3.35315963142255,56.0428650418014,35.1618064668843,39.8224075951472
"27",506,0.1,0.131,19250788226087317504,0.855550775673531,4,1.15189487499042,3.45193354292896e-17,7.59474374892038,0.240106095139769,4.44748227591792,0.152190013307548,0.377178094443314,0.246325897571091,3.27084153210835,222.724029157087,6.67446798971156e-15,1468.4776926273,46.4255880426145,859.940601876024,29.4266201693185,72.9290725465774,47.6282146782062,632.431848237514,4.84182672080623,1.33225546830211e-17,1.79187494775268,5.47729477751423,1.90625596575331,0.0876924412439759,6.9665718023645,0.737789135843743,15.1512035215457,10,1e-05,47.5422268207338,9.91136632619858,15.6680437251543,22.3005158466344,3.43372056620613,54.5550395802809,35.6285778246826,36.9605093128244
"28",506,0.1,0.136,1.998555113548e+19,0.828932943975844,4,1.14686820088089,1.11022302462516e-18,7.34341003393957,0.225434301612924,4.41606664857886,0.152292857845218,0.366700040466646,0.248471784648041,3.03924822460601,214.852964508516,2.07987899501539e-16,1375.70595660569,42.2326017638655,827.300826882803,28.5303681420297,68.6971621666176,46.5484172351705,569.3692530949,4.67071661975034,4.15153712443784e-19,1.66995909712556,4.96187701809556,1.8252950000279,0.0848911655716871,6.53890226521498,0.718489612769294,13.8733741594926,10,1e-05,50.6129648840259,9.73594623886334,16.1788835410378,22.6507414059662,3.4995062531453,53.0394938530957,35.9389589314926,34.3435049380479
"29",506,0.1,0.141,20720314044872609792,0.802834229919972,4,1.14203390987687,7.59933091970951e-17,7.10169549384362,0.211925103065673,4.37573212637146,0.152045305368903,0.356156131659029,0.249648103319086,2.82720911063283,207.21124469474,1.37882667502404e-14,1288.53543664129,38.4518042840196,793.935182234601,27.5871816966266,64.6211594143361,45.2962856680902,512.970336309626,4.5045922759726,2.75220344224165e-17,1.556960687456,4.50042550743473,1.7443118885913,0.0819821072555634,6.13645556574571,0.697517270800182,12.7252176468949,10,1e-05,53.7880361135021,9.55811775266101,16.6199413879643,22.9123723760955,3.55054487239185,51.514422883162,36.1091016640726,31.947462950151
"30",506,0.1,0.146,21455076954265251840,0.777317671461169,4,1.13737765093672,1.32195903831551e-20,6.86888254693635,0.199472367560639,4.32759248820474,0.151449587218514,0.345646541988458,0.249971259795639,2.63282831182156,199.807446866771,2.32233559443283e-18,1206.68265584501,35.0420675577165,760.244590207899,26.6057235485819,60.7210393277585,43.9133995368227,462.518937830692,4.34364014927763,4.63549199679281e-21,1.45216270485048,4.08700068203781,1.66402309645645,0.0789864605661705,5.75859803024846,0.675342612105012,11.6912061880416,10,1e-05,57.0548154774298,9.37960316040395,16.9895915289216,23.0875936911898,3.58727736796541,49.9943158332105,36.1558430168412,29.7509599235836
"31",506,0.1,0.151,22189839863657897984,0.752427068069833,4,1.13288927624915,0,6.64446381242853,0.187980338371437,4.27276953841402,0.150521335172781,0.335250045872948,0.249557581439735,2.4544098950877,192.646141786155,0,1129.88122011367,31.9657778373645,726.578125129893,25.5959298807587,57.0087732535399,42.4368967257095,417.368763711748,4.18795960404685,0,1.35492753132175,3.7162847335453,1.5850336310445,0.0759295501846963,5.40442506266816,0.652380464678298,10.7578912370015,10,1e-05,60.397010851505,9.20175829455548,17.2883784577832,23.1809280099329,3.61051735735818,48.4905666350633,36.0960085794433,27.734831814491
"32",506,0.1,0.156,22924602773050544128,0.728188654555397,4,1.12856166270128,6.1847066696623e-18,6.42808313510262,0.177361660373601,4.21237049880366,0.149287200920544,0.325026617955521,0.24851929520523,2.29042130661837,185.728110516426,1.01782110966387e-15,1057.87372935166,29.188521237199,693.232491758867,24.5682895916319,53.4898372109612,40.8989784526808,376.936090976707,4.03756761992231,2.03161921098914e-18,1.26467668692231,3.38350304323188,1.50783790200912,0.0728386713650089,5.07282452447481,0.628985379447328,9.91352693741483,10,1e-05,63.7958050713531,9.02562232668862,17.5189054362566,23.1988469640791,3.62137855709041,47.0118500210866,35.9458308584845,25.8817607647876
"33",506,0.1,0.161,23659365682443190272,0.704623931487622,4,1.12439150208667,5.9673343866997e-18,6.21957510399475,0.167540576773365,4.14748778394952,0.147782313503268,0.315024419746752,0.246961848855329,2.13953740305153,179.053734325338,9.50268215229022e-16,990.436290402807,26.680000575084,660.466727475888,23.5335957723721,50.1660664053834,39.3274417241441,340.710651969675,3.89247248533343,1.89678042960734e-18,1.18091392035907,3.08450228710535,1.43285587700247,0.0697423806571474,4.76267854944671,0.605461376881225,9.14814577769689,10,1e-05,67.2296637369597,8.85204316540168,17.6854258869832,23.1492185228036,3.62118214429587,45.5651320721703,35.7205618184348,24.1767726544823
"34",506,0.1,0.166,24394128591835836416,0.681739959408061,4,1.12037618380688,3.49688425440646e-24,6.01880919034682,0.158446550352076,4.07914333282528,0.14604644305267,0.305277111075136,0.244981270073311,2.00053749101836,172.619978379878,5.38776254901747e-22,927.337377683291,24.4123719260139,628.486792291633,22.5018473318027,47.0350308006416,37.7450557721063,308.229274630183,3.75260822564953,1.07542295938886e-24,1.10316801698098,2.81552675163129,1.36039941601976,0.0666672366319365,4.47274699613318,0.582052954022186,8.45290405143864,10,1e-05,70.6772944012684,8.68163200136009,17.7935244420648,23.0407373963009,3.61136586117329,44.1552813459077,35.4340909034037,22.6060736485075
"35",506,0.1,0.171,25128891501228482560,0.659529944281849,4,1.116512737566,4.44576064369159e-18,5.82563687794589,0.150013406352243,4.00825324924578,0.144120402426786,0.295805240961333,0.242662131493356,1.87228942418532,166.420429892895,6.62657372935103e-16,868.333124207054,22.3600633784637,597.44524752423,21.4816889420259,44.0908855842285,36.1697049062668,279.071792352411,3.61783543245424,1.3226955467677e-18,1.03098339275418,2.57317943580077,1.29067431999197,0.0636361712089949,4.20170154237551,0.55894730958142,7.81991288912705,10,1e-05,74.1192190552003,8.51478524365393,17.8495573994009,22.8822654971619,3.59338156104423,42.7852700526472,35.0986506991989,21.1568704932941
"36",506,0.1,0.176,25863654410621128704,0.6379971523896,4,1.11280102105985,2.35325386062104e-17,5.64005105292222,0.142187029512521,3.93568070791251,0.142045271440132,0.286627551494575,0.240079360719596,1.75386334638045,160.451837470407,3.39309453195289e-15,813.224051507773,20.5015719054738,567.475397066008,20.481132183762,41.3280689328869,34.6164083579757,252.884919471696,3.48808342326972,6.77277762306802e-18,0.963985700545144,2.3546184280919,1.22385826078583,0.0606706354686609,3.94842494457889,0.536303097738915,7.24271132362002,10,1e-05,77.5353100946677,8.3518816929109,17.8601360918907,22.6824915074513,3.56863701663947,41.4578090481753,34.7250787344824,19.8186558140991
"37",506,0.1,0.181,26598417320013770752,0.617125204952822,4,1.10923786624674,7.04342805191854e-24,5.46189331233587,0.134912923072583,3.86212761851314,0.139857914915254,0.277749352255619,0.23729519681611,1.64433976831954,154.705733894062,9.82348997505015e-22,761.771878736094,18.8163453582412,538.652083377125,19.5060248358352,38.7377844615953,33.0956314150984,229.336554737198,3.36316812813179,1.96081519264835e-24,0.901776612027922,2.15717574887871,1.16001314870014,0.0577860407037086,3.71165185141202,0.514224367017015,6.71524348513955,10,1e-05,80.9102385011766,8.19307335599077,17.831803077896,22.4493823217352,3.5384197834604,40.1736663102527,34.3223772674821,18.5810393820109
"38",506,0.1,0.186,27333180229406416896,0.596903389558576,4,1.10582101283074,9.60242662245173e-22,5.29105064161766,0.128144738830245,3.78821115917402,0.137591884351807,0.269174232712372,0.234362517091541,1.54293667790065,149.175438241651,1.29536894575794e-19,713.763610081531,17.2867465453831,511.030314368059,18.561168044848,36.3116486866527,31.6155424692571,208.142414038371,3.24294430960112,2.58561785615716e-22,0.844008926115875,1.97857808301336,1.09917150477089,0.0549950454456854,3.49027388652394,0.492792062884652,6.23242064192181,10,1e-05,84.2300331934182,8.03848962330267,17.7707158557396,22.1901351578705,3.50388621738935,38.9333610195175,33.8981944721205,17.4351844602773
"39",506,0.1,0.191,28067943138799063040,0.57731662065175,4,1.10254712169686,1.31520831353783e-22,5.1273560850206,0.121839742541633,3.71443255066776,0.135275919376656,0.260900632164273,0.231324590726992,1.4489387170708,143.85324392006,1.71599905899593e-20,668.984382661396,15.8968645040986,484.635224400624,17.6499302784002,34.0406333108582,30.1817420042273,189.0481872296,3.12724443304479,3.42521551301559e-23,0.790350472113405,1.81679741327041,1.0413131613891,0.0523063732543279,3.28321727898283,0.472058500045142,5.78971987080003,10,1e-05,87.483851299553,7.88817281092907,17.6824755731235,21.9109984629661,3.46603811073359,37.7366674362404,33.4587888027521,16.3730075029
"40",506,0.1,0.196,28802706048191709184,0.558348333505314,4,1.09941218855069,1.31520721402957e-16,4.9706094275634,0.115959207014162,3.64119404855144,0.132934094199918,0.25292382365364,0.22821654373118,1.3617013383137,138.731221708672,1.65961688893873e-14,627.224916827196,14.6325123779558,459.470346149065,16.7745177715392,31.9156285696212,28.7978978727662,171.828630093346,3.01589612410157,3.31267402732829e-17,0.74049044641804,1.67004289120192,0.986382526591654,0.0497255710249508,3.08947329270063,0.452055082718522,5.38315918818748,10,1e-05,90.6634697928107,7.7421106376669,17.572044126648,21.6172829316595,3.42572464959978,36.5829018532625,33.0092408852778,15.3872251229448
"41",506,0.1,0.201,29537468957584355328,0.539979227908597,4,1.09641134296733,3.14267742655818e-18,4.8205671498601,0.110467499688148,3.56880339735316,0.130585852920244,0.245236018917387,0.225066218162625,1.28063568620368,133.800893200735,3.83517599861057e-16,588.279384851839,13.4809350730755,435.520012891636,15.9360844560589,29.9274524899878,27.4660246928582,156.282767209472,2.90871506958119,7.65519319880767e-19,0.694134404402178,1.53671997728178,0.934292638691388,0.047255293588934,2.9080821508549,0.432795018396276,5.00918870130496,10,1e-05,93.7633247521498,7.60023502459959,17.4437095422869,21.313382084164,3.38364976469524,35.4709377762109,32.553577795042,14.4711832541016
"42",506,0.1,0.206,3.0272231866977e+19,0.522194977939507,4,1.09354016704253,2.73817242802796e-17,4.67700835020827,0.105333895262617,3.49751541041358,0.128247410378522,0.237830119621222,0.221896575030948,1.20523384855972,129.055307449471,3.2314833528659e-15,551.962121530737,12.4310918315254,412.763006063985,15.1352547211509,28.0677748595836,26.1873606253092,142.236956229093,2.80555016194501,6.45019404425802e-18,0.651021999586268,1.41545724264903,0.884953538996638,0.0448968069341445,2.73820375017827,0.414284830953543,4.66477415748191,10,1e-05,96.77894605486,7.46248934288159,17.3011639862229,21.002987172771,3.34040184871962,34.3997485020135,32.0951206124763,13.6191424887248
"43",506,0.1,0.211,31006994776369643520,0.50497722853476,4,1.09079330148676,1.3034882471953e-22,4.53966507435233,0.100529442255375,3.42750779274501,0.125931073565354,0.230696350396878,0.218725155571085,1.13502117924799,124.486625893329,1.48760405444167e-20,518.088612225281,11.4729078847958,391.163825227337,14.3718653404892,26.3281872263688,24.9619763688733,129.534125970028,2.70623099768106,2.96932825096065e-23,0.610902457469817,1.30501482222075,0.838251995192548,0.0426491940179331,2.57902208494456,0.396517717452132,4.34715005652347,10,1e-05,99.708184091773,7.32876675911208,17.1475016459413,20.6890306341534,3.29645092024792,33.3679201214044,31.6364065018017,12.8257393255023
"44",506,0.1,0.216,31741757685762293760,0.488302767939497,4,1.08816445359354,4.0343023080544e-18,4.40822267901862,0.096026566241963,3.3588872341241,0.123645607528832,0.223822317015501,0.215564667294198,1.0695500895534,120.08593951386,4.45211182322452e-16,486.475697904011,10.5971486087188,370.674788997993,13.645087282375,24.7002308651179,23.7889461583953,118.031724834422,2.61056390247521,8.88662636651534e-19,0.57353338017456,1.20426618230414,0.794055034769628,0.0405096869211503,2.42973915534553,0.379475174737129,4.05377349522603,10,1e-05,102.551070847964,7.19890475633958,16.9852520777808,20.3737636087564,3.25215928962685,32.373659933122,31.1792734774329,12.0859160119534
"45",506,0.1,0.221,32476520595154939904,0.472160367539782,4,1.08564909846167,2.41454803629347e-19,4.28245492268427,0.0918033163591547,3.29176628952383,0.121398932459708,0.217200139745163,0.21242678200904,1.00846051026801,115.84770788085,2.57652178746485e-17,456.973240800376,9.79617059613311,351.258597332359,12.9542667926195,23.1770453054596,22.667688687922,107.611049250114,2.51842843219239,5.14285969434684e-20,0.538716861985395,1.11228114989493,0.752257578655957,0.0384761203951618,2.2897201293726,0.363145860712781,3.78257763281925,10,1e-05,105.306740409222,7.07282497793481,16.8166014198094,20.0591512996866,3.20784016659485,31.4158282127404,30.7254097497875,11.3956037660285
"46",506,0.1,0.226,33211283504547586048,0.456527556608344,4,1.08324095580873,1.11022289888694e-24,4.16204779040359,0.0878368030523259,3.22617903169781,0.119195530007473,0.210817161232752,0.209318585894645,0.95138389144229,111.763632370799,1.14547500494204e-22,429.420228862265,9.06258216357528,332.861756497989,12.2980259604863,21.7511086329652,21.5964927810903,98.1592497186113,2.42964418197389,2.28642244069459e-25,0.506246492002256,1.02816916120508,0.712724175479154,0.0365442626399746,2.15828046984851,0.347503544114547,3.53152568603448,10,1e-05,107.97705454155,6.9503519218682,16.6432589886233,19.7465480034304,3.16371410687151,30.4925942007053,30.2758402638014,10.7506379732979
"47",506,0.1,0.231,33946046413940232192,0.441387376874621,4,1.0809346366978,1.54687456566727e-20,4.04673184127365,0.0841074826833058,3.162154283129,0.117038993873994,0.204662924829234,0.206246071366307,0.898004651150747,107.827064273481,1.54306224958032e-18,403.67585562766,8.39001974150729,315.436106452514,11.6750547965676,20.4158527266531,20.5737772094218,89.579149330736,2.3440666146409,3.08002543888562e-21,0.475943234815684,0.951166376184115,0.675334660102809,0.0347101338105821,2.03483108287844,0.332525073226434,3.29887538234449,10,1e-05,110.563634502153,6.83134801682297,16.4666591618445,19.4370668471545,3.11996167544345,29.6024454473004,29.8314317624226,10.1474525580034
"48",506,0.1,0.236,34680809323332878336,0.426726241604135,4,1.07872531309195,9.62255574759493e-18,3.93626565416408,0.0805982470969201,3.09971238530121,0.114932046827735,0.19872834900634,0.203214169074137,0.848046100479716,104.032410078847,9.28000533028225e-16,379.613973773855,7.77290547636233,298.936667268743,11.0840616064834,19.1653879325975,19.5980010057953,81.7856766872339,2.26157413214885,1.8523330797599e-18,0.447648135980443,0.88060595771088,0.639978787677127,0.0329698482558662,1.91885079735486,0.31818880421693,3.08310447207583,10,1e-05,113.068084318942,6.715698721399,16.287998155578,19.1316043833992,3.07672767205914,28.744068400277,29.3928974148832,9.58292093542079
"49",506,0.1,0.241,35415572232725520384,0.412526530487996,4,1.07660765788837,3.68388186473727e-20,3.83038289130206,0.0772924503081835,3.03883966387067,0.112875812478994,0.193002833492751,0.200225656925468,0.801241746941249,100.373204128042,3.43451974991624e-18,357.110411597209,7.20605211703248,283.314048213568,10.5235244093419,17.9938463761764,18.6672373979483,74.7005660162061,2.18202617669656,6.85546432295533e-21,0.421206820385904,0.815871474632974,0.606539408700221,0.0313188720620292,1.80982323709333,0.304468051981411,2.88277769888369,10,1e-05,115.49307858836,6.60325568112614,16.1082027118365,18.8307525720013,3.03410986623459,27.9159298363915,28.9606390176996,9.05403174043612
"50",506,0.1,0.246,36150335142118166528,0.398772712617033,4,1.07457682617079,1.96872851355421e-16,3.72884130866172,0.0741752599443898,2.97951906752542,0.110870956768741,0.187476824002431,0.197282750421749,0.7573542682013,96.843692990581,1.77426997404972e-14,336.052996967607,6.68486973346412,268.522103592391,9.99198255293241,16.8959050152223,17.7796409236399,68.2547608030549,2.10529767370828,3.54152702330083e-17,0.396480814022977,0.756419451089861,0.574908435935458,0.0297528735597543,1.70728348810954,0.291337703676263,2.69662279057255,10,1e-05,117.841176541128,6.49388487062246,15.9280487099413,18.5349754153983,2.9921863869683,27.1166478237117,28.5349770210017,8.55810323067469
"51",506,0.1,0.251,36885098051510812672,0.385449814084916,4,1.07262813926718,4.52323499489927e-17,3.63140696011235,0.0712331360917208,2.92172206494971,0.108917406929585,0.182141102295886,0.194386665533055,0.716167492312489,93.4384156109888,3.94026499853266e-15,316.337881107086,6.20523658829208,254.516053243842,9.48797590086607,15.8666134078807,16.9333447244085,62.3865376490051,2.03126990458671,7.86495582711064e-18,0.373342905223244,0.701763641784104,0.544982463256234,0.0282675414771243,1.61080213492799,0.278772694203641,2.52349137767207,10,1e-05,120.115156971165,6.38745756097155,15.7481359735137,18.2445722473272,2.95100825978776,26.344889036077,28.1160873027011,8.09269266313112
"52",506,0.1,0.256,37619860960903454720,0.372543416664237,4,1.07075721687183,7.27085715246728e-17,3.53786084323009,0.0684536993531985,2.86541706031928,0.107014805921714,0.176986953938078,0.191538236545187,0.677484329002157,90.1522027500383,6.12168452238655e-15,297.86952916562,5.76344635911843,241.253251171171,9.01009148357228,14.9013833426698,16.1265258485514,57.0406658258249,1.95983049456605,1.22191726632617e-17,0.351676782862734,0.651468308789727,0.516664057462223,0.0268587138756794,1.51998231879986,0.266748688085682,2.36234355328242,10,1e-05,122.31774896944,6.28384855255361,15.5689693825846,17.9597632985111,2.91061332931981,25.5993930176036,27.7040905338958,7.65557291772437
"53",506,0.1,0.261,38354623870296104960,0.360039649718849,4,1.06895987706266,2.65991444645566e-18,3.44799385318346,0.0658256197467092,2.8105663077918,0.105162367816412,0.172006049899744,0.18873769130632,0.641124774956509,86.9801543724582,2.16434474421984e-16,280.559676804039,5.35616227520568,228.692859826984,8.55695258832305,13.9959535379264,15.3573898122678,52.1676567047203,1.8908729211404,4.32013476613052e-19,0.331375610881927,0.605142361968458,0.489860842652859,0.0255223458240657,1.4344569833529,0.255241901468369,2.21223698971957,10,1e-05,124.451751905057,6.18293811434602,15.3909366175004,17.6806652728032,2.8710234050116,24.8789550574989,27.2990196705461,7.24470995700855
"54",506,0.1,0.266,39089386779688747008,0.347925177416447,4,1.06723218784881,5.07157742192445e-17,3.36160939244808,0.0633385127177124,2.75713001288384,0.103359107996685,0.167190505707269,0.185984954456098,0.606924240511885,83.9176303162157,3.98783661192774e-15,264.327011005539,4.9803763000605,216.796138449778,8.12723933314165,13.1463717174836,14.6241997103597,47.7231146372074,1.82429631122208,7.95991102380834e-18,0.312341436882148,0.562434240579601,0.464485888031181,0.0242545656749954,1.3538863537981,0.24422939773679,2.0723157238594,10,1e-05,126.519908974046,6.08461117286184,15.2143503490606,17.4073349897778,2.83225203840534,24.1824347454993,26.90086381253,6.8582439177843
"55",506,0.1,0.271,39824149689081397248,0.336187183016666,4,1.06557041814256,4.56612693925714e-17,3.27852090907632,0.0609828510614457,2.70506534864994,0.10160379654452,0.16253282604099,0.183279577725381,0.574732001177265,80.9602324829596,3.46926577779213e-15,249.096456207695,4.63337355781194,205.526275673128,7.71968407656671,12.3489683631876,13.9252713564355,43.6671623371613,1.76000505397738,6.92481904262856e-18,0.294484244428154,0.523027460798428,0.440457190493819,0.0230516606991451,1.27795568990097,0.233689022040811,1.94180129096439,10,1e-05,128.524951957304,5.98875840392303,15.0394448007671,17.1397665690329,2.79430056609554,23.5087479585688,26.5095581221992,6.4944716133031
"56",506,0.1,0.276,4.0558912598474e+19,0.324813350814541,4,1.06397108155422,8.21294156370131e-17,3.19855407757384,0.0587498802256129,2.65432982462408,0.0998951491171102,0.158025944983045,0.180620992877049,0.544409870995733,78.1037947502838,6.02894113673064e-15,234.79887329981,4.31270047306375,194.848558777705,7.33308485395539,11.6003396954605,13.2589928427887,39.9639403377078,1.69790858152791,1.20340524665967e-17,0.277721438538347,0.486636682519393,0.417697878442512,0.0219101137025387,1.20637313750976,0.223599595555561,1.81998411445576,10,1e-05,130.46949750584,5.89527508028637,14.8664110125098,16.8779253562812,2.75716641136674,22.8568726823476,26.1250204097364,6.15183154225179
"57",506,0.1,0.281,41293675507866689536,0.31379184854593,4,1.06243088234414,1.30630483353862e-18,3.12154411712924,0.0566315461619718,2.60487980636744,0.09823175111484,0.153663163902391,0.178008412152073,0.515830972151544,75.3443660182098,9.26391647166083e-17,221.370412335954,4.01613696769652,184.73015122768,6.96629694561983,10.8973241054825,12.623815047539,36.581163269241,1.63792100039586,1.84912166726827e-19,0.261977013007408,0.453004278867408,0.396135636122068,0.0208265782716344,1.13886787175319,0.213940803698129,1.70621680319675,10,1e-05,132.356107776049,5.80406145023068,14.6953869451549,16.6217365484304,2.72084053465719,22.2258400268419,25.7471367336759,5.82888998531245
"58",506,0.1,0.286,42028438417259339776,0.303111306806238,4,1.06094674874821,1.73798795314827e-20,3.04733743412955,0.0546204332063457,2.55667308563599,0.096612222619659,0.14943817227558,0.175441013381144,0.488878676214615,72.6781999350671,1.19057658730453e-18,208.752229618118,3.7416720205746,175.140173534342,6.6182420936842,10.2369863288522,12.0182629923415,33.4897318982681,1.57996086815363,2.3764473382956e-21,0.247181115821318,0.421897353105002,0.375702761571472,0.0197979040838353,1.07518829813945,0.20469330367714,1.59990743667331,10,1e-05,134.187208976571,5.71502305516394,14.5264840267468,16.3711162763966,2.68531322533722,21.6147372379399,25.3757881754487,5.52432904122515
"59",506,0.1,0.291,4.2763201326652e+19,0.292760800040365,4,1.05951576968815,5.50335059880602e-17,2.97578848433309,0.0527096980681472,2.50966675089491,0.0950350722463089,0.145344990498422,0.172917791134913,0.463445616961962,70.1017386719785,3.6412336327125e-15,196.889893137882,3.48748134304761,166.049442356833,6.28789489489546,9.61659734824003,11.4409224974946,30.6633883689185,1.52395084069518,7.26807503762772e-18,0.233269330593298,0.393105020801191,0.356335554268134,0.0188210970440641,1.01510061509357,0.19583856968438,1.50051444349035,10,1e-05,135.965175035582,5.62806919739706,14.359775306628,16.1259483685332,2.65056788507987,21.0226994256917,25.0108293097538,5.23693547167017
"60",506,0.1,0.296,43497964236044623872,0.282729826655002,4,1.05813521628066,8.1099533941654e-21,2.90676081573954,0.0508930269233783,2.46381897576904,0.0934988261777393,0.141377960985809,0.170437724799166,0.439432845005138,67.611603298508,5.18201212112631e-19,185.733123832919,3.25190872967889,157.430495295837,5.97428896339532,9.03361920693232,10.8904492156747,28.0784144934286,1.46981746301104,1.03435419809043e-21,0.220182290597525,0.366436153942888,0.337974288417512,0.0178933368146792,0.958387160657623,0.187358986105621,1.40754146901117,10,1e-05,137.692272097034,5.54311470641384,14.1953071159489,15.8861068942511,2.61658723814196,20.4489082769874,24.6521125149514,4.96559114855806
"61",506,0.1,0.301,44232727145437265920,0.273008291009849,4,1.05680252654307,1.11022302462516e-26,2.84012632747164,0.0491645810596517,2.41908900349022,0.0920020305747457,0.137531745980572,0.167999730432411,0.41674905741128,65.2045824856497,6.85006204739501e-25,175.235435890815,3.03344844524822,149.25748614945,5.67651367288227,8.48569136612497,10.3655621607757,25.7133642353031,1.41749092360108,1.36730487507292e-27,0.207865226469819,0.341717263623338,0.320562936115721,0.0170119664594061,0.904845334124382,0.179237759291171,1.32053293906255,10,1e-05,139.370664081479,5.46007810098433,14.0331092306436,15.6514590547284,2.58335243360597,19.8925917386299,24.2994810097439,4.70926434874747
"62",506,0.1,0.306,44967490054829916160,0.263586483433621,4,1.05551530088632,3.24793681387823e-17,2.77576504448543,0.0475189575384073,2.37543758547221,0.0905432614857364,0.133801302733873,0.165602746167906,0.395309905857401,62.8776219998473,1.93481366959756e-15,165.353837202538,2.83073021055956,141.506112188172,5.39371145596175,7.97061655981972,9.86504588511285,23.5488266370227,1.36690482608364,3.86197985433505e-18,0.196267580369927,0.318790699404894,0.304048969549843,0.0161744843330148,0.85428623700263,0.171458937633409,1.23907020181128,10,1e-05,141.002405451733,5.3788820802537,13.8731977725982,15.4218671082371,2.55084401707092,19.3530204274274,23.9527812057259,4.46700193618863
"63",506,0.1,0.311,45702252964222558208,0.254455063744471,4,1.05427128639118,3.35414346407736e-18,2.7135643194287,0.0459511498229127,2.33282675409835,0.0891211393250825,0.130181868313233,0.163245681980593,0.375037377440564,60.6278148284751,1.92886206304938e-16,156.048521103739,2.64250562315454,134.153505174672,5.12507549247528,7.48634844560405,9.38774403365018,21.5672161110027,1.31799597453207,3.85010016537525e-19,0.185342618156991,0.297513027848447,0.288383089231438,0.0153785372375763,0.806533724649034,0.164007330825223,1.1627680625976,10,1e-05,142.589451988456,5.29945302188421,13.7155769671098,15.1971924344173,2.51904234914434,18.829505432826,23.6118554416729,4.23792236507838
"64",506,0.1,0.316,46437015873615208448,0.245605914348886,4,1.05306847174849,5.44078530090494e-17,2.65342358742488,0.0444566620797925,2.29122333547587,0.0877344190706582,0.126669265529727,0.160927656226922,0.355861096416762,58.4526049419242,3.0200132498467e-15,147.283414953832,2.46765312541555,127.178788516874,4.86986884075211,7.03102289635467,8.9326012182698,19.7527593324597,1.27070880308531,6.02808968842919e-18,0.175048063657042,0.277755520642087,0.273520387568281,0.0146219776117973,0.761427688211003,0.15686917964816,1.09127876908574,10,1e-05,144.133535836406,5.2217291626218,13.5602469983622,14.9773099552419,2.48792889497437,18.3214425662197,23.276576196662,4.02123038950942
"65",506,0.1,0.321,47171778783007850496,0.237027768088071,4,1.05190450800983,1.16762532823865e-17,2.59522540184268,0.0430307444921922,2.25057944932802,0.0863813641627966,0.123258188014939,0.158646893684211,0.337708505217331,56.3487105772292,6.25476753665049e-16,139.021749538638,2.30508277971044,120.559660174077,4.62730072113179,6.60272858404996,8.49844052204072,18.0904622758611,1.2249719690702,1.24848126719703e-18,0.165340866212691,0.259393339164709,0.259413035217674,0.0139024957778954,0.718801320465073,0.150028644887076,1.02425443816053,10,1e-05,145.636893869069,5.14562092448843,13.4071447893453,14.7620098255407,2.45747345952811,17.8280643144808,22.9466867024842,3.81610610895584
"66",506,0.1,0.326,47906541692400500736,0.228714904814679,4,1.05077787329755,9.22826733969384e-17,2.53889366485765,0.0416698278361493,2.21087313841545,0.0850611001184883,0.119945631068548,0.156403011285857,0.32052306304586,54.3142548476121,4.77005156681762e-15,131.234317973707,2.1538954198247,114.279078506665,4.39677156024922,6.19993791196817,8.08440416360811,16.5676988193302,1.18074467060026,9.52124917487311e-18,0.156186893890356,0.242323463155465,0.246024509513841,0.0132183471405588,0.678524101604052,0.143474751661293,0.961413874852393,10,1e-05,147.100765122344,5.07108835606787,13.2562907646856,14.551213268594,2.42766424583917,17.3489360777548,22.6221315523864,3.62191061241822
"67",506,0.1,0.331,48641304601793142784,0.220659217004233,4,1.04968679797932,3.16498729897471e-18,2.48433989898586,0.0403701652374989,2.17207150197458,0.0837724133764046,0.116727737565791,0.154194955274213,0.304246771235519,52.3468131288462,1.57834697943743e-16,123.891504295467,2.01321908567019,108.31899690006,4.17764506213548,5.82109356531111,7.68954560987921,15.1724770756184,1.13797419845318,3.15045543326444e-19,0.147551554835552,0.226446169729371,0.233316220168479,0.0125676762264065,0.640460897471875,0.137194987102308,0.902476810974193,10,1e-05,148.526760745102,4.99807112572112,13.1076562898802,14.3447836777106,2.39848135415663,16.8834999615159,22.3027583308622,3.43798851496136
"68",506,0.1,0.336,49376067511185793024,0.212850586478493,4,1.04862929413092,1.63335473670678e-18,2.43146470853696,0.0391279020498174,2.13413122023548,0.0825137107691474,0.113599926484724,0.152021027698544,0.288821206131032,50.4435074174705,7.85712760816142e-17,116.96374376233,1.88221769916872,102.660744497916,3.96925873091892,5.46463728061829,7.31285486800982,13.893522463406,1.09659798733632,1.56831993759744e-19,0.139400336085497,0.211665986068006,0.221248314549652,0.0119485476821083,0.604474745359867,0.131175673023154,0.847168039176058,10,1e-05,149.916842745857,4.92649030812195,12.9611603176658,14.1425170739984,2.36989510300947,16.4310933667505,21.9883214463174,3.26367962928066
"69",506,0.1,0.341,50110830420578435072,0.205283930542611,4,1.04760411685119,9.49577172242668e-18,2.38020584402583,0.0379401845628772,2.0970333647687,0.0812842125256622,0.110559705025199,0.149880877800636,0.274201167142695,48.6027217117221,4.40548431453618e-16,110.427670522638,1.76020330804297,97.2901188613098,3.77111343626232,5.12932556242821,6.95359867002865,12.7213350971958,1.05658090677657,8.79355564759199e-19,0.131706021827025,0.197904324011859,0.209790518665524,0.0113595092665064,0.570458780532087,0.12540739658451,0.795265731048379,10,1e-05,151.27204873877,4.8563138847553,12.8168089337297,13.9443355668297,2.34189378064547,15.9913557348448,21.678770165084,3.09847318871246
"70",506,0.1,0.346,50845593329971085312,0.197951258428056,4,1.04660968643856,1.53528881069351e-16,2.33048432156879,0.0368038622566941,2.06074510937369,0.0800827111157071,0.107603492229907,0.147773301721774,0.260338533693974,46.8221612200525,6.86841915807686e-15,104.258840749516,1.64649381181195,92.1915218201965,3.58265899827274,4.81385575378498,6.61093189456403,11.6467609218204,1.01787307000114,1.37096904143431e-17,0.124440127673959,0.185083400099737,0.1989096163019,0.0107989552498952,0.538298718964973,0.119878826544929,0.746542715905374,10,1e-05,152.593900228553,4.78748235312257,12.6745468512767,13.7500905133919,2.31445514736661,15.5637691161337,21.3739303610373,2.94182543074191
"71",506,0.1,0.351,51580356239363727360,0.190845624115755,4,1.04564461637663,2.88158381436279e-17,2.28223081876916,0.0357161146135924,2.02523876825198,0.0789081588279654,0.104728189974627,0.145697360868663,0.247189910981644,45.0998140679432,1.24285911497627e-15,98.4351508864314,1.54047570567911,87.3507982165666,3.40339656117268,4.51704319187794,6.2840890513416,10.6615755010286,0.98043074060746,2.48080574333208e-18,0.117576918428027,0.173133294026257,0.188575503323229,0.0102654303684469,0.507890774786959,0.114579767920761,0.700793564631436,10,1e-05,153.88370658041,4.71994670976078,12.5343343230365,13.5596538921025,2.28756082690667,15.14788539793,21.0736662760434,2.79324599409258
"72",506,0.1,0.356,52315119148756369408,0.183960322503345,4,1.0447075888326,1.73900637692887e-18,2.2353794418937,0.0346743041404568,1.99048732505592,0.0777595248488634,0.101930852757743,0.143652110669165,0.234714796104101,43.433752361714,7.22992473093571e-17,92.9359738088732,1.44158533493019,82.7545759978799,3.23285480277225,4.23777855547631,5.97234122517877,9.7582753668015,0.944212007863347,1.44312726842788e-19,0.111092396431294,0.161989814751434,0.17875977228877,0.00975755970061727,0.479137553702385,0.109500497261651,0.657827593976848,10,1e-05,155.14273053596,4.65366010057161,12.3961233875766,13.3728974621303,2.26119148652521,14.74327854288,20.777841287188,2.65227719597635
"73",506,0.1,0.361,5.3049882058149e+19,0.177288877929787,4,1.04379737756703,2.67696901115414e-17,2.18986887786435,0.0336759622963543,1.95646576111194,0.0766358764232433,0.0992086882819712,0.141636688279235,0.222875357752738,41.8221284832103,1.07258884086315e-15,87.7421035344049,1.34930442653219,78.3902740060017,3.07059161009484,3.97502292796566,5.67499775574997,8.93001079328531,0.909176706156746,2.14093820014185e-18,0.104964221166638,0.151593982139014,0.169435715720823,0.0092740530060524,0.451947506590413,0.104631771211552,0.617467586614698,10,1e-05,156.372141905846,4.58857762784896,12.2598766076609,13.1897065375587,2.2353305148685,14.3495446731043,20.4863305927086,2.51849154260594
"74",506,0.1,0.366,53784644967541661696,0.170825670656019,4,1.04291288893544,4.78217585045995e-19,2.14564444678707,0.0327188728047465,1.92315231461437,0.0755363518875559,0.0965592872625262,0.139650388836637,0.211637317283007,40.2633223735339,1.84623557688064e-17,82.8360402642589,1.26316448613543,74.2463751653947,2.91620184124278,3.72782593105954,5.39142692066866,8.17059758532054,0.875289616815955,3.68517377993961e-20,0.099172062602751,0.141892506415639,0.160578919729071,0.00881372888994909,0.426237112157005,0.0999652105138926,0.579552528173715,10,1e-05,157.572973734702,4.52466323151513,12.1255580645426,13.009974212065,2.20996152082706,13.9663353096518,20.1990322413311,2.39150168529798
"75",506,0.1,0.371,54519407876934303744,0.164562745638356,4,1.04205276072915,7.83901846056581e-21,2.10263803648865,0.0318005875017232,1.89051382761468,0.0744597560042174,0.0939793394801236,0.137691790133656,0.200964294267647,38.7551723296698,2.91542350621586e-19,78.1995907712165,1.18270139023638,70.3104410275381,2.76924622660124,3.495202579217,5.12092022219358,7.47409934503064,0.842503746297169,5.81932359936368e-22,0.0936947491410746,0.132832664433538,0.152163000311753,0.0083753022673535,0.401917976484574,0.0954910382721773,0.543918048016774,10,1e-05,158.746652403368,4.46185694512015,11.9930836081069,12.8335376080077,2.18506072269615,13.5931716624051,19.915740524932,2.27089652522441
"76",506,0.1,0.376,5.5254170786327e+19,0.158496165644759,4,1.04121621119772,5.75823678069535e-19,2.06081056063585,0.0309193555182983,1.85853778788775,0.0734055663854649,0.091467219660152,0.135760678875988,0.190828581891199,37.2965036205326,2.06260809838953e-17,73.818509267708,1.10753544041177,66.5730715574587,2.62939718285163,3.27636801322055,4.86296563266121,6.83550526669112,0.8107935569681,4.11706359559965e-20,0.0885157557182712,0.124371303619224,0.144168075236942,0.00795781948276987,0.378921458730086,0.0912026064118402,0.510432399203315,10,1e-05,159.893844927906,4.40013877669075,11.8624495396172,12.6603405725363,2.16061996022297,13.2298186516444,19.6364245926229,2.15636297537055
"77",506,0.1,0.381,55988933695719596032,0.152619640563938,4,1.04040216253608,2.1738203804581e-18,2.02010812676852,0.0300731775406577,1.82719926097941,0.0723728540998489,0.0890203654353523,0.133856062854554,0.181200040751771,35.8855917239332,7.49794968362334e-17,69.6776478229405,1.03728520559277,63.0238277455576,2.49628728932299,3.07049389568873,4.6169685092375,6.24995883027361,0.780121559215939,1.49662632024893e-19,0.0836174811015252,0.116465131028641,0.136572041967288,0.00756020654897346,0.357173367358611,0.0870918004120302,0.478958872862009,10,1e-05,161.015649191969,4.33946557159462,11.733598446371,12.4902595972937,2.13662014458454,12.8759056565694,19.3609409312827,2.04756046049502
"78",506,0.1,0.386,56723696605112246272,0.146927699840932,4,1.03960967467608,4.66358350792493e-17,1.98048373384927,0.0292602602294046,1.79647742621491,0.0713608198245214,0.0866365900586914,0.131977177672293,0.172051430920092,34.5209255605532,1.54857369110827e-15,65.7632698266292,0.971606257489297,59.6532189072807,2.36958313212111,2.87682516726108,4.38238931119669,5.71308134587122,0.750454903490287,3.09102653758765e-18,0.0789839731951989,0.109075067939813,0.129354826539232,0.00718148955235268,0.33660619767466,0.0831513147779681,0.44937339622753,10,1e-05,162.113003448584,4.27980140856899,11.6064838941239,12.3231889966863,2.11304571782503,12.5311163860891,19.0891789785204,1.94418116939704
"79",506,0.1,0.391,57458459514504888320,0.14141504884497,4,1.03883787110605,1.5780916072037e-17,1.94189356262621,0.0284789204882999,1.76635299962507,0.0703687614164607,0.0843138111595764,0.130123314218505,0.163357189388107,33.2010516722894,5.04354937874881e-16,62.0625319003773,0.910180632610521,56.4522904325933,2.24897161422836,2.69465262949678,4.15871523295392,5.22086327112815,0.721761992875857,1.0067163779716e-18,0.0746003124645411,0.102165057107808,0.12249749220512,0.00682075362737583,0.317156301153375,0.0793741826028584,0.421560148048677,10,1e-05,163.186775746351,4.22111254225305,11.4810673883341,12.1590381381886,2.08988409699784,12.1951496461211,18.8210361685645,1.84593624008561
"80",506,0.1,0.396,58193222423897538560,0.136076561365121,4,1.03808590537259,6.22873126277939e-20,1.90429526896142,0.0277275719431051,1.73680672291863,0.0693959345732876,0.0820500351812513,0.128293749846686,0.155093304817154,31.9245702514623,1.91554059010858e-18,58.5633691574552,0.852714417774917,53.4125431739938,2.13415419377613,2.52330958230153,3.94545654517293,4.76963137592123,0.694012396770919,3.82350987353688e-21,0.0704524952188597,0.0957017845733544,0.115982078513611,0.00647712622180126,0.298763687457484,0.0757537375306902,0.395411038147121,10,1e-05,164.237823156206,4.16336604582115,11.3573040522492,11.9977078897924,2.0671194435564,11.8677170886162,18.5564079778246,1.75255434443384
"81",506,0.1,0.401,58927985333290180608,0.130907272553321,4,1.03735297583401,3.04111895943942e-17,1.8676487917115,0.0270047254934337,1.70782022205032,0.0684416478204547,0.0798433531112839,0.126487787130531,0.147237210688046,30.6901330155794,8.99716369988322e-16,55.2544709267636,0.798935981049618,50.5259357252832,2.02484913462213,2.36216908273204,3.7421466967512,4.35601929731396,0.667176804686509,1.79587654879092e-18,0.0665273891146499,0.0896544761539667,0.109791596566569,0.0061497837269285,0.281371745125384,0.0722836106460029,0.370825074754909,10,1e-05,165.266957913599,4.10653138458611,11.2351502327678,11.8391059736579,2.04473788998931,11.5485425940161,18.29519353056,1.66378048077492
"82",506,0.1,0.406,59662748242682830848,0.12590237216254,4,1.0366383328245,3.41075881891332e-17,1.8319166434669,0.0263089730469058,1.67937640203063,0.0675052632837647,0.0776919592268075,0.124704787232519,0.139767685211433,29.4964408900527,9.70495135156605e-16,52.1252391297334,0.748593838163062,47.7848688458951,1.92079044847951,2.21064204400194,3.54834204836735,3.97694078507176,0.641226975870711,1.93715432116239e-18,0.0628126855854702,0.0839946532646425,0.103909995727381,0.00583794823073981,0.264927074787984,0.0689577246088848,0.347707784813383,10,1e-05,166.274938617833,4.05057809713368,11.1145685012568,11.6831469641654,2.02272755871022,11.2373649825654,18.0373004253115,1.5793748428892
"83",506,0.1,0.411,60397511152075481088,0.121057675213781,4,1.03594132435681,2.69725763277745e-24,1.79706621772826,0.0256390573582648,1.65146117516498,0.0665862383962572,0.0755943204606678,0.12294428347807,0.132665448412858,28.3423545349016,7.3794364895726e-23,49.1659968262897,0.701459857332935,45.1823834291117,1.82173520005482,2.06818762891948,3.3636369053415,3.62959859312828,0.616138142063078,1.47297052459848e-25,0.0592971586870062,0.078696488797026,0.0983225907825057,0.00554090987206899,0.249380752675864,0.0657705737625043,0.325972950425239,10,1e-05,167.262406348206,3.99548348248949,10.9955284938753,11.5297614778343,2.00107695733733,10.933962511431,17.782661162268,1.49911956706529
"84",506,0.1,0.416,61132274061468123136,0.116367232482173,4,1.03526106016882,1.54119807775701e-17,1.76305300812182,0.0249935286355957,1.6240501509441,0.065683695403759,0.0735481560229706,0.121205128219758,0.125909615038855,27.2263249698599,4.05319598334868e-16,46.3665214360386,0.657304673147138,42.7108860539423,1.72741514685427,1.9342425537466,3.18757300538913,3.31129627856262,0.591876629779563,8.09037142921376e-19,0.0559689117048502,0.0737340406045589,0.0930133247367281,0.0052578815768977,0.234680623795048,0.062715655647778,0.305531582093634,10,1e-05,168.23035804669,3.94120309171776,10.8779560814335,11.3788208711344,1.97976822766023,10.6380052871625,17.5311097457058,1.42277864993906
"85",506,0.1,0.421,61867036970860765184,0.111828538177003,4,1.03459716459016,2.18213929191486e-17,1.72985822951638,0.0243714667264746,1.59713893834961,0.0647974200932562,0.071552697042739,0.119487427233891,0.119485168355043,26.1476324051109,5.51497510476371e-16,43.7191388556221,0.615946162378752,40.3648910795128,1.63764137326742,1.80836917391798,3.01983557588992,3.01977848668091,0.568426791415453,1.10081518889552e-18,0.0528190631352763,0.0690866968580363,0.0879706562607635,0.00498831313110895,0.220787570570897,0.0597888704819093,0.286314440558536,10,1e-05,169.179074937698,3.88773259728889,10.761860985138,11.2303074436113,1.95879805844238,10.3493821002618,17.28266147511,1.35018240241198
"86",506,0.1,0.426,62601799880253407232,0.107435957167945,4,1.03394881781488,2.73489365340732e-17,1.69744089074022,0.0237715670511652,1.57070454153734,0.0639265890524252,0.0696058171940878,0.117790085000929,0.113373424070576,25.1048214844412,6.64046573338359e-16,41.2147582241869,0.577186159452406,38.1375329616711,1.5521712280324,1.69006587640307,2.86000525909485,2.75276640712911,0.5457569887922,1.32546845666352e-18,0.0498370320943499,0.0647320610451699,0.0831800684943033,0.00473149203490067,0.207654776047687,0.056984225404616,0.268243048084283,10,1e-05,170.109487398202,3.83503052316632,10.6471699916915,11.0841009396508,1.93814816182243,10.0677853989529,17.0371578945343,1.28111969199751
"87",506,0.1,0.431,63336562789646057472,0.103185826233414,4,1.03331549148402,4.47452897408641e-17,1.66577457421441,0.0231928401906683,1.54473506735268,0.0630707395609455,0.0677062566065206,0.116112691905719,0.107559278471358,24.0969138811757,1.04346001038399e-15,38.8458576215174,0.540856957376841,36.0232167174522,1.47080944024119,1.57890968258007,2.70774759540789,2.50828202209895,0.523845953938602,2.08279567290085e-18,0.0470140878471241,0.0606511754703775,0.0786297657138013,0.00448684707070347,0.19524345960863,0.0542971346353213,0.25125142244179,10,1e-05,171.022126530893,3.78307806701942,10.5338542875842,10.9401393657149,1.91780918919194,9.79303295556713,16.7945397572432,1.21541984672635
"88",506,0.1,0.436,64071325699038699520,0.0990737378401339,4,1.03269658941873,1.73491203054494e-17,1.63482947141651,0.0226342321633532,1.51921551659463,0.0622293447267965,0.0658524585353834,0.114454632122887,0.102027317345346,23.1227631240746,3.88458336499183e-16,36.6049186209643,0.506795504285641,34.0162453179098,1.39335639550627,1.47448032215221,2.5627152971622,2.28445945821231,0.502668763566838,7.75381264553705e-19,0.0443414825456814,0.0568256203021668,0.0743077154246509,0.00425379256704245,0.183514432443351,0.0517226933163471,0.23527418583633,10,1e-05,171.917627017115,3.73184604571494,10.4218798855485,10.7983495521114,1.89777121852573,9.52489960255786,16.5547179902544,1.15290868600241
"89",506,0.1,0.441,64806088608431349760,0.0950970188683549,4,1.0320917382485,5.6269940686026e-22,1.60458691237663,0.0220949690915254,1.49413917301178,0.0614021015920739,0.0640436141064036,0.112815797653154,0.0967651064826679,22.1816395363766,1.20934941611769e-20,34.4856636053762,0.474863446525908,32.1119289348941,1.31964943988673,1.37642063207079,2.42462880460392,2.07966853347763,0.482209555138622,2.41391879501753e-23,0.0418119445499088,0.0532397620174086,0.0702040513075548,0.00403185373804847,0.17243513701845,0.0492571612311546,0.220256238253,10,1e-05,172.796324267886,3.68132817077977,10.3112340716574,10.6586951553607,1.87802731437867,9.26326834435022,16.3176769725521,1.09344570325415
"90",506,0.1,0.446,6.5540851517824e+19,0.0912503040698131,4,1.03150019838524,8.6190560006614e-18,1.57500991997007,0.0215739395957543,1.46948389069097,0.0605882366980194,0.0622777289939558,0.111195072394439,0.0917572638085098,21.272183725664,1.77747074673253e-16,32.4807503089145,0.444910051869777,30.304532518381,1.24948507491507,1.28432674588955,2.29312802175498,1.89227047842977,0.462438776644869,3.54791591739101e-19,0.0394169087608324,0.0498765890521841,0.0663066375801647,0.0038204315116215,0.16196707831641,0.0468952709094371,0.206135388260642,10,1e-05,173.65909116379,3.63148185139708,10.2018436587407,10.5210590271783,1.85856122183933,9.00785072168577,16.0832552711317,1.03685708103616
"91",506,0.1,0.451,66275614427216642048,0.0875311014284866,4,1.03092165594238,6.72430526804789e-17,1.54608279731375,0.0210704592873085,1.4452445368914,0.0597875280973982,0.0605541011818832,0.109592421561405,0.086992777393163,20.3937220150322,1.33020401298515e-15,30.5846546135629,0.416816435039017,28.5898692293592,1.18271861004772,1.19788298097647,2.16796045305157,1.72089363846956,0.443341782935483,2.65515030259882e-18,0.0371499722889335,0.0467226761779445,0.0626066656153534,0.00361910325278905,0.1520812513468,0.0446336254524124,0.192863307473025,10,1e-05,174.506196254186,3.58230173748043,10.0937049241214,10.3854175956888,1.83936805351132,8.75854519494758,15.8514478546416,0.983018384542741
"92",506,0.1,0.456,67010377336609284096,0.083935458448831,4,1.03035559799772,8.5974595322496e-18,1.51777989977764,0.0205836729364458,1.42140739367989,0.0589994782752242,0.0588713805556601,0.108007256017064,0.0824592626391155,19.5452415032163,1.63088765857629e-16,28.7913946869701,0.390460205532791,26.963264758224,1.11918550614365,1.11675556751881,2.04883431220791,1.56420385893048,0.424896554417745,3.25532912087363e-19,0.0350041677673191,0.0437642139168973,0.0590942635777806,0.00342738551916212,0.14274604116683,0.0424680491557947,0.180388992300477,10,1e-05,175.338205955837,3.53376248225035,9.98677952897813,10.2516983149092,1.82043805681314,8.51515648357068,15.6221695103081,0.931789667822006
"93",506,0.1,0.461,67745140246001934336,0.0804599145159684,4,1.02980158003058,2.23458681407071e-19,1.49007898996785,0.0201128211344285,1.39796103066137,0.0582236686823632,0.0572284301898942,0.106439102960172,0.0781454845172423,18.7258508440733,4.06335940727326e-18,27.0955079629969,0.365730346428143,25.4204404553491,1.05873573752752,1.0406383798174,1.93548233432498,1.42099285491897,0.407083714001594,8.11065810542686e-21,0.0329731392016942,0.0409886778848095,0.0557604019214114,0.00324483795750077,0.133932533473623,0.0403947554288854,0.168665915175319,10,1e-05,176.155599601907,3.48584480632703,9.88103504247017,10.1198427549456,1.80176187673588,8.2775201426663,15.3953518521592,0.883043975044837
"94",506,0.1,0.466,68479903155394576384,0.0771011056958807,4,1.02925917577417,1.34575555966322e-17,1.46295878867676,0.0196571826111397,1.37489441945115,0.0574596800227797,0.0556241598477399,0.10488751800669,0.0740408055161905,17.9346866329591,2.34495886120894e-16,25.4918372839535,0.342523456205744,23.9573288697802,1.00122629896745,0.969242635452325,1.8276492563148,1.2901499216521,0.38988449202085,4.68064911031824e-19,0.0310508835009449,0.0383844059689125,0.0525964974016578,0.00307104062398421,0.125613331549318,0.0384101147652894,0.157650336501996,10,1e-05,176.958839278816,3.43852994731803,9.77643949098301,9.98979054814795,1.78333054768042,8.0454784803771,15.1709306044876,0.836661102332953
"95",506,0.1,0.471,69214666064787226624,0.0738560807235504,4,1.02872804185829,2.64131788413512e-19,1.43640209291467,0.0192161164753927,1.35219966346407,0.0567072252950544,0.0540576822296102,0.103352245548883,0.0701355315259559,17.1709876142669,4.40874894319964e-18,23.9756685372268,0.320745313209543,22.5702058548102,0.946527190434022,0.902302410600056,1.72510134458939,1.17066541802125,0.373282339440586,8.8000720012483e-21,0.029231915168394,0.0359407730508376,0.0495946951014457,0.00290561205970699,0.117763233081146,0.0365108330934241,0.147302105247762,10,1e-05,177.748272592244,3.39180451594678,9.67297695452548,9.86150423620113,1.76513824095775,7.81890315769081,14.9488687961905,0.792531506243302
"96",506,0.1,0.476,69949428974179868672,0.0707207024344174,4,1.0282076271959,7.6701973236646e-18,1.41038135986857,0.0187888429220309,1.32985955503947,0.0559656833940126,0.0525275222121121,0.101832391210738,0.0664189708270896,16.4337178354807,1.22591833814074e-16,22.541954266291,0.300299798278967,21.254984022962,0.894492731857372,0.839541018563487,1.62757476156195,1.06156635744101,0.357254735553927,2.44699114925325e-19,0.0275103396254621,0.0336469471779412,0.0467463452565827,0.002748122761216,0.110355346340578,0.0346930060018079,0.137579527628597,10,1e-05,178.524567341494,3.34563725596366,9.57058441278402,9.73488835981976,1.74717038177909,7.5975808127599,14.7290370647211,0.750534370346112
"97",506,0.1,0.481,70684191883572510720,0.0676928345531435,4,1.0276977323356,3.71777774211754e-17,1.38488661973787,0.0183748736414842,1.30787169513879,0.055234959008914,0.0510331839446029,0.10032805410991,0.0628832145458877,15.7223165998333,5.68767224741701e-16,21.1867995863998,0.281109485584627,20.0085805543239,0.845016472833258,0.780735278310965,1.53487682314562,0.96202392668396,0.341789491300725,1.135286357686e-18,0.0258816290879494,0.0314941993696191,0.0440449589263035,0.00259826107995751,0.103368620640124,0.0329539874336181,0.128449176530235,10,1e-05,179.287872472262,3.30002505373319,9.46927005292501,9.60993546410332,1.72942714703264,7.38143972574736,14.5114497464574,0.710580324368531
"98",506,0.1,0.486,71418954792965152768,0.0647691489126891,4,1.02719796398789,3.15721860154667e-17,1.35989819872112,0.0179735767962955,1.2862250308937,0.054514672017817,0.049573589224408,0.0988387282352678,0.0595192963335838,15.0359467636695,4.62148217562884e-16,19.9059554602288,0.263094119474918,18.8275403268271,0.797976373625737,0.725649655270348,1.44678426947486,0.871233201834288,0.326868407905858,9.22469762329077e-19,0.0243408235484836,0.0294734879905034,0.0414832302160315,0.00245566754255993,0.0967801668327795,0.031290512585559,0.119875751947722,10,1e-05,180.038633398981,3.25494669767938,9.36900320466195,9.48659103694984,1.71190001883435,7.17032394541837,14.2960336519491,0.672568048569496
"99",506,0.1,0.491,72153717702357803008,0.0619467175360272,4,1.02670792994634,1.10350902607821e-20,1.33539649744722,0.0175844004091899,1.2649078976665,0.0538043109823467,0.0481478114266981,0.0973638731030598,0.0563190661125915,14.3738680650151,1.54490801977447e-19,18.6954950954676,0.246180870052599,17.708657647559,0.753258102749543,0.674067345620631,1.36309015004432,0.788464569363518,0.312475392717719,3.08370968373956e-22,0.0228833503758281,0.0275766085229651,0.0390543939230381,0.00232000592065056,0.0905690370359494,0.0296995977462519,0.111827060829883,10,1e-05,180.777315589203,3.21038795599018,9.26973014006372,9.3647763719281,1.69457444477063,6.96409944475762,14.0827106056266,0.636405447072284
"100",506,0.1,0.496,72888480611750445056,0.0592229583536363,4,1.02622740674612,3.36584743238191e-19,1.31137033730469,0.0172068434518415,1.243916184502,0.0531037987164074,0.0467551553674952,0.0959034327576965,0.0532750902621654,13.7354263914654,4.50498099626584e-18,17.55189017716,0.230303079130985,16.6490575841798,0.71076187751518,0.625789167927214,1.28360881094464,0.71305451012543,0.298596225901422,8.99215574353458e-21,0.0215050872540956,0.0257960532552292,0.0367523753243968,0.00219098263526186,0.0847158653560433,0.028178568439194,0.104273361796827,10,1e-05,181.504116237397,3.16633639616123,9.17146153631435,9.2444867413945,1.67745238234935,6.76266567235451,13.8714725140732,0.602008519962469
"101",50.6,0.1,0.001,23356521959666800,1.13676310220253,4,0.0181887259647585,1.22660161368991,12.2395169814501,0.584399962875123,3.63437237834192,0.138713768679541,0.405859196227961,0.118848357316228,8.98968420134693,4.67283759693519,315.124332953119,3144.43547228439,150.137295127843,933.70101477607,35.6367408445331,104.268661525304,30.5331485821103,2309.52593392299,0.10158342602033,6.29003115183102,4.5057496540131,19.7095458966861,2.36526592827468,0.114233117138402,13.4247987025149,0.637492531529343,54.4347310672124,10,1e-05,17.983854225518,10.1742738395135,6.1267311034389,12.5262781123707,1.71173070510902,58.7034741424123,17.1902264022193,101.58343147522
"102",50.6,0.1,0.006,140139131758000800,1.13629802468106,4,0.10917703615084,1.13561331218858,12.2395174169513,0.584399999059517,3.63437221301507,0.13871377207717,0.405859183903115,0.118848338384431,8.98968482286085,28.0370290172337,291.629306937756,3143.14911884846,150.075879589418,933.31897245268,35.6221618568605,104.225999506718,30.5206518642854,2308.5812101192,0.609500630809428,5.82105928867854,4.50390654903449,19.7014837141346,2.36429815988592,0.114186386108287,13.4193069195411,0.637231665527835,54.4124651846075,10,1e-05,17.9838528039227,10.1742735894578,6.12673030044157,12.5262784020622,1.7117303822064,58.7034723597465,17.1902236639241,101.583438498328
"103",50.6,0.1,0.011,256921741556334784,1.13583290221071,4,0.200248910509789,1.04454144073377,12.2395174467369,0.584399988352965,3.63437237770603,0.138713771218434,0.405859201376818,0.11884835287759,8.98968468791623,51.4035420686839,268.131945160407,3141.86253684,150.014446069965,932.93697795945,35.6075803667558,104.183341017059,30.5081625232532,2307.63620068194,1.11746830584096,5.35204080260891,4.50206296313558,19.693419249301,2.36333053061776,0.114139645238421,13.4138139045042,0.636970873462571,54.390190698744,10,1e-05,17.9838509427666,10.174272999626,6.12673034183428,12.5262779352637,1.71173068149172,58.703474887143,17.1902257602147,101.583436973453
"104",50.6,0.1,0.016,373704351354668800,1.13536782438103,4,0.291386460784117,0.953403893117119,12.2395175549714,0.584399998517133,3.63437238208282,0.138713771803744,0.405859199905836,0.118848353059531,8.98968479625524,74.7677635198086,244.636887477962,3140.57609843665,149.953023803936,932.554978962509,35.5930006468177,104.140681757278,30.4956707060499,2306.69134439299,1.6253861634741,4.88306830736644,4.50021968558351,19.6853562977783,2.36236288889623,0.114092909385622,13.4083213436198,0.636710055972508,54.3679205456077,10,1e-05,17.9838488782243,10.174273827651,6.1267306888175,12.5262779419062,1.71173063801558,58.7034746743801,17.1902257865306,101.583438197684
"105",50.6,0.1,0.021,490486961153002816,1.13490279218285,4,0.382589408073123,0.862200944812211,12.2395176433425,0.584400010307591,3.63437223638444,0.138713768743114,0.405859187084023,0.118848343763386,8.98968504127012,98.1296039708803,221.144222689956,3139.28978113856,149.891607979648,932.172978952425,35.5784214221332,104.098023771967,30.4831776834424,2305.7466158451,2.13325226023653,4.41414357543192,4.49837643286425,19.6772934674499,2.36139516756491,0.11404617708361,13.4028295946354,0.63644924407717,54.3456550470087,10,1e-05,17.98385087618,10.1742731698926,6.12673012288991,12.5262770741111,1.71173053298308,58.7034728198331,17.1902244419361,101.583440966352
"106",50.6,0.1,0.026,607269570951336832,1.13443766917515,4,0.473885527415813,0.770904824649833,12.2395174665293,0.584399993867275,3.6343723782574,0.138713771658332,0.405859200085622,0.118848351955385,8.98968470777674,121.4961520581,197.646824769549,3138.00314464211,149.830172921381,931.790978113301,35.5638408833814,104.055364080604,30.470686707332,2304.8015544312,2.64122069691521,3.94512436792974,4.49653277804351,19.6692286837244,2.36042749265289,0.113999437969466,13.397336550872,0.636188423856619,54.3233787659133,10,1e-05,17.9838496679146,10.1742739765516,6.12673076632197,12.5262779800915,1.7117307021559,58.7034747003843,17.1902256268269,101.583437197877
"107",50.6,0.1,0.031,724052180749670784,1.13397263716315,4,0.56523812091478,0.679552235322142,12.2395178122386,0.584400026830497,3.6343721462421,0.138713768834714,0.405859178860591,0.118848336237793,8.98968531067442,144.857991147346,174.15416272551,3136.71689379981,149.768762545802,931.408956166059,35.549261725933,104.012703961488,30.4581920461213,2303.85691793678,3.14908676407274,3.47619969076611,4.49468969603694,19.6611667431349,2.35945974013781,0.113952706762002,13.3918449124457,0.635927596045311,54.3011161612194,10,1e-05,17.9838506883708,10.1742732509472,6.12672979075541,12.5262768062524,1.71173046744909,58.7034716303959,17.1902233534344,101.583444010621
"108",50.6,0.1,0.036,840834790548004864,1.13350755963213,4,0.656674896058744,0.588115463158476,12.2395179638541,0.584400036925831,3.63437212086924,0.13871376922923,0.405859177986647,0.118848333296627,8.98968549537673,168.22218671213,150.659131094431,3135.4304672517,149.707340293268,931.02694981587,35.5346819664861,103.970044885032,30.4456994385578,2302.91208170582,3.65700405895935,3.00722771552125,4.49284638120792,19.6531035718427,2.35849205500735,0.113905972207855,13.3863526796421,0.635666776512021,54.2788468868564,10,1e-05,17.9838498647074,10.1742730279293,6.12672947429942,12.5262766527739,1.71173043699218,58.7034715039886,17.1902229280242,101.583446097757
"109",50.6,0.1,0.041,957617400346338816,1.1330424357294,4,0.74819579925092,0.496594545822904,12.2395172468024,0.584399982877496,3.63437231503574,0.138713768786976,0.405859192356985,0.118848351169675,8.98968454449191,191.588695517584,127.161768791821,3134.14368996401,149.645895488981,930.644961599687,35.5201005389656,103.92738545892,30.4332109159269,2301.966860437,4.1649716416866,2.53820921896718,4.49100234591447,19.6450367525543,2.3575243195222,0.113859229157656,13.3808591172135,0.635405981265788,54.2565667464769,10,1e-05,17.983852903415,10.1742737070038,6.12673062475304,12.5262777197894,1.71173062772183,58.7034735825144,17.1902255131818,101.583435352759
"110",50.6,0.1,0.046,1074400010144672768,1.13257735812323,4,0.839782781687845,0.405007563390648,12.2395172565124,0.584399983584057,3.6343723121634,0.138713768767789,0.405859192150437,0.118848350925945,8.98968455764343,214.952885927595,103.666741533268,3132.85722691308,149.584470825845,930.262960934646,35.5055206711925,103.884726545164,30.420718995836,2301.02198018447,4.67288882451293,2.06923733100002,4.48915894048317,19.6369731303091,2.35655663115027,0.113812493614487,13.3753667116416,0.635145166887192,54.2342962717719,10,1e-05,17.9838528360582,10.1742736883521,6.12673060751373,12.5262776996202,1.7117306248213,58.7034735526392,17.1902254779287,101.583435501371
"111",50.6,0.1,0.051,1191182619943006720,1.13211227795827,4,0.931445580919529,0.313344771583308,12.2395176269249,0.584400009606527,3.63437229049252,0.138713771763398,0.405859194028817,0.118848342482862,8.9896849664663,238.317221120427,80.1715706704292,3131.5708490706,149.523052301872,929.880953358763,35.4909414945652,103.842067930193,30.4082249092032,2300.07719596602,5.18080915479189,1.60026257662319,4.48731577623583,19.6289109957678,2.35558900809869,0.11376576051556,13.3698747313386,0.634884325641646,54.2120277920559,10,1e-05,17.9838489344788,10.1742740257921,6.12673048358132,12.5262775899716,1.71173075599907,58.7034738243281,17.1902242567212,101.583440121069
"112",50.6,0.1,0.056,1307965229741340672,1.13164720505902,4,1.02318258185815,0.221607773007169,12.2395175831749,0.584399999213804,3.63437238479926,0.138713772090202,0.405859200126205,0.11884835386288,8.98968482359527,261.681266239617,56.6766906290994,3130.28438532515,149.461625418776,929.498981416801,35.4763618625302,103.79941106029,30.3957360893034,2299.13228532618,5.6887231791221,1.13129362718163,4.48547235992129,19.6208470740219,2.35462138902366,0.113719025635671,13.364382067865,0.634623551248254,54.189756232607,10,1e-05,17.9838489108466,10.1742736143679,6.12673050936128,12.5262777909424,1.71173078248718,58.7034747062543,17.190225902727,101.583438506626
"113",50.6,0.1,0.061,1424747839539674624,1.13118212724565,4,1.11499561287686,0.129794741045525,12.239517552438,0.584399995759242,3.63437238151308,0.13871377170602,0.405859200621495,0.118848353702708,8.98968479431637,285.045462689055,33.1816570295456,3128.99791132255,149.400199662555,929.11698046935,35.4617818946104,103.7567523062,30.3832441848024,2298.18739377199,6.19664049324033,0.66232161264508,4.4836289434129,19.612783165331,2.35365368113988,0.113672290013006,13.358889707605,0.634362738370651,54.1674855440171,10,1e-05,17.983849646344,10.1742732306589,6.1267303793411,12.5262779163201,1.71173064354805,58.703474777893,17.1902258795597,101.583438175775
"114",50.6,0.1,0.066,1541530449338008832,1.13071705023691,4,1.20688414089575,0.0379062160360281,12.2395176673795,0.584400003333941,3.63437240397441,0.13871377203224,0.405859200404139,0.118848356651024,8.98968489096422,308.409651524326,9.68663228070957,3127.71147677911,149.338776831772,928.734986763067,35.4472021335337,103.7140934437,30.3707530962967,2297.2425360383,6.70455764183317,0.193349774773057,4.48178568879014,19.60472011316,2.35268604912635,0.113625554188682,13.3533970954787,0.634101931232617,54.1452154193129,10,1e-05,17.9838477220438,10.1742736319959,6.12673065290789,12.5262779684894,1.71173051423646,58.7034747464547,17.1902263060041,101.583439267896
"115",50.6,0.1,0.071,1658313059136342784,1.12893002009976,4,1.23865066520419,1.90604952909768e-17,11.9325332602084,0.559541618604413,3.73616873364552,0.138930446178194,0.414155400435468,0.127705696664175,8.5630736090949,316.027082002613,4.86306016502157e-15,3044.44487300313,142.760432746727,953.239307846939,35.4464618155902,105.666856985596,32.5825996026385,2184.76705472866,6.87015395657854,9.70689874836321e-17,4.29856700688325,18.56813191241,2.38640055214428,0.112733708388411,13.1330027330703,0.656690150953437,50.7370517623442,10,1e-05,19.0640883957993,10.3411276652705,6.57219664194754,13.0789405031125,1.80612592661019,59.9034371189861,18.4713519655062,96.7627317827724
"116",50.6,0.1,0.076,1775095668934676736,1.12078893319909,4,1.22868375571457,1.63232531257211e-17,11.4341877801452,0.519430411311955,3.89378731146753,0.139542420896007,0.425018662385219,0.142719408010385,7.87811957324952,311.223505212243,4.13465224930813e-15,2896.26031404819,131.570839583801,986.289702284788,35.3458578377642,107.656504184202,36.1505832694728,1995.51428645848,6.7657283741792,8.25296199960714e-17,3.99906265113674,16.873386316576,2.42518252088999,0.111117151022663,12.7066516826533,0.69191968581247,45.4497027954492,10,1e-05,20.953653528159,10.5639715432385,7.35383612251177,14.0200923094441,1.96806084214518,61.474699327398,20.6429351746221,89.0227511777196
"117",50.6,0.1,0.081,1891878278733010688,1.1070545529327,4,1.21932940929674,6.05408771747746e-24,10.9664704572446,0.482148161244556,4.03130250779136,0.140437471901655,0.432003833218819,0.157405018222041,7.24564797149723,305.069303343593,1.51469841395614e-21,2743.74871714057,120.630735663225,1008.60902578287,35.1366590436653,108.084909161536,39.3818429094394,1812.82003212935,6.63194137703464,3.0234098776595e-23,3.71582876145836,15.2811814077109,2.44145145934555,0.109390163319704,12.223965678221,0.72225843372716,40.7498047971013,10,1e-05,22.9111801490622,10.7144979477673,8.15886060915263,14.9570297152404,2.13051326277117,62.48503443677,22.767061835636,81.8758220779187
"118",50.6,0.1,0.086,2008660888531344896,1.08899379711307,4,1.21057271488799,2.61062792357783e-17,10.5286357473534,0.447677520559438,4.14878118335587,0.141574279258867,0.435472485592511,0.171488856737102,6.66484454508809,297.937196107621,6.42508421068293e-15,2591.22989873036,110.179077717138,1021.0673161814,34.8432136992671,107.175264850946,42.2055680849217,1640.30220724118,6.47689556755698,1.28247728316003e-16,3.45041529416924,13.8066122421114,2.43770494378796,0.107591210044308,11.700519607799,0.747187950890728,36.5858165431358,10,1e-05,24.9417524943456,10.7998276150385,8.97961353430464,15.8831046244318,2.29206980447797,62.9867403161009,24.8041482384544,75.3127433594954
"119",50.6,0.1,0.091,2125443498329678592,1.06767336150694,4,1.20238178340811,6.32006812194312e-17,10.1190891697846,0.415924978390863,4.24674986523174,0.142898693278562,0.435855228690368,0.184730013580285,6.13354515396822,290.127726114367,1.52499565313598e-14,2441.6773205401,100.3602764778,1024.7160251246,34.4806229749338,105.169329875046,44.57427709293,1479.98874658316,6.3071244807471,3.04396365546905e-16,3.20329838443349,12.4555197459512,2.4166578147239,0.10573589969369,11.1511010319923,0.766412322559491,32.9032105597397,10,1e-05,27.0513849362319,10.8281728285259,9.80806977892832,16.7906860542146,2.45117672303723,63.0421002777748,26.7193491642525,69.3090602398409
"120",50.6,0.1,0.096,2242226108128012800,1.04397048032056,4,1.19471470489057,8.53530707540379e-18,9.73573523811783,0.386749136429333,4.32603313790524,0.144347300322733,0.433608435838929,0.196929287434543,5.64876320956312,281.877795854206,2.01379754974557e-15,2297.02336357544,91.2485580691028,1020.67270178672,34.0569164219035,102.304415989642,46.462969991043,1332.75410128967,6.12777817074361,4.01963542538148e-17,2.9742066632415,11.2272997601317,2.38101499371478,0.103823608032026,10.5888534081014,0.779849950568482,29.6481977135298,10,1e-05,29.246681563903,10.8080757113534,10.6358476089086,17.671234698828,2.60615988364552,62.7171241597426,28.4838521345323,63.8310242680633
"121",50.6,0.1,0.101,2359008717926346752,1.01859354560513,4,1.18752467537782,1.61860912067106e-16,9.37623375390085,0.359981689142074,4.3876306885627,0.145850661027658,0.429181579130826,0.207935084491531,5.20708162966121,273.370723126589,3.72607285517132e-14,2158.4290875407,82.8685556717301,1010.04197977039,33.5751344795733,98.7985185253329,47.8671017027526,1198.68134110711,5.94284180709976,7.43741814965026e-16,2.76238634930391,10.1171503088385,2.33332740554496,0.101843282479229,10.0248328098506,0.787613886279683,26.770026565775,10,1e-05,31.534608541657,10.7478348479028,11.4542463959792,18.515476218169,2.75525742253794,62.0768236054826,30.075730620855,58.8400224151717
"122",50.6,0.1,0.106,2475791327724680704,0.992106703658441,4,1.1807637555098,3.60776763863571e-18,9.03818777047336,0.335442775133699,4.43262936442731,0.147336782300744,0.422994563560154,0.217645636420839,4.80493703250725,264.74626202487,8.08919643854339e-16,2026.50734877834,75.211675854289,993.866935445639,33.0352809280234,94.8421977189178,48.7996590508175,1077.34431437721,5.75535352227978,1.6146419768634e-17,2.56680550924334,9.1177824031354,2.27591451318886,0.0997786469662873,9.46788601965806,0.78998296425536,24.2222848886048,10,1e-05,33.9221623989003,10.6551210194177,12.2543069128361,19.3137373124507,2.89668538648719,61.1819336733407,31.4802648519101,54.2957884673319
"123",50.6,0.1,0.111,2592573937523014656,0.964954536868555,4,1.17438546407344,2.36447750559778e-26,8.71927319990828,0.312951519072909,4.46214602655842,0.148734151327976,0.415424717985778,0.226007660451741,4.43881151506652,256.109659439373,5.15644604975151e-24,1901.49670453323,68.248381321744,973.103579864445,32.4359028691368,90.595708394584,49.28768851431,968.014796007529,5.56760129216029,1.02925108898202e-25,2.38630241612516,8.22064267102525,2.21083442488325,0.0976122325460284,8.92476551446507,0.787366923800185,21.9634446452465,10,1e-05,36.4159672100531,10.5367591661753,13.0269146534165,20.05630813284,3.02870151707242,60.087031209463,32.6897480077399,50.1585701202517
"124",50.6,0.1,0.116,2709356547321348608,0.937484031172266,4,1.16834635095102,7.83420437040432e-17,8.41731753126777,0.292332406171065,4.47729576868651,0.14997478908831,0.406800875753708,0.233012312434279,4.10534502759674,247.539166598263,1.65984377768785e-14,1783.3887742166,61.9368735429757,948.6108826312,31.7753671858106,86.1894674242346,49.3686427660471,869.805161716316,5.38128623039702,3.31312690803306e-16,2.21968268137269,7.41672597547337,2.1398830622889,0.0953285225643256,8.40035950145855,0.780269065967355,19.9568637723209,10,1e-05,39.021794712323,10.398645220449,13.7629974429557,20.7338991883085,3.14968515821044,58.8396786690163,33.7029008704941,46.3903988118431
"125",50.6,0.1,0.121,2826139157119682560,0.909963869600078,4,1.16260707734415,2.54106474540487e-16,8.13035386735419,0.273419373680964,4.47917867384292,0.15099719804876,0.397402870367047,0.238689095635155,3.80140292811778,239.092278292941,5.22574626551047e-14,1672.02218819636,56.2291957934293,921.151311461736,31.0528507875595,81.7266293383191,49.086850399585,781.765485953681,5.19765822375959,1.04308374074418e-15,2.06578413816806,6.69711067498487,2.06461199230474,0.0929163311888842,7.89798794906053,0.769250119579596,18.1705336586846,10,1e-05,41.7439201459423,10.2457547466208,14.4537811792974,21.3381314153058,3.25821746188134,57.4803511698897,34.5239907926688,42.9558530877309
"126",50.6,0.1,0.126,2942921766918016512,0.882600442012891,4,1.15713308029929,2.17495378858133e-18,7.85665401619331,0.256057948306571,4.46888106348649,0.151749125986447,0.387464498036791,0.243098773027852,3.52410686117885,230.810673999616,4.33833029586046e-16,1567.14870548021,51.0752899885223,891.397426837585,30.26904912158,77.2866522143358,48.4903531031412,702.945489783228,5.01762334781774,8.65951304114439e-18,1.92351541639308,6.05327975739581,1.98635511515793,0.0903704215377347,7.41970450571073,0.7548957614523,16.5766632058557,10,1e-05,44.5843688698183,10.0822072796998,15.0911511325638,21.8620343836307,3.35315927062302,56.0428649960414,35.1618065307485,39.822407531321
"127",50.6,0.1,0.131,3059704376716350976,0.855550775758803,4,1.15189487513222,1.74166548260945e-16,7.59474375656547,0.240106094595993,4.44748228853783,0.152190007244014,0.377178095676734,0.246325900622351,3.27084153326236,222.724029206704,3.36758815575498e-14,1468.47769425188,46.4255879421001,859.94060440185,29.4266189998401,72.9290727923334,47.628215272928,632.431848523679,4.84182672188486,6.7218656863884e-16,1.79187495300087,5.47729476597692,1.90625597528283,0.0876924375022424,6.96657178509411,0.737789140741131,15.1512035463817,10,1e-05,47.54222678005,9.91136618765676,15.6680446690741,22.3005145566981,3.43372045616345,54.5550397586828,35.6285782660169,36.9605093258646
"128",50.6,0.1,0.136,3176486986514684928,0.828932935884114,4,1.14686819924016,2.55288387826649e-17,7.34340996345875,0.225434296557295,4.41606664031859,0.152292860174131,0.366700034835006,0.248471784073296,3.03924815684448,214.852962103829,4.78254313369283e-15,1375.70592997278,42.2326004044911,827.300817259536,28.5303682998228,68.6971604409971,46.5484166731104,569.369234842566,4.67071656747455,9.54618293484141e-17,1.66995906160604,4.96187685415095,1.8252949756517,0.084891165912239,6.53890209457418,0.718489603391749,13.8733738495813,10,1e-05,50.6129655515534,9.73594601513746,16.1788840626503,22.6507419832819,3.49950632157951,53.0394930385353,35.9389588483615,34.3435041723426
"129",50.6,0.1,0.141,3293269596313018880,0.802831647125648,4,1.14203343106875,2.71108495556861e-24,7.10167155020806,0.211923805790345,4.37572747955694,0.152045252891724,0.356155065356072,0.249648160942647,2.82718879977301,207.21049120147,4.91899124885137e-22,1288.52694696775,38.4514452033224,793.931784951558,27.5870834245738,64.6207580519425,45.2961504008331,512.965000833671,4.50457589568412,9.81853984454523e-24,1.55694975222393,4.50038179941889,1.74430372177395,0.081981806089598,6.13641643833823,0.697515072578324,12.725108951328,10,1e-05,53.7883649601451,9.55809998369585,16.6199816751348,22.9123923516297,3.55054895470943,51.5142686531023,36.1091099987444,31.947233437435
"130",50.6,0.1,0.146,3410052206111352320,0.77731767153446,4,1.13737764958773,1.11022183362773e-25,6.86888247938457,0.19947236753179,4.3275924243119,0.151449585586969,0.345646539590439,0.24997125312966,2.63282830920534,199.807446648628,1.95036881436104e-23,1206.68264409171,35.0420675559527,760.244579055284,26.6057232644707,60.7210389122147,43.9133983699255,462.5189374147,4.3436401445354,3.89302866107637e-25,1.45216268376908,4.08700067357387,1.6640230699949,0.0789864597909415,5.75859803163603,0.67534259894377,11.6912062317764,10,1e-05,57.0548174720244,9.37960318936017,16.9895912025558,23.0875931478003,3.58727755521202,49.9943154863611,36.155842052674,29.7509598940204
"131",50.6,0.1,0.151,3526834815909686272,0.752427068101342,4,1.13288927653777,6.07583126962467e-17,6.64446382687012,0.187980338368807,4.27276955213715,0.150521335730094,0.33525004642993,0.249557582572495,2.45440989592038,192.6461418433,1.03318609931696e-14,1129.88122261675,31.9657778382559,726.578127493915,25.5959299766009,57.0087733506411,42.4368969201107,417.368763870822,4.18795960528914,2.06228845911094e-16,1.35492753364042,3.71628473509524,1.58503363671753,0.0759295504531908,5.40442506501783,0.652380466839273,10.7578912308477,10,1e-05,60.3970104223838,9.20175828266999,17.2883785392195,23.1809280541941,3.61051741880448,48.4905667156251,36.0960087432857,27.7348318239003
"132",50.6,0.1,0.156,3643617425708020736,0.72818865446904,4,1.12856166333162,1.31176872844026e-16,6.42808316766535,0.177361662336133,4.21237053808151,0.149287195673231,0.325026619001435,0.248519302733012,2.2904213073943,185.728110598135,2.1587861380627e-14,1057.87373458507,29.1885215567127,693.232498140636,24.5682887251647,53.4898373767445,40.8989796866823,376.9360910597,4.03756762169858,4.30903952459156e-16,1.26467669110351,3.38350308395412,1.50783792072685,0.0728386686264188,5.07282449237178,0.628985392495107,9.91352690257921,10,1e-05,63.7958037355914,9.02562275969944,17.5189063710848,23.1988454895127,3.62137874598379,47.0118501723676,35.9458319473028,25.8817607735556
"133",50.6,0.1,0.161,3760400035506354688,0.704626254016818,4,1.12439191038344,7.87278581184194e-22,6.21959551919974,0.167541521742253,4.14749442410813,0.147782465145453,0.315025407788552,0.24696202996659,2.13955187650697,179.054389528428,1.25370597601214e-19,990.442806035731,26.6802389977997,660.469961872979,23.5336974904075,50.166389100298,39.327600193503,340.714079828014,3.89248672887887,2.50245659243529e-21,1.18092198747863,3.08453062952327,1.43286324260225,0.06974268438302,4.76270851903038,0.605463731848813,9.14821868078354,10,1e-05,67.2293210075416,8.85206046831464,17.6854125156682,23.1492246927191,3.62118211419967,45.5652749825362,35.7205880143676,24.1769362045288
"134",50.6,0.1,0.166,3877182645304688640,0.681739959404511,4,1.12037618406334,5.55332446250945e-22,6.01880920316837,0.158446550396523,4.07914334476423,0.146046443722167,0.305277111375839,0.244981270860274,2.00053749145635,172.619978418494,8.55618641760667e-20,927.337379653918,24.412371932735,628.486794127833,22.5018474348371,47.035030846727,37.7450558931596,308.22927469606,3.752608226489,1.70785539165667e-21,1.10316801979618,2.81552675321209,1.36039942007375,0.0666672369185753,4.47274699586231,0.582052955283356,8.45290404582153,10,1e-05,70.6772939726528,8.68163200546612,17.7935245576047,23.040737552695,3.61136585148759,44.1552813894014,35.43409101723,22.6060736534568
"135",50.6,0.1,0.171,3993965255103023104,0.65952994429754,4,1.11651273890482,5.55111512312579e-26,5.82563694484329,0.150013406676585,4.00825331758782,0.144120400754403,0.295805241692213,0.24266213699831,1.87228942651313,166.42043009641,8.2741462243543e-24,868.333134199021,22.36006342734,597.445257725081,21.481688693262,44.090885694218,36.1697057276615,279.071792706019,3.61783543687848,1.65155883134345e-25,1.03098340539422,2.5731794452081,1.29067434488975,0.0636361701810004,4.20170151089388,0.558947316692497,7.81991288946046,10,1e-05,74.1192166388485,8.51478528539016,17.8495593026675,22.88226499159,3.59338160990647,42.7852701583617,35.0986514954355,21.1568705195984
"136",50.6,0.1,0.176,4110747864901357056,0.637997152388707,4,1.11280102090118,0,5.64005104507477,0.142187029484713,3.93568070017892,0.142045271334047,0.28662755142087,0.240079359964592,1.75386334612781,160.451837447306,0,813.224050375132,20.5015719014354,567.475395950128,20.4811321684372,41.3280689222018,34.6164082490652,252.884919434915,3.48808342276751,0,0.96398569920011,2.35461842728423,1.22385825821247,0.06067063544086,3.9484249476903,0.536303096612864,7.24271132403595,10,1e-05,77.5353103568298,8.35188169005192,17.8601359710736,22.6824915009493,3.5686370069878,41.4578090375146,34.7250786252786,19.8186558112443
"137",50.6,0.1,0.181,4227530474699690496,0.617125204949616,4,1.10923786622335,9.99225008007759e-23,5.46189331117487,0.134912923582882,3.86212761821903,0.139857914094234,0.277749351027616,0.237295196622294,1.64433976826942,154.705733889997,1.39362207955811e-20,761.771878570211,18.8163454293149,538.652083333308,19.5060247212259,38.7377842901241,33.095631387895,229.336554729016,3.36316812804342,2.78173577144998e-22,0.901776612018651,2.1571757572645,1.16001314905838,0.0577860402954097,3.71165183130104,0.514224366084292,6.71524349737879,10,1e-05,80.9102382862156,8.19307347199795,17.8318035721486,22.4493821390542,3.5384197770238,40.1736661326344,34.3223772394487,18.5810393814445
"138",50.6,0.1,0.186,4344313084498024448,0.596903389554808,4,1.10582101276871,5.08451946279937e-17,5.2910506384545,0.128144738772674,3.78821115667403,0.137591884596753,0.269174232643169,0.234362516740729,1.54293667779528,149.175438232342,6.85902519762128e-15,713.763609650315,17.2867465375075,511.030314027584,18.5611680777741,36.311648677088,31.6155424217329,208.142414022843,3.24294430939873,1.36909396237105e-16,0.844008923414331,1.97857808200668,1.09917150421415,0.054995045552279,3.49027388745809,0.492792062405589,6.23242064463684,10,1e-05,84.2300333057533,8.03848961172021,17.7707157879558,22.1901350220747,3.50388638243676,38.933361009508,33.898194421379,17.4351844590867
"139",50.6,0.1,0.191,4461095694296358400,0.57731469315955,4,1.10254678847443,9.67526637648282e-17,5.12733942342231,0.121839134409091,3.71442457749526,0.135275656083123,0.260899802565146,0.231324237793224,1.44892964850201,143.852720159369,1.262362197299e-14,668.979975226489,15.8967320841433,484.632566059939,17.6498369976902,34.0404114187022,30.1815951878034,189.046372848245,3.12723304694281,2.51973482069563e-16,0.790345208980477,1.81678200585632,1.04130734934524,0.0523060988115266,3.28319724233936,0.472056399994625,5.78967767580236,10,1e-05,87.4841937794371,7.88815834276726,17.6824599618691,21.9109646384348,3.46603305333783,37.7365474430227,33.458737754412,16.3729050280727
"140",50.6,0.1,0.196,4577878304094692864,0.558346467009551,4,1.09941187389289,8.05872429142144e-17,4.97059369427222,0.115958639840503,3.64118638055959,0.132933840776617,0.252923030116403,0.228216202018862,1.36169292283,138.730718240277,1.01690061349854e-14,627.220834758928,14.6323918935642,459.467842595777,16.7744297176613,31.9154217457308,28.7977584852147,171.826993770773,3.01588517913646,2.02978185698326e-16,0.740485585007334,1.67002891632532,0.986377073900959,0.0497253119027986,3.08945454619665,0.452053081140876,5.38312033436856,10,1e-05,90.6637965397171,7.74209657037894,17.5720287031438,21.6172497551984,3.42571986922155,36.5827870760365,33.0091914600082,15.387130027979
"141",50.6,0.1,0.201,4694660913893026816,0.539979227808321,4,1.09641134285073,2.98906534254928e-18,4.82056714300872,0.11046749951838,3.56880338869272,0.130585854833226,0.245236021111472,0.225066211898635,1.28063568563655,133.800893161657,3.64771502191673e-16,588.279383906483,13.4809350498544,435.52001175388,15.9360846865508,29.9274527521861,27.4660239233298,156.28276711124,2.90871506873168,7.28101219789703e-18,0.694134403561148,1.53671997460049,0.934292635465406,0.0472552942586814,2.90808219592966,0.43279500918693,5.00918866595902,10,1e-05,93.7633248102535,7.60023499392237,17.4437096578722,21.3133825661694,3.38364973937289,35.4709380935634,32.5535768890186,14.471183247693
"142",50.6,0.1,0.206,4811443523691361280,0.522196727734373,4,1.09354044812504,1.5707605508944e-16,4.67702240629015,0.105334393506263,3.497522492813,0.128247644780066,0.237830845613746,0.221896893531104,1.20524112212099,129.055773066273,1.85375600459273e-14,551.965629919744,12.4311922871493,412.765225008896,15.1353331002967,28.0679545894382,26.1874859633785,142.238291243162,2.80556028404942,3.70018491035307e-16,0.65102615729194,1.41546883321121,0.884958343084782,0.0448970377054476,2.73822017530903,0.414286646054443,4.66480720326097,10,1e-05,96.778647795505,7.4625033164548,17.3011790743592,21.0030185210488,3.34040642258143,34.3998535095723,32.0951666803389,13.6192246799672
"143",50.6,0.1,0.211,4928226133489694720,0.504975532988963,4,1.09079303257131,0,4.53965163089856,0.100528976950825,3.42750085554961,0.125930843212964,0.230695649703266,0.218724838643266,1.13501439687276,124.486177218756,0,518.08533842877,11.4728162599467,391.161720125392,14.3717907956948,26.3280188587741,24.9618563856287,129.532917002479,2.70622124388599,0,0.610898584005617,1.30500427194638,0.838247449228282,0.0426489745589305,2.57900666252193,0.39651597609155,4.34711952242356,10,1e-05,99.7084728733278,7.32875356929182,17.147485804854,20.6889991197189,3.29644650315689,33.3678187730804,31.636360661362,12.8256626846622
"144",50.6,0.1,0.216,5045008743288028160,0.488302767947851,4,1.08816445359143,1.48294030812316e-17,4.40822268078082,0.0960265662430361,3.35888723578734,0.123645607646539,0.223822316988216,0.215564667621731,1.06955008960659,120.085939515681,1.63651991717703e-15,486.475698106805,10.5971486090185,370.674789187885,13.6450872955981,24.7002308625294,23.7889461949477,118.031724842313,2.61056390251481,3.26657137618339e-17,0.573533380356507,1.20426618235899,0.794055035163419,0.0405096869628789,2.42973915427635,0.379475175192988,4.05377349572857,10,1e-05,102.551070794316,7.19890475586073,16.9852520547427,20.3737636268896,3.25215929618841,32.3736599291755,31.1792735248072,12.0859160125545
"145",50.6,0.1,0.221,5161791353086362624,0.472160367432428,4,1.0856490997216,1.90467013605305e-17,4.28245498616385,0.0918033160326086,3.29176635193456,0.12139893480336,0.217200141170715,0.212426787770456,1.00846051106077,115.847707988955,2.03244003788462e-15,456.97324747027,9.79617055906062,351.258603912235,12.9542670397611,23.177045452308,22.6676892975587,107.611049310242,2.51842843454251,4.05684671593571e-17,0.538716868990969,1.11228114635233,0.752257592694371,0.0384761210745577,2.28972012425608,0.363145867367073,3.78257761970886,10,1e-05,105.306738446943,7.07282489338545,16.8166019458062,20.0591516500953,3.20784028635401,31.4158284189322,30.7254105831187,11.3956037749867
"146",50.6,0.1,0.226,5278573962884697088,0.456527556612123,4,1.08324095886286,0,4.1620479431125,0.087836803811564,3.22617917692518,0.119195536219415,0.210817165003592,0.209318596587071,0.951383894137731,111.763632686835,0,429.420244621596,9.06258224198486,332.861771484611,12.2980266015067,21.7511090222026,21.5964938844626,98.1592499975265,2.42964418884423,0,0.506246514745474,1.02816917165678,0.712724206200684,0.036544264387356,2.15828046979096,0.347503555640761,3.53152563249011,10,1e-05,107.97704933697,6.95035205690583,16.6432605520894,19.7465497442514,3.16371374969154,30.4925947461196,30.2758418103539,10.7506380037564
"147",50.6,0.1,0.231,5395356572683030528,0.441388866623229,4,1.08093485861034,2.00153864105554e-18,4.04674293058212,0.0841078444187307,3.1621604173776,0.11703919768167,0.204663524247919,0.206246362207143,0.898009810120775,107.827450342636,1.99661253134851e-16,403.678324295817,8.39008414359605,315.437783011812,11.6751145322362,20.4159814275605,20.5738756615091,89.5799663010993,2.34407500744862,3.98533331356125e-18,0.475946141833841,0.951173742873881,0.675338255939949,0.0347103098288991,2.03484304491823,0.332526523032636,3.2988978284887,10,1e-05,110.563386365084,6.83135981339544,16.4666753072923,19.4370960490284,3.11996563368102,29.602532147219,29.8314738296412,10.1475108543648
"148",50.6,0.1,0.236,5512139182481364992,0.42672624134868,4,1.07872531348251,5.2743926436492e-19,3.93626567556157,0.0805982472075103,3.09971240602007,0.114932047962084,0.198728349551047,0.203214170291216,0.848046099979712,104.032410054236,5.0866311509807e-17,379.61397561018,7.7729054823745,298.936669087917,11.0840617092448,19.1653879736559,19.5980011114385,81.7856765900533,2.26157413161382,1.01531570404951e-18,0.447648139013708,0.88060595857617,0.639978791235387,0.0329698485392497,1.91885079703915,0.318188805198113,3.08310445855515,10,1e-05,113.068083531413,6.71569875317245,16.2879983907191,19.1316047335727,3.07672758487713,28.7440684790634,29.3928975909215,9.58292092977074
"149",50.6,0.1,0.241,5628921792279698432,0.412526530596108,4,1.07660765783703,0,3.83038289166451,0.0772924501341549,3.03883966555171,0.112875813235879,0.193002833408505,0.200225656953141,0.801241747269176,100.37320414956,0,357.110411724589,7.20605210269612,283.314048444541,10.523524482665,17.9938463730378,18.6672374054205,74.7005660663559,2.18202617716436,0,0.421206816694709,0.815871473003968,0.60653940965518,0.0313188722881638,1.80982323716642,0.304468052168688,2.8827777060002,10,1e-05,115.493078616458,6.60325563734898,16.1082026257498,18.8307522178938,3.03411031334385,27.9159298242062,28.9606390217023,9.05403174414168
"150",50.6,0.1,0.246,5745704402078032896,0.398772712421074,4,1.07457681795716,6.8263272102804e-17,3.72884089946078,0.0741752591784639,2.97951867426464,0.110870936124979,0.187476814186992,0.197282722251454,0.757354261830431,96.8436922027575,6.15206581958909e-15,336.052959924202,6.68486966115188,268.52206801874,9.99198068755209,16.8959041223263,17.7796383761218,68.2547601953545,2.10529765658168,1.22798151734881e-16,0.396480772552464,0.756419440377176,0.57490836292397,0.0297528683301041,1.70728348435484,0.29133767668813,2.69662289687549,10,1e-05,117.841190207121,6.49388478391221,15.9280450735894,18.534971460861,2.99218595813013,27.1166464040065,28.5349729464503,8.55810315868387
"151",50.6,0.1,0.251,5862487011876366336,0.385449813765482,4,1.0726281391478,1.08999761057498e-20,3.63140696015381,0.0712331359190828,2.92172206503522,0.10891740680611,0.182141102567696,0.194386665355415,0.7161674913415,93.4384155231542,9.49514989762135e-19,316.337880848539,6.20523656811083,254.516053040366,9.48797588224694,15.8666134184093,16.9333446949008,62.3865375127191,2.03126990267726,1.89527695584932e-20,0.373342906443789,0.701763639505304,0.544982462576214,0.028267541420759,1.61080213635993,0.278772693780689,2.52349136939501,10,1e-05,120.115156949758,6.38745753512197,15.7481359838083,18.2445724442351,2.95100807002556,26.3448890753916,28.1160872770073,8.09269265215896
"152",50.6,0.1,0.256,5979269621674700800,0.372543416550688,4,1.07075721706426,5.8804266610771e-17,3.53786085443062,0.0684536993769703,2.86541707155419,0.107014806072417,0.176986954189362,0.191538237851566,0.677484328811416,90.1522027387623,4.95101418035112e-15,297.869530017857,5.76344635936322,241.253252043559,9.01009149351439,14.9013833592848,16.1265259536264,57.0406657923797,1.95983049432092,9.88245913469295e-17,0.351676784277239,0.651468308872143,0.516664059271266,0.026858713897194,1.5199823170886,0.266748689225986,2.36234354861565,10,1e-05,122.317748599932,6.28384856051249,15.568969478921,17.9597633821989,2.91061328056377,25.5993930539494,27.7040907228505,7.655572915569
"153",50.6,0.1,0.261,6096052231473034240,0.360039649190376,4,1.06895987688473,6.87376261252358e-23,3.44799385167202,0.0658256195686657,2.81056630740892,0.105162368661706,0.17200604938966,0.188737691464186,0.641124773435286,86.9801542303091,5.59310919996586e-21,280.559676269245,5.35616225285659,228.69285946015,8.55695264454362,13.9959534758779,15.3573898025713,52.1676565043674,1.8908729180502,1.11641112489437e-22,0.33137560943805,0.605142359443083,0.489860841781071,0.0255223460022293,1.43445697723778,0.255241901350678,2.21223698651565,10,1e-05,124.451751907783,6.18293809473597,15.3909364896245,17.680665344288,2.87102351303957,24.8789549837204,27.2990196933798,7.24470993981873
"154",50.6,0.1,0.266,6212834841271368704,0.34792517712476,4,1.0672321878709,9.37554899442662e-18,3.36160939152801,0.0633385127158021,2.75713001264058,0.103359107889919,0.167190505803503,0.185984954998559,0.606924239722656,83.9176302475997,7.3720963706327e-16,264.32701071159,4.98037629573493,216.796138248896,8.12723931793296,13.1463717140292,14.6241997407536,47.7231145351402,1.82429630973043,1.47150540204329e-17,0.312341436776786,0.562434240083543,0.464485887575002,0.024254565640013,1.35388635287711,0.244229398142415,2.07231571804072,10,1e-05,126.519909037309,6.08461118313205,15.2143502183987,17.407335006442,2.83225200455991,24.1824347594187,26.9008638909916,6.85824390886602
"155",50.6,0.1,0.271,6329617451069703168,0.336187182869216,4,1.06557041099564,5.19539273875323e-17,3.27852055064317,0.0609828510118849,2.70506500204937,0.101603776706545,0.162532818245737,0.183279551734651,0.574731996928044,80.96023190444,3.94737125415382e-15,249.0964288653,4.63337355201423,205.526249248862,7.71968256592527,12.3489677655012,13.9252693755964,43.6671619951606,1.76000504140087,7.87914025038609e-17,0.294484217531349,0.523027458869346,0.440457136555424,0.0230516564022098,1.2779556930568,0.23368900068662,1.94180136078428,10,1e-05,128.524963772252,5.98875845034172,15.039442036753,17.1397632844249,2.79429969308536,23.5087468310634,26.5095543629,6.4944715652869
"156",50.6,0.1,0.276,6446400060868036608,0.324813350510935,4,1.06397107702675,1.51824785819551e-16,3.19855385468981,0.058749880583938,2.65432960840133,0.0998951382994058,0.158025939718335,0.180620976809184,0.54440986792399,78.1037943449279,1.11451261262197e-14,234.798856718911,4.31270049533649,194.848542723138,7.33308405299701,11.6003392981466,13.2589916508884,39.9639400748631,1.69790857271582,2.22462003705176e-16,0.277721421578987,0.486636684326214,0.417697845435974,0.0219101114613211,1.20637313635389,0.22359958289945,1.81998415276943,10,1e-05,130.469504754992,5.89527520292069,14.8664089938681,16.8779235561764,2.75716596280948,22.8568719208599,26.1250180856803,6.15183150754108
"157",50.6,0.1,0.281,6563182670666371072,0.313791848571818,4,1.06243088484514,0,3.12154424219501,0.0566315467009176,2.60487992198529,0.0982317650835223,0.153663164657631,0.178008416275456,0.515830973430377,75.3443662017892,0,221.370421223502,4.01613700624825,184.730159442187,6.96629793681102,10.8973241599409,12.6238153409983,36.58116336295,1.63792100438672,0,0.261977019274098,0.453004283617372,0.396135651523746,0.020826581183325,1.13886786672635,0.21394080665804,1.70621678639361,10,1e-05,132.356103222828,5.80406155469147,14.6953876502944,16.6217388918734,2.7208412146686,22.2258401360798,25.747137330082,5.82888999976326
"158",50.6,0.1,0.286,6679965280464705536,0.303111306641059,4,1.06094674924625,4.78941802084303e-17,3.04733746673548,0.0546204334739969,2.55667311609912,0.0966122263108286,0.149438173736994,0.175441009821655,0.488878676084796,72.6781999295786,3.2809024648264e-15,208.752231737969,3.74167203687055,175.140175525721,6.61824234293439,10.2369864233851,12.0182627419559,33.489731871125,1.57996086803432,6.54883693572068e-17,0.247181117364019,0.421897355065794,0.375702765268968,0.019797904762003,1.07518831100213,0.204693299971166,1.5999074182898,10,1e-05,134.187207433585,5.71502311741346,14.5264849747941,16.371116916257,2.68531338827655,21.6147374493188,25.3757876606042,5.52432903975819
"159",50.6,0.1,0.291,6796747890263037952,0.292760800059295,4,1.05951576729539,2.5635995494536e-18,2.97578836785609,0.0527096987741726,2.50966663515773,0.0950350688225832,0.145344986998056,0.172917782637965,0.463445615976076,70.1017385181971,1.69617848859309e-16,196.889885444036,3.48748138998653,166.049434709942,6.28789466877486,9.61659711726388,11.4409219360428,30.6633883056711,1.52395083735211,3.38565271438541e-18,0.233269322474618,0.393105025823004,0.356335538113038,0.0188210964699181,1.01510061148731,0.195838564081808,1.50051446472785,10,1e-05,135.965178744228,5.62806937032741,14.3597738220281,16.1259478909882,2.65056769779362,21.0226989193988,25.0108280807553,5.23693546052966
"160",50.6,0.1,0.296,6913530500061372416,0.282729826638642,4,1.05813521643683,1.77296438470277e-18,2.90676082217816,0.0508930266841424,2.46381898018362,0.0934988283938276,0.141377962188244,0.17043771906407,0.439432845025753,67.6116033045745,1.13287000365911e-16,185.733124233581,3.25190871420428,157.430495568807,5.97428910465089,9.0336192832415,10.8904488485894,28.0784144931212,1.46981746314292,2.26126226026819e-18,0.220182290854627,0.366436152232196,0.337974288560865,0.0178933371897925,0.95838717613482,0.18735898123333,1.40754145944245,10,1e-05,137.692271596193,5.54311465206697,14.1953078290569,15.886107358109,2.61658727792728,20.4489084509075,24.6521116854271,4.96559114879101
"161",50.6,0.1,0.301,7030313109859705856,0.273008290949696,4,1.05680252962857,0,2.84012648379387,0.0491645809948242,2.41908915918816,0.0920020350158572,0.137531749488494,0.167999744968352,0.416749058501876,65.204582661658,0,175.235445497267,3.03344844058,149.257495723107,5.67651394564756,8.48569158069364,10.3655630553576,25.7133642969272,1.41749092742735,0,0.20786523662157,0.341717263401601,0.320562956354667,0.0170119671719805,0.904845327029145,0.179237768822308,1.32053291424258,10,1e-05,139.370659018008,5.46007807154483,14.0331108347085,15.6514596650656,2.58335268067248,19.8925922460157,24.2994831122225,4.7092643610712
"162",50.6,0.1,0.306,7147095719658040320,0.263586483384976,4,1.05551530716402,1.41422946530418e-17,2.77576535833866,0.04751895700001,2.3754378882186,0.0905432808036015,0.133801310297719,0.165602759560738,0.395309908101548,62.877622362209,8.4246420349721e-16,165.353855868429,2.83073017796452,141.506130196824,5.39371260574209,7.97061700893117,9.86504668111056,23.5488267663618,1.36690483396107,1.68159850895688e-17,0.196267598713604,0.318790696331056,0.304049005554975,0.0161744875331687,0.85428625030874,0.171458944477795,1.23907014466709,10,1e-05,141.002394550844,5.37888192814528,13.8732016704813,15.4218704598471,2.55084476418484,19.3530215214621,23.9527831428652,4.46700196154749
"163",50.6,0.1,0.311,7263878329456374784,0.254455063733563,4,1.05427128965606,0,2.71356448651458,0.0459511498623363,2.33282691524529,0.0891211498514142,0.130181871359463,0.1632456928072,0.375037378593845,60.6278150136292,0,156.048530705631,2.64250562530839,134.153514435973,5.1250760975917,7.48634862046221,9.38774465585176,21.5672161763997,1.31799597855716,0,0.185342627393513,0.297513028374256,0.288383107707667,0.0153785389664667,0.806533721932633,0.164007337312228,1.16276803786653,10,1e-05,142.589446320863,5.29945301515546,13.7155783725475,15.1971942331533,2.51904278232919,18.8295058734327,23.6118570076334,4.23792237811045
"164",50.6,0.1,0.316,7380660939254708224,0.245605043038755,4,1.05306835669005,1.37928221543663e-17,2.65341783541412,0.0444565156455122,2.29121938175272,0.0877342917026193,0.126668923470548,0.160927433568888,0.355859231964424,58.4523911892802,7.6559458941988e-16,147.282573176671,2.46763624309402,127.178117879853,4.86984449464881,7.03097896654842,8.93255717000349,19.7525857680135,1.2707041562887,1.52816311326893e-17,0.17504707325641,0.27775361368912,0.27351895723057,0.0146219053142851,0.761423310698338,0.156868484361869,1.0912718203587,10,1e-05,144.133682555196,5.22172135044816,13.5602336367576,14.9772898839268,2.48792616616982,18.3213930907801,23.2765439914039,4.02120932119799
"165",50.6,0.1,0.321,7497443549053042688,0.237027768088682,4,1.05190450978014,1.92456078406685e-16,2.59522548946806,0.0430307449602522,2.25057952975024,0.0863813739763703,0.123258189184467,0.158646896747262,0.337708505783797,56.348710672207,1.03095402466831e-14,139.021754232937,2.30508280478955,120.559664482467,4.62730124683994,6.60272864671656,8.49844068614498,18.0904623062523,1.22497197113493,2.05783313224308e-16,0.165340870279428,0.259393342118392,0.259413042958838,0.0139024973410745,0.718801321948204,0.150028646669754,1.02425442290628,10,1e-05,145.636890722963,5.14562102258872,13.4071450682447,14.7620116640653,2.45747377553231,17.8280644836413,22.9466871455239,3.8161061153569
"166",50.6,0.1,0.326,7614226158851377152,0.22871490482461,4,1.05077787542348,1.49143432260904e-20,2.53889377120558,0.0416698283175248,2.21087323642181,0.0850611105745444,0.119945631310951,0.156403014885857,0.320523063714395,54.3142549598589,7.70915965673763e-19,131.234323476484,2.15389544480032,114.279083577533,4.39677210090916,6.19993792476712,8.0844043500416,16.5676988546059,1.18074467304041,1.53878483266897e-20,0.156186899716668,0.242323466116802,0.246024518691373,0.0132183487105432,0.678524095049163,0.143474753287723,0.961413865359987,10,1e-05,147.100761166139,5.07108845579341,13.2562917416269,14.5512154170486,2.42766441337003,17.348936112816,22.6221320730904,3.62191061997267
"167",50.6,0.1,0.331,7731008768649710592,0.220658423898078,4,1.04968669022527,7.69607209485956e-17,2.48433451151717,0.0403700380741525,2.17206765001632,0.0837722852599617,0.116727419830498,0.154194734870507,0.304245186869038,52.3466196073291,3.83793909336638e-15,123.890790330818,2.01320550815743,108.318415481088,4.17762365758756,5.82105679772008,7.68950698039923,15.1723435313602,1.13796999146368,7.66070846699614e-17,0.147550713700305,0.226444637573938,0.233314980663035,0.0125676126526382,0.640457196207451,0.137194371586505,0.902471107772585,10,1e-05,148.526902102111,4.9980638708143,13.1076414605221,14.3447627648253,2.39847873300714,16.8834540042833,22.3027264516701,3.43797061162013
"168",50.6,0.1,0.336,7847791378448045056,0.21285058652853,4,1.04862929154675,0,2.43146457682564,0.0391279027213199,2.13413109666666,0.082513699004584,0.113599923771507,0.152021022017413,0.288821205507789,50.4435073050195,0,116.963737453954,1.88221773191331,102.660738577866,3.96925816592673,5.46463715138572,7.31285459644247,13.8935224366915,1.09659798489173,0,0.139400330023543,0.211665989608901,0.221248303510672,0.0119485460215299,0.604474740631053,0.131175670227834,0.847168057322758,10,1e-05,149.916847136343,4.92649046833268,12.9611595675345,14.1425148444703,2.3698947644865,16.4310929743108,21.9883206245986,3.26367962223802
"169",50.6,0.1,0.341,7964573988246378496,0.205283930636716,4,1.04760411717683,7.52241825073583e-17,2.38020585841774,0.0379401846786596,2.09703337943587,0.0812842105768593,0.110559704962583,0.149880878533245,0.274201167399181,48.6027217491104,3.48996338527398e-15,110.42767124096,1.7602033142215,97.2901195863801,3.77111334757796,5.12932556187454,6.95359870720502,12.7213351149268,1.05658090758936,6.96613244886704e-17,0.131706024253978,0.197904324725213,0.209790520288955,0.0113595089515239,0.570458777129276,0.125407396520458,0.795265732151981,10,1e-05,151.272048107201,4.85631390744419,12.8168098525492,13.9443355176729,2.34189342860251,15.991355725788,21.6787702710485,3.09847319161074
"170",50.6,0.1,0.346,8081356598044712960,0.19795125844262,4,1.04660968678142,2.53432758252337e-19,2.33048433898914,0.0368038618256284,2.06074512638474,0.0800827129821062,0.107603492805634,0.14777330272564,0.260338533806727,46.8221612388357,1.13378173544193e-17,104.25884153652,1.6464937926485,92.1915225880023,3.58265908203339,4.81385577989544,6.61093193996037,11.6467609277215,1.01787307040947,2.26308212015089e-19,0.124440127623418,0.185083397958093,0.198909617857754,0.0107989555048143,0.538298720764097,0.119878827118558,0.746542714779815,10,1e-05,152.593899767818,4.78748225417279,12.6745468029369,13.7500906569803,2.31445538080258,15.5637691994069,21.3739305062366,2.94182543201602
"171",50.6,0.1,0.351,8198139207843047424,0.190845624142072,4,1.0456446160233,3.39393067838396e-19,2.28223080121024,0.0357161147605354,2.02523875091512,0.0789081582074103,0.104728190549353,0.145697360025819,0.247189910945718,45.0998140589228,1.46384001006112e-17,98.4351501426698,1.54047571222936,87.3507974808541,3.40339653487678,4.51704321728941,6.2840890158554,10.6615755009493,0.980430740411366,2.92189409122871e-19,0.117576917562891,0.173133294745499,0.188575501809409,0.0102654303158426,0.507890779973355,0.114579767799187,0.700793561069064,10,1e-05,153.883707257343,4.71994674345706,12.5343337794317,13.5596537721907,2.28756081849505,15.1478854810584,21.0736661541345,2.79324599368661
"172",50.6,0.1,0.356,8314921817641379840,0.183960322492757,4,1.04470759229027,1.46344006294549e-16,2.23537961453042,0.0346743042319905,1.99048749131624,0.0777595355290562,0.101930855272173,0.143652121240603,0.234714796861707,43.4337525029672,6.08425687397899e-15,92.9359809809019,1.44158533865274,82.7545829053955,3.23285524661556,4.23777865976991,5.97234166434296,9.75827539773736,0.944212010934069,1.21444653018158e-16,0.111092403950494,0.161989815307238,0.178759785850401,0.00975756095587385,0.479137549145746,0.109500501577336,0.657827576816129,10,1e-05,155.142724566856,4.65366011098512,12.3961251556651,13.3728994649263,2.26119177414589,14.7432789065671,20.7778428162409,2.65227720453729
"173",50.6,0.1,0.361,8431704427439714304,0.177288877940446,4,1.04379737670334,2.38781714298528e-18,2.1898688350179,0.0336759627196421,1.95646572151112,0.0766358717313275,0.0992086866498115,0.14163668603344,0.222875357587468,41.822128451119,9.56733533735419e-17,87.7421018229393,1.3493044435733,78.3902724240174,3.07059142228711,3.97502286280843,5.67499766610822,8.93001078720031,0.909176705459108,1.90968551200153e-18,0.104964219734102,0.151593984026966,0.169435712905477,0.00927405242786901,0.451947501152102,0.104631770014846,0.617467595017923,10,1e-05,156.372143159805,4.58857772575305,12.2598768439928,13.1897056748307,2.23533035064774,14.3495444370287,20.4863302678767,2.51849154073839
"174",50.6,0.1,0.366,8548487037238047744,0.170825034414667,4,1.04291280214373,4.32296999831707e-17,2.14564010813483,0.0327187790281569,1.92314903871751,0.0755362449384134,0.0965590267073319,0.139650192517243,0.211636222292403,40.2631690618001,1.66894558714355e-15,82.8355642408783,1.26315616108892,74.2459721635001,2.91618685090197,3.72780198763383,5.39139926106666,8.17052488016668,0.875286283952176,3.33129455141301e-17,0.0991714999131828,0.141891568946592,0.160578058070311,0.00881368417993831,0.426234614555689,0.0999647539675338,0.57954884831873,10,1e-05,157.573091710069,4.52465688607848,12.1255448216946,13.009956645752,2.20995915157341,13.9662976229485,20.199003845694,2.39148931190415
"175",50.6,0.1,0.371,8665269647036382208,0.164562745627131,4,1.04205275805531,5.04851011628384e-18,2.10263790283465,0.0318005876377022,1.89051369851541,0.0744597486019371,0.093979336942898,0.137691782463793,0.200964293733418,38.7551722275828,1.87760051050015e-16,78.199585795132,1.18270139521292,70.3104362213878,2.76924595111279,3.49520248461616,5.12091993659299,7.47409932465219,0.842503744077888,3.74777967510899e-18,0.093694743526414,0.132832664909439,0.152162990844234,0.0083753015024584,0.401917976849317,0.0954910356177247,0.54391806186015,10,1e-05,158.746657003147,4.46185698309554,11.9930820443018,12.8335361291876,2.1850606097847,13.5931712954208,19.915739415563,2.27089651918762
"176",50.6,0.1,0.376,8782052256834716672,0.158496762737768,4,1.04121629263819,1.11022302462516e-25,2.06081463190593,0.0309194423255309,1.85854090089606,0.0734056669372816,0.091467465677326,0.135760866872453,0.190829569487737,37.2966470426121,3.97684867023246e-24,73.8189331936952,1.10754272222135,66.5734338629536,2.6294106902135,3.2763891684846,4.86299068670105,6.83556639364929,0.810796674839393,7.93797857101736e-26,0.0885162574790458,0.124372123196775,0.144168850822702,0.00795785981745696,0.37892369104262,0.0912030246953781,0.510435653318058,10,1e-05,159.89373313228,4.40014500331627,11.8624624004009,12.6603570741411,2.16062223466755,13.2298542355684,19.6364517844316,2.15637413521143
"177",50.6,0.1,0.381,8898834866633050112,0.152619640556415,4,1.0404021607486,4.30857880858205e-17,2.02010803742012,0.030073177437549,1.82719917639146,0.072372846377002,0.0890203649034864,0.133856058908167,0.181200040428477,35.8855916605106,1.486116672909e-15,69.6776447376974,1.03728520198521,63.0238248248403,2.4962870228232,3.07049387719224,4.61696837289098,6.24995881881444,0.780121557837187,2.96635936687369e-17,0.0836174783714192,0.116465130574133,0.136572036480524,0.00756020577783276,0.357173370721838,0.0870917991847817,0.478958877894073,10,1e-05,161.015652405805,4.33946555267593,11.7335975716132,12.4902582292915,2.13661984370092,12.8759055796403,19.3609403604773,2.04756045684179
"178",50.6,0.1,0.386,9015617476431384576,0.1469276998414,4,1.03960967451349,2.16265456318693e-18,1.98048372565587,0.0292602607413633,1.79647741854768,0.0713608187749265,0.0866365907174657,0.1319771775233,0.172051430893814,34.5209255552641,7.18123724776474e-17,65.7632695547712,0.971606274492316,59.6532186528753,2.36958309727616,2.87682518914527,4.38238930626322,5.71308134501683,0.750454903375307,1.43340901585818e-18,0.0789839731173532,0.109075069845184,0.129354826076674,0.00718148945501643,0.336606200761711,0.0831513148144127,0.449373391654441,10,1e-05,162.113003689927,4.27980152462798,11.6064836868912,12.3231888510749,2.11304564011845,12.5311164813742,19.08917895697,1.9441811691001
"179",50.6,0.1,0.391,9132400086229719040,0.141415048891728,4,1.03883787061709,4.00480845508904e-18,1.9418935308772,0.0284789205568715,1.76635296878269,0.0703687585573805,0.0843138109098665,0.1301233125374,0.163357189372097,33.2010516676402,1.27992881466124e-16,62.062530906206,0.910180635103001,56.4522894655425,2.24897152359634,2.69465262240708,4.15871518060119,5.22086327234272,0.721761992774788,2.5547986221499e-18,0.074600312055366,0.102165057372715,0.122497490298334,0.00682075336186377,0.317156302265553,0.079374182090821,0.421560149685256,10,1e-05,163.186776877292,4.22111255796732,11.4810671464785,12.1590378013827,2.08988384145951,12.1951496100031,18.8210359254095,1.8459362399047
"180",50.6,0.1,0.396,9249182696028053504,0.13607656143116,4,1.03808590552411,3.72863104549356e-17,1.90429527617569,0.0277275727563885,1.73680672735049,0.0693959371553926,0.0820500341314443,0.12829374963851,0.155093304939158,31.9245702716154,1.14667719882669e-15,58.5633694077392,0.852714443199895,53.4125433362095,2.13415427422011,2.52330955124107,3.9454565406856,4.76963138198798,0.694012397209031,2.2888220767094e-17,0.0704524955618576,0.0957017874327926,0.115982078504216,0.00647712647003616,0.298763684148894,0.075753737538099,0.39541103894756,10,1e-05,164.237822667337,4.16336622796882,11.3573039433016,11.9977085001552,2.06711943107506,11.8677169367721,18.5564079477141,1.75255434581249
"181",50.6,0.1,0.401,9365965305826385920,0.130907272618573,4,1.03735297735751,6.45218482793894e-18,1.86764886499307,0.0270047256041907,1.70782029267882,0.068441652968842,0.0798433549684605,0.126487792177613,0.147237210997315,30.69013307595,1.90888169525952e-16,55.2544731223442,0.798935984724605,50.5259378400156,2.0248492879467,2.36216913885413,3.74214684793467,4.35601930863498,0.667176805998912,3.81021840358125e-18,0.0665273910518715,0.0896544765934832,0.109791600701306,0.00614978418136034,0.281371747080511,0.0722836123511763,0.370825066311035,10,1e-05,165.266955503092,4.10653140542351,11.2351505416574,11.8391068148002,2.04473814057783,11.5485428626381,18.29519426057,1.66378048426965
"182",50.6,0.1,0.406,9482747915624720384,0.125902372283885,4,1.03663833382851,7.13858251011941e-17,1.83191669427823,0.0263089737825147,1.67937644741615,0.067505266831525,0.0776919607011039,0.124704791825387,0.139767685524705,29.4964409470496,2.03120770845632e-15,52.1252406257546,0.748593859815528,47.7848701833471,1.92079055127852,2.21064208808211,3.54834218247245,3.97694079781856,0.641226977109774,4.05438692794642e-17,0.0628126887130656,0.0839946557117462,0.103909997893576,0.00583794855108585,0.264927076733049,0.0689577263463188,0.347707775370547,10,1e-05,166.274936925222,4.05057825913332,11.1145682771379,11.6831483044667,2.02272708928485,11.2373651958077,18.037301089624,1.57937484642916
"183",50.6,0.1,0.411,9599530525423054848,0.121057198549365,4,1.03594125510529,6.64545595059787e-17,1.79706275730791,0.0256389910115407,1.65145839314199,0.066586146873516,0.0755941131637385,0.122944108672855,0.132664755790781,28.3422410422756,1.81812543384544e-15,49.1657085618627,0.701455280160616,45.1821294103806,1.82172552301119,2.06817381401224,3.36361887854309,3.62956535219246,0.616135674832079,3.62906460115393e-17,0.0592968152265386,0.0786959743349381,0.0983220454962843,0.00554088086330651,0.249379241498136,0.0657702620546471,0.325970846129895,10,1e-05,167.262504968579,3.9954778800852,10.9955160730322,11.5297457922757,2.00107512991218,10.9339325280031,17.7826358784418,1.49911174043582
"184",50.6,0.1,0.416,9716313135221389312,0.116367232415689,4,1.03526106039236,5.83316210585049e-26,1.76305301976743,0.0249935286694897,1.62405016375373,0.0656836965255168,0.0735481561016331,0.121205128501686,0.125909614972827,27.2263249601834,1.53406298290716e-24,46.3665217158157,0.657304673662977,42.7108863664206,1.72741517536845,1.93424255471025,3.1875730109824,3.31129627493431,0.591876629569203,3.0620624757633e-26,0.055968911087977,0.073734040666537,0.0930133255222222,0.00525788165656849,0.234680623383702,0.0627156556166531,0.305531581690082,10,1e-05,168.230357586233,3.94120310027314,10.8779562964681,11.378820685254,1.9797685968788,10.6380052985402,17.5311097864839,1.42277864919295
"185",50.6,0.1,0.421,9833095745019721728,0.111828091637544,4,1.03459709895406,6.68811802180441e-18,1.7298549490599,0.0243714049331083,1.59713627027984,0.0647973324625891,0.071552499173776,0.119487254591627,0.119484541750298,26.1475263368885,1.69029801355663e-16,43.7188813744674,0.615942141148146,40.364662469053,1.63763261934384,1.80835695219708,3.01981915425397,3.01975059221164,0.568424485584532,3.37391500729682e-18,0.0528187568943288,0.0690862450453283,0.0879701646329749,0.00498828682000391,0.22078621811931,0.0597885831915973,0.286312581490291,10,1e-05,169.179168846318,3.88772712874844,10.7618499582904,11.2302928684382,1.9587958856648,10.349353480495,17.2826365041329,1.35017532177837
"186",50.6,0.1,0.426,9949878354818056192,0.107435957168768,4,1.03394881773519,2.6520508859983e-17,1.6974408867595,0.0237715670672151,1.57070453776102,0.0639265887559242,0.0696058171154953,0.117790085037858,0.113373424062964,25.1048214826986,6.43931913398365e-16,41.2147581278485,0.577186159846526,38.1375328702723,1.55217122084509,1.69006587450775,2.86000526001343,2.75276640696536,0.545756988754317,1.28531864136828e-17,0.0498370319871648,0.0647320610881967,0.0831800683241247,0.00473149201565404,0.207654775906121,0.0569842254479749,0.268243048387936,10,1e-05,170.109487551266,3.83503052689682,10.6471699059615,11.084100878927,1.93814815757683,10.0677853875852,17.0371578998758,1.28111969191149
"187",50.6,0.1,0.431,10066660964616390656,0.103185408208944,4,1.03331543734111,7.89715871026521e-19,1.66577186693684,0.0231927819514477,1.54473290673465,0.0630706760358471,0.0677060757903269,0.116112555140489,0.107558712315195,24.096814997606,1.84160969217355e-17,38.8456371164649,0.540853408134424,36.0230203954762,1.47080200032669,1.57889906951504,2.70773343648022,2.50825865788783,0.523843804295784,3.67594029465472e-19,0.0470138234801652,0.0606507769191521,0.0786293416627759,0.00448682457436103,0.195242246936233,0.0542968784423377,0.251249752850895,10,1e-05,171.02220282525,3.78307258203313,10.5338476407202,10.9401287997812,1.91780792575621,9.79300680231288,16.7945199755204,1.2154134491617
"188",50.6,0.1,0.436,10183443574414725120,0.099073737825867,4,1.03269659713518,6.56016699852824e-17,1.63482985688567,0.0226342318370175,1.51921588681796,0.062229372339941,0.0658524619752085,0.114454653917582,0.102027318088577,23.1227632935213,1.46886499959177e-15,36.6049272466039,0.506795496905787,34.0162536025578,1.39335701358228,1.47448039895985,2.56271578479088,2.28445947452478,0.502668767250464,2.93192420867132e-17,0.044341490771888,0.0568256195633714,0.0743077313162001,0.00425379433892736,0.183514423089301,0.0517226978273443,0.235274170243421,10,1e-05,171.917613569471,3.73184596188485,10.4218838393658,10.7983544442761,1.89777224729576,9.52490010009416,16.5547211426391,1.15290869440092
"189",50.6,0.1,0.441,10300226184213057536,0.0950966276679382,4,1.03209168315793,9.10232996904601e-17,1.6045841762012,0.0220949154604973,1.49413693647338,0.0614020325309534,0.0640434391619231,0.112815654235272,0.0967645935347218,22.1815471038127,1.95625799778821e-15,34.4854629363321,0.474860340451735,32.1117487687954,1.31964252699706,1.37641121001358,2.42461574809939,2.07964895415524,0.482207545735059,3.90478375052587e-17,0.0418117037213382,0.0532394132966103,0.0702036622149423,0.00403183285618336,0.172434055120389,0.0492569241146516,0.220254769883183,10,1e-05,172.796402801022,3.68132300574156,10.3112255924056,10.6586833572611,1.878025984921,9.26324304038055,16.3176562285897,1.09343990694236
"190",50.6,0.1,0.446,10417008794011392000,0.0912503041114841,4,1.03150019170387,2.36553800377962e-18,1.57500958461309,0.0215739403620148,1.46948356179827,0.0605882172452096,0.0622777239103894,0.111195048375249,0.0917572632663988,21.2721835975913,4.8783470064469e-17,32.480743407825,0.444910067875214,30.3045257496077,1.24948467431876,1.28432664163986,2.29312752746478,1.89227046811419,0.462438773860679,9.73741200891575e-19,0.0394169028545696,0.0498765907828327,0.0663066239337893,0.00382043037250827,0.161967083014797,0.0468952659679015,0.206135404123229,10,1e-05,173.659102379304,3.63148203192298,10.2018405096461,10.5210562240407,1.85855999940393,9.00784998639872,16.083251796996,1.03685707491031
"191",50.6,0.1,0.451,10533791403809726464,0.0875311014367356,4,1.03092165572435,1.50726034245484e-18,1.54608278601725,0.0210704599295842,1.44524452459964,0.0597875271325082,0.0605541015008485,0.109592420710404,0.0869927773848489,20.3937220126409,2.98166676914983e-17,30.5846543929776,0.416816447783815,28.5898689888975,1.1827185910717,1.19788298739914,2.16796043642135,1.72089363846726,0.443341782883499,5.95154829415282e-19,0.0371499726582854,0.046722677605094,0.0626066650149721,0.00361910319971244,0.152081252855674,0.044633625313553,0.192863304918003,10,1e-05,174.506196532949,3.58230188274748,10.0937047346184,10.3854177623272,1.83936773117745,8.75854524108273,15.8514477315528,0.983018384448792
"192",50.6,0.1,0.456,10650574013608060928,0.0839354584462221,4,1.03035559508928,3.9652376001562e-20,1.51777975422472,0.020583673195693,1.42140725092298,0.0589994694778211,0.0588713789020247,0.108007245654375,0.082459262403033,19.5452414474373,7.52182320947118e-19,28.7913919250217,0.390460210438422,26.9632620493711,1.11918533922729,1.11675553611561,2.0488341155701,1.56420385440351,0.42489655320516,1.50139158924227e-20,0.0350041655362963,0.0437642144426946,0.0590942581151459,0.00342738504429638,0.14274604432347,0.0424680472132316,0.180388997273979,10,1e-05,175.338210877953,3.53376254404149,9.98677810289888,10.2516971005418,1.82043745465377,8.51515624438886,15.6221680114488,0.931789665154273
"193",50.6,0.1,0.461,10767356623406395392,0.0804599144746982,4,1.02980157622467,1.82164741657779e-18,1.49007881095978,0.0201128211686483,1.39796085793899,0.0582236559823872,0.0572284283516028,0.10643909252714,0.078145484185411,18.7258507652618,3.31247285470443e-17,27.0955046940269,0.365730346862801,25.4204373015369,1.05873550604885,1.04063834585625,1.93548214361858,1.4209928481561,0.4070837122883,6.61185293132703e-19,0.032973136291784,0.0409886779054746,0.0557603958139451,0.0032448372916731,0.133932536373842,0.0403947536417219,0.168665921688404,10,1e-05,176.155605789418,3.48584481856034,9.88103326928506,10.1198406525805,1.80176128019592,8.27751987677584,15.3953503431255,0.883043971295145
"194",50.6,0.1,0.466,10884139233204727808,0.0771011057419933,4,1.02925917288234,7.84489224985053e-17,1.46295864344341,0.0196571828311637,1.37489427820145,0.0574596692098679,0.0556241585162562,0.104887509346494,0.0740408053631528,17.9346865932959,1.36696069917201e-15,25.4918347685303,0.342523460244486,23.9573264228538,1.0012261111529,0.969242612831106,1.82764910650526,1.29014991975705,0.389884491158607,2.72851839162792e-17,0.0310508817677598,0.0383844064004003,0.0525964925816579,0.00307104008030016,0.125613334301947,0.0384101133550294,0.157650340957925,10,1e-05,176.958844296161,3.43852999911865,9.77643812755879,9.98978905991054,1.78332978002514,8.0454782877913,15.1709293518768,0.836661100603627
"195",50.6,0.1,0.471,11000921843003062272,0.0738557617558695,4,1.02872798941461,1.63119517708353e-16,1.43639947167355,0.0192160730867245,1.35219741860184,0.0567071509926773,0.0540575275823139,0.103352093091439,0.0701351505983149,17.1709125813029,2.7226934696977e-15,23.9755212395564,0.32074320376549,22.570070909306,0.946521862386659,0.902295932480143,1.72509134953898,1.17065400396606,0.373280708289193,5.43462530512782e-17,0.0292317384860614,0.0359405363747376,0.0495944029066488,0.00290559593783584,0.117762470716503,0.0365106473243521,0.147301101725627,10,1e-05,177.748350604061,3.3917998754866,9.67296675814998,9.86149165329653,1.76513636873179,7.81888078950589,14.9488467447457,0.792527201760958
"196",50.6,0.1,0.476,11117704452801396736,0.0707207024656337,4,1.02820762928464,3.07987177513171e-17,1.41038146395165,0.018788842908614,1.32985965708267,0.0559656897224973,0.0525275240602969,0.101832399190752,0.0664189709982126,16.4337178761186,4.92252171697548e-16,22.5419559397882,0.300299798197078,21.254985663288,0.894492833399607,0.839541048473376,1.62757488982396,1.06156636064462,0.357254736437361,9.82558682637398e-18,0.0275103409810226,0.0336469471812851,0.0467463485618847,0.00274812305700404,0.110355345925271,0.0346930073692593,0.137579522766714,10,1e-05,178.52456388698,3.345637250611,9.57058514310831,9.73488923649483,1.74717081276163,7.59758108008134,14.7290382189504,0.750534372279802
"197",50.6,0.1,0.481,11234487062599729152,0.0676928345604114,4,1.02769772594249,1.45286052331564e-18,1.38488629729968,0.0183748746722392,1.30787137753918,0.0552349433046545,0.0510331793857425,0.100328031329767,0.062883214161658,15.7223165037159,2.22267038319798e-17,21.1867946558279,0.281109501383898,20.0085756976489,0.845016232671104,0.780735208650695,1.53487647480655,0.96202392090908,0.341789489211216,4.43655550796435e-19,0.0258816242962273,0.0314942011030942,0.0440449490384425,0.00259826042508288,0.103368624862184,0.0329539842410165,0.128449186849472,10,1e-05,179.287883354059,3.30002529189398,9.46926614297532,9.60993303853035,1.72942633383165,7.38143906635379,14.5114464515375,0.710580320026736
"198",50.6,0.1,0.486,11351269672398063616,0.064769148920716,4,1.0271979482995,1.10002070660567e-17,1.35989741524337,0.017973578682481,1.28622427353282,0.0545146197353747,0.0495735816007894,0.0988386791538606,0.0595192954340727,15.035946535889,1.61019135214151e-16,19.9059439942836,0.263094147117183,18.8275292430424,0.797975608423251,0.725649543767063,1.44678355120898,0.871233188775374,0.326868402954108,3.2140183115868e-18,0.0243408126093693,0.0294734910035218,0.0414832087434452,0.00245566535043928,0.0967801792718724,0.0312905058810165,0.11987577259125,10,1e-05,180.038660192779,3.25494713615468,9.36899531475367,9.48658202040732,1.71189790073482,7.17032284273817,14.2960265528144,0.672568038405022
"199",50.6,0.1,0.491,11468052282196398080,0.0619467175269484,4,1.02670792983142,6.33951476177261e-17,1.33539649620738,0.0175844003815292,1.26490789663037,0.0538043109588986,0.0481478113353868,0.0973638730321891,0.0563190660981406,14.3738680612995,8.87529414264312e-16,18.69549507537,0.24618086962927,17.7086576304579,0.753258102310875,0.674067344243486,1.36309014885236,0.78846456904565,0.312475392636946,1.77155080712837e-17,0.0228833503002753,0.0275766084754786,0.0390543939005677,0.00232000591934997,0.0905690368817955,0.0296995977304079,0.111827061064168,10,1e-05,180.777315612076,3.21038794993482,9.26973013752471,9.36477632519716,1.69457448047529,6.96409943155034,14.0827105953758,0.636405446908989
"200",50.6,0.1,0.496,11584834891994732544,0.0592229583538219,4,1.02622740680007,3.6934730068817e-18,1.31137034000278,0.0172068435344215,1.24391618695256,0.053103799206869,0.0467551554177623,0.0959034328387177,0.0532750902651705,13.7354263922305,4.94348779632595e-17,17.5518902133273,0.230303080236989,16.6490576170312,0.710761884081935,0.625789168601969,1.28360881203308,0.713054510167886,0.298596225918055,9.86743611519607e-19,0.0215050872447538,0.0257960533793997,0.0367523753766618,0.00219098265618077,0.0847158654418853,0.0281785684612579,0.104273361518233,10,1e-05,181.504116130313,3.16633641478355,9.17146150102613,9.2444868066547,1.67745242181299,6.76266567962514,13.8714725257921,0.602008519996427
"201",5.06,0.1,0.001,0.0147553617801542,0.765235561649026,4,0.03433034182123,1.24473451516862,13.9532428479381,0.724336004825509,3.02050413786897,0.139264634367281,0.341134831456633,0.0755356365319847,11.4163779437651,5.93720043956888,215.26841617509,2413.11898383018,125.269013301409,522.375762771614,24.0848766577236,58.9969619825942,13.0633774856118,1974.38535564159,0.129069574773236,42.9685969045141,3.83065657315071,17.5334791223618,1.43511046662762,0.0817456773592645,9.84241516411314,0.35340853569445,52.8305887459517,10,1e-05,12.7879036448338,8.89385217311001,4.05911454766083,9.74031783581697,1.24652455118464,49.3417420218873,10.9254744679863,129.005070764546
"202",5.06,0.1,0.006,0.0885321706809254,0.796286472703959,4,0.197867391497581,1.08119744804095,13.9532419749329,0.724335936196419,3.02050443335973,0.139264632251224,0.34113486546025,0.0755356556474201,11.4163767254634,35.6083627559558,194.573095896534,2511.03579071093,130.352033137164,543.572221552032,25.0621666700295,61.3908837938123,13.5934527005435,2054.49963595401,0.774094842520778,38.8377128172923,3.98609247235065,18.244931367164,1.49334290995074,0.0850626608188182,10.2417894091361,0.367748798725888,54.9742817197769,10,1e-05,12.7879062864417,8.89385318310718,4.05911570935672,9.74031918896554,1.24652447039189,49.3417469401706,10.9254772328428,129.005056997736
"203",5.06,0.1,0.011,0.162308979581697,0.827340489105246,4,0.349143510433923,0.929921315225124,13.9532412821151,0.724335875518617,3.02050473306091,0.139264631230068,0.341134904192102,0.0755356715747982,11.4163756922874,65.2824871680133,173.875711603511,2608.9624115304,135.435561841339,564.770805082144,26.0395545944299,63.7850463776473,14.1235805992226,2134.62194588898,1.41918450365246,34.7064167429933,4.14154390624793,18.9564551234598,1.55158121683733,0.0883799777726322,10.6412040873252,0.382090496555671,57.1181892680033,10,1e-05,12.7879078290491,8.89385347979037,4.05911645632086,9.74032020843217,1.24652462842048,49.3417525423456,10.9254795365788,129.005045322848
"204",5.06,0.1,0.016,0.236085788482468,0.858388269425097,4,0.489447130500876,0.789617705283573,13.9532417991952,0.724335923884913,3.02050447258881,0.139264630506985,0.341134872866495,0.0755356567677412,11.4163765023719,94.9506626236142,153.182478073347,2706.86959227913,140.518090002036,585.965027185678,27.0167462891018,66.1787151342551,14.6535963025614,2214.72850918866,2.06414483964379,30.5759491806483,4.29696478796729,19.6678395201908,1.60980762274632,0.0916966335008327,11.0405391268684,0.396429257727247,59.2616835075099,10,1e-05,12.7879071931174,8.89385342582684,4.05911586104751,9.74031914899852,1.24652444283511,49.3417480114098,10.9254773948861,129.005054476803
"205",5.06,0.1,0.021,0.309862597383239,0.889439193747997,4,0.619968273856585,0.65909656740275,13.9532421080304,0.724335946866674,3.02050438215917,0.139264631565703,0.341134861438187,0.0755356513379072,11.4163769179199,124.621842452525,132.487148209887,2804.78665282661,145.601128411936,607.161426017868,27.9940372855349,68.572629842423,15.1836673544993,2294.84311639592,2.70917048809836,26.4450631802344,4.45240136443786,20.3792955838119,1.66804001966556,0.0950136253357674,11.4399144523668,0.410769489481218,61.4053909690626,10,1e-05,12.7879058743383,8.89385298487497,4.05911554866849,9.74031889043475,1.24652435756772,49.3417463584194,10.9254766095149,129.005059172494
"206",5.06,0.1,0.026,0.38363940628401,0.920493224141289,4,0.741695426524792,0.537369418874626,13.9532422683884,0.724335957612077,3.02050436375397,0.139264629309112,0.341134860895028,0.0755356513831287,11.4163771071004,154.29598887534,111.789749419273,2902.71348160486,150.684673062341,628.359958873387,28.9714253669984,70.9667861217295,15.7137924931147,2374.96569632006,3.35426062772478,22.3137642121473,4.60785342935551,21.0908223353648,1.72627827142386,0.0983309461911671,11.839329617941,0.425111167908269,63.5493107021782,10,1e-05,12.7879051209236,8.89385284804748,4.05911538087271,9.74031821019496,1.24652424096745,49.3417462798568,10.9254766160557,129.005061310235
"207",5.06,0.1,0.031,0.457416215184781,0.95154413425445,4,0.855466308242186,0.423598536603459,13.9532422464429,0.724335958860802,3.0205043264557,0.139264631551474,0.341134854285026,0.0755356483928333,11.4163771200976,183.967152171196,91.0944308291367,3000.63043383611,155.767705031687,649.556357398379,29.9487161771922,73.3607005261338,16.2438637130994,2455.08019037283,3.99928591676514,18.1828804619423,4.76328963326793,21.8022768773444,1.78451060725893,0.101647936001999,12.2387045699483,0.439451392617272,65.693014061957,10,1e-05,12.7879056486623,8.8938529540175,4.05911544217833,9.74031868080212,1.24652429110577,49.3417453237861,10.9254761835394,129.005061457103
"208",5.06,0.1,0.036,0.531193024085553,0.982595052623365,4,0.962046694925788,0.317018152144056,13.9532423485167,0.724335963253573,3.02050433267155,0.139264631323088,0.341134856450034,0.0755356481863623,11.4163772209701,213.638324958843,70.3991057428124,3098.54743933385,160.850739068212,670.752770698575,30.9260067300273,75.7546174228919,16.7739356502438,2535.19472542286,4.64431141214876,14.0519954150673,4.91872606756317,22.5137321483206,1.84274302845237,0.104964925712213,12.6380798129971,0.453791632248302,67.8367181544526,10,1e-05,12.787904980885,8.89385257895262,4.05911531807294,9.74031851015895,1.24652424684999,49.3417456369329,10.9254761536754,129.005062596962
"209",5.06,0.1,0.041,0.604969832986324,1.01364595686124,4,1.06209730537357,0.216967541792696,13.9532423703701,0.724335969883946,3.02050428341775,0.139264625847679,0.341134853891153,0.075535647351287,11.4163773000131,243.309484501042,49.7037893608732,3196.46438332571,165.933771365738,691.949161732473,31.9032956328902,78.1485321784151,17.3040071992555,2615.30922042832,5.28933661958787,9.92111210562884,5.07416232545502,23.225186716537,1.90097536725145,0.108281909795871,13.0374547511702,0.468131863258555,69.980421831463,10,1e-05,12.7879055310529,8.89385300559439,4.05911520759141,9.74031724447053,1.24652416694165,49.3417452668163,10.9254760328902,129.005063490148
"210",5.06,0.1,0.046,0.678746641887095,1.04469686764164,4,1.15620044545678,0.122864403377056,13.9532424308659,0.724335972515143,3.02050425918364,0.139264637967645,0.341134843904792,0.075535639948878,11.4163773760869,272.980650324013,29.0084689617035,3294.38135737923,171.016803883122,713.145562448432,32.8805888191184,80.5424456487912,17.8340772976774,2695.42373272252,5.93436196356549,5.79022799433212,5.22959858329851,23.9366417773797,1.95920771418308,0.111598907267596,13.4368299270231,0.482472071258144,72.1241254114741,10,1e-05,12.787904900263,8.89385256868428,4.05911535772845,9.74031973979015,1.24652434809094,49.3417438223891,10.9254749622057,129.005064349782
"211",5.06,0.1,0.051,0.752523450787866,1.07574778030984,4,1.24487111689078,0.0341937339684178,13.9532425324336,0.724335980101896,3.02050427847916,0.139264630204585,0.341134849883964,0.0755356473899643,11.4163774705358,302.651819013363,8.31314635224895,3392.29834822021,176.099837951256,734.341974695817,33.8578774009253,82.9363630060754,18.3641509331687,2775.53825542245,6.57938736985571,1.65934344185206,5.38503512085915,24.6480972458365,2.01744017295796,0.11491589186836,13.8362047584218,0.496812339295526,74.2678290761077,10,1e-05,12.7879038457936,8.89385300256289,4.05911490775105,9.74031798391914,1.24652416479747,49.3417446872166,10.9254760384844,129.005065417055
"212",5.06,0.1,0.056,0.826300259688638,1.10455003255522,4,1.27194768100852,3.59634740603984e-17,13.5973840522223,0.695179994005122,3.15285658609417,0.138948514133018,0.356797308175168,0.0836627960825483,10.9076456648148,317.514146657428,8.97750115639186e-15,3394.29196544583,173.536605212281,787.042252927568,34.6854823928621,89.0667081094718,20.8846021748804,2722.85712456285,6.90248144907452,1.79195181184897e-15,5.25625520673329,23.9153925314743,2.12038315782946,0.116072871635613,13.9364160537575,0.52992137206219,70.4794733698399,10,1e-05,13.7747871054342,9.20300343026948,4.43731405057784,10.2846099339541,1.33573997940377,51.6071626544562,12.1009868253798,123.256396012407
"213",5.06,0.1,0.061,0.900077068589409,1.12245296277882,4,1.26034569675688,3.49425521448249e-17,13.0172848329888,0.647732339203364,3.36381403276405,0.138637497136229,0.380005270259689,0.0978817366889602,10.0830762379544,319.717400087765,8.86402988713473e-15,3302.15152375602,164.313092809182,853.313404172731,35.1687796872928,96.397597373249,24.8300878487518,2557.81800817096,6.9503782627775,1.7693024083016e-15,4.93274032218779,22.1400207059239,2.23438653612919,0.115330884043162,13.7586833549193,0.574696362904139,63.2325250600002,10,1e-05,15.4757499831156,9.66099487329807,5.10763664370594,11.2064362708194,1.48884407706855,54.9639622903614,14.1576143946912,113.938761488885
"214",5.06,0.1,0.066,0.97385387749018,1.13002058858863,4,1.24921785127323,8.62309297569092e-17,12.4608925652227,0.60238155036045,3.55906261583646,0.138626753315933,0.399175756839729,0.112661323626698,9.29921278490784,319.03106749509,2.20220560756491e-14,3182.32072410172,153.839003225074,908.929971225514,35.4031452950215,101.943362154921,28.7719730432943,2374.87623044242,6.93545798902369,4.39570684513944e-15,4.61131246098226,20.3376440494965,2.32315723257805,0.114171963805477,13.4879110173004,0.617312271585172,56.6541374846871,10,1e-05,17.2390387847094,10.0409050181115,5.82132228920404,12.1394961878147,1.6460179249813,57.7367814692984,16.2953338493656,105.081104469459
"215",5.06,0.1,0.071,1.04763068639095,1.12892953278076,4,1.23864963802248,0,11.9324819004083,0.559537468106471,3.73618548759061,0.138930492185819,0.414156690111749,0.127707204608209,8.5630025103532,316.026683511781,0,3044.43045498387,142.759312172065,953.243170936667,35.4464582529082,105.667140418489,32.5829702718245,2184.74797164625,6.87014529373437,0,4.29853632901496,18.5679581111975,2.38640562790815,0.112733554189674,13.1329634366786,0.656693895224351,50.7364921190436,10,1e-05,19.0642740887189,10.3411537516731,6.5722733964352,13.0790346153418,1.80614205178138,59.9036236577633,18.4715700745314,96.7619283669912
"216",5.06,0.1,0.076,1.12140749529172,1.12078893337275,4,1.22868375565423,5.2021333128088e-16,11.4341877902473,0.519430412221501,3.89378730624936,0.139542420881516,0.425018661993602,0.142719407523543,7.87811958920492,311.223505245182,1.31769151900524e-13,2896.2603170558,131.570839834574,986.289701115858,35.3458578395704,107.656504101687,36.150583151758,1995.51429080916,6.76572837489527,2.63017477113694e-14,3.99906265761141,16.8733863550865,2.42518251911535,0.111117151061345,12.706651691756,0.691919684585419,45.4497029239043,10,1e-05,20.9536534730651,10.5639715324405,7.35383610025017,14.0200922894211,1.96806083778717,61.4746992707546,20.6429351042052,89.0227513580156
"217",5.06,0.1,0.081,1.19518430419249,1.10705454503466,4,1.2193294033181,4.32991227601178e-17,10.9664701657741,0.482148145043586,4.0313025088099,0.140437471571043,0.432003832364833,0.157405017771983,7.24564766720968,305.06929967132,1.0833194886358e-14,2743.74862464163,120.63073074922,1008.609018842,35.136658710273,108.084908176765,39.381842515876,1812.81994306516,6.6319412972026,2.16235708205961e-15,3.71582851498121,15.2811805748133,2.44145141003066,0.109390161787094,12.2239655229558,0.7222584239159,40.7498027337829,10,1e-05,22.9111825295472,10.7144984124872,8.15886102232117,14.9570295822328,2.13051373074537,62.4850343132495,22.7670617705396,81.8758186394694
"218",5.06,0.1,0.086,1.26896111309326,1.08899379700064,4,1.21057271516831,0,10.52863575461,0.447677520874837,4.14878119239715,0.141574281178552,0.435472486299622,0.171488857443531,6.66484454217205,297.937196145853,0,2591.22990024878,110.179077783387,1021.06731830115,34.8432141681286,107.17526501391,42.2055682544256,1640.30220635416,6.47689556838811,0,3.45041528313095,13.8066122710189,2.43770495053602,0.107591211849915,11.7005196496955,0.747187955430902,36.5858164364938,10,1e-05,24.9417521918496,10.7998277258601,8.97961316922828,15.8831048895054,2.29206995520527,62.9867404183774,24.8041483406323,75.3127433265441
"219",5.06,0.1,0.091,1.34273792199404,1.06767336191731,4,1.20238178368148,7.79051578889548e-18,10.1190891838742,0.415924980883866,4.24674985252275,0.142898714299578,0.435855205073498,0.184730013323905,6.13354516390299,290.127726291842,1.87980611744838e-15,2441.67732487829,100.360277117921,1024.71602245184,34.4806280604354,105.169324216855,44.5742770481993,1479.9887495492,6.30712448460527,3.75218217119143e-16,3.20329832338977,12.4555199252775,2.41665780314019,0.105735915208148,11.1511004280896,0.766412321517886,32.9032111508754,10,1e-05,27.0513830426769,10.8281732572291,9.80806987780933,16.7906898215622,2.4511776605228,63.0420968618307,26.7193491271697,69.3090603521038
"220",5.06,0.1,0.096,1.41651473089481,1.04397046806832,4,1.19471470300418,9.61891771152346e-20,9.73573515015699,0.386749122330843,4.32603326313349,0.144347301651955,0.433608442502394,0.196929301351245,5.64876298899581,281.877792100963,2.26946172178781e-17,2297.02331586388,91.2485536718317,1020.67271935392,34.0569163358178,102.304416361137,46.4629727292141,1332.75403360814,6.12777808915136,4.52995323914168e-18,2.97420659027681,11.2272992705774,2.38101504441147,0.103823607478834,10.5888532084263,0.779849978989295,29.6481959863411,10,1e-05,29.2466803089702,10.8080755159874,10.6358480346876,17.6712349050605,2.60616018888665,62.7171251235462,28.4838541474441,63.8310217756526
"221",5.06,0.1,0.101,1.49029153979558,1.01859354613954,4,1.18752467513432,0,9.37623375971385,0.359981690861533,4.38763068573681,0.14585066109201,0.429181578255977,0.207935083848669,5.20708163874895,273.37072321396,0,2158.42909001129,82.8685561110304,1010.04197964978,33.5751345120025,98.7985183757758,47.867101579878,1198.68134382801,5.94284180899913,0,2.76238635440368,10.117150376394,2.33332740863411,0.101843282457375,10.0248327911416,0.787613883980236,26.770026611853,10,1e-05,31.5346081072619,10.7478351132707,11.4542466030944,18.5154761881399,2.755257450004,62.0768234789445,30.0757305278715,58.8400225178631
"222",5.06,0.1,0.106,1.56406834869635,0.992106698087984,4,1.18076375440499,4.55031492995498e-17,9.03818772002396,0.335442770155927,4.43262938599118,0.14733678664407,0.422994561489776,0.217645637182368,4.80493695455064,264.746260290664,1.02025393001449e-14,2026.50732608839,75.2116743158957,993.866934700265,33.0352817163813,94.842196722188,48.7996589475656,1077.34429084904,5.75535348457966,2.03647523579967e-15,2.56680546194797,9.11778222114282,2.27591450928292,0.099778649227581,9.46788590020747,0.789982960919356,24.2222843991144,10,1e-05,33.9221622197273,10.655120951533,12.2543071529967,19.3137380215253,2.89668573287713,61.1819333738812,31.4802649620577,54.2957875864222
"223",5.06,0.1,0.111,1.63784515759712,0.964954540498707,4,1.17438546441246,9.36898394563101e-17,8.71927321775686,0.31295152049343,4.46214600380538,0.148734148123644,0.415424723825144,0.226007652792201,4.43881155965082,256.109660476791,2.04318545319233e-14,1901.49671557905,68.2483818882806,973.103578563277,32.4359022923606,90.5957100088517,49.2876870293394,968.014809372124,5.56760131471284,4.07829507455385e-15,2.38630243521787,8.22064272648929,2.21083442095139,0.0976122307415588,8.92476574335962,0.787366906241998,21.9634448463397,10,1e-05,36.4159678555161,10.53675888265,13.0269148119395,20.0563075509535,3.02870133391014,60.0870320540689,32.6897468998639,50.1585706240542
"224",5.06,0.1,0.116,1.71162196649789,0.937484027579643,4,1.16834634481319,0,8.41731724179317,0.292332402936571,4.47729553382708,0.149974784472246,0.406800858969572,0.23301229178097,4.10534496850918,247.539164349214,0,1783.38870605091,61.9368726203247,948.610829235942,31.7753660860291,86.1894635378614,49.3686382010113,869.805145864088,5.38128618150464,0,2.21968256883621,7.41672575124659,2.13988291134273,0.0953285194858777,8.40035932536732,0.780269012644059,19.9568638737263,10,1e-05,39.0218019827755,10.3986452906807,13.7629968621851,20.733898583139,3.14968500738368,58.8396762413588,33.7028978831994,46.3903981441537
"225",5.06,0.1,0.121,1.78539877539866,0.909963869593189,4,1.16260707668721,5.71413865631136e-17,8.130353834106,0.273419372860003,4.47917864376989,0.150997195472477,0.397402868085794,0.238689088102218,3.80140292587525,239.09227815603,1.17512309741814e-14,1672.02218134615,56.2291956241714,921.151305270188,31.0528502575071,81.7266288685565,49.0868488500511,781.765485486581,5.19765822078325,2.34560143951052e-15,2.06578413372042,6.69711064699361,2.06461197728129,0.0929163290941323,7.89798792064886,0.769250096950917,18.1705337369178,10,1e-05,41.7439207770027,10.2457545914923,14.4537826882083,21.3381310525447,3.25821728647741,57.4803508399293,34.5239897031049,42.9558530623903
"226",5.06,0.1,0.126,1.85917558429943,0.882600442489336,4,1.15713308273984,0,7.85665413636877,0.256057947757465,4.46888117555163,0.151749128324384,0.387464504702813,0.243098784559155,3.52410687285315,230.810674611023,0,1567.14873029731,51.0752899065648,891.397449672155,30.2690496042628,77.2866535857128,48.4903554294398,702.945492491338,5.0176233611092,0,1.92351543955579,6.05327977716413,1.98635517628448,0.0903704229272357,7.41970454926388,0.754895788704308,16.5766631482316,10,1e-05,44.5843658866367,10.0822069972983,15.0911513036715,21.8620342063493,3.35315978677061,56.0428659602149,35.1618081986362,39.8224076632406
"227",5.06,0.1,0.131,1.93295239320021,0.855550775817874,4,1.1518948748823,4.39648317751562e-20,7.59474374359392,0.240106094894989,4.44748227087709,0.152190009490318,0.377178094506467,0.246325897954473,3.27084153302844,222.724029173759,8.50079698106981e-18,1468.47769184516,46.4255880031179,859.940601046441,29.4266194362047,72.9290725710924,47.6282147603703,632.431848522117,4.84182672116867,1.69679939740722e-18,1.79187496082758,5.47729477096988,1.90625596409183,0.0876924389110001,6.96657179036946,0.737789135598182,15.1512035412848,10,1e-05,47.5422270592819,9.91136625840191,15.6680442704782,22.3005155651248,3.43372005629798,54.5550395894154,35.6285778801349,36.9605093232214
"228",5.06,0.1,0.136,2.00672920210098,0.828932936203597,4,1.14686819931485,5.58595108666931e-18,7.34340996633206,0.225434297791161,4.41606663919896,0.152292857899667,0.366700037636261,0.248471785232288,3.03924815952721,214.852962200629,1.04646561688232e-15,1375.70593104128,42.2326006519192,827.300817368639,28.5303678847234,68.6971609922577,46.5484169081752,569.369235564588,4.6707165695789,2.08879500602992e-16,1.66995908129658,4.96187688328358,1.8252949750649,0.0848911647832002,6.5389021480686,0.718489607132452,13.8733737734492,10,1e-05,50.612965541698,9.73594625761343,16.1788836335864,22.6507422926606,3.49950560941208,53.0394934437088,35.9389590159982,34.3435042026574
"229",5.06,0.1,0.141,2.08050601100175,0.802831650139361,4,1.14203342893457,6.5680957247071e-16,7.10167143290709,0.211923807749725,4.37572734121507,0.152045254486075,0.356155068662782,0.249648136542338,2.82718881635806,207.210491592082,1.19171497914041e-13,1288.52693052161,38.4514457031734,793.93176283112,27.5870838174106,64.6207588944886,45.2961461436774,512.965005768458,4.5045759041757,2.3787196223949e-14,1.55694972679628,4.50038183868886,1.74430366440611,0.0819818076044117,6.13641668439584,0.697515025896901,12.725108972882,10,1e-05,53.7883687226966,9.55810020162246,16.6199801415652,22.9123928631331,3.55054890774031,51.5142691313847,36.1091064694838,31.9472336248461
"230",5.06,0.1,0.146,2.15428281990252,0.777317671667383,4,1.13737765171781,2.41840742937856e-18,6.86888258557223,0.199472367344073,4.32759252586681,0.151449587306722,0.345646543072201,0.2499712651006,2.63282831504959,199.807447056996,4.24850808065367e-16,1206.68266295244,35.042067528968,760.244597025822,26.6057235711359,60.7210395342526,43.9134004804151,462.518938520474,4.34364015341295,8.48022363924941e-17,1.45216270966934,4.08700068266069,1.66402311372206,0.0789864606010513,5.75859801898515,0.675342622998938,11.6912061980102,10,1e-05,57.0548145171472,9.37960306768813,16.9895916823484,23.0875933913397,3.58727760874084,49.9943159899632,36.1558437841507,29.7509599600604
"231",5.06,0.1,0.151,2.22805962880329,0.752427068109168,4,1.13288927827915,2.16486407822178e-15,6.6444639139234,0.187980338093083,4.27276963530036,0.150521338506644,0.335250048620026,0.249557588283512,2.45440989974397,192.646142141424,3.68131926858268e-13,1129.88123743178,31.965777791702,726.578141643255,25.5959304490153,57.0087737236566,42.4368978917021,417.36876452536,4.18795961177009,7.34808786811958e-14,1.35492755239714,3.71628473904539,1.5850336706077,0.0759295516296833,5.40442505548436,0.652380476356089,10.7578912098164,10,1e-05,60.3970076445392,9.20175816850842,17.2883796970967,23.1809284793769,3.61051754179955,48.4905670324005,36.0960095693272,27.7348318671069
"232",5.06,0.1,0.156,2.30183643770406,0.72818865398935,4,1.12856162692097,0,6.42808134702482,0.1773616607532,4.21236881445596,0.149287119444223,0.325026552403967,0.248519164187164,2.29042123051334,185.728104483665,0,1057.87343426424,29.1885212769806,693.232214025821,24.5682761639242,53.4898263815207,40.8989568591622,376.936078159048,4.03756748877532,0,1.26467632420549,3.38350289719803,1.50783726202494,0.0728386332779552,5.07282424405294,0.628985139933812,9.91352791533231,10,1e-05,63.7958596850295,9.02562344446221,17.5188959487489,23.1988325444356,3.62137602036957,47.0118405397099,35.9458119080315,25.8817599048008
"233",5.06,0.1,0.161,2.37561324660483,0.704626253993595,4,1.12439191045042,4.4610624133307e-23,6.21959552252882,0.16754152173952,4.14749442724744,0.14778246534675,0.315025407887356,0.246962030132821,2.13955187649689,179.054389533193,7.10404263552926e-21,990.44280653323,26.6802389964852,660.469962351132,23.5336975216875,50.1663891143787,39.3276002186784,340.714079815179,3.89248672898245,1.41800060511552e-21,1.18092198837536,3.08453062962878,1.43286324363853,0.0697426844706996,4.76270851926962,0.605463732096871,9.14821867795252,10,1e-05,67.2293208941266,8.85206046783366,17.6854125450792,23.1492247510814,3.62118210219145,45.5652749968272,35.7205880384113,24.1769362044148
"234",5.06,0.1,0.166,2.4493900555056,0.681737704801245,4,1.12037579139703,1.53905167847638e-16,6.0187895696739,0.158445675215792,4.07913642312793,0.146046266627156,0.305276147799508,0.244981053353461,2.00052414872304,172.619347042467,2.37125880301228e-14,927.331287841922,24.4121563563492,628.483649204413,22.5017457327725,47.0347268348969,37.7448975534534,308.22619959028,3.75259450092319,4.73314504158578e-15,1.10316054106158,2.81550124721473,1.36039232605868,0.0666669340322543,4.47271892164418,0.582050622306039,8.45283778732972,10,1e-05,70.6776361421481,8.68161514208453,17.7935342908052,23.0407253748173,3.61136459561182,44.1551420177208,35.4340595570445,22.6059228805704
"235",5.06,0.1,0.171,2.52316686440638,0.65953213121312,4,1.11651311559965,6.37836388566467e-22,5.82565577997361,0.150014218493517,4.0082604096114,0.144120595165272,0.29580617188244,0.24266237716989,1.87230174080463,166.421038072898,9.5072231953934e-20,868.338820935285,22.3602585751778,597.448295872249,21.4817889015185,44.0911705426821,36.1698614603026,279.074553569442,3.61784865375865,1.89768684334927e-20,1.03099034039747,2.57320243474357,1.29068114299816,0.0636364676299421,4.20172770305275,0.558949596543117,7.81997333196868,10,1e-05,74.1188767608627,8.51480177422403,17.8495553955355,22.8822818627286,3.59338360066911,42.7854047010761,35.098686233853,21.1570096710923
"236",5.06,0.1,0.176,2.59694367330715,0.63799715238608,4,1.11280102091404,6.72968609861264e-19,5.64005104570255,0.142187029419943,3.93568069884702,0.142045273317048,0.28662755204028,0.240079358307044,1.75386334613433,160.451837448499,9.70335648224953e-17,813.224050462301,20.5015718920121,567.475395755748,20.4811324542764,41.3280690113426,34.6164080099251,252.884919434813,3.48808342279345,1.93683597768222e-17,0.963985698891765,2.35461842622884,1.22385825702302,0.0606706363270211,3.94842496533069,0.536303094147215,7.24271131057592,10,1e-05,77.5353103363277,8.35188167532568,17.8601357003431,22.6824919275741,3.56863703647278,41.457809127106,34.7250783855308,19.8186558113179
"237",5.06,0.1,0.181,2.67072048220792,0.617125204949885,4,1.10923786626847,4.44044637334267e-25,5.46189331341865,0.134912923181655,3.86212762058496,0.139857913905617,0.277749351889813,0.237295197765066,1.64433976833736,154.705733896357,6.19310371477284e-23,761.771878883483,18.8163453733639,538.652083663521,19.506024694928,38.7377844103919,33.0956315472921,229.336554738591,3.36316812818167,1.23617287587363e-23,0.901776612492281,2.15717575068058,1.16001314973312,0.0577860402604847,3.71165184124695,0.514224368342375,6.71524349127472,10,1e-05,80.910238439534,8.19307338039937,17.8318032632463,22.4493821082594,3.53841976428859,40.1736662573426,34.3223774047392,18.5810393822122
"238",5.06,0.1,0.186,2.74449729110869,0.596901399364449,4,1.10582066036962,0,5.29103301527889,0.128144085542623,3.78820290239782,0.137591612702206,0.269173365155684,0.234362148313525,1.54292689387287,149.174893314288,0,713.758852464184,17.2866007796313,511.027496655006,18.5610695127833,36.3114105832729,31.6153873087268,208.140400187765,3.24293246335409,0,0.844003227533569,1.97856106419754,1.09916531662453,0.0549947553361241,3.49025246184795,0.49278985078781,6.23237476108177,10,1e-05,84.2303906656984,8.03847465171678,17.7707021142226,22.1901011853855,3.5038808285004,38.9332355361182,33.8981411320683,17.4350739007634
"239",5.06,0.1,0.191,2.81827410000946,0.577314693125636,4,1.10254678846519,7.14340223691164e-16,5.12733942317413,0.12183913411747,3.71442456779163,0.135275660590348,0.260899803530583,0.231324230955551,1.44892964834196,143.852720149713,9.3202198188229e-14,668.979975154809,15.8967320451608,484.632564765406,17.6498375847251,34.0404115426662,30.1815942938979,189.046372816258,3.12723304673289,1.86036008241327e-14,0.790345219811415,1.81678200155297,1.04130734316145,0.0523061005650826,3.28319727917664,0.472056389590832,5.78967764567288,10,1e-05,87.4841935893807,7.88815827903115,17.6824598536875,21.9109667227681,3.4660321811807,37.7365475826635,33.4587367654109,16.3729050262642
"240",5.06,0.1,0.196,2.89205090891023,0.558346467368648,4,1.0994118751556,0,4.9705937584407,0.115958639115229,3.6411864394807,0.132933845308535,0.252923032668576,0.228216200600225,1.36169292595578,138.730718488837,0,627.220843259504,14.6323918114553,459.467850326316,16.7744303003157,31.9154220883061,28.7977583247232,171.826994275713,3.01588518453994,0,0.740485593346961,1.67002890846735,0.986377090145718,0.049725313476003,3.08945457459122,0.452053077924018,5.38312032080909,10,1e-05,90.6637943294024,7.74209636408148,17.5720299528233,21.6172505196694,3.42572006773824,36.5827874451828,33.0091912548165,15.3871300633003
"241",5.06,0.1,0.201,2.965827717811,0.539979227842251,4,1.09641134292761,2.23453500548818e-17,4.8205671468302,0.110467499527897,3.56880339208341,0.130585854538065,0.245236021575616,0.225066219269054,1.28063568586627,133.800893179448,2.72692162028098e-15,588.279384409804,13.4809350518628,435.520012195029,15.9360846515321,29.9274528107085,27.4660248245069,156.282767149093,2.90871506911842,5.44306489423673e-16,0.69413440532406,1.53671997454941,0.9342926361433,0.0472552943399554,2.90808218895596,0.43279502150302,5.00918866035468,10,1e-05,93.7633252850601,7.6002349929582,17.4437080995636,21.3133826281077,3.38364962621664,35.4709381606971,32.5535779550759,14.4711832502888
"242",5.06,0.1,0.206,3.03960452671177,0.522194977982507,4,1.09354019076005,1.05991791313785e-15,4.67700953333841,0.105333896704225,3.49751654313576,0.128247471011114,0.237830151461401,0.221896651227699,1.20523387482986,129.055310259147,1.25087341357028e-13,551.962261204552,12.431092002682,412.763139777388,15.1352618780172,28.0677786195476,26.1873696199063,142.236959341105,2.80555022302493,2.49680266345057e-14,0.651022151096405,1.41545728211769,0.884953821618834,0.0448968269575696,2.73820380340236,0.414284925803362,4.66477375155626,10,1e-05,96.778906914748,7.46248931246195,17.3011745060009,21.0029978762025,3.3404038851406,34.3997531073771,32.0951316335743,13.6191427855774
"243",5.06,0.1,0.211,3.11338133561254,0.504975534107298,4,1.09079304438046,9.05194036755751e-17,4.53965221992566,0.100528976927812,3.42750141723903,0.125930872823222,0.23069566559089,0.218724880048078,1.13501441342963,124.48617884216,1.03304790333014e-14,518.085406798545,11.4728162827283,391.161785094178,14.3717942067781,26.3280207302476,24.9618611662122,129.53291917889,2.70622127917738,2.06201261336648e-15,0.610898656772186,1.30500428292824,0.838247586187041,0.0426489841849255,2.57900668986262,0.396516028048556,4.34711936459383,10,1e-05,99.708453969261,7.32875333957975,17.147490283789,20.6890041959658,3.29644761434871,33.3678210710663,31.636366650154,12.8256628717548
"244",5.06,0.1,0.216,3.18715814451332,0.488302768242818,4,1.08816445364995,4.69149152729343e-16,4.40822268317988,0.0960265667920774,3.35888723387215,0.123645611518405,0.223822315021052,0.215564666014986,1.06955009074846,120.085939594679,5.17736235792114e-14,486.475698665419,10.5971486760101,370.674789200442,13.645087731126,24.7002306603609,23.7889460320031,118.031725039624,2.61056390423216,1.03342608330047e-14,0.573533379393248,1.20426619009654,0.794055034235365,0.0405096882719254,2.42973914007473,0.379475173481697,4.05377351567199,10,1e-05,102.551070472871,7.19890486446031,16.9852519051658,20.3737643311741,3.25215946073387,32.373659644645,31.1792732924076,12.0859160254577
"245",5.06,0.1,0.221,3.26093495341409,0.47216036750598,4,1.08564909850067,9.34084613543789e-20,4.28245492499234,0.0918033161199222,3.29176629174401,0.121398932562879,0.217200139559757,0.212426782170577,1.00846051018786,115.847707876718,9.96745279772289e-18,456.973241013952,9.79617056990374,351.258597544125,12.9542668027013,23.1770452840161,22.6676887035366,107.611049233859,2.51842843210257,1.98955085488145e-18,0.538716862447499,1.11228114693298,0.752257579053514,0.0384761204170631,2.28972012631645,0.363145860814219,3.78257763703852,10,1e-05,105.306740361548,7.07282492495504,16.8166014972217,20.059151346212,3.20784014605106,31.4158281859233,30.7254097731523,11.3956037651228
"246",5.06,0.1,0.226,3.33471176231486,0.456527556595472,4,1.08324094403741,2.57815668867592e-15,4.1620472021545,0.0878368032600165,3.22617845669042,0.119195509264257,0.210817145036271,0.209318534947652,0.951383881063031,111.763631153139,2.66001903633937e-13,429.420168157423,9.06258218474827,332.861697162085,12.2980238199535,21.7511069612763,21.5964875240138,98.1592486449611,2.42964415550302,5.3095241634442e-14,0.506246425767571,1.02816915803341,0.712724049240618,0.0365442567655012,2.15828047268597,0.347503486688655,3.53152585132745,10,1e-05,107.977073185349,6.95035210954903,16.643254160198,19.7465446765947,3.16371325813917,30.4925918580462,30.2758328948284,10.7506378560122
"247",5.06,0.1,0.231,3.40848857121563,0.441387376877377,4,1.08093463698518,7.35845934104249e-16,4.04673184732273,0.0841074829142104,3.16215429163708,0.117038992820172,0.204662925944042,0.206246073163669,0.898004651309688,107.827064302822,7.34032421006756e-14,403.675856233598,8.39001976459324,315.436107303194,11.6750546915181,20.4158528379867,20.5737773888435,89.5791493471502,2.34406661527875,1.46516352809649e-14,0.47594323329922,0.951166378823734,0.675334662681573,0.0347101335036053,2.03483108951062,0.332525075396802,3.29887537130516,10,1e-05,110.56363441732,6.83134806685218,16.4666591071947,19.4370663072266,3.11996191942065,29.6024456085463,29.8314320223931,10.1474525597995
"248",5.06,0.1,0.236,3.4822653801164,0.426726241790495,4,1.0787253123456,1.57461108864283e-16,3.93626561848104,0.0805982464945681,3.09971234675576,0.114932049302865,0.198728347353404,0.203214160285927,0.848046100511792,104.032410052302,1.51855699103232e-14,379.613970498363,7.77290542166599,298.936663681966,11.0840618500258,19.1653877815581,19.598000166818,81.7856767260447,2.26157413157179,3.03111178051906e-15,0.44764813085796,0.880605951301148,0.63997877923539,0.0329698489665321,1.91885080403028,0.31818879421001,3.08310449561013,10,1e-05,113.06808523018,6.71569858483249,16.2879983007561,19.1316048363261,3.0767278017406,28.7440681611964,29.3928961437564,9.58292093578324
"249",5.06,0.1,0.241,3.55604218901717,0.412527927970649,4,1.076607865334,7.19599591991702e-20,3.83039326595862,0.0772927711858983,3.03884567947213,0.112876016441726,0.193003396214619,0.200225953824083,0.801246278055083,100.373563494629,6.70892138755465e-18,357.112588594012,7.20610644424075,283.315568815994,10.5235790747447,17.9939597957676,18.667328315681,74.7012415149382,2.18203398901367,1.33913252992692e-18,0.42120937746263,0.815877675203011,0.606542661573214,0.0313190331003929,1.809833810748,0.304469394554604,2.88279700036692,10,1e-05,115.49283975359,6.6032667575861,16.1082206519566,18.8307826162195,3.03411409237748,27.9160112284825,28.9606819611153,9.05408294202243
"250",5.06,0.1,0.246,3.62981899791794,0.398772712469581,4,1.07457682647975,5.34582463032333e-16,3.72884132208134,0.074175258503282,2.97951907715865,0.110870961048465,0.187476823818667,0.197282743334058,0.75735426795343,96.8436929826162,4.81779791337884e-14,336.052998052758,6.68486960111585,268.522104361272,9.99198293493768,16.8959049924134,17.7796402783043,68.2547607554778,2.10529767353513,9.61655314725816e-15,0.396480815008887,0.7564194362404,0.574908436477899,0.0297528745998884,1.70728349728446,0.291337695060714,2.69662279966637,10,1e-05,117.841175859148,6.49388454829323,15.9280497997236,18.5349763502087,2.99218643039874,27.1166477971319,28.5349759958382,8.55810322787375
"251",5.06,0.1,0.251,3.70359580681871,0.385449813916536,4,1.07262814884167,1.50384861823307e-16,3.63140744277349,0.0712331358274052,2.92172253103648,0.108917431600088,0.182141113951496,0.194386698379887,0.716167498241696,93.438416404221,1.31002746432786e-14,316.337923014309,6.20523656255641,254.51609373425,9.48797804580976,15.8666144162889,16.9333475783532,62.3865381382552,2.03126992183089,2.61487695448842e-15,0.373342950518563,0.701763641515989,0.544982546339262,0.0282675474874204,1.61080213909809,0.278772724192168,2.52349125914878,10,1e-05,120.115140997408,6.38745742083618,15.7481403541939,18.244576765333,2.9510089533678,26.3448907219444,28.1160920536668,8.09269273013117
"252",5.06,0.1,0.256,3.77737261571949,0.372543416638887,4,1.07075722616112,7.49935364535225e-19,3.5378613080802,0.0684536991610233,2.86541750862806,0.107014828864963,0.176986964854296,0.191538269397607,0.677484334810126,90.1522035260137,6.31406671494757e-17,297.869568283319,5.76344634254609,241.253288900027,9.01009341466165,14.9013842607447,16.1265286134574,57.0406663109442,1.95983051143508,1.26031766444606e-17,0.351676827018216,0.65146830918693,0.516664134595689,0.0268587192802986,1.51998231843804,0.266748717322063,2.36234344607811,10,1e-05,122.317733645104,6.28384843036596,15.5689735560771,17.959767754597,2.91061374819661,25.5993945965253,27.7040952856699,7.65557298335442
"253",5.06,0.1,0.261,3.85114942462026,0.360039649729193,4,1.06895988406226,2.08792687911974e-18,3.4479942040057,0.0658256194220051,2.81056664340734,0.105162391079966,0.172006056815918,0.188737711080803,0.641124779189523,86.9801549445077,1.69892440461367e-16,280.55970535814,5.35616224893873,228.692887142242,8.5569544815001,13.9959541010904,15.3573914217382,52.167657050655,1.89087293357625,3.39113369300357e-17,0.331375638251884,0.605142360576838,0.489860897657769,0.0255223512149622,1.43445698353064,0.255241917979281,2.21223692205398,10,1e-05,124.451740055896,6.18293798356323,15.3909397391796,17.680669258504,2.87102436539869,24.8789560578543,27.2990225307274,7.24471000484161
"254",5.06,0.1,0.266,3.92492623352103,0.347925177117985,4,1.06723218774702,0,3.36160938740199,0.0633385127273983,2.75713000839957,0.103359107962875,0.167190505635374,0.185984954077828,0.606924239648106,83.9176302362248,0,264.32701038201,4.98037629654978,216.7961379112,8.12723932351129,13.1463717005531,14.6241996680707,47.7231145283491,1.82429630948315,0,0.312341436392149,0.562434240166338,0.464485886817915,0.024254565652879,1.35388635322344,0.244229397241417,2.07231571904631,10,1e-05,126.519909114409,6.0846111867637,15.2143502658842,17.4073350285776,2.83225200319414,24.1824347351005,26.900863757817,6.85824390802359
"255",5.06,0.1,0.271,3.9987030424218,0.336187182883399,4,1.0655704197539,1.18264770794866e-16,3.27852098750889,0.0609828521479713,2.7050654216527,0.101603804438853,0.162532827388635,0.183279579586551,0.574732001682457,80.9602325732934,8.98555662890015e-15,249.096462068126,4.63337363852762,205.526281138281,7.71968467330461,12.3489684606841,13.9252714923239,43.667162358235,1.76000505594116,1.7935597223694e-15,0.294484249472583,0.52302747023816,0.440457200849239,0.0230516624326405,1.27795569350067,0.233689023134488,1.94180126344282,10,1e-05,128.52494891386,5.98875864262741,15.0394454261941,17.1397679942799,2.79430085997728,23.5087481534921,26.5095583913987,6.49447161901176
"256",5.06,0.1,0.276,4.07247985132257,0.324813350840606,4,1.06397107461683,1.08121542014031e-24,3.19855373088331,0.058749880632487,2.65432948860166,0.0998951318395207,0.158025937207549,0.180620967887081,0.544409867513758,78.1037942472924,7.93696640127658e-23,234.798847868856,4.31270050327756,194.848534126668,7.33308358623368,11.6003391256091,13.2589910093936,39.9639400853105,1.69790857059331,1.58425613938525e-23,0.277721411222931,0.48663668481795,0.417697828163373,0.0219101101495226,1.20637314062744,0.223599576199085,1.81998418113185,10,1e-05,130.469508904207,5.89527521945551,14.866407893437,16.8779222143968,2.75716591252139,22.8568715577,26.1250167951874,6.15183150290547
"257",5.06,0.1,0.281,4.14625666022334,0.313791848637223,4,1.06243089011081,3.10810260073516e-18,3.12154450202459,0.0566315455959798,2.60488017616682,0.0982317757696924,0.153663171858827,0.178008435594681,0.515830976130098,75.3443665909188,2.2041718094958e-16,221.370439695966,4.01613692872652,184.730177506472,6.9662986960937,10.8973246728992,12.6238167136901,36.5811635620307,1.63792101284606,4.39963147745208e-17,0.261977039086005,0.453004275602564,0.396135688899947,0.0208265832699409,1.13886787330972,0.213940821087693,1.70621673616818,10,1e-05,132.356094951415,5.8040612683673,14.6953901561598,16.6217407181752,2.72084158942993,22.2258411776608,25.7471401244146,5.82889003027011
"258",5.06,0.1,0.286,4.22003346912411,0.303111306894455,4,1.0609467503587,2.70790511789661e-18,3.04733751836689,0.0546204323985655,2.55667316505151,0.0966122284182727,0.149438175188851,0.175441014293177,0.488878677190657,72.678200066543,1.85500044986392e-16,208.752235449397,3.74167196632809,175.140179025528,6.61824249283369,10.2369865313998,12.0182630583163,33.4897319748768,1.5799608710118,3.70266888213944e-17,0.247181122536343,0.421897347219411,0.375702772252733,0.0197979051899936,1.07518831295106,0.204693303570601,1.59990741752248,10,1e-05,134.187206085669,5.71502285937051,14.5264852618439,16.3711174959415,2.68531327628771,21.6147376593154,25.3757883073651,5.52432905225442
"259",5.06,0.1,0.291,4.29381027802488,0.292760799983925,4,1.05951577126982,1.61474989415337e-16,2.97578856285869,0.0527096976448979,2.50966681291138,0.095035090618777,0.145344987643659,0.172917787891729,0.463445617517534,70.1017387631139,1.06838216397704e-14,196.889898295489,3.48748131437144,166.049446428076,6.28789610927814,9.61659715750375,11.4409222807071,30.6633883997659,1.52395084267639,2.132541473551e-15,0.233269334770292,0.393105017790925,0.356335559217845,0.0188211006866685,1.01510060118995,0.195838567175465,1.50051445444059,10,1e-05,135.965171974856,5.62806909420918,14.3597751955732,16.1259521872661,2.65056821956755,21.0226990127788,25.0108288406597,5.23693547794813
"260",5.06,0.1,0.296,4.36758708692566,0.28272982660504,4,1.0581352162613,1.38423829330404e-16,2.9067608206972,0.0508930267354653,2.46381897901919,0.0934988277873392,0.141377961018942,0.170437721298251,0.439432844910077,67.6116032853232,8.84485922979753e-15,185.733124116878,3.25190871709717,157.430495475693,5.9742890651881,9.03361920745307,10.8904489900525,28.0784144823928,1.46981746272442,1.76547585416907e-15,0.22018229116279,0.366436152552848,0.337974288407859,0.0178933370819283,0.958387164771424,0.187358983017446,1.40754146776516,10,1e-05,137.692271676986,5.54311466523451,14.1953076754598,15.8861073073157,2.61658720266401,20.4489082817798,24.652112008579,4.96559114748387
"261",5.06,0.1,0.301,4.44136389582643,0.273008290914979,4,1.0568025306382,3.59690497003195e-17,2.84012653188005,0.0491645803704302,2.41908919861149,0.0920020447923069,0.137531749700243,0.167999739495514,0.416749058811187,65.20458271566,2.21928582530156e-15,175.235448441894,3.03344840166923,149.257498136541,5.67651454813143,8.48569159267948,10.365562716366,25.7133643127419,1.4174909286013,4.42979976987071e-16,0.207865239178507,0.341717259136291,0.320562959625785,0.0170119689336061,0.904845335154502,0.179237764316937,1.32053290961948,10,1e-05,139.370657053813,5.46007792623754,14.033111507075,15.6514616961954,2.5833528549729,19.8925922766432,24.2994823206311,4.70926436456641
"262",5.06,0.1,0.306,4.5151407047272,0.26358648347666,4,1.0555153033655,7.53941094659162e-18,2.77576516831145,0.0475189568761795,2.3754377062339,0.0905432676398038,0.133801306549426,0.165602751902132,0.395309906879858,62.8776221578001,4.4912682107084e-16,165.35384460592,2.83073017157249,141.506119405117,5.3937118234436,7.97061678841577,9.86504622831459,23.5488267017762,1.36690482951739,8.96478437315313e-17,0.196267587776027,0.318790695241206,0.304048984293678,0.0161744853309868,0.854286246699993,0.171458940627296,1.23907017825581,10,1e-05,141.002401307358,5.3788819167257,13.873199409036,15.4218681155553,2.55084428898471,19.353020979309,23.9527820351243,4.4670019477424
"263",5.06,0.1,0.311,4.58891751362797,0.254455063733752,4,1.05427130051713,1.22223510895451e-15,2.71356502481887,0.0459511490427901,2.33282744072544,0.089121175729213,0.130181882400495,0.16324573368942,0.375037382439026,60.62781563826,7.0286884235543e-14,156.048561661929,2.64250557818084,134.153544654778,5.12507758574606,7.4863492554027,9.3877470068662,21.56721639754,1.31799599213609,1.40295954699404e-14,0.185342659332408,0.297513023951495,0.288383169349497,0.015378543124083,0.806533710001841,0.164007362049229,1.16276796161633,10,1e-05,142.589428652497,5.29945277779738,13.7155833536276,15.1971986317458,2.51904377621653,18.8295074704076,23.6118629208377,4.23792242156099
"264",5.06,0.1,0.316,4.66269432252874,0.245605043096389,4,1.05306836309181,1.71764094497542e-16,2.65341815570607,0.0444565154158855,2.2912196911553,0.0877343102396613,0.126668929347884,0.160927459985202,0.355859234249265,58.4523915583374,9.53406488991473e-15,147.282590989595,2.46763623092725,127.178135083625,4.86984552472234,7.03097929443008,8.93255863838312,19.7525858994728,1.27070416431168,1.90304457288812e-15,0.175047091523644,0.277753612792456,0.273518991617064,0.0146219082991142,0.761423300470961,0.156868500726288,1.09127177727549,10,1e-05,144.133672205922,5.22172126757009,13.5602354347674,14.9772932088143,2.48792677772926,18.321393940878,23.2765478122597,4.0212093470167
"265",5.06,0.1,0.321,4.73647113142951,0.237027768049718,4,1.05190451604805,1.2897598231136e-16,2.59522580399577,0.0430307439198343,2.25057983916978,0.0863813866174088,0.123258195833452,0.158646919027006,0.337708507720278,56.3487109987049,6.90902096355766e-15,139.021771058791,2.30508274867723,120.55968103772,4.62730192323791,6.60272900180586,8.49844187823544,18.0904624070125,1.22497197823272,1.37907335438601e-15,0.165340888166303,0.259393336240175,0.259413077103776,0.0139024991460413,0.718801316145719,0.150028658435006,1.0242543837694,10,1e-05,145.636880288395,5.1456207611956,13.4071489599524,14.7620137826127,2.45747424998611,17.8280654453506,22.9466903680661,3.81610613723914
"266",5.06,0.1,0.326,4.81024794033028,0.228714904803867,4,1.05077787225322,1.75482979473501e-17,2.53889361261967,0.0416698278526426,2.2108730899184,0.0850610948470508,0.119945630843443,0.156403009500076,0.320523062705586,54.3142547910633,9.07063948556567e-16,131.234315267345,2.15389542057541,114.279075994471,4.39677128756304,6.19993790003952,8.08440407091971,16.5676988009584,1.18074466937094,1.81054266411489e-16,0.156186891486426,0.242323463168146,0.246024504892096,0.0132183463455425,0.678524104105261,0.143474750821271,0.961413878383434,10,1e-05,147.100766997208,5.07108836440948,13.2562903280273,14.5512122931345,2.4276640695465,17.3489360451956,22.622131294091,3.62191060857312
"267",5.06,0.1,0.331,4.88402474923105,0.220659217006702,4,1.04968677746841,3.02233884087259e-15,2.484338873463,0.0403701668361926,2.17207049944415,0.0837723622582571,0.11672771568816,0.154194883661468,0.304246765295452,52.346812106574,1.50720964407231e-13,123.891453155071,2.01321916541795,108.318946906099,4.1776425129722,5.82109247436107,7.68954203871046,15.1724767795631,1.13797417622987,3.00846193777279e-14,0.147551503882112,0.226446177500925,0.23331611843229,0.0125676691294922,0.640460904827579,0.137194950674228,0.902476947162082,10,1e-05,148.526794888776,4.9980715675732,13.1076459227499,14.3447753158158,2.39847908712583,16.8834967971355,22.3027479727947,3.43798844783861
"268",5.06,0.1,0.336,4.95780155813183,0.212851355120652,4,1.04862939627572,0,2.43146981378533,0.0391280241627099,2.13413487943791,0.0825138248827049,0.113600233460451,0.152021239417646,0.288822707061155,50.4436944917603,0,116.964411724611,1.88223037036717,102.661291248285,3.96927855399864,5.46467178130196,7.31289146067972,13.8936448367935,1.0966020541687,0,0.139401123007621,0.211667415328939,0.221249482345696,0.0119486065986915,0.604478242700451,0.131176260190471,0.847173405450482,10,1e-05,149.916708837537,4.92649755302318,12.9611744291224,14.1425350262552,2.36989772718687,16.4311377677197,21.9883520693683,3.26369658979105
"269",5.06,0.1,0.341,5.0315783670326,0.205283930634391,4,1.04760412640635,5.51239822042102e-19,2.38020632234953,0.037940182215366,2.09703383315352,0.0812842336105418,0.110559714677338,0.14988091524082,0.274201169817381,48.6027221767559,2.55743130903671e-17,110.427692763439,1.76020319991911,97.2901406351315,3.77111441616381,5.12932601252446,6.9536004101437,12.7213352269732,1.056580916886,5.10475419392704e-18,0.131706045816095,0.19790431231004,0.209790563038156,0.0113595119732459,0.570458770320943,0.125407414718068,0.795265683873866,10,1e-05,151.272033365002,4.85631331794901,12.8168136381261,13.9443393169805,2.34189442245971,15.9913571309302,21.6787755804321,3.09847321893641
"270",5.06,0.1,0.346,5.10535517593337,0.197951258445429,4,1.04660969698846,1.54598201450063e-16,2.33048484945133,0.0368038610292862,2.06074562213333,0.08008274048907,0.107603501729299,0.147773338107705,0.260338536351123,46.8221616961325,6.9162573278794e-15,104.258864374538,1.64649375704592,92.1915447676075,3.58266031266284,4.81385617918162,6.61093352294107,11.6467610417153,1.01787308035071,1.38051776702731e-15,0.124440151508738,0.185083394421095,0.198909662267347,0.0107989589583639,0.538298708866676,0.119878843230494,0.746542661164271,10,1e-05,152.593882665933,4.78748203969746,12.6745518607126,13.7500956159992,2.31445624273865,15.5637704901258,21.3739356238985,2.94182546076769
"271",5.06,0.1,0.351,5.17913198483414,0.190845624073447,4,1.04564462136669,1.00548045830036e-16,2.28223106745355,0.0357161129090883,2.02523900769562,0.0789081746697943,0.104728198701399,0.145697374802417,0.247189912083179,45.0998142731717,4.33674892961051e-15,98.4351615906436,1.54047563182046,87.3508085246724,3.40339724369387,4.51704356727195,6.28408965092682,10.6615755461755,0.980430745068951,8.65635655910398e-16,0.117576929298336,0.17313328592191,0.188575523547854,0.0102654323494458,0.507890796496056,0.11457977422846,0.700793519628905,10,1e-05,153.883698723281,4.71994630960606,12.5343359032141,13.5596567870184,2.2875613227304,15.1478866601703,21.0736682914216,2.79324600653992
"272",5.06,0.1,0.356,5.25290879373491,0.183960322436472,4,1.04470760125646,1.71262039169833e-16,2.235380064162,0.0346743037771933,1.99048793239961,0.0777595576690424,0.101930864728703,0.143652153055495,0.23471479878002,43.4337528624475,7.1202249079791e-15,92.9359996459145,1.44158531930346,82.7546012181314,3.23285616609707,4.23777905162886,5.97234298522081,9.75827547450561,0.944212018748859,1.42123066345037e-15,0.11109242211425,0.161989813479789,0.178759823165491,0.00975756351115025,0.479137545918102,0.109500514932175,0.657827524344409,10,1e-05,155.142709511442,4.65365998218861,12.3961297648069,13.3729029443527,2.26119287263683,14.7432802743596,20.7778474179468,2.65227722621423
"273",5.06,0.1,0.361,5.32668560263568,0.177288877910738,4,1.04379737962759,3.97885889829569e-17,2.18986898455441,0.0336759623695147,1.95646586704584,0.0766358802297597,0.0992086902465917,0.141636694326777,0.222875358167815,41.8221285612777,1.59422079054343e-15,87.7421077997581,1.34930442931854,78.3902782420628,3.07059176228169,3.97502300625555,5.67499799744876,8.93001080895683,0.909176707853863,3.18214031314005e-16,0.104964225546934,0.151593982533321,0.16943572455764,0.00927405337868762,0.451947504509836,0.104631773125379,0.617467575790653,10,1e-05,156.372138077038,4.58857763875474,12.2598784854416,13.1897070956733,2.23533071675356,14.349544957267,20.486331467425,2.51849154729631
"274",5.06,0.1,0.366,5.40046241153645,0.170825034471648,4,1.04291280217596,4.45338437639688e-17,2.14564010460123,0.0327187789265699,1.92314903450941,0.0755362443068823,0.096559025339713,0.139650194851449,0.211636222384842,40.2631690764749,1.7192939595265e-15,82.8355641320897,1.26315615758835,74.245972025806,2.91618682749353,3.72780193607838,5.39139935298047,8.17052488646083,0.875286284271193,3.43179229075448e-16,0.0991715005806031,0.141891568548136,0.160578057687412,0.00881368412072604,0.426234606706871,0.0999647552134845,0.579548855820287,10,1e-05,157.573091977544,4.52465686186633,12.1255445652759,13.0099567564833,2.20995893640255,13.9662974251361,20.1990041833136,2.39148931294871
"275",5.06,0.1,0.371,5.47423922043722,0.164562745681404,4,1.04205275888675,5.61080958524426e-17,2.10263794276419,0.031800587546329,1.89051373974843,0.0744597483424216,0.0939793377514278,0.13769178544196,0.200964293980708,38.7551722712866,2.08672632170594e-15,78.1995873059494,1.18270139220471,70.3104377780813,2.76924594237442,3.49520251583908,5.12092004904346,7.47409933631419,0.842503745027969,4.16520471328656e-16,0.0936947451699678,0.132832664596648,0.152162994349625,0.00837530143352145,0.401917975306675,0.0954910364950732,0.543918059602521,10,1e-05,158.746655614266,4.46185695909197,11.9930830177046,12.8335359743308,2.18506066104434,13.5931714123665,19.9157398463251,2.270896521982
"276",5.06,0.1,0.376,5.54801602933799,0.158496165665729,4,1.04121620707073,3.79837709063696e-17,2.06081035363577,0.0309193563324519,1.85853759001904,0.0734055494730768,0.0914672162198017,0.135760667735106,0.190828581167798,37.2965034776378,1.36058374243782e-15,73.8185018627039,1.1075354697214,66.5730644785831,2.62939657739551,3.27636789042022,4.86296523423674,6.83550524168318,0.810793553861692,2.71578968352213e-16,0.0885157496976375,0.124371306795339,0.144168061643693,0.00795781770881167,0.378921458475467,0.0912026022966254,0.510432416716855,10,1e-05,159.893851843511,4.4001389704988,11.862448160693,12.6603378094318,2.16061911298339,13.2298181540321,19.6364229812058,2.15636296719612
"277",5.06,0.1,0.381,5.62179283823877,0.152619640552781,4,1.04040217307664,1.7518958950931e-18,2.0201086534607,0.0300731766661943,1.82719977748663,0.0723728781581958,0.0890203754653467,0.133856104063555,0.181200042569144,35.8855920848754,6.04264611256705e-17,69.6776659845343,1.03728517535492,63.0238455563378,2.49628811896194,3.07049424141924,4.61696993028245,6.24995889250164,0.780121567062508,1.20614082484046e-17,0.0836175003762654,0.116465127901074,0.13657207810957,0.0075602088493248,0.357173357707541,0.0870918150581752,0.478958825966873,10,1e-05,161.015631808381,4.33946534932232,11.7336036079919,12.4902638015882,2.13662095430341,12.8759071073077,19.3609468917526,2.04756048103133
"278",5.06,0.1,0.386,5.69556964713954,0.146927699843192,4,1.0396096789292,2.5174403293694e-17,1.98048394776003,0.029260260521953,1.79647762966635,0.0713608376752383,0.086636592735518,0.131977188077238,0.172051431629545,34.5209257023118,8.35932680616017e-16,65.7632769306883,0.971606267218502,59.6532256639375,2.36958372490239,2.87682525619111,4.38238965676716,5.71308136951694,0.750454906571996,1.66856127949047e-16,0.0789839793652299,0.109075069139369,0.129354839343621,0.00718149127925228,0.336606195114201,0.0831513181318847,0.44937337846831,10,1e-05,162.112995900463,4.27980146506475,11.6064856395864,12.3231920820991,2.11304647274038,12.5311167732653,19.0891804834917,1.94418117741386
"279",5.06,0.1,0.391,5.76934645604031,0.141415048884601,4,1.03883787500894,5.3632873031448e-17,1.94189375058304,0.0284789193983566,1.7663531792162,0.0703687740581037,0.084313815788848,0.130123324715192,0.16335719005191,33.2010518063293,1.71409595171342e-15,62.0625379248326,0.910180598031221,56.4522961881103,2.24897201888301,2.69465277820254,4.15871556959139,5.22086329380625,0.721761995789768,3.42141682061374e-16,0.0746003190688677,0.102165053306447,0.122497503220687,0.00682075479904682,0.317156306634326,0.0793741860194021,0.421560128748033,10,1e-05,163.186769655989,4.22111228692471,11.4810688244992,12.1590406617565,2.08988432012392,12.195150315699,18.8210376868053,1.84593624758658
"280",5.06,0.1,0.396,5.84312326494108,0.136076561428631,4,1.03808590323411,2.40785673074975e-18,1.9042951619342,0.0277275732355132,1.73680661791186,0.0693959282326702,0.0820500316412392,0.128293743346032,0.155093304593571,31.9245702005969,7.40495473393057e-17,58.5633658933475,0.852714457918713,53.4125399696175,2.13415399977726,2.52330947461215,3.9454563470978,4.76963137127139,0.694012395665151,1.47806408720748e-17,0.070452492564628,0.0957017890389556,0.115982072035783,0.00647712566329625,0.298763681737577,0.0757537355102793,0.395411049691681,10,1e-05,164.237826430792,4.16336634093716,11.3573032454284,11.9977070151706,2.06711901057228,11.8677165765888,18.5564070375701,1.75255434190735
"281",5.06,0.1,0.401,5.91690007384185,0.130907781188154,4,1.03735304244767,3.5527136788005e-22,1.86765212238114,0.0270047973068497,1.70782281259438,0.0684417281576297,0.0798435663395944,0.126487945794453,0.147237975816564,30.6902542316068,1.05107597464819e-20,55.2547841541312,0.798941209893872,50.526208683389,2.02485937887838,2.3621845692364,3.74216593080587,4.35605885889662,0.667179439817538,2.0979974988037e-21,0.066527761624739,0.0896550639591141,0.109792183286349,0.00614981451163256,0.281373442245665,0.0722839442629141,0.370827477019219,10,1e-05,165.266865640112,4.10653723927543,11.2351592668835,11.8391190620271,2.04473974991572,11.5485734353589,18.2952164797097,1.66378912672717
"282",5.06,0.1,0.406,5.99067688274262,0.125902372125643,4,1.0366383327488,4.40018824769873e-19,1.83191663566959,0.0263089740299626,1.67937639428261,0.0675052622372247,0.0776919580884717,0.12470478872071,0.13976768514226,29.4964408792546,1.2520267522973e-17,52.1252388925935,0.748593865915514,47.7848686114296,1.92079041813842,2.21064201096396,3.54834208967237,3.97694078193804,0.641226975635969,2.4991047822535e-18,0.0628126857845106,0.0839946563772501,0.103909995233717,0.00583794814470339,0.264927069911464,0.0689577251728619,0.347707785847066,10,1e-05,166.274938743385,4.05057832024249,11.1145683260075,11.6831469329233,2.02272738485581,11.2373648179166,18.0373006405635,1.57937484210754
"283",5.06,0.1,0.411,6.06445369164339,0.121057675212886,4,1.03594131723013,1.01478420712951e-16,1.79706586151005,0.0256390579373827,1.65146082406118,0.0665862207348844,0.0755943155021193,0.122944252815765,0.132665447499054,28.3423543397133,2.77635162324742e-15,49.16598708014,0.70145987317186,45.182373822917,1.82173471684325,2.0681874932431,3.3636360664256,3.62959856810066,0.616138137819855,5.54172952466382e-16,0.0592971497809909,0.0786964904614653,0.0983225711350636,0.00554090850606874,0.249380764753571,0.0657705648588103,0.32597296942348,10,1e-05,167.262418016533,3.99548362576132,10.9955254592614,11.5297589522329,2.00107586795885,10.9339617942265,17.7826567272723,1.49911955673931
"284",5.06,0.1,0.416,6.13823050054416,0.116367232704902,4,1.03526105981875,2.82503580877006e-17,1.76305300241494,0.0249935287582027,1.62405014727907,0.0656836942469382,0.0735481553956466,0.121205127837896,0.125909615323632,27.2263250127649,7.42956014550951e-16,46.3665213746997,0.657304677629673,42.7108860393051,1.72741511973735,1.93424254095078,3.1875730014476,3.31129629238985,0.591876630712281,1.48297544406415e-16,0.0559689110521887,0.0737340411070381,0.0930133249886068,0.00525788148336172,0.234680622036719,0.0627156555152253,0.305531586261616,10,1e-05,168.230358086457,3.94120311556537,10.8779564135747,11.3788203418418,1.97976845062619,10.6380051964263,17.5311096904732,1.42277865315704
"285",5.06,0.1,0.421,6.21200730944494,0.111828091602663,4,1.03459710674907,5.54740602855137e-16,1.72985533519616,0.0243714039779161,1.59713665109328,0.0647973490101138,0.0715525074776353,0.119487285662296,0.119484542598346,26.147526525737,1.40200417471069e-14,43.7188911197098,0.615942116815306,40.364672080817,1.63763303704108,1.80835716149768,3.01981993856568,3.01975061270257,0.568424489689936,2.79846683094427e-15,0.052818767035747,0.0690862424201957,0.0879701842964315,0.00498828797321695,0.220786216072238,0.0597885912456516,0.286312552627894,10,1e-05,169.1791562663,3.88772690137546,10.7618536720351,11.2302955884562,1.95879657091633,10.3493546815652,17.2826409981945,1.35017533136131
"286",5.06,0.1,0.426,6.28578411834571,0.107435957168035,4,1.03394880953908,5.41147443277993e-17,1.69744047692836,0.0237715674463045,1.5707041417816,0.0639265534510977,0.0696058122844668,0.117790063449162,0.11337342316323,25.1048212835215,1.3139344739499e-15,41.2147481766515,0.577186169047077,38.1375232554233,1.55217036361472,1.6900657571963,2.860004735809,2.75276638510056,0.54575698442438,2.62267553100671e-16,0.0498370263986142,0.064732062011357,0.0831800495713756,0.0047314894973891,0.207654780586431,0.0569842202432249,0.268243069011723,10,1e-05,170.109501719338,3.83503062477141,10.6471668523538,11.0840962123612,1.93814544343548,10.0677846888253,17.0371547772868,1.28111968174449
"287",5.06,0.1,0.431,6.35956092724648,0.103185408742615,4,1.0333154441065,5.69140860552061e-17,1.66577220223327,0.0231927812117246,1.54473323109381,0.0630706986035557,0.0677060802750015,0.116112574914288,0.107558713732208,24.0968152800021,1.32723093061706e-15,38.8456451364529,0.540853393681428,36.0230281458098,1.47080253421038,1.57889918226322,2.70773391160757,2.50825870390504,0.523843810434829,2.64921588917634e-16,0.0470138305350431,0.0606507753797005,0.0786293569282503,0.00448682610244897,0.195242243342971,0.054296883093246,0.251249739357457,10,1e-05,171.022191395059,3.78307239564104,10.5338509859853,10.9401323872397,1.91780909829707,9.79300745097622,16.7945228356026,1.21541346517395
"288",5.06,0.1,0.436,6.43333773614725,0.0990737378380066,4,1.03269658983603,1.66894332417382e-18,1.63482949515331,0.022634232887341,1.51921554027095,0.0622293452413622,0.0658524577340502,0.11445463571287,0.102027317386303,23.1227631329216,3.73687504606455e-17,36.6049191516611,0.506795520485327,34.0162458473079,1.39335640699782,1.47448030417816,2.56271537748929,2.28445945908031,0.502668763759166,7.45897983503003e-18,0.0443414832154416,0.0568256221248714,0.0743077165362935,0.00425379259426491,0.183514427569321,0.0517226941943516,0.23527418647151,10,1e-05,171.917626065285,3.7318462087808,10.4218801556826,10.7983496638237,1.8977712086493,9.52489948665301,16.5547185095096,1.15290868646522
"289",5.06,0.1,0.441,6.50711454504802,0.0950966277282911,4,1.03209168113645,2.83369142862141e-17,1.60458405739997,0.0220949156511682,1.49413682041878,0.0614020257846163,0.0640434368679225,0.112815646156629,0.0967645934088247,22.1815470744447,6.09012367478879e-16,34.4854604049614,0.474860344850973,32.1117462949483,1.31964238284338,1.37641116158483,2.42461557601328,2.07964895276933,0.482207545096624,1.21561757144994e-16,0.0418117012951218,0.0532394137649589,0.0702036572823962,0.00403183244713446,0.172434055367345,0.0492569224223012,0.220254777843837,10,1e-05,172.796406867873,3.68132305054036,10.3112244779103,10.6586822511173,1.87802567575742,9.26324270857631,16.3176550600948,1.09343990551972
"290",5.06,0.1,0.446,6.58089135394879,0.0912503041652145,4,1.03150019722815,9.76634844005895e-17,1.57500985916851,0.0215739397046775,1.46948382670998,0.0605882375440059,0.0622777276623792,0.111195064117765,0.0917572638251605,21.2721837240416,2.01407192056979e-15,32.4807490889885,0.444910054581204,30.3045312306117,1.24948509366781,1.28432671977177,2.29312785346615,1.8922704807515,0.462438776609601,4.02018308256026e-16,0.0394169075561287,0.0498765893455262,0.0663066345651525,0.00382043158984786,0.161967080804761,0.0468952691419897,0.206135391611306,10,1e-05,173.659093035784,3.63148187578794,10.2018428916688,10.5210594386273,1.85856108394635,9.00785052908652,16.0832540739935,1.03685708122431
"291",5.06,0.1,0.451,6.65466816284956,0.0875311013509242,4,1.03092165759918,1.10454553362762e-17,1.54608286974075,0.0210704590871908,1.44524460579082,0.059787534170592,0.0605541037444696,0.109592425702612,0.0869927774277962,20.3937220297358,2.18501516734515e-16,30.5846560192145,0.416816430710937,28.5898705669957,1.18271872913979,1.19788303060817,2.16796053305199,1.72089363762977,0.443341783255127,4.36139391110395e-17,0.0371499735558326,0.0467226757046935,0.0626066680925262,0.00361910361534124,0.152081255215244,0.0446336263854819,0.192863299109851,10,1e-05,174.506193993456,3.58230169178421,10.0937049950635,10.3854186810449,1.83936828067735,8.75854556560008,15.8514484536258,0.983018384934097
"292",5.06,0.1,0.456,6.72844497175033,0.0839354582790662,4,1.03035559563506,2.67363071284255e-17,1.51777978823888,0.0205836730328842,1.4214072853433,0.0589994707868123,0.058871379186852,0.108007246143525,0.0824592622443723,19.5452414188666,5.07172067282223e-16,28.7913925129127,0.390460206572439,26.9632626486075,1.11918536182925,1.11675553929462,2.04883412076877,1.56420384827873,0.424896552584057,1.01233950188744e-16,0.0350041659715155,0.043764214016035,0.0590942593960058,0.00342738508787492,0.14274604339493,0.0424680469238501,0.180388995987138,10,1e-05,175.338209515804,3.53376250939813,9.98677911015642,10.2516971998702,1.8204376043088,8.51515628558628,15.6221680821994,0.931789663361407
"293",5.06,0.1,0.461,6.80222178065111,0.0804599144609135,4,1.02980157790982,2.88707037008103e-17,1.49007889554763,0.0201128209814372,1.39796093985475,0.0582236623776593,0.0572284295652283,0.106439097507866,0.0781454842966928,18.7258507926963,5.24983163143748e-16,27.0955062275251,0.365730343395907,25.420438786733,1.05873562215871,1.04063836774645,1.93548223385622,1.42099284993619,0.407083712884702,1.04789129402211e-16,0.0329731374263914,0.0409886775299437,0.055760398710652,0.00324483763099558,0.133932535896905,0.0403947545314742,0.168665917941564,10,1e-05,176.155602918078,3.48584477474165,9.88103394149265,10.1198415910131,1.80176168601308,8.27752005231462,15.3953510635378,0.883043972552628
"294",5.06,0.1,0.466,6.87599858955188,0.0771011056973334,4,1.02925917655492,1.32498195968807e-16,1.46295882775915,0.0196571824799801,1.37489445676566,0.0574596827794837,0.0556241606129454,0.104887519877712,0.0740408055741265,17.9346866469015,2.30876117513392e-15,25.4918379654385,0.342523453926762,23.9573295204313,1.00122634702147,0.969242648804178,1.82764928895152,1.29014992268593,0.389884492323945,4.6083968120262e-16,0.0310508842441313,0.0383844057191387,0.0525964986239247,0.00307104076226757,0.125613331965206,0.0384101150492368,0.157650334299779,10,1e-05,176.958837943609,3.43852991689034,9.77643987446547,9.98979109605075,1.78333059976767,8.04547859105642,15.1709308751123,0.836661102987629
"295",5.06,0.1,0.471,6.94977539845265,0.0738557617544206,4,1.02872798905101,5.37217026504701e-16,1.43639945256637,0.0192160730477439,1.35219740086071,0.0567071499828644,0.0540575270612453,0.103352092081223,0.0701351505712838,17.170912574897,8.96690543470857e-15,23.9755209201605,0.320743203108556,22.5700706127389,0.946521845512899,0.902295923765076,1.72509133264322,1.17065400349191,0.373280708149934,1.7898368555446e-15,0.029231737870269,0.0359405362985256,0.0495944023936648,0.00290559589034006,0.117762470241398,0.0365106471721104,0.147301103439263,10,1e-05,177.748351269943,3.39179986704351,9.67296657063361,9.86149127629753,1.76513650178881,7.81888071413852,14.9488465986281,0.792527201455506
"296",5.06,0.1,0.476,7.02355220735342,0.0707207024317887,4,1.02820762652485,2.17235643736006e-17,1.4103813265345,0.0187888431774653,1.32985952003235,0.0559656848936192,0.0525275208080653,0.101832388429828,0.0664189707807946,16.4337178241445,3.47205095392046e-16,22.5419537326788,0.300299802350381,21.2549834626574,0.894492755792155,0.839540996091572,1.62757471705451,1.06156635666162,0.357254735307488,6.93037838628392e-17,0.0275103387591649,0.0336469476301719,0.0467463439378044,0.00274812285460401,0.110355345472411,0.0346930057087916,0.137579530152543,10,1e-05,178.524568431163,3.34563731431958,9.57058351646738,9.73488858197034,1.74717051276706,7.59758060967857,14.7290366624904,0.750534369822979
"297",5.06,0.1,0.481,7.09732901625419,0.0676928346914114,4,1.02769773223974,2.65923428350751e-17,1.3848866165881,0.0183748736054995,1.30787169289542,0.0552349580663011,0.0510331837863486,0.100328054269513,0.0628832146996676,15.722316630481,4.0682510127581e-16,21.1867995814884,0.2811094856083,20.0085805608726,0.84501646013863,0.780735277484611,1.53487682872243,0.962023931001584,0.341789491966978,8.12042198198752e-17,0.0258816290470909,0.0314941993719157,0.0440449590260091,0.00259826103843598,0.10336862036083,0.0329539874991931,0.128449177795791,10,1e-05,179.287872578003,3.30002504351539,9.46927016932056,9.60993522054398,1.7294271693152,7.38143970285746,14.5114497695424,0.710580326106244
"298",5.06,0.1,0.486,7.17110582515496,0.0647691489195501,4,1.02719794801198,1.02566910375832e-17,1.3598974006691,0.0179735784205724,1.28622425878523,0.0545146186386814,0.049573580076287,0.0988386791261498,0.0595192954159996,15.0359465314096,1.5013567572712e-16,19.9059437805896,0.263094143278674,18.8275290268309,0.79797559235568,0.725649521438599,1.44678355077731,0.871233188495139,0.32686840285673,2.9967792981105e-17,0.0243408126214379,0.0294734905718581,0.0414832082730487,0.00245566530170707,0.0967801763338398,0.0312905058845884,0.119875776357586,10,1e-05,180.03866072109,3.2549470772084,9.36899528014511,9.4865819959732,1.71189771602512,7.17032262223416,14.2960265488063,0.672568038200795
"299",5.06,0.1,0.491,7.24488263405573,0.061946717543028,4,1.02670793174668,1.34479361285825e-17,1.3353965893301,0.0175843998747418,1.26490798637278,0.0538043172006356,0.0481478132566882,0.0973638788626961,0.0563190662199823,14.3738680918442,1.8827054320204e-16,18.695496383937,0.246180862598168,17.7086588914446,0.753258189890457,0.674067371316594,1.36309023083303,0.788464570956091,0.312475393300961,3.75796934059409e-17,0.022883351610885,0.02757660769663,0.039054396323562,0.0023200061753522,0.0905690376045081,0.029699598560783,0.111827057013118,10,1e-05,180.777312588889,3.21038783374868,9.26973082852264,9.36477745361994,1.69457468976494,6.96409970944738,14.0827114387004,0.6364054482858
"300",5.06,0.1,0.496,7.3186594429565,0.0592226907730927,4,1.02622735874192,1.51036148347004e-16,1.31136793703252,0.017206806639724,1.24391408088809,0.0531037281195442,0.0467550171345983,0.0959032859504701,0.0532747933577942,13.7353636897033,2.02151736665966e-15,17.5517787483653,0.23030154587259,16.6489542051253,0.710757721266807,0.625784490338771,1.28360104644081,0.713047314544568,0.298594862819636,4.03504454609932e-16,0.0215049529341932,0.0257958813207676,0.0367521506825244,0.00219097001408129,0.0847152968619026,0.0281784195194604,0.104272630790509,10,1e-05,181.50418894205,3.16633210264592,9.17145158109221,9.24447460355151,1.67745064778009,6.7626456783483,13.871451279876,0.602005164943075
"301",506,1,0.001,421499532753551,1.20493098669182,4,0.0162379257496113,1.2215989233969,11.8918424546761,0.556254301888899,3.74941138059098,0.13896799236281,0.415166422479015,0.128903128464605,8.50677500401121,4.42182105633955,332.658981520927,3238.31997852424,151.476058130803,1021.01872167836,37.8429858753244,113.055796479844,35.1021784716854,2316.51735660758,0.0961265447030338,0.723171698958537,4.56364907524028,19.6782406648553,2.55220017388211,0.120235407885028,13.9886484572986,0.704314320196856,53.6999712023069,10,1e-05,19.2117521164589,10.3616031724992,6.63323989532315,13.1536918765079,1.81893555737498,60.0496713473648,18.6445485011205,96.1265575453267
"302",506,1,0.006,2528997196521305,1.19950391238374,4,0.0978683807416411,1.13996847119081,11.8918425913681,0.556254316667526,3.74941126903082,0.138967993467406,0.41516641348496,0.128903117058267,8.5067752606381,26.5309322652068,309.031640908373,3223.73444731828,150.793805781807,1016.41996791242,37.6725393204215,112.546584622011,34.9440732699461,2306.08370676044,0.576759397069713,0.671807915018202,4.54309418664449,19.5896092156653,2.54070483691244,0.119693862893026,13.9256430809703,0.701142016286006,53.458105933751,10,1e-05,19.2117528152142,10.3616030326082,6.63323946578046,13.1536918373283,1.81893552983686,60.0496700464647,18.6445468513077,96.1265604452105
"303",506,1,0.011,4636494860289059,1.19407684084932,4,0.180240809463586,1.0575960412544,11.8918425429497,0.556254316455654,3.74941126480119,0.138967993672434,0.415166412118684,0.128903116382801,8.50677521537851,48.6400310565471,285.404312402892,3209.14887327723,150.111549699889,1011.82124573482,37.5020926071619,112.03737510493,34.7859710728377,2295.64998014875,1.05739197949015,0.620444157397592,4.52253919500498,19.500977411349,2.52920959741061,0.119152316108558,13.8626374119067,0.69796974334081,53.2162381217687,10,1e-05,19.2117526904208,10.3616035984453,6.63323969925753,13.1536916462253,1.81893579755304,60.0496698488464,18.6445467536084,96.1265599337771
"304",506,1,0.016,6743992524056814,1.18864976507182,4,0.263365480513223,0.974471369228507,11.8918425415637,0.55625431370445,3.74941126742803,0.138967993246591,0.415166413076617,0.128903117261976,8.50677521024242,70.7491455380559,261.776967087206,3194.56330058597,149.429292402926,1007.22252181403,37.3316455906643,111.528165817446,34.6278691714069,2285.2162562692,1.53802490300122,0.569080363233057,4.50198431688371,19.4123453701129,2.51771433882886,0.118610769210786,13.7996318081599,0.694797478186586,52.9743705281224,10,1e-05,19.2117530722985,10.3616030463184,6.63323949310804,13.1536918604364,1.81893553768915,60.0496699874019,18.6445468807722,96.1265598757394
"305",506,1,0.021,8851490187824568,1.18322269246482,4,0.347252646203227,0.89058420454611,11.8918426018078,0.55625431752863,3.74941126354079,0.138967993880962,0.415166413252579,0.128903115668849,8.50677527660951,92.8582496873825,238.14963352355,3179.97775289943,148.747037269598,1002.62379883145,37.1611989582964,111.018956615988,34.4697666990687,2274.78255761818,2.01865760189962,0.517716594616414,4.48142945522053,19.3237137646778,2.50621910406808,0.118069223115795,13.7366262645423,0.691625204068809,52.7325034134781,10,1e-05,19.2117524594858,10.3616030106454,6.63323950310135,13.1536919476566,1.81893549940805,60.049670012853,18.6445466503423,96.1265606256874
"306",506,1,0.026,10958987851592322,1.1777956188727,4,0.431912902773758,0.805923947699904,11.8918425706596,0.556254315823151,3.74941126407383,0.138967993576637,0.415166412909398,0.128903116437139,8.5067752438083,114.967358164464,214.522295012491,3165.39217809056,148.064780531151,998.025076200249,36.9907520435688,110.509747183479,34.311664830506,2264.34883051362,2.49929039487965,0.466352815244545,4.46087450525497,19.2350818005886,2.49472385217179,0.117527676151324,13.6736206020258,0.688452937518558,52.4906356711985,10,1e-05,19.2117528140691,10.3616030699916,6.63323949869293,13.1536919016019,1.81893552359441,60.0496699632153,18.6445467614677,96.1265602550337
"307",506,1,0.031,13066485515360076,1.17236854500067,4,0.517356875108148,0.720479953466479,11.8918414615026,0.55625421660123,3.74941173313101,0.138967993654137,0.415166452418101,0.128903158271719,8.50677359936676,137.076441483159,190.894975852968,3150.80631698169,147.382497924203,993.426477468508,36.8203052219636,110.000548284517,34.1535738326355,2253.91467593878,2.97992264093824,0.414989077941235,4.44031898168339,19.1464460692409,2.48322883592614,0.116986126171159,13.610614248879,0.685280788690996,52.2487549033734,10,1e-05,19.211755819939,10.3616029444647,6.63324123891106,13.153693824013,1.81893586152717,60.0496756777541,18.6445528124215,96.1265416728444
"308",506,1,0.036,15173983179127832,1.16694147303707,4,0.603595761085368,0.634241089589661,11.8918425567155,0.556254315204001,3.74941126942536,0.138967994819133,0.415166413991174,0.128903114069649,8.50677522211081,159.185569402536,167.267624284286,3136.22104507842,146.700267972629,988.827633206899,36.6498587469101,109.491328913834,33.9954600973994,2243.48139071767,3.46055585657687,0.363625270183231,4.41976468065116,19.0578181291387,2.4717333669898,0.116444583445692,13.5476094491251,0.682108389391633,52.00690028435,10,1e-05,19.211752634181,10.3616032242816,6.63323973825486,13.1536922615933,1.81893548932326,60.0496701196835,18.644546419034,96.1265600098522
"309",506,1,0.041,17281480842895584,1.16151439904289,4,0.690640350241001,0.547196477986381,11.8918414890205,0.556254242427983,3.7494114426814,0.138967993470246,0.41516642124571,0.1289031360325,8.50677392595614,181.294648768478,143.640308952803,3121.63519726304,146.017992536588,984.228955566002,36.4794115453243,108.982121438376,33.8373637798785,2233.04733139455,3.94118801670605,0.312261541201745,4.39920906712463,18.9691828326774,2.46023809604638,0.115903033417155,13.4846029557283,0.678936180195307,51.7650236402074,10,1e-05,19.2117589315431,10.361604352759,6.63324087958836,13.1536935539736,1.81893580312787,60.0496711689795,18.6445495957408,96.1265453633044
"310",506,1,0.046,19388978506663340,1.15608732319318,4,0.778502378360782,0.45933446272209,11.8918420525876,0.556254275599555,3.74941141376737,0.138967993046773,0.415166422821226,0.128903132426172,8.50677454761524,203.403781137892,120.012949377679,3107.04977328913,145.335744727339,979.630223105651,36.3089645305595,108.472912287231,33.6792606738202,2222.61377276184,4.42182132908461,0.260897716038433,4.37865450262682,18.8805526453383,2.44874290953915,0.115361487424234,13.4215976513054,0.675763905091899,51.5231602416033,10,1e-05,19.2117552507657,10.3616034198368,6.63324019268843,13.153692580757,1.81893570395022,60.0496713968621,18.6445490741215,96.1265523880522
"311",506,1,0.051,21496476170431096,1.15066024581415,4,0.867193201687934,0.370643644736749,11.8918423151678,0.556254294669249,3.74941135441025,0.138967994346627,0.415166418766311,0.128903125215894,8.50677488249489,225.512911832707,96.3855890638661,3092.46426555123,144.65349297728,975.031481503637,36.1385179169526,107.963701524542,33.521156594852,2212.18013508725,4.90245460505884,0.209533889269274,4.35809973416423,18.7919216005355,2.43724764607422,0.114819941966748,13.3585921987683,0.672591613049548,51.2812949433056,10,1e-05,19.2117538274227,10.3616031886196,6.63323989606021,13.1536924733087,1.81893562823108,60.0496708103592,18.6445480312269,96.1265561721922
"312",506,1,0.056,23603973834198848,1.14523263518517,4,0.956733450736426,0.281103398988893,11.8918425315431,0.556254317921869,3.74941119111873,0.13896799166734,0.415166405916648,0.128903111922658,8.50677527890381,247.624215836209,72.7559057226839,3077.87731207098,143.971175226375,970.432261288271,35.9680535226088,107.454438461951,33.3630354244704,2201.74548732667,5.3831351268741,0.158165012440617,4.33754288775066,18.7032816486379,2.42575115103184,0.114278340384012,13.295580548061,0.669418991819286,51.0394069446136,10,1e-05,19.2117546097356,10.3616030684068,6.63323939813621,13.1536916107143,1.81893539646494,60.049668951784,18.6445461084932,96.126560651613
"313",506,1,0.061,25711471497966600,1.13980556096458,4,1.04711742262479,0.19071942377746,11.8918423638703,0.55625430688988,3.74941125139886,0.138967992644512,0.415166409621808,0.128903116718451,8.50677504221546,269.733319051683,49.1285715160449,3063.29170075849,143.28891602061,965.833553599393,35.7976069235796,106.945230025255,33.2049345730664,2191.31170677216,5.86376780547137,0.106801242426185,4.31698781311817,18.6146494499765,2.41425594640632,0.113736793589525,13.2325747587196,0.666246733088794,50.7975374342382,10,1e-05,19.211754410704,10.3616037846714,6.63323984450904,13.1536916782423,1.81893581719973,60.0496694876984,18.6445468021567,96.1265579770347
"314",506,1,0.066,27818969161734356,1.13437848667199,4,1.13836627489887,0.0994705744504904,11.8918425257563,0.556254318637735,3.74941120870171,0.138967991849191,0.415166406841787,0.128903112614443,8.50677525349412,291.842435956794,25.5012252152602,3048.70617415264,142.606662672913,961.234819301396,35.6271598654792,106.436019910113,33.0468314261631,2180.87804150493,6.34440078166944,0.0554374461201308,4.29643312119903,18.5260180963462,2.40276068442569,0.113195246343892,13.1695692180405,0.66307445127609,50.5556713190625,10,1e-05,19.2117536444416,10.3616035747478,6.63323974662616,13.1536919122911,1.81893519979755,60.049669085596,18.6445462085531,96.1265603644836
"315",506,1,0.071,29926466825502112,1.12895141259835,4,1.23049237673131,0.0073444704541004,11.8918424091266,0.556254307471699,3.74941125280681,0.138967992169327,0.415166410487756,0.128903116945058,8.5067750862462,313.951540159923,1.87389036643123,3034.12057667677,141.924403477605,956.636107440659,35.4567131008071,105.92681146188,32.8887304477405,2170.44427956195,6.82503348173746,0.00407367470963311,4.27587809695357,18.4373857610646,2.39126545084783,0.112653699815524,13.1065635388785,0.659902195616301,50.3138025749587,10,1e-05,19.2117543718138,10.3616033191055,6.63323976544065,13.1536920422448,1.81893535358274,60.0496696129491,18.6445468349332,96.1265584745821
"316",506,1,0.076,32033964489269864,1.12078892406659,4,1.22868374786781,1.98784240652072e-17,11.4341873879654,0.519430379621495,3.89378743479251,0.139542421416795,0.425018670062669,0.142719420379211,7.8781190349046,311.223500688737,5.03517095956138e-15,2896.26019111018,131.570830484586,986.289725486238,35.3458576816712,107.656505251672,36.1505861079105,1995.51413383664,6.7657282758421,1.09460238251334e-17,3.99906241598235,16.8733849743265,2.42518254574453,0.111117149572154,12.7066513160718,0.691919713317638,45.4496987035649,10,1e-05,20.9536550492397,10.5639716811515,7.35383676993009,14.0200930588563,1.96806096940894,61.4747004378644,20.642936963649,89.0227450944219
"317",506,1,0.081,34141462153037620,1.10705454483846,4,1.21932940383137,1.30023167740713e-17,10.9664701908724,0.482148144029035,4.03130253619412,0.140437472464678,0.432003831635388,0.157405023507587,7.24564766333669,305.06929974567,3.25310589646528e-15,2743.74863043481,120.630730474006,1008.60902551463,35.1366589276282,108.084907975106,39.3818439439122,1812.81994177488,6.63194129881891,7.07196934014191e-18,3.71582856668724,15.2811805905987,2.44145143062597,0.109390162652319,12.2239653761159,0.722258442777364,40.7498027274282,10,1e-05,22.9111819565142,10.7144982357164,8.15886086484605,14.9570300224922,2.13051351999267,62.4850342077426,22.7670626001374,81.8758185957046
"318",506,1,0.086,36248959816805376,1.08899379276795,4,1.21057271310179,0,10.5286356534974,0.447677513268462,4.14878120688502,0.141574279312383,0.435472486252695,0.171488859933614,6.66484442278844,297.937194479236,0,2591.22986529212,110.179075483119,1021.06731789813,34.8432135734126,107.175264585793,42.2055687032222,1640.30217059684,6.47689553215731,0,3.45041522999544,13.8066119260397,2.43770494085157,0.107591209531568,11.7005194983493,0.747187956695996,36.5858156838886,10,1e-05,24.9417530246684,10.7998276256612,8.97961366093811,15.8831047136481,2.29206989238413,62.9867404115898,24.8041487007979,75.3127419775094
"319",506,1,0.091,38356457480573128,1.06767336143835,4,1.20238178379023,1.92349518972298e-18,10.1190891894775,0.415924977486003,4.24674986616063,0.142898715007265,0.435855205315649,0.184730013174309,6.13354515460722,290.127726187931,4.64128193932378e-16,2441.677325135,100.360276253015,1024.7160252829,34.480628215728,105.169324228106,44.5742769921065,1479.98874664226,6.30712448234633,1.00897433463561e-18,3.20329832914288,12.4555198102283,2.41665780663957,0.105735915355289,11.1511003972119,0.766412318349216,32.9032111877881,10,1e-05,27.0513831887915,10.8281726153628,9.80807028256531,16.7906900785099,2.4511775854765,63.0420968968554,26.7193491055321,69.3090602470615
"320",506,1,0.096,40463955144340880,1.04397047671031,4,1.19471470386362,5.55139962787011e-21,9.73573518648375,0.386749131305515,4.32603315042099,0.144347301218498,0.43360843514679,0.196929291099925,5.64876314203395,281.877794637122,1.30978239339725e-18,2297.02334344949,91.2485565446477,1020.67270120997,34.0569165154724,102.304415472552,46.4629706951657,1332.7540807481,6.12777814428526,2.84735302912445e-21,2.97420662259375,11.2272995470042,2.38101498581389,0.103823608547384,10.5888533231422,0.779849960071307,29.6481973135257,10,1e-05,29.2466821867993,10.808075469066,10.635847271939,17.6712348933927,2.60615997976588,62.7171240596318,28.4838526646932,63.8310235049836
"321",506,1,0.101,42571452808108640,1.01859350532341,4,1.1875246656523,8.58623501390471e-17,9.37623328232418,0.359981647927201,4.3876308322547,0.14585066537863,0.429181574768824,0.207935105222497,5.20708098369493,273.370710076923,1.97656960779771e-14,2158.42889362462,82.8685429068244,1010.04197290506,33.5751341534002,98.798513614064,47.867104582093,1198.68114500075,5.94284152341137,4.29689045173415e-17,2.76238606380862,10.1171486851231,2.33332736622991,0.101843280626463,10.0248319588747,0.787613905951088,26.7700223317275,10,1e-05,31.5346105787217,10.7478342926442,11.454247883408,18.5154778270276,2.7552577098161,62.0768229745628,30.075733619382,58.8400151157527
"322",506,1,0.106,44678950471876384,0.992106702040055,4,1.18076375501401,4.64048453076301e-17,9.03818775177004,0.335442773721076,4.43262936753887,0.147336782402727,0.422994563204558,0.217645637049307,4.80493700961627,264.746261481836,1.0404714116324e-14,2026.50734127899,75.2116754148663,993.866934522043,33.0352808970003,94.8421974844751,48.7996591121253,1077.34430748726,5.7553535104747,2.26189437311391e-17,2.56680549843803,9.11778234747381,2.27591451026391,0.0997786468481895,9.46788598685986,0.789982964463984,24.2222847438414,10,1e-05,33.9221624940178,10.6551210105666,12.254306961729,19.3137373579157,2.89668539755425,61.1819336219073,31.4802649428118,54.2957882086639
"323",506,1,0.111,46786448135644144,0.964954582439919,4,1.17438547063665,1.55530504603626e-16,8.71927357117726,0.312951554583608,4.46214585541364,0.148734144475786,0.415424723940872,0.226007633063921,4.43881208621248,256.109672965824,3.39180513265803e-14,1901.49687530038,68.2483922890357,973.103588497451,32.435902906645,90.5957139717817,49.2876848692632,968.014966278777,5.56760158621357,7.3734894188218e-17,2.38630265054955,8.22064400297373,2.21083445577981,0.0976122330736127,8.92476637410104,0.787366892938853,21.9634483785708,10,1e-05,36.4159666584704,10.5367594468543,13.026913696851,20.0563061588175,3.02870116979566,60.0870320708077,32.6897440463655,50.158576574201
"324",506,1,0.116,48893945799411896,0.937484027043973,4,1.1683463447285,7.74740415050736e-17,8.41731723559634,0.29233240401865,4.47729553114641,0.149974786788777,0.406800855721368,0.233012290456523,4.10534496227672,247.539164189828,1.64145328712699e-14,1783.38870371897,61.9368728141959,948.610828125957,31.7753665586796,86.1894628004122,49.3686378921902,869.805144046609,5.38128617803974,3.56837671114563e-17,2.21968256781224,7.4167257827647,2.13988290919012,0.0953285207536555,8.40035925200542,0.780269007625013,19.956863855536,10,1e-05,39.0218014520644,10.3986456197425,13.7629972569598,20.7338991162873,3.14968502179447,58.8396757715387,33.7028976916315,46.3903980737269
"325",506,1,0.121,51001443463179648,0.909963869005976,4,1.1626070764377,0,8.13035382366892,0.273419373289529,4.47917864003319,0.150997195354882,0.397402869569774,0.238689089852023,3.8014029193825,239.092277950429,0,1672.02217812077,56.2291956762187,921.151303907297,31.0528502132846,81.7266291210003,49.0868491782252,781.765483646852,5.19765821631367,0,2.06578412521157,6.69711064939271,2.06461197348019,0.0929163292533474,7.89798795583556,0.7692501031448,18.1705336363904,10,1e-05,41.7439210831815,10.2457547766068,14.4537818234959,21.3381309309753,3.25821737788668,57.4803510545721,34.5239899561966,42.9558529890222
"326",506,1,0.126,53108941126947408,0.882600441814703,4,1.1571330801121,5.61834463636609e-18,7.85665400569969,0.256057947643987,4.46888105588034,0.151749127088202,0.387464498226542,0.2430987697203,3.52410685873349,230.810673910449,1.12067828158122e-15,1567.14870303517,51.0752898448893,891.397425120239,30.2690493345477,77.2866522348304,48.4903524325028,702.945489137611,5.01762334587932,2.43625713387222e-18,1.92351540104891,6.05327973770809,1.98635511095186,0.0903704221346706,7.41970452854073,0.754895753134421,16.5766632042905,10,1e-05,44.5843691394629,10.0822071631149,15.0911512615817,21.8620342292265,3.35315962666679,56.0428650234871,35.1618060523441,39.8224075036885
"327",506,1,0.131,55216438790715160,0.855550775780085,4,1.15189487497882,5.45075652271788e-17,7.5947437489628,0.240106094022784,4.44748227796105,0.152190010806047,0.377178094697721,0.246325900413011,3.27084153301058,222.724029182583,1.05392816758152e-14,1468.47769281839,46.4255878324225,859.940602378173,29.4266196893071,72.929072604851,47.628215233636,632.43184849073,4.8418267213605,2.2911481903946e-17,1.79187494583288,5.47729474923372,1.90625596750641,0.0876924398262209,6.96657178997879,0.737789142546452,15.1512035667347,10,1e-05,47.5422272614997,9.9113660615257,15.6680436784554,22.3005152210817,3.43372060150411,54.5550396170784,35.6285782357379,36.9605093230196
"328",506,1,0.136,57323936454482920,0.828932935868664,4,1.14686820006186,1.52751741154297e-18,7.34341000306474,0.225434297301297,4.41606667912021,0.152292861506241,0.366700037985493,0.248471788774521,3.03924815883072,214.852962253762,2.86163345314224e-16,1375.70593736688,42.2326005430844,827.300824513166,28.530368548847,68.6971610299251,46.5484175529649,569.369235204053,4.67071657073396,6.22094228943965e-19,1.66995906545152,4.96187687744145,1.82529499442139,0.0848911667544173,6.53890212943392,0.718489614643467,13.873373775907,10,1e-05,50.6129644464612,9.73594615634852,16.1788836532482,22.6507419148607,3.49950661185504,53.0394934942217,35.9389595283467,34.3435041947871
"329",506,1,0.141,59431434118250672,0.802831648223857,4,1.14203343586796,7.93906862399668e-18,7.10167179141688,0.211923806837329,4.37572769604916,0.152045265127775,0.356155076107697,0.249648174789102,2.82718881983873,207.210492355686,1.44046423402102e-15,1288.52699249527,38.4514454458857,793.931825317931,27.5870856824193,64.6207600911129,45.2961529750947,512.965005176088,4.50457592077578,3.13144398700221e-18,1.55694981139358,4.50038186507251,1.7443038192789,0.081981812579229,6.13641653603139,0.697515101313197,12.725108797733,10,1e-05,53.7883576701872,9.55809994822327,16.6199826467972,22.912394541647,3.55054932820954,51.5142702082173,36.1091120014957,31.9472336641776
"330",506,1,0.146,61538931782018416,0.77731767153399,4,1.13737764959162,6.18648447485148e-17,6.8688824795392,0.199472367421171,4.3275924246463,0.151449585768521,0.345646539565812,0.249971253147626,2.63282830920954,199.807446649192,1.08680319777584e-14,1206.68264411814,35.0420675364985,760.244579113569,26.6057232963485,60.7210389078516,43.913398373055,462.518937415158,4.34364014454766,2.36261564733878e-17,1.45216268230105,4.08700067121439,1.66402307018024,0.078986459890841,5.7585980315093,0.675342599025562,11.6912062353988,10,1e-05,57.0548174938854,9.37960316430316,16.9895911773898,23.0875931086045,3.58727762386803,49.994315482799,36.1558420552726,29.7509598940678
"331",506,1,0.151,63646429445786176,0.75242706807665,4,1.13288927662254,4.23876003891197e-22,6.64446383121981,0.187980338163439,4.27276955771169,0.150521336484508,0.335250046502324,0.249557582857721,2.4544098959457,192.646141851394,7.20794860169134e-20,1129.88122331933,31.9657778022844,726.578128418015,25.5959301040478,57.0087733610808,42.4368969672204,417.368763861431,4.18795960546508,1.56694534819377e-22,1.35492752756564,3.71628473124948,1.58503363945046,0.0759295508335792,5.40442506473,0.652380467409276,10.7578912374829,10,1e-05,60.3970103226229,9.20175823591344,17.2883785272709,23.1809278027306,3.61051777621972,48.4905667260962,36.0960087845408,27.7348318241864
"332",506,1,0.156,65753927109553928,0.728191044739547,4,1.12856208696851,3.63867755017521e-22,6.42810434842201,0.177362681193771,4.21237676157441,0.149287330841998,0.325027628402326,0.248519430445663,2.29043702666427,185.728789966847,5.98821443921527e-20,1057.88069278493,29.1887850422836,693.235797875526,24.5683916151602,53.4901790747845,40.8991349549128,376.939915286637,4.03758239058363,1.30178574765549e-22,1.26468537287668,3.38353456382392,1.50784551227275,0.0728389773545642,5.07285654390438,0.628987736454979,9.91360730403539,10,1e-05,63.7954640862742,9.02563986822466,17.5188860720681,23.1988469527654,3.62137802760357,47.0119961721124,35.9458504196607,25.8819384013063
"333",506,1,0.161,67861424773321688,0.704626254006462,4,1.12439191124974,9.05940376344502e-20,6.21959556247182,0.167541521564058,4.14749446488031,0.147782469429516,0.315025408784757,0.246962030685466,2.13955187809307,179.05438966375,1.44266958464524e-17,990.442812912059,26.6802389690309,660.46996835606,23.5336981722795,50.1663892582018,39.3276003074027,340.714080075586,3.89248673182066,3.13623822748965e-20,1.18092198889561,3.08453062953991,1.43286325739066,0.0697426863363598,4.76270852615437,0.605463732602229,9.14821866971194,10,1e-05,67.2293195352614,8.8520604065351,17.6854129106196,23.149225093733,3.6211825864957,45.5652751266272,35.7205881183458,24.1769362224517
"334",506,1,0.166,69968922437089440,0.681739959404237,4,1.12037618418499,9.42030038124025e-23,6.01880920926502,0.158446550325209,4.07914335077139,0.146046443947911,0.305277111696528,0.244981271464019,2.00053749167242,172.619978437167,1.45141611508303e-20,927.337380592877,24.4123719217376,628.486795053123,22.5018474696091,47.0350308961177,37.7450559861653,308.229274729227,3.75260822689494,3.15525242409355e-23,1.10316802040201,2.81552675223559,1.36039942221549,0.0666672370219172,4.47274699796935,0.582052956380557,8.45290404277848,10,1e-05,70.6772938173814,8.68163198641922,17.7935245556121,23.0407375537668,3.61136589051064,44.1552814357858,35.4340911045556,22.6060736558983
"335",506,1,0.171,72076420100857200,0.659529944244636,4,1.11651273723099,1.48485610484171e-17,5.8256368606859,0.150013406035457,4.0082532357398,0.144120398943953,0.295805239333609,0.242662129934923,1.87228942341202,166.42042983357,2.21323396472489e-15,868.333121585393,22.3600633299839,597.445245477402,21.4816884216845,44.0908853391224,36.1697046719358,279.071792221401,3.61783543116457,4.81137818418453e-18,1.03098339026771,2.57317942960874,1.2906743166502,0.0636361695257591,4.20170151609379,0.558947305571216,7.81991292567382,10,1e-05,74.11921944679,8.5147851825463,17.8495583266452,22.8822647689589,3.59338150340705,42.7852698172132,35.0986504737873,21.1568704845558
"336",506,1,0.176,74183917764624960,0.637997152388137,4,1.11280102210969,1.66533437040428e-26,5.64005110548866,0.142187029288213,3.93568075844326,0.142045274153358,0.286627553673837,0.240079364477392,1.75386334802934,160.451837621413,2.40120160456797e-24,813.224059085324,20.5015718730843,567.475404350602,20.4811325749278,41.3280692470142,34.6164088997228,252.884919708865,3.48808342655245,5.22000348819124e-27,0.963985707248834,2.35461842642607,1.22385827695927,0.060670636596113,3.94842495768648,0.536303103836084,7.24271129742625,10,1e-05,77.5353085286022,8.35188161985827,17.860136306717,22.6824918364249,3.56863723425281,41.4578093633838,34.7250792780099,19.8186558327315
"337",506,1,0.181,76291415428392704,0.617123150526856,4,1.10923751782704,7.91133856848605e-17,5.46187589073512,0.134912221770581,3.86212025821925,0.139857695026788,0.277748480035235,0.237294911933316,1.64432923546388,154.705170280587,1.10339306119273e-14,761.766912989833,18.8161849076624,538.649263651284,19.5059292319604,38.7375338540662,33.0954815063194,229.334322254193,3.36315587566494,2.39868056781029e-17,0.901770622869695,2.15715698482653,1.16000692039579,0.0577857581549326,3.71162896435275,0.514222193644602,6.71519304083264,10,1e-05,80.910572657237,8.19305768726115,17.8317982269878,22.4493582748201,3.53841658140978,40.1735401522964,34.3223360620348,18.5809203607419
"338",506,1,0.186,78398913092160448,0.596903389559264,4,1.10582101169597,5.96515861741386e-23,5.29105058479669,0.128144738823439,3.78821110464727,0.137591882049396,0.269174231063245,0.234362512544402,1.54293667631889,149.175438088742,8.04700887946415e-21,713.763602417196,17.2867465444847,511.03030701298,18.5611677342737,36.3116484642271,31.6155418558836,208.142413825232,3.242944306277,1.74934975640525e-23,0.844008917094814,1.97857808123109,1.09917148873936,0.0549950445815649,3.49027388529474,0.492792056169016,6.23242066301589,10,1e-05,84.2300349855118,8.03848964321295,17.7707154350622,22.1901347393144,3.50388615909308,38.9333607809878,33.8981938144223,17.4351844424035
"339",506,1,0.191,80506410755928208,0.577316620655888,4,1.10254712104484,2.27654587676595e-19,5.12735605229693,0.121839742661486,3.71443251883875,0.135275917462569,0.260900631365194,0.231324588342055,1.44893871623019,143.853243836019,2.9702903654943e-17,668.984378396617,15.8968645198501,484.635220251253,17.6499300287891,34.0406332068435,30.1817416932724,189.048187121278,3.12724443121781,6.45715296846588e-20,0.790350469390141,1.81679741425187,1.04131315227788,0.0523063725420667,3.28321727905016,0.472058496633747,5.78971987803749,10,1e-05,87.4838523244027,7.88817284941439,17.6824753585569,21.9109982995285,3.46603789599092,37.7366673206616,33.4587884577948,16.3730074934012
"340",506,1,0.196,82613908419695968,0.558346467021631,4,1.09941187384043,3.18982093708586e-17,4.97059369296164,0.115958639077164,3.64118637885622,0.132933840271327,0.252923029573247,0.228216201401451,1.36169292283953,138.730718236658,4.02511706647696e-15,627.220834607121,14.6323917975578,459.467842390775,16.7744296542636,31.9154216778823,28.797758407929,171.826993775693,3.01588517905778,8.75025449234121e-18,0.740485586743464,1.67002890528745,0.986377073287531,0.0497253116774873,3.08945453939561,0.452053079893556,5.38312035274376,10,1e-05,90.6637966572008,7.74209639773503,17.5720290064846,21.6172498324699,3.42571970559254,36.5827869974744,33.0091913707059,15.3871300280866
"341",506,1,0.201,84721406083463728,0.539979227852301,4,1.09641134297052,9.46900966547534e-19,4.82056714825886,0.110467498622379,3.56880339202656,0.130585856034283,0.245236020411267,0.225066218148678,1.28063568594645,133.800893187174,1.15555348725779e-16,588.279384595099,13.4809349416085,435.520012196198,15.9360848344201,29.9274526691738,27.4660246882927,156.282767161787,2.9087150692864,2.51207279838651e-19,0.6941344051924,1.53671996196894,0.934292635643956,0.0472552948613944,2.90808217757417,0.432795019709536,5.00918868695808,10,1e-05,93.7633253060029,7.60023478722377,17.4437082753252,21.3133829398251,3.38364965632599,35.4709379922856,32.5535777930248,14.4711832511949
"342",506,1,0.206,86828903747231472,0.522194977918108,4,1.09354016679963,3.8984380328959e-18,4.67700834263574,0.105333896871694,3.49751540555438,0.128247409185164,0.237830117736621,0.22189657631521,1.2052338482752,129.055307415517,4.60078316325721e-16,551.962120614439,12.431092020913,412.763005473607,15.1352545796953,28.0677746360203,26.1873607757996,142.236956189686,2.80555016120688,1.000170252882e-18,0.651021995844487,1.41545726430431,0.884953538657235,0.0448968064919726,2.73820372294698,0.414284832514096,4.66477416354375,10,1e-05,96.7789458769853,7.46248971039117,17.3011641829444,21.0029866103034,3.34040209421272,34.3997482294248,32.095120798232,13.6191424855097
"343",506,1,0.211,88936401410999216,0.50497553438085,4,1.09079304639131,4.29561062831207e-17,4.53965231903404,0.100528976978542,3.42750151384166,0.125930875881046,0.230695668178078,0.218724887585924,1.13501441655108,124.486179139083,4.90234289590412e-15,518.08541838989,11.4728162947329,391.1617963308,14.3717945635359,26.3280210397713,24.9618620399871,129.532919605294,2.70622128563223,1.0657267165009e-17,0.61089866843751,1.30500428571917,0.838247610686889,0.0426489851140435,2.57900668941637,0.396516037198135,4.34711934482286,10,1e-05,99.7084507577003,7.32875330871785,17.14749145258,20.6890045244617,3.29644786620961,33.3678214452772,31.6363677404281,12.8256629070272
"344",506,1,0.216,91043899074766976,0.488302768148726,4,1.08816444625331,1.7628147177672e-19,4.40822230972634,0.0960265663868249,3.35888687988951,0.123645590038265,0.223822307263647,0.215564640620483,1.06955008308301,120.085938755272,1.94537931250703e-17,486.475657358682,10.5971486292459,370.674750064758,13.6450853580252,24.7002297995219,23.7889432249726,118.031724170949,2.61056388598418,4.2290854619718e-20,0.573533331882973,1.20426617999105,0.7940549535486,0.0405096815327243,2.42973914840116,0.379475143230344,4.05377361426701,10,1e-05,102.551082835396,7.19890487681678,16.9852490519942,20.3737600472066,3.25215912107157,32.373658522614,31.1792696193467,12.085915938838
"345",506,1,0.221,93151396738534736,0.472160367506835,4,1.0856490984557,1.59271749408194e-17,4.28245492286066,0.0918033161196372,3.29176628970434,0.12139893245302,0.217200139503823,0.212426782030385,1.00846051015056,115.847707872129,1.69956085478907e-15,456.973240787312,9.79617056989105,351.258597327111,12.9542667910019,23.1770452780893,22.6676886886179,107.611049230073,2.5184284320028,3.69469751041102e-18,0.538716862186417,1.11228114690785,0.75225757860391,0.0384761203842289,2.28972012624327,0.36314586065647,3.78257763771642,10,1e-05,105.306740431252,7.07282492539636,16.8166014787913,20.0591513245396,3.20784014426837,31.4158281778329,30.7254097528748,11.3956037647014
"346",506,1,0.226,95258894402302496,0.456527556679227,4,1.08324095880097,0,4.16204794016216,0.0878368030142496,3.22617917559071,0.119195537345217,0.210817165026411,0.209318596476534,0.951383894316679,111.763632696877,0,429.420244380313,9.06258216105384,332.861771395853,12.2980267194691,21.7511090277541,21.5964938762323,98.1592500304177,2.42964418906254,0,0.5062465090621,1.02816916237811,0.712724206508334,0.0365442647672841,2.15828047238168,0.347503555836767,3.53152564578166,10,1e-05,107.977049661002,6.95035187428623,16.6432602601804,19.7465493423202,3.16371431213328,30.4925947494202,30.2758417943659,10.7506380057785
"347",506,1,0.231,97366392066070240,0.441387376805622,4,1.08093463637245,2.23504160635127e-19,4.04673181843045,0.0841074827041577,3.16215426120122,0.117038992731046,0.204662924252827,0.206246069706882,0.898004650579699,107.827064224171,2.22953328279411e-17,403.675853285866,8.39001974227579,315.436104215829,11.6750546807295,20.415852665963,20.5737770406722,89.5791492597686,2.34406661356893,4.84681148433502e-20,0.475943232467349,0.951166376070224,0.675334655419428,0.0347101334835751,2.03483108225908,0.332525071386289,3.29887538689572,10,1e-05,110.563635263639,6.83134802927892,16.4666589838696,19.4370666666076,3.11996161958997,29.6024453639289,29.8314315224034,10.1474525515506
"348",506,1,0.236,99473889729838000,0.426726241076718,4,1.07872530644859,0,3.93626532566956,0.0805982472210084,3.09971206894953,0.114932030703797,0.198728341144639,0.2032141453988,0.848046093588882,104.032409309581,0,379.613941624612,7.7729054787224,298.936636390271,11.0840600377892,19.1653871507263,19.5979986983203,81.785675921597,2.26157411542566,0,0.447648102955372,0.8806059554849,0.639978723324178,0.0329698438562931,1.91885079546626,0.318188779420934,3.08310454162077,10,1e-05,113.06809498133,6.71569884288265,16.2879953428178,19.1316017279801,3.0767269791462,28.7440672631606,29.3928939904824,9.58292085755437
"349",506,1,0.241,101581387393605744,0.412527927985474,4,1.07660786605976,5.55111512257067e-23,3.83039330291283,0.0772927711331905,3.03884571563083,0.112876018020097,0.193003397234146,0.200225956906403,0.801246278647915,100.3735635659,5.17537744412178e-21,357.112592052136,7.20610643958571,283.3155721973,10.5235792222765,17.9939598914661,18.6673286037207,74.7012415728934,2.18203399056305,1.12508205306995e-23,0.421209380778113,0.815877674918907,0.606542668712273,0.0313190335147205,1.80983381127446,0.304469397721898,2.88279699123803,10,1e-05,115.492838584405,6.60326673763533,16.1082209208818,18.8307828299063,3.0341141959009,27.9160113759469,28.9606824069421,9.05408294872144
"350",506,1,0.246,103688885057373504,0.39877271280305,4,1.07457681676679,2.37890350075456e-17,3.7288408368917,0.0741752599545249,2.97951861182317,0.110870933009039,0.187476813295086,0.197282717654217,0.7573542621244,96.8436921882434,2.1439304736332e-15,336.05295460721,6.68486973749584,268.522062648562,9.99198041630645,16.8959040581296,17.7796379788375,68.2547602872276,2.10529765626616,4.66071842094174e-18,0.396480768194301,0.756419448646153,0.574908351624056,0.0297528675882154,1.70728349271268,0.291337672711382,2.69662290426277,10,1e-05,117.841192203571,6.49388495531578,15.9280443371015,18.534971087912,2.9921857041315,27.1166462750012,28.534972281506,8.55810316200572
"351",506,1,0.251,105796382721141264,0.385451125225277,4,1.0726283301952,0,3.63141650979114,0.0712334220905014,2.92172777187789,0.108917599897519,0.182141626901381,0.194386952871189,0.716171482457494,93.4387500818284,0,316.339789048505,6.20528260984539,254.517416143534,9.48802498483777,15.866713078927,16.9334273552087,62.3870974514541,2.03127717569192,0,0.373345146792343,0.701768883509554,0.544985373669843,0.0282676861558341,1.61081149535312,0.278773923310443,2.52350806728663,10,1e-05,120.114933008658,6.3874680903297,15.7481539189965,18.2446014686445,2.95101198315591,26.3449649150157,28.1161288632888,8.09273775176968
"352",506,1,0.256,107903880384909024,0.372543415926203,4,1.07075721670114,5.20605149749371e-17,3.53786084457326,0.0684536992941275,2.86541706152049,0.107014805948874,0.176986953961063,0.191538236632777,0.677484326860047,90.1522025570697,4.38322527090271e-15,297.869528688608,5.76344634272718,241.253250794368,9.01009146800934,14.9013833150844,16.1265258239783,57.0406655324689,1.95983049037108,9.52875058891894e-18,0.351676785490658,0.651468306959967,0.516664056070015,0.0268587138275626,1.51998231569094,0.266748687627424,2.36234353748089,10,1e-05,122.317748814087,6.28384856825057,15.5689694030367,17.9597637904506,2.91061292015015,25.5993930209282,27.7040905465649,7.65557289351853
"353",506,1,0.261,110011378048676768,0.360039649670803,4,1.06895987705397,1.16231527469953e-19,3.44799385186589,0.065825620241013,2.81056630803576,0.105162368355853,0.172006049708697,0.188737691074454,0.641124774811343,86.9801543601442,9.45763860540244e-18,280.55967665939,5.35616231471191,228.692859816317,8.55695263107487,13.9959535205135,15.3573897913517,52.1676566859467,1.8908729208727,2.05600839247879e-20,0.331375607921664,0.605142366443742,0.489860843016083,0.0255223459528787,1.43445698214741,0.255241901223798,2.21223698778989,10,1e-05,124.451751815988,6.18293822802713,15.3909366016404,17.6806649588974,2.87102377696739,24.878955029866,27.299019637009,7.24470995536817
"354",506,1,0.266,112118875712444528,0.347925177450027,4,1.06723218008899,7.23514886597353e-22,3.36160900433666,0.0633385128833837,2.75712963271493,0.103359092435775,0.167190496500574,0.18598492117181,0.606924236188828,83.9176297141519,5.68907642394091e-20,264.326980513425,4.98037631356809,216.796108577605,8.12723811035468,13.14637099482,14.6241970945912,47.7231143018867,1.82429629813374,1.23675574433498e-22,0.312341404554519,0.562434240610835,0.464485825796383,0.0242545622809835,1.3538863639418,0.24422936930778,2.07231580430772,10,1e-05,126.519921460286,6.0846112689242,15.2143471443352,17.4073324306979,2.8322514151996,24.182433413843,26.9008589982905,6.85824386893375
"355",506,1,0.271,114226373376212288,0.33618718294082,4,1.06557041821414,9.68519739928115e-17,3.27852090980824,0.0609828510431891,2.70506534953513,0.101603796350924,0.162532826094292,0.183279577982636,0.574732000998227,80.9602324701333,7.35864865955161e-15,249.096456207108,4.63337355537953,205.526275694015,7.71968406011606,12.3489683644514,13.9252713728397,43.6671623137069,1.76000505369855,1.59970623033731e-17,0.294484244746374,0.523027460524143,0.440457190529557,0.0230516606491258,1.27795568945604,0.233689022210823,1.94180128946536,10,1e-05,128.52495195459,5.98875840222478,15.0394448123436,17.1397665771237,2.79430052081357,23.5087479662785,26.5095581594085,6.49447161127997
"356",506,1,0.276,116333871039980048,0.324813350406928,4,1.06397107455036,0,3.19855373094657,0.0587498805348752,2.65432948855767,0.0998951318722264,0.158025937188136,0.180620967878879,0.544409866391397,78.1037941381325,0,234.798847560006,4.31270049035395,194.848533863285,7.33308357884372,11.6003391086958,13.2589909910887,39.9639399495622,1.69790856822027,0,0.277721412316677,0.486636683363268,0.417697827308423,0.0219101101276712,1.20637313889737,0.223599575895734,1.81998417409337,10,1e-05,130.469508867343,5.89527521261445,14.8664078903976,16.8779224763863,2.75716569864633,22.856871554892,26.1250167940011,6.15183149022278
"357",506,1,0.281,118441368703747792,0.31379184851934,4,1.06243088229556,2.05987909466809e-17,3.12154411560077,0.0566315465546685,2.60487980530407,0.0982317508204901,0.15366316311129,0.178008411710898,0.515830972066893,75.3443660083799,1.46080358758347e-15,221.370412208802,4.01613699520506,184.730151136616,6.96629692415513,10.8973240484567,12.6238150151825,36.581163260138,1.63792100018217,3.17565997300755e-18,0.261977012738578,0.453004281982902,0.396135636036153,0.0208265781855596,1.13886786544063,0.213940803083488,1.7062168067064,10,1e-05,132.356107632689,5.80406154012801,14.6953872445113,16.6217364585983,2.7208405537173,22.225839912417,25.7471366698643,5.82888998435589
"358",506,1,0.286,120548866367515552,0.303111306869679,4,1.06094674652486,3.20025683750628e-17,3.04733732672788,0.0546204330232912,2.55667298362494,0.0966122139190611,0.149438172610863,0.175441004718685,0.488878675364229,72.6781997979726,2.19227691307745e-15,208.752222304457,3.74167200881793,175.140166582921,6.618241499051,10.2369863539628,12.0182624014511,33.4897318470234,1.57996086517332,4.76581937625532e-18,0.247181109481795,0.421897351489757,0.375702747978071,0.0197979023428924,1.07518831888613,0.204693297060817,1.59990743920301,10,1e-05,134.187212600145,5.71502302532486,14.5264834946694,16.3711148020472,2.68531283506097,21.6147372864353,25.3757869225106,5.52432903161579
"359",506,1,0.291,122656364031283280,0.292760799883373,4,1.0595157710858,1.39303302658998e-17,2.97578855479152,0.0527096978340339,2.5096668177587,0.0950350776501071,0.145344992862178,0.172917790862087,0.463445617205009,70.1017387268606,9.21685546670268e-16,196.889897694109,3.4874813256876,166.049446691762,6.28789524906018,9.61659749947861,11.4409224733082,30.6633883685563,1.52395084188827,2.00366423189189e-18,0.233269335304655,0.393105019033405,0.356335562648835,0.0188210980227285,1.0151006271552,0.195838568517447,1.50051442184606,10,1e-05,135.965172430569,5.62806914119175,14.3597764839504,16.1259494152669,2.6505680144601,21.0226997675854,25.0108292702923,5.2369354744166
"360",506,1,0.296,124763861695051040,0.282730814207797,4,1.05813534818225,1.18216001523329e-17,2.90676740896748,0.0508932045493509,2.46382332104417,0.0934989684371251,0.141378347502515,0.17043795718858,0.439435177034028,67.6118478885977,7.5536672380563e-16,185.734193872515,3.25193143813332,157.431322838793,5.97431892108276,9.03367545796701,10.890502104172,28.0786615791295,1.46982278018691,1.6421015734905e-18,0.220183547563794,0.366438723632459,0.337976052439562,0.0178934255603438,0.9583926727597,0.187359806923942,1.40755049141781,10,1e-05,137.692108030166,5.54312322757189,14.195321678659,15.8861289952648,2.61659025798942,20.4489641827638,24.6521461277562,4.96561750048452
"361",506,1,0.301,126871359358818800,0.273008290985071,4,1.05680252971801,7.7091937529243e-18,2.84012648928229,0.0491645808131654,2.41908916273573,0.0920020371529019,0.137531749333181,0.167999743010059,0.416749058621288,65.204582675625,4.75656281367055e-16,175.235445858608,3.03344842976474,149.257495961332,5.67651407823849,8.48569157221042,10.3655629358743,25.7133643076267,1.41749092773098,1.03403539427621e-18,0.207865236705624,0.341717262200474,0.320562956463623,0.0170119675597293,0.904845328899991,0.179237767306019,1.32053291555411,10,1e-05,139.370658731482,5.46007802887073,14.0331109817442,15.6514600855909,2.58335274207944,19.8925922235513,24.2994828289749,4.70926436242055
"362",506,1,0.306,128978857022586560,0.263587410990176,4,1.05551543052348,6.3181146282917e-17,2.77577152613653,0.0475191180229432,2.37544204801386,0.0905434150731175,0.133801673760874,0.165602990441646,0.395311991463245,62.8778509877617,3.76374857849588e-15,165.354805196854,2.83074973203815,141.506875982858,5.39373958566101,7.9706667106485,9.86509515162023,23.5490337460758,1.36690980408178,8.18206212716496e-18,0.196268714541394,0.318792906981026,0.304050595751857,0.0161745675526089,0.854291155627337,0.17145970228344,1.23907805671523,10,1e-05,141.002239102587,5.37889006894356,13.8732156254212,15.4218914051778,2.5508476642528,19.3530740927728,23.9528165374797,4.46702550353467
"363",506,1,0.311,131086354686354304,0.254455063950515,4,1.05427128708467,0,2.71356435088394,0.045951149646875,2.33282678324159,0.0891211429841216,0.130181868557118,0.163245683003289,0.375037378116369,60.627814917449,0,156.048523038991,2.64250561517093,134.153506959238,5.1250757070451,7.48634846569117,9.38774410006394,21.5672161673302,1.31799597646628,0,0.185342619001357,0.297513027001604,0.288383092643349,0.0153785378728829,0.806533724759326,0.164007331567864,1.16276806340231,10,1e-05,142.589450947994,5.29945297293579,13.7155771053302,15.19719293464,2.5190426238292,18.8295054681015,23.6118555895958,4.23792237271497
"364",506,1,0.316,133193852350122064,0.245605043088418,4,1.05306835328769,3.01128396123464e-17,2.65341766418243,0.0444565160561648,2.29121921678402,0.0877342817927263,0.12666891922791,0.160927425557682,0.355859230914567,58.4523910122457,1.67146555113412e-15,147.282563701939,2.46763626638697,127.178108748694,4.86984394556767,7.0309787324751,8.93255672713382,19.7525857137334,1.27070415244012,3.63362076333504e-18,0.175047062954161,0.277753616042212,0.273518939096205,0.0146219037902793,0.761423304003758,0.156868480427646,1.09127185058022,10,1e-05,144.133688437406,5.22172145749171,13.5602315620057,14.9772879741735,2.48792595071485,18.3213924771249,23.2765428326632,4.0212093093346
"365",506,1,0.321,135301350013889824,0.237027768098071,4,1.0519045108342,4.99216811162746e-18,2.59522553998354,0.0430307440517958,2.25057958317062,0.0863813720016725,0.123258191498487,0.158646900305619,0.337708506133719,56.3487107309032,2.67421837196089e-16,139.021756944471,2.30508275621641,120.55966734888,4.62730114124207,6.60272877093615,8.49844087709669,18.0904623257137,1.22497197241094,5.81351819991497e-19,0.165340873658701,0.259393336717103,0.259413049621555,0.0139024969413059,0.718801325981291,0.150028648059995,1.02425441592014,10,1e-05,145.63688917518,5.14562081253261,13.4071464812404,14.7620111878101,2.4574737531838,17.8280648183411,22.9466876602048,3.81610611931103
"366",506,1,0.326,137408847677657584,0.228714904819707,4,1.05077787591789,7.8848895292603e-19,2.5388937974552,0.0416698276313607,2.21087326048896,0.0850611142958454,0.119945632836943,0.156403016099426,0.320523063860464,54.3142549842506,4.07566537352901e-17,131.234324830502,2.15389540928662,114.279084819104,4.39677229316735,6.19993800351207,8.08440441259713,16.567698861801,1.18074467357066,8.8601421163674e-20,0.15618690017025,0.242323462145146,0.246024520894031,0.0132183493127599,0.67852410318765,0.143474754296533,0.961413858046213,10,1e-05,147.100760544376,5.07108829873962,13.2562913149155,14.5512159781761,2.42766465295897,17.3489363335355,22.6221322486209,3.62191062162325
"367",506,1,0.331,139516345341425328,0.220658423925012,4,1.04968669151194,3.31392999582087e-17,2.48433457916902,0.040370037901934,2.17206771159163,0.083772291490752,0.11672742040545,0.154194737257041,0.304245187305085,52.3466196778833,1.65261724791898e-15,123.890793719656,2.01320549981483,108.318418564996,4.17762396881953,5.82105682710275,7.68950710035141,15.1723435549573,1.13796999299746,3.59264619112821e-18,0.147550718336401,0.226444636719325,0.233314986076166,0.0125676135576736,0.64045719457362,0.137194372684166,0.902471101602651,10,1e-05,148.526899715771,4.99806382598014,13.1076420271114,14.3447642963427,2.39847861780022,16.8834540874443,22.3027267968584,3.43797061654747
"368",506,1,0.336,141623843005193088,0.21285058651489,4,1.04862929166937,1.55788700725829e-17,2.43146458349784,0.0391279028227375,2.13413110410366,0.0825136981889426,0.113599924498081,0.152021022895346,0.288821205517019,50.4435073076852,7.49409588874609e-16,116.96373776742,1.88221773667131,102.660738929038,3.96925812643656,5.46463718598683,7.31285463820612,13.8935224362451,1.09659798494968,1.62915128016219e-18,0.139400330625373,0.211665990150789,0.221248304389994,0.0119485458950939,0.604474742911986,0.131175670641377,0.847168052778024,10,1e-05,149.91684692447,4.9264904911279,12.9611597085958,14.1425147067346,2.36989471561093,16.4310930794025,21.9883207515828,3.26367962234231
"369",506,1,0.341,143731340668960848,0.205283930648081,4,1.04760411908109,1.6311728934128e-18,2.38020595398442,0.0379401842207715,2.09703347088124,0.0812842186872314,0.11055970789818,0.14988088217063,0.2742011679199,48.6027218401475,7.56769097865626e-17,110.42767568081,1.76020329307561,97.2901238342979,3.7711137240607,5.12932569835308,6.95359887634344,12.7213351397894,1.05658090956842,1.64515021275136e-19,0.131706027393917,0.197904322441585,0.209790528556188,0.0113595100539105,0.570458786057205,0.125407398196754,0.795265715226882,10,1e-05,151.272044934597,4.85631379690051,12.8168104607752,13.9443367331729,2.34189392982387,15.9913561503927,21.6787707971599,3.09847319749486
"370",506,1,0.346,145838838332728608,0.197951980255975,4,1.04660978484383,1.47392054563223e-18,2.3304892422144,0.0368039733713017,2.06074872055901,0.0800828318016911,0.107603783996241,0.147773512006234,0.260339883721824,46.8223363591164,6.59390009090182e-17,104.259441064319,1.64650478669104,92.1920195500849,3.58267746156111,4.81388636027082,6.61096540880918,11.64686378805,1.01787687737209,1.4334565415004e-19,0.124440834566716,0.185084637365294,0.198910678484833,0.0107990101777991,0.538301845068037,0.119879368265075,0.746547434756762,10,1e-05,152.593768869537,4.78748915864625,12.6745611770625,13.7501100552969,2.31445795949931,15.5638113172163,21.3739607765816,2.94184068605661
"371",506,1,0.351,147946335996496352,0.19084562408103,4,1.04564462322217,7.07285574226708e-17,2.28223116385636,0.0357161139220775,2.02523910497623,0.078908176752721,0.104728197651209,0.145697387001978,0.247189912544387,45.0998143549926,3.05060126405981e-15,98.4351657525154,1.54047567557302,87.3508127239638,3.40339733366806,4.51704352215557,6.28409017735714,10.6615755664915,0.980430746847665,6.6317418783909e-18,0.117576933431371,0.173133290924503,0.18857553259214,0.0102654325625183,0.507890773953255,0.114579779885816,0.700793521554304,10,1e-05,153.883695315457,4.71994653228762,12.534337089944,13.5596569343348,2.28756153956713,15.1478865082708,21.0736700559661,2.79324601175157
"372",506,1,0.356,150053833660264096,0.183960322052821,4,1.04470759626417,1.03672015579242e-19,2.2353798409662,0.0346743035891891,1.99048771493544,0.0777595473916249,0.101930859200812,0.143652138243573,0.234714797043563,43.4337525643113,4.31016744648388e-18,92.9359901727227,1.44158530848074,82.7545920044659,3.23285573207095,4.23777881296866,5.97234235695926,9.75827538196137,0.944212012267637,9.36992923148669e-21,0.111092411761563,0.16198981209236,0.178759804494997,0.00975756231655793,0.479137541702565,0.109500508616618,0.657827553339965,10,1e-05,155.142716947143,4.65365996324602,12.3961273463898,13.3729010608656,2.26119259994158,14.7432794748054,20.7778452755503,2.65227720659226
"373",506,1,0.361,152161331324031840,0.177288877931437,4,1.0437973761025,1.68753525119046e-18,2.1898688050909,0.0336759630092832,1.95646569401451,0.0766358685074417,0.0992086853701922,0.141636684572878,0.222875357443866,41.8221284249199,6.76149582406463e-17,87.7421006193867,1.34930445510986,78.3902713183191,3.07059129295872,3.97502281133556,5.67499760729907,8.93001078099273,0.909176704889563,1.46989039653579e-19,0.104964218587437,0.15159398530454,0.169435710959152,0.00927405202951429,0.451947496550475,0.104631769220111,0.61746760157489,10,1e-05,156.372144034071,4.58857779315918,12.2598770111674,13.1897050427708,2.23533027130523,14.3495442519446,20.486330056621,2.51849153911568
"374",506,1,0.366,154268828987799616,0.170825034370192,4,1.04291280085956,8.40372089406444e-20,2.14564005058693,0.032718779133067,1.92314898287459,0.0755362415667415,0.0965590251500907,0.139650188421691,0.211636221970209,40.2631690017403,3.2443789578793e-18,82.8355619975916,1.26315616481026,74.2459699882727,2.91618671997443,3.72780192654373,5.39139910154826,8.17052486560074,0.875286282646528,7.05299773452021e-21,0.0991714977544953,0.141891569328783,0.160578053726743,0.00881368380035407,0.426234612757653,0.0999647522263186,0.579548856022492,10,1e-05,157.573093541325,4.5246569141571,12.1255444633285,13.0099560841715,2.20995900333958,13.9662973977091,20.1990032533134,2.39148930826337
"375",506,1,0.371,156376326651567360,0.16456274563632,4,1.04205275996589,4.61679167852575e-18,2.10263799795019,0.0318005872654343,1.89051379197216,0.0744597525709485,0.0939793392781524,0.137691788499722,0.200964294116341,38.7551723008038,1.717039327107e-16,78.1995893369582,1.18270138143389,70.310439701081,2.76924609887966,3.49520257166221,5.1209201613623,7.47409933931091,0.842503745669649,3.73269418936304e-19,0.0936947473963041,0.132832663419127,0.152162997947523,0.00837530189590547,0.401917978024625,0.0954910377101413,0.543918051451375,10,1e-05,158.746653831419,4.46185689377058,11.9930832684504,12.8335368376532,2.1850607249581,13.593171633192,19.9157402885998,2.27089652351465
"376",506,1,0.376,158483824315335104,0.158496165677483,4,1.04121621119975,7.94809058948958e-17,2.06081055993034,0.030919355911379,1.85853778799612,0.0734055650999918,0.0914672186740188,0.135760679372949,0.190828581943404,37.2965036283057,2.84701665533453e-15,73.8185092576774,1.10753545472064,66.5730715750858,2.62939713734869,3.27636797857358,4.86296565146648,6.83550526997241,0.810793557137081,6.18916664203158e-18,0.0885157560246025,0.124371305228345,0.144168075406952,0.00795781932786031,0.378921453406238,0.0912026064475772,0.510432402981813,10,1e-05,159.893844789976,4.4001388648191,11.8624499453406,12.6603403816763,2.16061986897274,13.2298185090101,19.6364246645034,2.15636297596047
"377",506,1,0.381,160591321979102880,0.152619640551888,4,1.04040215919338,8.72261850386328e-18,2.02010795968778,0.0300731779372585,1.8271991009164,0.0723728414221218,0.0890203620212296,0.133856054241636,0.181200040150427,35.8855916058033,3.00860895565174e-16,69.6776420544836,1.03728521919044,63.0238222196819,2.49628685184524,3.07049377768625,4.61696821179585,6.24995880903854,0.780121556647897,6.54045425141682e-19,0.0836174759931028,0.116465132468452,0.136572031305952,0.00756020527708245,0.357173364464739,0.0870917974426679,0.478958890099934,10,1e-05,161.015654840363,4.33946566938064,11.7335971565429,12.4902574472715,2.13661958439663,12.8759051627507,19.3609396855102,2.04756045369983
"378",506,1,0.386,162698819642870624,0.146927699889533,4,1.03960967574434,8.40214319345003e-18,1.98048378733318,0.0292602606741544,1.79647747778552,0.071360823905357,0.0866365910415969,0.131977180744773,0.172051431173248,34.5209256074443,2.7899871162368e-16,65.7632716243506,0.971606272578894,59.6532206394488,2.36958326841175,2.8768252008507,4.38238941467002,5.71308135616718,0.750454904509659,6.06518938312348e-19,0.0789839745480732,0.109075069661128,0.129354829941836,0.00718148995042034,0.336606198037538,0.0831513158600398,0.449373389749004,10,1e-05,162.113001527444,4.27980150564966,11.6064842697798,12.3231895997621,2.11304597340187,12.5311165282566,19.0891794229239,1.9441811722577
"379",506,1,0.391,164806317306638368,0.141415591367527,4,1.03883794759373,1.00241704355937e-17,1.94189737976307,0.0284789972050585,1.76635598977737,0.0703688602457641,0.0843140407301913,0.130123498306441,0.163358037022115,33.2011814888429,3.20371721766752e-16,62.0628919915394,0.910186576275494,56.4526025703464,2.24898340072607,2.69467030428074,4.15873707082259,5.22091039068729,0.721764814974845,6.9646026471033e-19,0.0746007396915141,0.102165725666841,0.122498160874076,0.00682078888720393,0.317158193312134,0.0793745523211965,0.421562842622088,10,1e-05,163.186669218515,4.22111838632334,11.4810799632185,12.1590547428483,2.08988622413938,12.1951828512149,18.8210627950436,1.8459458183499
"380",506,1,0.396,166913814970406144,0.136076561423415,4,1.03808590337708,5.38148833410502e-19,1.90429516895438,0.0277275721700525,1.73680662361142,0.0693959297434261,0.0820500341049162,0.128293743864244,0.155093304606857,31.9245702037699,1.65498540693023e-17,58.5633661069968,0.852714425119596,53.4125401428506,2.13415404615619,2.52330955028164,3.94545636288329,4.76963137149719,0.694012395734129,3.59779436289181e-20,0.0704524927415415,0.0957017853549374,0.115982072217806,0.00647712583297494,0.298763691581763,0.075753736037713,0.395411042556624,10,1e-05,164.237826670129,4.16336609996288,11.3573024748298,11.997707330603,2.06711903650363,11.8677169329351,18.5564071125242,1.75255434205749
"381",506,1,0.401,169021312634173888,0.130907272568893,4,1.03735297619862,4.92489475467284e-17,1.86764880950395,0.027004725485004,1.70782023933232,0.0684416487613104,0.0798433545764542,0.126487789095075,0.147237210762339,30.6901330300171,1.45703226045214e-15,55.2544714597266,0.798935980895264,50.5259362425823,2.02484916269825,2.36216912636015,3.74214675531747,4.3560193000301,0.667176805000371,3.16746143576551e-18,0.0665273896893626,0.0896544761416647,0.109791597593847,0.00614978382113835,0.281371749090207,0.0722836114607825,0.370825068817062,10,1e-05,165.266957467461,4.10653138167359,11.2351499871082,11.8391061490424,2.04473791438131,11.5485428059383,18.2951938147116,1.66378048161443
"382",506,1,0.406,171128810297941664,0.125902864580198,4,1.03663839798927,0,1.83191989947611,0.0263090421293667,1.67937895249448,0.0675053433681908,0.0776921669614734,0.124704945893567,0.139768412765793,29.496558107993,0,52.1255356437654,0.748598731669334,47.7851283086529,1.92080023962267,2.21065660095171,3.54836044086203,3.97697704117922,0.641229524086804,0,0.0628130386560744,0.0839952032750633,0.103910553564411,0.00583797768567652,0.264928677844868,0.0689580452209517,0.347710043919607,10,1e-05,166.274848051571,4.05058384413273,11.1145771136628,11.6831601948013,2.02272932816926,11.2373950293075,18.0373233740455,1.57938306425346
"383",506,1,0.411,173236307961709408,0.121057198523411,4,1.03594126174672,1.62969889636919e-17,1.79706308768362,0.0256389897730827,1.65145871594084,0.0665861648672386,0.0755941195514192,0.122944131492722,0.132664756602035,28.3422412179015,4.45868129198396e-16,49.1657175900471,0.701455246127351,45.1821382321241,1.82172601490957,2.06817398832893,3.36361950214902,3.62956537360935,0.616135678650033,9.69278541735644e-19,0.0592968240336194,0.0786959706218343,0.0983220631843306,0.00554088225029848,0.249379239914859,0.0657702682872425,0.325970822660773,10,1e-05,167.262494072611,3.99547758919311,10.9955192665279,11.5297487571077,2.00107593236018,10.9339334519173,17.7826391791072,1.49911174960299
"384",506,1,0.416,175343805625477152,0.116367232748949,4,1.03526106040626,6.94917366071543e-17,1.76305302401362,0.0249935284973046,1.62405016846327,0.0656836969314275,0.0735481560439961,0.121205128032502,0.125909615448421,27.2263250385217,1.82756280586391e-15,46.3665219602738,0.657304671017117,42.7108866125951,1.72741519099058,1.93424255873387,3.1875730077721,3.31129629692507,0.591876631272211,3.97296262144329e-18,0.0559689107867566,0.0737340403713187,0.0930133261582505,0.00525788169651791,0.234680623882869,0.0627156555564255,0.305531584842809,10,1e-05,168.230357408838,3.94120305491026,10.8779565260218,11.3788205028819,1.97976882723065,10.6380052902036,17.531109718621,1.42277865456716
"385",506,1,0.421,177451303289244896,0.111828091685968,4,1.03459709859144,2.38872166126066e-17,1.72985493012994,0.0243714054887718,1.5971362524536,0.0647973308862315,0.071552499782723,0.119487255661136,0.1194845417747,26.1475263390464,6.03705177981837e-16,43.7188809149788,0.615942155458229,40.3646620360064,1.63763258021344,1.80835696837014,3.01981918259147,3.01975059413598,0.568424485631443,1.31240256083008e-18,0.0528187563792241,0.0690862466440076,0.08797016385307,0.00498828672610126,0.220786220444656,0.0597885838476243,0.286312578527986,10,1e-05,169.179169618353,3.8877272539975,10.7618491697571,11.2302925382289,1.95879586768758,10.3493535685731,17.2826366588266,1.35017532205411
"386",506,1,0.426,179558800953012640,0.107435525087118,4,1.0339487538837,5.30072177028921e-17,1.69743769390296,0.0237715077940155,1.57070192693014,0.0639265040862953,0.0696056247021886,0.117789915695413,0.11337282802946,25.1047189667868,1.28703796841373e-15,41.2145148480517,0.577182399363544,38.13731609817,1.55216292256986,1.69005440559062,2.85998964605112,2.75274086405019,0.545754760147539,2.79790862698638e-18,0.0498367422882426,0.0647316386419323,0.083179601743781,0.0047314670683364,0.207653499160131,0.0569839506845087,0.268241296998427,10,1e-05,170.109579315419,3.83502521336803,10.6471586890196,11.0840867922851,1.93814607134211,10.0677575569246,17.0371334061845,1.2811129567329
"387",506,1,0.431,181666298616780416,0.103185408208741,4,1.0333154413094,3.29682941955752e-18,1.66577206565353,0.0231927819867507,1.54473309774917,0.063070689828474,0.0677060784740946,0.116112567400276,0.10755871272827,24.0968150900988,7.68817398160685e-17,38.8456417504423,0.540853408956622,36.0230248498451,1.47080232196651,1.57889913209713,2.70773372237191,2.50825866751575,0.523843806306496,1.67134216991453e-19,0.0470138280207967,0.0606507770599759,0.0786293502332643,0.00448682550420958,0.195242244282191,0.054296881284957,0.251249741137556,10,1e-05,171.022195988611,3.78307258441032,10.5338493485065,10.9401312812918,1.91780840325247,9.79300719049304,16.7945217487758,1.21541345382945
"388",506,1,0.436,183773796280548160,0.0990737378691525,4,1.03269659014635,3.28586267284391e-17,1.63482950639254,0.0226342323114894,1.51921555017929,0.0622293456984111,0.0658524590391802,0.114454634864089,0.102027317454272,23.1227631471391,7.35726495498817e-16,36.6049194148225,0.506795507750949,34.0162460798559,1.39335641766948,1.47448033386443,2.56271535929016,2.28445946132036,0.502668764068241,1.59940542499743e-18,0.0443414839642699,0.0568256206987679,0.0743077168922882,0.00425379262047114,0.183514431532416,0.0517226939026703,0.235274183554151,10,1e-05,171.917625797192,3.73184607771668,10.4218803747189,10.7983499889358,1.89777101621522,9.52489967542702,16.5547183867419,1.15290868723327
"389",506,1,0.441,185881293944315904,0.0950966277764932,4,1.03209167462737,2.4107842907056e-19,1.60458373303539,0.0220949164928461,1.49413650539075,0.0614020054253023,0.0640434334711147,0.112815624233822,0.0967645928620341,22.1815469457961,5.18121851334383e-18,34.4854534512503,0.474860363180873,32.1117395406936,1.3196419459532,1.37641108927885,2.42461510608084,2.07964894207192,0.482207542299914,1.12635185072692e-20,0.0418116947943419,0.0532394157529273,0.0702036439798201,0.00403183120252488,0.17243406365929,0.0492569178316824,0.220254789820485,10,1e-05,172.796417838611,3.68132324817404,10.3112212740447,10.6586788754915,1.87802475036204,9.26324221726203,16.31765188918,1.09343989934099
"390",506,1,0.446,187988791608083680,0.0912503041070868,4,1.03150019490986,1.36757863046673e-17,1.57500974449081,0.021573939645257,1.46948371617073,0.060588229123256,0.0622777267468083,0.111195057755695,0.0917572635456413,21.2721836626819,2.82029842980201e-16,32.4807467033489,0.444910053072386,30.304528931704,1.24948491921437,1.28432670007222,2.29312772080317,1.8922704737817,0.462438775275694,6.13108354304784e-19,0.0394169055282261,0.0498765891534279,0.0663066301088728,0.00382043108908014,0.161967083468138,0.0468952679194278,0.20613539552288,10,1e-05,173.659097080855,3.63148186614919,10.2018416929496,10.5210580817857,1.85856065428223,9.00785039665836,16.0832531537837,1.03685707806575
"391",506,1,0.451,190096289271851424,0.0875311013972166,4,1.03092165907941,7.26207365603296e-18,1.54608295393181,0.0210704591706313,1.44524469223093,0.0597875346038197,0.0605541043006649,0.109592432944591,0.0869927776183806,20.3937220698034,1.43658551052102e-16,30.5846577008596,0.416816432582,28.5898722920768,1.18271873833542,1.19788304224436,2.1679606774596,1.72089364231004,0.443341784126161,3.12301197939353e-19,0.0371499753133558,0.0467226759304656,0.0626066719553998,0.00361910359472972,0.152081250527025,0.0446336275490297,0.192863298091534,10,1e-05,174.506190947171,3.58230170805744,10.093706846505,10.3854185331452,1.83936843105456,8.75854564604817,15.8514495011057,0.983018387087701
"392",506,1,0.456,192203786935619200,0.0839354584441687,4,1.03035559546329,2.80540958261647e-18,1.51777977318999,0.0205836734831964,1.42140726912867,0.0589994722593344,0.0588713788215521,0.108007245658168,0.0824592624306047,19.545241454054,5.32169747135704e-17,28.7913922840773,0.390460215882641,26.9632623940626,1.11918539196358,1.11675553456177,2.04883411559191,1.56420385488827,0.424896553348999,1.15689075464283e-19,0.0350041653534364,0.0437642150567968,0.0590942587737609,0.00342738520145695,0.142746043942083,0.042468047159308,0.180388996629993,10,1e-05,175.338210080758,3.5337626086434,9.98677827335877,10.2516973452056,1.82043778170618,8.5151562327493,15.6221680119973,0.931789665465834
"393",506,1,0.461,194311284599386944,0.0804599144553365,4,1.02980157848016,9.32705518624513e-18,1.49007892384909,0.0201128201136796,1.3979609692294,0.0582236611869869,0.0572284293224999,0.106439100137846,0.0781454843330329,18.7258508017693,1.6960261810364e-16,27.095506740279,0.365730327591303,25.4204393191178,1.05873560043421,1.04063836326056,1.93548228154546,1.42099285049851,0.407083713081942,3.68701343703564e-19,0.0329731383444162,0.0409886757625982,0.0557603999292685,0.00324483754004099,0.133932532934437,0.0403947548074132,0.168665920563156,10,1e-05,176.155602050758,3.48584457813565,9.88103493241309,10.1198414783766,1.80176152692653,8.27752001720639,15.395351443938,0.883043972963272
"394",506,1,0.466,196418782263154688,0.0771011056984356,4,1.02925917509869,7.34672639777709e-18,1.46295875464254,0.0196571824526535,1.37489438591636,0.0574596773822692,0.0556241598578719,0.104887515919186,0.0740408054705094,17.9346866217832,1.28015604648345e-16,25.4918366917571,0.342523453455497,23.9573282862354,1.00122625299013,0.969242635660992,1.82764922000093,1.29014992089887,0.389884491777897,2.78294792713793e-19,0.031050883270635,0.0383844056554693,0.0525964962119116,0.00307104049183923,0.12561333299037,0.0384101144344888,0.157650336984146,10,1e-05,176.958840524479,3.43852991211959,9.77643911724041,9.9897902956623,1.78333026560693,8.0454784818426,15.1709303025511,0.836661101816757
"395",506,1,0.471,198526279926922464,0.0738557617561916,4,1.02872798929667,7.47888825522177e-17,1.43639946494493,0.0192160729639846,1.352197413279,0.0567071506402267,0.0540575272223999,0.10335209359434,0.0701351505901814,17.1709125794091,1.24833131554418e-15,23.9755211273508,0.320743201718187,22.5700708205588,0.946521856507894,0.902295926476608,1.72509135794063,1.17065400383541,0.373280708248024,2.71376372944386e-18,0.0292317379825269,0.035940536144124,0.0495944028358975,0.00290559592394769,0.117762469858579,0.0365106474791089,0.147301103196842,10,1e-05,177.748350912761,3.39179984785767,9.67296657692598,9.8614913196122,1.76513658573696,7.81888073744792,14.9488468174854,0.79252720166905
"396",506,1,0.476,200633777590690208,0.0707207024306123,4,1.02820763674971,6.77474254719334e-17,1.41038183402463,0.0187888424873239,1.32986001751264,0.0559657124262422,0.0525275287981779,0.101832423256193,0.066418971437911,16.4337179872938,1.08279888689639e-15,22.5419618434569,0.30029979131494,21.2549914134709,0.894493195827849,0.839541123782607,1.62757527365301,1.06156636714657,0.357254738854214,2.35391062368781e-18,0.0275103464370839,0.033646946456087,0.0467463599333107,0.0027481240855059,0.110355341262256,0.0346930109728698,0.137579509247068,10,1e-05,178.524551219181,3.34563714943713,9.57058897937411,9.73489290796237,1.74717191729659,7.59758176536846,14.7290416997758,0.750534377248395
"397",506,1,0.481,202741275254457952,0.0676928345494228,4,1.02769773640011,5.48947346548637e-17,1.38488682042118,0.018374873588165,1.30787188967075,0.0552349720599838,0.0510331866686224,0.10032806656103,0.0628832147890406,15.7223166611505,8.39811523081511e-16,21.1868026554051,0.281109484753469,20.0085835292869,0.845016672449655,0.780735319941683,1.53487701354571,0.962023930350978,0.341789492633707,1.82567722409024e-18,0.0258816319620328,0.0314941992997466,0.0440449647362314,0.00259826165154208,0.103368618941874,0.0329539892229398,0.128449168668085,10,1e-05,179.287865560954,3.30002503838591,9.46927202700411,9.6099376541352,1.72942772339031,7.38144011974954,14.5114515473873,0.710580327116159
"398",506,1,0.486,204848772918225696,0.0647691489256321,4,1.02719794863009,1.42811164455438e-17,1.35989743138236,0.0179735784601836,1.28622428832026,0.0545146199727269,0.0495735808680716,0.0988386813672809,0.0595192954586102,15.0359465418693,2.09044521282173e-16,19.9059442320343,0.263094143883202,18.8275294609275,0.797975611958139,0.725649533096745,1.44678358371846,0.871233189200678,0.326868403084116,4.54444611482984e-19,0.0243408133019514,0.0294734906427928,0.0414832091029584,0.00245566535623065,0.0967801767058305,0.0312905062145905,0.119875774273826,10,1e-05,180.038659692324,3.25494708558275,9.36899556144614,9.48658238137487,1.71189763142109,7.17032273675787,14.2960268729635,0.672568038682296
"399",506,1,0.491,206956270581993472,0.0619467175340979,4,1.02670793027812,1.1989387095469e-17,1.33539651388747,0.0175843999764986,1.26490791350087,0.0538043117472288,0.0481478111736447,0.0973638741264638,0.0563190661285724,14.3738680692123,1.67850917733054e-16,18.6954953250482,0.246180863987271,17.708657868688,0.753258113434401,0.6740673420569,1.36309016432948,0.788464569562694,0.312475392808963,3.64893299419684e-19,0.0228833507036624,0.027576607845037,0.0390543943464102,0.00232000594693898,0.0905690358811739,0.0296995978358456,0.111827061884837,10,1e-05,180.777315072922,3.21038785798524,9.26973047302902,9.36477657429475,1.69457441279266,6.96409940815597,14.0827107536517,0.636405447252868
"400",506,1,0.496,209063768245761216,0.0592229583536349,4,1.02622740674957,0,1.31137033747344,0.0172068434082027,1.24391618474926,0.0531037985629094,0.046755155363229,0.0959034328067287,0.0532750902623412,13.7354263915111,0,17.5518901794183,0.230303078546901,16.6490575874889,0.710761875460686,0.625789167870098,1.28360881160088,0.713054510127766,0.298596225902416,0,0.0215050872794481,0.0257960531898036,0.0367523753368614,0.00219098262825424,0.0847158653030764,0.0281785684385539,0.104273361886041,10,1e-05,181.504116238457,3.16633638629647,9.17146157150534,9.24448672508582,1.6774523658097,6.76266567173744,13.8714725211652,0.602008519964455
"401",50.6,1,0.001,6811473.10298151,1.13053881582246,4,0.018389447341814,1.22701787943272,12.2703662833508,0.586903170878539,3.62396859870513,0.138698279523616,0.404962124264597,0.117975949048233,9.0327277817397,4.69853638884634,313.505242931949,3135.10033309732,149.954800372489,925.930400003683,35.4376562437687,103.468540494705,30.1430640795497,2307.87795762331,0.102142095409703,6.81533136808584,4.499251170674,19.7045006515897,2.34845028066053,0.113688411802841,13.3712132964612,0.631683330922531,54.4835633280522,10,1e-05,17.8784241787057,10.1563278981595,6.08339588736134,12.471807308686,1.70245811976004,58.5737216536314,17.0640412703365,102.069823933659
"402",50.6,1,0.006,40868838.617889,1.13053881588812,4,0.110270701937573,1.13513662549227,12.270366310116,0.586903171767338,3.62396860467531,0.138698279648906,0.404962125055301,0.117975949350143,9.0327278031104,28.1743597878181,290.02941971889,3135.10034011796,149.954800608287,925.93040158285,35.4376562778385,103.46854070274,30.1430641584388,2307.8779632176,0.612486082343871,6.30498738519327,4.49925121618714,19.7045007312416,2.34845028941425,0.113688411953163,13.3712133147581,0.631683332170055,54.4835634118861,10,1e-05,17.8784239089887,10.1563278092414,6.08339586847488,12.471807401359,1.70245803220576,58.5737217679988,17.0640413140047,102.069824175148
"403",50.6,1,0.011,74926204.1327966,1.13053881578726,4,0.202151958182658,1.04325536846513,12.2703662802305,0.586903175173084,3.62396860190192,0.138698279664918,0.404962123169067,0.117975947953719,9.03272777504953,51.650183603315,266.553595675188,3135.10033220247,149.954801465083,925.930400791638,35.437656278768,103.468540211573,30.1430637989608,2307.8779558421,1.12283007833294,5.79464338424323,4.49925122288502,19.7045010340921,2.34845031072026,0.11368841061131,13.3712131551499,0.631683320095166,54.4835629419297,10,1e-05,17.878422854528,10.1563289594455,6.08339648764753,12.4718073452964,1.70245812358131,58.5737214951739,17.0640411120259,102.06982385806
"404",50.6,1,0.016,108983569.647704,1.1305388205009,4,0.294033927930922,0.951373404876029,12.270366157419,0.586903166805018,3.62396860962431,0.13869828081143,0.404962124978621,0.117975947855723,9.03272763980936,75.1261900358814,243.077592143011,3135.10031389532,149.954799952246,925.930406625274,35.437656719457,103.468541105316,30.1430638996005,2307.87793091041,1.63317804425829,5.28429548136981,4.49925091684322,19.7045002552972,2.34845025803894,0.113688412707804,13.3712133552969,0.631683326203168,54.4835622798304,10,1e-05,17.8784260689444,10.1563289021192,6.08339617332282,12.4718071999651,1.70245865388105,58.5737217569077,17.0640410978518,102.069822329846
"405",50.6,1,0.021,143040935.162612,1.13053881573814,4,0.385916060525952,0.859491266142482,12.2703662857523,0.586903172146169,3.62396860031528,0.138698279773647,0.404962124059855,0.117975948766317,9.03272778321829,98.6022374453421,219.60154182461,3135.10033347707,149.954800685185,925.930400346014,35.4376563050089,103.468540434675,30.1430640052711,2307.87795782895,2.1435269009857,4.77394656140457,4.49925114379945,19.7045007641446,2.3484502915396,0.113688411732983,13.3712132699044,0.631683328477824,54.4835632783776,10,1e-05,17.8784237826387,10.1563281645942,6.08339600997904,12.4718071771238,1.70245827718645,58.5737216240174,17.06404122956,102.069823950367
"406",50.6,1,0.026,177098300.677519,1.13053881587556,4,0.477796392245569,0.767610934671473,12.2703662856238,0.586903170623527,3.62396859970199,0.138698278811179,0.404962124301617,0.117975948986661,9.03272778222672,122.077825059276,196.125954312876,3135.10033382533,149.954800314376,925.930400301871,35.4376560634042,103.468540509023,30.1430640652337,2307.87795785614,2.65386576215818,4.26360770245383,4.49925125472375,19.7045006460859,2.34845027958612,0.113688410769472,13.3712132475639,0.631683328225099,54.4835633075956,10,1e-05,17.8784241668876,10.1563278339229,6.08339609672603,12.4718074923673,1.70245782275057,58.5737216589859,17.0640412614307,102.069823939162
"407",50.6,1,0.031,211155666.192427,1.13053881551393,4,0.569676791023173,0.675730536398601,12.2703663439091,0.586903174084456,3.62396861681944,0.138698280244423,0.404962126097693,0.117975949580194,9.03272782607801,145.5534297481,172.650349651227,3135.10034771449,149.954801150682,925.930404379227,35.4376564182649,103.468540934826,30.1430642072403,2307.87796832199,3.16420499452391,3.75326847067884,4.49925123923498,19.7045009797178,2.34845031796168,0.113688412187969,13.3712133091617,0.631683331511458,54.4835633797032,10,1e-05,17.8784229269136,10.1563280214691,6.08339596778457,12.4718073718295,1.70245813412496,58.5737219187704,17.0640413472793,102.069824434682
"408",50.6,1,0.036,245213031.707334,1.13053881574191,4,0.661557113197199,0.583850211015588,12.2703661626255,0.586903168122752,3.62396859763324,0.138698279543118,0.404962123803434,0.117975946761018,9.0327276567296,169.029014937709,149.174763705883,3135.10030202841,149.954799657695,925.930399663836,35.4376562462263,103.468540369504,30.1430634930143,2307.87792551857,3.67454380299367,3.24292964578007,4.49925109099272,19.7045005669726,2.34845028032392,0.113688410571174,13.3712132361022,0.63168331654387,54.4835621707642,10,1e-05,17.8784241271155,10.1563289704887,6.08339645806053,12.4718073601483,1.70245825372391,58.5737215869287,17.0640409395136,102.069822521044
"409",50.6,1,0.041,279270397.222242,1.13053881539626,4,0.753440697589544,0.49196662595655,12.2703661608791,0.586903164748503,3.62396859678617,0.138698279415692,0.404962124810051,0.117975947797337,9.03272765515408,192.505433541672,125.698344834291,3135.10030062367,149.954798749722,925.930399164316,35.4376562028341,103.468540595062,30.1430637485796,2307.87792441041,4.18490072916678,2.73257271378894,4.49925109351865,19.7045003047261,2.34845026052664,0.113688411451233,13.3712133390922,0.631683325387948,54.4835623255827,10,1e-05,17.8784249192764,10.1563282292723,6.08339598878219,12.4718074918369,1.70245811990316,58.5737217325258,17.0640410894068,102.069822503241
"410",50.6,1,0.046,313327762.737149,1.13053881574663,4,0.845325901896355,0.400081424791023,12.2703662859229,0.586903167029583,3.62396859894635,0.138698278824835,0.404962125168551,0.117975949826596,9.0327277854431,215.982266155269,102.221513121916,3135.10033354421,149.954799379016,925.93040000321,35.4376560628519,103.468540718726,30.1430642764009,2307.87795841474,4.69526665554932,2.22220680699818,4.49925110638413,19.7045003407098,2.3484502622245,0.113688411682727,13.3712133449693,0.63168333597173,54.4835637110173,10,1e-05,17.8784251781316,10.1563269780774,6.08339567544044,12.4718070392628,1.70245820525947,58.5737217843792,17.0640413829188,102.069823975507
"411",50.6,1,0.051,347385128.252057,1.13053881519766,4,0.937210063742735,0.30819726022498,12.2703662001098,0.586903164999186,3.62396860757658,0.138698277945884,0.404962124524128,0.117975948484172,9.03272768703862,239.458832242437,78.7449461853521,3135.10031009645,149.954798787429,925.930401758626,35.4376558210703,103.468540503832,30.143063918772,2307.87793215154,5.20562678787906,1.71184665620331,4.49925111899802,19.7045003861466,2.3484502810533,0.113688408695431,13.3712131167185,0.631683319006112,54.4835627888361,10,1e-05,17.8784244954988,10.1563278535723,6.08339669369279,12.4718070660171,1.70245813996977,58.5737216911699,17.0640411887506,102.069822863536
"412",50.6,1,0.056,381442493.766964,1.13053881519558,4,1.02909325273337,0.21631407265381,12.2703662712723,0.586903170109207,3.62396860229241,0.138698278897608,0.404962124078652,0.117975948853778,9.0327277659298,262.935149867636,55.2686289222463,3135.10032827286,149.954800092774,925.930400406816,35.4376560641726,103.468540389822,30.1430640131519,2307.87795230415,5.71598151886165,1.20149193309231,4.49925118381447,19.7045006742117,2.34845028983562,0.113688410398091,13.3712131940938,0.631683325335356,54.4835632253637,10,1e-05,17.8784238496322,10.1563279386726,6.08339626884763,12.4718072139045,1.70245809634227,58.5737216267362,17.0640412422105,102.069823755007
"413",50.6,1,0.061,415499859.281872,1.13053881614992,4,1.12097651556791,0.124430813163599,12.2703663512734,0.586903175849762,3.62396861360831,0.138698280243507,0.404962125380395,0.117975948902433,9.03272783769408,286.411486602294,31.7922933106798,3135.10035135976,149.95480168608,925.930404079669,35.4376564379667,103.468540809763,30.1430640510285,2307.87797258824,6.22633666526727,0.691136811101736,4.49925121750138,19.7045010591575,2.34845031987377,0.113688411865419,13.371213277739,0.631683327516908,54.4835634759201,10,1e-05,17.8784228765533,10.1563282629146,6.08339614538915,12.471807231848,1.70245823864902,58.5737218150204,17.0640412492479,102.069824565943
"414",50.6,1,0.066,449557224.796779,1.13053881562147,4,1.21285968256892,0.0325476435231505,12.2703662675964,0.586903173362166,3.6239686031608,0.138698279772642,0.404962123587101,0.117975948380136,9.03272776095557,309.887798484509,8.3159806053447,3135.10032851467,149.9548009804,925.930400977496,35.437656301095,103.468540303208,30.1430639034906,2307.87795190262,6.73669127140237,0.180782187072711,4.49925117518245,19.7045009126755,2.34845030518783,0.113688411032921,13.3712131892112,0.631683323335399,54.4835629236977,10,1e-05,17.8784231744593,10.156328741292,6.0833963265122,12.4718072680859,1.70245822878523,58.5737215556383,17.0640411737028,102.069823698798
"415",50.6,1,0.071,483614590.311687,1.12892953275149,4,1.23864963708079,1.62929611878369e-17,11.932481854119,0.559537468925974,3.73618544882018,0.138930492033937,0.41415668490914,0.127707202577165,8.56300250110717,316.026683263327,4.15695474376858e-15,3044.4304430948,142.759312377451,953.243161020147,35.4464582132386,105.667139088367,32.5829697527833,2184.7479692306,6.8701452883332,9.03685813862735e-17,4.29853630666996,18.5679580165139,2.38640558617918,0.112733554055452,13.1329633483813,0.656693888614524,50.7364922737635,10,1e-05,19.064274892278,10.341154062257,6.57227340076395,13.0790347390515,1.80614195676021,59.903622905258,18.4715697807612,96.761928262511
"416",50.6,1,0.076,517671955.826594,1.12078893378924,4,1.22868375663159,3.39908240753411e-21,11.4341877971872,0.51943041241375,3.89378730729879,0.139542421176824,0.425018662145573,0.142719407411921,7.87811959516849,311.223505608397,8.60981792112836e-19,2896.26031988992,131.570839932162,986.289701748188,35.3458579275061,107.656504180187,36.1505831369181,1995.51429306127,6.76572838279125,1.87169954807138e-20,3.99906265554265,16.873386352743,2.42518251813809,0.111117151383444,12.7066517096968,0.691919684773796,45.4497029703349,10,1e-05,20.9536536019841,10.5639714950227,7.35383606945441,14.0200923318795,1.96806085091319,61.4746992927356,20.6429350880602,89.022751425404
"417",50.6,1,0.081,551729321.341502,1.10705455292427,4,1.21932940919179,3.22573859657867e-17,10.9664704583526,0.48214816131446,4.03130250783891,0.140437471904326,0.432003833215643,0.157405018229538,7.24564797267233,305.069303315011,8.07061503574226e-15,2743.7487173969,120.630735679796,1008.60902578709,35.1366590440659,108.084909159918,39.3818429110151,1812.82003240955,6.63194137641328,1.75448152950919e-16,3.71582876098344,15.28118141331,2.44145146003541,0.109390163320399,12.2239656777866,0.722258433741203,40.749804805607,10,1e-05,22.9111801094639,10.7144979476311,8.15886060961423,14.957029700703,2.13051327394973,62.4850344363107,22.7670618367204,81.8758220911974
"418",50.6,1,0.086,585786686.85641,1.08899377821649,4,1.21057270647657,1.50064518539731e-17,10.5286353236642,0.447677490695194,4.14878126751943,0.1415742809985,0.435472489443645,0.171488871152976,6.66484401355866,297.937188867559,3.69327679067053e-15,2591.22974949121,110.179068455307,1021.06731917721,34.8432135228016,107.175263939018,42.2055709004848,1640.30204796202,6.47689541016434,8.0288625884142e-17,3.45041501046186,13.8066108987507,2.43770491264321,0.107591210388899,11.7005193027916,0.747187987616218,36.585812620396,10,1e-05,24.9417551771971,10.7998280732584,8.97961262678724,15.8831054437189,2.29207012987444,62.9867408731288,24.8041503235664,75.3127373532128
"419",50.6,1,0.091,619844052.371317,1.06767335742064,4,1.20238178324016,4.02906043477981e-17,10.1190891615209,0.415924974115984,4.24674992375595,0.142898712967768,0.435855209305891,0.184730021815668,6.1335450688417,290.127724963435,9.72188828853355e-15,2441.67730920108,100.360275062188,1024.71603532425,34.480627593857,105.16932479517,44.5742789094807,1479.98872037827,6.30712445572685,2.11345397576816e-16,3.20329831374105,12.455519712166,2.41665784303062,0.105735913383809,11.1511002984146,0.766412340393894,32.9032104010544,10,1e-05,27.0513822460345,10.8281730167188,9.80807036189267,16.7906896108304,2.4511776593915,63.0420974740041,26.7193503554182,69.3090592779112
"420",50.6,1,0.096,653901417.886225,1.0439704795726,4,1.19471470458438,7.43473425902135e-17,9.73573523001506,0.386749135703192,4.32603314319412,0.144347299848766,0.433608438437397,0.196929285828861,5.64876319617124,281.877795580013,1.7541313383141e-14,2297.02336001798,91.2485578324034,1020.6727023033,34.0569162856767,102.304416529421,46.462969578914,1332.75409717517,6.12777816478288,3.81332899633499e-16,2.97420665895734,11.2272997334286,2.38101499599987,0.103823607541718,10.5888534803727,0.779849944859177,29.6481975307927,10,1e-05,29.2466815049077,10.8080757288394,10.63584771876,17.6712346017204,2.60615988756935,62.7171245355851,28.4838519022864,63.831024116735
"421",50.6,1,0.101,687958783.401132,1.0185935012241,4,1.18752466313891,6.07186406996587e-17,9.37623315616519,0.359981646647828,4.38763077562808,0.145850663677983,0.429181569159269,0.207935101180971,5.20708091104162,273.37070839816,1.39775604972824e-14,2158.42885589599,82.8685422788071,1010.04195580459,33.5751336267852,98.7985119251195,47.8671034590848,1198.68112345173,5.94284148691653,3.03860010810487e-16,2.76238600184567,10.1171485566008,2.33332731592366,0.101843278951336,10.0248318320285,0.787613890971206,26.7700219315326,10,1e-05,31.5346121964465,10.7478349886849,11.4542480173516,18.5154776055161,2.75525770274645,62.0768221631966,30.0757330348156,58.8400142947703
"422",50.6,1,0.106,722016148.91604,0.992106703577348,4,1.18076375533911,1.7840358592527e-17,9.03818776883465,0.335442775072572,4.43262936383224,0.147336782282487,0.422994563488169,0.217645636395522,4.80493703142542,264.74626196496,4.00009589397457e-15,2026.50734824527,75.2116758344356,993.866935230977,33.0352809212296,94.8421976950254,48.7996590411523,1077.34431404659,5.75535352097738,8.69586063907516e-17,2.56680550849824,9.11778240082901,2.27591451274114,0.0997786469454863,9.46788601753143,0.789982964120463,24.2222848834641,10,1e-05,33.9221623949069,10.6551210202725,12.2543069133999,19.3137373084406,2.89668538820252,61.1819336629288,31.4802648482483,54.2957884551072
"423",50.6,1,0.111,756073514.430947,0.964954537900365,4,1.17438546367864,8.92151762467604e-18,8.71927318359676,0.312951518765976,4.4621460069727,0.14873414304321,0.415424720301569,0.226007658310946,4.4388115261548,256.109659627129,1.94560211521697e-15,1901.49670300925,68.2483813277849,973.103576633721,32.4359010970805,90.5957089964835,49.2876881001486,968.01479946074,5.56760129624194,4.22956981568906e-17,2.38630241725735,8.2206426528363,2.21083441972398,0.0976122267832405,8.92476555573021,0.787366915593404,21.9634447613828,10,1e-05,36.4159681657225,10.5367589464514,13.026915645214,20.0563064138859,3.02870134217793,60.0870315444189,32.6897476980953,50.1585702455492
"424",50.6,1,0.116,790130879.945855,0.937484027238258,4,1.168346344564,4.81334230020688e-17,8.41731722795124,0.292332402882694,4.47729552347303,0.149974782910246,0.406800857764073,0.233012290374425,4.10534496384141,247.539164206277,1.01980952444077e-14,1783.38870246878,61.9368725863554,948.610826696779,31.775365743515,86.189463251065,49.3686378850272,869.805144558383,5.38128617839733,2.21697722704516e-16,2.21968258214713,7.41672574476847,2.13988290425868,0.0953285182685447,8.40035929317051,0.780269007255691,19.9568638631416,10,1e-05,39.0218021368499,10.3986453417994,13.7629973609159,20.7338987554625,3.1496845679378,58.8396760669956,33.7028976797568,46.390398091408
"425",50.6,1,0.121,824188245.460762,0.909963870314296,4,1.16260707689018,2.00492152921882e-16,8.13035384386547,0.273419374134118,4.47917864664613,0.150997195503858,0.397402870388911,0.23868909021136,3.80140293364908,239.092278387242,4.12315790895397e-14,1672.02218467821,56.2291959307547,921.151306591665,31.0528502885687,81.7266294069615,49.0868493226992,781.765487704801,5.19765822580961,8.96338675859558e-16,2.06578413454653,6.69711068353408,2.06461198064946,0.0929163294840218,7.89798798105737,0.769250105173839,18.1705337099798,10,1e-05,41.7439207749702,10.2457547740291,14.4537818074516,21.3381309385682,3.2582173764323,57.4803511730521,34.5239900081711,42.9558531502347
"426",50.6,1,0.126,858245610.97567,0.882600442139083,4,1.15713308030054,2.53711657649844e-16,7.8566540147462,0.256057947900716,4.46888106300726,0.151749125996437,0.387464498824239,0.243098773792741,3.52410686224671,230.810674032865,5.06072807951759e-14,1567.14870541563,51.0752899148701,891.397426869444,30.2690491279005,77.2866523824566,48.4903532626449,702.945490096738,5.01762334854055,1.100158278156e-15,1.92351540316611,6.0532797455326,1.9863551156226,0.0903704216692522,7.41970452553638,0.754895764310433,16.57666321901,10,1e-05,44.5843691869593,10.0822071734964,15.0911507588996,21.8620339402408,3.35315964696524,56.0428651099379,35.161806641382,39.8224075433879
"427",50.6,1,0.131,892302976.490577,0.855550775701607,4,1.1518948770927,1.18652342615295e-18,7.59474385439557,0.240106094622383,4.44748238256176,0.15219000871102,0.377178102295683,0.246325908555753,3.27084153833452,222.72402957088,2.29419614505123e-16,1468.47771306959,46.4255879440991,859.940622524307,29.4266192815249,72.9290740672615,47.6282168037027,632.431849462124,4.84182672980174,4.98738292402442e-18,1.7918749815165,5.4772947880247,1.90625602248281,0.0876924382282916,6.96657184494369,0.737789157894207,15.1512034202881,10,1e-05,47.5422240190334,9.91136612484255,15.6680450860869,22.3005147471472,3.43372051123989,54.5550407160476,35.6285794135041,36.96050938318
"428",50.6,1,0.136,926360342.005485,0.828932935903522,4,1.14686819944881,1.65499057359005e-16,7.34340997250287,0.225434297525079,4.41606665079419,0.152292858365145,0.366700039145673,0.248471784422409,3.03924815748586,214.852962147948,3.10044020083257e-14,1375.7059316993,42.2326005867834,827.300819241392,28.5303679615975,68.6971612501608,46.5484167396028,569.369234976051,4.67071656843364,6.74008739311428e-16,1.66995906478252,4.96187687724598,1.82529498175744,0.0848911649539358,6.53890217314401,0.718489604588394,13.8733737446843,10,1e-05,50.6129652869785,9.7359462251596,16.1788838681931,22.6507415773321,3.49950630157653,53.0394936620302,35.9389588988573,34.3435041795902
"429",50.6,1,0.141,960417707.520392,0.80283422991507,4,1.1420339100661,2.03749663669596e-17,7.10169550328947,0.211925103417794,4.37573213552066,0.152045304429509,0.356156132387986,0.249648104924519,2.82720911106432,207.211244727808,3.69684481780453e-15,1288.53543834729,38.4518043476737,793.93518388979,27.587181526014,64.6211595462038,45.2962859591042,512.970336384784,4.50459227669148,8.03661916914029e-17,1.55696069484173,4.5004255164414,1.7443118927916,0.0819821067309677,6.1364555677377,0.697517274084559,12.7252176257074,10,1e-05,53.7880358089992,9.55811782638921,16.6199414655621,22.9123723914846,3.55054466772795,51.5144229885982,36.1091018962824,31.9474629550268
"430",50.6,1,0.146,994475073.0353,0.777317671537624,4,1.13737764965866,1.06397645540856e-16,6.86888248301518,0.199472367556897,4.32759242733466,0.151449585726723,0.345646539731121,0.249971253358006,2.63282830939479,199.807446661902,1.86912780400922e-14,1206.68264473442,35.0420675605058,760.244579589397,26.6057232891301,60.721038937176,43.9133984102186,462.518937449865,4.34364014482397,4.06332131306353e-16,1.45216268613147,4.08700067458302,1.66402307109784,0.0789864598610528,5.75859803255042,0.67534259939305,11.6912062277204,10,1e-05,57.054817356548,9.37960319246527,16.9895912173681,23.0875932558435,3.58727748883096,49.9943155067094,36.155842085702,29.7509598961612
"431",50.6,1,0.151,1028532438.55021,0.752427068070163,4,1.13288927658645,7.11218024868007e-17,6.64446382929671,0.187980338552793,4.27276955529358,0.150521336151842,0.335250046488929,0.249557582807583,2.45440989582074,192.646141843597,1.2094157066548e-14,1129.88122298257,31.9657778682179,726.578128000554,25.5959300472578,57.0087733583114,42.4368969583286,417.368763836583,4.18795960529558,2.62916457968434e-16,1.35492753052764,3.71628473898176,1.58503363828262,0.0759295506678896,5.40442506491867,0.65238046732705,10.7578912267731,10,1e-05,60.3970103027571,9.20175832560208,17.2883785129781,23.1809279279834,3.61051760657524,48.4905667241587,36.0960087772889,27.7348318227743
"432",50.6,1,0.156,1062589804.06511,0.728188654599891,4,1.12856166333448,8.28666717464593e-17,6.42808316581746,0.177361660433422,4.2123705282202,0.14928720216509,0.325026617541431,0.248519299703741,2.29042130814977,185.72811063198,1.36374208675109e-14,1057.87373447106,29.1885212488274,693.232496642325,24.5682897979489,53.4898371460825,40.8989791955025,376.936091251762,4.03756762243435,2.96465671032845e-16,1.26467669137386,3.38350304704074,1.50783791352152,0.0728386719660096,5.0728244960627,0.628985388111242,9.91352695158199,10,1e-05,63.7958041791941,9.02562231944255,17.5189054950564,23.1988470592585,3.62137869871152,47.0118499611926,35.945831509149,25.8817607820924
"433",50.6,1,0.161,1096647169.58002,0.704626254007216,4,1.12439191048121,2.22043494702007e-26,6.21959552406524,0.167541521606413,4.14749442822357,0.147782467520842,0.315025407438096,0.246962027844968,2.13955187663571,179.054389541557,3.53594347530714e-24,990.442806797043,26.6802389758043,660.469962519344,23.5336978683567,50.1663890438058,39.3275998551082,340.714079843872,3.89248672916429,7.68683364197205e-26,1.18092198300014,3.08453062765698,1.43286324399344,0.069742685469193,4.76270852098617,0.605463727569536,9.14821868814375,10,1e-05,67.2293207095168,8.85206043586925,17.6854127142373,23.1492248500949,3.62118244493552,45.5652749318462,35.7205877074962,24.1769362059835
"434",50.6,1,0.166,1130704535.09493,0.681739959404013,4,1.12037618434135,1.05468814198124e-24,6.01880921707659,0.158446550066537,4.07914335847122,0.146046444842486,0.305277111836527,0.244981271846914,2.00053749195018,172.619978461202,1.6249920954819e-22,927.337381796126,24.4123718818751,628.486796239254,22.5018476074318,47.0350309176723,37.7450560451468,308.229274771921,3.75260822741743,3.53259151191718e-24,1.10316801925801,2.81552674800858,1.36039942496084,0.0666672374285931,4.4727469982518,0.582052957060109,8.45290404665172,10,1e-05,70.6772936203218,8.68163192419286,17.7935245658945,23.0407375543104,3.61136606023025,44.1552814560353,35.4340911599376,22.6060736590371
"435",50.6,1,0.171,1164761900.60984,0.659532131212969,4,1.11651311559335,9.17869282110281e-17,5.82565577966414,0.150014218493911,4.00826040932012,0.144120595150116,0.295806171873606,0.242662377146644,1.87230174079339,166.42103807192,1.36812328139955e-14,868.338820888958,22.3602585752313,597.448295828695,21.4817888992545,44.0911705413553,36.1698614568293,279.074553567703,3.6178486537374,2.97418104652076e-16,1.03099034034037,2.57320243473479,1.2906811429022,0.0636364676235157,4.20172770304086,0.558949596504682,7.81997333208154,10,1e-05,74.1188767704106,8.51480177446537,17.8495553937032,22.8822818597706,3.59338360041147,42.7854046997984,35.0986862304906,21.1570096709654
"436",50.6,1,0.176,1198819266.12475,0.63799715238614,4,1.11280102090404,2.73826791589511e-16,5.64005104520205,0.142187030105312,3.93568069964542,0.142045271903151,0.286627550084944,0.240079358092817,1.75386334611886,160.451837447071,3.94823612015379e-14,813.224050390211,20.5015719908354,567.47539587092,20.4811322504123,41.3280687294119,34.6164079790395,252.884919432607,3.48808342276242,8.58312200033432e-16,0.963985699585437,2.35461843805589,1.22385825803553,0.0606706356001825,3.94842493124224,0.536303092697117,7.24271133316431,10,1e-05,77.5353099725699,8.35188183042867,17.8601365444882,22.6824916467886,3.56863699574932,41.4578088442864,34.725078354545,19.8186558111431
"437",50.6,1,0.181,1232876631.63965,0.617123150482143,4,1.10923751811385,9.21719618394306e-18,5.46187590581178,0.134912222285089,3.86212026654842,0.139857700383394,0.277748474188134,0.237294915456299,1.64432923568681,154.705170309379,1.28552080336821e-15,761.766915037379,18.8161849780574,538.649264773925,19.505929977632,38.7375330357653,33.0954819952714,229.334322268669,3.36315587629086,2.7946104421048e-17,0.901770628498323,2.15715699370348,1.16000692060735,0.057785760409559,3.71162887550187,0.514222199794547,6.71519310845502,10,1e-05,80.9105719275845,8.19305780051685,17.8317978993003,22.4493597595405,3.53841637108744,40.1735393065718,34.3223365715991,18.580920363261
"438",50.6,1,0.186,1266933997.15456,0.596903389556295,4,1.10582101274314,2.18996344335096e-16,5.29105063717865,0.128144738820137,3.78821115495701,0.137591884199733,0.26917423258354,0.234362516707124,1.5429366777666,149.175438229264,2.95426432128967e-14,713.76360947998,17.2867465439534,511.03031379723,18.5611680242622,36.3116486691344,31.6155424172783,208.142414019492,3.24294430933183,6.42231374193406e-16,0.844008925259223,1.97857808271845,1.09917150353869,0.0549950453887865,3.49027388650257,0.492792062309185,6.23242064371381,10,1e-05,84.2300333335004,8.03848962283601,17.7707158250243,22.1901351181202,3.50388622425752,38.9333610008832,33.8981944165184,17.4351844587625
"439",50.6,1,0.191,1300991362.66947,0.577316620648924,4,1.10254712157085,6.68835937258202e-17,5.12735607859023,0.12183974267976,3.71443254379815,0.135275918619034,0.26090063207655,0.23132459023827,1.44893871689014,143.853243902915,8.72654032930201e-15,668.984381819127,15.8968645220427,484.635223501949,17.6499301794642,34.040633299246,30.1817419403143,189.048187205104,3.12724443267206,1.89707398463087e-16,0.790350473950977,1.81679741518236,1.04131315920346,0.0523063729602917,3.28321727952668,0.472058499284734,5.78971986807806,10,1e-05,87.4838514733228,7.88817284459545,17.6824755796416,21.9109985675764,3.46603787817402,37.7366674235521,33.4587887320634,16.3730075008586
"440",50.6,1,0.196,1335048728.18438,0.558346467273126,4,1.09941187399739,7.89863516372347e-17,4.97059370217575,0.115958639138329,3.64118638752604,0.132933840775745,0.252923029790642,0.228216202164966,1.36169292413882,138.730718318953,9.9669955902741e-15,627.220836052333,14.6323918118669,459.467843691744,16.77442972547,31.9154217196902,28.7977585172454,171.826994017042,3.01588518084681,2.16673817179872e-16,0.740485586267457,1.67002890710484,0.986377076378611,0.0497253118840583,3.08945454057902,0.452053081190539,5.38312035851736,10,1e-05,90.6637963880802,7.74209639394002,17.5720290430823,21.617249716184,3.42571989546236,36.5827870289184,33.0091914811407,15.3871300427687
"441",50.6,1,0.201,1369106093.69928,0.539981035156289,4,1.09641163756468,1.0110087594808e-16,4.8205818779821,0.11046803058512,3.56881063223273,0.130586092999254,0.245236775164312,0.225066537100965,1.28064350203701,133.801376968165,1.23379175768213e-14,588.283151111423,13.4810449805887,435.522353440176,15.9361670904942,29.927644942825,27.4661555403174,156.284244080523,2.90872558626445,2.68215599496114e-16,0.694138880375762,1.53673268723063,0.934297719376917,0.0472555370312152,2.90809971280622,0.43279691072549,5.00922453920752,10,1e-05,93.7630172418037,7.60024902461523,17.4437229582896,21.3134139935186,3.38365412384373,35.471047159766,32.5536239262836,14.4712715730182
"442",50.6,1,0.206,1403163459.21419,0.522194977742273,4,1.09354016685857,2.90060887762466e-17,4.67700834475578,0.10533389722839,3.49751540784478,0.128247408794889,0.237830117947204,0.221896575358253,1.20523384762802,129.055307379016,3.42318445753596e-15,551.962120678778,12.431092058823,412.763005604924,15.1352545285402,28.0677746514214,26.1873606540455,142.236956065414,2.80555016041339,7.44170534246948e-17,0.651021997861734,1.4154572687562,0.884953538853134,0.0448968062994861,2.73820372497889,0.414284830668043,4.6647741503657,10,1e-05,96.7789456119413,7.4624897997802,17.3011645381764,21.0029867204119,3.3404019235327,34.3997482598835,32.0951206598178,13.6191424781966
"443",50.6,1,0.211,1437220824.7291,0.504975534015885,4,1.09079304645833,6.84997006465354e-17,4.53965232459753,0.100528976777594,3.42750151973916,0.125930876756406,0.230695668500511,0.218724887862791,1.13501441525202,124.486179056761,7.81749207854422e-15,518.08541865038,11.4728162635079,391.161796721142,14.371794653049,26.3280210575405,24.9618620535435,129.532919363422,2.70622128384263,1.69945479968353e-16,0.610898669034381,1.30500428224685,0.838247611229523,0.0426489853885507,2.57900669085129,0.396516037366478,4.34711933238817,10,1e-05,99.7084505787025,7.32875328091875,17.1474913725456,20.6890047531121,3.29644784238763,33.3678214919139,31.6363677804741,12.8256628923479
"444",50.6,1,0.216,1471278190.24401,0.488302768142146,4,1.08816444625421,1.22559959551013e-17,4.40822231274654,0.0960265664218348,3.35888688036475,0.123645589579982,0.223822307885777,0.215564640979025,1.06955008309837,120.085938753754,1.35252790577457e-15,486.475657685425,10.5971486329667,370.674750112208,13.6450853072669,24.700229867845,23.7889432642194,118.031724171053,2.61056388595118,2.94027805603168e-17,0.573533338071517,1.20426618043758,0.794054952837499,0.0405096813925087,2.42973915469646,0.379475143789931,4.05377360183491,10,1e-05,102.551082774235,7.19890488452076,16.9852489543411,20.3737606097514,3.25215855417306,32.3736586125987,31.1792696712061,12.0859159390116
"445",50.6,1,0.221,1505335555.75891,0.472160367506598,4,1.08564909816937,1.18233755886412e-22,4.28245490849526,0.0918033161251692,3.29176627581138,0.121398931817444,0.217200139132731,0.212426780924722,1.00846050988315,115.847707841517,1.26165163606091e-20,456.973239254175,9.79617057047645,351.258595844442,12.9542667231742,23.1770452384791,22.6676885706232,107.611049201484,2.51842843133733,2.7427209479585e-22,0.538716860512698,1.11228114681699,0.752257575481322,0.038476120195153,2.28972012620883,0.363145859381311,3.78257764174595,10,1e-05,105.306740894312,7.07282493027273,16.8166013596143,20.0591512139153,3.20784012297508,31.4158281241582,30.7254095929518,11.3956037616796
"446",50.6,1,0.226,1539392921.27382,0.456527556621756,4,1.08324095878038,5.11301876015051e-26,4.16204793905174,0.0878368029846588,3.22617917489632,0.119195537323735,0.210817164970511,0.209318596440617,0.951383894099267,111.763632680683,5.27536875306393e-24,429.420244211687,9.06258215685994,332.861771282307,12.2980267157046,21.7511090192484,21.5964938698078,98.1592499956291,2.42964418871049,1.14681929414433e-25,0.506246508495295,1.02816916189184,0.712724206326948,0.0365442647565218,2.15828047166143,0.347503555753315,3.53152564572587,10,1e-05,107.977049696012,6.95035187054683,16.6432602559691,19.7465492932251,3.16371435027141,30.4925947413347,30.2758417891708,10.7506380033217
"447",50.6,1,0.231,1573450286.78873,0.441388866661475,4,1.08093485841965,7.68069029885952e-17,4.04674292116509,0.0841078444619128,3.16216040864081,0.117039196960679,0.204663524034616,0.206246361944393,0.898009810091327,107.827450332957,7.66178688079255e-15,403.67832339141,8.39008414863063,315.437782167616,11.6751144613262,20.4159814080517,20.5738756370815,89.579966305924,2.3440750072382,1.66560584365055e-16,0.475946140539875,0.951173743358339,0.675338254323869,0.0347103096283005,2.0348430442712,0.332526522849839,3.29889783182237,10,1e-05,110.563386692032,6.8313598235539,16.4666752026668,19.4370958651324,3.11996565375361,29.6025321163669,29.831473791637,10.147510854032
"448",50.6,1,0.236,1607507652.30364,0.426726241359929,4,1.07872531181979,4.34421049163292e-17,3.93626558989213,0.0805982475144651,3.09971232707132,0.114932039931774,0.198728347061952,0.203214171819227,0.848046098683514,104.032409896625,4.1895622693822e-15,379.613967358215,7.77290551218216,298.93666148197,11.0840609350929,19.1653877341125,19.5980012593167,81.7856764672038,2.26157412818751,9.10774406387435e-17,0.447648130614961,0.880605961205064,0.639978776516465,0.0329698463652045,1.91885077661659,0.318188808189471,3.08310448742845,10,1e-05,113.068086730388,6.71569884012067,16.287997032715,19.1316031635901,3.07672739204996,28.7440681190408,29.3928978119331,9.5829209151237
"449",50.6,1,0.241,1641565017.81854,0.412526530168418,4,1.07660765756205,1.10852078853933e-18,3.83038287855924,0.0772924501520312,3.03883965253632,0.112875812659427,0.19300283306937,0.200225655855317,0.801241745731124,100.373204019862,1.03348497000546e-16,357.110410132535,7.20605209689182,283.314046937376,10.5235244180114,17.9938463227646,18.6672372837159,74.7005658455155,2.18202617434482,2.24670645653361e-18,0.421206817458403,0.815871472270855,0.606539406046526,0.031318872105303,1.80982323539355,0.304468050736056,2.8827776984062,10,1e-05,115.493078981974,6.603255662245,16.1082025219,18.8307524659004,3.03411000108811,27.9159297751536,28.9606388629131,9.05403172676171
"450",50.6,1,0.246,1675622383.33345,0.398772712601845,4,1.07457681683806,9.82807433112895e-19,3.72884084143969,0.0741752602664927,2.97951861724932,0.110870932306241,0.187476812880071,0.197282718566176,0.757354261572368,96.8436921458021,8.85731936512969e-17,336.052954847528,6.68486976223827,268.522063002096,9.99198034792691,16.8959040122023,17.7796380520547,68.2547602030383,2.10529765534352,1.9255042098108e-18,0.39648076930634,0.756419451497397,0.574908352487776,0.0297528673596328,1.70728348444315,0.291337673291904,2.69662290203803,10,1e-05,117.841191925207,6.49388503330605,15.9280446166236,18.534971035216,2.99218560758765,27.1166462149734,28.5349724134118,8.55810315576776
"451",50.6,1,0.251,1709679748.84836,0.385449814003646,4,1.07262814182127,4.92967102604152e-18,3.63140709181602,0.0712331360962309,2.92172219175515,0.108917412592801,0.182141105681031,0.194386675721145,0.716167493811487,93.4384158137787,4.29431816299632e-16,316.337892513313,6.20523658737662,254.516064236411,9.48797639219764,15.8666136994208,16.9333456083395,62.3865377664314,2.03126990899519,9.3354742673833e-18,0.373342919953835,0.701763642392752,0.544982485666269,0.028267542845705,1.6108021353568,0.278772703707667,2.52349134115159,10,1e-05,120.1151526659,6.38745754166442,15.7481370711016,18.244573586902,2.95100814894857,26.3448895257043,28.1160887763064,8.0926926800698
"452",50.6,1,0.256,1743737114.36327,0.372543416538964,4,1.07075721697736,2.06731988279376e-16,3.53786084456022,0.0684536993390518,2.86541706174953,0.107014805963369,0.176986953962215,0.191538236688169,0.677484328679931,90.1522027286084,1.74057609160572e-14,297.869529177447,5.76344635598931,241.253251210465,9.01009148404959,14.9013833396911,16.126525855167,57.0406657795143,1.95983049410018,3.78386106870808e-16,0.351676783167031,0.651468308441038,0.516664057485643,0.0268587138759023,1.51998231810565,0.266748688126599,2.36234355078117,10,1e-05,122.317748935623,6.28384855372584,15.5689693968165,17.9597633512553,2.91061329229524,25.5993930210947,27.7040905545768,7.65557291408322
"453",50.6,1,0.261,1777794479.87817,0.360039649668902,4,1.06895987716937,2.85537980243559e-17,3.44799385362153,0.0658256201106827,2.81056630821192,0.105162368191435,0.172006049682234,0.188737691868064,0.641124774845946,86.9801543690749,2.32339287285369e-15,280.559676800764,5.35616230407879,228.692859829444,8.55695261765118,13.9959535182863,15.3573898558458,52.167656688487,1.89087292106685,5.05085407142106e-17,0.331375610514945,0.605142365236377,0.489860842627622,0.0255223459233818,1.43445698077924,0.255241902092867,2.21223698751792,10,1e-05,124.451751861314,6.18293819810325,15.3909364729884,17.6806653021656,2.87102345374274,24.8789550260384,27.2990197517967,7.24470995575919
"454",50.6,1,0.266,1811851845.39308,0.347925176871527,4,1.06723217957212,0,3.36160898057726,0.0633385130541981,2.75712961447826,0.103359087741197,0.167190496227769,0.185984925122931,0.606924234346582,83.9176295339791,0,264.326978205698,4.98037631871847,216.796106783167,8.12723772770168,13.1463709515104,14.6241973809564,47.723114077679,1.82429629421694,0,0.312341402731634,0.562434241070767,0.464485822923164,0.0242545611830834,1.35388635359392,0.244229373028105,2.07231579936877,10,1e-05,126.519922477291,6.08461133250911,15.2143465909278,17.4073315164594,2.83225128162174,24.1824333743845,26.9008595697807,6.85824384811637
"455",50.6,1,0.271,1845909210.90799,0.336187182818524,4,1.06557041920779,2.98968465331448e-17,3.27852095782084,0.0609828510597537,2.70506539613167,0.101603798887158,0.162532827067982,0.183279581483424,0.574732001202078,80.9602325161777,2.27151167411667e-15,249.096459764409,4.63337355495258,205.526279159576,7.71968425000662,12.3489684339384,13.9252716337579,43.6671623133101,1.76000505469952,4.93806885677537e-17,0.294484248634872,0.523027460648465,0.440457197550639,0.0230516611839179,1.27795568770136,0.233689024953643,1.94180127821106,10,1e-05,128.524950355463,5.98875840320415,15.0394452287785,17.1397670580626,2.7943005796429,23.5087481071129,26.5095586657624,6.49447161358348
"456",50.6,1,0.276,1879966576.4229,0.324813351087068,4,1.06397107476455,0,3.19855373139479,0.0587498805298612,2.6543294890109,0.099895131875374,0.158025937201142,0.180620967943006,0.544409868177823,78.1037943174003,0,234.798848084563,4.31270049901642,194.848534304557,7.33308359442981,11.6003391339409,13.2589910235596,39.9639401643819,1.6979085721174,0,0.277721410762141,0.486636684331058,0.417697828670065,0.0219101101741408,1.20637314139036,0.223599576418789,1.81998418654545,10,1e-05,130.46950896653,5.89527518725735,14.866407891716,16.8779220978172,2.75716601710475,22.8568715567732,26.1250168032764,6.1518315104094
"457",50.6,1,0.281,1914023941.9378,0.313791848584831,4,1.06243088397462,1.56531569507571e-17,3.12154419853767,0.0566315477943991,2.60487988109113,0.0982317604160358,0.15366316272444,0.178008413555294,0.515830973039374,75.3443661431791,1.11007427060325e-15,221.370418136636,4.01613708396119,184.730156549759,6.96629760609597,10.8973240232968,12.6238151486162,36.5811633367383,1.63792100311259,2.41320493609401e-17,0.261977017441125,0.453004292288447,0.396135646019592,0.0208265801689661,1.13886785625288,0.213940804112836,1.7062167959485,10,1e-05,132.356104296096,5.80406180712028,14.6953880008091,16.6217381781061,2.72084093029764,22.2258398564629,25.7471369366378,5.82888999534493
"458",50.6,1,0.286,1948081307.45271,0.303111306866955,4,1.06094675327447,3.20850158316583e-17,3.04733766347338,0.0546204322304806,2.55667330548195,0.0966122355415428,0.149438177473148,0.175441024995623,0.488878678463859,72.678200259689,2.19792482398528e-15,208.75224537071,3.74167195447428,175.140188629568,6.61824298019974,10.2369866869526,12.0182637903773,33.4897320590569,1.57996087521063,4.77809744344626e-17,0.247181133770224,0.421897346269293,0.375702791702257,0.0197979065422506,1.07518830371642,0.204693311170524,1.59990739826001,10,1e-05,134.187201250061,5.71502280411869,14.5264867470642,16.3711188958566,2.68531339230611,21.6147379897162,25.3757898553669,5.52432906664161
"459",50.6,1,0.291,1982138672.96762,0.292760800024583,4,1.05951576628594,3.51560544465418e-17,2.97578831390531,0.052709697676718,2.5096665855154,0.0950350628464425,0.145344987685096,0.172917781555403,0.463445615434871,70.1017384430957,2.32606310535788e-15,196.889881851095,3.48748131696111,166.049431405722,6.28789427262429,9.61659716158094,11.4409218630597,30.6633882662272,1.52395083571947,5.05665892469105e-17,0.233269319594501,0.393105017423753,0.356335531980993,0.0188210953319881,1.01510062068668,0.195838563704819,1.50051446997184,10,1e-05,135.965181058342,5.62806912964142,14.3597731303824,16.1259468273423,2.65056745870104,21.0226990187723,25.0108279241736,5.23693545441404
"460",50.6,1,0.296,2016196038.48253,0.282729826754229,4,1.0581352135588,1.2546634452666e-20,2.90676067840363,0.0508930270604023,2.46381884323976,0.0934988183999375,0.141377958376631,0.170437712677,0.439432844097677,67.6116031483183,8.01691559444103e-19,185.73311512276,3.25190873957559,157.430486882874,5.97428846851431,9.03361904338427,10.8904484449274,28.078414445299,1.46981745974605,1.74280773792196e-20,0.220182281237722,0.36643615476989,0.337974271590864,0.0178933353730828,0.958387166512374,0.187358977382294,1.40754149169147,10,1e-05,137.692276465568,5.54311474968642,14.1953065122088,15.8861054234276,2.6165870475122,20.4489078995959,24.6521107616012,4.96559113830375
"461",50.6,1,0.301,2050253403.99743,0.273008291094471,4,1.05680252994722,2.71279545400821e-17,2.84012649349579,0.0491645806789351,2.41908916499935,0.0920020393990727,0.137531749642848,0.167999739141737,0.416749058925359,65.2045827158963,1.67379137123204e-15,175.2354461888,3.0334484226983,149.257496160807,5.67651421910162,8.48569159471718,10.3655627013529,25.7133643366917,1.41749092860644,3.6386768939827e-17,0.207865236415262,0.341717261423227,0.32056295653369,0.0170119679561337,0.904845336422893,0.179237764265546,1.32053291423336,10,1e-05,139.37065841873,5.46007799441147,14.0331113755657,15.6514604630859,2.58335286201954,19.8925922683415,24.2994822694608,4.70926436585656
"462",50.6,1,0.306,2084310769.51234,0.263586483474777,4,1.05551530343089,2.36999129804422e-20,2.77576517169971,0.047518957738538,2.37543771039362,0.0905432672345032,0.133801305031552,0.165602751565177,0.395309906900714,62.8776221612464,1.4118167389851e-18,165.35384480658,2.83073022292344,141.506119651903,5.3937117992611,7.97061669793824,9.86504620817156,23.5488267028504,1.36690482959231,3.06916682388064e-20,0.196267587752016,0.318790701052164,0.304048985002727,0.0161744852146469,0.854286235235144,0.171458939922453,1.23907018420661,10,1e-05,141.0024007974,5.3788821113359,13.8732000984435,15.4218679590639,2.55084433892642,19.3530207597637,23.9527819863872,4.46700194797807
"463",50.6,1,0.311,2118368135.02725,0.254455962685269,4,1.05427140935335,3.46987352771274e-22,2.71357046789664,0.0459513031286911,2.33283099460205,0.0891212835525937,0.130182225185899,0.163245916784075,0.375039349084368,60.6280360860749,1.99542182009202e-20,156.049425973388,2.64252377478134,134.154222972051,5.12510189247958,7.48639541612658,9.38779070159925,21.567405687243,1.31800078447989,4.33787352193917e-22,0.185343679879046,0.297515079379683,0.288384618168921,0.0153786154799394,0.806538365164314,0.16400806076513,1.16277544133644,10,1e-05,142.589294243324,5.29946093350016,13.7155927401118,15.1972153214038,2.51904566143366,18.8295570508885,23.6118894036487,4.23794464465336
"464",50.6,1,0.316,2152425500.54216,0.245605043145453,4,1.05306835337031,7.17694500402952e-17,2.65341766839891,0.0444565162264331,2.29121921948401,0.0877342818670423,0.126668919462418,0.16092742567407,0.355859231062306,58.4523910304055,3.98368818544991e-15,147.282563970185,2.46763627641106,127.178108928096,4.8698439508236,7.03097874712464,8.93255673566846,19.752585726521,1.2707041528349,8.66019170749981e-17,0.175047064616377,0.277753617178282,0.273518939196441,0.0146219038048686,0.761423305351449,0.156868480528332,1.09127184749341,10,1e-05,144.133688267266,5.22172149396901,13.5602315818459,14.9772882908615,2.48792569503902,18.3213925110441,23.2765428494974,4.02120931100406
"465",50.6,1,0.321,2186482866.05706,0.237027768115277,4,1.05190450831329,1.28526576299562e-16,2.59522541563904,0.0430307443106961,2.25057946169573,0.0863813658565187,0.123258188595027,0.158646894307295,0.337708505365618,56.3487105999527,6.88494706037498e-15,139.021750293642,2.30508277025258,120.559660850431,4.62730081239268,6.60272861588213,8.49844055639373,18.090462285881,1.22497196956419,1.49672762182065e-16,0.165340866940432,0.259393338116259,0.259413036380981,0.013902496059303,0.718801323388902,0.150028645380498,1.02425443480092,10,1e-05,145.636893489823,5.14562088145954,13.4071446657166,14.7620101663563,2.45747349513616,17.8280643983847,22.9466867926072,3.81610611063149
"466",50.6,1,0.326,2220540231.57197,0.228714904825843,4,1.05077787413392,1.09055707824343e-17,2.53889370649514,0.0416698276229157,2.21087317565195,0.0850611056803734,0.119945630973645,0.156403010075512,0.320523063322733,54.3142548934948,5.63704247888167e-16,131.234320132337,2.15389540890789,114.279080436982,4.39677184795528,6.19993790736531,8.08440410144051,16.5676988344504,1.18074467159771,1.22544401714819e-17,0.156186895769256,0.242323461989748,0.246024512777624,0.0132183479693645,0.678524100962722,0.143474750528904,0.961413873951556,10,1e-05,147.100763490448,5.07108830412269,13.256291401621,14.5512143528149,2.42766439500363,17.348936064028,22.622131377322,3.62191061554689
"467",50.6,1,0.331,2254597597.08688,0.220659217006877,4,1.04968679812716,1.19409006567475e-16,2.48433990635802,0.0403701652510871,2.17207150900007,0.0837724137325404,0.116727737616656,0.154194956135595,0.304246771283485,52.3468131368461,5.95480572376107e-15,123.891504664593,2.01321908637195,108.318997251712,4.17764507994567,5.82109356791746,7.68954565292757,15.1724770781923,1.13797419862709,1.29452298342632e-16,0.147551555366588,0.226446169816377,0.23331622084975,0.0125676762791568,0.640460896534657,0.137194987608175,0.902476810421592,10,1e-05,148.526760515113,4.99807112814162,13.1076563049001,14.3447837760557,2.39848133596098,16.8834999688731,22.3027584554524,3.43798851550338
"468",50.6,1,0.336,2288654962.60179,0.212850586516956,4,1.04862929201577,0,2.43146460087302,0.0391279027200322,2.13413112013216,0.0825137001872373,0.113599925088133,0.152021023681624,0.288821205616548,50.4435073248381,0,116.963738604375,1.88221773174902,102.660739701074,3.96925822260153,5.46463721442386,7.31285467610043,13.8935224411678,1.09659798532257,0,0.139400331242341,0.211665989614536,0.22124830577912,0.0119485461885639,0.604474745216771,0.131175671138653,0.847168048964443,10,1e-05,149.916846387803,4.92649046656688,12.9611596341944,14.1425150563032,2.36989480122564,16.4310931647476,21.9883208653101,3.263679623467
"469",50.6,1,0.341,2322712328.11669,0.205283930645523,4,1.0476041150648,4.14868148718189e-17,2.38020575302676,0.0379401837482007,2.09703327356073,0.0812842092539212,0.110559703661579,0.149880871514846,0.274201166863477,48.6027216532096,1.92474627246813e-15,110.427666356171,1.76020327112915,97.290114678565,3.77111328636315,5.12932550173561,6.95359838189058,12.7213350906192,1.05658090550456,4.18423102710463e-17,0.131706018207606,0.197904319761765,0.209790509790679,0.0113595088903873,0.570458785622453,0.125407393990897,0.795265743788953,10,1e-05,151.272052111292,4.8563137044246,12.8168074854396,13.9443352601537,2.34189346057889,15.9913555376108,21.6787692559073,3.09847318555729
"470",50.6,1,0.346,2356769693.6316,0.197951258456767,4,1.04660968693566,1.43669432837964e-25,2.33048434671731,0.0368038623011487,2.06074513299479,0.0800827131855664,0.107603492513958,0.147773302851907,0.260338533871115,46.8221612490821,6.42733717724213e-24,104.258841889706,1.64649381403952,92.1915228903046,3.58265909139163,4.81385576719077,6.61093194608163,11.6467609314344,1.01787307063222,1.39724721244394e-25,0.124440128857396,0.185083400374485,0.198909618312838,0.0107989555190992,0.538298718493121,0.119878827040195,0.746542713514246,10,1e-05,152.593899333386,4.78748236076728,12.6745470781729,13.7500909208191,2.31445519268948,15.5637691572189,21.3739305244998,2.9418254327436
"471",50.6,1,0.351,2390827059.14651,0.190845624167513,4,1.04564462113175,1.88365272439345e-17,2.28223105977897,0.0357161144035684,2.02523900376721,0.0789081706357207,0.10472819552398,0.145697379618144,0.24718991220686,45.099814285268,8.12440348577854e-16,98.4351613081486,1.54047569703834,87.3508083982903,3.40339707137732,4.51704343245276,6.28408986173187,10.661575556765,0.980430745331912,1.76617467082142e-17,0.117576929170853,0.173133293252746,0.188575523953097,0.0102654318113837,0.5078907746736,0.114579776568842,0.70079353317508,10,1e-05,153.883698682046,4.71994664568145,12.5343362759712,13.5596559132859,2.28756127209552,15.1478862005884,21.0736689879684,2.79324600793751
"472",50.6,1,0.356,2424884424.66142,0.1839603224877,4,1.04470759416752,7.1498992350299e-17,2.23537970984941,0.0346743038037004,1.990487585785,0.0777595397713151,0.10193085753147,0.143652130351153,0.234714797277934,43.4337525798197,2.97257295800929e-15,92.935984941237,1.44158532080693,82.7545868306622,3.23285542289873,4.23777875358378,5.97234204295016,9.75827541477375,0.944212012604776,6.46211512610715e-17,0.111092407445523,0.161989813369422,0.178759794006389,0.00975756146273695,0.479137547996393,0.10950050583221,0.657827566523208,10,1e-05,155.142721636494,4.6536600085475,12.3961256838177,13.3728999918108,2.26119209608706,14.7432792333519,20.7778441339908,2.65227720924066
"473",50.6,1,0.361,2458941790.17632,0.177288877946721,4,1.04379737637477,8.61587348497367e-17,2.18986881987374,0.0336759620017856,1.95646570620936,0.0766358711868815,0.0992086873900656,0.141636685221047,0.222875357530956,41.8221284394345,3.45214670646107e-15,87.7421012192593,1.3493044148585,78.3902718136921,3.07059140058132,3.9750228926091,5.6749976337587,8.9300107852521,0.909176705205098,7.50466675317624e-17,0.10496421929941,0.151593980784221,0.169435711584042,0.00927405238630086,0.451947506615035,0.104631769898726,0.617467594326975,10,1e-05,156.372143944043,4.58857756428377,12.2598763262835,13.1897056525759,2.23533027311161,14.3495445440991,20.4863301503722,2.51849154009981
"474",50.6,1,0.366,2492999155.69123,0.170825034418188,4,1.04291280200795,6.55981102482901e-17,2.14564010066412,0.0327187791565335,1.92314903046047,0.0755362454993924,0.0965590261436229,0.139650191314552,0.211636222269408,40.263169057388,2.53251067365068e-15,82.8355639541681,1.26315616607112,74.2459718462554,2.91618687261949,3.72780196594786,5.39139921474616,8.17052487944736,0.875286283856262,5.50545798619713e-17,0.09917149958239,0.141891569502845,0.160578057278997,0.00881368424927084,0.426234613549054,0.0999647534541261,0.579548850171371,10,1e-05,157.573091883974,4.52465691540339,12.1255447395625,13.0099567874721,2.20995914758926,13.9662975414136,20.1990036717368,2.39148931164432
"475",50.6,1,0.371,2527056521.20614,0.164562745630059,4,1.04205276066793,4.02764514941844e-21,2.10263803367805,0.0318005874545816,1.89051382535981,0.0744597559250934,0.0939793393321725,0.137691789989589,0.200964294242547,38.7551723254389,1.49792877791887e-19,78.1995906627438,1.18270138842349,70.3104409401318,2.76924622351889,3.49520257353829,5.12092021657736,7.47409934372029,0.842503746205193,3.25636690851927e-21,0.0936947486704269,0.132832664228155,0.152163000209578,0.00837530225859661,0.401917976008327,0.0954910382094455,0.543918049151062,10,1e-05,158.746652501563,4.46185693480649,11.993083595161,12.8335374800622,2.18506081709552,13.5931716410054,19.9157405040942,2.27089652494078
"476",50.6,1,0.376,2561113886.72105,0.158496165678287,4,1.04121621012201,3.37352992291306e-20,2.06081050599952,0.0309193560312769,1.85853773453083,0.0734055624422792,0.0914672178325353,0.13576067511079,0.190828581747112,37.2965035898901,1.20840292013688e-18,73.8185073262427,1.10753545902102,66.5730696602898,2.62939704216241,3.27636794844816,4.86296549882004,6.83550526297589,0.810793556301958,2.62696286986277e-20,0.0885157544809773,0.124371305681529,0.144168071430998,0.0079578190627412,0.378921455286723,0.0912026048759662,0.510432406621471,10,1e-05,159.893846574244,4.40013889457774,11.8624494036073,12.6603400786071,2.16061964035525,13.2298183872979,19.6364240480247,2.15636297374236
"477",50.6,1,0.381,2595171252.23595,0.152619640561902,4,1.04040215742088,3.469084773006e-17,2.02010787135269,0.0300731774776729,1.82719902007563,0.0723728324311955,0.0890203632236073,0.133856051022438,0.181200039858228,35.8855915470206,1.19655806476497e-15,69.6776390121981,1.03728520340646,63.0238194354543,2.49628654189365,3.07049381936017,4.61696810106209,6.24995879937009,0.780121555370014,2.60121318427167e-17,0.083617472468128,0.116465130644093,0.136572026503525,0.00756020437881873,0.357173374335619,0.0870917965786853,0.478958890119093,10,1e-05,161.01565822947,4.33946556947651,11.733596172991,12.4902554841031,2.13661953561703,12.8759053366626,19.3609392198854,2.04756045039798
"478",50.6,1,0.386,2629228617.75086,0.146927699854166,4,1.03960967818059,8.50978259057675e-17,1.98048390898107,0.029260260573593,1.796477593432,0.0713608353066437,0.0866365926123806,0.131977186249857,0.172051431520686,34.520925680032,2.82572948798099e-15,65.7632756479195,0.971606269005815,59.6532244652077,2.36958364642864,2.87682525231714,4.38238959641513,5.71308136632892,0.750454906087653,6.14289019126301e-17,0.0789839773060893,0.109075069320048,0.129354837171194,0.0071814910645545,0.336606197449033,0.0831513176755098,0.449373380109666,10,1e-05,162.112997304831,4.27980147821152,11.6064850598028,12.3231913778656,2.11304662868889,12.5311167554547,19.0891802191794,1.94418117618375
"479",50.6,1,0.391,2663285983.26577,0.141415591367745,4,1.03883794753499,7.54696618656676e-26,1.94189737674798,0.0284789971759386,1.76635598748449,0.0703688599002729,0.0843140406595508,0.130123498618299,0.163358037013095,33.2011814870167,2.41200463105092e-24,62.0628918952732,0.910186575346228,56.4526024971534,2.24898338968767,2.69467030202724,4.15873708079596,5.22091039040707,0.721764814935146,5.24348832837156e-26,0.0746007393365983,0.102165725560706,0.122498160817797,0.00682078885662453,0.317158192901284,0.0793745524751073,0.421562843364709,10,1e-05,163.186669357537,4.22111837986455,11.4810798883283,12.1590545744452,2.08988630043482,12.1951828409974,18.8210628401507,1.84594581824797
"480",50.6,1,0.396,2697343348.78068,0.136077086733427,4,1.03808597808841,5.55111512257067e-27,1.90429890441909,0.0277276465361137,1.73680957471753,0.069396027099048,0.0820502561589472,0.128293927468223,0.155094110317433,31.9246957430226,1.70715783724291e-25,58.5637070633597,0.852720003949534,53.4128370932524,2.13416527886381,2.52332612018806,3.94547724037518,4.76967456254105,0.694015124848318,3.71121268965851e-27,0.070452896266557,0.0957024127558768,0.115982708971931,0.00647715943472546,0.298765471783731,0.0757540908193511,0.395413581706502,10,1e-05,164.237721552746,4.1633719812573,11.3573155142456,11.997723224189,2.06712156114769,11.8677490508301,18.5564336690038,1.75256344658699
"481",50.6,1,0.401,2731400714.29558,0.130907781188252,4,1.03735304903305,5.46512525915076e-18,1.86765245165816,0.0270047966577428,1.70782313393263,0.0684417451812959,0.079843571926002,0.126487969715801,0.147237976751422,30.6902544264591,1.61686597279633e-16,55.2547938958852,0.798941190690537,50.5262181902696,2.02485988252775,2.36218473451292,3.74216663852552,4.3560588865578,0.667179444053459,3.5149260278181e-18,0.0665277717861007,0.0896550619277643,0.109792202327855,0.00614981592187334,0.281373436487891,0.0722839513965847,0.370827453389544,10,1e-05,165.266854654096,4.10653707990059,11.2351625490467,11.8391220741537,2.04474032241495,11.5485742433769,18.2952199396934,1.66378913729107
"482",50.6,1,0.406,2765458079.81049,0.125902372089933,4,1.03663833277346,2.07853581566171e-17,1.83191663742426,0.0263089735819748,1.67937639428317,0.0675052649394297,0.0776919587522508,0.124704787221999,0.139767685094126,29.4964408715905,5.91425252644468e-16,52.1252389277368,0.748593852956177,47.7848685978924,1.920790494482,2.21064202922409,3.54834204602174,3.97694077944046,0.641226975469358,1.28570707096624e-17,0.0628126852853168,0.0839946549226588,0.103909994976378,0.00583794839162034,0.26492707398129,0.0689577248143001,0.347707783722701,10,1e-05,166.274938792506,4.05057821964996,11.1145679040277,11.6831473316528,2.02272757853009,11.2373649139256,18.0373004237899,1.57937484156362
"483",50.6,1,0.411,2799515445.3254,0.121057198514912,4,1.03594125581584,1.0136313316183e-17,1.79706278744295,0.0256389911040213,1.65145842180058,0.0665861489650909,0.0755941136915959,0.122944109267844,0.132664755825891,28.3422410536492,2.77318654691791e-16,49.1657093723325,0.701455282491152,45.1821301815899,1.82172557971597,2.06817382786524,3.36361889386406,3.62956535212005,0.61613567507933,6.02866640634328e-18,0.0592968161824926,0.0786959746072305,0.0983220469395838,0.00554088101854718,0.24937924193181,0.0657702620280586,0.325970843045515,10,1e-05,167.262503845474,3.99547790050973,10.9955165771728,11.5297462413589,2.00107514093604,10.9339326043524,17.782635964501,1.49911174083257
"484",50.6,1,0.416,2833572810.84031,0.116367232535153,4,1.03526106073084,6.43952242657415e-17,1.76305303745273,0.0249935283079434,1.62405018024082,0.0656836975361813,0.0735481562959115,0.12120513084244,0.125909615183297,27.2263249970361,1.69352965220038e-15,46.3665222285219,0.657304664829471,42.7108868438622,1.7274152037213,1.9342425618053,3.18757307581429,3.31129628386889,0.59187663037035,3.68158620043562e-17,0.0559689118731397,0.0737340396794385,0.0930133264082749,0.00525788174596023,0.234680622635163,0.0627156564621362,0.305531582396796,10,1e-05,168.230357159481,3.94120301570969,10.8779562030964,11.3788209804426,1.97976853389137,10.6380053266406,17.5311101250506,1.42277865157126
"485",50.6,1,0.421,2867630176.35521,0.111828091665126,4,1.03459709843875,2.36705970631941e-17,1.72985492224331,0.024371405656961,1.59713624460451,0.0647973308543598,0.0715524994645519,0.119487255119582,0.119484541727906,26.1475263303142,5.98230519782155e-16,43.7188807075106,0.615942159594099,40.3646618301123,1.63763257910272,1.80835695999192,3.01981916834189,3.01975059239052,0.568424485441612,1.30050112996121e-17,0.0528187560574265,0.069086247106007,0.0879701634195693,0.00498828672706498,0.220786220003336,0.0597885837229957,0.286312579047323,10,1e-05,169.17916984722,3.88772729264278,10.7618490342182,11.230292504376,1.95879589558734,10.3493535225528,17.2826365804964,1.35017532152533
"486",50.6,1,0.426,2901687541.87012,0.107435525093241,4,1.0339487580974,3.02635307771753e-20,1.69743790499432,0.0237715081226934,1.57070213427374,0.0639265141108475,0.0696056284238963,0.117789932838486,0.113372828500247,25.104719070528,7.34811500370015e-19,41.2145199757895,0.577182407376879,38.1373211347349,1.55216316605874,1.69005449605159,2.85999006245529,2.75274087563798,0.545754762402782,1.59741630515221e-20,0.0498367475327572,0.0647316395950845,0.0831796119565294,0.0047314677508634,0.207653495797607,0.0569839550083338,0.268241282008829,10,1e-05,170.10957221802,3.83502528126536,10.6471606113643,11.0840884595205,1.9381464862239,10.0677580952324,17.0371358857586,1.28111296205279
"487",50.6,1,0.431,2935744907.38503,0.103185408207867,4,1.03331543695515,3.03217175807925e-23,1.66577184807464,0.0231927826072948,1.54473288754247,0.0630706762725753,0.0677060754925141,0.116112553392856,0.107558712273985,24.096814988354,7.07099490187129e-22,38.8456366761947,0.540853423423069,36.0230199475403,1.47080200583182,1.57889906255359,2.70773339569732,2.50825865690063,0.523843804094652,1.53717280475463e-23,0.0470138227963005,0.0606507786300372,0.0786293406828198,0.00448682460364232,0.195242247781778,0.0542968780990818,0.251249752007718,10,1e-05,171.022203327033,3.7830727308134,10.5338472253779,10.9401287948727,1.91780798979374,9.79300675923724,16.7945197227427,1.21541344869603
"488",50.6,1,0.436,2969802272.89994,0.0990737378523856,4,1.03269658840321,3.01552665150572e-18,1.63482941970226,0.0226342326249352,1.51921546627589,0.0622293399308274,0.0658524573977405,0.114454629248319,0.102027317260349,23.1227631041958,6.7519646312544e-17,36.6049174675746,0.50679551468344,34.0162441954462,1.39335628829364,1.47448029686196,2.56271523311562,2.28445945659169,0.502668763134692,1.46781839809878e-18,0.0443414821847286,0.0568256214572446,0.0743077132046175,0.00425379224467954,0.183514431349117,0.051722692602451,0.235274188864415,10,1e-05,171.91762865462,3.73184615118502,10.4218797155103,10.7983490336522,1.89777074957545,9.52489943800919,16.5547175744768,1.15290868504195
"489",50.6,1,0.441,3003859638.41484,0.0950966277161539,4,1.0320916759917,3.7485452421652e-17,1.60458379466089,0.0220949159477615,1.49413656256013,0.0614020114417178,0.0640434330334268,0.112815626772896,0.096764592906154,22.1815469610435,8.05631265699237e-16,34.4854547538142,0.474860351164702,32.1117407489936,1.31964207441971,1.37641107899879,2.42461515911178,2.07964894170059,0.482207542631381,1.75137231673747e-17,0.0418116961768687,0.0532394144185903,0.0702036460700524,0.00403183157756054,0.172434060061932,0.0492569182493032,0.220254790653852,10,1e-05,172.796415735001,3.68132312438666,10.3112218942747,10.6586801114649,1.87802484690288,9.26324215395486,16.3176522564316,1.09343989983954
"490",50.6,1,0.446,3037917003.92975,0.091250304111217,4,1.03150019542112,3.91378003070241e-22,1.57500977116215,0.021573940100047,1.46948374235166,0.0605882311288924,0.0622777265851693,0.111195059137157,0.0917572635972613,21.2721836741882,8.07121976738767e-21,32.4807472548507,0.444910062471463,30.3045294729938,1.2494849606323,1.28432669679694,2.29312774939626,1.89227047493188,0.46243877552583,1.75461299291036e-22,0.0394169058042208,0.0498765902132872,0.0663066312052419,0.00382043120495672,0.161967081781508,0.0468952681354188,0.206135394778589,10,1e-05,173.659095992265,3.63148196823177,10.201842088205,10.521058297774,1.85856084751718,9.00785037327889,16.0832533535984,1.03685707864905
"491",50.6,1,0.451,3071974369.44466,0.0875311014423426,4,1.03092165491019,1.01925652835851e-18,1.54608274391696,0.0210704595210121,1.44524448516612,0.059787523984789,0.0605541010405313,0.109592418799187,0.0869927773221781,20.3937219978416,2.01629621269713e-17,30.5846535621074,0.416816439728129,28.589868210654,1.18271852887919,1.19788297836987,2.16796039875247,1.72089363733775,0.443341782561773,4.38325263629811e-19,0.0371499715465562,0.0467226766937042,0.0626066636252766,0.00361910302114573,0.152081253289234,0.0446336250017103,0.192863308001212,10,1e-05,174.506198127565,3.58230179126,10.0937042886946,10.3854170067624,1.83936777955833,8.75854517450245,15.8514474551144,0.983018383740613
"492",50.6,1,0.456,3106031734.95957,0.0839354584409533,4,1.03035560009601,4.43075829337999e-18,1.51778000242663,0.0205836727882691,1.421407494321,0.058999483217906,0.0588713822701161,0.108007263974279,0.0824592627957278,19.5452415411852,8.40488866626747e-17,28.791396631459,0.390460202685318,26.9632666647962,1.11918559979839,1.11675559993623,2.04883446295932,1.56420386175452,0.424896555243156,1.82714971005815e-18,0.035004169824459,0.04376421361439,0.0590942674173264,0.00342738578004129,0.142746039885291,0.042468050666517,0.180388987160543,10,1e-05,175.338202547735,3.53376244663874,9.98678054766369,10.2516991812409,1.82043822506944,8.51515673154959,15.6221706612397,0.931789669591724
"493",50.6,1,0.461,3140089100.47447,0.0804599144715651,4,1.02980157843505,2.95984291944223e-19,1.49007892372652,0.0201128207924982,1.39796096702447,0.0582236644712374,0.0572284301395808,0.106439099261846,0.0781454843507765,18.725850804726,5.38216080413552e-18,27.0955067435153,0.365730340008669,25.4204392841509,1.05873566036837,1.04063837832821,1.93548226600671,1.42099285110777,0.407083713146218,1.17003495742076e-19,0.0329731378579981,0.0409886771544671,0.0557603996722279,0.00324483774398611,0.133932536169178,0.0403947548738394,0.168665916545859,10,1e-05,176.155602004131,3.48584473130806,9.88103410880885,10.1198419258402,1.80176179520254,8.27752013538897,15.3953513172333,0.883043973163775
"494",50.6,1,0.466,3174146465.98938,0.0771011056004596,4,1.02925917801337,4.62692982204712e-18,1.46295890171714,0.0196571821495605,1.37489453213615,0.0574596829682476,0.0556241619822137,0.104887529452504,0.0740408055633312,17.9346866497807,8.0623557488319e-17,25.4918392221161,0.342523447738886,23.9573308036497,1.00122634905266,0.969242671445667,1.82764945349447,1.29014992087682,0.389884492386537,1.75268603235476e-18,0.0310508858535818,0.0383844050350552,0.0525965014421875,0.00307104075138096,0.125613329379767,0.0384101168194564,0.157650331197677,10,1e-05,176.958835720643,3.43852984236191,9.77644059485637,9.98979112617697,1.78333055923823,8.04547878910739,15.1709322600101,0.836661102865643
"495",50.6,1,0.471,3208203831.50429,0.0738557617594931,4,1.02872798448002,1.59393882485653e-17,1.43639922309375,0.0192160734492033,1.35219717610474,0.0567071347800129,0.0540575243331878,0.103352077548252,0.0701351502651248,17.1709124997801,2.66050739403651e-16,23.9755170915872,0.320743209831505,22.5700668627967,0.946521591820997,0.902295878291941,1.72509109018603,1.17065399846209,0.373280706516959,5.78371172616633e-18,0.0292317351041743,0.0359405370211597,0.0495943948643919,0.00290559516466645,0.117762473478292,0.0365106448842188,0.147301110962048,10,1e-05,177.748359132215,3.39179996192485,9.67296425644918,9.86148928079582,1.76513535859003,7.81888031955228,14.9488444965792,0.79252719799591
"496",50.6,1,0.476,3242261197.0192,0.0707207024362364,4,1.02820763215715,1.31728276050758e-18,1.41038160783053,0.0187888425346397,1.32985979683733,0.0559656997796082,0.0525275253181408,0.101832407924906,0.0664189711496368,16.4337179151984,2.10539706414344e-17,22.5419582300167,0.300299792095064,21.2549878881345,0.894492993769367,0.839541068228361,1.62757502874433,1.06156636262354,0.357254737286922,4.57695013944227e-19,0.0275103428216795,0.0336469465155033,0.0467463529282077,0.0027481235171426,0.110355343167822,0.0346930086472285,0.137579519106391,10,1e-05,178.524558943379,3.3456371640395,9.57058661307491,9.7348907494493,1.74717141191401,7.59758126201589,14.7290394822584,0.750534373990896
"497",50.6,1,0.481,3276318562.5341,0.0676928345952362,4,1.02769773250726,3.70868483292046e-17,1.38488660848673,0.0183748736589416,1.30787168272082,0.055234959714536,0.0510331834729958,0.100328052641372,0.0628832145947988,15.722316612236,5.67376139051285e-16,21.1867994274477,0.2811094860265,20.0085803767883,0.84501648415372,0.78073527158152,1.53487680163349,0.962023928030435,0.341789491570348,1.23342638924192e-17,0.0258816289162393,0.031494199417631,0.0440449584658104,0.00259826112019992,0.103368620617737,0.0329539872486558,0.128449177564605,10,1e-05,179.28787291629,3.30002505701534,9.4692697986998,9.60993565601257,1.72942713176017,7.38143965753411,14.5114495340481,0.710580324921226
"498",50.6,1,0.486,3310375928.04901,0.0647691490280476,4,1.02719794623831,1.68246205555602e-16,1.3598973011439,0.0179735788631975,1.28622416255274,0.054514612272,0.0495735793864723,0.0988386729791175,0.0595192954309634,15.0359465306343,2.46275896479375e-15,19.9059423571021,0.263094150198464,18.8275276497351,0.797975500498017,0.725649512556776,1.44678346322168,0.871233190173616,0.326868402839876,5.35382383650816e-17,0.0243408111642264,0.0294734913362869,0.0414832056207134,0.00245566504270353,0.0967801786997484,0.0312905051388918,0.119875778527439,10,1e-05,180.03866417115,3.25494717703877,9.36899413191952,9.48658082855325,1.71189751949787,7.17032252245936,14.2960256596996,0.672568038369886
"499",50.6,1,0.491,3344433293.56392,0.0619467175477447,4,1.02670792828063,4.63111515796193e-17,1.33539641297643,0.0175844005416676,1.26490781647532,0.0538043049532843,0.0481478104836725,0.0973638679718672,0.0563190660337751,14.373868044414,6.48354184724243e-16,18.6954939164165,0.246180871953847,17.7086565142356,0.753258018485404,0.674067332545815,1.36309007846567,0.788464568409233,0.31247539226987,1.40946561896574e-17,0.022883349235512,0.02757660872754,0.0390543917650941,0.00232000567605297,0.0905690379553755,0.0296995970642457,0.111827063487969,10,1e-05,180.777318487965,3.2103879869989,9.26972938905584,9.36477529532034,1.69457422743732,6.96409930835839,14.0827098634509,0.636405446181659
"500",50.6,1,0.496,3378490659.07883,0.0592226907789256,4,1.02622735878391,1.42072948039202e-17,1.31136793786765,0.0172068054028483,1.24391408034264,0.0531037281319643,0.0467550190268966,0.0959032860885275,0.0532747933658699,13.735363691618,1.90155095296939e-16,17.5517787612717,0.230301529340523,16.6489541994645,0.710757721503045,0.625784515727545,1.28360104841504,0.713047314722884,0.298594862861262,4.13380641949866e-18,0.0215049532940501,0.0257958794678747,0.0367521505728941,0.0021909700241067,0.0847153006044424,0.028178419664432,0.104272628545268,10,1e-05,181.504189369765,3.16633182300252,9.17145109600301,9.24447490514419,1.67745039515781,6.76264595205032,13.8714512998446,0.60200516503433
"501",5.06,1,0.001,0.0147553618529089,0.743489878345364,4,0.0357850978633164,1.24523144798589,14.0508272925922,0.732335240026336,2.98388098810407,0.139365716957048,0.336667369524802,0.0733846935861377,11.5562084935218,6.01292392087614,209.234636977117,2360.94241961916,123.053347504436,501.377680702414,23.4174419877757,56.5697846440519,12.3307355809299,1941.77483461798,0.130715737410351,45.4857906471993,3.7749894008971,17.3014055379881,1.3852720173813,0.079809803802179,9.61596352359976,0.339896578621082,52.4713127298975,10,1e-05,12.5238061467706,8.80557707379587,3.95943133382336,9.59347722048028,1.22262183937222,48.6955683280674,10.614362080299,130.585155976797
"502",5.06,1,0.006,0.0885321711174536,0.77664488400456,4,0.205356373463227,1.0756601841502,14.0508278808084,0.732335274727136,2.98388090773169,0.139365717644756,0.33666736186005,0.0733846882985034,11.5562091934964,36.0445087676357,188.80175124217,2466.22581126282,128.540764455396,523.735980171927,24.4617137848598,59.0924424291818,12.8806084572742,2028.36598918709,0.783576277557297,41.0438589656892,3.94333068413112,18.0729419141647,1.44704654128014,0.0833688254746029,10.0447758767331,0.355053841132271,54.8112109603466,10,1e-05,12.5238033678798,8.80557542452181,3.9594306544511,9.59347623360912,1.22262189747705,48.6955672194376,10.6143613154955,130.585163886509
"503",5.06,1,0.011,0.162308980381998,0.809803205085004,4,0.361057334498947,0.919959226458519,14.0508280477957,0.732335284411215,2.98388089958254,0.139365715519815,0.336667363331338,0.0733846873516879,11.5562093785126,66.0790973934531,168.3668202102,2571.51966270793,134.028726075947,546.096527432693,25.5060895021619,61.6153540313512,13.4305370348721,2114.96571889775,1.43650211724898,36.6014826543914,4.1116887080365,18.8445543958012,1.5088272333152,0.0869281989759017,10.4736308083143,0.370212619026835,57.151339242082,10,1e-05,12.5238022634746,8.80557510430399,3.95943066623211,9.59347568114656,1.22262169720879,48.6955674322448,10.6143611785481,130.585165977192
"504",5.06,1,0.016,0.236085789646543,0.842961525858923,4,0.504509138407865,0.776507421155832,14.0508279808146,0.732335287969642,2.98388082148068,0.139365717070556,0.336667350784527,0.0733846835899829,11.5562093861515,96.1136852455866,147.931889010695,2676.81347110925,139.516686623912,568.457061037976,26.5504658782134,64.1382629616707,13.9804650569331,2201.56541678877,2.08942794012145,32.1591063066729,4.28004644174742,19.6161659833034,1.57060781555149,0.0904875748348258,10.9024855177416,0.385371389809205,59.4914670937292,10,1e-05,12.5238034186553,8.80557580492542,3.95943064779548,9.59347616834632,1.22262163295164,48.6955656174741,10.6143606344551,130.585166063511
"505",5.06,1,0.021,0.309862598911088,0.87611984669567,4,0.637102561656187,0.643913996465482,14.0508279279568,0.732335287763736,2.98388079626797,0.139365716736969,0.336667347268604,0.0733846825764064,11.5562093567027,126.148272894366,127.496958002289,2782.10728150266,145.004646490259,590.817603987286,27.594841906383,66.6611734968681,14.5303935677953,2288.1651076149,2.74235375857317,27.7167300004976,4.44840420165714,20.3877776639867,1.6323884443837,0.094046949374512,11.331340290295,0.400530166653875,61.8315942553187,10,1e-05,12.5238039548204,8.80557615771599,3.95943066421924,9.5934761876608,1.22262160919424,48.6955651089309,10.6143604878514,130.58516573074
"506",5.06,1,0.026,0.383639408175632,0.909278168794166,4,0.760025532222352,0.520991031255763,14.0508281742582,0.732335298812193,2.98388080373188,0.13936571681255,0.336667349859524,0.0733846821866042,11.5562096074397,156.182865063765,107.062024214004,2887.4011565868,150.492608875085,613.17815412453,28.6392180533763,69.18408533031,15.0803222125761,2374.76485887228,3.39527967529924,23.2743530900009,4.61676224801357,21.1593904611532,1.69416915891594,0.0976063251862576,11.7601953431577,0.415688949297704,64.1717233130443,10,1e-05,12.5238023860077,8.80557525467318,3.95943047018579,9.59347585254607,1.22262155577481,48.6955654836815,10.6143604314704,130.585168564069
"507",5.06,1,0.031,0.457416217440177,0.942439805192052,4,0.874309765996005,0.406706798289963,14.0508282152718,0.73233530169076,2.98388079052751,0.139365719413391,0.336667338899137,0.0733846888945036,11.556209661244,186.220457572669,86.6250487196527,2992.70551615322,155.981118227719,635.540934992678,29.6836991286959,71.7072464907781,15.6303073307143,2461.37322790969,4.04827081679715,18.8315323303593,4.78513692615609,21.9310796996253,1.75595598805488,0.101166058665229,12.1890921869015,0.430849267747744,66.5120858977497,10,1e-05,12.5238021376449,8.80557517564336,3.95943027646221,9.59347637087357,1.22262156284808,48.6955638983711,10.614361401701,130.585169172057
"508",5.06,1,0.036,0.531193026704722,0.975598127136791,4,0.980814457823166,0.300202107758887,14.0508282845551,0.732335306809377,2.98388075963903,0.139365722675193,0.336667343464334,0.0733846740603256,11.5562097629657,216.255049075339,66.1901147848117,3097.99935756397,161.469079549619,657.901476638956,30.7280759945504,74.2301587239345,16.1802328296782,2547.97295195012,4.7011967190291,14.3891553880025,4.95349471018541,22.7026919147718,1.81773663347778,0.104725435037752,12.6179483275728,0.446007999726386,68.8522131937086,10,1e-05,12.5238018297225,8.80557495310467,3.95943053373346,9.59347680755563,1.22262171496081,48.6955645586812,10.6143592560855,130.585170321512
"509",5.06,1,0.041,0.604969835969266,1.0087564480229,4,1.08031742374117,0.200699143416983,14.0508283639954,0.732335311561119,2.98388076358978,0.139365716144117,0.336667346332724,0.0733846796593996,11.556209848016,246.289639766947,45.7551814378091,3203.29319896699,166.957040689382,680.262025051005,31.7724506433776,76.7530705581277,16.7301627471082,2634.57267094954,5.35412260362929,9.94677857343676,5.12185273641732,23.4743040819466,1.87951732202426,0.108284806191143,13.0468029214293,0.461166801221717,71.192341436284,10,1e-05,12.523801596666,8.80557487371642,3.95943026575516,9.59347547674531,1.22262143752014,48.6955649735652,10.6143600659356,130.58517128258
"510",5.06,1,0.046,0.678746645233811,1.04191476875601,4,1.17348714749296,0.10752942094662,14.0508284270658,0.732335317356723,2.98388071292484,0.139365726003034,0.336667336361124,0.0733846696790024,11.5562099569608,276.32423132153,25.3202471377746,3308.58703722014,172.445002120843,702.622560558588,32.8168290488979,79.2759794002027,17.2800890773764,2721.17239645062,6.00704850698978,5.50440155169013,5.29021044170501,24.2459163583542,1.9412979326714,0.111844188455621,13.4756582254325,0.476325546916583,73.5324697614423,10,1e-05,12.5238012171161,8.80557470623036,3.95943037123862,9.59347729358996,1.22262172153225,48.6955635312729,10.6143586223709,130.585172513657
"511",5.06,1,0.051,0.752523454498356,1.07507308495077,4,1.26090948511751,0.020107068428302,14.0508276712298,0.732335251384092,2.98388106299966,0.139365714821068,0.336667383931422,0.0733846971739768,11.556208815408,306.358786102027,4.88534438710399,3413.88066304027,177.932945450755,724.983189612703,33.8612023470063,81.7989017282739,17.8300242880552,2807.77180790262,6.65997361091363,1.06203138850087,5.45856785031685,25.0175250971425,2.00307876326359,0.115403550885283,13.9045119750039,0.491484401425316,75.8725829766587,10,1e-05,12.5238031357166,8.80557527587198,3.95943096582401,9.59347645027889,1.22262157450839,48.6955704118409,10.614362599244,130.585159614111
"512",5.06,1,0.056,0.8263002637629,1.10455003159567,4,1.27194768297495,8.13048272507938e-18,13.5973841489773,0.695179993649477,3.15285663692949,0.138948516757939,0.356797317205323,0.0836627985985409,10.9076457123614,317.514146872471,2.02959863889763e-15,3394.29198664993,173.536604972747,787.04226493378,34.6854830179844,89.0667102862799,20.8846027848005,2722.85713406642,6.90248145374937,4.41217095412528e-16,5.25625522755144,23.9153928207798,2.12038321429957,0.116072877802326,13.9364166840413,0.529921398552837,70.4794728729069,10,1e-05,13.7747861891417,9.20300270516169,4.43731303078495,10.2846102332308,1.33574014108802,51.6071639605779,12.100987189293,123.256396549684
"513",5.06,1,0.061,0.900077073027445,1.12245295637925,4,1.26034570339619,4.8314658364635e-18,13.0172851427474,0.647732364323129,3.36381392520124,0.138637497276027,0.380005259054631,0.0978817289501999,10.0830766730781,319.717399949146,1.22561904326314e-15,3302.15158350691,164.313098244606,853.31337202171,35.1687795222443,96.3975939812104,24.8300857440601,2557.81810396751,6.95037825976405,2.66438922448508e-16,4.93274049642107,22.140021677966,2.23438648271169,0.115330884630337,13.758683481028,0.574696339680651,63.2325287835811,10,1e-05,15.4757490748863,9.66099465008755,5.10763627466728,11.2064357753038,1.48884399657368,54.9639606696619,14.1576132753569,113.938766405783
"514",5.06,1,0.066,0.97385388229199,1.13002029241715,4,1.2492189358034,3.31706228153232e-17,12.4609467901394,0.602385968994265,3.55904388813081,0.138626737870457,0.399174042713737,0.112659819349731,9.29928888471543,319.031260851288,8.47126577791527e-15,3182.33373824285,153.84009135578,908.924950233174,35.4031320715371,101.942897674833,28.7715813331857,2374.89504271975,6.9354621924193,1.8415795169381e-15,4.61134420805257,20.3378233541477,2.32314955818771,0.114172094900446,13.4879426661016,0.61730812840518,56.6547621950698,10,1e-05,17.2388607204337,10.0408717159628,5.82124897126992,12.1394024422678,1.64600194406011,57.7365335381149,16.2951162707452,105.081964397284
"515",5.06,1,0.071,1.04763069155653,1.12892953275821,4,1.23864963476422,7.65316680649431e-24,11.9324817382292,0.559537471510186,3.73618534573172,0.138930491483823,0.414156672887854,0.127707195455555,8.56300248588971,316.026682674163,1.95261424209664e-21,3044.43041354502,142.759313037632,953.243134724029,35.4464580730946,105.667136021908,32.5829679359833,2184.74796536105,6.87014527552529,4.24481356977531e-22,4.29853617965006,18.5679577771266,2.38640547926486,0.112733553565064,13.1329632354059,0.656693865405887,50.73649272461,10,1e-05,19.0642770452161,10.3411548526375,6.5722734247654,13.0790346706461,1.80614199890854,59.9036211664993,18.4715687506915,96.7619280905537
"516",5.06,1,0.076,1.12140750082108,1.12078893374954,4,1.22868375624522,0,11.4341878055457,0.519430413061132,3.89378730569793,0.139542421251067,0.425018661922738,0.142719407174376,7.87811960546338,311.223505499506,0,2896.26032190451,131.570840091482,986.289701307749,35.3458579450594,107.656504119929,36.1505830754676,1995.51429559825,6.76572838042404,0,3.99906266543304,16.8733863966069,2.42518252031534,0.111117151411162,12.706651706796,0.691919683826961,45.4497030369228,10,1e-05,20.953653398683,10.5639715017323,7.35383608798032,14.0200923434003,1.96806084261609,61.4746992605048,20.6429350537017,89.0227515417362
"517",5.06,1,0.081,1.19518431008562,1.10705455290936,4,1.21932940918107,2.25248093719148e-23,10.9664704577605,0.482148161288995,4.0313025078093,0.140437471909667,0.432003833216098,0.157405018227617,7.24564797207815,305.069303308222,5.63557956570217e-21,2743.7487172118,120.6307356718,1008.6090257661,35.136659044929,108.084909158576,39.381842910004,1812.82003223647,6.63194137626569,1.22512599254395e-21,3.71582876053465,15.2811814118637,2.4414514599029,0.109390163325656,12.2239656779707,0.722258433742503,40.7498048008773,10,1e-05,22.9111801143676,10.7144979499332,8.15886060746732,14.9570297022065,2.13051327456918,62.4850344363764,22.7670618364425,81.8758220844831
"518",5.06,1,0.086,1.26896111935017,1.08899379728506,4,1.21057271503641,1.10924558825048e-16,10.5286357497619,0.447677520820337,4.14878118241521,0.141574279077606,0.435472485830448,0.17148885680952,6.66484454914573,297.937196191204,2.72999313751154e-14,2591.22989973237,110.17907779875,1021.06731611115,34.8432136601596,107.175264926432,42.2055681094105,1640.30220849888,6.47689556937401,5.93476769024249e-15,3.45041528669668,13.8066122484418,2.43770494384855,0.107591209991735,11.7005196219371,0.747187951700855,36.585816573356,10,1e-05,24.9417525515451,10.79982761898,8.97961346473744,15.8831044999371,2.29206986931422,62.986740350516,24.8041482489289,75.3127434053468
"519",5.06,1,0.091,1.34273792861471,1.06767336142141,4,1.20238178226634,5.48038174193914e-20,10.1190891135739,0.415924979426036,4.24674979777966,0.1428987128031,0.435855200649079,0.184730008952049,6.13354514653628,290.127725815623,1.32238421676125e-17,2441.67730678118,100.360276719542,1024.71600876671,34.480627683329,105.169323100422,44.5742759725927,1479.98874467132,6.30712447425268,2.87474829730706e-18,3.20329829758677,12.4555197799467,2.41665775228493,0.105735914071663,11.1511003887771,0.766412308457826,32.9032112404824,10,1e-05,27.0513848605261,10.8281731632521,9.80806985330294,16.7906898179066,2.45117743128443,63.0420962218828,26.7193484948244,69.30906015586
"520",5.06,1,0.096,1.41651473787926,1.04397046712802,4,1.19471469858463,0,9.73573492911373,0.386749122688571,4.32603307304276,0.144347300046995,0.433608425069753,0.196929284902863,5.64876295177743,281.877790804342,0,2297.02326164261,91.2485536740462,1020.67267358512,34.0569159264731,102.304412155982,46.4629688065779,1332.75402362654,6.12777806096396,0,2.97420648993836,11.2272990664514,2.38101489317391,0.103823606328356,10.5888530295112,0.779849932028909,29.6481962766889,10,1e-05,29.2466852906787,10.808076101515,10.635847892024,17.6712350971539,2.60615989363777,62.7171226020891,28.4838517683501,63.831021355085
"521",5.06,1,0.101,1.4902915471438,1.01859350349839,4,1.18752466957109,9.60890225977825e-18,9.37623347740919,0.359981646148264,4.38763104550831,0.145850659838558,0.429181599265411,0.207935126472072,5.20708097336392,273.370710489237,2.21198978436882e-15,2158.42893466633,82.8685423488332,1010.0420201868,33.575132817907,98.7985190762126,47.8671093880267,1198.68114047484,5.94284153237471,4.80867344428005e-16,2.76238619287211,10.1171487756433,2.33332751656161,0.101843276534576,10.0248322347237,0.787613963157395,26.7700215071451,10,1e-05,31.534605629,10.7478340306929,11.4542479539419,18.5154769616712,2.75525722018894,62.076826517749,30.0757366929205,58.8400149990124
"522",5.06,1,0.106,1.56406835640835,0.992106699381982,4,1.18076375495958,4.44089209850063e-25,9.03818774945649,0.335442770642552,4.4326293990247,0.147336783243507,0.422994562762994,0.217645642433159,4.80493697415357,264.746260760318,9.95719569287026e-23,2026.50733533079,75.2116745231029,993.866938918886,33.0352809970079,94.842197131366,48.7996601885264,1077.3442966495,5.75535349478953,2.16460775931962e-23,2.5668054916999,9.11778224861353,2.2759145217495,0.0997786471277806,9.46788588883183,0.789982976651001,24.2222845384723,10,1e-05,33.9221621261929,10.6551207956943,12.2543070067578,19.3137375480387,2.89668542913122,61.1819335580394,31.480265721532,54.2957878079353
"523",5.06,1,0.111,1.63784516567289,0.964954555975119,4,1.17438546665409,1.13028803537041e-15,8.71927335222525,0.312951532531688,4.46214595007074,0.148734150180613,0.415424715216981,0.226007650873217,4.43881175432967,256.109665073256,2.46492909180635e-13,1901.49677540102,68.2483856081816,973.103582451952,32.4359032611667,90.5957095846041,49.2876874013479,968.014867353131,5.567601414636,5.35854150392684e-14,2.38630250904671,8.22064318744452,2.21083443290195,0.0976122338274987,8.92476573622744,0.787366915242719,21.9634463945984,10,1e-05,36.415967204496,10.536758963451,13.0269144188343,20.0563076337039,3.02870143607031,60.0870308089842,32.6897466223021,50.1585728239253
"524",5.06,1,0.116,1.71162197493744,0.93748403063471,4,1.16834634647379,0,8.41731731972832,0.29233240588372,4.4772955705298,0.149974790004601,0.406800858343043,0.233012296707409,4.10534500697609,247.539165507727,0,1783.38872837484,61.9368734465806,948.610840103525,31.7753673617262,86.1894636859917,49.3686394056651,869.805156848642,5.38128620668972,0,2.21968260231396,7.4167258769943,2.13988293927425,0.0953285235588957,8.4003593177644,0.78026902963634,19.9568640825979,10,1e-05,39.0218002693008,10.3986454351249,13.7629962161075,20.7338997092824,3.14968506276292,58.8396761507378,33.7028985957597,46.3903985788298
"525",5.06,1,0.121,1.78539878420198,0.909963869625299,4,1.16260707683031,0,8.13035384151309,0.273419373337511,4.479178656107,0.150997190934257,0.397402873798981,0.238689092833041,3.80140292667744,239.092278193897,0,1672.02218292843,56.2291957243561,921.151307839842,31.0528493253095,81.7266300463676,49.0868498246856,781.765485679141,5.19765822160645,0,2.06578413023001,6.69711065552894,2.06461198621219,0.0929163265762008,7.89798801971541,0.769250110787399,18.1705336207985,10,1e-05,41.7439210507188,10.2457546885315,14.4537818832556,21.3381298459901,3.25821740640525,57.4803516662846,34.523990387371,42.9558530714551
"526",5.06,1,0.126,1.85917559346653,0.882600441845253,4,1.15713308029851,8.11727285028364e-17,7.8566540149562,0.256057947713804,4.46888106476799,0.151749127328065,0.387464498811,0.243098772667243,3.52410685957638,230.81067395562,1.61913374455797e-14,1567.14870493579,51.0752898605835,891.397426923893,30.2690493834404,77.2866523540861,48.4903530220014,702.945489330072,5.01762334686131,3.51985596643037e-15,1.92351540079724,6.05327974040605,1.98635511542947,0.0903704224225343,7.41970453020616,0.754895761316325,16.576663195774,10,1e-05,44.5843690546735,10.0822071674641,15.0911507909115,21.8620341720306,3.35315971495524,56.0428651080231,35.16180647859,39.8224075132131
"527",5.06,1,0.131,1.93295240273107,0.855550775577756,4,1.15189487713905,2.8354498198305e-19,7.59474385768784,0.24010609430846,4.44748238049439,0.15219001412683,0.377178099872977,0.246325908006533,3.27084153746752,222.7240295476,5.48246912097722e-17,1468.47771349359,46.42558787668,859.940622000086,29.4266203244362,72.929073588263,47.6282166906139,632.431849202935,4.84182672929566,1.19184111325592e-17,1.79187498486556,5.4772947811798,1.90625601767519,0.0876924415105139,6.96657181669907,0.737789157996974,15.1512034441602,10,1e-05,47.5422238786252,9.91136606565231,15.668044444996,22.3005161090412,3.43372042528551,54.5550403656274,35.628579334065,36.960509373383
"528",5.06,1,0.136,2.00672921199561,0.828932935871525,4,1.14686819946457,1.37626244432065e-20,7.34340997315196,0.225434298174357,4.41606665420598,0.152292853765657,0.366700039789473,0.248471787548765,3.03924815726823,214.852962142608,2.57827414681098e-18,1375.7059317678,42.2326007067882,827.300819848619,28.5303670988335,68.6971613681177,46.5484173234938,569.369234913303,4.67071656831756,5.60494379741517e-19,1.66995907630229,4.96187689156856,1.82529498469193,0.0848911623042534,6.53890215873178,0.718489610783645,13.8733737244309,10,1e-05,50.6129652517616,9.73594637484752,16.1788842021245,22.6507410271048,3.49950586117467,53.0394937551494,35.9389593510533,34.343504177131
"529",5.06,1,0.141,2.08050602126016,0.802831647942974,4,1.14203342787211,5.94047136248722e-17,7.10167139545482,0.211923806873604,4.37572732342616,0.152045252548172,0.356155060513537,0.249648146251871,2.82718879812648,207.210490832424,1.07783884145183e-14,1288.52692020112,38.4514454390147,793.931757431462,27.5870833903249,64.6207572391005,45.2961477814533,512.965001057149,4.50457588766139,2.34312791619962e-15,1.55694970950895,4.50038180282156,1.74430365206855,0.0819818064889267,6.13641648297652,0.697515046090265,12.725109031213,10,1e-05,53.7883696910681,9.55810025083958,16.6199794630502,22.9123923008069,3.55054904049931,51.5142679526779,36.1091078738706,31.9472334188292
"530",5.06,1,0.146,2.1542828305247,0.777315150922187,4,1.13737719286723,8.44735935503372e-17,6.86885964278302,0.199471172116222,4.3275872685395,0.151449512533941,0.345645493989264,0.249971246896517,2.63280969919698,199.806718498364,1.48397485310115e-14,1206.67471939586,35.0417439223412,760.24120807486,26.6056241564852,60.7206583276395,43.9132548767116,462.514168321837,4.34362431518182,3.22603228935032e-15,1.45215259950766,4.08696156036341,1.66401510043822,0.0789861586964844,5.75856147115641,0.67534033739889,11.691108058183,10,1e-05,57.055147746084,9.37958537715526,16.9896240382289,23.0876074038471,3.58728043465439,49.9941642506071,36.1558411511123,29.7507496009259
"531",5.06,1,0.151,2.22805963978925,0.752424611330965,4,1.13288883187454,1.33170860555026e-19,6.6444415922986,0.187979234092668,4.27276358655035,0.150521219096261,0.335249008389063,0.249557490789346,2.4543927911727,192.645437214993,2.26454334565821e-17,1129.87375246683,31.9654856860058,726.57474068775,25.5958265692782,57.0084106929885,42.4367427506904,417.364492481071,4.18794428728246,4.92292031664827e-18,1.35491811648545,3.71624961262555,1.58502574673877,0.0759292387380943,5.40439079629476,0.652378110220696,10.7578026318658,10,1e-05,60.3973538191844,9.20174065664107,17.2884040763966,23.1809315676025,3.61051930521594,48.4904165733941,36.0959954677709,27.7346385402515
"532",5.06,1,0.156,2.30183644905379,0.728188654479021,4,1.12856166328685,2.41739701619815e-16,6.42808316483158,0.177361660401124,4.2123705256136,0.149287200745059,0.325026620524706,0.248519297949229,2.29042130734642,185.728110593313,3.97832564208126e-14,1057.87373413322,29.1885212386671,693.232496098286,24.5682895601754,53.4898376281633,40.8989788999728,376.936091056987,4.03756762159376,8.64853400452448e-15,1.2646767039461,3.38350304562251,1.50783791110905,0.0728386712735464,5.07282455104218,0.628985384714485,9.9135268837129,10,1e-05,63.7958042663728,9.02562232303668,17.5189054263553,23.1988475770987,3.62137798384103,47.0118503926935,35.9458312553765,25.8817607730145
"533",5.06,1,0.161,2.37561325831834,0.70462393142894,4,1.12439150186416,3.97732760644575e-17,6.2195750931477,0.167540576860065,4.14748777823944,0.147782308438395,0.315024420098756,0.246961849518706,2.13953740229025,179.053734274992,6.33369568507434e-15,990.436288592982,26.6800005866686,660.466726511581,23.5335949638563,50.1660664572602,39.3274418265083,340.710651820071,3.89247248423895,1.37689036632051e-15,1.18091392036636,3.08450228775275,1.43285587666039,0.0697423781467474,4.76267854355123,0.605461377081582,9.14814577808187,10,1e-05,67.2296640417177,8.85204319531879,17.685426556978,23.1492175209823,3.62118200192555,45.565132123084,35.7205619143857,24.1767726458799
"534",5.06,1,0.166,2.44939006758288,0.681739959407495,4,1.12037618434232,2.66453525910038e-25,6.01880921711623,0.158446550464314,4.07914335780683,0.146046444419586,0.3052771116945,0.244981271740456,2.0005374919712,172.619978462233,4.10533556019639e-23,927.33738180697,24.4123719432866,628.486796140099,22.5018475423892,47.03503089603,37.7450560289373,308.229274776734,3.75260822743985,8.92464252216606e-24,1.10316802269859,2.81552675531135,1.36039942455841,0.0666672372160274,4.47274699532169,0.582052956696664,8.45290404003202,10,1e-05,70.6772935032447,8.6816320138054,17.7935246890986,23.0407377027706,3.61136585177348,44.1552814354925,35.4340911445395,22.6060736592746
"535",5.06,1,0.171,2.52316687684743,0.65953213121758,4,1.11651311758778,1.55431223427787e-19,5.82565587931736,0.150014218690887,4.00826050422011,0.144120599674091,0.295806177547739,0.242662385221662,1.87230174416082,166.421038370362,2.31676862461891e-17,868.338835748767,22.3602586047479,597.44830997812,21.4817895737224,44.0911713874173,36.169862660698,279.074554071583,3.61784866022527,5.03645353178023e-18,1.03099035723292,2.57320244268242,1.29068117429205,0.0636364696298907,4.20172775085643,0.558949610743815,7.81997324335447,10,1e-05,74.1188738633742,8.51480177331983,17.8495553389824,22.8822826260894,3.59338377057555,42.785405520505,35.0986873984612,21.1570097090173
"536",5.06,1,0.176,2.59694368611197,0.63799503257166,4,1.11280062423381,0,5.64003121478097,0.142186275651918,3.93567181450648,0.142044981587913,0.286626597617251,0.240078970873901,1.75385191186347,160.451247133862,0,813.218489078936,20.5013950898682,567.472229252158,20.4810223399896,41.3277940790952,34.6162371303971,252.882430525557,3.48807058986656,0,0.963978972384705,2.35459760661237,1.22385122613852,0.0606703119306117,3.94840034816183,0.536300670797426,7.24265687816525,10,1e-05,77.5357020489605,8.35186637246471,17.8601233970396,22.6824564180866,3.56863171886221,41.4576710793592,34.7250223472011,19.8185266040573
"537",5.06,1,0.181,2.67072049537652,0.617123150507887,4,1.10923749080754,2.77988422546431e-16,5.46187454098416,0.13491222206987,3.86211897813352,0.139857623650681,0.277748440272022,0.23729482061078,1.64432919534407,154.705166507427,3.87709985946052e-14,761.766724716878,18.8161849488258,538.649085101386,19.5059192765471,38.7375283071068,33.0954687685634,229.33431665164,3.36315579363971,8.42847795534895e-15,0.901770412050532,2.15715694196344,1.16000653286011,0.0577857299438807,3.71162886187334,0.514222055166626,6.71519357989035,10,1e-05,80.9106156996989,8.19305829892497,17.8317890164863,22.4493455824284,3.53841423824122,40.1735344009453,34.3223228531432,18.580919907388
"538",5.06,1,0.186,2.74449730464106,0.596901399000943,4,1.10582065536362,8.02382003331173e-16,5.29103277498152,0.128144086246312,3.78820267785038,0.13759159883724,0.269173356832686,0.234362142021107,1.5429268853897,149.174892548135,1.08241104512672e-13,713.758819613466,17.2866008640314,511.02746605241,18.5610676310999,36.3114094383895,31.615386440628,208.140398916633,3.24293244669859,2.35306748940591e-14,0.844003188992784,1.97856106629643,1.09916525125685,0.0549947501882087,3.49025240188194,0.492789844327567,6.23237485526122,10,1e-05,84.2303987342295,8.03847492578224,17.7706989087218,22.1900984842997,3.5038805571133,38.9332343322797,33.898140221933,17.4350738049036
"539",5.06,1,0.191,2.81827411390561,0.577314693195797,4,1.10254680461151,5.01985827475768e-16,5.12734022984805,0.121839132797899,3.71442534410379,0.135275697084519,0.260899818879176,0.231324298078414,1.44892966986319,143.852722273856,6.54956574389853e-14,668.980080485373,15.8967318749242,484.632666112173,17.6498423483784,34.040413549382,30.1816030552953,189.046375647175,3.1272330929099,1.42381863997794e-14,0.790345330551542,1.81678200247054,1.04130756312002,0.0523061138567176,3.28319718518595,0.472056485281675,5.78967749607773,10,1e-05,87.4841680866812,7.88815768898035,17.6824663023,21.9109723842507,3.46603399487561,37.7365498026841,33.4587464740619,16.3729052694541
"540",5.06,1,0.196,2.89205092317015,0.558346467127143,4,1.09941188122844,1.27350600871232e-16,4.97059406054099,0.115958638677105,3.64118673714044,0.132933853566574,0.252923038986972,0.228216229811103,1.36169293241243,138.73071919514,1.60699013267515e-14,627.220881109126,14.632391749841,459.467887688162,16.7744313351115,31.9154228717966,28.7977619982799,171.826995016132,3.01588519989434,3.49345681016337e-15,0.740485633771914,1.67002890791157,0.986377172619859,0.0497253161879354,3.08945452950342,0.452053117894966,5.38312025847645,10,1e-05,90.6637848700972,7.74209617751321,17.5720328384,21.6172514769312,3.42572066582585,36.5827883590756,33.009195479878,15.3871301362605
"541",5.06,1,0.201,2.9658277324347,0.539981035183726,4,1.09641163770682,3.6342657563141e-17,4.82058188550278,0.110468030890476,3.56881063992025,0.130586094136117,0.245236774916111,0.225066537733278,1.28064350232309,133.801376992309,4.4351021626136e-15,588.283152059106,13.481045018538,435.522354400456,15.9361672300417,29.9276449140564,27.4661556188778,156.284244123376,2.90872558678932,9.64152644046434e-16,0.694138878474888,1.53673269174548,0.934297721651678,0.0472555374466359,2.90809970804697,0.432796911671145,5.00922454042481,10,1e-05,93.7630169214735,7.60024908974649,17.443722944651,21.3134139305408,3.38365439499774,35.4710471238664,32.5536240177414,14.4712715762509
"542",5.06,1,0.206,3.03960454169924,0.522194977921543,4,1.09354019097406,9.04511779384723e-16,4.67700954765444,0.105333896818906,3.49751655813641,0.128247471546403,0.237830150180345,0.221896659432502,1.20523387487715,129.055310269336,1.06746920958421e-13,551.962262829634,12.4310920147649,412.763141499517,15.1352619394229,28.0677784650855,26.1873705851476,142.23695933008,2.80555022324644,2.32058523822655e-14,0.651022151113402,1.41545728353558,0.884953825482471,0.0448968272591842,2.7382037697761,0.414284938265803,4.66477376743278,10,1e-05,96.7789068323203,7.46248933773857,17.3011734643869,21.0029977823301,3.34040405945011,34.399752922085,32.095132820317,13.6191427861118
"543",5.06,1,0.211,3.11338135096378,0.504975534285163,4,1.09079303318597,3.9919752280369e-17,4.53965165924479,0.100528977252627,3.42750087555151,0.125930847002168,0.230695650845412,0.218724839134645,1.13501440245008,124.486177608442,4.55582060140621e-15,518.085342993619,11.4728163238387,391.161723412154,14.371791265026,26.3280190567012,24.9618565057806,129.53291797148,2.70622125235742,9.90395782914394e-16,0.610898588641924,1.30500427954828,0.838247455349661,0.0426489759923423,2.57900668287349,0.396515978148249,4.34711953477449,10,1e-05,99.7084721200606,7.32875356187075,17.1474854381989,20.6889998733856,3.29644658832536,33.3678189382805,31.6363607324351,12.8256627476859
"544",5.06,1,0.216,3.18715816022833,0.488302767677979,4,1.08816445204576,1.00902560551043e-19,4.40822260286033,0.0960265670615697,3.35888716283102,0.123645603220694,0.223822311200333,0.215564667732512,1.06955008708066,120.085939278738,1.11352459057284e-17,486.475689238915,10.5971486934922,370.674780931823,13.6450867996365,24.7002302101482,23.7889461940255,118.031724498327,2.61056389736387,2.42070563168008e-18,0.573533370067661,1.20426619101467,0.794055018169395,0.040509685581594,2.42973909524258,0.379475175981096,4.05377355059065,10,1e-05,102.551073229977,7.19890497510094,16.985251205264,20.3737627342726,3.25215923593966,32.3736590920162,31.1792735408305,12.0859159840115
"545",5.06,1,0.221,3.26093496949287,0.472160367507139,4,1.0856490984811,3.10861011522599e-24,4.2824549241165,0.0918033161204024,3.2917662909091,0.121398932512464,0.217200139533892,0.212426782126194,1.00846051017508,115.847707874915,3.31714323743782e-22,456.973240921614,9.79617056997902,351.258597455895,12.9542667973534,23.1770452813129,22.6676886988562,107.611049232758,2.51842843206337,7.21118095095178e-23,0.538716862341214,1.11228114693167,0.752257578872452,0.0384761204020705,2.28972012622858,0.363145860767654,3.78257763737135,10,1e-05,105.306740390556,7.07282492523693,16.8166014886404,20.0591513360904,3.20784014530598,31.4158281821821,30.7254097667327,11.3956037649784
"546",5.06,1,0.226,3.33471177875742,0.456526018438931,4,1.08324071667741,2.14655948036404e-16,4.16203583829359,0.0878364196014809,3.22617239242924,0.119195296952235,0.21081652900544,0.20931827721724,0.951378371339015,111.763231135422,2.21471017158324e-14,429.417548867527,9.06251206669855,332.85994998761,12.2979604795405,21.7509701174009,21.5963881686932,98.1583494565672,2.42963545946569,4.81458732952878e-15,0.506243338541785,1.02816112819697,0.712720299455424,0.0365440700511531,2.15826769128604,0.347502016329193,3.53150159280461,10,1e-05,107.977323370713,6.95034011457765,16.6432392133806,19.7465139965574,3.16370931660033,30.4925027553468,30.2757956167016,10.7505755961309
"547",5.06,1,0.231,3.40848858802196,0.441387377104493,4,1.08093463668402,2.96505444758157e-18,4.046731834573,0.084107482646658,3.16215427589201,0.117038993259309,0.204662924964297,0.206246070903227,0.898004651842588,107.827064328263,2.9577469886335e-16,403.675855169479,8.39001974222102,315.436105894876,11.6750547413309,20.4158527507586,20.5737771739427,89.579149446402,2.3440666158318,6.4298847578989e-17,0.475943234834238,0.951166376183646,0.67533465893479,0.0347101336559047,2.03483108707125,0.332525072945553,3.29887538636408,10,1e-05,110.563634810453,6.83134799915921,16.4666590641388,19.4370667862576,3.11996161020951,29.602445466836,29.8314316954427,10.1474525658212
"548",5.06,1,0.236,3.48226539728651,0.426726241651427,4,1.0787253135508,2.70301792560262e-16,3.93626567615331,0.0805982471000381,3.09971240319059,0.114932050001665,0.198728350665268,0.203214161114036,0.848046100983766,104.032410134629,2.60679401794999e-14,379.613975936569,7.77290547752446,298.936669027126,11.084061913806,19.1653880947087,19.5980002402941,81.7856767449085,2.2615741333615,5.66694351728258e-15,0.447648139892346,0.880605958147647,0.639978790479335,0.0329698490302342,1.91885082591968,0.318188793833699,3.08310445045211,10,1e-05,113.068083014206,6.71569871526874,16.2879996305049,19.1316052652131,3.07672753620077,28.7440686402244,29.3928962635342,9.58292094111656
"549",5.06,1,0.241,3.55604220655105,0.412527927964573,4,1.07660783600768,3.96408888425506e-21,3.83039180032017,0.0772927723148677,3.03884425439978,0.112875951659616,0.19300335816218,0.200225843527699,0.801246256216878,100.37356075902,3.69577206453744e-19,357.112451945356,7.20610654938991,283.315435950457,10.5235730348685,17.9939562478237,18.6673180323295,74.7012394778334,2.18203392954391,8.03428709682053e-20,0.421209233385503,0.815877677228422,0.606542383939149,0.0313190163234321,1.80983379757133,0.304469284646995,2.88279737261198,10,1e-05,115.492887300552,6.60326730885924,16.1082076269408,18.8307718296209,3.03411150664174,27.9160057245777,28.9606660078464,9.05408269525072
"550",5.06,1,0.246,3.6298190158156,0.398772712596563,4,1.07457682808282,4.5785948331862e-16,3.72884140352046,0.07417525937567,2.97951915798192,0.110870965427816,0.187476826406693,0.197282749862595,0.757354269480181,96.8436931579271,4.12635022021321e-14,336.053005499276,6.68486968186645,268.522111730784,9.99198333279808,16.8959052310334,17.7796408723348,68.2547609148073,2.10529767734624,8.97032656568089e-15,0.396480818643565,0.756419445890295,0.574908452418088,0.029752875747025,1.70728350352126,0.291337701744241,2.69662276981532,10,1e-05,117.841173090345,6.49388472475017,15.9280502201982,18.5349765275848,2.99218708321077,27.1166481714641,28.5349769401257,8.55810324512604
"551",5.06,1,0.251,3.70359582508014,0.385449813962201,4,1.07262815210602,4.30787173859133e-24,3.63140760542946,0.071233135707897,2.92172268768601,0.108917438921933,0.18214111788082,0.194386711497236,0.716167500551106,93.4384166996539,3.75265849408149e-22,316.337937221017,6.205236552881,254.516107410403,9.48797868475188,15.8666147604586,16.9333487230334,62.3865383468228,2.03126992825335,8.15795324800324e-23,0.373342967606189,0.701763641284454,0.544982574351187,0.0282675492852204,1.61080213744228,0.278772736703427,2.5234912213014,10,1e-05,120.115135782347,6.38745736251173,15.7481415734398,18.2445783130823,2.95100897056869,26.3448912902818,28.1160939509602,8.09269275622749
"552",5.06,1,0.256,3.77737263434469,0.37254341633652,4,1.07075722654756,1.36872367690219e-19,3.53786133096899,0.0684536990231296,2.86541753159204,0.107014830429589,0.176986965351264,0.191538271020498,0.677484334217541,90.1522034853802,1.15239432782724e-17,297.869569968677,5.76344632625839,241.253290637668,9.01009353908221,14.9013842904925,16.1265287370077,57.0406662147559,1.95983051055174,2.50520506049401e-18,0.351676828198515,0.651468307460157,0.516664138146295,0.0268587196382593,1.51998231708033,0.266748718594923,2.36234343698799,10,1e-05,122.317732873635,6.28384840723744,15.5689737094568,17.9597679676291,2.91061386034084,25.5993946684068,27.7040955204049,7.65557297665822
"553",5.06,1,0.261,3.85114944360923,0.360039649747137,4,1.0689598858131,7.5888014955207e-16,3.44799429063809,0.0658256195477433,2.81056673355892,0.10516238695616,0.172006060339331,0.188737725299804,0.641124780282833,86.9801550913064,6.17492891733208e-14,280.559712421311,5.35616225943686,228.692894489181,8.5569541463767,13.9959543884844,15.3573925794889,52.1676571422165,1.89087293676753,1.34237585159393e-14,0.331375649498629,0.605142362084033,0.489860914379529,0.0255223501504084,1.43445697829398,0.255241931048305,2.21223689497359,10,1e-05,124.451737641681,6.18293799715476,15.3909405324835,17.680668654297,2.87102400241917,24.8789565674808,27.2990245873636,7.24471001719601
"554",5.06,1,0.266,3.92492625287378,0.347925177471345,4,1.06723218802596,2.16164733568211e-16,3.36160939516315,0.0633385126482704,2.75713001081521,0.103359112964403,0.167190504533153,0.185984948577334,0.606924240718747,83.9176303433867,1.6997268643487e-14,264.327011260734,4.98037629538603,216.796138321327,8.1272397250411,13.1463716272359,14.6241992504135,47.7231146610032,1.82429631181276,3.69505840075805e-15,0.312341436299234,0.562434240105596,0.464485886620784,0.0242545668141073,1.35388635522425,0.244229391989383,2.07231573125572,10,1e-05,126.519908523774,6.08461115436292,15.2143507314802,17.4073359959759,2.83225216411492,24.1824345756752,26.9008629622255,6.85824392012184
"555",5.06,1,0.271,3.99870306213832,0.336187182650264,4,1.06557041829576,2.55470453808771e-16,3.27852091487663,0.0609828505229564,2.7050653506555,0.101603800562853,0.162532829381414,0.183279565580652,0.574732000285236,80.9602324063635,1.94102116182963e-14,249.096456376909,4.63337351184865,205.526275601509,7.71968437345936,12.3489686035285,13.9252704185228,43.6671622217948,1.76000505231225,4.21961122136876e-15,0.294484245305622,0.523027455687124,0.440457189214615,0.0230516614952926,1.27795573459505,0.233689009925763,1.94180125468745,10,1e-05,128.524951242133,5.98875829432035,15.0394459685156,17.1397676080636,2.7943004760314,23.5087484417277,26.5095563655855,6.49447160322317
"556",5.06,1,0.276,4.07247987140286,0.324813350572787,4,1.06397108235378,1.59941809782096e-16,3.19855412269952,0.0587498803187538,2.65432986394228,0.099895155275192,0.158025945467192,0.180620989726181,0.54440987081793,78.1037947508465,1.17409791398316e-14,234.798876437629,4.31270047669113,194.848561518945,7.3330853005488,11.6003397223666,13.2589926016218,39.963940294911,1.69790858154014,2.5523867695286e-15,0.277721442959121,0.486636683120858,0.417697882801984,0.0219101149692115,1.20637314281694,0.223599591953579,1.81998410008077,10,1e-05,130.469495533858,5.89527510374723,14.8664119117857,16.8779268580118,2.75716632333933,22.8568727523746,26.1250199539948,6.15183154024261
"557",5.06,1,0.281,4.14625668066741,0.313791848385757,4,1.06243087053949,2.37198912278746e-17,3.12154352735836,0.0566315473476443,2.60487922951874,0.0982317243203756,0.153663146196835,0.178008369282294,0.515830966023988,75.3443651426008,1.68214252369027e-15,221.370370398201,4.01613704973079,184.730110225031,6.96629504188203,10.8973228442959,12.6238120009009,36.5811628160207,1.63792098136089,3.65683157323972e-16,0.261976971183552,0.453004286445156,0.396135551291792,0.0208265729478038,1.1388678421526,0.213940771265097,1.70621693942417,10,1e-05,132.356126776742,5.80406180128234,14.6953819208466,16.6217323808086,2.72083920361382,22.2258374659103,25.747130532991,5.82888991607106
"558",5.06,1,0.286,4.22003348993195,0.30311130675506,4,1.06094674732354,3.2752939466463e-15,3.04733737019887,0.0546204335135111,2.55667302584643,0.0966122167327026,0.149438170782899,0.175441005260485,0.488878675473216,72.6781998252014,2.24367969967527e-13,208.752225203419,3.74167204098466,175.140169408998,6.61824168929168,10.2369862248704,12.0182624340215,33.4897318418255,1.57996086576525,4.87756456451145e-14,0.247181112067242,0.421897355276619,0.375702753707618,0.019797902807565,1.07518829865285,0.204693296344822,1.59990744822532,10,1e-05,134.187210599982,5.71502313463671,14.52648496245,16.3711152464745,2.68531298251534,21.6147370220386,25.3757870008766,5.52432903284734
"559",5.06,1,0.291,4.2938102991965,0.292760799786032,4,1.05951577107508,3.66839934960306e-16,2.9757885580328,0.0527096975615189,2.50966681502822,0.0950350832039739,0.145344988555614,0.172917789161837,0.463445616989244,70.1017387028431,2.42715757220503e-14,196.8898978431,3.48748130649737,166.049446455892,6.28789561443521,9.6165972113419,11.4409223570089,30.6633883440851,1.52395084136615,5.27642950479354e-15,0.233269335832951,0.393105016897441,0.356335560750922,0.0188210991174082,1.01510059984471,0.195838567125626,1.50051445104325,10,1e-05,135.965172056545,5.62806908252912,14.3597764690696,16.1259507713877,2.6505679600978,21.022699144684,25.0108290243681,5.23693547197846
"560",5.06,1,0.296,4.36758710846104,0.282729826653847,4,1.05813521255798,1.37430550842808e-18,2.90676062712468,0.0508930270861509,2.46381879126116,0.0934988172883391,0.141377957355003,0.17043771092598,0.439432843444682,67.6116030603642,8.78139177458094e-17,185.733111780248,3.25190874006628,157.430483505706,5.97428839536543,9.03361897489802,10.890448329176,28.0784143936056,1.469817457834,1.90899821186542e-17,0.220182278581829,0.366436154698113,0.337974264163596,0.0178933352450601,0.95838716716189,0.187358976938304,1.40754149630211,10,1e-05,137.692278391735,5.54311476436023,14.1953051580877,15.8861054821637,2.61658681606814,20.4489077518276,24.6521105083337,4.96559113092491
"561",5.06,1,0.301,4.44136391772559,0.2730082910303,4,1.05680252859991,1.49795558018392e-17,2.84012642730662,0.049164580859506,2.41908910272952,0.0920020341563868,0.137531747655423,0.167999737349363,0.41674905825494,65.2045826174408,9.24236702146809e-16,175.235442063748,3.03344843312649,149.257492283683,5.67651389429431,8.48569147009874,10.3655625883273,25.713364289283,1.4174909264661,2.00921022205828e-16,0.207865232212952,0.341717262461324,0.320562949081575,0.0170119670242209,0.904845328350397,0.179237763344326,1.32053292933992,10,1e-05,139.370660693538,5.46007804431137,14.0331107407807,15.6514594559936,2.58335272815642,19.8925919808803,24.2994820102118,4.70926435828082
"562",5.06,1,0.306,4.51514072699013,0.263586483475745,4,1.0555153043906,4.31751410868527e-17,2.77576521953564,0.0475189587325567,2.37543775448886,0.090543272250703,0.133801304563937,0.165602752743392,0.395309907261637,62.8776222186475,2.5719666964595e-15,165.353847656799,2.83073028214806,141.5061222792,5.39371209809865,7.97061667011143,9.86504627839467,23.5488267244372,1.36690483084016,5.59123194882499e-16,0.196267590365775,0.318790707832858,0.304048989828949,0.0161744860727033,0.854286228328196,0.171458940355301,1.23907017843255,10,1e-05,141.00239877141,5.37888233109001,13.8732006976362,15.4218689101885,2.55084448866121,19.3530206921279,23.9527821568042,4.46700195205649
"563",5.06,1,0.311,4.58891753625468,0.254455063751283,4,1.05427127324448,8.94745704069022e-16,2.71356366212012,0.045951150959971,2.33282610401464,0.0891211171198907,0.130181853275536,0.163245625582653,0.375037372778594,60.627814074073,5.14540019884357e-14,156.048483308174,2.64250568861392,134.153467794001,5.12507421566197,7.48634758103401,9.38774079063393,21.5672158434849,1.31799595813202,1.11856526061817e-14,0.185342577500187,0.29751303415513,0.288383011212575,0.0153785338235403,0.806533741942017,0.16400729662562,1.162768159007,10,1e-05,142.589473257911,5.29945334207572,13.7155702153427,15.1971888862634,2.51904144443098,18.8295032577736,23.6118472842749,4.23792231239811
"564",5.06,1,0.316,4.66269434551922,0.245605043072041,4,1.0530683583207,2.33125235073517e-16,2.65341791687974,0.0444565158639142,2.29121944895716,0.087734308251715,0.126668921394808,0.160927434094777,0.355859232584954,58.4523912877137,1.29400217487189e-14,147.282577718523,2.46763625555123,127.178121627388,4.86984541389515,7.03097885228372,8.93255720040449,19.7525858051341,1.27070415842856,2.81304820624323e-15,0.175047076722157,0.277753615229975,0.273518962342825,0.0146219081046396,0.761423299102275,0.156868485056097,1.09127182322345,10,1e-05,144.13367951948,5.22172139139264,13.5602331326868,14.9772932144326,2.48792655196531,18.321392790545,23.2765440674685,4.02120932820998
"565",5.06,1,0.321,4.73647115478377,0.237028612482097,4,1.05190460772407,5.25324044005904e-21,2.59523038619722,0.0430308846915145,2.25058274503407,0.086381460209741,0.123258509003536,0.158647066365398,0.337710266328577,56.3489166569135,2.81408034114501e-19,139.022511797645,2.30509850166134,120.560266204936,4.62732235063849,6.60276930065279,8.49848004737771,18.0906210618338,1.22497644906334,6.11756595901088e-20,0.165341767670825,0.25939511354572,0.259414331071383,0.0139025602814443,0.718805474643251,0.150029284545335,1.02426102869162,10,1e-05,145.636770095972,5.14562872886677,13.4071530309821,14.7620245935262,2.4574751198052,17.8281107422715,22.9467116790912,3.81612600951292
"566",5.06,1,0.326,4.81024796404831,0.228714904777667,4,1.05077789001314,4.19358320372949e-16,2.53889450232859,0.0416698271294956,2.21087394986444,0.0850611475608485,0.119945645726644,0.156403065985068,0.320523068076201,54.3142557028443,2.16764506184717e-14,131.234361240982,2.15389538294952,114.279120431619,4.39677401181284,6.19993866863552,8.08440698967846,16.5676990766652,1.18074468919227,4.7122718735808e-15,0.156186937870646,0.242323460092388,0.246024593505502,0.0132183540315094,0.678524082170074,0.143474780196229,0.961413772202448,10,1e-05,147.100736767302,5.07108812815272,13.2562992115804,14.5512216310404,2.4276659231253,17.3489381979017,22.6221394640802,3.62191066926107
"567",5.06,1,0.331,4.88402477331286,0.22065842381994,4,1.04968668637148,5.91814510620594e-18,2.48433432109641,0.0403700383214334,2.17206746468387,0.0837722736561017,0.116727416000147,0.154194725585885,0.304245185606114,52.3466193966085,2.95130817062519e-16,123.89078079089,2.01320551977612,108.318406200424,4.17762307743759,5.82105660464369,7.68950651466327,15.172343463007,1.13796998688279,6.41588732744607e-17,0.147550705572152,0.226444638648763,0.23331496189111,0.0125676110381698,0.64045719436827,0.137194367433524,0.902471131514308,10,1e-05,148.526908713018,4.99806394382504,13.1076390888032,14.3447610684569,2.39847801814363,16.8834534502612,22.3027251087424,3.43797059734909
"568",5.06,1,0.336,4.9578015825774,0.212850586554299,4,1.04862928900955,1.11831686552694e-16,2.43146445109579,0.0391279031901232,2.13413098126493,0.0825136849959447,0.113599923345137,0.1520210179898,0.28882120486168,50.4435071890765,5.37957745765004e-15,116.963731419977,1.88221775469261,102.660733038983,3.96925749253243,5.46463713153711,7.3128544035826,13.8935224072929,1.09659798237123,1.1694733603587e-15,0.139400324619215,0.211665992028929,0.221248293663393,0.0119485440363823,0.604474745898009,0.1311756683878,0.847168063932021,10,1e-05,149.916851533446,4.92649058304347,12.9611587847367,14.1425121726427,2.36989435371553,16.4310929126406,21.9883200420447,3.26367961493698
"569",5.06,1,0.341,5.03157839184195,0.205283930652563,4,1.04760411270561,1.31835034381717e-16,2.3802056354614,0.03794018413346,2.09703316838053,0.0812841933973902,0.110559701158841,0.149880867227346,0.274201166260277,48.6027215454238,6.11637677656441e-15,110.427660905611,1.7602032890633,97.2901098021533,3.7711125508419,5.12932538579909,6.95359818321406,12.7213350630704,1.05658090316139,1.32964712534009e-15,0.13170601352032,0.197904321665509,0.209790501678735,0.0113595066434861,0.570458776648065,0.125407391269437,0.795265764154193,10,1e-05,151.272055918607,4.8563137996726,12.8168080871713,13.9443321698175,2.3418930337954,15.9913551756148,21.6787686357634,3.09847317874113
"570",5.06,1,0.346,5.10535520110649,0.197951258424279,4,1.04660968702832,2.75911144669101e-21,2.33048435116218,0.0368038623041965,2.06074513810167,0.080082713298778,0.107603492785402,0.14777330385221,0.260338533834013,46.8221612455432,1.23434325759202e-19,104.258842071445,1.64649381390565,92.1915231036406,3.58265909586839,4.81385577854429,6.61093198974719,11.6467609278631,1.01787307055529,2.68335490780874e-20,0.124440128576768,0.185083400361918,0.198909618867782,0.0107989555373337,0.538298718760899,0.1198788276089,0.746542712055462,10,1e-05,152.593899242154,4.78748236195919,12.6745469844617,13.7500908051625,2.31445530942131,15.5637691964805,21.3739306691837,2.94182543232435
"571",5.06,1,0.351,5.17913201037104,0.190845623574049,4,1.0456446226136,7.16147787716508e-16,2.28223115959832,0.0357161135011736,2.02523909806027,0.0789081809391103,0.10472819791779,0.145697380923753,0.24718991155306,45.0998142089368,3.08882496726528e-14,98.4351653073689,1.5404756533267,87.3508121936238,3.40339750519056,4.51704352165402,6.28408989850287,10.6615754954121,0.98043074367254,6.71483688535931e-15,0.117576932164115,0.173133288429304,0.188575530857684,0.0102654330764138,0.507890780992609,0.114579776402175,0.700793514954731,10,1e-05,153.883695113473,4.71994645060574,12.5343371602803,13.5596577023481,2.28756171839109,15.1478865468292,21.0736691768116,2.79324600054958
"572",5.06,1,0.356,5.25290881963558,0.183960322485842,4,1.04470759480722,3.97836932296976e-18,2.23537974039577,0.0346743041666836,1.99048761397411,0.077759542809955,0.101930856053345,0.143652128834207,0.234714797415046,43.4337526059768,1.65400835418413e-16,92.9359862102645,1.44158533588342,82.7545880017898,3.23285554919764,4.23777869208787,5.9723419798228,9.75827542037564,0.944212013173409,3.5956703351829e-17,0.111092408777411,0.161989815098461,0.178759796106598,0.00975756178664633,0.479137539981577,0.109500504432117,0.657827571433801,10,1e-05,155.142720121166,4.65366008872247,12.3961268844116,13.3729006121804,2.26119214843728,14.7432790195558,20.7778439145798,2.65227721079002
"573",5.06,1,0.361,5.32668562890012,0.177288877903027,4,1.04379736576061,1.39623260058391e-15,2.18986828794126,0.0336759629488085,1.95646518682273,0.0766358450121795,0.0992086747174245,0.141636643846537,0.222875355186441,41.8221280038463,5.59432514971068e-14,87.7420798845434,1.34930445247058,78.3902509839589,3.07059035107526,3.97502238387107,5.67499597459571,8.93001068911284,0.909176695735788,1.21615764124145e-14,0.104964196855503,0.151593984643436,0.169435669552126,0.00927404940983226,0.451947504317685,0.10463175216749,0.617467660924914,10,1e-05,156.372161212249,4.58857781010257,12.2598721539601,13.1897010243644,2.23532940902839,14.3495427111283,20.4863241659631,2.51849151360679
"574",5.06,1,0.366,5.40046243816467,0.170825034383099,4,1.04291280680316,1.60910248044902e-16,2.14564034183385,0.0327187785047959,1.92314926536476,0.0755362592040704,0.096559030233008,0.139650205938031,0.211636223185975,40.2631692342437,6.21217469599912e-15,82.8355732478619,1.26315614065038,74.2459808998273,2.91618740110955,3.72780212305881,5.39139977819944,8.17052491315445,0.87528628770095,1.35047275999981e-15,0.099171508507535,0.141891566807756,0.16057807542937,0.00881368572235693,0.426234609770752,0.0999647588021951,0.579548829260601,10,1e-05,157.573083683973,4.52465675568206,12.1255474999882,13.0099590421931,2.20995976880873,13.9662981329023,20.1990057868768,2.39148932200152
"575",5.06,1,0.371,5.47423924742921,0.164562745626465,4,1.04205275665907,1.02382046795056e-16,2.10263783303431,0.0318005871319363,1.89051362985178,0.07445974446907,0.0939793382851458,0.137691779151261,0.200964293463066,38.7551721754984,3.80770918350009e-15,78.199583198859,1.18270137639811,70.3104336674222,2.76924579739539,3.49520253452181,5.12091981337531,7.47409931456726,0.842503742945618,8.27762865978281e-16,0.0936947415927078,0.132832662745576,0.152162985610075,0.00837530110607879,0.401917989316698,0.0954910349187068,0.543918057897185,10,1e-05,158.746659812847,4.46185687245844,11.9930804751978,12.8335356245033,2.18506027249519,13.5931714895635,19.9157389364384,2.27089651613265
"576",5.06,1,0.376,5.54801605669376,0.158496165637333,4,1.04121621316272,3.56652476303463e-16,2.06081065684699,0.0309193556656138,1.85853787789976,0.0734055749353204,0.0914672196623244,0.135760684360114,0.190828582235512,37.2965036891716,1.27753392907699e-14,73.818512710545,1.10753544563674,66.5730747785817,2.6293974889854,3.27636801314485,4.86296582887549,6.8355052787042,0.810793558460253,2.77724767190649e-15,0.0885157592867817,0.124371304262437,0.144168081122862,0.00795782037990866,0.378921451827005,0.0912026084323502,0.51043239548969,10,1e-05,159.893841538573,4.40013880531518,11.8624502325622,12.6603422792268,2.16062013308319,13.2298186519586,19.6364253858469,2.15636297926129
"577",5.06,1,0.381,5.6217928659583,0.152619640559278,4,1.04040216079881,9.81053476614817e-17,2.02010803954407,0.0300731777399453,1.82719918175305,0.0723728431333818,0.089020364137556,0.133856063966595,0.181200040441134,35.8855916629157,3.38385345473067e-15,69.677644812264,1.03728521243494,63.0238250109548,2.49628691099097,3.07049385083135,4.61696854745311,6.24995881936828,0.780121557889472,7.35620316245799e-16,0.0836174786357483,0.11646513174638,0.136572037340402,0.00756020543942032,0.357173362778391,0.0870918012884227,0.478958881866578,10,1e-05,161.015652473137,4.33946562084585,11.7335975647934,12.4902575337642,2.13661979128247,12.8759054688561,19.3609410921283,2.04756045698481
"578",5.06,1,0.386,5.69556967522285,0.146927699833901,4,1.03960967660972,6.21719434580647e-17,1.98048383291437,0.0292602605222858,1.79647752211557,0.0713608273090915,0.0866365913080094,0.131977180973578,0.172051431232932,34.5209256231088,2.06446042610827e-15,65.7632731130037,0.971606267168111,59.6532220888707,2.3695833805378,2.87682520860783,4.38238942060833,5.71308135598585,0.750454904850192,4.48795744806145e-16,0.0789839755629922,0.109075069079005,0.129354832817421,0.00718149024944958,0.336606196819907,0.0831513154477125,0.44937338810545,10,1e-05,162.112999747819,4.27980147051804,11.6064852921492,12.3231900645549,2.11304621824139,12.5311165667905,19.0891794560184,1.94418117293213
"579",5.06,1,0.391,5.76934648448739,0.14141504891232,4,1.03883789295042,1.48929265223481e-15,1.94189464909969,0.0284789190218353,1.76635405892212,0.07036881634878,0.0843138309798765,0.130123392494876,0.163357192918113,33.2010523862434,4.7597496876883e-14,62.0625666534112,0.910180586176085,56.452324314402,2.24897337092545,2.69465326423298,4.15871773663179,5.22086338643292,0.721762008396596,1.03472819297572e-14,0.0746003497693642,0.102165052373231,0.122497560043957,0.0068207585332559,0.317156285868548,0.0793742078663997,0.421560057123317,10,1e-05,163.186739418946,4.22111216296517,11.4810782899974,12.1590481953323,2.08988564226051,12.1951525129293,18.8210474904589,1.84593627997468
"580",5.06,1,0.396,5.84312329375194,0.136077086733766,4,1.03808596764699,3.10184745028928e-17,1.90429838231518,0.0277276474026245,1.73680906882216,0.0693959874132332,0.0820502490957006,0.128293897845936,0.155094108757911,31.9246954219925,9.53924223833109e-16,58.5636910070236,0.852720030599825,53.4128215353714,2.13416405839452,2.52332590297534,3.94547632939831,4.76967451459227,0.694015117869403,2.07374831268067e-16,0.0704528850723044,0.0957024155296163,0.115982678276591,0.00647715589811759,0.298765479464861,0.0757540817970409,0.395413615056462,10,1e-05,164.237739422583,4.16337219823586,11.3573110510229,11.9977176789803,2.06711880672993,11.8677480292021,18.5564293844362,1.7525634289644
"581",5.06,1,0.401,5.91690010301648,0.130907272557813,4,1.03735297607137,7.21135447054731e-18,1.86764880351865,0.0270047257127836,1.70782023457652,0.0684416481567102,0.079843353492384,0.126487788655737,0.147237210728327,30.6901330236548,2.13348236412249e-16,55.2544712779746,0.79893598756651,50.5259360976053,2.02484914463975,2.36216909408796,3.7421467420029,4.35601929865515,0.66717680486206,4.63800513939671e-17,0.0665273891014462,0.0896544768897344,0.109791597446347,0.00614978375622359,0.281371745152391,0.0722836111795294,0.370825072842364,10,1e-05,165.266957517234,4.10653143361298,11.2351502638241,11.8391058624619,2.04473804155826,11.5485426491384,18.2951937511658,1.66378048123009
"582",5.06,1,0.406,5.99067691228103,0.125902372194832,4,1.03663833400466,2.92194110866543e-18,1.8319167013746,0.0263089731691466,1.67937645662473,0.0675052687331656,0.0776919606165281,0.124704792285274,0.139767685416287,29.4964409311984,8.31407256407736e-17,52.125240790805,0.748593841833295,47.7848704115683,1.92079060402906,2.21064208411196,3.54834219304822,3.97694079192067,0.641226976765183,1.80740707914725e-17,0.0628126869312632,0.0839946536950705,0.103909998620869,0.00583794871561608,0.264927076077885,0.0689577265051566,0.347707777892998,10,1e-05,166.27493683025,4.05057812198228,11.1145681579634,11.683147901309,2.02272779841456,11.2373651835746,18.037301156142,1.57937484520404
"583",5.06,1,0.411,6.06445372154557,0.121057198528732,4,1.03594125821388,2.56485663208126e-21,1.79706291060313,0.0256389908236588,1.65145854242868,0.0665861554241977,0.0755941156948879,0.122944118293954,0.132664756156718,28.3422411224927,7.01717250227167e-20,49.1657127474758,0.701455274900816,45.1821334870036,1.82172575663817,2.06817388290927,3.36361914119273,3.62956536158551,0.616135676575928,1.52547228310254e-20,0.059296819451448,0.0786959737953842,0.0983220536091019,0.00554088151471807,0.249379239683975,0.0657702645208834,0.325970835419481,10,1e-05,167.262499727585,3.99547783266179,10.9955178045408,11.5297472771207,2.00107544978608,10.9339328941086,17.7826372700374,1.49911174457092
"584",5.06,1,0.416,6.13823053081012,0.116367232498632,4,1.03526106807672,5.97281875209875e-20,1.76305340400656,0.0249935278824016,1.62405053821709,0.0656837161917222,0.0735481620889857,0.121205155695292,0.125909616024383,27.2263251816805,1.57079127777872e-18,46.3665318539672,0.65730465343186,42.7108962448736,1.72741569380113,1.93424271355027,3.1875737284189,3.31129630494936,0.59187663438436,3.41476364734505e-19,0.0559689220432049,0.0737340385124741,0.0930133452290714,0.00525788309761495,0.234680616242932,0.0627156626737526,0.305531558892114,10,1e-05,168.230344668585,3.94120290813214,10.8779604324659,11.3788243195727,1.97976912508016,10.6380061645509,17.5311137197671,1.42277866107552
"585",5.06,1,0.421,6.21200734007466,0.111828091478874,4,1.03459710474565,1.22843379783116e-16,1.72985522772745,0.0243714051845065,1.59713654332087,0.0647973466956188,0.0715525043924535,0.119487276698971,0.119484542187623,26.1475264461601,3.10463900090303e-15,43.7188883552419,0.615942146627821,40.3646693123868,1.63763297673371,1.80835708152365,3.01981970869141,3.01975059897956,0.568424487960002,6.74921521935441e-16,0.0528187639203155,0.0690862457366375,0.0879701784012812,0.00498828783383284,0.220786214711002,0.0597885889699448,0.286312559187125,10,1e-05,169.17915958093,3.88772717963429,10.7618522903263,11.2302952558408,1.95879647267447,10.3493542353245,17.2826397017391,1.35017532672014
"586",5.06,1,0.426,6.2857841493392,0.107435525053488,4,1.03394875821002,3.66293987778671e-16,1.6974379096752,0.0237715073614587,1.57070214099664,0.0639265121481822,0.0696056282269437,0.117789937580577,0.113372828457453,25.1047190639731,8.89377503961184e-15,41.2145200741929,0.577182388680205,38.1373212838582,1.55216311783005,1.69005449064414,2.85999017653703,2.75274087358036,0.545754762260285,1.93342935643736e-15,0.0498367477485011,0.0647316374961801,0.0831796124876698,0.004731467613008,0.207653492255338,0.056983956491619,0.26824128521662,10,1e-05,170.109572485479,3.83502510980661,10.6471603164069,11.0840880467307,1.93814644534043,10.0677580667451,17.0371365716547,1.28111296156922
"587",5.06,1,0.431,6.35956095860375,0.103185408215453,4,1.03331544289696,7.69416099390704e-17,1.66577214476089,0.0231927814839585,1.54473317654554,0.0630706918783032,0.0677060812106223,0.116112575384012,0.107558712902265,24.0968151286879,1.79427082325167e-15,38.8456435977448,0.540853397266736,36.0230266897119,1.47080236986399,1.57889919601539,2.70773390872798,2.50825867173647,0.523843807145388,3.90058874619929e-16,0.0470138302240454,0.0606507757657293,0.0786293540807577,0.00448682563536879,0.195242246222378,0.0542968833633418,0.251249733358591,10,1e-05,171.022193648123,3.7830724684199,10.5338498459817,10.9401316693648,1.91780842286087,9.79300758630441,16.7945229035435,1.2154134557956
"588",5.06,1,0.436,6.43333776786829,0.0990737378564188,4,1.03269659694173,9.78657449692367e-17,1.63482984584993,0.0226342310905676,1.51921588184378,0.0622293646483493,0.0658524644226064,0.114454657711439,0.102027318108563,23.1227632963202,2.1912790866584e-15,36.6049270107943,0.506795480348561,34.0162535016722,1.3933568417921,1.4744804542134,2.56271587052812,2.28445947567676,0.502668767311308,4.76365018838782e-16,0.0443414912597029,0.0568256177010738,0.0743077317381651,0.00425379381114483,0.183514427394477,0.0517226988329363,0.235274166577953,10,1e-05,171.91761444594,3.73184579291617,10.4218839535507,10.7983530750336,1.89777189805322,9.52490045408579,16.5547216913825,1.15290869462676
"589",5.06,1,0.441,6.50711457713284,0.095096627746806,4,1.0320916831598,4.24651284539004e-18,1.60458416119076,0.0220949154376318,1.49413691816742,0.0614020339325345,0.0640434387074665,0.112815649448088,0.0967645936247364,22.181547122249,9.12653655892996e-17,34.4854626423304,0.474860340354136,32.1117484019984,1.31964255821405,1.37641120138799,2.42461564722486,2.07964895781457,0.482207546135848,1.9840296867239e-17,0.0418117038854844,0.0532394132834307,0.0702036611212955,0.00403183294925619,0.172434056887648,0.0492569228788587,0.2202547708177,10,1e-05,172.796403166772,3.68132299935336,10.3112256742011,10.6586839852864,1.87802574114119,9.26324297464796,16.3176555361715,1.09343990795952
"590",5.06,1,0.446,6.58089138639738,0.09125030405803,4,1.03150019856979,3.9158685768501e-17,1.57500993204403,0.021573939181302,1.46948389821998,0.060588242055533,0.062277729981648,0.111195069305475,0.0917572638120938,21.2721837267231,8.07552688132816e-16,32.4807505537163,0.444910043265255,30.3045326697353,1.24948518523941,1.28432676609246,2.29312795775649,1.89227047825933,0.462438776667894,1.75554932202786e-16,0.0394169087146944,0.0498765880899016,0.0663066374513109,0.00382043186018553,0.161967083168001,0.0468952702676759,0.206135384856996,10,1e-05,173.659090753796,3.63148175768226,10.201843246126,10.5210600670627,1.85856138930135,9.00785086454557,16.0832548243439,1.03685708107666
"591",5.06,1,0.451,6.65466819566193,0.0875311014267931,4,1.03092165436749,3.76898114487209e-18,1.5460827183956,0.0210704595601279,1.44524446025587,0.0597875227799551,0.0605541006862836,0.109592416788557,0.0869927772580109,20.393721983483,7.45580940160482e-17,30.5846530518101,0.416816440427874,28.5898677127999,1.18271850483502,1.19788297114933,2.167960358593,1.72089363576268,0.44334178224963,1.62082813078366e-17,0.0371499709650291,0.0467226767676978,0.0626066626301354,0.00361910295449306,0.152081253806424,0.0446336245957413,0.192863309046373,10,1e-05,174.506198971668,3.58230180097028,10.0937040258035,10.3854167724525,1.83936775843265,8.75854512326406,15.8514471642968,0.983018383015524
"592",5.06,1,0.456,6.72844500492647,0.0839354584342609,4,1.03035559539462,4.40724112338099e-16,1.51777977046673,0.0205836733076578,1.42140726708093,0.0589994706610955,0.0588713801255992,0.108007243461566,0.0824592624133307,19.5452414504442,8.36027797314161e-15,28.7913922290201,0.390460212506685,26.9632623520354,1.11918536151382,1.11675555916696,2.04883407368182,1.56420385437595,0.424896553270526,1.81745173329165e-15,0.0350041656315931,0.043764214678275,0.0590942587462321,0.003427385096118,0.142746047783177,0.0424680464976668,0.180388993567046,10,1e-05,175.33821010785,3.53376256920589,9.98677874834812,10.2516971900058,1.82043760034569,8.51515642136667,15.6221676942808,0.931789665270636
"593",5.06,1,0.461,6.80222181419102,0.0804599144747596,4,1.0298015800304,4.73893848107496e-17,1.49007900097678,0.020112821045924,1.39796104150146,0.0582236690305846,0.0572284309393323,0.106439104223729,0.0781454844741058,18.7258508344793,8.61725761847872e-16,27.0955081493054,0.365730344631469,25.4204406394452,1.05873574331731,1.04063839291216,1.93548235631014,1.4209928534068,0.407083713793027,1.87331687358233e-16,0.032973139466009,0.0409886776849393,0.0557604022886833,0.00324483797692196,0.133932534565557,0.0403947557087598,0.168665913073498,10,1e-05,176.155599273358,3.48584478690995,9.88103497430862,10.1198428505034,1.80176185683169,8.27752025106502,15.3953520349201,0.883043974557395
"594",5.06,1,0.466,6.87599862345556,0.0771011056714368,4,1.0292591782804,1.8359770416326e-19,1.46295891654353,0.0196571822377418,1.37489454235884,0.0574596888750699,0.055624161380409,0.10488752542351,0.0740408056686744,17.9346866709439,3.19916243367777e-18,25.491839503931,0.342523449590749,23.9573310038329,1.00122645289985,0.969242661851569,1.82764938497234,1.29014992390008,0.389884492846606,6.95470094277777e-19,0.0310508857248115,0.0383844052460357,0.0525965014790724,0.00307104106633142,0.125613330018099,0.0384101159547804,0.157650331720285,10,1e-05,176.95883489961,3.43852986086242,9.77644074543723,9.98979216963411,1.78333082967512,8.04547870206236,15.1709316772565,0.836661104056021
"595",5.06,1,0.471,6.94977543272011,0.0738557617553434,4,1.02872798149455,6.4257661093581e-17,1.43639907493209,0.0192160722992258,1.35219702878865,0.0567071310293363,0.0540575212027641,0.103352065524931,0.0701351500573104,17.1709124489837,1.07255046296239e-15,23.9755146172144,0.320743190618747,22.5700644026166,0.946521529163765,0.902295825990084,1.72509088940302,1.1706539949276,0.373280705412689,2.33163144122258e-16,0.0292317319865027,0.0359405348477618,0.0495943897354628,0.00290559501943877,0.117762474369174,0.0365106430273084,0.14730112124927,10,1e-05,177.748364390883,3.3917997048479,9.67296220309573,9.86148847179921,1.76513540850882,7.8188798667678,14.948842757526,0.792527195647608
"596",5.06,1,0.476,7.02355224198465,0.0707207024280794,4,1.02820763405296,6.68863007478457e-17,1.4103817052824,0.0187888422873589,1.32985989158604,0.0559657061926036,0.052527526728655,0.101832414053647,0.0664189712640145,16.4337179436034,1.06903563480497e-15,22.5419597849781,0.300299788108167,21.2549894000401,0.894493096164323,0.839541090675604,1.62757512651153,1.06156636432918,0.357254737904421,2.32399051044559e-16,0.0275103441695573,0.03364694608079,0.0467463559044064,0.00274812381145308,0.110355342464759,0.0346930095825808,0.137579515365396,10,1e-05,178.524555633031,3.34563710660307,9.57058752837591,9.73489175211052,1.74717175793564,7.59758146603266,14.7290403687195,0.750534375283364
"597",5.06,1,0.481,7.0973290512492,0.0676928345516644,4,1.02769773655732,2.01597256633167e-17,1.38488682791233,0.0183748733916402,1.30787189716583,0.0552349727722284,0.0510331870687842,0.100328067233746,0.0628832148010497,15.7223166640763,3.08415188109047e-16,21.1868027707106,0.281109481756227,20.0085836446137,0.84501668337397,0.780735326089445,1.53487702388814,0.962023930566558,0.34178949269731,6.70467800237059e-17,0.0258816319341861,0.0314941989645112,0.0440449649801601,0.00259826168687643,0.103368619526371,0.0329539893718409,0.128449168090606,10,1e-05,179.287865393982,3.30002499380846,9.46927194540552,9.60993768458764,1.72942783243846,7.38144017762894,14.511451644689,0.710580327251862
"598",5.06,1,0.486,7.17110586051374,0.0647691489117296,4,1.02719794867167,1.30194763080871e-17,1.35989743353659,0.0179735787596102,1.2862242902961,0.0545146220076438,0.0495735810274828,0.0988386811800306,0.0595192954453157,15.0359465392506,1.90576850343777e-16,19.9059442592947,0.263094148209684,18.8275294858083,0.797975641573619,0.72564953527442,1.44678358066697,0.871233188819068,0.326868403027186,4.14297500747342e-17,0.0243408128070222,0.0294734911277911,0.0414832091407926,0.00245566545497216,0.0967801773756696,0.0312905062712605,0.119875773327374,10,1e-05,180.038659590464,3.25494715343343,9.36899519268919,9.48658243263866,1.71189798676059,7.17032275981511,14.2960268458796,0.672568038532068
"599",5.06,1,0.491,7.24488266977828,0.0619467175365105,4,1.02670793077803,3.77358731630238e-19,1.33539653893439,0.0175844003159898,1.26490793911046,0.0538043122834584,0.048147812190095,0.0973638778144656,0.0563190661587095,14.3738680767708,5.28300645536093e-18,18.6954956764321,0.246180868749721,17.7086582279109,0.753258120970929,0.674067356313415,1.36309021601444,0.788464570015318,0.312475392973278,1.1484796642089e-18,0.0228833509921638,0.0275766083807117,0.039054395146756,0.00232000597183569,0.0905690363579711,0.0296995984901861,0.111827059280515,10,1e-05,180.777314314961,3.21038793430159,9.26973038831075,9.36477655902672,1.69457451339786,6.96409955517535,14.0827112870843,0.636405447593417
"600",5.06,1,0.496,7.31865947904283,0.0592226907853795,4,1.02622735891318,0,1.31136793870004,0.0172068059269474,1.24391408095836,0.0531037296949386,0.0467550171854662,0.0959032825605135,0.0532747933773581,13.7353636948451,0,17.5517787743254,0.230301536380335,16.6489542095198,0.710757742499862,0.625784491149433,1.28360100133482,0.713047314954351,0.298594862931415,0,0.0215049529480161,0.025795880257789,0.0367521505817697,0.00219097007183669,0.08471529799841,0.0281784188707928,0.104272631504117,10,1e-05,181.504188852465,3.16633194129314,9.17145198270424,9.24447495347375,1.67745066109576,6.76264568570583,13.8714507895527,0.602005165164146
"601",506,10,0.001,2781964610694820,1.19757461253687,4,0.0164399472768249,1.22216671492542,11.9303331106537,0.559363825502382,3.73688631810759,0.138932421922047,0.414210608683989,0.127770303358014,8.56002800158925,4.44950234877846,330.781697598594,3228.96687584849,151.392861150054,1011.39524169746,37.6023187455757,112.106872679966,34.5812705675185,2316.78752111161,0.0967283119299665,1.30743753991539,4.5586318359562,19.6896342961616,2.53178302809093,0.119583692487743,13.9300264646128,0.696803263398302,53.7976879854056,10,1e-05,19.0720447644348,10.3422448619882,6.57548502366427,13.082973113346,1.80681669840629,59.9114224400522,18.4806966777032,96.7283164179585
"602",506,10,0.006,16691787664168918,1.1926714321903,4,0.0990452087123589,1.13956146286326,11.9303335740823,0.559363860810359,3.73688619161339,0.138932421471477,0.414210599509641,0.127770291903313,8.56002861773528,26.6970163494018,307.161662847932,3215.7467748498,150.773029119331,1007.25429377492,37.4483650012561,111.647875661698,34.4396828100676,2307.30215958958,0.58036992063917,1.21407771876653,4.53996790741896,19.609021384637,2.52141721654981,0.119094086832807,13.8729936413359,0.693950339177136,53.5774311650514,10,1e-05,19.0720428300181,10.3422444866507,6.57548435599734,13.0829723036328,1.80681653056128,59.9114211130745,18.4806950208952,96.7283233804087
"603",506,10,0.011,30601610717643016,1.18776825252566,4,0.182332450589414,1.05627421951401,11.9303335190631,0.559363858880295,3.73688618763662,0.138932420968503,0.414210598319678,0.127770291776021,8.5600285636396,48.9445253446599,283.541630361414,3202.5265354928,150.153187100546,1003.11337959667,37.2944112652794,111.188880870892,34.2980981383744,2297.81661810449,1.06401142053609,1.12071790656685,4.52130370426189,19.5284068366183,2.51105143518347,0.118604479416605,13.8159604257424,0.69109744366397,53.3571691171378,10,1e-05,19.0720430052372,10.3422447839938,6.57548459660667,13.0829724728548,1.80681636594759,59.9114209409583,18.4806950024836,96.7283227691274
"604",506,10,0.016,44511433771117112,1.18286507202931,4,0.266310189573449,0.97229648105982,11.930333562052,0.559363861331116,3.73688617648999,0.138932421953417,0.414210598170616,0.127770289866638,8.560028620475,71.1920388752575,259.921593645202,3189.30632021553,149.533346152029,998.972462808129,37.1404579020565,110.729886283127,34.1565129665451,2288.33110478522,1.54765301902734,1.02735807764902,4.50263944406836,19.4477924665412,2.50068565562639,0.118114874118386,13.7589274155698,0.688244547086688,53.1369079116803,10,1e-05,19.0720429368564,10.3422445671913,6.57548436058868,13.0829723383046,1.80681660262736,59.9114209193978,18.4806947263105,96.7283234113675
"605",506,10,0.021,58421256824591216,1.17796188972399,4,0.350987002877973,0.887619650555511,11.9303327736773,0.559363792163122,3.73688649478681,0.138932421525972,0.414210624354022,0.127770319488692,8.56002746772227,93.4395447783853,236.301559328941,3176.08587864044,148.91348590308,994.831632220786,36.986504103854,110.270898536567,34.0149361409913,2278.84526582463,2.03129445170403,0.933998258217156,4.48397478507588,19.3671752603845,2.49032003503075,0.117625264739376,13.7018936789253,0.685391739823572,52.9166369113612,10,1e-05,19.0720449378597,10.3422445665516,6.57548551282281,13.0829735621882,1.80681685685259,59.9114247065658,18.4806990108444,96.7283103852617
"606",506,10,0.026,72331079878065312,1.17305870884797,4,0.436371717877143,0.802234936180224,11.9303328449729,0.559363814170058,3.73688627504491,0.138932421668053,0.414210601971207,0.127770301274872,8.56002776715816,115.687059532865,212.681521324797,3162.8656705746,148.293650159612,990.690659494988,36.8325505024648,109.811897990323,33.8733466092316,2269.35981717544,2.51493607680142,0.840638424208685,4.46531054876359,19.2865612529576,2.47995407520105,0.117135658797403,13.6448605952731,0.682538788754383,52.6963783481299,10,1e-05,19.0720468814135,10.3422454797684,6.5754852198344,13.0829734157822,1.80681674648955,59.9114214691154,18.4806963763975,96.7283137688872
"607",506,10,0.031,86240902931539408,1.16815552915428,4,0.52247325823518,0.716133411203501,11.9303335131555,0.559363857155429,3.73688619436503,0.13893242143497,0.414210599209692,0.127770292572659,8.56002855124157,137.934585750045,189.061476083543,3149.64562311866,147.67382005521,986.549724967521,36.6785968388397,109.35290278445,33.7317596630729,2259.87449809839,2.99857795108793,0.747278561595031,4.44664675883261,19.2059488732946,2.46958833610566,0.116646053668588,13.5878279094857,0.679685876492997,52.4761223084666,10,1e-05,19.0720431135871,10.3422445622913,6.57548439892012,13.0829723384849,1.80681658396746,59.9114210696898,18.4806951177094,96.7283226290297
"608",506,10,0.036,100150725985013520,1.16325234551475,4,0.609300569479003,0.629306083849478,11.9303327901606,0.559363801815185,3.73688639561162,0.138932420596147,0.414210612212666,0.127770314130529,8.56002758707039,160.182091544803,165.441441847121,3136.42519780925,147.053963507409,982.40886140353,36.5246428925912,108.893911359728,33.5901805774857,2250.38871004272,3.48221938140876,0.653918742478741,4.42798212273343,19.125332036553,2.45922262075702,0.116156444099685,13.5307940824272,0.676833042029872,52.2558532614077,10,1e-05,19.0720458605681,10.3422451295574,6.57548541927193,13.0829733756381,1.80681673550108,59.91142295044,18.4806982358397,96.7283117338954
"609",506,10,0.041,114060549038487616,1.15834916719939,4,0.696862977767367,0.541743683836132,11.9303330818446,0.559363820788852,3.73688635430462,0.138932421149636,0.414210611277909,0.127770308304698,8.56002793536515,182.429606888455,141.821405971607,3123.20505408711,146.434127209725,978.267938392617,36.3706894798626,108.434916755875,33.4485944291675,2240.90327801022,3.96586101931423,0.560558916883822,4.40931805903958,19.0447184467275,2.44885685134631,0.115666838898531,13.4737612561366,0.673980135074684,52.035594146205,10,1e-05,19.072044670148,10.3422446947291,6.5754850483536,13.0829729480386,1.80681675313025,59.9114228152368,18.4806973931915,96.7283156696262
"610",506,10,0.046,127970372091961696,1.15344598753574,4,0.785169837559383,0.453436829319286,11.9303333397219,0.559363846462734,3.73688621000268,0.138932422060243,0.414210599057226,0.127770294040148,8.56002835265322,204.677125698733,118.201365451712,3109.98489727054,145.814292446149,974.12698748598,36.216736116666,107.975919085877,33.3070060550327,2231.41786058256,4.44950273258114,0.467199072931669,4.39065397319843,18.9641049102086,2.43849099110296,0.115177233935435,13.4167283869322,0.67112720018098,51.81533588391,10,1e-05,19.0720444179336,10.3422448386002,6.57548463189354,13.0829727217804,1.80681664624342,59.9114210476372,18.480695329967,96.7283203849814
"611",506,10,0.051,141880195145435808,1.1485423178164,4,0.874239564476762,0.364367101644092,11.9303334015374,0.559363851790586,3.73688616531585,0.138932420344798,0.414210595936093,0.127770291588227,8.56002846497313,226.926856670672,94.5789740135867,3096.76336767526,145.194390393448,969.985648886503,36.0627666826803,107.516877930045,33.1654066278331,2221.93141502401,4.93319253631895,0.373829936812596,4.37198792105734,18.8834825508022,2.42812415381183,0.11468757758299,13.359689616016,0.66827401764485,51.5950533441497,10,1e-05,19.0720446292554,10.3422445196367,6.57548436024176,13.0829722466878,1.80681658682884,59.9114205961966,18.4806949753211,96.7283216541964
"612",506,10,0.056,155790018198909920,1.14363913715783,4,0.964064128533607,0.274542537958457,11.9303334060147,0.55936385291226,3.73688617042102,0.138932420197569,0.41421059603812,0.127770291511257,8.56002846357065,249.174371795343,70.958935616608,3083.54314175593,144.574549067019,965.844736284992,35.9088130137072,107.057883395954,33.0238219420643,2212.44588594411,5.41683416946397,0.280470101251415,4.3533237625302,18.8028681892091,2.41775838871673,0.114197970385685,13.3026564307997,0.665421121771967,51.3747915042195,10,1e-05,19.0720441884798,10.3422447921528,6.57548460706891,13.082972428652,1.80681640217685,59.9114206109537,18.4806949641882,96.7283216383484
"613",506,10,0.061,169699841252384000,1.13873644574376,4,1.05465331014823,0.183953377494876,11.9303343824699,0.559363920197941,3.73688599909307,0.138932420968341,0.414210585734731,0.127770274453396,8.56002966414336,271.419708587158,47.3412178512627,3070.3244850976,143.95478661415,961.704191451046,35.7548749429665,106.598931982716,32.8822470138248,2202.96161267695,5.90042844754691,0.187119438147283,4.33466194792996,18.7222648070215,2.40739365604732,0.113708415788447,13.2456296092411,0.66256847281266,51.1545604102848,10,1e-05,19.0720390046906,10.3422437189506,6.57548325969445,13.0829708155912,1.80681637721989,59.9114191206715,18.4806924969392,96.72833520482
"614",506,10,0.066,183609664305858112,1.13383326518077,4,1.14603488872513,0.0925717959238514,11.9303342339219,0.559363912790005,3.73688599300842,0.138932421129388,0.414210583767576,0.12777027542104,8.56002951341165,293.667220456111,23.7211818497333,3057.10421912691,143.334943035834,957.56327623579,35.6009213556245,106.139936938431,32.7406626176526,2193.47604419117,6.38407000991546,0.093759612054282,4.31599765935267,18.6416498946608,2.39702784846273,0.113218809440888,13.1885963862619,0.659715584057223,50.9342976973457,10,1e-05,19.0720402373845,10.3422440886793,6.57548318791266,13.0829712567547,1.8068162480197,59.9114188361422,18.4806926368992,96.7283335015516
"615",506,10,0.071,197519487359332224,1.12893008457672,4,1.2382102062711,0.000396469200233004,11.9303337729139,0.559363893862807,3.73688592603699,0.138932421159025,0.414210572098934,0.127770271489025,8.56002909868538,315.914722153001,0.10115443775175,3043.88387365423,142.71509652974,953.422345464793,35.4469677331083,105.680939419442,32.5990769680598,2183.99040860492,6.86771135115219,0.000399819912062254,4.29733308051404,18.561034146932,2.38666194258569,0.112729201650582,13.1315628889661,0.656862671705521,50.7140337117266,10,1e-05,19.0720444932302,10.3422454348206,6.57548383121019,13.0829717872721,1.80681642471041,59.9114171483899,18.4806920681725,96.7283288151448
"616",506,10,0.076,211429310412806304,1.12078892776702,4,1.22868375109538,2.54280313590936e-17,11.4341875425574,0.519430392234506,3.89378738335056,0.139542421576157,0.425018666472636,0.142719415123423,7.87811924972924,311.22350253382,6.44087705649375e-15,2896.26023983046,131.570834113838,986.289715712442,35.3458578387362,107.656504697765,36.1505848959841,1995.5141948398,6.76572831595262,2.5458012081003e-17,3.99906250354796,16.8733855022839,2.42518253291515,0.111117150430287,12.7066514550288,0.691919701248145,45.4497003605337,10,1e-05,20.9536545067847,10.5639716186698,7.35383652415237,14.0200928214029,1.96806094019354,61.4746999186021,20.6429362034518,89.0227475219405
"617",506,10,0.081,225339133466280416,1.10705454112906,4,1.21932940243171,1.38777878078145e-22,10.9664701271306,0.482148135109421,4.03130260033662,0.140437472642177,0.432003836945116,0.157405028729178,7.24564752969251,305.069298373291,3.47214377104343e-20,2743.74860529353,120.630727838173,1008.60903818318,35.1366588543056,108.084908941411,39.3818451183681,1812.81990226366,6.6319412689846,1.37238884230966e-22,3.71582856033481,15.2811802922221,2.44145146400452,0.10939016202406,12.2239653086062,0.722258453870748,40.7498015754784,10,1e-05,22.9111815546044,10.7144980320986,8.15886119893211,14.9570303799835,2.13051339266327,62.4850349757415,22.7670633553883,81.8758170855254
"618",506,10,0.086,239248956519754496,1.08899379333639,4,1.21057271333412,6.41391579463232e-17,10.5286356651878,0.447677514122464,4.14878120367981,0.141574278987868,0.435472486264236,0.17148885955409,6.66484443865908,297.937194691934,1.57854547504212e-14,2591.22986952187,110.179075750812,1021.06731764227,34.8432135117329,107.175264644577,42.2055686318473,1640.30217535902,6.47689553678116,6.23931017803211e-17,3.45041523727162,13.8066119613734,2.43770494119652,0.107591209322611,11.7005195107106,0.747187955811974,36.5858158043797,10,1e-05,24.9417529984059,10.7998276034598,8.97961367981144,15.8831046266972,2.29206988247738,62.986740413259,24.8041486459036,75.3127421568476
"619",506,10,0.091,253158779573228576,1.06767340238328,4,1.20238179864132,2.85051103225129e-17,10.119089930038,0.415925033326041,4.24674973212688,0.142898709603325,0.435855211182138,0.184729996066472,6.13354607463418,290.127740897718,6.87811747587667e-15,2441.67759746549,100.360293575676,1024.71603223886,34.48062823411,105.169329676866,44.5742745734942,1479.98902539652,6.30712480212431,2.71862350825165e-17,3.20329876967108,12.4555221874224,2.4166578825384,0.105735917032442,11.1511014470392,0.766412309210473,32.903217328328,10,1e-05,27.0513788794308,10.8281727596457,9.80806828899057,16.7906877272854,2.45117733400968,63.0420977453845,26.7193466310546,69.3090706433662
"620",506,10,0.096,267068602626702688,1.04397047666848,4,1.19471470359559,5.02033243251415e-17,9.73573518004712,0.386749133024357,4.3260331463302,0.144347299307073,0.433608434162969,0.196929291302294,5.64876314103805,281.87779456259,1.18448381842896e-14,2297.0233418388,91.2485569465301,1020.6727002039,34.056916063131,102.304415236332,46.46297074105,1332.75408045972,6.12777814266499,4.68175422303935e-17,2.97420663172749,11.2272996096023,2.38101498816098,0.103823606872765,10.588853265509,0.779849958397529,29.648197290795,10,1e-05,29.2466818662958,10.8080758710287,10.6358477048712,17.6712345669115,2.6061598846592,62.7171239173318,28.4838526939637,63.83102349373
"621",506,10,0.101,280978425680176800,1.0185935347624,4,1.18752467206836,4.25831433166509e-17,9.37623360811238,0.359981679548261,4.38763070961398,0.145850661756053,0.429181576038162,0.207935088456905,5.20708145461307,273.370719454766,9.80273067071753e-15,2158.42903100382,82.868552581094,1010.04197386474,33.5751342898506,98.7985167617041,47.8671021060542,1198.68128805092,5.94284172727753,3.87459710305041e-17,2.76238626559185,10.1171499124805,2.33332738578654,0.101843281589083,10.0248325487299,0.787613886459901,26.7700254292124,10,1e-05,31.5346091354739,10.7478350533538,11.4542469380711,18.5154765488812,2.75525751330729,62.0768231581597,30.0757311944067,58.8400204371277
"622",506,10,0.106,294888248733650880,0.992106698024681,4,1.18076375463238,1.24755803730423e-18,9.0381877282874,0.335442769780399,4.43262939535436,0.147336784664313,0.422994562804298,0.217645638160848,4.80493695432529,264.746260324756,2.79722614806396e-16,2026.50732781188,75.2116742268971,993.866936736225,33.03528127038,94.8421970108735,48.7996591638428,1077.34429072977,5.75535348532079,1.10562298342449e-18,2.56680548035752,9.11778221401439,2.27591451557781,0.0997786477152003,9.46788590231978,0.789982962192171,24.2222843763781,10,1e-05,33.9221620741074,10.6551208697192,12.2543074842582,19.3137378681482,2.8966854673525,61.1819335640137,31.4802651035851,54.2957875838758
"623",506,10,0.111,308798071787124992,0.964954553240682,4,1.17438546524593,0,8.71927324145221,0.312951531195806,4.46214588027351,0.148734146257792,0.415424715905335,0.226007641791773,4.43881171298254,256.109664040415,0,1901.4967458553,68.2483851234543,973.103564473062,32.4359023137637,90.5957094779947,49.2876852812002,968.014855593049,5.56760139218293,0,2.38630246456292,8.22064307804287,2.21083438090166,0.0976122310690408,8.92476582448625,0.787366890086498,21.9634460953705,10,1e-05,36.4159697818005,10.536759222209,13.0269142051376,20.0563070266846,3.02870128437249,60.0870309085476,32.689745308762,50.1585723567027
"624",506,10,0.116,322707894840599104,0.937484027559106,4,1.16834634845919,4.39353939994352e-17,8.41731742806583,0.292332403424427,4.47729570693833,0.149974788727568,0.406800865624433,0.233012308582637,4.10534498139529,247.539165116273,9.30865300689098e-15,1783.38874547769,61.9368727223306,948.610865892482,31.7753669869142,86.1894649459479,49.3686417597223,869.805148575231,5.38128619817986,3.67930948888972e-17,2.2196826484924,7.41672584963714,2.13988301521576,0.0953285217432251,8.4003592743095,0.780269051399465,19.9568637307894,10,1e-05,39.0217964744007,10.3986452262005,13.7629980327036,20.7338995430668,3.14968489347026,58.8396772039179,33.7029003133925,46.3903982897667
"625",506,10,0.121,336617717894073152,0.909963870115525,4,1.1626070771703,8.08445040555778e-17,8.13035385790995,0.27341937388781,4.47917866195506,0.1509971954172,0.397402871604807,0.238689091066422,3.80140293260059,239.092278392623,1.66258205800844e-14,1672.02218720125,56.2291958678186,921.151309538761,31.0528502639642,81.7266296391604,49.0868494878218,781.765487318409,5.19765822592658,6.57147058501358e-17,2.06578414064271,6.69711068138692,2.06461198886228,0.0929163293399649,7.89798799067329,0.769250106512515,18.1705336750424,10,1e-05,41.7439203439949,10.2457547325812,14.4537820163656,21.3381309504554,3.25821734018528,57.4803513489192,34.5239901318473,42.9558531383866
"626",506,10,0.126,350527540947547264,0.8826004418371,4,1.15713308010931,4.76078310903084e-17,7.85665400554139,0.256057948460296,4.46888106017084,0.151749124980204,0.387464497277756,0.243098772606383,3.52410685892836,230.810673915749,9.49622456267797e-15,1567.14870304336,51.0752900090126,891.397425998677,30.2690489148382,77.2866520475395,48.4903530094138,702.94548919432,5.01762334599455,3.75344844374623e-17,1.92351538736067,6.05327975829683,1.9863551165135,0.0903704208144272,7.41970448405494,0.754895759419032,16.5766632334365,10,1e-05,44.5843690243745,10.0822073449583,15.0911514843944,21.8620332218997,3.35316006209821,56.0428648862547,35.1618064697873,39.8224075058905
"627",506,10,0.131,364437364001021376,0.855550775727333,4,1.15189487516879,2.7675160416355e-17,7.59474375841177,0.240106095490419,4.44748228232578,0.152190015778576,0.377178097810837,0.246325895886542,3.2708415331005,222.724029205581,5.35111612154554e-15,1468.47769455485,46.4255881133338,859.94060316909,29.4266206489534,72.9290732022893,47.6282143554862,632.43184846912,4.84182672186047,2.11506566068994e-17,1.79187494906581,5.47729478756503,1.90625596773039,0.0876924428537472,6.96657189057554,0.73778913355301,15.1512034308316,10,1e-05,47.5422266046136,9.91136639199205,15.6680430615031,22.3005163477686,3.43372062182363,54.5550400673595,35.6285775810294,36.9605093240356
"628",506,10,0.136,378347187054495488,0.828932935886923,4,1.14686819900099,4.15849886911152e-18,7.34340995042143,0.225434296919145,4.41606663077232,0.152292855634835,0.366700037510872,0.248471783232157,3.0392481561824,214.852962059752,7.79048368878843e-16,1375.70592753504,42.2326004724228,827.300815473951,28.530367449533,68.6971609425234,46.5484165156902,569.369234720462,4.67071656651635,3.07924256473851e-18,1.66995906576841,4.96187685932107,1.82529497253553,0.0848911633324594,6.53890214366548,0.718489601110671,13.8733737926112,10,1e-05,50.6129659948844,9.73594610589336,16.178884263966,22.6507413075866,3.49950600885632,53.0394934255725,35.9389587266992,34.3435041648612
"629",506,10,0.141,392257010107969600,0.802834229957163,4,1.1420339099313,1.83613867390217e-24,7.10169549654399,0.211925103092035,4.375732128652,0.15204530548099,0.356156131795337,0.249648103417527,2.82720911104207,207.211244714213,3.3314998510864e-22,1288.53543719094,38.4518042905839,793.935182685163,27.5871817182417,64.6211594420615,45.2962856880498,512.970336407642,4.50459227639593,1.3167983601132e-24,1.55696068812172,4.50042550861622,1.74431188969935,0.0819821073153712,6.13645556748216,0.697517271005653,12.725217646139,10,1e-05,53.78803603267,9.55811775306942,16.6199414075057,22.9123723924473,3.55054487843738,51.5144229028776,36.1091016783112,31.9474629547754
"630",506,10,0.146,406166833161443648,0.77731767153625,4,1.13737765017592,5.12384485239822e-18,6.86888250879254,0.199472367510131,4.3275924533849,0.151449587111354,0.345646540505349,0.2499712556462,2.6328283105793,199.807446752418,9.00125263895297e-16,1206.6826492607,35.0420675522284,760.244584164397,26.6057235323265,60.7210390730802,43.9133988121167,462.518937657134,4.34364014679171,3.55780736717509e-18,1.45216268378705,4.08700067678792,1.66402308287145,0.0789864605593058,5.7585980314118,0.675342603928761,11.6912062234081,10,1e-05,57.0548165908285,9.37960316583431,16.9895913309315,23.087593061516,3.58727790599911,49.9943156186937,36.1558424166664,29.7509599095461
"631",506,10,0.151,420076656214917760,0.752427068079803,4,1.13288927567556,8.25792829285641e-24,6.64446378377557,0.187980338328846,4.27276951290128,0.150521332644541,0.335250045017874,0.249557579841497,2.45440989391144,192.646141691169,1.40424846288043e-21,1129.88121525624,31.9657778305456,726.578120801116,25.5959294511744,57.0087731088911,42.4368964544936,417.368763517257,4.18795960198193,5.55038918134556e-24,1.35492752445119,3.71628472973583,1.58503362159409,0.0759295489044592,5.40442505662041,0.652380461434161,10.7578912564773,10,1e-05,60.3970117465653,9.20175830088004,17.2883784880971,23.1809274490045,3.61051735460574,48.4905665113853,36.0960083482741,27.7348318011993
"632",506,10,0.156,433986479268391872,0.728188654550007,4,1.12856166281667,1.51029435985709e-18,6.42808314138739,0.177361662201276,4.21237050501897,0.149287201983939,0.325026612127479,0.248519297122634,2.29042130683555,185.728110534041,2.48550103240608e-16,1057.87373037812,29.1885215377647,693.232492776592,24.5682897664537,53.4898362514406,40.8989787679265,376.936091009659,4.03756762030523,9.8241147525932e-19,1.2646766853644,3.38350308073139,1.50783790541315,0.0728386717180159,5.07282441279405,0.62898538173104,9.91352700918449,10,1e-05,63.7958041076548,9.02562273679835,17.5189063466184,23.1988469614193,3.62137876382748,47.0118491781186,35.9458311358178,25.8817607672418
"633",506,10,0.161,447896302321865984,0.704626254008344,4,1.12439191048215,0,6.21959552410121,0.167541521604839,4.1474944283031,0.147782467503137,0.315025407447473,0.246962027894142,2.13955187664383,179.054389541994,0,990.442806804358,26.6802389755963,660.469962533066,23.533697865575,50.1663890453793,39.327599863002,340.71407984571,3.89248672917378,0,1.1809219829076,3.08453062762611,1.43286324404281,0.069742685461942,4.76270852098007,0.605463727671297,9.14821868821165,10,1e-05,67.2293207125215,8.85206043540327,17.685412708421,23.1492248390821,3.62118245071529,45.5652749332025,35.7205877146088,24.1769362060753
"634",506,10,0.166,461806125375340096,0.681737704671581,4,1.12037579056796,2.03824263474234e-17,6.01878952735256,0.158445677377095,4.07913638522585,0.146046264932698,0.305276147490942,0.244981051605001,2.00052414649215,172.619346881898,3.14037589314298e-15,927.331281144983,24.4121566847039,628.483643245202,22.501745467423,47.0347267784094,37.7448972768845,308.226199187936,3.75259449743257,1.2412552937324e-17,1.10316052805315,2.81550128321432,1.3603923135956,0.0666669333717789,4.47271893226726,0.582050620122615,8.45283774730395,10,1e-05,70.6776371371326,8.68161566078989,17.7935335111254,23.0407246986529,3.61136486442609,44.1551419730898,35.4340593041473,22.6059228553612
"635",506,10,0.171,475715948428814208,0.659532131212856,4,1.11651311635592,1.79753351799873e-23,5.82565581779623,0.150014218277609,4.00826044647782,0.144120597606598,0.29580617302522,0.242662379699282,1.87230174207165,166.421038185555,2.67930031323808e-21,868.33882657256,22.3602585429867,597.448301367107,21.4817892653999,44.0911707130008,36.1698618373047,279.074553758185,3.61784865620773,1.05901198151703e-23,1.03099034236309,2.57320243283997,1.29068115556397,0.0636364686770849,4.20172770679918,0.558949600708335,7.81997332225027,10,1e-05,74.1188756104653,8.51480170824798,17.8495555969289,22.8822819719793,3.59338396089535,42.7854048663679,35.0986865997042,21.1570096854096
"636",506,10,0.176,489625771482288320,0.637997152390578,4,1.11280102108387,2.14549507830508e-17,5.64005105418653,0.142187029514575,3.93568070916508,0.142045271477804,0.286627551535418,0.24007936077843,1.75386334642475,160.451837474116,3.09353263596421e-15,813.224051691317,20.5015719058014,567.475397247482,20.4811321892251,41.3280689388394,34.6164083665117,252.884919478472,3.48808342335035,1.22274017231787e-17,0.96398570067957,2.35461842818739,1.2238582612094,0.0606706354815318,3.94842494469924,0.536303097810265,7.24271132318198,10,1e-05,77.5353100505524,8.35188169277438,17.8601361146351,22.6824915063022,3.56863702409186,41.4578090540829,34.7250787429921,19.8186558145997
"637",506,10,0.181,503535594535762368,0.617123150506365,4,1.10923751783551,2.95506037833107e-17,5.46187589080991,0.134912221491529,3.86212026421075,0.139857687233797,0.277748476434877,0.237294920617403,1.64432923536907,154.705170276631,4.12141774558358e-15,761.76691297497,18.8161848681182,538.649264469032,19.5059281444255,38.7375333506385,33.0954827163887,229.334322233354,3.36315587557893,1.62901887177217e-17,0.901770629123809,2.15715698008391,1.1600069242904,0.0577857548121474,3.71162887537828,0.514222206802017,6.71519311360097,10,1e-05,80.910572846405,8.19305762548089,17.8317990965564,22.4493570116101,3.5384161149995,40.1735396315406,34.3223373181012,18.5809203596705
"638",506,10,0.186,517445417589236480,0.59690139943385,4,1.10582067971352,1.6770410196104e-17,5.2910339851573,0.128144085864955,3.78820383281024,0.137591656113885,0.269173393365037,0.234362225082168,1.54292692124031,149.174895941119,2.26232357722033e-15,713.758983383494,17.2866008251237,511.027622226794,18.5610753711646,36.3114143929284,31.6153976684707,208.140403903826,3.24293252045911,8.94199042379576e-18,0.844003370977608,1.97856109805124,1.0991655903364,0.0549947718386468,3.49025249364573,0.492789965053291,6.23237439965347,10,1e-05,84.2303600969669,8.03847435346132,17.7707085300653,22.1901083178375,3.5038826417936,38.9332396163189,33.8981522358847,17.4350742100155
"639",506,10,0.191,531355240642710592,0.577316620678742,4,1.10254712168869,2.77555617378411e-21,5.12735608439234,0.121839742681594,3.71443254933794,0.135275918887332,0.260900632240053,0.231324590657357,1.44893871717686,143.85324392572,3.62136684630192e-19,668.984382610702,15.896864523103,484.635224249777,17.6499302153816,34.0406333223371,30.1817419965529,189.048187252277,3.12724443316782,1.431370294981e-21,0.790350474579661,1.81679741544824,1.04131316085601,0.0523063730608991,3.28321727991582,0.47205849990007,5.78971986717002,10,1e-05,87.4838512921935,7.88817284112196,17.6824756252195,21.9109985898035,3.46603790787233,37.7366674472013,33.4587887926801,16.3730075040985
"640",506,10,0.196,545265063696184704,0.55834833350497,4,1.09941218856278,5.01515472115011e-18,4.97060942816387,0.115959206959072,3.64119404945998,0.132934094418829,0.252923823659969,0.228216543793428,1.36170133832712,138.731221710111,6.32845941466166e-16,627.224916902582,14.6325123709953,459.470346263427,16.7745177991524,31.9156285704002,28.7978978806033,171.828630094934,3.01589612413286,2.50136735757378e-18,0.740490445326289,1.67004289040996,0.986382526947683,0.049725571110005,3.08947329276415,0.452055082839806,5.38315918956569,10,1e-05,90.6634697892051,7.74211062503463,17.5720441006885,21.6172828646841,3.42572474871897,36.5829018541779,33.0092408942814,15.3872251230965
"641",506,10,0.201,559174886749658816,0.539981035183023,4,1.09641163769182,1.71830147278519e-16,4.8205818846702,0.110468030578631,3.56881063864348,0.130586093306136,0.24523677533538,0.225066537539188,1.28064350230134,133.801376990305,2.0969414701502e-14,588.283151956736,13.4810449804642,435.522354244078,15.9361671287336,29.9276449651832,27.4661555951561,156.284244120519,2.90872558674575,8.28830620612725e-17,0.694138881127134,1.53673268734417,0.934297721124811,0.0472555371365023,2.90809971304996,0.432796911302552,5.0092245381743,10,1e-05,93.7630170252403,7.60024901956434,17.4437230265119,21.3134140277693,3.38365415037364,35.4710471845094,32.5536239896682,14.4712715760052
"642",506,10,0.206,573084709803132928,0.522196727704794,4,1.0935404481067,2.77557420608065e-21,4.67702240544105,0.105334393419301,3.49752249187043,0.128247644885608,0.237830845588905,0.221896893422989,1.20524112198408,129.055773056799,3.27563443549275e-19,551.96562978827,12.4311922761822,412.765224874276,15.1353331118951,28.0679545849166,26.1874859491357,142.238291218947,2.80556028384345,1.29471716817895e-21,0.651026157313349,1.41546883193999,0.884958342711732,0.0448970377437839,2.73822017544823,0.414286645916922,4.66480720350262,10,1e-05,96.7786478394897,7.46250329865785,17.3011790400807,21.003018566578,3.34040640561416,34.3998535059793,32.0951666647011,13.6192246784201
"643",506,10,0.211,586994532856606976,0.504975534234087,4,1.09079303250448,3.46549388244103e-18,4.53965162628169,0.100528976983034,3.42750084634759,0.125930843249023,0.230695650153992,0.218724834542672,1.13501440156059,124.486177518075,3.9549765517556e-16,518.085339179321,11.4728162919111,391.161720039708,14.3717908352467,26.3280189751303,24.9618559791992,129.532917856866,2.70622125039294,1.56323183863858e-18,0.610898584596389,1.30500427553264,0.838247449045908,0.0426489746295635,2.57900668356768,0.396515971118807,4.34711954875073,10,1e-05,99.7084729851289,7.32875351300409,17.1474862264404,20.6889990977624,3.29644652872252,33.3678188382735,31.636360068252,12.8256627376347
"644",506,10,0.216,600904355910081024,0.488302768209362,4,1.08816444831075,3.35138343700204e-17,4.4082224137577,0.0960265664501942,3.35888697783535,0.123645594598797,0.22382231035113,0.215564648169053,1.0695500853447,120.085938997236,3.69846696973917e-15,486.47566889962,10.5971486375551,370.67476091974,13.6450858630037,24.7002301433127,23.7889440609599,118.031724435198,2.61056389124427,1.46184465207082e-17,0.573533349006675,1.20426618223382,0.794054975729075,0.0405096829491581,2.42973915506702,0.379475152325135,4.05377357584001,10,1e-05,102.551079484862,7.1989048604697,16.98524982336,20.3737613572697,3.25215883732838,32.3736589691875,31.1792707111719,12.0859159643952
"645",506,10,0.221,614814178963555200,0.472160367517624,4,1.0856490984842,2.68849085677316e-18,4.28245492419462,0.0918033161232397,3.29176629109435,0.121398932400246,0.217200139612203,0.212426782054208,1.00846051021447,115.847707877817,2.86884135806404e-16,456.973240940098,9.79617057049931,351.258597483463,12.9542667856664,23.177045290184,22.6676886916781,107.611049239351,2.51842843212646,1.13392939053914e-18,0.538716862322332,1.11228114699277,0.752257578977822,0.0384761203640454,2.28972012711237,0.36314586065383,3.78257763687383,10,1e-05,105.306740384579,7.072824925344,16.8166015205271,20.0591513048327,3.20784014953237,31.415828193509,30.7254097563207,11.3956037654235
"646",506,10,0.226,628724002017029248,0.456527556646393,4,1.08324095878917,9.5586754532977e-22,4.16204793966118,0.0878368029748953,3.22617917550713,0.119195537359656,0.210817164983223,0.209318596487226,0.951383894193984,111.763632687622,9.86218517380187e-20,429.420244297741,9.06258215634167,332.861771363291,12.2980267200744,21.7511090217338,21.5964938757822,98.159250010699,2.42964418886135,3.89809690664106e-22,0.506246508394754,1.02816916183765,0.712724206528373,0.0365442647690333,2.158280471752,0.347503555824322,3.53152564642454,10,1e-05,107.977049680577,6.95035186705591,16.6432602606725,19.7465492755615,3.16371437174051,30.4925947431734,30.2758417959123,10.750638004392
"647",506,10,0.231,642633825070503424,0.441387376826276,4,1.08093463696596,6.57748326488515e-18,4.04673184779805,0.0841074826948662,3.16215428948919,0.117038994156556,0.204662924978629,0.206246071822742,0.898004651138445,107.827064288422,6.56127287075843e-16,403.675856234279,8.39001974174154,315.436107052415,11.6750548234755,20.4158527393197,20.5737772526994,89.5791493196973,2.34406661496569,2.59338848646578e-18,0.475943235613289,0.951166376261624,0.675334661330319,0.0347101338835157,2.03483108251363,0.332525073659987,3.29887537963639,10,1e-05,110.563634309129,6.83134801960245,16.4666592341742,19.4370669148866,3.11996166925266,29.602445468909,29.8314318284414,10.1474525578644
"648",506,10,0.236,656543648123977472,0.426726241030159,4,1.07872530601198,1.85527345871913e-21,3.93626530235142,0.0805982474232967,3.09971204640743,0.114932029884412,0.198728340277134,0.20321414342491,0.848046093080214,104.032409256123,1.78922814421625e-19,379.613939334389,7.77290549738303,298.936634183692,11.0840599575583,19.1653870649729,19.5979985058199,81.7856758636176,2.26157411426355,7.07204800085474e-22,0.447648100213331,0.880605957439599,0.639978718706862,0.0329698436309701,1.91885079273188,0.318188777265817,3.08310454755442,10,1e-05,113.06809566296,6.71569889549735,16.2879952021959,19.1316015622753,3.07672697467992,28.7440671376846,29.392893704979,9.58292085180642
"649",506,10,0.241,670453471177451520,0.412527928012203,4,1.07660786529597,1.07883085019642e-16,3.83039326425515,0.0772927711896457,3.03884567790842,0.112876016386596,0.193003396164974,0.200225953710682,0.801246278158784,100.373563501194,1.00580815299421e-14,357.112588471167,7.206106445316,283.315568698746,10.5235790706648,17.9939597929516,18.6673283069889,74.7012415321311,2.18203398915639,3.97552629641978e-17,0.421209376959776,0.815877675312491,0.606542661391911,0.0313190330898919,1.80983381084175,0.304469394476253,2.88279700196579,10,1e-05,115.492839812597,6.60326675702681,16.1082206341187,18.8307825561678,3.03411413333627,27.9160112213018,28.960681944713,9.05408294319426
"650",506,10,0.246,684363294230925568,0.398772712361382,4,1.07457681687032,5.09401770503063e-17,3.72884083783698,0.0741752601258771,2.97951861447818,0.110870932877438,0.187476812742313,0.197282718008646,0.757354260818943,96.8436920903128,4.59086288093745e-15,336.0529543202,6.6848697455346,268.522062590432,9.99198039337946,16.895903989599,17.7796379910874,68.2547600939796,2.10529765413724,1.81457030867093e-17,0.396480767456456,0.756419449582221,0.574908351634358,0.0297528675031004,1.7072834839678,0.291337672601528,2.69662290037136,10,1e-05,117.841192060715,6.49388501174335,15.9280445256751,18.5349709985732,2.99218575389017,27.1166461950482,28.5349723327706,8.55810314725405
"651",506,10,0.251,698273117284399744,0.385449813919314,4,1.07262813924221,6.53114765619268e-17,3.631406961449,0.0712331360649592,2.92172206573745,0.108917407959619,0.182141102246469,0.194386664927568,0.716167491829362,93.4384155686697,5.68939100619542e-15,316.337881087615,6.20523658329487,254.516053203114,9.48797598651768,15.866613396759,16.9333446643884,62.3865375801158,2.03126990366673,2.24877114869384e-17,0.37334290513072,0.701763641235262,0.544982462895885,0.0282675417367279,1.61080213546184,0.278772693503328,2.52349137404129,10,1e-05,120.115156872604,6.38745756147465,15.7481359225596,18.2445724750981,2.95100826952848,26.3448890289293,28.1160872151235,8.09269265767179
"652",506,10,0.256,712182940337873792,0.37254341658874,4,1.07075721009907,5.74234435116791e-17,3.53786050396157,0.0684536997879841,2.86541672993555,0.107014788081616,0.176986946360743,0.191538212799756,0.677484324496092,90.1522021615378,4.83475603941771e-15,297.869500540607,5.76344639455715,241.253223305684,9.01008997970264,14.9013827016777,16.1265238460412,57.0406654348781,1.95983048177256,1.91097076656827e-17,0.351676757126248,0.651468311142514,0.516663999546705,0.0268587096520411,1.51998232164803,0.266748666936376,2.36234361898137,10,1e-05,122.317760126399,6.28384871191741,15.5689663067145,17.9597607946424,2.91061217702979,25.5993919216179,27.7040870993567,7.65557286680584
"653",506,10,0.261,726092763391347968,0.360039649792315,4,1.06895987710582,1.36082108005487e-18,3.44799385295711,0.0658256197495237,2.81056630754096,0.105162368164426,0.172006049466346,0.188737691523184,0.641124775169118,86.9801543937191,1.10728597191008e-16,280.55967684287,5.35616227652762,228.692859853239,8.55695261838661,13.9959535055172,15.3573898330475,52.1676567326649,1.89087292160259,4.37662439490151e-19,0.33137561015264,0.605142362115102,0.489860842755928,0.0255223459170519,1.4344569797443,0.255241901762672,2.21223699536075,10,1e-05,124.451751925435,6.18293811209913,15.3909365770149,17.6806652319267,2.87102350793727,24.8789549948123,27.2990197019134,7.24470995941103
"654",506,10,0.266,740002586444822016,0.347925177482422,4,1.06723218088545,8.18632724446103e-17,3.36160904358498,0.0633385130623394,2.75712967553137,0.103359090896723,0.167190497633474,0.18598492961502,0.606924236725325,83.9176297845919,6.43699835237573e-15,264.326983624175,4.98037632810329,216.796111964494,8.12723799009408,13.1463710851252,14.6241977598517,47.7231143485155,1.82429629966504,2.54426812346867e-17,0.312341406340593,0.562434242372217,0.464485833985084,0.0242545619203182,1.35388635530502,0.244229377182206,2.07231579822569,10,1e-05,126.519920458155,6.08461130209331,15.214347166498,17.4073317199878,2.83225168415492,24.1824335777056,26.9008602195164,6.85824387499617
"655",506,10,0.271,753912409498296192,0.336187182884143,4,1.06557041088739,3.44786422748548e-17,3.27852053926832,0.0609828515171257,2.70506499028944,0.101603778349289,0.162532817482992,0.183279550799699,0.574731996870395,80.96023189981,2.61962874122811e-15,249.096428012119,4.63337359060729,205.526248364488,7.71968269108091,12.3489677080975,13.9252693051785,43.6671619927194,1.76000504130022,1.03542637993206e-17,0.294484214436834,0.523027463192095,0.440457134580876,0.0230516568140661,1.27795569114197,0.23368900024104,1.94180136292836,10,1e-05,128.524964084989,5.98875856530786,15.0394415442009,17.1397633288059,2.79429998670937,23.50874672074,26.5095542276684,6.49447156463546
"656",506,10,0.276,767822232551770240,0.324813350790191,4,1.06397107342489,7.44760019851904e-17,3.19855367125337,0.05874988074413,2.65432942939144,0.0998951290382604,0.158025935522331,0.180620963720042,0.544409866774761,78.1037941476726,5.46712074536826e-15,234.798843455109,4.31270051080365,194.848529749933,7.3330833794611,11.6003390001004,13.2589907014424,39.9639400248595,1.69790856842766,2.16091729065939e-17,0.277721408185531,0.486636685477506,0.417697818846157,0.0219101095758798,1.20637313825319,0.223599572984947,1.81998419280393,10,1e-05,130.469510850678,5.89527525470762,14.8664073066453,16.8779220108008,2.75716557615737,22.8568713139499,26.1250161924669,6.1518314945548
"657",506,10,0.281,781732055605244416,0.313792933493243,4,1.0624310348392,2.0442874711694e-16,3.12155174195366,0.0566317533911639,2.60488474875198,0.0982319236068402,0.153663593319707,0.178008672680361,0.51583374757351,75.3446373387589,1.44975149520871e-14,221.371718463839,4.01616554975831,184.731140439329,6.96633326450804,10.8973922364722,12.6238771707996,36.5814865751745,1.63792689866867,5.73024306406603e-17,0.261978542436338,0.453007519425671,0.396137742550183,0.020826685584371,1.13887442381916,0.213941749781203,1.70622778531507,10,1e-05,132.355919342272,5.80407064930624,14.6954042602489,16.6217633841493,2.7208444622225,22.2259021377625,25.7471744164874,5.82892134758067
"658",506,10,0.286,795641878658718464,0.303111306765787,4,1.06094674825419,0,3.04733741181179,0.0546204330457643,2.5566730627502,0.0966122233976331,0.14943817263391,0.175441006659507,0.488878675901649,72.6781998915263,0,208.752228061423,3.74167200907495,175.140171943221,6.61824214609467,10.2369863520328,12.0182625302842,33.4897318723597,1.57996086720709,0,0.247181113355796,0.421897351769756,0.375702758028911,0.0197979042207285,1.07518831195087,0.204693297973347,1.59990743318213,10,1e-05,134.187209459372,5.71502302311636,14.5264843063163,16.3711163652465,2.68531331931843,21.6147372897688,25.3757872032311,5.52432903768864
"659",506,10,0.291,809551701712192512,0.292760799874281,4,1.05951577106857,3.46168944505342e-17,2.97578855389336,0.0527096979344059,2.5096668194129,0.0950350748073645,0.145344991797568,0.172917798704335,0.463445617175791,70.1017387235441,2.29039015412144e-15,196.889897628569,3.4874813322203,166.049446796053,6.28789506077786,9.61659742874115,11.4409229918269,30.6633883656709,1.52395084181618,9.05292551036143e-18,0.233269335780604,0.393105019736399,0.356335563418506,0.0188210975157525,1.01510060867807,0.195838575268964,1.50051443187196,10,1e-05,135.965172890398,5.62806916427201,14.3597756656953,16.1259488636548,2.6505679215979,21.0226996136002,25.010830404595,5.23693547408643
"660",506,10,0.296,823461524765666560,0.282729826722442,4,1.05813521636888,1.1254101903468e-20,2.90676081677703,0.0508930269206891,2.46381897678596,0.0934988262246421,0.141377961013158,0.170437724877072,0.439432845181242,67.6116033202725,7.1910268352503e-19,185.733123943516,3.25190873028275,157.430495398368,5.97428896781733,9.03361921083465,10.8904492232504,28.0784145113787,1.46981746348418,2.84230309693688e-21,0.220182290536667,0.366436154011737,0.337974288667193,0.0178933368272994,0.958387160903041,0.187358986202996,1.40754146991491,10,1e-05,137.692272084835,5.54311470341811,14.1953071252281,15.8861068659923,2.61658727035012,20.4489082809432,24.6521125262197,4.96559115054803
"661",506,10,0.301,837371347819140736,0.273008291009202,4,1.05680252974289,5.12802989733894e-17,2.8401264871929,0.0491645808457007,2.41908915961081,0.092002038262476,0.137531749395571,0.167999740194166,0.416749058670463,65.2045826829235,3.16398797344752e-15,175.235445745182,3.03344843204028,149.257495781717,5.67651414720081,8.48569157680991,10.3655627630502,25.7133643129336,1.41749092788964,1.25058813179744e-17,0.207865236303384,0.34171726246179,0.320562955878577,0.0170119677508847,0.904845333291198,0.179237765090291,1.32053291431047,10,1e-05,139.370658648628,5.46007803555687,14.033111219088,15.6514602903698,2.58335278890261,19.8925922325754,24.2994824216841,4.70926436297623
"662",506,10,0.306,851281170872614784,0.263586483472026,4,1.05551529943492,1.1108346450326e-16,2.77576497142118,0.0475189576674473,2.37543751504378,0.090543256969525,0.133801300972685,0.165602742988438,0.395309905396084,62.8776219225477,6.61730255034868e-15,165.353832874153,2.83073021865898,141.506108013329,5.39371118771446,7.97061645606611,9.86504569714759,23.548826612973,1.36690482440321,2.6155346048809e-17,0.19626757602835,0.318790700178199,0.304048961228933,0.0161744835849824,0.85428623402193,0.171458936000132,1.23907021553002,10,1e-05,141.002407987014,5.37888211567219,13.8731968856534,15.4218663041205,2.55084385949422,19.3530201726891,23.9527807458477,4.46700193097575
"663",506,10,0.311,865190993926088960,0.254455063588176,4,1.05427128704083,2.49959580757009e-20,2.71356434969892,0.0459511499223422,2.33282678239834,0.089121143039123,0.130181868514085,0.163245682924265,0.375037377327687,60.6278148285949,1.43743867096157e-18,156.048522748633,2.6425056272493,134.153506719714,5.12507570291004,7.48634845255606,9.38774408215155,21.5672160912642,1.31799597453467,5.68157577455166e-21,0.185342618994176,0.297513028364268,0.288383092047615,0.0153785378617762,0.806533723536546,0.164007331294035,1.16276805716977,10,1e-05,142.589450892148,5.2994530458859,13.7155770842758,15.1971930226787,2.51904256175477,18.8295054618772,23.6118555781657,4.23792236380286
"664",506,10,0.316,879100816979563008,0.24560504312646,4,1.05306835549771,3.67022826576449e-18,2.65341777494506,0.0444565160595625,2.29121931983938,0.0877342916465192,0.126668920329185,0.160927430486207,0.355859231742075,58.4523911439705,2.03722405158331e-16,147.282569872825,2.46763626695779,127.17811448866,4.86984449327389,7.03097879469238,8.93255700208375,19.7525857627253,1.27070415530371,8.05226897859016e-19,0.175047069490884,0.277753616283648,0.273518949766253,0.0146219053845997,0.761423300644455,0.156868483175945,1.09127183863596,10,1e-05,144.133684558993,5.22172144703858,13.5602323975107,14.9772899711948,2.48792612437032,18.3213926364134,23.276543545525,4.02120931868545
"665",506,10,0.321,893010640033037184,0.237027768118362,4,1.05190450842448,8.02862457033636e-19,2.59522542094044,0.0430307444467184,2.25057946704481,0.0863813656448658,0.123258189240466,0.158646894930037,0.337708505406724,56.3487106066423,4.30079573630559e-17,139.021750579438,2.30508277756907,120.559661138542,4.62730080111503,6.6027286505431,8.49844058986358,18.0904622883185,1.22497196970962,1.69991926336189e-19,0.165340867535274,0.259393338946245,0.259413037003161,0.0139024960259503,0.718801326275391,0.150028645786259,1.02425442981408,10,1e-05,145.636893330622,5.14562091164319,13.4071446566308,14.762010171242,2.45747344562548,17.828064491741,22.9466868826806,3.81610611109598
"666",506,10,0.326,906920463086511232,0.228715723150771,4,1.05077798621533,8.75306682082012e-18,2.53889931076219,0.041669960889161,2.21087715881879,0.0850612409908285,0.11994595795159,0.156403237416156,0.32052473591412,54.3144550193219,4.52443865742663e-16,131.235079362161,2.15391000388492,114.279695207948,4.39679457344218,6.19997699169165,8.08444477801931,16.5678445682816,1.18074902215917,1.78831567487219e-18,0.156187787600794,0.242325109604814,0.246025822839835,0.0132184154291725,0.67852801146879,0.143475394838792,0.961419951888191,10,1e-05,147.100616934594,5.07109574195492,13.2563065826409,14.5512360726885,2.42766753432066,17.348983358118,22.6221642598729,3.62192951582956
"667",506,10,0.331,920830286139985408,0.220658423912262,4,1.04968669051063,2.87021697341883e-20,2.48433452556865,0.0403700386975445,2.17206766236564,0.0837722859666028,0.116727419435014,0.154194735189273,0.304245186978846,52.3466196249244,1.43134287122826e-18,123.890791039511,2.01320553937464,108.318416103897,4.17762369309543,5.82105677837189,7.68950699678996,15.1723435378114,1.13796999184618,5.65748170445951e-21,0.147550715585979,0.226444641110139,0.23331498167839,0.0125676127380625,0.640457192551067,0.137194371551709,0.902471105799436,10,1e-05,148.526901392711,4.99806401021189,13.1076418484398,14.3447631743078,2.39847851644472,16.8834539470804,22.3027264977764,3.43797061286096
"668",506,10,0.336,934740109193459456,0.212850586517372,4,1.04862929322089,6.63981582480341e-17,2.43146466068471,0.0391279019793486,2.13413117446571,0.0825137073394361,0.113599927513619,0.152021026065481,0.288821205947961,50.4435073829082,3.19403244544943e-15,116.963741481799,1.88221769612269,102.660742314948,3.96925856666032,5.46463733111067,7.31285479078833,13.8935224571373,1.09659798658496,1.26246341717369e-17,0.139400333828449,0.21166598566407,0.221248310307889,0.0119485472441159,0.604474755967213,0.131175672727813,0.847168034887452,10,1e-05,149.916844651818,4.92649029467843,12.9611592639686,14.1425164447843,2.36989499348387,16.4310935155698,21.9883212101111,3.26367962721196
"669",506,10,0.341,948649932246933632,0.205283930629069,4,1.0476041107472,8.59068804119741e-17,2.38020553744561,0.0379401844388383,2.09703306481117,0.0812841959405147,0.110559699067332,0.149880856652393,0.274201165703354,48.6027214490027,3.98557826986563e-15,110.427656345612,1.76020330302963,97.2901049860048,3.77111266839646,5.12932528817822,6.95359769180213,12.7213350357765,1.05658090106528,1.57532737939353e-17,0.131706008783925,0.19790432314068,0.209790490474173,0.0113595071100303,0.570458784986056,0.125407386626609,0.795265770261155,10,1e-05,151.27205913306,4.85631387623998,12.8168059277774,13.9443330500012,2.34189286078665,15.9913548730989,21.6787671062022,3.0984731724479
"670",506,10,0.346,962559755300407680,0.197951980252585,4,1.04660978534745,5.13872465950415e-19,2.33048926741401,0.0368039733335384,2.06074874535861,0.080082832603627,0.10760378551314,0.147773515100619,0.26033988384092,46.8223363808448,2.2989188324469e-17,104.259442189892,1.64650478497342,92.1920206579694,3.58267749737608,4.81388642805011,6.61096554712992,11.6468637931786,1.01787687784445,9.08663570137115e-20,0.124440835957384,0.185084637190354,0.198910680755163,0.0107990102937711,0.538301849216936,0.119879370009362,0.746547426134973,10,1e-05,152.593768202573,4.7874891484968,12.6745610185696,13.7501102306862,2.31445795130996,15.5638115366206,21.3739612241535,2.94184068740239
"671",506,10,0.351,976469578353881856,0.190845623989614,4,1.04564462173433,2.41492542847808e-17,2.28223109092465,0.0357161135518908,2.02523903325032,0.0789081752490157,0.104728195791954,0.145697378682962,0.24718991203183,45.0998142692175,1.041584167647e-15,98.4351625597387,1.54047565886856,87.3508095885042,3.40339726718133,4.51704343980014,6.28408981553863,10.6615755392774,0.98043074498299,4.11693346896049e-18,0.117576928904049,0.173133288989375,0.188575526134083,0.0102654323835879,0.507890775708116,0.114579775773598,0.700793533083882,10,1e-05,153.88369762249,4.71994645557571,12.5343366501602,13.5596564519601,2.28756170278219,15.1478862393482,21.0736688527036,2.79324600595968
"672",506,10,0.356,990379401407355776,0.183960322480425,4,1.04470759194735,7.01973839244329e-19,2.23537959730411,0.0346743037167144,1.99048747484388,0.0777595347819858,0.101930855752858,0.143652120421467,0.234714796762744,43.4337524857986,2.91845854478872e-17,92.9359802584875,1.44158531713348,82.7545822150094,3.23285521533936,4.23777867947035,5.97234162988696,9.75827539296882,0.94421201056084,1.15354092679396e-19,0.111092402869453,0.161989812870785,0.178759784505145,0.00975756088352085,0.479137553401455,0.109500501409143,0.657827576918666,10,1e-05,155.14272536349,4.65365999587465,12.3961246936701,13.3728992445084,2.26119182547047,14.7432789760935,20.777842697761,2.65227720341901
"673",506,10,0.361,1004289224460829824,0.177288877954371,4,1.04379738129674,9.91670172599684e-17,2.18986906471186,0.0336759621386342,1.95646594538951,0.0766358842949509,0.0992086914775975,0.141636700215241,0.222875358592372,41.822128638449,3.97335328374296e-15,87.7421110330445,1.34930442039987,78.3902814003739,3.07059192591859,3.97502305655694,5.67499823478028,8.93001082816549,0.9091767095315,1.57049536906836e-17,0.104964228756672,0.151593981587436,0.169435730957885,0.00927405383416302,0.451947501776108,0.104631775544195,0.617467570105849,10,1e-05,156.372135432596,4.58857758081875,12.2598793217849,13.1897077613123,2.23533089750746,14.3495451353197,20.4863323191325,2.51849155209381
"674",506,10,0.366,1018199047514304000,0.170825034426669,4,1.04291280167141,4.88212506111488e-17,2.145640083674,0.0327187790490198,1.92314901429679,0.0755362440363055,0.0965590259976206,0.139650190497059,0.21163622221514,40.2631690463942,1.88481555050697e-15,82.8355633023524,1.26315616198311,74.2459712259191,2.91618681627967,3.7278019604963,5.39139918345331,8.17052487775789,0.875286283617265,7.44986383599591e-18,0.0991714990514991,0.14189156903143,0.160578056098399,0.0088136840855462,0.426234614122351,0.0999647531545532,0.57954885187004,10,1e-05,157.573092507755,4.52465689184119,12.1255445939016,13.0099565429015,2.20995907831116,13.9662975202958,20.1990035534946,2.39148931103108
"675",506,10,0.371,1032108870567778048,0.164562745636682,4,1.04205276123187,1.42996759521231e-19,2.10263806156134,0.0318005871489182,1.8905138528079,0.0744597575320562,0.0939793394828552,0.137691791478561,0.200964294361697,38.7551723479724,5.31821829625545e-18,78.1995917029042,1.18270137710311,70.3104419637886,2.7692462833952,3.49520257928304,5.12092027216009,7.47409934845243,0.842503746695051,2.1020625676899e-20,0.0936947494556905,0.132832662973661,0.15216300230856,0.00837530242025819,0.40191797419017,0.0954910386569869,0.543918049586795,10,1e-05,158.746651563609,4.4618568641109,11.9930840400463,12.8335376752066,2.18506094862677,13.5931716628002,19.915740719459,2.27089652628717
"676",506,10,0.376,1046018693621252224,0.158496165751911,4,1.04121621043981,2.18751460348657e-17,2.06081051990299,0.0309193557115095,1.8585377462827,0.0734055631406991,0.0914672183737614,0.135760675938208,0.190828581921662,37.2965036185987,7.83570650424391e-16,73.818507858557,1.10753544808138,66.5730701121674,2.6293970684013,3.27636796935687,4.86296553071719,6.8355052724035,0.810793556926058,3.09711719535332e-18,0.0885157561239492,0.124371304459023,0.144168072083111,0.00795781914056466,0.378921456800069,0.0912026052564038,0.510432404925607,10,1e-05,159.893846216111,4.4001388199434,11.8624494410759,12.6603405711827,2.16061935212523,13.2298184655809,19.6364241677025,2.15636297571479
"677",506,10,0.381,1059928516674726272,0.152619640539814,4,1.04040216250515,4.74910723000213e-17,2.02010812446396,0.0300731776934279,1.82719925757093,0.0723728544067717,0.089020366543291,0.133856062871344,0.18120004070652,35.8855917171941,1.63806390662118e-15,69.6776477324378,1.03728521069817,63.0238276180304,2.4962872995148,3.07049393341846,4.61696850908683,6.24995882772489,0.780121559069438,6.47456089573589e-18,0.0836174814579111,0.116465131599149,0.136572041530639,0.00756020659916585,0.357173372644287,0.0870918006278572,0.478958866455229,10,1e-05,161.015649368696,4.33946560673429,11.7335979764578,12.4902598359955,2.13662000518665,12.8759058168216,19.3609409337112,2.04756045998368
"678",506,10,0.386,1073838339728200448,0.146927699843639,4,1.03960967670352,5.63834379301874e-17,1.98048383529784,0.0292602605029897,1.79647752388337,0.0713608283898041,0.0866365912735483,0.131977182757878,0.172051431259995,34.5209256285115,1.87224927882513e-15,65.7632731965072,0.971606266591767,59.6532221515254,2.36958341658062,2.87682520765419,4.38238948014762,5.71308135726316,0.750454904967641,7.40019477796496e-18,0.0789839753590215,0.109075069012979,0.129354832863024,0.00718149038117898,0.33660619609898,0.0831513164268833,0.44937338812824,10,1e-05,162.112999840921,4.27980146579013,11.6064847283541,12.3231902031559,2.1130463120841,12.531116561806,19.0891797140994,1.94418117323795
"679",506,10,0.391,1087748162781674496,0.141415048888698,4,1.03883786971357,2.18978075128113e-17,1.94189348564841,0.0284789207313685,1.76635292628178,0.0703687548723302,0.0843138105499147,0.130123310438013,0.16335718922527,33.2010516380523,6.99849571515368e-16,62.0625294593727,0.910180640660388,56.4522881060121,2.24897140577467,2.69465261084535,4.1587151134161,5.22086326753829,0.721761992131573,2.76620383998169e-18,0.0746003104476605,0.102165057975947,0.122497487799421,0.00682075302141718,0.317156303577441,0.0793741814773995,0.421560151814696,10,1e-05,163.18677844189,4.22111259939462,11.4810667101211,12.1590370362985,2.0898837944912,12.1951495579397,18.8210356217542,1.84593623824555
"680",506,10,0.396,1101657985835148672,0.136076561425336,4,1.03808590343293,9.06239262838101e-17,1.90429517167151,0.0277275730897373,1.73680662713329,0.0693959292373569,0.0820500321203236,0.12829374372105,0.155093304617998,31.9245702059382,2.78698505337346e-15,58.5633661913838,0.852714453414975,53.4125402519136,2.13415403062301,2.52330948928447,3.9454563585353,4.76963137190712,0.694012395781265,1.10157511991046e-17,0.0704524927348907,0.0957017885368932,0.115982072561796,0.00647712575781776,0.298763683191527,0.0757537356580558,0.395411047961136,10,1e-05,164.237826151092,4.16336630766058,11.3573032213103,11.9977071659194,2.06711907402524,11.8677166458836,18.5564070918127,1.75255434218338
"681",506,10,0.401,1115567808888622720,0.130907272539475,4,1.03735297663137,2.55314697556924e-17,1.86764883402192,0.0270047257382387,1.70782026348557,0.0684416506811204,0.0798433540391549,0.126487790219396,0.147237210783952,30.6901330359231,7.55349645739042e-16,55.2544721726747,0.79893598820768,50.5259369458026,2.02484921904088,2.36216910993329,3.74214678773959,4.3560192996906,0.667176805128763,2.9855717222887e-18,0.0665273899656134,0.0896544769736617,0.109791599027104,0.00614978397513718,0.281371745410984,0.0722836116445394,0.370825069732854,10,1e-05,165.266956452651,4.10653143861156,11.2351504577045,11.8391063344036,2.04473811812476,11.5485427282234,18.2951939773334,1.66378048185866
"682",506,10,0.406,1129477631942096896,0.125902372151345,4,1.0366383328409,3.67189023787084e-17,1.83191664175065,0.0263089735688246,1.67937639951368,0.0675052639760843,0.0776919590900812,0.124704789130369,0.139767685194075,29.4964408878967,1.04479730217371e-15,52.1252390762648,0.748593852947143,47.7848687700292,1.92079046800794,2.21064203991498,3.54834210205315,3.97694078422423,0.641226975823842,4.12963360542969e-18,0.0628126855361601,0.083994654922033,0.103909995463939,0.00583794831346043,0.264927073831231,0.0689577255306572,0.34770778327172,10,1e-05,166.274938755276,4.0505782153227,11.1145678387008,11.6831471338164,2.0227275529154,11.2373649627893,18.0373006998165,1.57937484269304
"683",506,10,0.411,1143387454995570944,0.121057675212934,4,1.03594132458314,0,1.79706622916868,0.0256390568153467,1.65146118726676,0.0665862400147315,0.0755943207640308,0.122944284225236,0.132665448440776,28.3423545408955,0,49.1659971389446,0.701459842474314,45.1823837598887,1.82173524432197,2.06818763720473,3.3636369257597,3.6295985938667,0.616138142193381,0,0.0592971580088318,0.0786964871323681,0.0983225915592855,0.00554091000956532,0.249380753224197,0.065770574042885,0.325972951210253,10,1e-05,167.262406107146,3.99548335941144,10.9955284103311,11.529761380126,2.00107734990361,10.9339625553094,17.7826612703381,1.49911956738077
"684",506,10,0.416,1157297278049044992,0.116367693875071,4,1.03526112774055,2.77555756156289e-24,1.76305638696584,0.0249935917951123,1.62405288675453,0.0656837860279186,0.073548358331552,0.121205302105464,0.125910273822656,27.2264346985703,7.29946625803894e-23,46.3667941385821,0.657308940380579,42.7111273507877,1.72742437934187,1.93425554349886,3.18759021706639,3.3113267331822,0.59187901518631,2.88516452886915e-25,0.0559692351780241,0.0737345201488849,0.0930138433415902,0.00525790928210162,0.234682052330434,0.0627159548696063,0.305533563859063,10,1e-05,168.230261588264,3.94120843266015,10.8779680561644,11.378835704045,1.97977067933959,10.6380345490757,17.5311348965344,1.42278609419601
"685",506,10,0.421,1171207101102519040,0.111828091666073,4,1.03459709952127,2.1104248285942e-17,1.72985497623875,0.0243714053313795,1.59713629832686,0.0647973328914687,0.0715525010341825,0.119487259723863,0.119484541854099,26.1475263578943,5.3337080548124e-16,43.7188820725159,0.615942151370848,40.364663188187,1.63763263060075,1.80835699967674,3.01981928473215,3.01975059560541,0.568424486041181,2.10818500190214e-18,0.0528187573948572,0.0690862461975238,0.087970166252962,0.00498828686946058,0.220786220899211,0.0597885849579019,0.286312574338226,10,1e-05,169.179168172018,3.88772721735018,10.7618494853651,11.2302927808789,1.95879602460102,10.3493537495842,17.2826372464596,1.35017532295132
"686",506,10,0.426,1185116924155993088,0.10743552509595,4,1.03394875336606,6.83375256112393e-18,1.69743766851935,0.0237715076071698,1.57070190303955,0.0639265020083748,0.0696056244838173,0.117789914273169,0.113372827985238,25.104718956282,1.65926441620312e-16,41.2145142351149,0.577182394874296,38.1373155212312,1.55216287224465,1.69005440042739,2.85998961175354,2.75274086320274,0.545754759919174,6.55835737629691e-19,0.049836741609976,0.0647316381313979,0.0831796006932262,0.00473146692068995,0.207653499762241,0.056983950340465,0.268241298856017,10,1e-05,170.10958023574,3.83502517174055,10.6471585035467,11.0840863630212,1.93814604293122,10.0677575253393,17.0371332004712,1.28111295623319
"687",506,10,0.431,1199026747209467136,0.103185408216315,4,1.03331543914685,3.20872626571492e-17,1.66577195703106,0.0231927818824337,1.54473299676843,0.0630706788294168,0.067706077145319,0.116112566799471,0.107558712512858,24.0968150414371,7.48271828855786e-16,38.8456392202281,0.540853406563657,36.0230224976281,1.47080206557752,1.5788991012261,2.70773370855995,2.50825866267649,0.523843805248633,2.95759616148532e-18,0.047013825656269,0.0606507767622362,0.0786293460908831,0.00448682476458954,0.195242242714801,0.054296881633727,0.251249748524163,10,1e-05,171.02220012166,3.78307256375565,10.5338479342655,10.9401291781302,1.9178080920272,9.79300699829894,16.7945216618755,1.2154134513953
"688",506,10,0.436,1212936570262941440,0.0990737378478415,4,1.03269659249845,1.84140435570227e-17,1.63482962572941,0.022634232152056,1.51921566716741,0.0622293528120152,0.0658524608813145,0.114454642487843,0.102027317660069,23.1227631948303,4.12302676043709e-16,36.6049220789805,0.506795504072116,34.0162486919806,1.39335657664809,1.47448037479387,2.56271552943983,2.2844594654369,0.502668765105007,1.62965484602256e-18,0.0443414861743595,0.0568256203132328,0.0743077221565256,0.00425379306867564,0.183514430144308,0.0517226955097828,0.235274177086886,10,1e-05,171.917621708886,3.73184603889413,10.4218816512233,10.7983509942043,1.8977714822698,9.52489994187333,16.5547194894416,1.15290868955878
"689",506,10,0.441,1226846393316415488,0.0950966276869446,4,1.03209168127884,4.83048240908038e-19,1.60458407055939,0.022094915679593,1.49413682928147,0.0614020306524208,0.0640434369003001,0.112815642876834,0.0967645933735174,22.1815470678608,1.03815944708251e-17,34.4854606727879,0.474860345255412,32.1117464714623,1.31964248688769,1.37641116168224,2.42461550447027,2.07964895110631,0.482207544953495,4.10339702404155e-20,0.0418117013986382,0.0532394138144772,0.070203657214324,0.00403183276461125,0.17243405738086,0.0492569215405674,0.220254776053775,10,1e-05,172.796406185455,3.68132305744312,10.3112244922671,10.6586832503162,1.87802578052212,9.26324271325941,16.3176545857052,1.09343990512075
"690",506,10,0.446,1240756216369889536,0.091250682342577,4,1.03150025379047,0,1.57501268951915,0.0215739914555123,1.46948618070931,0.0605883112726511,0.0622779007138006,0.111195219824193,0.0917577519934477,21.2722730508523,0,32.4809420714059,0.444912965704064,30.3047053702929,1.24949179250873,1.28433561130945,2.29314056817505,1.89228839039481,0.462440718496789,0,0.0394171386981632,0.0498769161639914,0.0663070106676169,0.00382045179671341,0.161968098321895,0.0468954991087327,0.206136764272057,10,1e-05,173.659010667007,3.63148695191463,10.2018530104519,10.5210718745225,1.85856274398208,9.00787555924411,16.0832765953713,1.03686259752596
"691",506,10,0.451,1254666039423363584,0.087531101423164,4,1.0309216559056,3.48657365780167e-17,1.54608279544305,0.0210704592792668,1.44524453593989,0.0597875264863156,0.0605541012431882,0.109592421878546,0.0869927773833424,20.3937220130645,6.89715009360436e-16,30.5846545746969,0.41681643485459,28.589869208798,1.18271857810532,1.19788298211637,2.16796045919343,1.72089363817064,0.443341782892706,2.72614628205706e-18,0.0371499725223552,0.0467226761569708,0.0626066656586562,0.0036191031487864,0.152081251048201,0.0446336254487527,0.19286330755534,10,1e-05,174.506196311266,3.58230173579617,10.0937051618396,10.3854173898913,1.83936791170996,8.75854520381474,15.8514479005129,0.983018384431769
"692",506,10,0.456,1268575862476837888,0.0839354583987225,4,1.03035559914398,5.1562505023225e-18,1.51777996279557,0.020583672687831,1.42140745501465,0.0589994818627838,0.0588713814378228,0.108007260350512,0.0824592626727347,19.5452415132918,9.78110483940246e-17,28.7913958651952,0.390460200583613,26.9632659056116,1.11918557352941,1.11675558358623,2.04883439318774,1.5642038586344,0.424896554636779,3.86604934363734e-19,0.0350041689826975,0.043764213372577,0.0590942658382573,0.00342738570912712,0.142746040171271,0.0424680499271379,0.180388989564055,10,1e-05,175.338203826424,3.53376242560752,9.98678017317638,10.2516989577893,1.82043817523891,8.51515661116668,15.622170137098,0.931789668201902
"693",506,10,0.461,1282485685530311936,0.0804602561366466,4,1.02980163223341,2.77555755878734e-27,1.49008161167137,0.02011286761416,1.39796324159524,0.0582237374754251,0.0572285911042262,0.106439251864422,0.0781459050264211,18.7259313004728,5.04707882950598e-26,27.0956706795463,0.365732744452377,25.4205885903716,1.05874148369426,1.04064572428031,1.935493259769,1.42100653478703,0.407085463053756,1.99489281798655e-28,0.0329733346467944,0.0409889469887506,0.0557607226364084,0.00324485533798828,0.133933391125229,0.0403949570300605,0.168667055979572,10,1e-05,176.155522616228,3.48584960864189,9.88104441373912,10.1198543926581,1.80176343494505,8.27754341731528,15.39537338967,0.883048726798558
"694",506,10,0.466,1296395508583785984,0.0771011056740086,4,1.02925917721002,1.98714351648058e-17,1.46295886072945,0.0196571816275096,1.37489448907535,0.0574596845034433,0.0556241611365728,0.104887522440809,0.0740408055933708,17.9346866528908,3.46256774693113e-16,25.4918385322293,0.34252343896897,23.9573300761751,1.00122637675831,0.96924265763509,1.82764933306019,1.29014992263097,0.389884492454149,1.36860385254195e-18,0.0310508848104446,0.0383844040467669,0.0525964997367658,0.00307104084634674,0.125613331527789,0.0384101154925167,0.157650334290312,10,1e-05,176.958837028003,3.43852972397106,9.77644017462884,9.9897913843162,1.78333067220979,8.04547866679389,15.1709312458386,0.83666110320509
"695",506,10,0.471,1310305331637260032,0.0738557617937814,4,1.02872798724039,6.5409138205757e-19,1.43639935183204,0.0192160731462745,1.35219730320213,0.0567071428226667,0.0540575263606936,0.103352086118627,0.070135150488595,17.1709125538264,1.09177023108417e-17,23.9755192515407,0.320743204924108,22.5700689947088,0.9465217265036,0.902295912552756,1.7250912340385,1.17065400273561,0.373280707691877,4.3152973560639e-20,0.0292317365058194,0.0359405364880412,0.0495943992360838,0.00290559554954739,0.117762472652556,0.0365106462864373,0.147301106110762,10,1e-05,177.748354836052,3.39179989043269,9.67296550125045,9.86149017122735,1.76513609755575,7.81888061281072,14.9488457361982,0.792527200521124
"696",506,10,0.476,1324215154690734336,0.0707207024230474,4,1.02820763408051,5.03540557256834e-19,1.41038170438975,0.0187888421387115,1.3298598900591,0.0559657063119134,0.0525275262883641,0.101832413734967,0.0664189712587156,16.4337179428745,8.04802767113931e-18,22.5419597691071,0.300299785710987,21.2549893741229,0.894493098007592,0.839541083578754,1.6275751213023,1.06156636416896,0.357254737888575,3.1810386051934e-20,0.0275103442949537,0.0336469458120922,0.0467463557981373,0.00274812381536628,0.110355341609281,0.0346930094958691,0.137579516509212,10,1e-05,178.524555662516,3.34563707308061,9.57058760737272,9.73489188681674,1.74717166837011,7.59758140234899,14.7290403226256,0.750534375223487
"697",506,10,0.481,1338124977744208128,0.0676928345495133,4,1.02769773228369,3.31993726427072e-17,1.38488661528192,0.0183748739534193,1.30787169164614,0.0552349584830008,0.0510331843287849,0.10032805414567,0.062883214537609,15.7223165981961,5.07903278515795e-16,21.1867995170939,0.281109490341717,20.0085804998183,0.845016464742216,0.780735284146534,1.53487682361038,0.962023926505717,0.341789491265132,2.00752283998338e-18,0.0258816288608053,0.0314941999021139,0.0440449588857548,0.00259826105777297,0.103368621504033,0.0329539874726984,0.128449175326672,10,1e-05,179.287872611221,3.30002512434279,9.46926992690017,9.60993523672374,1.72942723863199,7.38143978131545,14.5114497516297,0.710580324274982
"698",506,10,0.486,1352034800797682432,0.0647691489286178,4,1.02719794774778,3.83303727660232e-20,1.35989738775272,0.0179735791238871,1.28622424547613,0.0545146181726622,0.0495735805666047,0.0988386778128427,0.0595192954110947,15.0359465296473,5.6107339061087e-19,19.9059435943087,0.263094153610507,18.8275288346504,0.797975585645889,0.725649528717375,1.4467835317559,0.871233188545316,0.32686840281842,2.21768138581372e-21,0.0243408125505216,0.0294734917283063,0.0414832078387425,0.00245566528683581,0.0967801780914987,0.0312905057276123,0.119875774103433,10,1e-05,180.038661038166,3.25494723622404,9.36899499996811,9.48658202383836,1.7118976100108,7.1703226931537,14.2960263588496,0.67256803814537
"699",506,10,0.491,1365944623851156480,0.0619469948144483,4,1.02670797846602,5.55556741286063e-23,1.33539892330027,0.0175844387345934,1.26491001271654,0.0538043815127241,0.0481479523209372,0.0973640198423058,0.0563193782146912,14.3739330828652,7.77780594917698e-22,18.6956127399797,0.246182508534146,17.70876652366,0.753262461819311,0.674072335321817,1.36309830569645,0.788472468029365,0.312476806149243,3.07423160046521e-24,0.0228834920831466,0.0275767922741085,0.0390546303678531,0.00232001915006203,0.0905696399351097,0.0296997533015331,0.111827840564955,10,1e-05,180.777242331438,3.21039238542689,9.26974001527979,9.36478846563292,1.69457617470917,6.96411982370035,14.0827318299911,0.63640897382601
"700",506,10,0.496,1379854446904630528,0.059222690761473,4,1.02622735875849,3.77864249918432e-18,1.31136793709799,0.0172068058165622,1.24391408139244,0.0531037283882091,0.0467550172449971,0.095903285979791,0.0532747933455546,13.7353636872301,5.05745910273817e-17,17.551778745798,0.230301534809937,16.6489542086091,0.710757724723254,0.625784491693604,1.2836010465814,0.713047314240847,0.298594862765872,1.99899569278189e-19,0.0215049527521223,0.0257958800811074,0.0367521507186757,0.00219097002608992,0.0847152970862046,0.0281784195361486,0.104272631838547,10,1e-05,181.504189143573,3.16633191677734,9.17145151045421,9.24447451122897,1.67745077846452,6.76264569431638,13.871451284117,0.602005164804767
"701",50.6,10,0.001,0.014755361876439,1.0731133918012,4,0.0202170607729558,1.23076959214523,12.5493326424803,0.609576400314169,3.52857088470425,0.138607245610941,0.39634956611396,0.110237810062227,9.42327190354035,4.90311489677977,298.490704930922,3043.50966319986,147.836679261702,855.761807486885,33.6155318712661,96.1241341543159,26.7352734788986,2285.36607598573,0.106589454277821,11.7980515782973,4.43052246590351,19.6006105612524,2.19530293175213,0.108679172266581,12.8628636683783,0.580148779584583,54.8002038982934,10,1e-05,16.948818000454,9.98469945899501,5.70284926530962,11.9875713229799,1.62029136763246,57.3280012427232,15.9447968474006,106.482972510006
"702",50.6,10,0.006,0.0885321712586337,1.0774993735195,4,0.120698084044306,1.13028857989291,12.5493332770071,0.609576458605483,3.5285705745167,0.138607243794416,0.396349534733396,0.110237787342029,9.42327288675198,29.3917768470602,275.242063501174,3055.94911615815,148.44092501068,859.259363862208,33.752923347947,96.5170008336156,26.8445391766219,2294.70696282716,0.638951670588266,10.8791329447104,4.44863116658527,19.6807234246675,2.20427532107285,0.109123361161136,12.9154364515497,0.582519875611792,55.0241894043505,10,1e-05,16.9488168404157,9.98469930048234,5.70284858316321,11.9875702828013,1.62029074559024,57.3279967038385,15.9447935611511,106.482983620297
"703",50.6,10,0.011,0.162308980640828,1.08188622545482,4,0.220384054829811,1.0306026118204,12.5493333338839,0.609576444048623,3.52857078408285,0.138607245910475,0.396349556847049,0.110237804085246,9.42327273190018,53.8852869500369,251.988817940053,3068.39089720082,149.045272948213,862.757740666189,33.8903430423224,96.9099584800552,26.9538361587125,2304.04942662038,1.17141928152254,9.96003232964635,4.46674299242672,19.7608501163012,2.21324983416893,0.109567640301541,12.9680194049108,0.584891560179946,55.248208711014,10,1e-05,16.9488142878419,9.98469811042232,5.70284832205173,11.98757030912,1.62029120863817,57.3279999023571,15.94479598289,106.482981870472
"704",50.6,10,0.016,0.236085790023023,1.08627264234298,4,0.319255124117136,0.93173154016471,12.5493332134227,0.609576442275352,3.5285707327308,0.138607245384359,0.396349553088498,0.110237797962381,9.42327265841825,78.3763722399139,228.737872952117,3080.8314009615,149.649564061268,866.255706899494,34.0277484642902,97.3028708494277,27.0631167217788,2313.3909835803,1.70383417912856,9.04102264632872,4.48485292511542,19.8409684698561,2.22222320342289,0.110011872335552,13.0205972815221,0.587262932750435,55.4722075296664,10,1e-05,16.9488157691769,9.98469870607823,5.70284846909664,11.9875703812128,1.62029118133731,57.3279993587204,15.9447950972788,106.482981040126
"705",50.6,10,0.021,0.309862599405218,1.09065905925654,4,0.417330910364773,0.833655754999066,12.5493332610483,0.60957643243077,3.52857087231666,0.138607246661101,0.396349568567755,0.110237807273259,9.42327256439508,102.867456809949,205.486929536985,3093.27194598694,150.253853184818,869.753720115329,34.1651543303951,97.6957879555305,27.1724010775855,2322.73253538545,2.23624906108584,8.12201302517726,4.50296304052332,19.9210872510921,2.23119676870941,0.110456105908301,13.0731750593311,0.589634354578083,55.696205311259,10,1e-05,16.9488138015091,9.98469775615678,5.70284857179943,11.9875706190654,1.62029126445068,57.32800159764,15.9447964440042,106.482979977664
"706",50.6,10,0.026,0.383639408787413,1.09504547596398,4,0.514620988575106,0.73636567409939,12.5493331410102,0.609576455348037,3.52857054400002,0.138607243807744,0.396349528172012,0.110237788915707,9.42327277755992,127.358545094813,182.235981417561,3105.71244902873,150.858150368364,873.251617646898,34.3025591704563,98.0886912458996,27.2816785993261,2332.07416258818,2.76866402380029,7.20300321808541,4.52107284608892,20.0012057701345,2.24016989840704,0.110900336825795,13.1257524080245,0.592005692137607,55.9202081929231,10,1e-05,16.9488184383044,9.98470004494374,5.70284839698648,11.9875699798561,1.62029117698572,57.3279957547998,15.9447937887678,106.482982386427
"707",50.6,10,0.031,0.457416218169608,1.09943189011688,4,0.611134658445051,0.639852003785364,12.5493330945493,0.609576437116326,3.5285707231164,0.13860724524806,0.39634954881285,0.110237799708863,9.4232725431662,151.84961077894,158.985055729201,3118.15296286936,151.462437021071,876.749638573094,34.439964991695,98.4816093932125,27.3909632641506,2341.41567356766,3.30107849519436,6.28399429759687,4.53918294785647,20.0813241685092,2.24914347251946,0.111344569870399,13.1783302056175,0.594377115279047,56.1442044653347,10,1e-05,16.9488167482313,9.98469910295601,5.70284865864976,11.9875706232217,1.62029111569453,57.3279987402906,15.9447953498899,106.482979737778
"708",50.6,10,0.036,0.531193027551802,1.10381830557567,4,0.706881317057707,0.5441053385234,12.5493328537324,0.609576424275205,3.52857069503146,0.138607242901026,0.396349539590194,0.110237804038195,9.42327232171868,176.340689506128,135.734115818128,3130.59343183691,152.066725162287,880.247609206749,34.5773699118928,98.8745202485886,27.500246370424,2350.7571900931,3.83349325013322,5.36498481494576,4.55729276643787,20.1614419279509,2.25811683381101,0.111788799590117,13.2309072912084,0.596748516497003,56.3682030348468,10,1e-05,16.9488191790345,9.98469920369102,5.70284908900285,11.9875704247202,1.6202911481804,57.3279974063257,15.9447959760846,106.482977235421
"709",50.6,10,0.041,0.604969836933997,1.10820472671547,4,0.801870152073624,0.449116511729139,12.5493331897177,0.609576449641996,3.52857065449186,0.138607246094108,0.396349542227306,0.110237793293473,9.42327271254755,200.83180215925,112.483147298589,3143.03406090179,152.67102363002,883.745581195772,34.7147763929423,99.2674345648862,27.6095258514553,2360.09887162536,4.3659087425924,4.44597420152524,4.57540308326505,20.2415621320997,2.26709031456637,0.112233036915274,13.2834858826653,0.599119886078502,56.5922043720794,10,1e-05,16.9488163287082,9.98469963694649,5.7028484589162,11.9875706065155,1.62029110930194,57.3279977877575,15.9447944219679,106.482981651787
"710",50.6,10,0.046,0.678746646316192,1.11259114520702,4,0.896109884337293,0.354876774168072,12.5493329324911,0.609576418439274,3.52857084316608,0.138607245453854,0.396349561893944,0.11023780829099,9.42327225025831,225.322886472832,89.2322029868604,3155.47453396145,153.275307559055,887.24360862735,34.8521818334895,99.6603529311938,27.7188117179782,2369.44033377981,4.89832361897461,3.52696454493519,4.59351298505723,20.3216798043811,2.27606386840679,0.112677268354906,13.3360634504761,0.601491323610996,56.816199563722,10,1e-05,16.9488164454274,9.98469885377325,5.70284887118556,11.987570909944,1.62029123555564,57.3280006323401,15.9447965912088,106.482976427919
"711",50.6,10,0.051,0.752523455698387,1.11697756037226,4,0.989609470882021,0.261377196173858,12.5493333537432,0.609576447068782,3.52857075611942,0.138607245827927,0.396349556975755,0.110237800382706,9.42327278345103,249.813975386601,65.9812566197432,3167.91516835029,153.879606071845,890.741564178286,34.9895874246238,100.053264832422,27.8280917490951,2378.78203923021,5.43073859536089,2.60795480710447,4.6116231458773,20.4017997818091,2.28503729602066,0.113121503533238,13.3886416679127,0.60386270283587,57.0402029525424,10,1e-05,16.9488147576481,9.98469809394873,5.70284794764435,11.9875698230415,1.620291552103,57.3279999209733,15.9447954473546,106.482982452997
"712",50.6,10,0.056,0.826300265080581,1.12136397732217,4,1.08237761025197,0.168609057624017,12.5493334576859,0.609576465510777,3.52857060530647,0.138607245641667,0.396349539088081,0.110237789179596,9.42327304489676,274.305073211235,42.730299904177,3180.35572822074,154.483902305457,894.239504819651,35.1269929304007,100.446173596926,27.9373709739932,2388.12368067011,5.96315376546163,1.68894466024415,4.62973334211524,20.4819190137035,2.29401062042439,0.113565735846054,13.4412193262034,0.606234058278472,57.2642048850566,10,1e-05,16.9488152265515,9.98469871663543,5.70284808834802,11.9875700231211,1.62029108860785,57.3279973337001,15.9447938269367,106.482985407333
"713",50.6,10,0.061,0.900077074462776,1.12575039413039,4,1.17442262700642,0.0765640267388011,12.5493326875652,0.609576404669386,3.52857085339712,0.138607245505215,0.396349561878413,0.110237808915308,9.42327198274933,298.796122161555,19.4793882206957,3192.79606551656,155.088178384867,897.737546537909,35.2643984440419,100.839092662555,28.046658044592,2397.4649855786,6.49556787307729,0.769936293308131,4.64784288590477,20.5620350574278,2.3029841336785,0.114009965888753,13.4937965495552,0.608605502182424,57.4881951440445,10,1e-05,16.9488181771107,9.98469936920048,5.70284916131314,11.9875712736296,1.62029130070141,57.3280006300936,15.9447966815101,106.482973405067
"714",50.6,10,0.066,0.973853883844971,1.13002058816729,4,1.24921785127449,0,12.4608925634837,0.602381559355633,3.55906251545856,0.138626752441116,0.399175748760726,0.112661313809768,9.29921288631043,319.03106737646,0,3182.32072247106,153.839005464946,908.929945251639,35.4031450584064,101.943360053658,28.7719705254733,2374.87625545359,6.93545798644478,0,4.61131244314092,20.3376441213045,2.32315714233301,0.114171963203639,13.4879112319748,0.617312240113742,56.6541384867925,10,1e-05,17.2390399113145,10.0409056760037,5.8213222211666,12.1394960386856,1.64601780841495,57.7367803007514,16.2953324294449,105.081105615308
"715",50.6,10,0.071,1.04763069322717,1.12892953279989,4,1.23864963806207,5.55111512312579e-24,11.9324819030125,0.55953746832088,3.73618548669443,0.138930492183327,0.414156690041135,0.127707204528447,8.56300251400849,316.026683527237,1.41630082335795e-21,3044.4304556999,142.759312229188,953.243170724171,35.446458252873,105.667140402264,32.5829702520264,2184.74797261587,6.87014529407036,5.59802696979425e-23,4.29853633053364,18.567958120379,2.38640562765716,0.112733554196884,13.1329634385765,0.65669389502107,50.7364921478613,10,1e-05,19.0642740771236,10.3411537505638,6.57227339250125,13.0790346100321,1.80614205135082,59.9036236475497,18.4715700629946,96.7619284082959
"716",50.6,10,0.076,1.12140750260936,1.12078890751404,4,1.22868373327343,2.77555756156289e-21,11.4341866783885,0.519430322684129,3.89378765070686,0.139542423310023,0.425018682972393,0.142719441820681,7.87811806745885,311.223492395652,7.03043992739607e-19,2896.25996860168,131.570814119323,986.289765610792,35.3458576392116,107.65650693174,36.1505910051024,1995.5138593132,6.76572809555764,2.77883001082849e-20,3.9990619826852,16.8733825589204,2.42518258468285,0.11111714783739,12.7066506676386,0.691919760942212,45.4496913640208,10,1e-05,20.9536577964313,10.5639719318712,7.3538378500526,14.0200945811703,1.96806124160016,61.4747023051269,20.6429400649433,89.022734162285
"717",50.6,10,0.081,1.19518431199156,1.10705454453392,4,1.21932940489671,1.01540705662796e-16,10.966470245419,0.482148142390406,4.03130259497616,0.140437472878587,0.432003837931415,0.157405027065099,7.24564765962996,305.069299928291,2.54049085229744e-14,2743.74864332728,120.630730030846,1008.6090399441,35.1366590215202,108.084909520603,39.3818448231478,1812.81994034878,6.63194130278893,1.00414658193575e-15,3.71582862059363,15.2811806525602,2.44145148346892,0.109390162700801,12.2239654336589,0.722258451974885,40.7498024460723,10,1e-05,22.9111806203502,10.7144979156495,8.15886106850357,14.9570301375892,2.13051346835651,62.4850351183999,22.7670631146959,81.8758185538185
"718",50.6,10,0.086,1.26896112137375,1.08899377642808,4,1.21057270607826,9.73540225131386e-17,10.5286353039033,0.447677485898166,4.14878129462624,0.141574279921104,0.435472487796244,0.171488871170063,6.66484396554858,297.937188280242,2.39600509657127e-14,2591.22974037236,110.179067093756,1021.06732417168,34.8432132004195,107.175263357562,42.2055708353779,1640.30203345234,6.47689539739656,9.47037587577576e-16,3.45041501884508,13.8066107548411,2.43770492971275,0.10759120765279,11.7005190496611,0.747187974352535,36.585812478237,10,1e-05,24.9417547851321,10.7998276401467,8.9796144026959,15.8831053852608,2.29207001522424,62.9867406348487,24.8041503260379,75.312736810699
"719",50.6,10,0.091,1.34273793075594,1.06767337138499,4,1.20238179518664,4.22028700394987e-17,10.1190897440262,0.415924984083221,4.24675017949932,0.14289871658796,0.435855235472371,0.184730046490457,6.13354541519669,290.127731640699,1.01833070014058e-14,2441.67748169148,100.36027877986,1024.71611043614,34.4806289183685,105.169332484524,44.5742854463612,1479.98882330883,6.30712460088477,4.02502253019994e-16,3.20329863160831,12.4555205679835,2.41665809704299,0.105735918524052,11.151100793094,0.766412430753033,32.9032121518319,10,1e-05,27.0513747685741,10.8281705727408,9.80806903522254,16.7906895583618,2.45117775945637,63.0421012587238,26.7193539243797,69.3090631917226
"720",50.6,10,0.096,1.41651474013814,1.04397047982235,4,1.19471470510205,6.91176974387058e-17,9.73573525510781,0.386749135694201,4.32603316235588,0.144347299952538,0.433608442590467,0.196929284926891,5.64876320283831,281.87779576958,1.63074448816021e-14,2297.0233664878,91.2485578521109,1020.67270706844,34.0569163183075,102.304417533759,46.4629693772206,1332.754099067,6.12777816890391,6.44563038798502e-16,2.97420667193053,11.2272997567632,2.38101501164457,0.103823607597077,10.5888535933371,0.779849942137605,29.648197439759,10,1e-05,29.2466809952846,10.808075636402,10.6358477833652,17.6712345855752,2.60615989916503,62.7171251362852,28.4838517718255,63.8310241920729
"721",50.6,10,0.101,1.49029154952033,1.01859350119258,4,1.18752466311917,0,9.37623315958371,0.359981646584958,4.38763077912814,0.145850663721094,0.429181569105509,0.207935101899873,5.20708091100284,273.370708385157,0,2158.42885661615,82.8685422617699,1010.04195657906,33.5751336356705,98.7985119096867,47.8671036230963,1198.68112340571,5.94284148663384,0,2.76238600356613,10.117148557702,2.33332731841513,0.10184327898396,10.0248318217393,0.787613892984524,26.7700219343073,10,1e-05,31.5346120971941,10.747834975002,11.4542480075788,18.5154776115145,2.75525770377499,62.0768221554209,30.0757331387976,58.8400142943321
"722",50.6,10,0.106,1.56406835890253,0.992106705489536,4,1.18076375502003,1.18485969603658e-19,9.03818775134852,0.33544277835771,4.43262932473275,0.147336779813398,0.422994564060681,0.217645633054174,4.80493705535533,264.746262403689,2.65664638387494e-17,2026.50734823049,75.2116767159797,993.866928379824,33.0352804312923,94.8421980061908,48.7996583860247,1077.34432148854,5.75535353051498,1.05005785923911e-18,2.56680550815306,9.11778248813369,2.27591449438815,0.0997786457127724,9.46788610967749,0.789982958611732,24.2222849903233,10,1e-05,33.9221631731213,10.6551214382242,12.2543064182395,19.3137368349654,2.89668529767404,61.1819337457369,31.4802643649557,54.2957887255152
"723",50.6,10,0.111,1.63784516828472,0.96495456054665,4,1.17438546640019,1.20123218202304e-18,8.71927332439107,0.312951537336573,4.4621458746675,0.148734145571275,0.415424717485571,0.226007639261396,4.43881180650591,256.109666231221,2.61964390743989e-16,1901.4967783394,68.2483869793605,973.103570618171,32.4359024096306,90.5957105085403,49.2876851025485,968.01488331774,5.56760143980914,1.03543237448217e-17,2.38630251198719,8.22064332095771,2.21083440126623,0.0976122313015448,8.92476594604531,0.787366889000352,21.9634466731493,10,1e-05,36.4159688033496,10.5367593418453,13.0269143342998,20.0563067441571,3.02870126314577,60.087031137113,32.6897449427683,50.1585734135168
"724",50.6,10,0.116,1.71162197766692,0.937484026550425,4,1.16834634451146,4.95711309361656e-17,8.41731723208581,0.292332403538406,4.47729553348418,0.149974784478007,0.406800858759558,0.233012292988043,4.10534495672917,247.539164013525,1.0502704415337e-14,1783.38870203631,61.9368726798388,948.610828121858,31.7753660523652,86.1894633987424,49.3686384025562,869.805142413326,5.38128617420707,4.15126656732689e-16,2.21968257912048,7.41672576107692,2.13988290797262,0.0953285194767205,8.40035930919291,0.78026901558654,19.9568637444064,10,1e-05,39.0218018099524,10.3986455864321,13.7629966208232,20.733899010092,3.14968466345055,58.8396762109825,33.7028980577905,46.3903980110397
"725",50.6,10,0.121,1.78539878704911,0.909963869721148,4,1.16260707667519,1.38117203766547e-21,8.13035383299466,0.273419373751871,4.47917864199438,0.150997195360614,0.397402869907632,0.238689089887211,3.80140292706865,239.092278187179,2.84040563384706e-19,1672.02218135272,56.2291958154928,921.151305034584,31.0528502388689,81.7266292547131,49.0868492240407,781.76548584194,5.19765822146042,1.12268997385259e-20,2.06578413027728,6.6971106674501,2.06461197643491,0.0929163293303697,7.89798796851595,0.769250103839264,18.1705336785675,10,1e-05,41.7439209647914,10.245754776872,14.4537818221054,21.3381309380924,3.25821736099418,57.4803511034399,34.5239899612862,42.9558530758758
"726",50.6,10,0.126,1.85917559643131,0.882600441841441,4,1.15713308026538,1.65701534224847e-20,7.85665401317294,0.256057947695724,4.46888106461993,0.151749126797588,0.387464499571504,0.243098774161778,3.5241068594333,230.810673948016,3.30521038944679e-18,1567.14870457332,51.0752898567564,891.39742689051,30.2690492774964,77.2866525054483,48.4903533199033,702.945489298496,5.017623346696,1.30640726855604e-19,1.9235153938997,6.05327973768776,1.9863551156782,0.0903704222256444,7.41970454367176,0.754895765845641,16.5766631858916,10,1e-05,44.5843692838357,10.082207165318,15.091150394803,21.8620338395934,3.35315989250687,56.0428652180224,35.1618066947595,39.8224075115963
"727",50.6,10,0.131,1.9329524058135,0.855550775579691,4,1.15189487718221,1.96603614762269e-19,7.59474385783086,0.24010609355602,4.44748238026895,0.152190014164462,0.377178099899106,0.246325908079581,3.27084153750162,222.724029556449,3.80141887707084e-17,1468.47771352456,46.4255877312973,859.94062195844,29.426620331779,72.92907359348,47.6282167048457,632.431849210957,4.84182672948803,1.5025371055616e-18,1.79187498598923,5.47729476255218,1.90625601685228,0.0876924415434341,6.96657181758699,0.737789158258689,15.1512034614974,10,1e-05,47.5422240653817,9.91136589513858,15.6680444043971,22.3005161823856,3.43372037067537,54.5550403694066,35.6285793446306,36.9605093737683
"728",50.6,10,0.136,2.0067292151957,0.828932936568677,4,1.1468681992956,7.48549292841333e-20,7.34340996580999,0.225434297025399,4.41606663842053,0.152292857269387,0.366700038969272,0.248471785565137,3.03924816238225,214.85296229165,1.4023235894679e-17,1375.70593154936,42.2326005270624,827.30081758717,28.530367779213,68.6971612722381,46.5484169910316,569.369236350212,4.6707165715576,5.54278098603914e-19,1.66995907222193,4.96187686597603,1.82529497609752,0.0848911645353824,6.53890217775903,0.718489608745472,13.8733737980265,10,1e-05,50.6129659577614,9.73594604583682,16.1788833661196,22.6507417393914,3.49950595065996,53.0394936365154,35.9389590641415,34.3435042349195
"729",50.6,10,0.141,2.08050602457789,0.802834229970746,4,1.14203391007691,1.11077813613747e-22,7.1016955038129,0.211925103082451,4.37573213552131,0.152045305629745,0.356156132051795,0.249648104218467,2.82720911150264,207.21124474414,2.01540180368304e-20,1288.53543853162,38.4518042894956,793.935183944967,27.5871817456985,64.6211594896867,45.296285834139,512.970336499887,4.50459227704652,7.96601503432032e-22,1.55696068996604,4.50042550950731,1.74431189280619,0.0819821073918967,6.1364555670282,0.697517272689616,12.7252176435441,10,1e-05,53.7880358334305,9.55811774465811,16.6199414298836,22.9123724141548,3.55054488391084,51.5144229399717,36.1091017941591,31.9474629599799
"730",50.6,10,0.146,2.15428283396009,0.777317671499308,4,1.13737765041995,3.3273384048016e-21,6.86888252087271,0.199472367517035,4.32759246358751,0.151449586961881,0.345646541168953,0.249971256702809,2.63282831088228,199.807446785792,5.84526160690995e-19,1206.68265132552,35.0420675517759,760.244585920598,26.6057235048035,60.7210391867723,43.9133989956483,462.518937688378,4.34364014751723,2.31038008178259e-20,1.45216269478269,4.08700067821009,1.66402308635624,0.0789864604602199,5.75859803524912,0.675342605936821,11.6912062044573,10,1e-05,57.054816234588,9.37960316328626,16.9895914140442,23.0875934591116,3.58727753239312,49.9943157146774,36.1558425694943,29.7509599129697
"731",50.6,10,0.151,2.22805964334228,0.752424611605018,4,1.13288883626194,2.04301245307809e-17,6.64444181414455,0.1879792333255,4.27276378405209,0.150521237037937,0.335249011098605,0.249557501849291,2.45439280256521,192.645438031227,3.47410104441599e-15,1129.87379060281,31.9654855671931,726.574774537156,25.5958296295463,57.0084111745045,42.4367446468681,417.36449457036,4.18794430502668,1.37316246814861e-16,1.35491816890332,3.71624962268949,1.58502582195077,0.0759292475610515,5.40439076783368,0.65237813042469,10.7578026045972,10,1e-05,60.3973467347445,9.20174032877871,17.2884053903985,23.1809354318391,3.61051940773401,48.4904169653022,36.0959970674814,27.7346386689869
"732",50.6,10,0.156,2.30183645272448,0.728188654527386,4,1.128561663573,0,6.42808317965976,0.177361660813084,4.2123705490645,0.149287195392005,0.325026618121246,0.248519308515579,2.29042130824451,185.72811065274,0,1057.87373664376,29.1885213084023,693.232500003659,24.5682886808517,53.4898372361771,40.8989806416001,376.936091229822,4.03756762288566,0,1.26467669590777,3.38350305445309,1.50783792425792,0.0728386685990405,5.07282445862664,0.628985404649615,9.91352695378324,10,1e-05,63.7958039955796,9.02562240396153,17.5189057983141,23.1988455825458,3.62137860312098,47.011850045057,35.9458327836934,25.881760783163
"733",50.6,10,0.161,2.37561326210667,0.704626254004423,4,1.1243919104912,1.92119020027724e-16,6.2195955245897,0.167541521607696,4.14749442869831,0.147782467546175,0.315025407452219,0.246962027883649,2.13955187663898,179.054389542437,3.05940958215606e-14,990.442806876635,26.6802389759029,660.469962592326,23.5336978722976,50.166389045856,39.3275998611121,340.714079843041,3.89248672918341,1.20925279927117e-15,1.18092198321093,3.08453062770769,1.43286324414426,0.0697426854804067,4.7627085209734,0.605463727635602,9.14821868768472,10,1e-05,67.2293206921999,8.85206043611488,17.6854127169636,23.1492248625581,3.62118243902793,45.565274933889,35.720587713091,24.1769362060204
"734",50.6,10,0.166,2.44939007148887,0.681737704748047,4,1.12037579050485,3.31655513344665e-20,6.01878952551741,0.158445675109369,4.07913638264793,0.146046263897829,0.305276147036221,0.2449810513815,2.00052414684395,172.619346891537,5.10990674662258e-18,927.331280966248,24.4121563380474,628.483642918508,22.5017453105017,47.034726713625,37.7448972466828,308.226199276712,3.7525944976421,2.01972598680734e-19,1.10316053175948,2.81550124225787,1.36039231226216,0.0666669328622943,4.47271892408329,0.582050619393578,8.4528377990759,10,1e-05,70.6776376563242,8.68161514351335,17.7935337875879,23.0407247767704,3.61136459608614,44.155141907319,35.4340592718202,22.6059228593367
"735",50.6,10,0.171,2.52316688087106,0.659532131216486,4,1.11651311760781,3.9107601946201e-17,5.82565588034613,0.150014218693751,4.00826050520149,0.144120599718372,0.295806177591624,0.24266238530072,1.87230174418925,166.421038373072,5.82915473318573e-15,868.338835900669,22.3602586051376,597.448310123409,21.4817895802871,44.0911713938854,36.1698626724219,279.074554075358,3.61784866028417,2.30401372853191e-16,1.03099035742654,2.57320244277766,1.29068117461425,0.0636364696486728,4.20172775110226,0.558949610875697,7.81997324260925,10,1e-05,74.1188738311877,8.51480177358155,17.8495553433303,22.8822826349808,3.59338377103331,42.7854055268525,35.0986874098961,21.1570097093385
"736",50.6,10,0.176,2.59694369025326,0.637997152389853,4,1.11280102090572,1.01725585988983e-24,5.64005104530385,0.142187029486117,3.93568070038735,0.14204527134673,0.286627551424256,0.240079359978503,1.75386334614086,160.451837448248,1.46675433260722e-22,813.224050409623,20.5015719016747,567.4753959812,20.4811321703027,41.3280689227641,34.6164082511332,252.88491943725,3.48808342278801,5.79744795496926e-24,0.963985699245057,2.35461842732184,1.2238582582797,0.0606706354460694,3.94842494766837,0.536303096634627,7.24271132400801,10,1e-05,77.5353103491044,8.35188169019237,17.8601359732483,22.6824915036948,3.56863700699387,41.4578090380043,34.7250786272907,19.8186558113917
"737",50.6,10,0.181,2.67072049963545,0.61712315059197,4,1.10923751765447,9.94671922734086e-17,5.46187588181565,0.134912221058246,3.86212025731052,0.139857685024395,0.277748481625264,0.23729491602277,1.64432923551929,154.705170272841,1.38726725992445e-14,761.766911826211,18.8161848102985,538.649263581377,19.5059278389864,38.7375340799145,33.0954820801669,229.334322286118,3.36315587549655,5.48326980207293e-16,0.901770627330595,2.15715697295343,1.16000692304576,0.0577857538977769,3.71162896208495,0.514222199248557,6.71519304731041,10,1e-05,80.9105733003401,8.19305752552194,17.8317991649447,22.4493564847208,3.53841613139575,40.1735403822783,34.3223366535334,18.580920361368
"738",50.6,10,0.186,2.74449730901765,0.596901399292849,4,1.10582067769644,5.89852239702652e-18,5.29103388565616,0.128144085751026,3.78820373332226,0.137591655936021,0.269173389607167,0.23436221439785,1.54292691779448,149.174895633778,7.95708997595248e-16,713.758969792213,17.2866008056712,511.027608685179,18.5610753427863,36.3114138774153,31.6153962196912,208.140403389817,3.24293251377778,3.14509485215513e-17,0.84400335628784,1.97856109302534,1.09916555917301,0.0549947718835972,3.49025249126717,0.492789949131436,6.23237443653148,10,1e-05,84.2303630842183,8.03847437443866,17.7707075621834,22.1901085972671,3.50388244375956,38.9332390727806,33.8981506905051,17.4350741710777
"739",50.6,10,0.191,2.81827411839984,0.577314693413509,4,1.10254678849658,8.3323223115e-17,5.1273394235492,0.121839133438742,3.714424576599,0.13527565577624,0.260899803555446,0.231324238807981,1.44892964965014,143.85272022554,1.08714409475507e-14,668.979975537326,15.8967319645318,484.632566156189,17.6498369654143,34.0404115628841,30.1815953334787,189.046373081206,3.1272330483813,4.29701223223349e-16,0.790345209738327,1.81678199184828,1.04130734939404,0.0523060987699426,3.28319725607596,0.47205640224866,5.78967768459012,10,1e-05,87.4841942026008,7.88815810789965,17.6824595395962,21.9109646170809,3.46603301011551,37.7365475862597,33.4587379011864,16.3729050410466
"740",50.6,10,0.196,2.89205092778203,0.558346466977277,4,1.09941187466838,1.50288576481739e-18,4.97059373060887,0.115958639499844,3.64118641624012,0.132933841033058,0.252923029848654,0.228216207689912,1.3616929236098,138.730718330113,1.89643596294708e-16,627.22083930786,14.632391849732,459.467847071612,16.7744297490511,31.9154217100997,28.797759199159,171.826993859241,3.01588518108942,7.49579431994894e-18,0.740485591807754,1.67002891200115,0.986377083680861,0.0497253119646713,3.08945452162163,0.452053089256853,5.38312034536838,10,1e-05,90.6637955487039,7.74209648281599,17.5720289561638,21.6172498961301,3.42571977451833,36.5827870373094,33.0091922802689,15.3871300367907
"741",50.6,10,0.201,2.96582773716423,0.539979227864276,4,1.09641134290407,7.413790792302e-18,4.82056714509877,0.110467498798806,3.56880339109869,0.130585853885707,0.245236021492545,0.225066219207962,1.28063568592094,133.800893182032,9.0474422423184e-16,588.279384222503,13.4809349634378,435.520012092624,15.9360845725714,29.9274528017916,27.4660248181718,156.282767162141,2.9087150691746,3.57606412739858e-17,0.694134404750341,1.53671996434819,0.93429263613752,0.0472552940894519,2.90808218728199,0.432795021283018,5.00918867384156,10,1e-05,93.7633254910183,7.60023482744207,17.4437082372937,21.3133824466581,3.38364965223223,35.4709381486817,32.5535779462396,14.4711832509067
"742",50.6,10,0.206,3.03960454654642,0.52219672772824,4,1.09354044806698,0,4.67702240334385,0.105334393135462,3.49752248974239,0.128247644935473,0.237830845728907,0.221896893226856,1.20524112203195,129.055773057905,0,551.965629565548,12.4311922432427,412.765224641665,15.1353331184595,28.0679546026993,26.1874859271647,142.238291230982,2.8055602838675,0,0.651026156770332,1.41546882811094,0.884958342184029,0.0448970377735742,2.73822017843009,0.414286645758014,4.6648072060665,10,1e-05,96.7786479931005,7.46250323386127,17.3011789501189,21.0030185536195,3.34040642779974,34.3998535262291,32.0951666363325,13.619224678961
"743",50.6,10,0.211,3.11338135592862,0.504975532985697,4,1.09079303257491,1.67379075889281e-23,4.53965163127661,0.100528976926044,3.42750085591368,0.125930843222901,0.230695649718405,0.218724838672064,1.13501439686675,124.486177218362,1.91020484010725e-21,518.085338468565,11.4728162570443,391.161720164411,14.3717907967359,26.3280188603315,24.9618563887537,129.532917000956,2.70622124387744,7.55021675931721e-23,0.610898584090064,1.30500427161969,0.838247449305029,0.0426489745616367,2.5790066625637,0.396515976124158,4.34711952245259,10,1e-05,99.7084728655768,7.32875356377282,17.1474858083118,20.6889991257382,3.29644649976905,33.3678187752701,31.6363606655273,12.8256626845943
"744",50.6,10,0.216,3.18715816531081,0.488302767994844,4,1.08816445361111,1.92822326515716e-17,4.40822267982555,0.0960265662616399,3.35888723478128,0.123645607666807,0.223822317098932,0.215564667176316,1.06955008977449,120.08593952941,2.12791827237555e-15,486.475698048201,10.5971486120914,370.674789112531,13.6450872991481,24.7002308771247,23.7889461480826,118.0317248722,2.61056390281325,8.41074415958714e-17,0.573533379986621,1.20426618269832,0.794055035038141,0.0405096869704291,2.42973915684211,0.379475174621896,4.05377349548093,10,1e-05,102.55107081979,7.19890475778858,16.9852520826036,20.3737635979249,3.25215932516869,32.3736599451895,31.1792734603823,12.0859160144517
"745",50.6,10,0.221,3.26093497469301,0.472160367505597,4,1.08564909849722,3.63570912599446e-17,4.28245492466049,0.0918033161194113,3.29176629143805,0.121398932549172,0.217200139548508,0.21242678216,1.00846051018134,115.847707876256,3.87960133098497e-15,456.97324097817,9.79617056984126,351.258597511191,12.9542668012282,23.1770452827968,22.6676887023895,107.611049233075,2.51842843209252,1.53343926125888e-16,0.538716862379826,1.11228114692166,0.752257578988365,0.0384761204132183,2.28972012625764,0.363145860805618,3.7825776371903,10,1e-05,105.306740373984,7.07282492492798,16.8166014921141,20.059151340482,3.20784014842969,31.4158281842961,30.7254097716224,11.3956037650491
"746",50.6,10,0.226,3.3347117840752,0.456527556610644,4,1.08324095880071,5.02547418420817e-24,4.16204794001561,0.0878368029809391,3.22617917585046,0.119195537430654,0.21081716495576,0.209318596520041,0.951383894078159,111.76363268006,5.18504443728572e-22,429.420244300682,9.06258215625557,332.861771372648,12.2980267264367,21.751109017197,21.5964938774768,98.1592499910621,2.42964418869696,2.04942467876906e-23,0.506246508499254,1.02816916183301,0.712724206511746,0.036544264788192,2.15828047122661,0.347503555839477,3.53152564568796,10,1e-05,107.97704966343,6.95035186999239,16.6432602581597,19.7465493041777,3.16371436138669,30.4925947392012,30.2758418006587,10.7506380030832
"747",50.6,10,0.231,3.4084885934574,0.441387376947288,4,1.08093463713672,1.10500733583034e-17,4.04673185545232,0.0841074824447916,3.16215429460317,0.117038996439644,0.204662926568642,0.206246066276426,0.898004651674944,107.827064335018,1.10228401420144e-15,403.675857108492,8.39001971909594,315.436107649034,11.6750550544225,20.4158529035264,20.5737767050753,89.5791493977744,2.34406661597864,4.3568538110729e-17,0.475943236293367,0.95116637382119,0.675334662049756,0.0347101345117475,2.03483111019931,0.33252506665874,3.29887536441413,10,1e-05,110.563633828522,6.83134795581065,16.466659831915,19.4370673866526,3.1199617143163,29.6024456988884,29.8314310262222,10.1474525639269
"748",50.6,10,0.236,3.48226540283959,0.426726241148515,4,1.07872531301496,1.30315729608182e-16,3.9362656536614,0.0805982480084052,3.099712385627,0.114932046984206,0.198728349530403,0.203214166878555,0.848046098979895,104.032409960346,1.25676659695591e-14,379.613973320059,7.77290555596686,298.936666980984,11.0840616097389,19.1653879626751,19.5980007731281,81.7856764552676,2.26157412957274,4.96745690496406e-16,0.447648136229785,0.880605966821237,0.6399787869444,0.0329698482317762,1.91885080404643,0.318188801049652,3.0831044455768,10,1e-05,113.068083926284,6.7156989477322,16.2879985119687,19.1316045200029,3.07672758897922,28.7440684760775,29.3928970973142,9.58292091847282
"749",50.6,10,0.241,3.55604221222179,0.412526530517299,4,1.07660765881567,3.7698640267392e-17,3.83038294033313,0.077292450308278,3.03883970937176,0.112875816497091,0.193002834736328,0.200225659291352,0.801241747748216,100.373204221625,3.51468177608829e-15,357.110416193791,7.20605211755316,283.314052475805,10.5235247847006,17.9938464933946,18.6672376198481,74.7005660967467,2.18202617873098,1.38920228303885e-16,0.421206825414785,0.815871475033659,0.606539417008003,0.0313188731579702,1.80982324177385,0.304468054404659,2.88277768403093,10,1e-05,115.493076943703,6.60325567020501,16.108202941825,18.8307533880533,3.03410993253063,27.9159300162625,28.9606393599012,9.05403174955485
"750",50.6,10,0.246,3.62981902160398,0.398772712570857,4,1.07457681843781,2.45407372169741e-16,3.72884092104102,0.0741752607168614,2.97951869259083,0.110870938206885,0.187476815877678,0.197282723267185,0.757354262602363,96.8436922824511,2.2116758547613e-14,336.052961995295,6.68486980230721,268.522069771204,9.99198087893202,16.8959042810416,17.7796384743404,68.2547602905602,2.10529765831415,8.7418017974755e-16,0.396480776298302,0.756419456520643,0.574908365985335,0.0297528689263454,1.70728349946027,0.291337678138449,2.69662286376321,10,1e-05,117.841189282564,6.49388512112263,15.9280447783551,18.5349721004132,2.99218581206618,27.1166466485473,28.5349730933657,8.5581031674067
"751",50.6,10,0.251,3.70359583098618,0.385449813699351,4,1.07262814891131,7.12133640689772e-18,3.6314074520998,0.0712331357410702,2.92172254024965,0.108917431525763,0.182141114007166,0.194386700385464,0.716167497696762,93.4384163576391,6.20351420840383e-16,316.337923648496,6.20523655153923,254.516094393415,9.48797803398906,15.8666144121982,16.9333477435211,62.3865380556328,2.03126992081824,2.45198190055487e-17,0.373342952693385,0.70176364031313,0.544982547555215,0.0282675474568395,1.61080213427339,0.278772726148206,2.52349125471501,10,1e-05,120.11514073687,6.38745740871376,15.7481403007634,18.2445769477994,2.95100877859606,26.3448907299964,28.1160923437535,8.09269272397341
"752",50.6,10,0.256,3.77737264036837,0.372543416394987,4,1.07075722619993,1.06531011824883e-16,3.53786130729537,0.0684536996548503,2.86541750819401,0.107014828959232,0.176986964773512,0.191538268794991,0.677484334115885,90.1522034702602,8.96935852397998e-15,297.869568022228,5.7634463803505,241.253288705537,9.01009341669983,14.9013842441874,16.1265285521624,57.0406662151489,1.95983051022305,3.54520099762055e-16,0.351676827014208,0.651468313481866,0.516664134113192,0.02685871927672,1.51998231756192,0.26674871645082,2.36234343738773,10,1e-05,122.317733498413,6.28384855138477,15.5689736705824,17.959767822429,2.91061371054329,25.5993945848408,27.7040951985075,7.6555729755095
"753",50.6,10,0.261,3.85114944975057,0.360039649376568,4,1.06895988328238,2.26968596215784e-17,3.44799416806945,0.0658256194056484,2.81056661273176,0.105162385525777,0.172006056802459,0.188737710685429,0.641124777764284,86.9801547958606,1.84681987990311e-15,280.559702159264,5.35616224236195,228.69288442222,8.55695402118074,13.9959540862876,15.3573913745259,52.1676568835916,1.8908729303448,7.29968331977515e-17,0.331375636045273,0.6051423596692,0.489860892898798,0.0255223498394997,1.43445698273639,0.255241917323239,2.21223691987921,10,1e-05,124.451741293336,6.18293799919286,15.3909397696135,17.6806682574957,2.87102414432126,24.8789560559077,27.2990224735405,7.24470998873641
"754",50.6,10,0.266,3.92492625913276,0.347925177349725,4,1.06723217957682,6.00931967661359e-17,3.36160898118637,0.0633385133377525,2.75712961483099,0.103359087753166,0.167190495929454,0.185984924582846,0.606924235643509,83.9176296496875,4.72519356817556e-15,264.326978616891,4.98037634785983,216.796107108873,8.12723773981311,13.1463709461223,14.6241973585888,47.7231142452497,1.82429629673234,1.86766544196663e-16,0.312341401884888,0.562434244374935,0.464485823886496,0.0242545612031478,1.35388635328247,0.244229372698476,2.0723158087089,10,1e-05,126.519922366716,6.08461137900609,15.2143467928473,17.4073312993188,2.83225146584128,24.1824333312362,26.9008594916629,6.85824386277165
"755",50.6,10,0.271,3.99870306851496,0.336187182415272,4,1.06557041078582,6.13690561327538e-18,3.27852054068839,0.0609828515349655,2.70506499167562,0.101603778429319,0.162532817444582,0.183279551078387,0.574731995625674,80.9602317791804,4.66271675553867e-16,249.096427772605,4.63337358550069,205.526248183165,7.719682686395,12.3489676879564,13.9252693069316,43.6671618372462,1.76000503867784,1.84297104962003e-17,0.294484215703225,0.52302746262829,0.440457133884128,0.0230516568010697,1.277955688543,0.233689000176352,1.94180135415622,10,1e-05,128.524963967805,5.98875858621807,15.0394415313338,17.1397636070059,2.79429976758969,23.5087467151844,26.5095542679779,6.49447155057012
"756",50.6,10,0.276,4.07247987789715,0.324813350704781,4,1.06397107460286,3.66214540718114e-19,3.19855373068659,0.0587498805498823,2.65432948830285,0.0998951318948766,0.158025937194058,0.18062096775458,0.544409867162355,78.103794213607,2.68830100827267e-17,234.798847756231,4.31270049541032,194.848534023255,7.33308358723083,11.600339119768,13.2589909941226,39.9639400428034,1.69790856986102,1.06256956848722e-18,0.277721411564085,0.486636683929952,0.417697827834031,0.021910110151926,1.2063731402505,0.223599575984279,1.81998417935882,10,1e-05,130.46950890702,5.89527520555186,14.8664079010898,16.87792231031,2.75716584286577,22.8568715557486,26.1250167760225,6.15183149893461
"757",50.6,10,0.281,4.14625668727935,0.313791848532922,4,1.06243088235969,1.29301261492789e-17,3.12154411782345,0.056631546332212,2.60487980718265,0.0982317511227245,0.153663163590648,0.178008412024341,0.51583097212623,75.344366016189,9.16965210069014e-16,221.370412376009,4.01613697960295,184.730151277835,6.96629694589019,10.8973240829229,12.6238150379573,36.5811632659293,1.63792100035194,3.62436841924512e-17,0.261977012954415,0.453004280219703,0.396135636257159,0.0208265782627445,1.1388678691098,0.213940803482074,1.70621680438856,10,1e-05,132.356107670608,5.80406148904823,14.6953870776997,16.621736530694,2.72084055070013,22.2258399817513,25.7471367152006,5.82888998502639
"758",50.6,10,0.286,4.22003349666154,0.303111306946553,4,1.06094675358904,1.92986139592035e-16,3.04733767450632,0.0546204329603527,2.55667331767639,0.0966122361845604,0.149438178350236,0.175441025673144,0.48887867877668,72.6782003003234,1.32201595047145e-14,208.75224618132,3.7416720054554,175.140189510917,6.61824302598645,10.2369867497242,12.0182638399457,33.4897320892806,1.57996087609399,5.22535948802943e-16,0.247181132550619,0.421897352055406,0.3757027939136,0.0197979066772994,1.07518830894951,0.204693311755889,1.59990738818017,10,1e-05,134.187200778766,5.71502296482793,14.5264867740296,16.3711186272727,2.68531373734096,21.6147381165781,25.3757899533635,5.52432907017648
"759",50.6,10,0.291,4.29381030604373,0.292760799870205,4,1.05951577106042,3.05265536000773e-17,2.97578855333376,0.052709697943605,2.50966681844445,0.0950350752402837,0.14534499176312,0.172917797680267,0.463445617161816,70.1017387220281,2.01975708432808e-15,196.889897588802,3.48748133278039,166.049446729665,6.28789508933395,9.61659742632805,11.4409229239112,30.6633883643193,1.52395084178322,7.98322958232445e-17,0.233269335671869,0.393105019802984,0.356335563186066,0.0188210975943245,1.01510060988741,0.19583857438888,1.50051443161377,10,1e-05,135.965172842823,5.6280691665405,14.3597757654952,16.1259489527976,2.65056793190921,21.0226996086177,25.0108302564738,5.23693547392852
"760",50.6,10,0.296,4.36758711542593,0.282729826714742,4,1.0581352141366,4.44934068097105e-17,2.90676070824383,0.0508930269046821,2.46381887143404,0.0934988202484392,0.141377958828539,0.170437717146076,0.439432844251098,67.6116031757955,2.8429925825803e-15,185.733117003518,3.25190872917138,157.430488662415,5.97428858579354,9.03361907099815,10.8904487289668,28.0784144511807,1.46981746034338,1.12371248323332e-16,0.220182283768934,0.366436153648657,0.337974274989817,0.0178933357458092,0.958387162838287,0.187358980977919,1.40754148772461,10,1e-05,137.692275690236,5.54311471241326,14.1953061929677,15.88610588281,2.61658700217769,20.4489079649599,24.6521114080084,4.96559114003741
"761",50.6,10,0.301,4.44136392480812,0.273008291010146,4,1.05680252690731,2.75522768027521e-16,2.84012634637723,0.049164581300974,2.4190890208519,0.0920020327428485,0.137531745999182,0.167999730947517,0.416749057558691,65.2045825081938,1.69997200075887e-14,175.235437057478,3.03344846014107,149.257487220826,5.67651380666011,8.4856913672825,10.365562192569,25.7133642444263,1.41749092409117,6.71925691999553e-16,0.207865227392141,0.341717265345647,0.320562938071069,0.0170119668515055,0.904845332914144,0.179237759576748,1.32053293617079,10,1e-05,139.370663338407,5.46007815352427,14.0331093655426,15.6514594438324,2.58335251813557,19.8925917413218,24.2994810842489,4.70926435041321
"762",50.6,10,0.306,4.51514073419032,0.263586483481764,4,1.05551529876173,2.36702488086459e-17,2.77576493790229,0.0475189571167991,2.37543748060029,0.0905432572215343,0.133801300284541,0.165602733453064,0.395309905165941,62.8776218847688,1.41004962813372e-15,165.353830883523,2.83073018596114,141.50610596674,5.39371120292604,7.97061641536748,9.86504512948456,23.5488266001332,1.36690482358193,5.57331868827557e-17,0.196267573692624,0.318790696455384,0.304048956697646,0.0161744835813635,0.854286242539925,0.171458928718975,1.23907022310729,10,1e-05,141.002408725783,5.37888199434644,13.8731976602112,15.4218664021063,2.55084385020403,19.353020073156,23.9527793666511,4.46700192837514
"763",50.6,10,0.311,4.58891754357251,0.254455063784813,4,1.05427128624579,2.54500155110084e-18,2.71356431253518,0.0459511494520039,2.33282674678954,0.0891211394700155,0.130181869756225,0.163245682145917,0.375037377476856,60.6278148297263,1.46355008236025e-16,156.048520732055,2.6425056022437,134.153504775634,5.12507550162247,7.48634852977289,9.38774404464583,21.5672161165091,1.31799597455927,5.78478293423025e-18,0.185342617752906,0.297513025468238,0.288383088299914,0.0153785373089031,0.806533735758558,0.164007331432494,1.16276805490819,10,1e-05,142.589452506768,5.29945293756672,13.7155762570352,15.1971924856503,2.51904233925615,18.8295056415404,23.6118554655855,4.23792236548847
"764",50.6,10,0.316,4.66269435295471,0.245605043327838,4,1.05306835733368,4.32309209721129e-17,2.65341786345224,0.0444565157330812,2.29121941025874,0.0877342915869369,0.12666892342097,0.160927439920417,0.355859232772118,58.4523912938059,2.39960748137154e-15,147.282574906331,2.46763625085916,127.178119611821,4.86984449395958,7.03097897207211,8.93255753307,19.7525858360953,1.270704158561,9.48461455087564e-17,0.175047074910629,0.277753614593796,0.273518961121186,0.0146219053226709,0.761423302196694,0.156868488863088,1.09127182475588,10,1e-05,144.133681884481,5.22172135928643,13.5602334627094,14.9772897375566,2.48792624655186,18.321393083609,23.2765449100891,4.02120933032494
"765",50.6,10,0.321,4.7364711623369,0.237027768097799,4,1.05190450724834,8.10165215940143e-18,2.59522536199973,0.0430307441815014,2.25057941260812,0.0863813597093618,0.123258187484693,0.158646892304534,0.337708504986551,56.3487105387502,4.33991535609965e-16,139.021747410025,2.30508276316187,120.559658212003,4.62730048275887,6.60272855591656,8.4984404484826,18.0904622642411,1.2249719682337,1.71538156367575e-17,0.165340864477729,0.259393337241192,0.259413031665016,0.0139024950698107,0.718801319846462,0.150028644098642,1.02425444571547,10,1e-05,145.636895335325,5.14562085740169,13.4071446507113,14.7620090169016,2.45747329448504,17.828064237786,22.9466865029278,3.81610610634803
"766",50.6,10,0.326,4.8102479717191,0.2287157231504,4,1.05077798619965,8.30663441073426e-22,2.53889930997246,0.0416699608905264,2.21087715803731,0.0850612409628379,0.119945957936086,0.156403237341078,0.320524735908576,54.3144550184236,4.29367884540541e-20,131.235079321127,2.15391000395199,114.279695167369,4.39679457198822,6.19997699088019,8.08444477412542,16.5678445679681,1.18074902213964,1.69710626300609e-21,0.156187787558257,0.242325109611397,0.24602582275518,0.0132184154251849,0.678528011506236,0.143475394796383,0.961419951974629,10,1e-05,147.100616959756,5.07109574233867,13.2563065758818,14.5512360685063,2.42766753290755,17.3489833558755,22.6221642490136,3.62192951576691
"767",50.6,10,0.331,4.88402478110129,0.220658423909505,4,1.04968669129694,3.80411124796569e-17,2.48433456458201,0.0403700375689201,2.17206769735981,0.0837722906038731,0.116727421534551,0.154194737071129,0.30424518720041,52.3466196634825,1.89706477471672e-15,123.890792983514,2.01320548306634,108.318417847661,4.17762392429837,5.82105688300059,7.6895070905398,15.172343548671,1.1379699926844,7.49827974196331e-17,0.147550717736329,0.226444634808693,0.233314984607215,0.0125676134581461,0.640457202732173,0.137194372939343,0.902471096398336,10,1e-05,148.526900478425,4.99806375213838,13.1076414032714,14.344764175584,2.39847855568831,16.8834542507575,22.302726769968,3.43797061536464
"768",50.6,10,0.336,4.95780159048349,0.212850586276737,4,1.04862929890022,1.79267476551545e-17,2.43146494809941,0.0391279019388703,2.13413146052322,0.0825137190076433,0.113599930291629,0.152021049920219,0.288821207061274,50.4435075990798,8.62352437146253e-16,116.963755175431,1.88221769204759,102.660755959463,3.96925912346309,5.46463745856677,7.31285593003479,13.8935224949853,1.09659799128434,3.40850765670456e-17,0.139400346028627,0.211665985521009,0.221248338906582,0.0119485487258469,0.604474728602653,0.131175684165419,0.847168016557922,10,1e-05,149.916834865971,4.9264902704338,12.9611628912618,14.1425178018435,2.36989593889526,16.4310939173813,21.9883246604605,3.2636796397924
"769",50.6,10,0.341,5.03157839986568,0.205284675491687,4,1.04760421644356,0,2.38021082217914,0.037940300565995,2.09703696563005,0.0812843298355011,0.110560003712859,0.149881085198042,0.27420259035666,48.6029027052926,0,110.428302208623,1.76021507748291,97.2906389742569,3.77113256366187,5.1293580335092,6.95363352581219,12.7214472903584,1.05658484141941,0,0.131706766591093,0.197905651169765,0.209791628841544,0.0113595661677482,0.570462090184232,0.125407958896948,0.795270767759519,10,1e-05,151.271917302566,4.85632080267857,12.8168226674674,13.944354537771,2.34189631840854,15.9913989370279,21.6788001630449,3.09848927103025
"770",50.6,10,0.346,5.10535520924788,0.197951258441286,4,1.04660968575708,8.19736422115004e-19,2.33048428754856,0.0368038627923846,2.06074507915832,0.0800827064100275,0.107603489977849,0.147773300168873,0.260338533548896,46.8221611926944,3.66725355346079e-17,104.258839234521,1.64649383588717,92.1915204746137,3.58265878799427,4.81385565335644,6.61093182553379,11.6467609161084,1.0178730694064,1.44950733338371e-18,0.124440126281393,0.185083402782875,0.198909614128189,0.0107989545844035,0.538298708078464,0.119878825369714,0.746542728471081,10,1e-05,152.593901080606,4.7874824761559,12.674547477233,13.7500895649376,2.31445504652353,15.5637687903961,21.3739301364258,2.94182542910252
"771",50.6,10,0.351,5.17913201863007,0.190845624129136,4,1.04564461603451,0,2.28223080183142,0.0357161145641774,2.02523875242793,0.0789081588185813,0.10472819051456,0.145697360064742,0.247189910925249,45.0998140563491,0,98.4351501627898,1.54047570365581,87.3507975401824,3.40339656100657,4.51704321548258,6.28408901710825,10.6615754993438,0.980430740355414,0,0.11757691644208,0.173133293781248,0.188575502081092,0.010265430398297,0.507890779903797,0.11457976785217,0.700793562641218,10,1e-05,153.883707284262,4.71994669935771,12.5343337053336,13.5596535858987,2.2875610954232,15.147885476026,21.0736661597643,2.79324599345532
"772",50.6,10,0.356,5.25290882801227,0.183961000215333,4,1.0447076844153,2.22044604925031e-26,2.23538422076621,0.034674406100924,1.99049091942417,0.0777596487724252,0.101931131046128,0.143652323542254,0.234716011917203,43.4339163460363,9.23154576086055e-25,92.9365148686056,1.44159488477289,82.7550303032387,3.23287186479244,4.23780573739364,5.97237207759225,9.75836186405843,0.94421557273992,3.64883231654567e-26,0.111093033266145,0.161990890853841,0.178760741627238,0.00975761046634792,0.479140345276731,0.109500998548518,0.65783174188565,10,1e-05,155.142600562787,4.65366665721155,12.3961387205317,13.3729177653405,2.26119448779559,14.7433187945119,20.7778720771516,2.65229093466439
"773",50.6,10,0.361,5.32668563739446,0.177288877367653,4,1.04379738133677,7.81033342260534e-18,2.18986907861925,0.0336759621575666,1.95646595104947,0.076635894326148,0.0992086883974609,0.141636696362285,0.222875357613543,41.8221285016472,3.12938865225533e-16,87.7421112999031,1.34930441669307,78.3902813677293,3.07059231767965,3.97502291998932,5.67499806162198,8.93001075939358,0.909176706557547,1.23691251077286e-17,0.104964228221491,0.15159398118977,0.169435729394932,0.0092740550385744,0.451947491576214,0.104631773584985,0.617467575469526,10,1e-05,156.372134547121,4.5885775983704,12.2598788646522,13.1897098214781,2.23533112244573,14.3495446898088,20.4863317618409,2.51849154103304
"774",50.6,10,0.366,5.40046244677666,0.170825034442886,4,1.04291279799026,7.57348652259386e-17,2.14563989981529,0.0327187788515725,1.92314883582229,0.0755362322720659,0.0965590219883847,0.139650180395415,0.211636221496002,40.2631689081003,2.92385487712911e-15,82.8355562120826,1.26315615448028,74.2459643426994,2.91618636238089,3.7278018060678,5.39139879397642,8.17052485077019,0.875286280610876,1.15567386447791e-16,0.0991714928026855,0.141891568063985,0.160578042390618,0.00881368279540815,0.426234611286431,0.0999647494091058,0.579548875545717,10,1e-05,157.573098878,4.5246568569696,12.1255427779838,13.0099546964741,2.20995845350757,13.9662969404,20.1990020923928,2.39148930290483
"775",50.6,10,0.371,5.47423925615885,0.164562745599886,4,1.04205276177619,1.7632117113587e-17,2.10263808821891,0.0318005870755642,1.89051387950975,0.0744597583884921,0.0939793404409568,0.137691794080028,0.200964294404483,38.7551723595505,6.55759250266839e-16,78.1995926768451,1.18270137411054,70.3104429411407,2.76924631462786,3.49520261413444,5.1209203677667,7.47409934837249,0.84250374694675,2.5919337955211e-17,0.0936947504040713,0.132832662652171,0.152163004369626,0.00837530250823051,0.401917975184598,0.0954910397238898,0.54391804498132,10,1e-05,158.74665075395,4.46185684695272,11.9930841886069,12.8335377770003,2.18506101227356,13.59317180138,19.9157410957353,2.27089652677066
"776",50.6,10,0.376,5.54801606554105,0.158496165669811,4,1.04121621103101,1.15298428333095e-18,2.06081055104873,0.0309193554075447,1.85853777691897,0.0734055675800829,0.0914672196903491,0.135760677355285,0.190828581899169,37.2965036204561,4.13000508847253e-17,73.8185089359637,1.10753543661962,66.5730711750781,2.62939722605861,3.27636801482008,4.86296557895809,6.83550526805701,0.810793556966436,1.63241307844764e-18,0.0885157552233714,0.124371303187235,0.144168074229342,0.00795781963066316,0.378921461254619,0.0912026059677681,0.510432399001172,10,1e-05,159.893845296873,4.40013875155237,11.8624491354883,12.6603408272739,2.16061998693913,13.2298186560121,19.6364243726685,2.15636297546061
"777",50.6,10,0.381,5.62179287492324,0.152619640511491,4,1.04040216176478,2.63558809888839e-18,2.0201080884912,0.0300731770854731,1.8271992274588,0.0723728485565176,0.0890203656309839,0.133856061858874,0.181200040534101,35.8855916849976,9.09068068506484e-17,69.6776464787332,1.03728518953607,63.0238265677058,2.49628709726436,3.07049390138131,4.61696847330786,6.24995882061795,0.780121558369514,3.59315442097425e-18,0.0836174797569676,0.116465129203249,0.13657204015113,0.00756020596754581,0.357173368994593,0.0870917999717213,0.478958875620622,10,1e-05,161.015650658342,4.33946547167451,11.7335984406,12.4902584385041,2.13662005957061,12.8759056848655,19.3609407872675,2.04756045803534
"778",50.6,10,0.386,5.69556968430544,0.146927699861208,4,1.03960967587228,2.11072100923453e-17,1.98048379364875,0.029260261060742,1.79647748420064,0.071360824007481,0.0866365897423821,0.131977180544871,0.172051431149852,34.5209256050378,7.00878845434361e-16,65.7632718213854,0.971606285228487,59.6532208409673,2.36958327134605,2.87682515715482,4.38238940718733,5.71308135428895,0.750454904457343,2.77027211634135e-17,0.0789839747716113,0.109075071088014,0.129354830379269,0.00718148993572594,0.336606192005671,0.0831513154909994,0.449373393864694,10,1e-05,162.113001048539,4.27980159333571,11.6064848609655,12.3231896116787,2.11304597898309,12.5311163403381,19.0891793940102,1.94418117199333
"779",50.6,10,0.391,5.76934649368763,0.141415048841905,4,1.03883787206539,2.37222779088592e-18,1.94189360473425,0.0284789204776178,1.76635303900748,0.0703687653855565,0.0843138120917826,0.130123316031376,0.163357189525302,33.2010517022301,7.58159282141699e-17,62.0625332447965,0.910180632249391,56.4522916900235,2.24897174103112,2.6946526592315,4.15871529080278,5.22086327539969,0.721761993526741,2.99667700451264e-18,0.0746003137336301,0.102165057085804,0.122497494487847,0.00682075400522613,0.317156302710697,0.0793741832208523,0.421560142865113,10,1e-05,163.186774336681,4.22111253797852,11.4810675620115,12.1590388907233,2.08988421261464,12.1951497809554,18.8210364307783,1.84593624163591
"780",50.6,10,0.396,5.84312330306983,0.136076561416173,4,1.03808590235027,4.40545536983081e-18,1.90429511730597,0.0277275729823071,1.73680657557483,0.0693959250458803,0.0820500320844987,0.128293741220084,0.155093304442052,31.9245701704932,1.35482303312972e-16,58.5633645155203,0.852714450053719,53.4125386627239,2.13415390157755,2.52330948801282,3.94545628135666,4.76963136617501,0.694012395010722,5.35503175150086e-18,0.0704524909893917,0.0957017881353538,0.115982069575459,0.00647712539218633,0.298763686408702,0.0757537350301222,0.395411049653253,10,1e-05,164.237828149602,4.16336628576717,11.3573025279785,11.9977063485406,2.06711897808043,11.8677166407019,18.556406730073,1.75255434019519
"781",50.6,10,0.401,5.91690011245202,0.130907272550795,4,1.03735297564232,1.95510674402032e-17,1.86764878209883,0.0270047256074842,1.70782021248928,0.0684416469834466,0.0798433534429142,0.126487787330597,0.147237210657047,30.690133009316,5.78419182576127e-16,55.254470641306,0.79893598440839,50.5259354414446,2.02484910982014,2.36216909249775,3.74214670259797,4.3560192963128,0.667176804550348,2.28624182836414e-17,0.0665273891073399,0.0896544765263319,0.109791595972441,0.0061497836640282,0.281371746690109,0.0722836108620772,0.370825073051958,10,1e-05,165.266958317799,4.10653141078186,11.2351498912173,11.8391059255905,2.04473777278447,11.5485426419831,18.2951935594976,1.66378048042463
"782",50.6,10,0.406,5.99067692183421,0.125902372248016,4,1.03663833406828,1.59804154611339e-16,1.83191670589217,0.026308973226521,1.67937646127228,0.0675052687046938,0.0776919597861579,0.124704792395162,0.139767685504198,29.4964409454686,4.54705720830833e-15,52.1252409413666,0.748593843782047,47.7848705639948,1.92079060403032,2.21064206141849,3.54834219767386,3.97694079610206,0.641226977075405,1.7972558135606e-16,0.0628126870771585,0.0839946539165432,0.10390999897089,0.00583794870261207,0.264927072679528,0.0689577264183832,0.347707781356921,10,1e-05,166.274936559807,4.05057813375681,11.1145685267928,11.6831478748526,2.02272781188641,11.2373650634699,18.0373011720362,1.57937484619744
"783",50.6,10,0.411,6.06445373121641,0.121057675212385,4,1.03594132458599,0,1.7970662293488,0.0256390568131654,1.651461187447,0.0665862400189305,0.0755943207693917,0.122944284243481,0.132665448440399,28.342354540845,0,49.1659971436494,0.701459842411455,45.1823837646151,1.82173524442859,2.06818763734202,3.36363692624363,3.62959859383992,0.616138142192283,0,0.0592971580146309,0.0786964871253679,0.0983225915691566,0.00554091000983987,0.249380753224369,0.0657705740480266,0.325972951192831,10,1e-05,167.262406101765,3.99548335892357,10.9955284117867,11.5297613809917,2.00107734987176,10.9339625560848,17.7826612729771,1.4991195673765
"784",50.6,10,0.416,6.13823054059861,0.116367693875053,4,1.03526112725695,1.11022302462516e-22,1.7630563628565,0.0249935917405267,1.62405286412013,0.0656837847689149,0.0735483577918294,0.121205301046171,0.125910273763894,27.2264346858477,2.91978650321512e-21,46.3667935045211,0.657308938944927,42.7111267555166,1.72742434623094,1.93425552930434,3.18759018920745,3.3113267316363,0.591879014909732,1.15406581154748e-22,0.0559692340930856,0.0737345199801142,0.0930138422591339,0.00525790919211393,0.234682051880808,0.0627159546615637,0.30553356655545,10,1e-05,168.230262452991,3.94120842112064,10.8779677301553,11.3788352875535,1.97977080027776,10.6380344710102,17.5311347433182,1.422786093532
"785",50.6,10,0.421,6.2120073499808,0.111828091199456,4,1.0345970992747,0,1.72985496030759,0.0243714056820044,1.59713628099464,0.0647973329046149,0.0715525004203134,0.119487257121709,0.119484541174941,26.1475262425586,0,43.7188814874624,0.615942157662143,40.3646625817203,1.63763262409976,1.80835697661673,3.01981920636692,3.01975056584062,0.568424483533882,0,0.0528187574431158,0.0690862469002975,0.0879701647315819,0.00498828685031244,0.220786219982778,0.0597885839206203,0.286312571914242,10,1e-05,169.179168519982,3.8877273058008,10.7618494649698,11.2302931571242,1.95879572145987,10.3493536607941,17.282636870084,1.35017531527683
"786",50.6,10,0.426,6.28578415936299,0.107435525091036,4,1.0339487532505,1.74686627626541e-17,1.69743766236454,0.0237715079072376,1.5707018969683,0.0639265015320364,0.0696056242058745,0.117789913610181,0.113372827965491,25.1047189523278,4.24146620178938e-16,41.2145140837884,0.577182402133672,38.1373153720742,1.55216286060796,1.69005439360152,2.8599895955251,2.75274086259738,0.545754759833212,1.67646885446221e-17,0.0498367415564098,0.0647316389447305,0.0831796003879525,0.00473146688336668,0.20765349930088,0.0569839501206646,0.268241298982834,10,1e-05,170.109580341895,3.83502523982364,10.6471585631498,11.0840863212683,1.93814598886336,10.0677574851377,17.0371331045766,1.28111295601005
"787",50.6,10,0.431,6.35956096874519,0.103185408246365,4,1.03331543676198,2.93900681209523e-18,1.66577183636116,0.0231927823960011,1.54473287476936,0.0630706764542098,0.0677060748233846,0.11611255231764,0.107558712303569,24.0968149928396,6.85373516103463e-17,38.8456364175306,0.540853418697511,36.0230196631127,1.47080201061627,1.57889904753864,2.70773337163364,2.50825865852636,0.523843804192166,2.70898622965796e-18,0.0470138227124407,0.0606507780970304,0.0786293399743977,0.00448682462410963,0.195242246896107,0.0542968778865894,0.251249754647494,10,1e-05,171.022203761115,3.78307268265985,10.5338470300733,10.9401289655389,1.91780788975892,9.79300666245435,16.7945195672235,1.21541344903034
"788",50.6,10,0.436,6.43333777812738,0.0990737377648073,4,1.0326965900064,2.52135028544117e-19,1.63482950240539,0.0226342326846683,1.5192155458387,0.0622293469514812,0.0658524582515319,0.11445463300496,0.102027317305456,23.1227631196525,5.64547089204227e-18,36.604919286995,0.506795515572912,34.016245946841,1.39335644425905,1.47448031467552,2.56271531496394,2.28445945558225,0.502668763470706,2.23141141977955e-19,0.0443414834243147,0.0568256215765322,0.0743077165597976,0.00425379269790503,0.183514430172724,0.0517226932979413,0.235274184351727,10,1e-05,171.917625689742,3.73184616407307,10.4218805033117,10.7983500792118,1.89777118934457,9.52489956150158,16.5547181178374,1.15290868555165
"789",50.6,10,0.441,6.50711458750958,0.0950966277510702,4,1.03209168194111,2.36917765640868e-17,1.60458409782206,0.0220949159015043,1.49413685815002,0.0614020289072931,0.0640434381469705,0.112815647337116,0.0967645935139919,22.1815470970517,5.09179820808887e-16,34.4854612819669,0.474860350344902,32.111747113554,1.31964245027155,1.37641118940362,2.42461560196491,2.07964895552772,0.482207545588081,2.01256846169521e-17,0.0418117024566636,0.0532394143899271,0.0702036587417356,0.00403183264304855,0.172434057694112,0.0492569226186369,0.220254772575904,10,1e-05,172.796405394699,3.68132310569025,10.3112248365101,10.6586829952881,1.87802563322156,9.26324289357782,16.3176552308405,1.09343990670811
"790",50.6,10,0.446,6.58089139689177,0.091250304108737,4,1.03150019715536,3.95384000326064e-17,1.57500985707345,0.021573939241097,1.46948382809725,0.0605882343002642,0.0622777286452736,0.111195065588699,0.0917572637477384,21.2721837093747,8.15383372090301e-16,32.4807490256796,0.444910044745614,30.3045312404643,1.24948502600018,1.28432673924667,2.2931278823813,1.89227047798368,0.462438776290754,3.22285917822253e-17,0.0394169074877521,0.0498765882414457,0.0663066349181303,0.00382043137646365,0.161967082115675,0.0468952694017745,0.206135390517448,10,1e-05,173.659093293599,3.63148177206859,10.2018431297583,10.5210586900794,1.85856107928349,9.00785067125237,16.0832542867495,1.03685708034944
"791",50.6,10,0.451,6.65466820627397,0.0875311014076959,4,1.03092165906663,4.37097173492859e-17,1.54608295140984,0.021070459190268,1.44524468867707,0.0597875355483852,0.0605541038255361,0.109592434135357,0.0869927776291011,20.3937220719923,8.64666892607268e-16,30.5846576546317,0.416816433020356,28.5898722251971,1.18271875716244,1.19788303298876,2.1679607012749,1.72089364272814,0.443341784173745,3.41765570200501e-17,0.0371499752362585,0.0467226759785074,0.0626066717168473,0.00361910366623778,0.15208124925902,0.0446336280120616,0.192863299166165,10,1e-05,174.50619115523,3.58230171234996,10.0937063186967,10.3854187433482,1.83936844118982,8.75854557732554,15.851449673338,0.983018387208842
"792",50.6,10,0.456,6.72844501565616,0.0839354584482888,4,1.03035559921248,2.08750409139823e-18,1.51777996122653,0.0205836729841406,1.42140745387962,0.0589994815770812,0.058871381688945,0.108007260488271,0.0824592627361508,19.5452415261333,3.95987285208668e-17,28.7913958524334,0.39046020643501,26.9632659000033,1.11918556877071,1.11675558900935,2.04883439701085,1.56420386076108,0.424896554915941,1.56516713521212e-18,0.0350041688876555,0.0437642140282053,0.0590942658735433,0.00342738569638817,0.142746040865623,0.0424680500067272,0.180388988644421,10,1e-05,175.338203871021,3.53376249171356,9.98678010111959,10.2516988430617,1.8204382169288,8.515156647489,15.6221701570235,0.931789668918504
"793",50.6,10,0.461,6.80222182503836,0.0804599144700038,4,1.02980157209524,4.95496829695731e-18,1.49007860583737,0.0201128216442962,1.39796065802642,0.0582236440591025,0.0572284253078513,0.106439079338431,0.0781454838672023,18.7258506890801,9.0100849534697e-17,27.0955009625122,0.365730355490616,25.4204336648554,1.05873528917478,1.04063829044813,1.93548190368296,1.42099284228691,0.407083710632175,3.56129840058091e-18,0.0329731326767629,0.0409886788408519,0.0557603885970926,0.00324483668162161,0.133932538413505,0.0403947514000769,0.1686659304573,10,1e-05,176.155612754199,3.48584493037167,9.88103104823763,10.1198386627004,1.80176075989349,8.27751943652761,15.3953484355106,0.883043967699387
"794",50.6,10,0.466,6.87599863442055,0.0771011057101116,4,1.02925917713697,5.11438172852136e-17,1.46295885667145,0.0196571821838278,1.37489448491896,0.0574596836376272,0.0556241611031609,0.104887522885987,0.0740408056312272,17.934686660016,8.91173339021251e-16,25.4918384734558,0.34252344882312,23.9573300149688,1.00122636214042,0.969242657506746,1.82764934167315,1.29014992389473,0.389884492609044,3.52242426490613e-17,0.0310508850250997,0.038384405150803,0.0525964996040097,0.00307104080331207,0.125613331360793,0.0384101156275498,0.157650333452256,10,1e-05,176.958837088682,3.43852984918565,9.77644009876899,9.9897913792765,1.78333050906449,8.0454786619612,15.1709313102291,0.836661103632867
"795",50.6,10,0.471,6.94977544380275,0.0738557617499309,4,1.02872798513559,2.20354695188344e-18,1.43639925683667,0.0192160732580924,1.35219721093251,0.0567071357310946,0.0540575248852541,0.10335208039479,0.0701351502990558,17.1709125084993,3.67802883423782e-17,23.9755176516997,0.320743206600069,22.5700674411988,0.946521607573337,0.902295887389881,1.72509113747538,1.17065399887688,0.373280706706506,1.45376633764341e-18,0.0292317353875739,0.0359405366634152,0.0495943961753336,0.00290559520126341,0.117762472814191,0.0365106453110373,0.147301110120011,10,1e-05,177.748358017997,3.39179991827369,9.67296476892462,9.86148919073705,1.76513559772384,7.81888039940315,14.9488449083024,0.792527198379331
"796",50.6,10,0.476,7.02355225318494,0.0707210105327976,4,1.02820768358237,1.12687636436015e-21,1.41038417912373,0.0187888846432272,1.32986200905648,0.0559657730710076,0.052527676389522,0.10183255886935,0.066419333595783,16.4337903310403,1.8010806762675e-20,22.5420975314848,0.30030177337822,21.2551158438211,0.894498062063781,0.839547140276731,1.62758453185412,1.06157678032278,0.357256311544353,7.11889595362647e-22,0.0275105101954307,0.0336471687859336,0.0467466301609514,0.00274813886296459,0.110356062337413,0.034693186382601,0.1375804613627,10,1e-05,178.524482092753,3.34564176581052,9.57059678633251,9.73490327834183,1.74717317926248,7.59760311298047,14.7290613148628,0.750538469632348
"797",50.6,10,0.481,7.09732906256714,0.0676928345162206,4,1.02769774063986,4.24051667834308e-17,1.38488703258946,0.0183748725373567,1.30787209945966,0.0552349823687169,0.0510331898300748,0.100328081874888,0.0628832150104172,15.722316718301,6.48738861920994e-16,21.1868058908869,0.281109468539714,20.0085867289456,0.845016829744173,0.780735367924481,1.53487724707318,0.962023933265868,0.34178949387611,2.56418522498417e-17,0.0258816348916829,0.0314941975069068,0.044044971309715,0.00259826208168613,0.10336861636296,0.0329539913893402,0.128449162199314,10,1e-05,179.287858522648,3.30002479790137,9.46927453014604,9.60993908233424,1.72942839525028,7.38144057702202,14.5114537623838,0.710580329617714
"798",50.6,10,0.486,7.17110587194933,0.0647691489483145,4,1.02719794692312,1.16112194674039e-17,1.35989734392201,0.0179735772281939,1.28622420211134,0.0545146152321746,0.0495735823159284,0.0988386756231909,0.059519295384389,15.0359465221486,1.69963029513222e-16,19.9059429587758,0.263094125941685,18.8275282056096,0.797975542846206,0.725649554544348,1.44678350014413,0.87123318841935,0.326868402655404,6.71790630487043e-18,0.0243408122132405,0.0294734886218158,0.0414832065429389,0.00245566517776653,0.0967801833607037,0.0312905056338619,0.119875773637865,10,1e-05,180.03866323303,3.25494680815951,9.36899390194848,9.48658173031079,1.71189731049034,7.17032294617588,14.2960260421383,0.672568037843596
"799",50.6,10,0.491,7.24488268133153,0.0619467175361111,4,1.02670793033131,2.49205220675973e-18,1.33539651669349,0.0175843997425289,1.26490791608089,0.0538043119292264,0.048147811263288,0.0973638742751989,0.0563190661338014,14.3738680704241,3.48886266350495e-17,18.6954953649399,0.246180860719705,17.7086579053837,0.75325811600684,0.674067343333809,1.36309016645606,0.788464569661523,0.312475392835307,1.37899710019958e-18,0.0228833507773034,0.0275766074791316,0.0390543944076158,0.00232000595454821,0.090569035979817,0.0296995978582668,0.111827062019966,10,1e-05,180.777315031621,3.21038780503718,9.26973048880999,9.36477663489999,1.69457439545589,6.96409942112198,14.0827107751648,0.636405447311956
"800",50.6,10,0.496,7.31865949071372,0.0592229583536711,4,1.02622740681776,8.001660094786e-17,1.3113703408862,0.0172068435348244,1.24391618780203,0.0531037992755028,0.0467551554305767,0.0959034328920356,0.0532750902659224,13.7354263924323,1.07097328057146e-15,17.5518902251067,0.230303080241795,16.6490576283585,0.710761884998748,0.625789168771888,1.28360881274344,0.713054510176135,0.29859622592244,4.23309597063818e-17,0.0215050872545813,0.0257960533800195,0.0367523753982367,0.00219098265889155,0.0847158654395972,0.0281785684684398,0.104273361482717,10,1e-05,181.504116100022,3.16633641486441,9.17146150704534,9.24448681785323,1.67745242523457,6.76266568147861,13.871472533504,0.602008520004923
"801",5.06,10,0.001,0.0147553618052532,0.586050693257118,4,0.0494357030089759,1.24596319321989,14.7699448133443,0.79130262576989,2.71042224939543,0.140270332765497,0.30168749207139,0.0585380460271934,12.5901730904611,6.5476331325343,165.024656054017,1956.24162577393,104.806020244349,358.988533450763,18.5784488219015,39.9577410358493,7.75321531509075,1667.53640494356,0.142339850707267,65.2271367802439,3.32145586440467,15.3014076397243,1.03973254264546,0.0655481274108116,7.93900098957625,0.249802223332324,48.982531904166,10,1e-05,10.6520113679326,8.11164631734216,3.27346457375765,8.53779469308864,1.05310528649694,43.6360788532059,8.46694297737325,142.268955922211
"802",5.06,10,0.006,0.0885321708315193,0.635546928330293,4,0.273400523939527,1.02199838450028,14.7699454261035,0.791302665248493,2.71042214217335,0.140270331380616,0.301687481622699,0.0585380406758191,12.5901738458118,39.2695030817669,146.793313090254,2121.46051905955,113.657655090885,389.307705527691,20.1475334833299,43.3324608109878,8.40802985888987,1808.37206715611,0.853684849603629,58.0210723676893,3.60197729108843,16.5937244714626,1.12754554728254,0.0710841449418699,8.60950776942285,0.270899835294274,53.1194681808875,10,1e-05,10.6520086198149,8.11164499695183,3.27346385343945,8.53779320323003,1.05310530504183,43.6360773419072,8.46694220335048,142.268964457673
"803",5.06,10,0.011,0.162308979857785,0.685043158207231,4,0.465001175338583,0.83039772914107,14.769945222975,0.791302646337597,2.71042222723148,0.140270329941824,0.301687493202467,0.0585380460917284,12.5901735451831,71.9913674616278,128.561971944194,2286.67928239337,122.509280851535,419.626901791607,21.7166179407025,46.7071834085192,9.06284588121052,1949.20756799588,1.56502972742669,50.8150086735944,3.88249838169598,17.8860386333187,1.21535850999432,0.0766201582926093,9.2800137956769,0.291997453536395,57.2563957270335,10,1e-05,10.6520095037225,8.11164479961355,3.27346398997957,8.53779362564713,1.05310502151067,43.6360790168049,8.46694298670759,142.26896106057
"804",5.06,10,0.016,0.236085788884052,0.734544329733044,4,0.630795598710107,0.664603299355399,14.7699449032724,0.79130262847066,2.71042226140092,0.140270329050458,0.301687497248845,0.0585380483977775,12.5901731754276,104.716496637194,110.328812224324,2451.91451709202,131.361790099191,449.949118544502,23.2858591124392,50.0822419429413,9.71772688447507,2090.05711149903,2.27644557906943,43.6082261756221,4.16304717404304,19.178481373268,1.30318019359289,0.0821567239936526,9.95058672753535,0.313097170445747,61.3937357647614,10,1e-05,10.6520111864167,8.11164577557127,3.27346422301535,8.53779395540202,1.05310505495,43.636079602073,8.46694332025454,142.268956882332
"805",5.06,10,0.021,0.309862597910318,0.784035631141823,4,0.775628000785901,0.519770917397882,14.7699459280762,0.791302699435308,2.71042199879984,0.140270329498202,0.301687464655373,0.058538034461997,12.5901745189491,137.435117542802,92.0992757552942,2617.11703634886,140.212549570974,480.265237482676,24.8547876080023,53.4566211174554,10.3724744837183,2230.87886608389,2.98771994658266,36.4028757926064,4.44354120246378,20.4706710987789,1.39098440709768,0.0876921921211767,10.6210269949478,0.334192662001753,65.5302677675244,10,1e-05,10.6520075053632,8.11164359543007,3.27346336134594,8.53779248515617,1.05310471087516,43.6360748877532,8.46694130458325,142.268972064125
"806",5.06,10,0.026,0.383639406936584,0.833536777504439,4,0.903285175293434,0.392113747033174,14.7699460980523,0.791302719123745,2.71042187891811,0.140270330346509,0.301687447432679,0.0585380290003967,12.5901748192212,170.160239605046,73.8661177804922,2782.35228003356,149.065061587533,510.58740801059,26.4240282848518,56.8316737007259,11.0273536123062,2371.72846682904,3.69913564358797,29.1960939843843,4.72409024901438,21.7631150132535,1.47880601646077,0.0932287586238131,11.2915999450393,0.35529235628884,69.6676134905468,10,1e-05,10.652007582472,8.11164397332691,3.27346314855746,8.53779235119812,1.05310465858382,43.6360723966626,8.46694051461737,142.2689754572
"807",5.06,10,0.031,0.45741621596285,0.883033000175762,4,1.01661935585895,0.278779569221015,14.7699462740768,0.791302731675083,2.71042183069516,0.140270330607168,0.301687441432066,0.0585380262900804,12.5901750528906,202.882107404038,55.6347724237084,2947.57109340823,157.916692094821,540.906574123543,27.9931127770027,60.2063924342222,11.6821680293212,2512.56405123039,4.41048059573996,21.9900286259717,5.00461152128526,23.0554306907013,1.56661895666851,0.0987647739126241,11.9621062971145,0.376389957217989,73.8045466790515,10,1e-05,10.6520067896214,8.11164364137287,3.27346298762525,8.53779215884418,1.0531045827868,43.6360715287341,8.46694012259723,142.268978097663
"808",5.06,10,0.036,0.531193024989116,0.932529225303659,4,1.11792258257675,0.177476346474635,14.7699464737806,0.791302746430381,2.71042177940371,0.14027032900418,0.301687436566728,0.0585380240732031,12.5901753162019,235.603978452826,37.4034248546236,3112.78992391148,166.76832378672,571.225740015733,29.5621969600948,63.5811114402244,12.3369825221928,2653.39965409643,5.12182561853969,14.7839623931318,5.28513289609118,24.3477465633614,1.65443190451208,0.104300788710186,12.6326127508154,0.397487562085231,77.9414805958345,10,1e-05,10.6520060415543,8.11164340556827,3.27346274802628,8.53779157956874,1.05310442936653,43.6360708250116,8.4669398019481,142.268981073081
"809",5.06,10,0.041,0.604969834015382,0.982025447827162,4,1.20901400267536,0.0863849327046155,14.7699467679502,0.791302755085729,2.71042183117575,0.140270328258082,0.301687444975044,0.0585380259287325,12.5901755744217,268.325848933888,19.1720777027979,3278.00877115461,175.619953989164,601.54492603876,31.1312812149383,66.9558331057317,12.9917978348334,2794.23525431286,5.83317062899755,7.57789632521655,5.56565415993765,25.6400630953445,1.74224497749474,0.109836801866179,13.3031190091819,0.418585170592208,82.0784138223339,10,1e-05,10.6520038960659,8.11164186021644,3.27346282010688,8.5377906435794,1.05310468228462,43.6360720411903,8.46694007033186,142.268983990965
"810",5.06,10,0.046,0.678746643041648,1.03152169918017,4,1.2913636601806,0.00403527742079006,14.7699468900227,0.791302764765416,2.71042178353668,0.140270328707308,0.301687439909883,0.0585380231463814,12.5901757489424,301.047737964036,0.940719626117018,3443.22768109212,184.471589779753,631.864107704604,32.7003666456754,70.3305537839974,13.6466124891883,2935.07092282487,6.54451604269643,0.371825939176687,5.84617583429211,26.9323793926366,1.83005794547638,0.115372822208056,13.9736260408102,0.43968278839248,86.2153491573602,10,1e-05,10.6520036365222,8.1116416813251,3.27346244649765,8.53779094078176,1.05310431037799,43.6360713085655,8.46693966789261,142.268985963049
"811",5.06,10,0.051,0.752523452067914,1.07469668346846,4,1.28389632541414,7.39575120077099e-17,14.1948162660858,0.7441404056805,2.92960932938346,0.139525213799678,0.329947198358266,0.0702712367872947,11.762762812789,311.83460176182,1.79629077891318e-14,3447.65756377507,180.737901080454,711.547763213146,33.8880863039477,80.1380541137464,17.0675799167883,2856.95689343267,6.7790130817787,7.09996355301652e-15,5.57365697360993,25.587925345388,1.98306733982508,0.116228235717384,14.0177643272273,0.484129372821725,78.3774351081471,10,1e-05,12.1388545544865,8.67266794237479,3.81535994210184,9.37853456075198,1.18776877720415,47.7235627705396,10.1640316889143,132.919219784515
"812",5.06,10,0.056,0.82630026109418,1.10455002514044,4,1.27194768522829,1.66219626912007e-16,13.5973842498771,0.695180008827587,3.15285652110639,0.138948514227886,0.356797300758518,0.0836627924905552,10.9076459385751,317.514145579349,4.1493123837095e-14,3394.29199200037,173.536607747447,787.042231421409,34.6854821837021,89.0667056601667,20.8846011380202,2722.85717462279,6.90248142563802,1.64004442043854e-14,5.25625531791905,23.9153930202596,2.12038311643548,0.116072872230525,13.9364161108943,0.52992136249837,70.4794758800227,10,1e-05,13.7747867091155,9.20300306795694,4.43731372651537,10.2846096526458,1.33573990247343,51.6071615817121,12.1009863058339,123.256399105898
"813",5.06,10,0.061,0.900077070120446,1.12245296560837,4,1.26034569650362,4.98655701166338e-17,13.0172848235365,0.647732324463407,3.36381418800864,0.138637494272266,0.380005292878335,0.0978817478946407,10.0830760714516,319.717400829485,1.26496170953719e-14,3302.1515296825,164.313089484244,853.313445705392,35.1687790494346,96.3976033540251,24.8300907539391,2557.81797238136,6.95037827890184,4.99984865429719e-15,4.9327404354481,22.140020553239,2.23438668004671,0.115330882963024,13.7586836405203,0.574696406418868,63.2325227298647,10,1e-05,15.4757488639158,9.66099379984676,5.10763631286628,11.2064358673346,1.4888439786647,54.9639655619224,14.1576160154808,113.938759607403
"814",5.06,10,0.066,0.973853879146713,1.13002029241241,4,1.24921893555404,7.17958328670487e-17,12.4609467778113,0.602385969610933,3.55904387515134,0.13862673799776,0.399174041092688,0.112659819108427,9.29928888358801,319.03126078627,1.83355490593938e-14,3182.33373508113,153.840091512624,908.924946914611,35.4031321039001,101.942897260415,28.7715812714398,2374.89504242188,6.93546219100587,7.24725259264579e-15,4.61134426692042,20.3378233337263,2.32314954115772,0.114172095396329,13.4879426691655,0.617308129730098,56.6547621574422,10,1e-05,17.2388609271414,10.0408718706176,5.82124880605278,12.1394027673863,1.64600170427467,57.7365333036464,16.2951162358429,105.081964384544
"815",5.06,10,0.071,1.04763068817298,1.1289300176795,4,1.23865066007081,6.57017203337831e-17,11.932533008415,0.559541598337401,3.73616881398977,0.138930446313575,0.414155406729326,0.127705703835309,8.56307326252851,316.027080015379,1.67630176113461e-14,3044.44480223418,142.760427269782,953.239326302225,35.4464617741393,105.666858364866,32.5826013624165,2184.76696162253,6.8701539133778,6.62569866061111e-15,4.2985668529185,18.5681310587263,2.38640057570414,0.112733707556146,13.1330025476433,0.656690168577411,50.7370490420686,10,1e-05,19.0640893312405,10.3411277843661,6.57219701824539,13.0789409289845,1.80612601649132,59.9034380293297,18.4713530027391,96.7627278665721
"816",5.06,10,0.076,1.12140749719924,1.12078891521832,4,1.22868373967848,2.38303471925111e-18,11.4341869834592,0.519430349557304,3.89378752796228,0.139542424226707,0.425018673889171,0.142719428460687,7.87811851213864,311.223496157383,6.03618630929251e-16,2896.26006578441,131.570821830667,986.289741299536,35.3458581143727,107.656505371005,36.1505878695373,1995.51398566696,6.76572817733442,2.38584439102471e-16,3.9990621657581,16.8733836581017,2.4251825432695,0.111117149932544,12.706650965691,0.691919727188684,45.4496947998908,10,1e-05,20.9536568400016,10.5639719753507,7.35383744439678,14.0200943111236,1.9680611201792,61.4747009913296,20.6429381325538,89.0227391871667
"817",5.06,10,0.081,1.19518430622551,1.10705455291348,4,1.21932940918612,0,10.966470457981,0.482148161296423,4.03130250787549,0.140437471912321,0.432003833224637,0.157405018230254,7.24564797223924,305.069303310622,0,2743.74871727719,120.630735674108,1008.60902578641,35.136659045724,108.084909161115,39.3818429108104,1812.82003228353,6.63194137631786,0,3.71582876067775,15.2811814124031,2.44145145998943,0.109390163328471,12.2239656782291,0.722258433755593,40.7498048016021,10,1e-05,22.9111801115723,10.7144979494275,8.15886060718371,14.9570297024618,2.13051327460611,62.4850344376115,22.7670618368239,81.8758220863034
"818",5.06,10,0.086,1.26896111525178,1.08899377645182,4,1.21057271096208,3.3949299671707e-16,10.5286355549873,0.447677482473025,4.1487815216198,0.141574283126515,0.435472503919668,0.171488893529984,6.66484399465328,297.937189488706,8.3553501889694e-14,2591.22980222378,110.179066253188,1021.06738005991,34.843213990071,107.175267328077,42.205576339356,1640.30204065113,6.47689542366751,3.30250995611439e-14,3.45041516153745,13.8066110271118,2.43770512849654,0.107591209772148,11.7005189797362,0.747188039646047,36.5858121696143,10,1e-05,24.9417492418948,10.7998264714052,8.97961472814036,15.8831055638136,2.2920702969348,62.9867429669408,24.8041535601768,75.312737139582
"819",5.06,10,0.091,1.34273792427804,1.06767336144566,4,1.20238178384878,9.60526643151406e-17,10.1190891902715,0.415924980543719,4.24674986735061,0.142898715081103,0.435855206020054,0.184730014216028,6.13354515467561,290.127726204045,2.31769488426456e-14,2441.67732534331,100.360276991511,1024.71602557705,34.4806282337809,105.169324398795,44.5742772437724,1479.9887466689,6.30712448269664,9.16084934491921e-15,3.20329832775334,12.4555199320731,2.41665781382508,0.105735915703504,11.1511004278568,0.766412323538707,32.9032110243871,10,1e-05,27.0513826164237,10.8281733054793,9.80806992235124,16.7906899816587,2.45117768110348,63.0420969987407,26.7193492562063,69.3090602478344
"820",5.06,10,0.096,1.41651473330431,1.04397046800016,4,1.19471470360434,8.97534270877275e-16,9.73573517970126,0.386749121893224,4.32603328861409,0.144347302664265,0.433608444474942,0.196929304632928,5.64876299058459,281.87779222416,2.11761835655948e-13,2297.02332268451,91.2485535626236,1020.67272529911,34.0569165724359,102.304416819856,46.4629735004519,1332.75403389598,6.12777809182956,8.37003302987938e-14,2.97420663791241,11.2272992824238,2.38101505968763,0.103823608420128,10.5888532291787,0.779849989965653,29.6481958941879,10,1e-05,29.2466796927495,10.8080753955416,10.6358477125867,17.6712355827327,2.6061597941532,62.7171254088556,28.4838546221066,63.8310217936059
"821",5.06,10,0.101,1.49029154233058,1.01859354620258,4,1.18752467591366,8.43785559365547e-18,9.37623375802918,0.359981690850278,4.38763068435791,0.145850661093456,0.429181578110098,0.207935083746573,5.20708163830333,273.370723410284,1.94241242683601e-15,2158.42908975705,82.8685561135677,1010.04197939486,33.5751345144133,98.7985183483082,47.8671015593375,1198.68134379961,5.94284181326704,7.67751947366012e-16,2.76238635322076,10.1171503696648,2.33332740631368,0.101843282466716,10.0248327898723,0.78761388376151,26.7700266142608,10,1e-05,31.5346083268815,10.7478351167697,11.4542465995995,18.5154762088526,2.75525743431668,62.0768234578446,30.0757305131044,58.8400225128277
"822",5.06,10,0.106,1.56406835135684,0.992106697203316,4,1.18076376194609,8.88178419700126e-23,9.0381880990842,0.335442766869117,4.43262975264217,0.147336789417512,0.422994586876773,0.21764567655525,4.80493697369578,264.746261745423,1.99143913420085e-20,2026.50740927275,75.2116735118732,993.867016023088,33.0352823087739,94.8422023297904,48.7996677320851,1077.34429418101,5.75535351620484,7.87130092569507e-21,2.56680563498178,9.11778235968281,2.27591475283365,0.0997786507765821,9.46788599369341,0.789983064217763,24.2222838303715,10,1e-05,33.9221528314502,10.6551199491057,12.2543076344598,19.3137383599922,2.89668571137722,61.1819370458565,31.4802706569514,54.2957878027624
"823",5.06,10,0.111,1.63784516038311,0.964954539525486,4,1.1743854644118,0,8.71927321739009,0.312951519315355,4.46214601231264,0.148734151718819,0.415424719528172,0.226007652222311,4.43881154803109,256.109660218341,0,1901.49671358128,68.2483815625335,973.103579437098,32.4359030436815,90.5957089803973,49.287686855348,968.01480586179,5.56760130909437,0,2.38630242301206,8.22064269729263,2.21083442334714,0.0976122327196036,8.92476562183819,0.787366901679843,21.9634448837675,10,1e-05,36.4159673482844,10.5367587739687,13.0269154646428,20.0563080924796,3.02870159234625,60.0870314325548,32.689746817435,50.1585704927514
"824",5.06,10,0.116,1.71162196940937,0.937484031389826,4,1.16834635185241,1.61784998517353e-19,8.41731758326103,0.292332405765796,4.47729581487008,0.149974790935244,0.406800877272874,0.233012313921346,4.10534503363201,247.539166846688,3.42776126940285e-17,1783.38878564635,61.9368734714844,948.610892636318,31.7753675844971,86.1894677661042,49.3686430925708,869.805163196872,5.38128623579756,1.35484635154263e-17,2.21968269712132,7.41672599198579,2.13988309127467,0.0953285234231802,8.4003594918694,0.780269067142429,19.9568637814274,10,1e-05,39.0217931096331,10.3986450470199,13.7629983292624,20.7338994016566,3.14968530035952,58.8396788887484,33.7029010855835,46.3903988800417
"825",5.06,10,0.121,1.78539877843564,0.909963869744289,4,1.16260707735024,1.24896305428498e-17,8.13035386826031,0.273419372882495,4.47917867930226,0.150997189748392,0.397402874996641,0.238689095694342,3.80140292960423,239.092278332085,2.56851543414126e-15,1672.02218864769,56.2291956381339,921.151312730442,31.0528490854948,81.7266303033555,49.0868504195362,781.765486383268,5.19765822461054,1.01522349175544e-15,2.06578415731746,6.69711065290151,2.06461199858635,0.0929163257417424,7.89798801173812,0.76925011691356,18.1705336167186,10,1e-05,41.7439204349713,10.2457545460105,14.4537822299402,21.3381301157535,3.25821692467023,57.4803518395141,34.5239908012297,42.9558531045278
"826",5.06,10,0.126,1.85917558746191,0.882600441807924,4,1.15713308007445,2.21889997358911e-21,7.8566540036452,0.256057947877323,4.4688810533034,0.151749127808707,0.387464498262284,0.243098772624212,3.52410685854693,230.810673901165,4.42598873925919e-19,1567.14870261333,51.0752898910399,891.397424599376,30.2690494780326,77.286652241366,48.4903530113671,702.945489094998,5.0176233456775,1.74940266373881e-19,1.9235153988956,6.05327974026651,1.98635510837499,0.090370422845785,7.41970453126105,0.75489576235909,16.5766631918997,10,1e-05,44.5843694340406,10.0822072183786,15.091150323732,21.8620343729246,3.35315964866993,56.0428650286567,35.161806472366,39.8224075015803
"827",5.06,10,0.131,1.93295239648817,0.855550775960461,4,1.15189487511624,1.09910430762195e-22,7.59474375562465,0.240106094973353,4.44748228217208,0.152190009985063,0.377178094974199,0.246325898961734,3.27084153491816,222.724029256109,2.12516736773922e-20,1468.47769441609,46.4255880260071,859.940603373696,29.4266195367702,72.9290726736849,47.6282149630665,632.431848992903,4.8418267229589,8.39987101873208e-21,1.79187495775372,5.47729477624809,1.90625597070274,0.0876924391998554,6.96657179258862,0.737789137935205,15.1512035471881,10,1e-05,47.5422267329858,9.9113662504875,15.6680443103241,22.3005153776806,3.43372030189962,54.5550396570681,35.6285780258252,36.9605093445752
"828",5.06,10,0.136,2.00672920551444,0.828932935847232,4,1.14686819945783,1.06320036188558e-16,7.34340997292393,0.22543429665528,4.41606665267667,0.15229285441356,0.366700037839571,0.248471789433154,3.03924815706346,214.852962135049,1.99178726205994e-14,1375.70593168476,42.2326004209685,827.300819537874,28.5303672193748,68.6971610008121,46.548417675149,569.369234858257,4.67071656815324,7.8726769251381e-15,1.66995907918594,4.96187685563739,1.82529498224882,0.0848911627116949,6.5389021159056,0.718489615347422,13.873373795627,10,1e-05,50.6129656224371,9.73594603431273,16.1788840048355,22.6507413518991,3.49950571482586,53.0394934731156,35.9389596236114,34.3435041748172
"829",5.06,10,0.141,2.0805060145407,0.802831649319264,4,1.14203343097557,3.79986707968469e-16,7.10167154694196,0.211923807311603,4.37572745678384,0.152045256421461,0.356155077520493,0.249648147088567,2.82718881584475,207.210491750734,6.89447703379654e-14,1288.52694989585,38.4514455844022,793.931782988907,27.5870841403867,64.6207604356209,45.2961480109144,512.965005151326,4.50457590762466,2.72508973667848e-14,1.55694975468308,4.50038184139395,1.74430371438087,0.0819818085325376,6.13641676784129,0.697515047500611,12.7251087770887,10,1e-05,53.7883654740218,9.55810010956744,16.6199802814002,22.9123931548243,3.55054896198694,51.5142704125641,36.1091079948904,31.9472336190457
"830",5.06,10,0.146,2.15428282356697,0.777317671535941,4,1.13737758503042,1.77249086222818e-16,6.86887925151488,0.199472373640206,4.32758937112029,0.151449463661115,0.34564641244682,0.249971002149813,2.63282815977742,199.807435307983,3.11380194185182e-14,1206.68207704189,35.0420686291081,760.244042690979,26.6057018453441,60.7210165765284,43.9133542794273,462.518911165011,4.34363989799962,1.23075175567266e-14,1.4521619476251,4.0870004017018,1.66402178441862,0.0789863999850321,5.75859753789381,0.675342111392241,11.6912081244686,10,1e-05,57.0549133675568,9.37960659610488,16.9895731096543,23.0875724041427,3.587273469828,49.994297096308,36.155805750949,29.7509582054848
"831",5.06,10,0.151,2.22805963259324,0.752427068061886,4,1.13288915306043,7.38943893197809e-15,6.64445765322527,0.187980341475436,4.27276370722699,0.150521087116957,0.335249813820215,0.249557103937232,2.45440962815696,192.64612083606,1.2565631346676e-12,1129.88017273835,31.9657783648574,726.577133537508,25.5958876989634,57.0087337927145,42.4368155266686,417.368718316163,4.18795914861001,4.96665270619605e-13,1.35492621489773,3.71628416751079,1.58503129679192,0.0759294316523473,5.40442420671732,0.652379564655317,10.7578947673377,10,1e-05,60.3971969903611,9.2017626156402,17.2883444867114,23.1808857107024,3.61050881305477,48.4905330709559,36.0959395134813,27.7348287981736
"832",5.06,10,0.156,2.3018364416195,0.728188654632061,4,1.12856162813229,2.57986583715852e-16,6.42808140653348,0.177361660933018,4.21236887533093,0.149287112699937,0.325026557551629,0.248519178968783,2.29042123693334,185.728104846938,4.24570161478719e-14,1057.87344499131,29.1885213323356,693.232224655911,24.568275075697,53.4898272758857,40.8989593278807,376.936079548281,4.03756749667257,1.67814293074592e-14,1.26467634163874,3.38350290622986,1.50783728932618,0.0728386301180664,5.07282426280006,0.628985169707907,9.9135278808534,10,1e-05,63.7958587369617,9.02562339804593,17.5188955829113,23.1988311531151,3.62137582167257,47.0118412842677,35.9458140460448,25.8817599773468
"833",5.06,10,0.161,2.37561325064577,0.704626254011945,4,1.12439190981673,3.7071225589804e-19,6.21959549104055,0.167541521939444,4.14749440746552,0.14778245223323,0.315025410264238,0.246962044821605,2.13955187540505,179.054389436942,5.90342709308843e-17,990.442801544656,26.680239029017,660.469959218149,23.5336954340307,50.1663894941929,39.3276025588258,340.714079650181,3.89248672689005,2.33337039252507e-17,1.18092198887649,3.08453062847691,1.43286323962545,0.0697426785812823,4.76270850894304,0.605463762227556,9.14821865845629,10,1e-05,67.2293230580425,8.85206052782188,17.6854108024589,23.149222300895,3.6211816141655,45.5652753406194,35.720590162997,24.1769361920771
"834",5.06,10,0.166,2.44939005967204,0.681739959400191,4,1.12037618861845,2.34617644935026e-15,6.01880943092247,0.158446552806781,4.07914355536141,0.146046458949369,0.305277113680591,0.244981281396326,2.0005374995657,172.619979119221,3.61482985635615e-13,927.337414738853,24.4123723039365,628.486826571239,22.5018497807986,47.0350312015295,37.745057516244,308.229275943541,3.75260824172219,1.4287865044886e-13,1.10316806335419,2.81552681178253,1.36039949191262,0.0666672434338601,4.47274695483439,0.582052970582622,8.45290396746987,10,1e-05,70.6772855886163,8.68163244022152,17.7935272572785,23.0407405817586,3.6113661231091,44.1552817227607,35.4340925411646,22.6060737450924
"835",5.06,10,0.171,2.5231668686983,0.659532131213672,4,1.11651311751574,1.13883686303235e-21,5.82565587578936,0.150014218680668,4.00826050081324,0.144120599579324,0.295806177354892,0.242662384928857,1.87230174402099,166.421038358639,1.69748487763975e-19,868.338835217758,22.3602586030921,597.448309466772,21.4817895594698,44.0911713584113,36.1698626168399,279.074554049088,3.6178486599704,6.70942639383301e-20,1.03099035661943,2.57320244232747,1.29068117312876,0.0636364695899814,4.20172774945468,0.558949610247297,7.81997324609915,10,1e-05,74.1188739683938,8.51480177290626,17.8495553238659,22.8822826135674,3.59338376509827,42.7854054926115,35.0986873561099,21.1570097074372
"836",5.06,10,0.176,2.59694367772457,0.637995031901165,4,1.11280064909451,3.86964471727238e-16,5.6400324564352,0.142186275498455,3.93567298444843,0.142045053715241,0.286626633162802,0.240079045173209,1.75385194759478,160.451250549824,5.57951987694375e-14,813.218667254538,20.501395046195,567.472397346055,20.4810327182795,41.3277991608641,34.6162478070027,252.882435411777,3.48807066412661,2.20534382487895e-14,0.96397917911299,2.35459765442748,1.22385159115917,0.060670341346934,3.94840045334674,0.536300784549497,7.24265633975158,10,1e-05,77.5356617696542,8.35186585326554,17.8601325086328,22.6824699983006,3.56863354007876,41.4576762206677,34.7250330938529,19.818527007821
"837",5.06,10,0.181,2.67072048675083,0.617123151200309,4,1.10923749755537,3.56557018450467e-16,5.4618748777097,0.134912221985024,3.86211928408489,0.139857646943906,0.277748445625733,0.237294839088109,1.64432920870864,154.705167622127,4.9728947522775e-14,761.766772534646,18.8161849581044,538.649128376745,19.5059225471352,38.737529097252,33.095471382727,229.33431877291,3.36315581787233,1.96557104833103e-14,0.901770476347728,2.15715695524495,1.16000662309629,0.0577857392867912,3.71162884520488,0.514222082986185,6.7151935183684,10,1e-05,80.9106046475993,8.19305809852632,17.8317915039543,22.4493509420229,3.53841404874626,40.173535175306,34.3223255257041,18.5809200584076
"838",5.06,10,0.186,2.7444972957771,0.596901399365708,4,1.10582068857634,2.03945838158866e-15,5.29103442929279,0.128144086681392,3.78820425920911,0.137591676369525,0.269173403858133,0.234362260759759,1.54292693330804,149.174897119681,2.75122356993557e-13,713.759043215763,17.2866009332874,511.027679689542,18.5610781015257,36.3114158042987,31.6154024777586,208.140405507998,3.24293254608003,1.08744014621959e-13,0.844003435965781,1.97856112384336,1.09916571570931,0.0549947794888898,3.49025247123399,0.492790017697442,6.23237425636195,10,1e-05,84.2303457850458,8.03847437433759,17.7707118272831,22.1901116097974,3.50388352467294,38.9332411340403,33.8981573962916,17.4350743463809
"839",5.06,10,0.191,2.81827410480337,0.577314693337922,4,1.10254678694581,3.28626006318416e-19,5.12733934627412,0.121839134248546,3.71442450362333,0.135275651318437,0.260899799342952,0.231324231289491,1.44892964727859,143.852720004371,4.28768605856916e-17,668.979965367417,15.8967320681081,484.632556571374,17.64983638148,34.04041100881,30.1815943485662,189.046372747031,3.12723304357327,1.69473757255698e-17,0.790345199089672,1.81678200214867,1.04130732922152,0.0523060969721948,3.28319722481777,0.47205639003345,5.78967772839149,10,1e-05,87.4841961265594,7.88815832307372,17.6824600646869,21.9109638388109,3.46603284653808,37.7365469769646,33.4587368137119,16.372905014248
"840",5.06,10,0.196,2.89205091382963,0.558346466901956,4,1.09941193857749,1.50628055562836e-18,4.97059693134238,0.115958637963469,3.64118949257807,0.132933984603591,0.252923125388408,0.228216443143249,1.36169300253246,138.730726375854,1.90071972365995e-16,627.221243111972,14.6323916538885,459.468235201337,16.7744478634228,31.9154337616024,28.7977889062599,171.827003795021,3.01588535599682,7.51272618047412e-17,0.740486038916201,1.67002895947754,0.98637791794981,0.0497253626003979,3.08945470131209,0.452053411178156,5.38311918118584,10,1e-05,90.6636935586524,7.74209506540375,17.5720538027364,21.6172745859753,3.4257248550426,36.5828008561793,33.0092263362395,15.3871309286169
"841",5.06,10,0.201,2.9658277228559,0.539979227908636,4,1.09641135923142,1.09909959397131e-16,4.82056796089578,0.11046749942048,3.56880417249247,0.130585897692572,0.245236040224678,0.225066273711313,1.28063570516597,133.800895185537,1.34128954733295e-14,588.279483826868,13.4809350404114,435.52010748603,15.9360899198648,29.9274550902318,27.4660314717614,156.282769523552,2.90871511272906,5.30153971277844e-15,0.694134505816754,1.53671998899667,0.934292839228749,0.0472553091021871,2.90808217987297,0.43279509192988,5.00918844069919,10,1e-05,93.7632985751658,7.60023470697787,17.4437153387713,21.3133895097734,3.38365171628615,35.4709408580974,32.5535858296044,14.4711834683755
"842",5.06,10,0.206,3.03960453188216,0.522194977827294,4,1.09354017739765,9.22911362864682e-18,4.67700886325516,0.105333896998595,3.49751590088286,0.128247435953922,0.237830132219898,0.221896611426743,1.20523385945555,129.05530864381,1.08918367378896e-15,551.962181959903,12.4310920337275,412.763063858542,15.1352577362066,28.0677763403984,26.1873649149704,142.236957484411,2.80555018790891,4.30507380944252e-16,0.65102206912087,1.41545727438417,0.8849536607736,0.0448968153953147,2.73820375056955,0.414284877018247,4.66477397667705,10,1e-05,96.7789289892727,7.46248958746525,17.3011681941829,21.0029920754708,3.34040237066731,34.399750324286,32.0951258767641,13.6191426118477
"843",5.06,10,0.211,3.11338134090843,0.504975534428434,4,1.09079304516278,2.28941237257498e-17,4.53965225494411,0.100528977280397,3.42750144898628,0.125930872828346,0.230695666893448,0.218724881511799,1.13501441541806,124.486179010608,2.61277975419195e-15,518.08541112448,11.472816330263,391.161788966074,14.3717942165024,26.3280208956445,24.961861349133,129.532919488194,2.70622128283929,1.0327192704316e-15,0.610898666382078,1.30500428888474,0.838247594165294,0.0426489841320878,2.57900669667149,0.396516029510097,4.34711935163895,10,1e-05,99.7084527310936,7.32875339230085,17.147491020679,20.6890046415462,3.29644721326158,33.3678212594684,31.6363668618666,12.825662894224
"844",5.06,10,0.216,3.1871581499347,0.488302768160763,4,1.08816444650441,3.08899370752581e-16,4.4082223253819,0.0960265668885558,3.35888688967535,0.123645592258184,0.22382230535344,0.215564638013828,1.0695500834148,120.085938785943,3.40890304276823e-14,486.475659098365,10.5971486848764,370.674751153825,13.6450856033439,24.700229589327,23.7889429378979,118.031724210472,2.61056388665094,1.34739250702302e-14,0.573533340761926,1.20426618671477,0.79405495427085,0.04050968216026,2.42973912934274,0.379475138903738,4.05377362378197,10,1e-05,102.55108179853,7.19890498570899,16.9852499913075,20.3737613209799,3.25215847151469,32.3736582463215,31.1792692423201,12.0859159425872
"845",5.06,10,0.221,3.26093495896096,0.472160367511856,4,1.08564910497773,5.34044520128148e-19,4.28245524912675,0.0918033163353619,3.29176661138052,0.121398937495338,0.217200147127776,0.212426821516324,1.00846051622883,115.847708569315,5.69869524574562e-17,456.973275607452,9.79617059301482,351.258631656346,12.9542673291966,23.1770460918744,22.6676929023342,107.611049879819,2.51842844715903,2.25244871373345e-17,0.538716907199528,1.11228115286882,0.752257652683276,0.0384761217722051,2.28972008190594,0.363145908379476,3.78257756141751,10,1e-05,105.306730614177,7.07282489172883,16.8166035051662,20.0591525038237,3.20783990594998,31.4158292805615,30.7254154641211,11.3956038333858
"846",5.06,10,0.226,3.33471176798723,0.456526018552791,4,1.08324077324125,2.39393412866046e-16,4.16203866295166,0.0878364174157285,3.22617509633905,0.119195453951998,0.210816592758964,0.209318467267084,0.951378421370203,111.763236999264,2.46993866914311e-14,429.417840408383,9.06251184344404,332.860229046198,12.2979766810394,21.750976700588,21.5964077824492,98.1583546430102,2.42963558694052,9.76260343534825e-15,0.506243648967357,1.02816113055721,0.712720876347982,0.0365441158520136,2.15826768391677,0.347502225567014,3.53150089333442,10,1e-05,107.977230752636,6.95033894217469,16.6432624777604,19.7465423329273,3.16371424683229,30.4925119766566,30.275823105511,10.7505761614833
"847",5.06,10,0.231,3.40848857701349,0.44138886666768,4,1.08093485867611,1.81678813765223e-20,4.04674293376917,0.0841078444715609,3.16216042082148,0.117039197598312,0.204663524361424,0.20624636285767,0.898009810322764,107.827450360056,1.81231672894115e-18,403.678324654391,8.39008414971101,315.43778338712,11.6751145250967,20.4159814409391,20.5738757284736,89.57996633027,2.34407500782731,7.16330722901638e-19,0.475946141787173,0.951173743589206,0.675338256874832,0.0347103098082544,2.03484304455669,0.332526523837968,3.2988978283658,10,1e-05,110.563386281446,6.83135982259608,16.4666753013406,19.4370959647998,3.11996568596553,29.6025321636364,29.8314739237334,10.1475108566472
"848",5.06,10,0.236,3.48226538603976,0.426726241259174,4,1.07872531492151,5.9287333224079e-16,3.93626574366986,0.0805982481783742,3.09971247069823,0.114932054473897,0.198728351551754,0.203214173645872,0.848046100783133,104.032410171192,5.71767815458405e-14,379.613982098929,7.77290557437438,298.936675262785,11.08406233492,19.1653881625845,19.5980014308512,81.7856766503809,2.26157413415635,2.25995183975654e-14,0.44764814262145,0.880605969569471,0.639978803686079,0.0329698503913067,1.91885080680292,0.31818880886644,3.08310442275536,10,1e-05,113.068081091881,6.7156989616933,16.2879984860179,19.1316056149448,3.07672807290299,28.7440687684457,29.3928980761389,9.5829209388494
"849",5.06,10,0.241,3.55604219506603,0.412527927963776,4,1.07660786408086,1.19939671685358e-15,3.83039320403042,0.0772927707498958,3.03884562255071,0.112876010634971,0.193003400371233,0.20022593873076,0.801246277107791,100.373563376125,1.11821329184697e-13,357.112582814415,7.2061064034716,283.315563504415,10.5235785331979,17.9939601829943,18.6673269081997,74.7012414253764,2.1820339864375,4.41981538279434e-14,0.421209371454597,0.815877670251641,0.606542651481546,0.0313190313654522,1.80983388012744,0.304469376717805,2.88279696348201,10,1e-05,115.492841368102,6.6032666718948,16.1082219917735,18.8307814512777,3.03411397797874,27.9160118296951,28.9606797780171,9.05408293131804
"850",5.06,10,0.246,3.62981900409229,0.398774066182201,4,1.07457686795069,6.07038254197573e-15,3.72884339753557,0.0741755680665639,2.97951733517042,0.110870756721439,0.187477172833019,0.19728251169489,0.757358407667463,96.8440254751152,5.47080715277194e-13,336.054325896972,6.68492019297689,268.522858919416,9.99199844014231,16.8959938030943,17.7796797587972,68.2553655429198,2.10530490163294,2.16237436868456e-13,0.396482455817838,0.756425155603434,0.574910101641902,0.0297529256960602,1.70729331181349,0.291338485408307,2.69664266902815,10,1e-05,117.841204517479,6.49389837507264,15.9279946498654,18.5349345227271,2.99217715809379,27.1166982785678,28.5349424915489,8.55815000664233
"851",5.06,10,0.251,3.70359581311856,0.385449813891347,4,1.07262814904914,1.44947975036241e-17,3.63140745337517,0.0712331357697164,2.92172253837134,0.108917432606294,0.182141118591951,0.194386705080208,0.716167498307902,93.4384164161879,1.26266584203722e-15,316.337923917167,6.20523655712554,254.516094356569,9.48797813284194,15.8666148194898,16.9333481609227,62.3865381399456,2.03126992209104,4.99077407919849e-16,0.373342955039885,0.701763640812316,0.544982546670482,0.028267547961526,1.61080217665863,0.278772733199228,2.52349120844618,10,1e-05,120.115141538352,6.38745740690076,15.748137878735,18.2445775079571,2.95100851708462,26.3448913931398,28.1160930228012,8.0926927308793
"852",5.06,10,0.256,3.77737262214482,0.372543416374851,4,1.07075722633478,1.52019006935107e-15,3.53786131596405,0.068453698878324,2.86541751136036,0.107014835425144,0.176986964217431,0.191538262991697,0.677484334158601,90.1522034767409,1.27992117246388e-13,297.869568735987,5.76344631465952,241.253288959088,9.0100939606091,14.9013841965629,16.1265280626836,57.0406662156624,1.95983051036393,5.0589769662604e-14,0.351676826089097,0.65146830612787,0.516664133211322,0.0268587208886579,1.51998232525884,0.266748710557648,2.36234344349478,10,1e-05,122.317733016823,6.2838483753106,15.5689737824681,17.9597690463218,2.91061394305877,25.5993945044093,27.7040943591191,7.6555729759922
"853",5.06,10,0.261,3.85114943117109,0.360039649719133,4,1.06895988577913,5.37892059789577e-16,3.44799428908087,0.0658256191505516,2.81056672808634,0.105162390357414,0.172006062770579,0.188737719947604,0.641124780185679,86.980155081777,4.37677179472954e-14,280.55971227278,5.35616222670118,228.692894026095,8.55695442246765,13.9959545852239,15.3573921427914,52.1676571302536,1.89087293656037,1.72994932598005e-14,0.331375649757756,0.605142358378867,0.489860912347065,0.0255223510020378,1.43445701172334,0.255241926150723,2.212236870178,10,1e-05,124.451737691837,6.18293790870686,15.3909401889426,17.6806695173739,2.87102394412093,24.8789569191365,27.2990238132214,7.24471001609817
"854",5.06,10,0.266,3.92492624019736,0.347925177395646,4,1.06723218822441,2.81714511257434e-16,3.36160941123064,0.0633385140310228,2.75713000051629,0.103359140648918,0.167190496743927,0.18598493379068,0.606924240669321,83.9176303407327,2.21515191147425e-14,264.327012466628,4.98037640302977,216.796137464342,8.1272419001364,13.1463710119003,14.624198084541,47.7231146467336,1.82429631175506,8.75554115207214e-15,0.312341433951663,0.56243425247925,0.464485878160024,0.0242545734325285,1.3538863301924,0.244229379434886,2.0723157601575,10,1e-05,126.519906706721,6.08461146753517,15.2143491346928,17.407341799558,2.83225269935891,24.1824334490416,26.9008608234839,6.85824391956332
"855",5.06,10,0.271,3.99870304922362,0.33618718319937,4,1.06557041586266,5.24696283284235e-16,3.27852079202831,0.0609828512440098,2.70506521390111,0.10160381032278,0.162532816089147,0.183279555142948,0.57473200040789,80.9602323537354,3.98655334058263e-14,249.09644744996,4.63337357420091,205.526265546835,7.71968512761087,12.3489676137746,13.9252696482284,43.6671623024369,1.76000505116816,1.57571278283898e-14,0.294484234881469,0.523027462336831,0.440457164548075,0.0230516639574356,1.27795566516375,0.233689003032508,1.94180135952091,10,1e-05,128.524954845897,5.98875845561523,15.0394432535118,17.1397700437945,2.79430042655545,23.5087465191343,26.5095548558761,6.49447160460916
"856",5.06,10,0.276,4.07247985824989,0.324813350895845,4,1.0639710844715,2.45887745908441e-16,3.19855422525968,0.0587498812687708,2.65432995383461,0.0998951706249676,0.158025945703636,0.180620992536812,0.544409872707392,78.103794983985,1.80500827285608e-14,234.798884199877,4.3127005507192,194.848568311541,7.3330864346358,11.6003397512611,13.2589928211314,39.9639404733603,1.69790858660837,7.13442005081455e-15,0.277721448444683,0.486636691836719,0.417697894526868,0.021910118380092,1.20637314149331,0.223599594853105,1.81998408545038,10,1e-05,130.469491811978,5.89527529282997,14.8664116140744,16.8779296685977,2.75716689621271,22.8568727865738,26.1250203605244,6.15183156159353
"857",5.06,10,0.281,4.14625666727616,0.313791848572304,4,1.06243086908115,3.07899537492549e-18,3.12154345407232,0.0566315474142584,2.60487915588196,0.0982317248703599,0.153663148538492,0.178008355565231,0.515830965778308,75.3443650839713,2.18352985000218e-16,221.370365332581,4.01613705684243,184.730105112756,6.96629508502666,10.8973230168375,12.6238110356333,36.5811628203451,1.63792098008633,8.63055276680705e-17,0.261976962891213,0.453004287051706,0.396135540380082,0.020826573129136,1.1388678893174,0.213940760379006,1.70621692006,10,1e-05,132.3561289952,5.80406181966854,14.6953812054286,16.6217321778446,2.72083953493431,22.2258378046075,25.747128548955,5.82888991329488
"858",5.06,10,0.286,4.22003347630242,0.303111306870147,4,1.06094675366933,4.6626093230413e-16,3.04733768458958,0.0546204327364672,2.55667330878209,0.0966122557973605,0.149438173953959,0.175441011837676,0.488878678660928,72.6782002875031,3.19403450805028e-14,208.752246819435,3.74167198917536,175.140188857481,6.61824436785686,10.2369864459849,12.018262889143,33.4897320729094,1.57996087581528,1.26246423243094e-14,0.247181131343816,0.421897350311603,0.375702788116397,0.0197979107407628,1.07518830536976,0.204693300953857,1.59990740621699,10,1e-05,134.187199629218,5.7150229157994,14.5264860799899,16.3711228148101,2.68531405333543,21.6147374807006,25.3757879522015,5.52432906886849
"859",5.06,10,0.291,4.29381028532869,0.292760800034693,4,1.05951576740233,2.67108636107769e-16,2.97578837054215,0.052709698630647,2.50966664103594,0.09503506588149,0.145344991817888,0.172917780069508,0.463445615951234,70.1017385193819,1.76729599886975e-14,196.889885605211,3.48748138019725,166.049435084914,6.28789447365214,9.61659743535481,11.4409217651421,30.6633883014507,1.52395083737787,6.98535967932708e-15,0.23326932273056,0.393105024719848,0.356335539623104,0.0188210958576318,1.01510064814676,0.195838561751163,1.500514430042,10,1e-05,135.96517874036,5.6280693382275,14.3597742303152,16.1259472158363,2.65056768729587,21.0226996165393,25.0108277092537,5.23693546024894
"860",5.06,10,0.296,4.36758709435495,0.282729826728578,4,1.05813521656011,2.78821929860007e-18,2.90676082831336,0.0508930267536687,2.46381897529644,0.0934988389788601,0.14137795718259,0.170437716235265,0.439432845284202,67.6116033339587,1.78158683573432e-16,185.733124684683,3.25190871968123,157.430495306609,5.9742897829025,9.03361896626914,10.8904486713017,28.078414518567,1.46981746378171,7.0418452005309e-17,0.220182290919797,0.36643615288211,0.337974285616652,0.0178933392771108,0.958387150409562,0.187358979728209,1.40754148909633,10,1e-05,137.692271099728,5.54311466427536,14.1953069975717,15.8861097223503,2.61658735981221,20.4489077268898,24.6521112762687,4.96559115171148
"861",5.06,10,0.301,4.44136390338122,0.273008291203839,4,1.05680253794736,1.50009743905058e-15,2.84012689548667,0.0491645792461391,2.41908955406381,0.092002060617586,0.137531760346073,0.167999769881041,0.416749062335164,65.204583235625,9.25558226952266e-14,175.235471061787,3.03344833551018,149.257520225828,5.67651553055524,8.48569225850419,10.3655646021166,25.7133645573771,1.41749093990489,3.6583329128548e-14,0.207865262929788,0.341717252365009,0.320563005053391,0.0170119717200349,0.90484534676098,0.179237785159995,1.32053284049323,10,1e-05,139.370645707404,5.46007762436262,14.033113920598,15.6514643602206,2.58335345948202,19.8925938164559,24.2994867155938,4.70926440438735
"862",5.06,10,0.306,4.51514071240749,0.26358648346454,4,1.05551527130656,2.09184917544222e-16,2.77576356406524,0.0475189591114393,2.37543613677327,0.0905431936990493,0.133801273613578,0.165602631730329,0.395309894841138,62.8776202451405,1.24612595989021e-14,165.353749032496,2.83073030459797,141.506025904984,5.39370741850452,7.97061482604282,9.86503906916113,23.5488259835402,1.36690478793784,4.92539905094943e-15,0.196267489713451,0.31879070731947,0.304048792526416,0.0161744731437094,0.85428628545517,0.171458866189641,1.23907040941916,10,1e-05,141.002454315395,5.37888258513944,13.873183329336,15.4218558747907,2.55084122039984,19.3530162154679,23.9527646534747,4.46700181170486
"863",5.06,10,0.311,4.58891752143375,0.254455063705641,4,1.05427128276368,1.38683465814963e-15,2.71356414161691,0.0459511501161107,2.33282658646153,0.0891211246871104,0.130181863020743,0.163245674315262,0.375037376081026,60.6278146106173,7.97524848912359e-14,156.048510854531,2.64250563961218,134.153495513936,5.12507464990961,7.48634814010723,9.38774359140866,21.5672160295288,1.31799596979603,3.15227213008838e-14,0.185342608258966,0.29751302940507,0.288383070760552,0.0153785347687622,0.806533706889272,0.16400732618036,1.16276810365655,10,1e-05,142.589457915872,5.2994531065823,13.715576005434,15.1971897119679,2.51904189463268,18.8295046673202,23.6118543329596,4.23792234971559
"864",5.06,10,0.316,4.66269433046002,0.245605043238035,4,1.0530683505881,2.93120621339795e-16,2.65341752914461,0.0444565158792196,2.29121906829799,0.0877342916117286,0.126668914307018,0.160927402268721,0.355859230315566,58.4523908980079,1.62701700504551e-14,147.282556296152,2.46763625806855,127.178100584193,4.86984449355507,7.03097846361556,8.93255543988102,19.7525856925177,1.27070414995669,6.4308972531443e-15,0.175047054184583,0.277753614926266,0.27351891910566,0.0146219055689709,0.761423317193323,0.156868466537496,1.0912718750929,10,1e-05,144.133692369423,5.22172142562456,13.5602293423478,14.9772904087789,2.48792592292224,18.3213917653671,23.2765394641479,4.0212093025659
"865",5.06,10,0.321,4.73647113948628,0.237027768157052,4,1.05190446400439,1.6678251675331e-15,2.59522320018036,0.0430307476133963,2.25057731213471,0.0863812445157327,0.123258146117339,0.158646741626864,0.337708491226039,56.3487082363327,8.93425182328561e-14,139.021631639843,2.30508294757879,120.559545723402,4.62729431319155,6.60272634158933,8.49843237906409,18.0904615316365,1.22497191818115,3.53132483133818e-14,0.165340745656803,0.259393354984684,0.259412804819577,0.0139024777457373,0.718801362672591,0.150028560896896,1.02425472589678,10,1e-05,145.636967325213,5.14562181960247,13.4071238923191,14.7619888591394,2.45746918972892,17.8280582544119,22.9466647089095,3.81610595085424
"866",5.06,10,0.326,4.81024794851255,0.228714904803948,4,1.05077786928066,2.81182131787101e-16,2.53889346465238,0.0416698277140417,2.2108729438389,0.0850610895257257,0.119945626697361,0.156403000816653,0.32052306180121,54.3142546374327,1.45341830579623e-14,131.234307619026,2.15389541341196,114.279068443725,4.3967710125076,6.19993768573253,8.08440362208017,16.5676987542174,1.18074466603115,5.74473638654637e-15,0.156186883204061,0.242323462165742,0.24602448921796,0.0132183456418046,0.678524099299348,0.1434747467988,0.96141390599481,10,1e-05,147.100772129346,5.07108834534902,13.2562881574613,14.5512114068719,2.42766387619216,17.3489354455063,22.6221300381207,3.62191059835368
"867",5.06,10,0.331,4.88402475753882,0.220658423823868,4,1.04968670345288,4.19377068129161e-17,2.48433517351341,0.0403700372312495,2.17206829361096,0.0837723190223749,0.116727433960682,0.154194782011292,0.304245190559582,52.3466202493693,2.09138327221237e-15,123.890823302112,2.01320546544579,108.318447539954,4.17762533987372,5.82105750041775,7.68950932866769,15.1723437103005,1.13797000542107,8.26633704431767e-16,0.147550749036459,0.226444633540598,0.233315045183864,0.0125676173738355,0.640457191538202,0.137194395921914,0.902471015307335,10,1e-05,148.526880140452,4.99806363027445,13.1076476189316,14.3447689654387,2.39847966946395,16.8834560480731,22.3027332701132,3.43797065332328
"868",5.06,10,0.336,4.95780156656508,0.212851355121172,4,1.04862937474213,1.43454021714297e-15,2.43146873715608,0.0391280261281429,2.13413384972051,0.0825137431197937,0.113600216582364,0.152021192802976,0.288822701131348,50.4436934560226,6.90077053980023e-14,116.964359934286,1.88223046491775,102.661241714592,3.96927462085205,5.46467096940495,7.31288921832657,13.8936445515776,1.09660203165267,2.72757728845859e-14,0.139401077335543,0.211667424751223,0.221249385873972,0.0119485953691832,0.604478245574604,0.131176240080696,0.847173522146314,10,1e-05,149.916746417111,4.92649807761922,12.9611630408387,14.1425212416214,2.36989404630541,16.4311353264732,21.9883453270224,3.26369652278423
"869",5.06,10,0.341,5.03157837559135,0.20528393063466,4,1.04760410909428,5.47496453137471e-16,2.38020545714227,0.0379401847450807,2.09703298851882,0.0812841911205291,0.110559697635678,0.149880850004417,0.274201165287702,48.6027213736405,2.54006426033425e-14,110.427652623013,1.76020331728543,97.2901014491342,3.77111244487994,5.12932522189754,6.95359738356415,12.7213350168392,1.05658089942697,1.00397796851156e-14,0.131706003961206,0.197904324668997,0.209790483703089,0.0113595064555253,0.570458787074947,0.125407383147287,0.795265779313007,10,1e-05,151.272061651226,4.85631395108699,12.816805567097,13.9443319051071,2.34189293609321,15.9913546660245,21.6787661446388,3.09847316775104
"870",5.06,10,0.346,5.10535518461761,0.197951258413959,4,1.04660969398941,5.1798617392447e-16,2.33048470105108,0.0368038600285754,2.06074547793411,0.0800827314801283,0.107603502471292,0.147773322815481,0.26033853555139,46.8221615545201,2.317313938308e-14,104.258857718984,1.64649371201538,92.1915383019123,3.58265990906039,4.81385621161082,6.61093283776207,11.6467610040861,1.01787307727218,9.15934362967589e-15,0.12444014550051,0.185083389221133,0.198909649292131,0.0107989577856986,0.538298733608125,0.119878835508182,0.746542663542745,10,1e-05,152.593887741998,4.78748182438119,12.6745509931709,13.7500942036734,2.31445576842289,15.5637705974476,21.3739334120312,2.94182545173071
"871",5.06,10,0.351,5.17913199364388,0.190845624077066,4,1.04564463338946,3.458320332347e-16,2.28223167246606,0.0357161137850133,2.02523960273889,0.0789081986524863,0.104728204018733,0.145697431141604,0.247189914941411,45.0998147925824,1.49161198271249e-14,98.4351876873722,1.54047566962929,87.3508341912063,3.40339827815858,4.51704379670016,6.28409208101771,10.6615756696564,0.980430756360488,5.89569953641299e-15,0.11757695806159,0.173133290678648,0.188575576186079,0.0102654351651533,0.507890739872925,0.114579799943228,0.700793482569832,10,1e-05,153.883678443036,4.71994646880747,12.53434209991,13.5596610773987,2.28756198889021,15.1478874292696,21.0736764403215,2.79324603883795
"872",5.06,10,0.356,5.25290880267015,0.183960322469226,4,1.04470759946906,9.76996251900175e-19,2.23537997337889,0.0346743033849717,1.99048784188872,0.0777595542385856,0.101930863014845,0.143652147379146,0.234714798432888,43.4337527958698,4.06186512944765e-17,92.9359958881506,1.44158530325351,82.7545974698722,3.23285602405132,4.23777898112966,5.97234275028974,9.75827546181102,0.944212017301517,1.60548028831923e-17,0.111092418673694,0.161989811600798,0.178759815284054,0.00975756315118832,0.479137547877682,0.109500512894282,0.657827535508422,10,1e-05,155.142712787632,4.65365989825365,12.3961283237394,13.3729025486977,2.26119259633512,14.7432800264671,20.7778465969196,2.65227722229164
"873",5.06,10,0.361,5.32668561169641,0.177288877929385,4,1.043797384736,2.95924547912164e-16,2.18986924004974,0.0336759617410104,1.95646611812517,0.0766358905635466,0.099208695653366,0.141636711393789,0.222875359290955,41.8221287703566,1.18568936175504e-14,87.7421180459917,1.349304404278,78.3902883103754,3.07059217665146,3.97502322330842,5.67499868187454,8.93001085489723,0.909176712399056,4.6865192164231e-15,0.10496423689312,0.1515939799029,0.169435745147185,0.00927405447418993,0.451947502559559,0.104631779579512,0.617467549032263,10,1e-05,156.372129460379,4.58857748148301,12.2598818522763,13.1897089700096,2.23533098587471,14.3495457393029,20.4863339359976,2.51849155998779
"874",5.06,10,0.366,5.40046242072268,0.1708250344596,4,1.04291281849998,4.53185805131872e-17,2.14564092421123,0.0327187779241853,1.9231498421553,0.0755362783999919,0.0965590441049062,0.139650255029929,0.211636225684066,40.2631697038477,1.74958986558853e-15,82.8355957684865,1.26315611880074,74.2460032009165,2.91618814350205,3.7278026602731,5.39140167587817,8.17052501325592,0.875286297909733,6.91537496280052e-16,0.099171533624781,0.141891564725866,0.160578121714024,0.00881368768721942,0.426234604879485,0.0999647784349549,0.57954876125388,10,1e-05,157.573064646589,4.52465659058996,12.1255536992776,13.0099623559682,2.20996033404472,13.9663001393336,20.1990128875289,2.39148935022994
"875",5.06,10,0.371,5.47423922974895,0.164562745631486,4,1.04205275538878,1.3687984382266e-16,2.10263776660967,0.0318005879831859,1.89051357182928,0.0744597345257023,0.0939793342753178,0.137691774686157,0.20096429322078,38.7551721294371,5.09072298016089e-15,78.199580730834,1.18270140809317,70.3104315116419,2.7692454276743,3.49520238549821,5.12091964746905,7.47409930578438,0.842503741944285,2.01214347041932e-15,0.0936947391904589,0.13283266627634,0.152162982352753,0.00837529991492017,0.401917973315714,0.0954910320947795,0.543918078305558,10,1e-05,158.746661419518,4.46185706812623,11.9930821462472,12.8335335528077,2.1850601125068,13.593170909582,19.9157382906057,2.27089651339481
"876",5.06,10,0.376,5.54801603877521,0.158496165674163,4,1.04121619903311,2.08017930629812e-17,2.06080995149278,0.0309193569293415,1.85853719010052,0.0734055378480917,0.0914672071902133,0.135760631996517,0.19082857970797,37.2965031917137,7.45123003356365e-16,73.8184874618167,1.107535491161,66.5730501569911,2.62939616112692,3.27636756715352,4.8629639543345,6.83550518975568,0.81079354764595,2.94515021089472e-16,0.0885157333901763,0.124371308985016,0.144168031723773,0.00795781663663996,0.37892146583946,0.091202589063717,0.510432457415324,10,1e-05,159.893864921039,4.4001391251911,11.8624437330464,12.6603358192515,2.16061879153788,13.2298168479924,19.6364178119762,2.15636295070006
"877",5.06,10,0.381,5.62179284780148,0.15261964053874,4,1.04040218029879,7.5457744812411e-16,2.02010901409003,0.0300731761885655,1.82720012561259,0.0723729017093656,0.0890203802966696,0.133856125991328,0.181200043803718,35.8855923306804,2.60269145894432e-14,69.6776784169645,1.0372851587851,63.0238575581134,2.49628893106014,3.07049440777892,4.61697068619127,6.24995893450959,0.780121572406095,1.02873180195427e-14,0.0836175123099509,0.116465126230658,0.136572101654416,0.00756021116166372,0.357173348907691,0.0870918224528296,0.478958799858701,10,1e-05,161.015619459788,4.3394652246374,11.7336071864005,12.4902678820917,2.13662188644321,12.8759078061103,19.3609500633856,2.04756049498201
"878",5.06,10,0.386,5.69556965682774,0.146927699800367,4,1.03960969677616,8.18514811900669e-17,1.9804848385807,0.029260259072652,1.79647850050854,0.0713608825221269,0.0866366083986949,0.131977252674894,0.172051434513497,34.5209262848703,2.71793246757117e-15,65.763306491809,0.971606218810315,59.6532545634405,2.36958521338228,2.87682577545875,4.38239180049766,5.71308146361531,0.75045491923631,1.07428160773564e-15,0.0789840098464647,0.109075064128462,0.129354897554761,0.00718149542652663,0.336606178585909,0.0831513397151597,0.449373305508927,10,1e-05,162.112966115581,4.27980109841632,11.606494759205,12.323199830472,2.11304812166713,12.5311190387872,19.0891898268967,1.94418121000252
"879",5.06,10,0.391,5.76934646585401,0.141415048831551,4,1.03883787210286,4.42020549398244e-17,1.94189360583373,0.0284789201212813,1.76635303948948,0.0703687658412107,0.0843138129117893,0.130123316198401,0.163357189514066,33.2010517009969,1.41268888125606e-15,62.0625332753919,0.910180620794311,56.452291701295,2.24897175542908,2.69465268524146,4.15871529583637,5.22086327465836,0.721761993499934,5.58375051879866e-16,0.0746003138639505,0.102165055798221,0.122497494422271,0.00682075406070958,0.317156306171331,0.0793741834168576,0.421560140275673,10,1e-05,163.186774472369,4.22111245759884,11.4810672566617,12.1590390320495,2.08988418219273,12.1951498995612,18.8210364549367,1.84593624150895
"880",5.06,10,0.396,5.84312327488028,0.136076561394248,4,1.03808591456961,1.89159608462715e-16,1.90429572972076,0.0277275716519683,1.73680717025194,0.0693959595774143,0.0820500430440084,0.128293783491303,0.155093306236581,31.9245705411345,5.81728273078922e-15,58.5633833398621,0.85271440900402,53.4125569424033,2.13415496319242,2.52330982464739,3.94545758070054,4.76963142059422,0.694012403068142,2.29932123746609e-15,0.0704525105264671,0.0957017837766959,0.115982105801797,0.00647712840021622,0.298763679761847,0.0757537481861831,0.395411000952013,10,1e-05,164.237807717251,4.16336596077681,11.3573082291424,11.9977125837934,2.06712007289068,11.8677182258854,18.556412844182,1.75255436047336
"881",5.06,10,0.401,5.91690008390654,0.130907272582986,4,1.03735300544792,2.81522022738611e-16,1.86765026859689,0.0270047235000327,1.7078216653463,0.0684417241547479,0.0798433780261692,0.126487894768556,0.147237214930246,30.6901338986628,8.32884131813904e-15,55.2545146330033,0.798935922255808,50.5259784367074,2.02485139343437,2.36216982037529,3.74214988207486,4.35601942380673,0.667176823883973,3.29203214155693e-15,0.0665274336226975,0.089654470112786,0.109791682391866,0.00614979005001502,0.281371718501144,0.0722836427619965,0.370824967387296,10,1e-05,165.266908448123,4.10653087655326,11.2351649993894,11.8391190355248,2.0447408318415,11.5485461977051,18.2952090993239,1.66378052871178
"882",5.06,10,0.406,5.99067689293281,0.125902372150529,4,1.03663834089981,9.3240931791928e-16,1.8319170451126,0.0263089727593002,1.67937679660016,0.0675052828759293,0.0776919679297361,0.12470481604726,0.13976768627998,29.4964411170131,2.65307151567324e-14,52.125250553162,0.748593829908134,47.7848800683927,1.92079100577046,2.21064229142362,3.54834286792164,3.97694081509674,0.641226980804633,1.04864486785503e-14,0.0628126968510759,0.0839946524783924,0.103910018523842,0.00583794978219938,0.264927074790307,0.0689577328185769,0.347707748914743,10,1e-05,166.27492517641,4.0505780176453,11.1145725372499,11.6831500878485,2.02272849089704,11.237366241357,18.0373045930756,1.57937485496378
"883",5.06,10,0.411,6.06445370195907,0.121057198526812,4,1.03594124604056,3.57202005952022e-15,1.79706230184049,0.0256389925607152,1.65145795724705,0.0665861179404257,0.075594110688036,0.122944068969507,0.132664754594916,28.3422407889942,9.77266355760834e-14,49.1656960916037,0.70145532241369,45.1821174763457,1.82172473109351,2.06817374589438,3.36361779167546,3.6295653187987,0.61613566932596,3.8627128686199e-14,0.0592968007816246,0.0786959789333825,0.0983220226971375,0.00554087854507651,0.249379268132735,0.0657702499933871,0.325970858513204,10,1e-05,167.2625196844,3.99547824641457,10.9955134270476,11.529739741167,2.00107486922941,10.9339321699175,17.7826301357495,1.49911172692255
"884",5.06,10,0.416,6.13823051098534,0.11636723253287,4,1.03526107347755,5.95948251846126e-17,1.76305367677585,0.0249935268433991,1.62405080623416,0.0656837298683604,0.0735481672350153,0.121205176814032,0.125909616732591,27.2263253317275,1.56728398288306e-15,46.3665390411673,0.657304626300531,42.7109033060195,1.7274160539912,1.93424284945477,3.18757428475838,3.31129632454879,0.591876637646249,6.19479835131645e-16,0.0559689289304583,0.0737340355483295,0.0930133595716831,0.00525788411177564,0.234680613298947,0.0627156684264599,0.305531541544379,10,1e-05,168.230335785646,3.94120266371426,10.8779629143607,11.37882643308,1.97976983776552,10.6380069088726,17.5311167743817,1.42277866907828
"885",5.06,10,0.421,6.21200732001161,0.111828091724217,4,1.03459708691667,1.45476779141076e-15,1.72985434307085,0.0243714063588277,1.59713569006219,0.06479728887425,0.0715524926518565,0.119487225445575,0.119484540475897,26.1475260529315,3.67665627594619e-14,43.7188660931004,0.615942177657951,40.3646478364106,1.63763151899851,1.8083567887692,3.01981841998199,3.01975056234399,0.568424479411554,1.45322382448466e-14,0.0528187416479455,0.0690862489644614,0.0879701367171134,0.00498828369290176,0.220786229052643,0.0597885770179887,0.286312610873018,10,1e-05,169.17919010227,3.88772746824189,10.7618429556702,11.2302848087407,1.95879454457526,10.3493525371645,17.282632288448,1.35017530737764
"886",5.06,10,0.426,6.28578412903787,0.107435525096981,4,1.0339487627131,1.04074055809993e-16,1.69743813498592,0.0237715065453009,1.57070235751776,0.0639265278249544,0.0696056322964738,0.117789949214524,0.113372829010667,25.1047191834729,2.52696268869173e-15,41.2145255615186,0.577182369097204,38.1373265565229,1.55216349909717,1.69005459013827,2.85999046017206,2.75274088812702,0.545754764858107,9.98799481696335e-16,0.0498367530972048,0.0647316353586387,0.0831796226446265,0.00473146870673192,0.207653493427206,0.056983959109829,0.268241270618189,10,1e-05,170.10956483206,3.83502491785336,10.6471625218873,11.0840908546023,1.93814699904928,10.067758655362,17.0371382543887,1.28111296782053
"887",5.06,10,0.431,6.35956093806414,0.103185408219459,4,1.03331544489956,2.70935857090877e-16,1.66577224551142,0.0231927814969098,1.54473327392629,0.0630706987519088,0.0677060812106602,0.116112578165285,0.107558713116673,24.0968151763239,6.31819770543775e-15,38.8456459487457,0.54085339758976,36.0230289620202,1.47080253021291,1.57889919607758,2.70773397369213,2.50825867683383,0.523843808180955,2.49731134602283e-15,0.0470138323556661,0.0606507758294449,0.0786293585174986,0.00448682606441279,0.195242241763296,0.0542968834238269,0.251249732083307,10,1e-05,171.022189782613,3.78307246843952,10.5338518454999,10.9401328103167,1.9178087403646,9.79300758630989,16.7945233058268,1.21541345821841
"888",5.06,10,0.436,6.4333377470904,0.0990741422280621,4,1.03269664270645,2.17631055914504e-17,1.63483213532284,0.0226342884171479,1.51921765594411,0.0622294104155659,0.0658526341022745,0.114454766998073,0.102027856060901,23.1228586970947,4.87292390224322e-16,36.6051276776399,0.506798832430956,34.016432063208,1.39336355357133,1.47449027159393,2.56272877731977,2.28448084490804,0.50267084124119,1.92605687835701e-16,0.0443417338782762,0.056825993977355,0.0743081186053827,0.00425381422042163,0.183515575814707,0.0517229386248256,0.23527575712602,10,1e-05,171.91755132724,3.7318514540896,10.4218867436436,10.798360956092,1.89777225029125,9.52492499655299,16.5547374986012,1.15291477348818
"889",5.06,10,0.441,6.50711455611667,0.0950966277907562,4,1.03209168163927,2.36197013418197e-15,1.60458407625495,0.0220949155063578,1.49413683598925,0.0614020301044418,0.064043436388071,0.112815643579561,0.0967645935318353,22.1815470998214,5.07630792029198e-14,34.4854608328417,0.474860342050646,32.1117466506792,1.31964247655119,1.37641115217604,2.42461552221999,2.07964895677909,0.482207545648292,2.00644581829722e-14,0.0418117014218513,0.0532394134561122,0.0702036577119878,0.00403183272264736,0.172434055313362,0.0492569216507582,0.220254778984709,10,1e-05,172.796406031726,3.68132301614517,10.3112248610895,10.6586830228167,1.87802586059689,9.26324263917059,16.3176546873478,1.09343990690974
"890",5.06,10,0.446,6.58089136514294,0.091250304035452,4,1.03150020304654,3.71064086904706e-16,1.57501016271874,0.0215739392647747,1.46948412760604,0.060588249270171,0.0622777330759657,0.111195089213677,0.0917572641868137,21.2721838137818,7.65229462875235e-15,32.4807553027846,0.444910044876592,30.3045373927669,1.24948533371462,1.28432682958745,2.29312836774737,1.89227048551882,0.462438778560475,3.02462238290607e-15,0.0394169140867884,0.0498765883150617,0.0663066472911376,0.00382043223190674,0.161967075910268,0.0468952742323341,0.20613537468302,10,1e-05,173.659082907506,3.63148177146588,10.2018462668856,10.5210613096917,1.85856159619668,9.00785131210768,16.0832577038662,1.03685708531099
"891",5.06,10,0.451,6.6546681741692,0.0875311014634799,4,1.03092166142292,2.04068621310461e-16,1.54608306833591,0.0210704591218509,1.44524479642096,0.05978754755496,0.0605541047218172,0.109592436853139,0.0869927778974356,20.3937221316015,4.03689137062107e-15,30.5846599871582,0.416816431932565,28.5898743748102,1.1827189954306,1.19788305148244,2.1679607564198,1.72089364913307,0.443341785469597,1.59560923739963e-15,0.0371499776926754,0.0467226758790085,0.0626066753919522,0.00361910436646979,0.152081248848948,0.0446336283379438,0.192863294254426,10,1e-05,174.506186893406,3.58230169324908,10.093707414955,10.3854212070148,1.8393686404352,8.75854570696363,15.851450066438,0.983018390241023
"892",5.06,10,0.456,6.72844498319547,0.0839354584042539,4,1.0303555964511,8.81198663526135e-17,1.51777982216306,0.0205836735513464,1.4214073107133,0.0589994806474274,0.0588713786610087,0.108007241573311,0.0824592624599498,19.5452414634975,1.67158219116317e-15,28.7913931993763,0.390460216989725,26.9632631700765,1.11918555054857,1.11675553098529,2.04883403713027,1.56420385470108,0.424896553554294,6.60704423384653e-16,0.0350041663211844,0.0437642151913733,0.0590942597300476,0.00342738566548695,0.142746044815187,0.0424680459287237,0.180388994591136,10,1e-05,175.338207933228,3.53376262364736,9.98677912275424,10.2516991633266,1.82043786232541,8.5151562095283,15.6221674211636,0.931789665797433
"893",5.06,10,0.461,6.80222179222174,0.0804599144807078,4,1.02980157115252,8.98831156329231e-17,1.49007855891711,0.0201128216416666,1.39796061347373,0.0582236397626835,0.0572284248932069,0.106439077014136,0.0781454838088561,18.7258506744289,1.63442924214111e-15,27.0955001129215,0.365730355491455,25.4204328580937,1.0587352111898,1.04063828304671,1.9354818616756,1.42099284141499,0.407083710313671,6.46019463296882e-16,0.0329731320202979,0.0409886788335035,0.0557603871052741,0.00324483645055848,0.13393253900777,0.0403947509898928,0.168665932319106,10,1e-05,176.155614395992,3.48584493056856,9.8810307251361,10.1198379493471,1.80176055020213,8.27751937655344,15.3953480993246,0.883043967040074
"894",5.06,10,0.466,6.875998601248,0.0771011056621298,4,1.02925917932016,5.86233893663447e-17,1.46295896522878,0.0196571827146095,1.37489458958647,0.0574596909287669,0.055624162264404,0.104887529202747,0.0740408057302889,17.9346866868966,1.02150375914432e-15,25.491840349187,0.342523457858752,23.9573318238754,1.00122648856435,0.96924267713805,1.82764945060437,1.29014992481797,0.389884493193404,4.03756426539257e-16,0.0310508868868525,0.0383844061798484,0.0525965030851291,0.00307104116360826,0.125613329601291,0.038410116600872,0.157650328041259,10,1e-05,176.958833171364,3.43852996779904,9.77644125536569,9.98979269284709,1.7833307575846,8.0454788299234,15.1709322238854,0.836661104752264
"895",5.06,10,0.471,6.94977541027427,0.0738557617564394,4,1.02872799066058,1.27230053489965e-15,1.43639953287183,0.0192160731317804,1.35219748050523,0.056707151754139,0.0540575288625958,0.103352098903472,0.0701351506833093,17.1709126022324,2.12364798925195e-14,23.9755222612264,0.32074320452001,22.5700719427346,0.946521875103828,0.902295953856805,1.72509144656327,1.17065400539378,0.373280708744182,8.3938655701658e-15,0.0292317397089315,0.035940536467238,0.049594405148589,0.00290559595660963,0.117762469877826,0.036510648252811,0.1473010985652,10,1e-05,177.748348567099,3.39179988451669,9.67296764132797,9.86149175887465,1.76513638608759,7.81888097468585,14.9488475853982,0.792527202721396
"896",5.06,10,0.476,7.02355221930053,0.0707207024346266,4,1.02820762635671,7.4703347691614e-17,1.4103813178128,0.0187888435277812,1.32985951011868,0.0559656866754194,0.0525275206733082,0.101832382641105,0.0664189707730733,16.4337178221166,1.19397454839101e-15,22.5419535941854,0.300299807961488,21.2549833050613,0.894492784306345,0.839540993971454,1.62757462459935,1.06156635658081,0.357254735263405,4.7192669896878e-16,0.0275103383152806,0.033646948259309,0.0467463435112924,0.00274812293090327,0.1103553474218,0.0346930044384901,0.137579529595247,10,1e-05,178.524568308837,3.34563739359567,9.57058402679418,9.734888802798,1.74717068294646,7.59758059018729,14.7290358252094,0.750534369735728
"897",5.06,10,0.481,7.0973290283268,0.0676928345442257,4,1.02769773024642,2.22401870035667e-18,1.38488651393695,0.0183748742906801,1.30787158444377,0.0552349613862235,0.0510331811527675,0.100328038787119,0.0628832144071383,15.7223165658006,3.40243293588709e-17,21.1867979650047,0.281109495479369,20.0085788582113,0.845016509091396,0.780735235496992,1.53487658852646,0.962023924434555,0.341789490560883,1.34483515252454e-17,0.0258816270601473,0.0314942004679624,0.0440449549624154,0.00259826121702239,0.103368622796285,0.0329539848908336,0.128449180845114,10,1e-05,179.287875509966,3.3000252023329,9.46926885631474,9.60993607718209,1.72942717199385,7.38143932193629,14.5114475301689,0.710580322800663
"898",5.06,10,0.486,7.17110583735306,0.0647691489203108,4,1.02719794858908,1.64256980822131e-16,1.35989742967919,0.0179735785791982,1.28622428705016,0.0545146211949325,0.0495735813705989,0.0988386809350628,0.0595192954503728,15.0359465400336,2.40436537656764e-15,19.9059442054682,0.263094145603702,18.8275294407892,0.797975629783015,0.725649540393035,1.44678357727286,0.871233189008522,0.326868403044209,9.50342046074168e-16,0.0243408127846423,0.029473490835278,0.0414832090922031,0.0024556654182322,0.0967801781446791,0.0312905062257681,0.1198757730442,10,1e-05,180.038659774405,3.25494711259174,9.36899521479977,9.48658228146717,1.71189795723693,7.17032280944342,14.2960268104475,0.672568038589213
"899",5.06,10,0.491,7.24488264637933,0.0619467175413215,4,1.02670792143763,1.94710120490397e-17,1.33539607041716,0.0175844012863152,1.26490748108035,0.0538042864022263,0.0481478058656402,0.0973638442756317,0.0563190656510614,14.3738679471219,2.7259335410389e-16,18.6954891186625,0.246180882353355,17.7086518168838,0.753257758693262,0.674067267823662,1.36308974657803,0.788464562969501,0.312475390154823,1.07744408736715e-16,0.0228833445553379,0.0275766098588143,0.0390543823496602,0.00232000495166545,0.0905690418835372,0.029699593972741,0.111827074130415,10,1e-05,180.777330103736,3.21038816047884,9.2697255787595,9.36477227388973,1.69457337146311,6.9640986404062,14.0827064360274,0.636405441856994
"900",5.06,10,0.496,7.3186594554056,0.0592226907676715,4,1.02622737868285,1.91442742286681e-16,1.31136893248466,0.0172068037099838,1.2439150527491,0.0531037826942555,0.0467550316228322,0.0959033600433078,0.053274794386374,13.7353639553419,2.56233247771197e-15,17.5517920702167,0.230301506638905,16.6489672113078,0.710758451647587,0.625784684196763,1.28360203800616,0.713047328246145,0.298594868594389,1.01277963545927e-15,0.0215049664679292,0.0257958770150036,0.0367521765436523,0.00219097208579323,0.0847152872087912,0.028178429346835,0.104272599303632,10,1e-05,181.504155927482,3.1663314265771,9.17146095959692,9.24448400281682,1.67745274386519,6.76264777392645,13.871461996664,0.602005176566027
